model,index,name,role,units,state,target,scale,prediction,residual,diagonal_curvature_opposite_beyond_discrepancy_scale
baseline,0,normal_strain_force_ev,exact,eV/strain,,0.0,0.1,8.881784197001252e-16,8.881784197001252e-15,False
baseline,1,cohesive_ev_atom,exact,eV/atom,,3.36,0.0672,3.3599999999999994,-6.608470384673551e-15,False
baseline,2,C11_GPa,exact,GPa,,113.99999999999996,5.699999999999998,113.9999999999998,-2.7424456467933698e-14,False
baseline,3,C12_GPa,exact,GPa,,62.000000000000014,3.100000000000001,61.999999999999886,-4.125732014090903e-14,False
baseline,4,C44_GPa,exact,GPa,,32.0,1.6,32.00000000000003,1.7763568394002505e-14,False
baseline,5,perfect_Haa,exact,eV/L0^2,"[0.816496580927726, 0.0, 0.0]",19.66091286328976,1.9660912863289761,19.660912863289848,4.517483119303703e-14,False
baseline,6,perfect_Hxx,exact,eV/L0^2,"[0.816496580927726, 0.0, 0.0]",4.393593035123306,0.43935930351233066,4.393593035123388,1.8598084519705238e-13,False
baseline,7,saddle_Haa,fit,eV/L0^2,"[0.8492922641076963, 0.3714061259442337, 0.2144314267925794]",12.717337762538286,1.2717337762538286,10.96101146062827,-1.3810487184539992,False
baseline,8,saddle_Hxx,fit,eV/L0^2,"[0.8492922641076963, 0.3714061259442337, 0.2144314267925794]",-0.18642463121762062,0.018642463121762064,-0.37084415653800484,-9.892444153750489,False
baseline,9,fault_Haa,fit,eV/L0^2,"[0.8356612484876702, 0.5, 0.28867513459481275]",14.140554350039636,1.4140554350039638,11.105883237808682,-2.1460764812395405,False
baseline,10,fault_Hxx,fit,eV/L0^2,"[0.8356612484876702, 0.5, 0.28867513459481275]",2.4858929774856264,0.24858929774856264,-0.292703181404484,-11.177456889960485,True
baseline,11,saddle_normal_path_coupling,fit,eV/L0^2,"[0.8492922641076963, 0.3714061259442337, 0.2144314267925794]",1.2055891043737141,0.12055891043737142,0.2826659151338845,-7.655371020620451,False
baseline,12,new_direct_017_Haa,fit,eV/L0^2,"[0.816496580927726, 0.17, 0.0]",26.109437232644353,2.6109437232644357,23.24516308649326,-1.0970263819282635,False
baseline,13,new_direct_039_Haa,fit,eV/L0^2,"[0.816496580927726, 0.39, 0.0]",36.31678531793335,3.6316785317933356,60.49634371077641,6.657956694449799,False
baseline,14,new_raised_direct_Haa,fit,eV/L0^2,"[0.8695688586880281, 0.29, 0.0]",20.00400949091716,2.000400949091716,15.39316882748489,-2.304958246258494,False
baseline,15,new_off_path_positive_Haa,fit,eV/L0^2,"[0.8532389270694737, 0.19, 0.085]",13.446420569551602,1.3446420569551603,10.369897755060045,-2.2879864560075633,False
baseline,16,new_off_path_negative_Haa,fit,eV/L0^2,"[0.9144761706390533, 0.37, -0.095]",13.5831841481301,1.35831841481301,13.353507016824725,-0.16908931573087174,False
baseline,17,new_shockley_058_Haa,fit,eV/L0^2,"[0.816496580927726, 0.29, 0.16743157806499145]",23.107568998056017,2.3107568998056016,21.312523735105238,-0.7768213363776139,False
baseline,18,v16_direct011_Haa,fit,eV/L0^2,"[0.816496580927726, 0.11, 0.0]",23.17866876533168,2.317866876533168,17.46077747723542,-2.466876482849828,False
baseline,19,v16_direct031_Haa,fit,eV/L0^2,"[0.816496580927726, 0.31, 0.0]",34.460781638400974,3.4460781638400975,46.16068253643197,3.395135090317669,False
baseline,20,v16_raised043_Haa,fit,eV/L0^2,"[0.8899812732112214, 0.43, 0.0]",18.238440853611248,1.8238440853611249,15.582236507588386,-1.4563768730795477,False
baseline,21,v16_off_plus_Haa,fit,eV/L0^2,"[0.8369089954509191, 0.23, 0.065]",20.981095919956758,2.098109591995676,16.511620567988135,-2.130239225357792,False
baseline,22,v16_off_minus_Haa,fit,eV/L0^2,"[0.9471360338761622, 0.32, -0.12]",5.497617912510364,0.5497617912510364,5.585171582511132,0.15925746640473257,False
baseline,23,v16_shockley043_Haa,fit,eV/L0^2,"[0.816496580927726, 0.215, 0.12413030787576952]",25.03469226049791,2.5034692260497913,20.94009149144347,-1.6355706419108986,False
baseline,24,v16_opening1.21_Haa,fit,eV/L0^2,"[0.9879608629225485, 0.0, 0.0]",-1.3832350292334812,0.13832350292334814,-0.7583997836627768,4.517202300153983,False
baseline,25,v16_opening1.62_Haa,fit,eV/L0^2,"[1.3227244611029163, 0.0, 0.0]",-0.15582859326870177,0.1,-0.2744110206534992,-1.1858242738479743,False
baseline,26,v16_opening1.93_Haa,fit,eV/L0^2,"[1.575838401190511, 0.0, 0.0]",-0.6638075680371565,0.1,-0.09229696128255051,5.715106067546059,False
baseline,27,v16_opening2.71_Haa,fit,eV/L0^2,"[2.2127057343141376, 0.0, 0.0]",0.0,0.1,-0.1902936022698322,-1.9029360226983218,False
baseline,28,v16_opening4.3_Haa,fit,eV/L0^2,"[3.5109352979892217, 0.0, 0.0]",0.0,0.1,-0.0506144650203958,-0.5061446502039579,False
baseline,29,v16_opening6.2_Haa,fit,eV/L0^2,"[5.062278801751901, 0.0, 0.0]",0.0,0.1,-0.009377846683715286,-0.09377846683715285,False
baseline,30,v17_near_0.985_Haa,fit,eV/L0^2,"[0.8042491322138101, 0.0, 0.0]",20.878110673451364,2.0878110673451364,16.3609331583965,-2.163594965898382,False
baseline,31,v17_near_1.015_Haa,fit,eV/L0^2,"[0.8287440296416418, 0.0, 0.0]",18.39295935022696,1.839295935022696,10.91601143316329,-4.065114142152121,False
baseline,32,v17_near_1.065_Haa,fit,eV/L0^2,"[0.8695688586880281, 0.0, 0.0]",14.605604041867348,1.4605604041867348,4.659392342263206,-6.8098598805589035,False
baseline,33,v17_near_1.095_Haa,fit,eV/L0^2,"[0.89406375611586, 0.0, 0.0]",11.545874277606002,1.1545874277606003,2.491839060495673,-7.841792660666015,False
baseline,34,v17_direct023_Haa,heldout,eV/L0^2,"[0.816496580927726, 0.23, 0.0]",29.67272464413389,2.967272464413389,31.72557028144949,0.6918291669994766,False
baseline,35,v17_direct023_Hxx,heldout,eV/L0^2,"[0.816496580927726, 0.23, 0.0]",1.5318476269016676,0.1531847626901668,1.2999509460542396,-1.5138364728642424,False
baseline,36,v17_direct047_Haa,heldout,eV/L0^2,"[0.816496580927726, 0.47, 0.0]",35.337517734960244,3.5337517734960247,69.05065065592282,9.540322886802366,False
baseline,37,v17_direct047_Hxx,heldout,eV/L0^2,"[0.816496580927726, 0.47, 0.0]",-7.290154929569364,0.7290154929569365,-3.4270025215057354,5.299136226027817,False
baseline,38,v17_off_plus_Haa,heldout,eV/L0^2,"[0.8777338244973054, 0.27, 0.095]",13.145916399036436,1.3145916399036437,7.714196810823811,-4.131868348570022,False
baseline,39,v17_off_plus_Hxx,heldout,eV/L0^2,"[0.8777338244973054, 0.27, 0.095]",0.5867789207029961,0.1,0.05927281733517429,-5.2750610336782175,False
baseline,40,v17_off_minus_Haa,heldout,eV/L0^2,"[0.9267236193529691, 0.41, -0.07]",11.464221151869252,1.1464221151869252,9.993320904111048,-1.2830354790550877,False
baseline,41,v17_off_minus_Hxx,heldout,eV/L0^2,"[0.9267236193529691, 0.41, -0.07]",-2.835312235036081,0.2835312235036081,0.13485543627090774,10.475628167524173,False
baseline,42,v17_shockley067_Haa,heldout,eV/L0^2,"[0.8450739612601964, 0.335, 0.19341234017852463]",14.560238367523052,1.4560238367523053,12.491460226048865,-1.4208408470074532,False
baseline,43,v17_shockley067_Hxx,heldout,eV/L0^2,"[0.8450739612601964, 0.335, 0.19341234017852463]",0.4530475235373633,0.1,-0.18368892624027755,-6.367364497776409,True
baseline,44,v17_compression_Haa,heldout,eV/L0^2,"[0.7944511732426774, 0.08, -0.025]",26.962376342241654,2.6962376342241656,23.32052017707092,-1.3507177998495175,False
baseline,45,v17_compression_Hxx,heldout,eV/L0^2,"[0.7944511732426774, 0.08, -0.025]",5.568444170552721,0.5568444170552721,2.985046124963368,-4.639353410870107,False
baseline,46,v17_opening1.045_Haa,heldout,eV/L0^2,"[0.8532389270694737, 0.0, 0.0]",16.173163667497242,1.6173163667497243,6.638720772705362,-5.895224391967902,False
baseline,47,v17_opening1.045_Hxx,heldout,eV/L0^2,"[0.8532389270694737, 0.0, 0.0]",3.5468340021412335,0.35468340021412337,0.5256706045598184,-8.517915966063057,False
baseline,48,v17_opening1.255_Haa,heldout,eV/L0^2,"[1.024703209064296, 0.0, 0.0]",-3.07660296796585,0.307660296796585,-0.9946015592211491,6.767208607749775,False
baseline,49,v17_opening1.255_Hxx,heldout,eV/L0^2,"[1.024703209064296, 0.0, 0.0]",-0.8591645505462155,0.1,-0.22249818825486192,6.366663622913536,False
baseline,50,v17_opening1.555_Haa,heldout,eV/L0^2,"[1.269652183342614, 0.0, 0.0]",-0.9598397042596563,0.1,-0.385049169575501,5.747905346841553,False
baseline,51,v17_opening1.555_Hxx,heldout,eV/L0^2,"[1.269652183342614, 0.0, 0.0]",-0.8905810007935903,0.1,-0.06661176152692062,8.239692392666695,False
baseline,52,v17_opening1.855_Haa,heldout,eV/L0^2,"[1.5146011576209317, 0.0, 0.0]",0.33758173393615254,0.1,-0.1001322688298442,-4.3771400276599675,True
baseline,53,v17_opening1.855_Hxx,heldout,eV/L0^2,"[1.5146011576209317, 0.0, 0.0]",-0.0764657682265532,0.1,-0.011261124963601099,0.6520464326295209,False
baseline,54,v17_opening2.455_Haa,heldout,eV/L0^2,"[2.0044991061775677, 0.0, 0.0]",1.5212189106347462,0.15212189106347462,-0.17916226342343564,-11.177754642483889,True
baseline,55,v17_opening2.455_Hxx,heldout,eV/L0^2,"[2.0044991061775677, 0.0, 0.0]",0.04446583977668427,0.1,-0.00016943951707017827,-0.4463527929375445,False
baseline,56,v17_opening3.75_Haa,heldout,eV/L0^2,"[3.0618621784789726, 0.0, 0.0]",0.0,0.1,-0.08916925767685965,-0.8916925767685965,False
baseline,57,v17_opening3.75_Hxx,heldout,eV/L0^2,"[3.0618621784789726, 0.0, 0.0]",0.0,0.1,-1.7250489142609091e-09,-1.725048914260909e-08,False
baseline,58,v19_new_0_Haa,heldout,eV/L0^2,"[0.8099646082803043, 0.0, 0.0]",20.302032153219432,2.030203215321943,14.663546517504503,-2.7773011061953206,False
baseline,59,v19_new_0_Hxx,heldout,eV/L0^2,"[0.8099646082803043, 0.0, 0.0]",4.57090105595751,0.45709010559575103,1.7891887037121184,-6.085698023631098,False
baseline,60,v19_new_1_Haa,heldout,eV/L0^2,"[0.8393584851937024, 0.0, 0.0]",17.415188636660293,1.7415188636660295,8.725535561184111,-4.9896979336668235,False
baseline,61,v19_new_1_Hxx,heldout,eV/L0^2,"[0.8393584851937024, 0.0, 0.0]",3.8361643120715834,0.3836164312071584,0.8030554000643481,-7.906618865262612,False
baseline,62,v19_new_2_Haa,heldout,eV/L0^2,"[0.9348885851622464, 0.0, 0.0]",5.20946471789603,0.5209464717896031,0.37427207598752693,-9.281553679206631,False
baseline,63,v19_new_2_Hxx,heldout,eV/L0^2,"[0.9348885851622464, 0.0, 0.0]",0.9642979846199059,0.1,-0.15347561384079342,-11.177735984606993,True
baseline,64,v19_new_3_Haa,heldout,eV/L0^2,"[1.081857969729237, 0.0, 0.0]",-4.940080180276789,0.4940080180276789,-0.9789127435452059,8.018427418539677,False
baseline,65,v19_new_3_Hxx,heldout,eV/L0^2,"[1.081857969729237, 0.0, 0.0]",-1.007259835979608,0.10072598359796081,-0.1871762188362167,8.141728557515858,False
baseline,66,v19_new_4_Haa,heldout,eV/L0^2,"[1.392126670481773, 0.0, 0.0]",0.9032785116339533,0.1,-0.17673779608708762,-10.800163077210408,True
baseline,67,v19_new_4_Hxx,heldout,eV/L0^2,"[1.392126670481773, 0.0, 0.0]",0.6453579543796875,0.1,-0.02852629800299159,-6.73884252382679,False
baseline,68,v19_new_5_Haa,heldout,eV/L0^2,"[1.775880063517804, 0.0, 0.0]",-2.478203100860398,0.2478203100860398,-0.12843197485225916,9.481753635092824,False
baseline,69,v19_new_5_Hxx,heldout,eV/L0^2,"[1.775880063517804, 0.0, 0.0]",0.0933444416558671,0.1,-0.0012912501474445645,-0.9463569180331166,False
baseline,70,v19_new_6_Haa,heldout,eV/L0^2,"[0.8638533826215342, 0.173, -0.043]",16.75498366183509,1.6754983661835092,11.364611461990071,-3.217175443819346,False
baseline,71,v19_new_6_Hxx,heldout,eV/L0^2,"[0.8638533826215342, 0.173, -0.043]",1.866294182504276,0.18662941825042761,0.6248843238490518,-6.651737278575479,False
baseline,72,v19_new_7_Haa,heldout,eV/L0^2,"[0.9716309313039939, 0.367, 0.081]",3.3869832062735408,0.3386983206273541,0.8285820487615861,-7.553628115938558,False
baseline,73,v19_new_7_Hxx,heldout,eV/L0^2,"[0.9716309313039939, 0.367, 0.081]",-0.5656137494473082,0.1,-0.06018159576995507,5.054321536773531,False
baseline,74,v19_new_8_Haa,heldout,eV/L0^2,"[0.816496580927726, 0.317, 0.0]",34.71656366870985,3.4716563668709854,47.495629315736224,3.6809707806836256,False
baseline,75,v19_new_8_Hxx,heldout,eV/L0^2,"[0.816496580927726, 0.317, 0.0]",-0.974896485841256,0.1,-0.22395582457988766,7.509406612613683,False
baseline,76,v19_new_9_Haa,heldout,eV/L0^2,"[0.8287440296416418, 0.413, 0.219]",14.396252629283666,1.4396252629283666,14.701973799619394,0.2123616320221105,False
baseline,77,v19_new_9_Hxx,heldout,eV/L0^2,"[0.8287440296416418, 0.413, 0.219]",-0.11946413441426519,0.1,-0.4827264411641422,-3.6326230674987703,False
baseline,78,v19_power_new_0_Haa,heldout,eV/L0^2,"[0.801799642471027, 0.0, 0.0]",21.133296310436656,2.1133296310436656,17.067102929721273,-1.9240696392011962,False
baseline,79,v19_power_new_0_Hxx,heldout,eV/L0^2,"[0.801799642471027, 0.0, 0.0]",4.803281906544594,0.4803281906544594,2.0236232244111214,-5.786998839993374,False
baseline,80,v19_power_new_1_Haa,heldout,eV/L0^2,"[0.8589544031359678, 0.0, 0.0]",15.66515497295868,1.5665154972958681,5.889696675090428,-6.240256361806013,False
baseline,81,v19_power_new_1_Hxx,heldout,eV/L0^2,"[0.8589544031359678, 0.0, 0.0]",3.4372637547611467,0.3437263754761147,0.4327317428398578,-8.741057498888596,False
baseline,82,v19_power_new_2_Haa,heldout,eV/L0^2,"[0.953668006523584, 0.0, 0.0]",1.5124016664736504,0.15124016664736506,-0.17812428433255897,-11.177757789356827,True
baseline,83,v19_power_new_2_Hxx,heldout,eV/L0^2,"[0.953668006523584, 0.0, 0.0]",0.07390822082095283,0.1,-0.19500940777454712,-2.6891762859549995,False
baseline,84,v19_power_new_3_Haa,heldout,eV/L0^2,"[1.1308477645849007, 0.0, 0.0]",-6.006053628734572,0.6006053628734572,-0.826039602594097,8.624654967045078,False
baseline,85,v19_power_new_3_Hxx,heldout,eV/L0^2,"[1.1308477645849007, 0.0, 0.0]",-1.4153601110072371,0.14153601110072372,-0.14992300498612526,8.94074303903172,False
baseline,86,v19_power_new_4_Haa,heldout,eV/L0^2,"[1.4411164653374364, 0.0, 0.0]",0.9838769358246306,0.1,-0.1338988432507244,-11.17775779075355,True
baseline,87,v19_power_new_4_Hxx,heldout,eV/L0^2,"[1.4411164653374364, 0.0, 0.0]",0.5300888191539206,0.1,-0.019834114484979466,-5.499229336389001,False
baseline,88,v19_power_new_5_Haa,heldout,eV/L0^2,"[1.8656946874198541, 0.0, 0.0]",-2.5224317074829634,0.25224317074829633,-0.1519794706816372,9.39748826407954,False
baseline,89,v19_power_new_5_Hxx,heldout,eV/L0^2,"[1.8656946874198541, 0.0, 0.0]",-0.10536285587305545,0.1,-0.0005886079650126464,1.047742479080428,False
baseline,90,v19_power_new_6_Haa,heldout,eV/L0^2,"[0.8507894373266905, 0.193, -0.063]",22.032873653678617,2.2032873653678617,18.106746193731723,-1.7819407135262115,False
baseline,91,v19_power_new_6_Hxx,heldout,eV/L0^2,"[0.8507894373266905, 0.193, -0.063]",1.976588687531336,0.19765886875313363,0.9999615476884265,-4.940973030978284,False
baseline,92,v19_power_new_7_Haa,heldout,eV/L0^2,"[0.9593834825900781, 0.347, 0.061]",3.6257942400934606,0.36257942400934606,1.4473059361049352,-6.008306483305494,False
baseline,93,v19_power_new_7_Hxx,heldout,eV/L0^2,"[0.9593834825900781, 0.347, 0.061]",-0.7324824081355719,0.1,-0.017725640509868305,7.147567676257035,False
baseline,94,v19_power_new_8_Haa,heldout,eV/L0^2,"[0.816496580927726, 0.337, 0.0]",35.390692237109825,3.5390692237109826,51.28033549564478,4.489780293665309,False
baseline,95,v19_power_new_8_Hxx,heldout,eV/L0^2,"[0.816496580927726, 0.337, 0.0]",-1.532495429303305,0.15324954293033052,-0.7078858488145441,5.380828971631194,False
baseline,96,v19_power_new_9_Haa,heldout,eV/L0^2,"[0.834459505708136, 0.393, 0.229]",13.640977289265752,1.3640977289265752,13.544332749366701,-0.07084869203257302,False
baseline,97,v19_power_new_9_Hxx,heldout,eV/L0^2,"[0.834459505708136, 0.393, 0.229]",-0.0018561341338510467,0.1,-0.35563354252132945,-3.5377740838747838,False
baseline,98,v20_new_0_Haa,heldout,eV/L0^2,"[0.8189460706705092, 0.0, 0.0]",19.407850341619266,1.9407850341619266,11.824604351829587,-3.90730856653802,False
baseline,99,v20_new_0_Hxx,heldout,eV/L0^2,"[0.8189460706705092, 0.0, 0.0]",4.329394100444026,0.4329394100444026,2.3078079435251198,-4.6694435988434755,False
baseline,100,v20_new_1_Haa,heldout,eV/L0^2,"[0.8360924988699915, 0.0, 0.0]",17.703231197779825,1.7703231197779825,9.243993912542864,-4.778357798489261,False
baseline,101,v20_new_1_Hxx,heldout,eV/L0^2,"[0.8360924988699915, 0.0, 0.0]",3.9093512902826126,0.3909351290282613,0.8946432921445968,-7.711530057765871,False
baseline,102,v20_new_2_Haa,heldout,eV/L0^2,"[0.8793668176591609, 0.0, 0.0]",13.514055878705095,1.3514055878705096,3.6898489877470237,-7.2696213328810195,False
baseline,103,v20_new_2_Hxx,heldout,eV/L0^2,"[0.8793668176591609, 0.0, 0.0]",2.9805611045837717,0.29805611045837715,0.17502411997304698,-9.412781305829029,False
baseline,104,v20_new_3_Haa,heldout,eV/L0^2,"[1.0067402842838862, 0.0, 0.0]",-2.2820717486649773,0.22820717486649775,-0.9154110251189533,5.9886842924440336,False
baseline,105,v20_new_3_Hxx,heldout,eV/L0^2,"[1.0067402842838862, 0.0, 0.0]",-0.8053213981525169,0.1,-0.22727767168628302,5.780437264662339,False
baseline,106,v20_new_4_Haa,heldout,eV/L0^2,"[1.254955244885915, 0.0, 0.0]",-1.9854681988380205,0.19854681988380207,-0.42187464328335506,7.8751881116491615,False
baseline,107,v20_new_4_Hxx,heldout,eV/L0^2,"[1.254955244885915, 0.0, 0.0]",-1.0730096719553677,0.10730096719553678,-0.07323580287151911,9.317473040685085,False
baseline,108,v20_new_5_Haa,heldout,eV/L0^2,"[1.486840273869389, 0.0, 0.0]",0.4318686304614479,0.1,-0.1092295694887403,-5.410981999501883,True
baseline,109,v20_new_5_Hxx,heldout,eV/L0^2,"[1.486840273869389, 0.0, 0.0]",0.05966529359502488,0.1,-0.013984163870185261,-0.7364945746521013,False
baseline,110,v20_new_6_Haa,heldout,eV/L0^2,"[1.6795334669683324, 0.0, 0.0]",-1.7417609490586863,0.17417609490586863,-0.10431960390248028,9.401068189300842,False
baseline,111,v20_new_6_Hxx,heldout,eV/L0^2,"[1.6795334669683324, 0.0, 0.0]",0.20899465255336805,0.1,-0.0029373626823911993,-2.1193201523575924,False
baseline,112,v20_new_7_Haa,heldout,eV/L0^2,"[0.8271110364797863, 0.083, -0.041]",21.501318205218237,2.150131820521824,13.895510611957384,-3.5373680444462097,False
baseline,113,v20_new_7_Hxx,heldout,eV/L0^2,"[0.8271110364797863, 0.083, -0.041]",4.662002299739686,0.4662002299739686,1.4644124889731391,-6.858833619505275,False
baseline,114,v20_new_8_Haa,heldout,eV/L0^2,"[0.8548719202313291, 0.213, 0.079]",14.458727489192233,1.4458727489192233,10.780688311192863,-2.543819420311138,False
baseline,115,v20_new_8_Hxx,heldout,eV/L0^2,"[0.8548719202313291, 0.213, 0.079]",0.86111106885732,0.1,0.3851061656200256,-4.760049032372944,False
baseline,116,v20_new_9_Haa,heldout,eV/L0^2,"[0.9005957287632818, 0.383, 0.183]",11.056850642860084,1.1056850642860085,4.253202416382659,-6.153332848780816,False
baseline,117,v20_new_9_Hxx,heldout,eV/L0^2,"[0.9005957287632818, 0.383, 0.183]",0.0757661767331005,0.1,-0.45549332801350084,-5.312595047466013,False
baseline,118,v20_new_10_Haa,heldout,eV/L0^2,"[0.8107811048612319, 0.123, -0.021]",26.40271381173358,2.640271381173358,21.35871045714256,-1.9104109488735297,False
baseline,119,v20_new_10_Hxx,heldout,eV/L0^2,"[0.8107811048612319, 0.123, -0.021]",4.254835571305176,0.42548355713051766,2.146484337853701,-4.9551885099163435,False
baseline,120,v20_new_11_Haa,heldout,eV/L0^2,"[1.0230702159024407, 0.443, 0.163]",2.8654264155114735,0.28654264155114734,-0.33747782806985954,-11.177757789357228,True
baseline,121,v20_new_11_Hxx,heldout,eV/L0^2,"[1.0230702159024407, 0.443, 0.163]",-0.12044589256531853,0.1,-0.2574154813979231,-1.3696958883260457,False
baseline,122,v32_q0_H00,fit,eV/L0^2,,1.6071853175180872,0.3871874135709727,1.5074665650069998,-0.2575464723695329,False
baseline,123,v32_q0_H11,fit,eV/L0^2,,3.778484710232485,0.3871874135709727,3.9930625606604595,0.5541963475748204,False
baseline,124,v32_q0_H22,fit,eV/L0^2,,5.5400914279154465,0.3871874135709727,5.853821625398071,0.8102799483824563,False
baseline,125,v32_q0_H01,fit,eV/L0^2,,-1.5177286414361958e-17,0.3871874135709727,2.8982645958382155e-16,7.877418927055989e-16,False
baseline,126,v32_q0_H02,fit,eV/L0^2,,-9.45828328360523e-17,0.3871874135709727,-1.4027416337713621e-16,-1.180083053828622e-16,False
baseline,127,v32_q0_H12,fit,eV/L0^2,,-3.523213435365955,0.3871874135709727,-3.7215181294766033,-0.5121672016187542,False
baseline,128,v32_q1_H00,fit,eV/L0^2,,11.020541195662586,2.565934883399439,7.897089179490443,-1.2172764150717987,False
baseline,129,v32_q1_H11,fit,eV/L0^2,,27.51034114112903,2.565934883399439,48.278029117239974,8.093614577076561,False
baseline,130,v32_q1_H22,fit,eV/L0^2,,37.17324859129323,2.565934883399439,65.85464722119372,11.177757789356829,False
baseline,131,v32_q1_H01,fit,eV/L0^2,,-8.047950485487693e-17,2.565934883399439,-5.959975978138733e-15,-2.29136620392116e-15,False
baseline,132,v32_q1_H02,fit,eV/L0^2,,1.6095900970975385e-16,2.565934883399439,-1.8390833039376443e-16,-1.3440221820696641e-16,False
baseline,133,v32_q1_H12,fit,eV/L0^2,,-19.325814900328513,2.565934883399439,-35.15323620791007,-6.168286424561501,False
baseline,134,v32_q2_H00,fit,eV/L0^2,,2.553605837827099,0.581483715936639,2.561062886929445,0.01282417529153781,False
baseline,135,v32_q2_H11,fit,eV/L0^2,,2.5536058378271016,0.581483715936639,2.561062886929437,0.01282417529151948,False
baseline,136,v32_q2_H22,fit,eV/L0^2,,11.054750979095974,0.581483715936639,11.169996695914904,0.19819250936940605,False
baseline,137,v32_q2_H01,fit,eV/L0^2,,-6.305904423508818e-34,0.581483715936639,-8.696745482288515e-17,-1.4956129026382144e-16,False
baseline,138,v32_q2_H02,fit,eV/L0^2,,-6.040516937618709e-17,0.581483715936639,1.2713131011156361e-14,2.1967143413392526e-14,False
baseline,139,v32_q2_H12,fit,eV/L0^2,,-1.5741639952321403e-15,0.581483715936639,4.193384878623243e-15,9.918676509393155e-15,False
baseline,140,v32_q3_H00,fit,eV/L0^2,,15.117824325030192,3.6510653206716435,15.07463312837124,-0.01182975183007875,False
baseline,141,v32_q3_H11,fit,eV/L0^2,,15.117824325030208,3.6510653206716435,15.074633128371843,-0.011829751829917709,False
baseline,142,v32_q3_H22,fit,eV/L0^2,,69.82130022908126,3.6510653206716435,69.41415468112343,-0.11151417797228755,False
baseline,143,v32_q3_H01,fit,eV/L0^2,,-2.6155839077835e-16,3.6510653206716435,4.4583394962829646e-15,1.292745396895022e-15,False
baseline,144,v32_q3_H02,fit,eV/L0^2,,-1.2237589896675819e-15,3.6510653206716435,-1.5756046680179834e-14,-3.980286961242019e-15,False
baseline,145,v32_q3_H12,fit,eV/L0^2,,-1.066647511748027e-14,3.6510653206716435,-1.1351475455161431e-14,-1.8761656599316879e-16,False
local,0,normal_strain_force_ev,exact,eV/strain,,0.0,0.1,-5.773159728050814e-15,-5.773159728050814e-14,False
local,1,cohesive_ev_atom,exact,eV/atom,,3.36,0.0672,3.3599999999999985,-1.9825411154020654e-14,False
local,2,C11_GPa,exact,GPa,,113.99999999999996,5.699999999999998,113.99999999999987,-1.4958794437054746e-14,False
local,3,C12_GPa,exact,GPa,,62.000000000000014,3.100000000000001,61.99999999999989,-3.896524679974742e-14,False
local,4,C44_GPa,exact,GPa,,32.0,1.6,32.00000000000003,1.7763568394002505e-14,False
local,5,perfect_Haa,exact,eV/L0^2,"[0.816496580927726, 0.0, 0.0]",19.66091286328976,1.9660912863289761,19.660912863289738,-1.0841959486328886e-14,False
local,6,perfect_Hxx,exact,eV/L0^2,"[0.816496580927726, 0.0, 0.0]",4.393593035123306,0.43935930351233066,4.3935930351233,-1.4150716482384421e-14,False
local,7,saddle_Haa,fit,eV/L0^2,"[0.8492922641076963, 0.3714061259442337, 0.2144314267925794]",12.717337762538286,1.2717337762538286,12.654371091793141,-0.04951246237292395,False
local,8,saddle_Hxx,fit,eV/L0^2,"[0.8492922641076963, 0.3714061259442337, 0.2144314267925794]",-0.18642463121762062,0.018642463121762064,-0.3929407778590113,-11.077728586214365,False
local,9,fault_Haa,fit,eV/L0^2,"[0.8356612484876702, 0.5, 0.28867513459481275]",14.140554350039636,1.4140554350039638,13.1877855594789,-0.6737846105432671,False
local,10,fault_Hxx,fit,eV/L0^2,"[0.8356612484876702, 0.5, 0.28867513459481275]",2.4858929774856264,0.24858929774856264,-0.12670847920596434,-10.509710113643447,False
local,11,saddle_normal_path_coupling,fit,eV/L0^2,"[0.8492922641076963, 0.3714061259442337, 0.2144314267925794]",1.2055891043737141,0.12055891043737142,0.36555714920968096,-6.967813097484963,False
local,12,new_direct_017_Haa,fit,eV/L0^2,"[0.816496580927726, 0.17, 0.0]",26.109437232644353,2.6109437232644357,23.16580561364735,-1.1274205540196827,False
local,13,new_direct_039_Haa,fit,eV/L0^2,"[0.816496580927726, 0.39, 0.0]",36.31678531793335,3.6316785317933356,64.71086922382614,7.818446389821758,False
local,14,new_raised_direct_Haa,fit,eV/L0^2,"[0.8695688586880281, 0.29, 0.0]",20.00400949091716,2.000400949091716,16.708968878112067,-1.6471900867179696,False
local,15,new_off_path_positive_Haa,fit,eV/L0^2,"[0.8532389270694737, 0.19, 0.085]",13.446420569551602,1.3446420569551603,10.804510749939478,-1.9647681001399941,False
local,16,new_off_path_negative_Haa,fit,eV/L0^2,"[0.9144761706390533, 0.37, -0.095]",13.5831841481301,1.35831841481301,17.252957519838723,2.7017033205824683,False
local,17,new_shockley_058_Haa,fit,eV/L0^2,"[0.816496580927726, 0.29, 0.16743157806499145]",23.107568998056017,2.3107568998056016,24.149181033256326,0.4507666017519789,False
local,18,v16_direct011_Haa,fit,eV/L0^2,"[0.816496580927726, 0.11, 0.0]",23.17866876533168,2.317866876533168,17.077909915262193,-2.6320574800199,False
local,19,v16_direct031_Haa,fit,eV/L0^2,"[0.816496580927726, 0.31, 0.0]",34.460781638400974,3.4460781638400975,48.63563135074269,4.113327974124109,False
local,20,v16_raised043_Haa,fit,eV/L0^2,"[0.8899812732112214, 0.43, 0.0]",18.238440853611248,1.8238440853611249,18.63836101389557,0.21927321720877022,False
local,21,v16_off_plus_Haa,fit,eV/L0^2,"[0.8369089954509191, 0.23, 0.065]",20.981095919956758,2.098109591995676,17.365952027689335,-1.7230481696758158,False
local,22,v16_off_minus_Haa,fit,eV/L0^2,"[0.9471360338761622, 0.32, -0.12]",5.497617912510364,0.5497617912510364,7.929621733864804,4.423741082151559,False
local,23,v16_shockley043_Haa,fit,eV/L0^2,"[0.816496580927726, 0.215, 0.12413030787576952]",25.03469226049791,2.5034692260497913,22.484028842752597,-1.018851516609209,False
local,24,v16_opening1.21_Haa,fit,eV/L0^2,"[0.9879608629225485, 0.0, 0.0]",-1.3832350292334812,0.13832350292334814,-0.8306110536971575,3.9951560209009447,False
local,25,v16_opening1.62_Haa,fit,eV/L0^2,"[1.3227244611029163, 0.0, 0.0]",-0.15582859326870177,0.1,-0.3096608799119823,-1.5383228664328055,False
local,26,v16_opening1.93_Haa,fit,eV/L0^2,"[1.575838401190511, 0.0, 0.0]",-0.6638075680371565,0.1,-0.06715443646687295,5.966531315702835,False
local,27,v16_opening2.71_Haa,fit,eV/L0^2,"[2.2127057343141376, 0.0, 0.0]",0.0,0.1,-0.17698669056872726,-1.7698669056872725,False
local,28,v16_opening4.3_Haa,fit,eV/L0^2,"[3.5109352979892217, 0.0, 0.0]",0.0,0.1,-0.04599117845880435,-0.4599117845880435,False
local,29,v16_opening6.2_Haa,fit,eV/L0^2,"[5.062278801751901, 0.0, 0.0]",0.0,0.1,-0.008479864823034533,-0.08479864823034533,False
local,30,v17_near_0.985_Haa,fit,eV/L0^2,"[0.8042491322138101, 0.0, 0.0]",20.878110673451364,2.0878110673451364,15.87480090824223,-2.3964379935830826,False
local,31,v17_near_1.015_Haa,fit,eV/L0^2,"[0.8287440296416418, 0.0, 0.0]",18.39295935022696,1.839295935022696,10.593070406077075,-4.240692754020379,False
local,32,v17_near_1.065_Haa,fit,eV/L0^2,"[0.8695688586880281, 0.0, 0.0]",14.605604041867348,1.4605604041867348,4.8235798927622255,-6.697445803038815,False
local,33,v17_near_1.095_Haa,fit,eV/L0^2,"[0.89406375611586, 0.0, 0.0]",11.545874277606002,1.1545874277606003,2.6656088907136333,-7.691288830432043,False
local,34,v17_direct023_Haa,heldout,eV/L0^2,"[0.816496580927726, 0.23, 0.0]",29.67272464413389,2.967272464413389,32.46409389639347,0.9407188877113843,False
local,35,v17_direct023_Hxx,heldout,eV/L0^2,"[0.816496580927726, 0.23, 0.0]",1.5318476269016676,0.1531847626901668,2.6724863515619335,7.446163081946567,False
local,36,v17_direct047_Haa,heldout,eV/L0^2,"[0.816496580927726, 0.47, 0.0]",35.337517734960244,3.5337517734960247,74.23435421024041,11.007235077182177,False
local,37,v17_direct047_Hxx,heldout,eV/L0^2,"[0.816496580927726, 0.47, 0.0]",-7.290154929569364,0.7290154929569365,-5.632487927107377,2.27384331125581,False
local,38,v17_off_plus_Haa,heldout,eV/L0^2,"[0.8777338244973054, 0.27, 0.095]",13.145916399036436,1.3145916399036437,8.48571849005971,-3.544977594196709,False
local,39,v17_off_plus_Hxx,heldout,eV/L0^2,"[0.8777338244973054, 0.27, 0.095]",0.5867789207029961,0.1,0.1785560688952059,-4.082228518077901,False
local,40,v17_off_minus_Haa,heldout,eV/L0^2,"[0.9267236193529691, 0.41, -0.07]",11.464221151869252,1.1464221151869252,13.554365232923992,1.8231889051738508,False
local,41,v17_off_minus_Hxx,heldout,eV/L0^2,"[0.9267236193529691, 0.41, -0.07]",-2.835312235036081,0.2835312235036081,-0.38347555923166443,8.647501483282724,False
local,42,v17_shockley067_Haa,heldout,eV/L0^2,"[0.8450739612601964, 0.335, 0.19341234017852463]",14.560238367523052,1.4560238367523053,14.301434174458226,-0.17774722262933185,False
local,43,v17_shockley067_Hxx,heldout,eV/L0^2,"[0.8450739612601964, 0.335, 0.19341234017852463]",0.4530475235373633,0.1,-0.27836269829605126,-7.314102218334145,True
local,44,v17_compression_Haa,heldout,eV/L0^2,"[0.7944511732426774, 0.08, -0.025]",26.962376342241654,2.6962376342241656,22.683671035589168,-1.5869169884514545,False
local,45,v17_compression_Hxx,heldout,eV/L0^2,"[0.7944511732426774, 0.08, -0.025]",5.568444170552721,0.5568444170552721,3.3909501460448226,-3.9104172688360834,False
local,46,v17_opening1.045_Haa,heldout,eV/L0^2,"[0.8532389270694737, 0.0, 0.0]",16.173163667497242,1.6173163667497243,6.735384370408315,-5.835456495166601,False
local,47,v17_opening1.045_Hxx,heldout,eV/L0^2,"[0.8532389270694737, 0.0, 0.0]",3.5468340021412335,0.35468340021412337,0.4365116088151015,-8.769292251761492,False
local,48,v17_opening1.255_Haa,heldout,eV/L0^2,"[1.024703209064296, 0.0, 0.0]",-3.07660296796585,0.307660296796585,-1.1255535026256107,6.341570510250823,False
local,49,v17_opening1.255_Hxx,heldout,eV/L0^2,"[1.024703209064296, 0.0, 0.0]",-0.8591645505462155,0.1,-0.21980093332525846,6.393636172209571,False
local,50,v17_opening1.555_Haa,heldout,eV/L0^2,"[1.269652183342614, 0.0, 0.0]",-0.9598397042596563,0.1,-0.45221991812489537,5.076197861347609,False
local,51,v17_opening1.555_Hxx,heldout,eV/L0^2,"[1.269652183342614, 0.0, 0.0]",-0.8905810007935903,0.1,-0.07003055712510538,8.205504436684848,False
local,52,v17_opening1.855_Haa,heldout,eV/L0^2,"[1.5146011576209317, 0.0, 0.0]",0.33758173393615254,0.1,-0.07848458493741646,-4.16066318873569,False
local,53,v17_opening1.855_Hxx,heldout,eV/L0^2,"[1.5146011576209317, 0.0, 0.0]",-0.0764657682265532,0.1,-0.011330648206309323,0.6513512002024388,False
local,54,v17_opening2.455_Haa,heldout,eV/L0^2,"[2.0044991061775677, 0.0, 0.0]",1.5212189106347462,0.15212189106347462,-0.16394611058804318,-11.077728586214029,True
local,55,v17_opening2.455_Hxx,heldout,eV/L0^2,"[2.0044991061775677, 0.0, 0.0]",0.04446583977668427,0.1,-0.00015292054391515548,-0.44618760320599427,False
local,56,v17_opening3.75_Haa,heldout,eV/L0^2,"[3.0618621784789726, 0.0, 0.0]",0.0,0.1,-0.08157633682681005,-0.8157633682681005,False
local,57,v17_opening3.75_Hxx,heldout,eV/L0^2,"[3.0618621784789726, 0.0, 0.0]",0.0,0.1,1.2908891601219552e-09,1.2908891601219552e-08,False
local,58,v19_new_0_Haa,heldout,eV/L0^2,"[0.8099646082803043, 0.0, 0.0]",20.302032153219432,2.030203215321943,14.316143132053003,-2.9484186489268294,False
local,59,v19_new_0_Hxx,heldout,eV/L0^2,"[0.8099646082803043, 0.0, 0.0]",4.57090105595751,0.45709010559575103,1.5327228402077415,-6.646781845758707,False
local,60,v19_new_1_Haa,heldout,eV/L0^2,"[0.8393584851937024, 0.0, 0.0]",17.415188636660293,1.7415188636660295,8.725201389449719,-4.98988981888918,False
local,61,v19_new_1_Hxx,heldout,eV/L0^2,"[0.8393584851937024, 0.0, 0.0]",3.8361643120715834,0.3836164312071584,0.6708372086767395,-8.251281347449693,False
local,62,v19_new_2_Haa,heldout,eV/L0^2,"[0.9348885851622464, 0.0, 0.0]",5.20946471789603,0.5209464717896031,0.44644880657759306,-9.14300445294521,False
local,63,v19_new_2_Hxx,heldout,eV/L0^2,"[0.9348885851622464, 0.0, 0.0]",0.9642979846199059,0.1,-0.14347487400149722,-11.07772858621403,True
local,64,v19_new_3_Haa,heldout,eV/L0^2,"[1.081857969729237, 0.0, 0.0]",-4.940080180276789,0.4940080180276789,-1.1412888426177066,7.6897361966425395,False
local,65,v19_new_3_Hxx,heldout,eV/L0^2,"[1.081857969729237, 0.0, 0.0]",-1.007259835979608,0.10072598359796081,-0.19170922606115126,8.096725202244315,False
local,66,v19_new_4_Haa,heldout,eV/L0^2,"[1.392126670481773, 0.0, 0.0]",0.9032785116339533,0.1,-0.18096733973994436,-10.842458513738977,True
local,67,v19_new_4_Hxx,heldout,eV/L0^2,"[1.392126670481773, 0.0, 0.0]",0.6453579543796875,0.1,-0.029415244769959017,-6.747731991496464,False
local,68,v19_new_5_Haa,heldout,eV/L0^2,"[1.775880063517804, 0.0, 0.0]",-2.478203100860398,0.2478203100860398,-0.10725025708977169,9.567225716679411,False
local,69,v19_new_5_Hxx,heldout,eV/L0^2,"[1.775880063517804, 0.0, 0.0]",0.0933444416558671,0.1,-0.0012297076341127038,-0.9457414928997979,False
local,70,v19_new_6_Haa,heldout,eV/L0^2,"[0.8638533826215342, 0.173, -0.043]",16.75498366183509,1.6754983661835092,11.40936592990908,-3.190464305914179,False
local,71,v19_new_6_Hxx,heldout,eV/L0^2,"[0.8638533826215342, 0.173, -0.043]",1.866294182504276,0.18662941825042761,1.5446545703733292,-1.7234132493482703,False
local,72,v19_new_7_Haa,heldout,eV/L0^2,"[0.9716309313039939, 0.367, 0.081]",3.3869832062735408,0.3386983206273541,1.2913335507469397,-6.187363585520392,False
local,73,v19_new_7_Hxx,heldout,eV/L0^2,"[0.9716309313039939, 0.367, 0.081]",-0.5656137494473082,0.1,-0.10748264381800657,4.581311056293017,False
local,74,v19_new_8_Haa,heldout,eV/L0^2,"[0.816496580927726, 0.317, 0.0]",34.71656366870985,3.4716563668709854,50.136021967800595,4.44152780967442,False
local,75,v19_new_8_Hxx,heldout,eV/L0^2,"[0.816496580927726, 0.317, 0.0]",-0.974896485841256,0.1,0.1328763722870922,11.07772858128348,True
local,76,v19_new_9_Haa,heldout,eV/L0^2,"[0.8287440296416418, 0.413, 0.219]",14.396252629283666,1.4396252629283666,17.177497780987107,1.9319229964373246,False
local,77,v19_new_9_Hxx,heldout,eV/L0^2,"[0.8287440296416418, 0.413, 0.219]",-0.11946413441426519,0.1,-0.4494841584742532,-3.3002002405998803,False
local,78,v19_power_new_0_Haa,heldout,eV/L0^2,"[0.801799642471027, 0.0, 0.0]",21.133296310436656,2.1133296310436656,16.536450562775286,-2.1751674136094055,False
local,79,v19_power_new_0_Hxx,heldout,eV/L0^2,"[0.801799642471027, 0.0, 0.0]",4.803281906544594,0.4803281906544594,1.7475043038490037,-6.361853545451945,False
local,80,v19_power_new_1_Haa,heldout,eV/L0^2,"[0.8589544031359678, 0.0, 0.0]",15.66515497295868,1.5665154972958681,6.016811516265597,-6.159111399375322,False
local,81,v19_power_new_1_Hxx,heldout,eV/L0^2,"[0.8589544031359678, 0.0, 0.0]",3.4372637547611467,0.3437263754761147,0.35787678269966344,-8.95883234970273,False
local,82,v19_power_new_2_Haa,heldout,eV/L0^2,"[0.953668006523584, 0.0, 0.0]",1.5124016664736504,0.15124016664736506,-0.16299585083666568,-11.077728585268689,True
local,83,v19_power_new_2_Hxx,heldout,eV/L0^2,"[0.953668006523584, 0.0, 0.0]",0.07390822082095283,0.1,-0.18290713554996918,-2.56815356370922,False
local,84,v19_power_new_3_Haa,heldout,eV/L0^2,"[1.1308477645849007, 0.0, 0.0]",-6.006053628734572,0.6006053628734572,-0.9793850489528783,8.369336823322326,False
local,85,v19_power_new_3_Hxx,heldout,eV/L0^2,"[1.1308477645849007, 0.0, 0.0]",-1.4153601110072371,0.14153601110072372,-0.156485360739213,8.894377766320893,False
local,86,v19_power_new_4_Haa,heldout,eV/L0^2,"[1.4411164653374364, 0.0, 0.0]",0.9838769358246306,0.1,-0.12389592287770117,-11.077728587023318,True
local,87,v19_power_new_4_Hxx,heldout,eV/L0^2,"[1.4411164653374364, 0.0, 0.0]",0.5300888191539206,0.1,-0.020256684056487635,-5.503455032104082,False
local,88,v19_power_new_5_Haa,heldout,eV/L0^2,"[1.8656946874198541, 0.0, 0.0]",-2.5224317074829634,0.25224317074829633,-0.13373098903644942,9.469833063707027,False
local,89,v19_power_new_5_Hxx,heldout,eV/L0^2,"[1.8656946874198541, 0.0, 0.0]",-0.10536285587305545,0.1,-0.0005493786889132697,1.0481347718414218,False
local,90,v19_power_new_6_Haa,heldout,eV/L0^2,"[0.8507894373266905, 0.193, -0.063]",22.032873653678617,2.2032873653678617,18.284830364216536,-1.701114138979464,False
local,91,v19_power_new_6_Hxx,heldout,eV/L0^2,"[0.8507894373266905, 0.193, -0.063]",1.976588687531336,0.19765886875313363,2.3442305104561196,1.85998141770178,False
local,92,v19_power_new_7_Haa,heldout,eV/L0^2,"[0.9593834825900781, 0.347, 0.061]",3.6257942400934606,0.36257942400934606,2.0229737590645,-4.420605183011283,False
local,93,v19_power_new_7_Hxx,heldout,eV/L0^2,"[0.9593834825900781, 0.347, 0.061]",-0.7324824081355719,0.1,-0.0501275967230878,6.823548114124841,False
local,94,v19_power_new_8_Haa,heldout,eV/L0^2,"[0.816496580927726, 0.337, 0.0]",35.390692237109825,3.5390692237109826,54.38764287399087,5.367781593421703,False
local,95,v19_power_new_8_Hxx,heldout,eV/L0^2,"[0.816496580927726, 0.337, 0.0]",-1.532495429303305,0.15324954293033052,-0.7341804455833084,5.20924870936106,False
local,96,v19_power_new_9_Haa,heldout,eV/L0^2,"[0.834459505708136, 0.393, 0.229]",13.640977289265752,1.3640977289265752,15.75543686168481,1.5500792410841058,False
local,97,v19_power_new_9_Hxx,heldout,eV/L0^2,"[0.834459505708136, 0.393, 0.229]",-0.0018561341338510467,0.1,-0.31115364585037275,-3.0929751171652167,False
local,98,v20_new_0_Haa,heldout,eV/L0^2,"[0.8189460706705092, 0.0, 0.0]",19.407850341619266,1.9407850341619266,11.783677316771733,-3.9283964430093707,False
local,99,v20_new_0_Hxx,heldout,eV/L0^2,"[0.8189460706705092, 0.0, 0.0]",4.329394100444026,0.4329394100444026,2.1294704324366864,-5.081366161102575,False
local,100,v20_new_1_Haa,heldout,eV/L0^2,"[0.8360924988699915, 0.0, 0.0]",17.703231197779825,1.7703231197779825,9.234967143445923,-4.783456737206207,False
local,101,v20_new_1_Hxx,heldout,eV/L0^2,"[0.8360924988699915, 0.0, 0.0]",3.9093512902826126,0.3909351290282613,0.7408565670640987,-8.104911756317144,False
local,102,v20_new_2_Haa,heldout,eV/L0^2,"[0.8793668176591609, 0.0, 0.0]",13.514055878705095,1.3514055878705096,3.8687026147496106,-7.137274960623956,False
local,103,v20_new_2_Hxx,heldout,eV/L0^2,"[0.8793668176591609, 0.0, 0.0]",2.9805611045837717,0.29805611045837715,0.14041442805040924,-9.528899347728629,False
local,104,v20_new_3_Haa,heldout,eV/L0^2,"[1.0067402842838862, 0.0, 0.0]",-2.2820717486649773,0.22820717486649775,-1.0221448807352673,5.520978333248168,False
local,105,v20_new_3_Hxx,heldout,eV/L0^2,"[1.0067402842838862, 0.0, 0.0]",-0.8053213981525169,0.1,-0.22144179749244852,5.838796006600684,False
local,106,v20_new_4_Haa,heldout,eV/L0^2,"[1.254955244885915, 0.0, 0.0]",-1.9854681988380205,0.19854681988380207,-0.4988037709563211,7.487727220973661,False
local,107,v20_new_4_Hxx,heldout,eV/L0^2,"[1.254955244885915, 0.0, 0.0]",-1.0730096719553677,0.10730096719553678,-0.07709940088228692,9.281465928058344,False
local,108,v20_new_5_Haa,heldout,eV/L0^2,"[1.486840273869389, 0.0, 0.0]",0.4318686304614479,0.1,-0.09082390279875671,-5.226925332602046,False
local,109,v20_new_5_Hxx,heldout,eV/L0^2,"[1.486840273869389, 0.0, 0.0]",0.05966529359502488,0.1,-0.014150633824562914,-0.7381592741958778,False
local,110,v20_new_6_Haa,heldout,eV/L0^2,"[1.6795334669683324, 0.0, 0.0]",-1.7417609490586863,0.17417609490586863,-0.07989596815183955,9.541291999943974,False
local,111,v20_new_6_Hxx,heldout,eV/L0^2,"[1.6795334669683324, 0.0, 0.0]",0.20899465255336805,0.1,-0.002855884924777644,-2.118505374781457,False
local,112,v20_new_7_Haa,heldout,eV/L0^2,"[0.8271110364797863, 0.083, -0.041]",21.501318205218237,2.150131820521824,13.582495316905733,-3.6829476280159668,False
local,113,v20_new_7_Hxx,heldout,eV/L0^2,"[0.8271110364797863, 0.083, -0.041]",4.662002299739686,0.4662002299739686,1.8480931178647118,-6.035838253516296,False
local,114,v20_new_8_Haa,heldout,eV/L0^2,"[0.8548719202313291, 0.213, 0.079]",14.458727489192233,1.4458727489192233,11.341176105296977,-2.1561727242079893,False
local,115,v20_new_8_Hxx,heldout,eV/L0^2,"[0.8548719202313291, 0.213, 0.079]",0.86111106885732,0.1,0.7328180541815805,-1.282930146757395,False
local,116,v20_new_9_Haa,heldout,eV/L0^2,"[0.9005957287632818, 0.383, 0.183]",11.056850642860084,1.1056850642860085,5.006932434336849,-5.471646858529236,False
local,117,v20_new_9_Hxx,heldout,eV/L0^2,"[0.9005957287632818, 0.383, 0.183]",0.0757661767331005,0.1,-0.5063281980627234,-5.820943747958239,False
local,118,v20_new_10_Haa,heldout,eV/L0^2,"[0.8107811048612319, 0.123, -0.021]",26.40271381173358,2.640271381173358,20.9317070386554,-2.072138043115409,False
local,119,v20_new_10_Hxx,heldout,eV/L0^2,"[0.8107811048612319, 0.123, -0.021]",4.254835571305176,0.42548355713051766,3.113184560736179,-2.683184793951495,False
local,120,v20_new_11_Haa,heldout,eV/L0^2,"[1.0230702159024407, 0.443, 0.163]",2.8654264155114735,0.28654264155114734,-0.251885556047889,-10.879050861974163,False
local,121,v20_new_11_Hxx,heldout,eV/L0^2,"[1.0230702159024407, 0.443, 0.163]",-0.12044589256531853,0.1,-0.2858583674100797,-1.6541247484476118,False
local,122,v32_q0_H00,fit,eV/L0^2,,1.6071853175180872,0.3871874135709727,1.4945035612585449,-0.29102639267194935,False
local,123,v32_q0_H11,fit,eV/L0^2,,3.778484710232485,0.3871874135709727,3.986266436309701,0.5366438029606271,False
local,124,v32_q0_H22,fit,eV/L0^2,,5.5400914279154465,0.3871874135709727,5.8337318298712,0.758393459248976,False
local,125,v32_q0_H01,fit,eV/L0^2,,-1.5177286414361958e-17,0.3871874135709727,-1.7235006388697985e-16,-4.0593462484494636e-16,False
local,126,v32_q0_H02,fit,eV/L0^2,,-9.45828328360523e-17,0.3871874135709727,6.942975887363469e-17,4.2360000857730096e-16,False
local,127,v32_q0_H12,fit,eV/L0^2,,-3.523213435365955,0.3871874135709727,-3.6949307871240915,-0.44349931257943687,False
local,128,v32_q1_H00,fit,eV/L0^2,,11.020541195662586,2.565934883399439,7.48928466882496,-1.3762066020004746,False
local,129,v32_q1_H11,fit,eV/L0^2,,27.51034114112903,2.565934883399439,48.508371697792924,8.183384033832137,False
local,130,v32_q1_H22,fit,eV/L0^2,,37.17324859129323,2.565934883399439,65.59797879299254,11.077728583681454,False
local,131,v32_q1_H01,fit,eV/L0^2,,-8.047950485487693e-17,2.565934883399439,-6.197883693763613e-17,7.21010811183582e-18,False
local,132,v32_q1_H02,fit,eV/L0^2,,1.6095900970975385e-16,2.565934883399439,3.5058297385267877e-15,1.3035680486114417e-15,False
local,133,v32_q1_H12,fit,eV/L0^2,,-19.325814900328513,2.565934883399439,-34.17921419040056,-5.788689099699112,False
local,134,v32_q2_H00,fit,eV/L0^2,,2.553605837827099,0.581483715936639,2.561216997725723,0.01308920557880812,False
local,135,v32_q2_H11,fit,eV/L0^2,,2.5536058378271016,0.581483715936639,2.561216997725711,0.013089205578782919,False
local,136,v32_q2_H22,fit,eV/L0^2,,11.054750979095974,0.581483715936639,11.10304290594243,0.08304949136652769,False
local,137,v32_q2_H01,fit,eV/L0^2,,-6.305904423508818e-34,0.581483715936639,-9.945026234687372e-16,-1.7102845638021317e-15,False
local,138,v32_q2_H02,fit,eV/L0^2,,-6.040516937618709e-17,0.581483715936639,8.720320119629883e-15,1.5100552342832687e-14,False
local,139,v32_q2_H12,fit,eV/L0^2,,-1.5741639952321403e-15,0.581483715936639,1.4631990700171218e-15,5.223470549569486e-15,False
local,140,v32_q3_H00,fit,eV/L0^2,,15.117824325030192,3.6510653206716435,15.07370888445695,-0.012082895456147625,False
local,141,v32_q3_H11,fit,eV/L0^2,,15.117824325030208,3.6510653206716435,15.073708884457668,-0.012082895455955445,False
local,142,v32_q3_H22,fit,eV/L0^2,,69.82130022908126,3.6510653206716435,69.78430081095094,-0.010133869126043166,False
local,143,v32_q3_H01,fit,eV/L0^2,,-2.6155839077835e-16,3.6510653206716435,-3.0309738784989946e-15,-7.585225802564354e-16,False
local,144,v32_q3_H02,fit,eV/L0^2,,-1.2237589896675819e-15,3.6510653206716435,-3.5212171228026076e-15,-6.292569240345417e-16,False
local,145,v32_q3_H12,fit,eV/L0^2,,-1.066647511748027e-14,3.6510653206716435,4.4090739448163736e-14,1.4997599263869365e-14,False
full_saturation,0,normal_strain_force_ev,exact,eV/strain,,0.0,0.1,8.881784197001252e-16,8.881784197001252e-15,False
full_saturation,1,cohesive_ev_atom,exact,eV/atom,,3.36,0.0672,3.3599999999999977,-3.304235192336776e-14,False
full_saturation,2,C11_GPa,exact,GPa,,113.99999999999996,5.699999999999998,114.00000000000014,3.241072128028528e-14,False
full_saturation,3,C12_GPa,exact,GPa,,62.000000000000014,3.100000000000001,62.00000000000004,9.16829336464645e-15,False
full_saturation,4,C44_GPa,exact,GPa,,32.0,1.6,32.00000000000003,1.7763568394002505e-14,False
full_saturation,5,perfect_Haa,exact,eV/L0^2,"[0.816496580927726, 0.0, 0.0]",19.66091286328976,1.9660912863289761,19.660912863289756,-1.806993247721481e-15,False
full_saturation,6,perfect_Hxx,exact,eV/L0^2,"[0.816496580927726, 0.0, 0.0]",4.393593035123306,0.43935930351233066,4.393593035123317,2.4258371112659008e-14,False
full_saturation,7,saddle_Haa,fit,eV/L0^2,"[0.8492922641076963, 0.3714061259442337, 0.2144314267925794]",12.717337762538286,1.2717337762538286,14.614901813093512,1.492107928551618,False
full_saturation,8,saddle_Hxx,fit,eV/L0^2,"[0.8492922641076963, 0.3714061259442337, 0.2144314267925794]",-0.18642463121762062,0.018642463121762064,-0.3913456844560161,-10.992166212155906,False
full_saturation,9,fault_Haa,fit,eV/L0^2,"[0.8356612484876702, 0.5, 0.28867513459481275]",14.140554350039636,1.4140554350039638,14.235639117938634,0.06724260276170228,False
full_saturation,10,fault_Hxx,fit,eV/L0^2,"[0.8356612484876702, 0.5, 0.28867513459481275]",2.4858929774856264,0.24858929774856264,0.20527626104027052,-9.174235323485652,False
full_saturation,11,saddle_normal_path_coupling,fit,eV/L0^2,"[0.8492922641076963, 0.3714061259442337, 0.2144314267925794]",1.2055891043737141,0.12055891043737142,0.2418318073168952,-7.9940776966251414,False
full_saturation,12,new_direct_017_Haa,fit,eV/L0^2,"[0.816496580927726, 0.17, 0.0]",26.109437232644353,2.6109437232644357,16.52570776061826,-3.6705997860588337,False
full_saturation,13,new_direct_039_Haa,fit,eV/L0^2,"[0.816496580927726, 0.39, 0.0]",36.31678531793335,3.6316785317933356,39.44718611477326,0.8619707855293307,False
full_saturation,14,new_raised_direct_Haa,fit,eV/L0^2,"[0.8695688586880281, 0.29, 0.0]",20.00400949091716,2.000400949091716,9.800096018262355,-5.1009341288744645,False
full_saturation,15,new_off_path_positive_Haa,fit,eV/L0^2,"[0.8532389270694737, 0.19, 0.085]",13.446420569551602,1.3446420569551603,11.914304869262516,-1.1394227128061472,False
full_saturation,16,new_off_path_negative_Haa,fit,eV/L0^2,"[0.9144761706390533, 0.37, -0.095]",13.5831841481301,1.35831841481301,7.720999473341175,-4.315766178871932,False
full_saturation,17,new_shockley_058_Haa,fit,eV/L0^2,"[0.816496580927726, 0.29, 0.16743157806499145]",23.107568998056017,2.3107568998056016,17.16447657985254,-2.5719245580110375,False
full_saturation,18,v16_direct011_Haa,fit,eV/L0^2,"[0.816496580927726, 0.11, 0.0]",23.17866876533168,2.317866876533168,12.390453769380377,-4.654372132055845,False
full_saturation,19,v16_direct031_Haa,fit,eV/L0^2,"[0.816496580927726, 0.31, 0.0]",34.460781638400974,3.4460781638400975,30.684401969868155,-1.0958485237388387,False
full_saturation,20,v16_raised043_Haa,fit,eV/L0^2,"[0.8899812732112214, 0.43, 0.0]",18.238440853611248,1.8238440853611249,10.07768780071492,-4.474479544823857,False
full_saturation,21,v16_off_plus_Haa,fit,eV/L0^2,"[0.8369089954509191, 0.23, 0.065]",20.981095919956758,2.098109591995676,11.850597287316086,-4.351773933770514,False
full_saturation,22,v16_off_minus_Haa,fit,eV/L0^2,"[0.9471360338761622, 0.32, -0.12]",5.497617912510364,0.5497617912510364,8.86941904291392,6.133203842214452,False
full_saturation,23,v16_shockley043_Haa,fit,eV/L0^2,"[0.816496580927726, 0.215, 0.12413030787576952]",25.03469226049791,2.5034692260497913,15.715138203670993,-3.722655729038932,False
full_saturation,24,v16_opening1.21_Haa,fit,eV/L0^2,"[0.9879608629225485, 0.0, 0.0]",-1.3832350292334812,0.13832350292334814,-0.740080404882889,4.649640955861246,False
full_saturation,25,v16_opening1.62_Haa,fit,eV/L0^2,"[1.3227244611029163, 0.0, 0.0]",-0.15582859326870177,0.1,-0.2877550891693161,-1.319264959006143,False
full_saturation,26,v16_opening1.93_Haa,fit,eV/L0^2,"[1.575838401190511, 0.0, 0.0]",-0.6638075680371565,0.1,-0.06015826332758658,6.036493047095699,False
full_saturation,27,v16_opening2.71_Haa,fit,eV/L0^2,"[2.2127057343141376, 0.0, 0.0]",0.0,0.1,-0.166244185109031,-1.6624418510903098,False
full_saturation,28,v16_opening4.3_Haa,fit,eV/L0^2,"[3.5109352979892217, 0.0, 0.0]",0.0,0.1,-0.04486270367192558,-0.4486270367192558,False
full_saturation,29,v16_opening6.2_Haa,fit,eV/L0^2,"[5.062278801751901, 0.0, 0.0]",0.0,0.1,-0.008293106223010027,-0.08293106223010026,False
full_saturation,30,v17_near_0.985_Haa,fit,eV/L0^2,"[0.8042491322138101, 0.0, 0.0]",20.878110673451364,2.0878110673451364,23.149060805408396,1.087718217168365,False
full_saturation,31,v17_near_1.015_Haa,fit,eV/L0^2,"[0.8287440296416418, 0.0, 0.0]",18.39295935022696,1.839295935022696,11.930048154457541,-3.5137962699241596,False
full_saturation,32,v17_near_1.065_Haa,fit,eV/L0^2,"[0.8695688586880281, 0.0, 0.0]",14.605604041867348,1.4605604041867348,2.1869462700488356,-8.50266633014294,False
full_saturation,33,v17_near_1.095_Haa,fit,eV/L0^2,"[0.89406375611586, 0.0, 0.0]",11.545874277606002,1.1545874277606003,1.8075443067339825,-8.434467357539276,False
full_saturation,34,v17_direct023_Haa,heldout,eV/L0^2,"[0.816496580927726, 0.23, 0.0]",29.67272464413389,2.967272464413389,21.82582835252486,-2.644481214892517,False
full_saturation,35,v17_direct023_Hxx,heldout,eV/L0^2,"[0.816496580927726, 0.23, 0.0]",1.5318476269016676,0.1531847626901668,1.5053195815887959,-0.17317678891162108,False
full_saturation,36,v17_direct047_Haa,heldout,eV/L0^2,"[0.816496580927726, 0.47, 0.0]",35.337517734960244,3.5337517734960247,44.641904824968364,2.6330052834478153,False
full_saturation,37,v17_direct047_Hxx,heldout,eV/L0^2,"[0.816496580927726, 0.47, 0.0]",-7.290154929569364,0.7290154929569365,-3.112641307150052,5.730349577997352,False
full_saturation,38,v17_off_plus_Haa,heldout,eV/L0^2,"[0.8777338244973054, 0.27, 0.095]",13.145916399036436,1.3145916399036437,9.204148904891085,-2.998472966429539,False
full_saturation,39,v17_off_plus_Hxx,heldout,eV/L0^2,"[0.8777338244973054, 0.27, 0.095]",0.5867789207029961,0.1,0.11448704975117983,-4.722918709518162,False
full_saturation,40,v17_off_minus_Haa,heldout,eV/L0^2,"[0.9267236193529691, 0.41, -0.07]",11.464221151869252,1.1464221151869252,4.9715611791116565,-5.66341130962827,False
full_saturation,41,v17_off_minus_Hxx,heldout,eV/L0^2,"[0.9267236193529691, 0.41, -0.07]",-2.835312235036081,0.2835312235036081,-0.14185543920498234,9.49968318320618,False
full_saturation,42,v17_shockley067_Haa,heldout,eV/L0^2,"[0.8450739612601964, 0.335, 0.19341234017852463]",14.560238367523052,1.4560238367523053,14.765602617649382,0.14104456599034768,False
full_saturation,43,v17_shockley067_Hxx,heldout,eV/L0^2,"[0.8450739612601964, 0.335, 0.19341234017852463]",0.4530475235373633,0.1,-0.038292867050846904,-4.9134039058821015,False
full_saturation,44,v17_compression_Haa,heldout,eV/L0^2,"[0.7944511732426774, 0.08, -0.025]",26.962376342241654,2.6962376342241656,17.685427317937226,-3.44070155632771,False
full_saturation,45,v17_compression_Hxx,heldout,eV/L0^2,"[0.7944511732426774, 0.08, -0.025]",5.568444170552721,0.5568444170552721,1.3338058536587512,-7.604706426415767,False
full_saturation,46,v17_opening1.045_Haa,heldout,eV/L0^2,"[0.8532389270694737, 0.0, 0.0]",16.173163667497242,1.6173163667497243,5.019314525854141,-6.896516582008429,False
full_saturation,47,v17_opening1.045_Hxx,heldout,eV/L0^2,"[0.8532389270694737, 0.0, 0.0]",3.5468340021412335,0.35468340021412337,0.7275043149050593,-7.948862804219586,False
full_saturation,48,v17_opening1.255_Haa,heldout,eV/L0^2,"[1.024703209064296, 0.0, 0.0]",-3.07660296796585,0.307660296796585,-1.0159271894619124,6.6978930981997635,False
full_saturation,49,v17_opening1.255_Hxx,heldout,eV/L0^2,"[1.024703209064296, 0.0, 0.0]",-0.8591645505462155,0.1,-0.16927245383413106,6.898920967120845,False
full_saturation,50,v17_opening1.555_Haa,heldout,eV/L0^2,"[1.269652183342614, 0.0, 0.0]",-0.9598397042596563,0.1,-0.41878621457411275,5.4105348968554345,False
full_saturation,51,v17_opening1.555_Hxx,heldout,eV/L0^2,"[1.269652183342614, 0.0, 0.0]",-0.8905810007935903,0.1,-0.06417158707372027,8.264094137198699,False
full_saturation,52,v17_opening1.855_Haa,heldout,eV/L0^2,"[1.5146011576209317, 0.0, 0.0]",0.33758173393615254,0.1,-0.07189667698029859,-4.094784109164511,False
full_saturation,53,v17_opening1.855_Hxx,heldout,eV/L0^2,"[1.5146011576209317, 0.0, 0.0]",-0.0764657682265532,0.1,-0.011621351909746029,0.6484441631680716,False
full_saturation,54,v17_opening2.455_Haa,heldout,eV/L0^2,"[2.0044991061775677, 0.0, 0.0]",1.5212189106347462,0.15212189106347462,-0.15093008364572236,-10.992165444372139,False
full_saturation,55,v17_opening2.455_Hxx,heldout,eV/L0^2,"[2.0044991061775677, 0.0, 0.0]",0.04446583977668427,0.1,-0.0001780062668375686,-0.4464384604352184,False
full_saturation,56,v17_opening3.75_Haa,heldout,eV/L0^2,"[3.0618621784789726, 0.0, 0.0]",0.0,0.1,-0.07920879227117167,-0.7920879227117167,False
full_saturation,57,v17_opening3.75_Hxx,heldout,eV/L0^2,"[3.0618621784789726, 0.0, 0.0]",0.0,0.1,-1.876470643770346e-09,-1.876470643770346e-08,False
full_saturation,58,v19_new_0_Haa,heldout,eV/L0^2,"[0.8099646082803043, 0.0, 0.0]",20.302032153219432,2.030203215321943,22.920248936349008,1.2896328620553323,False
full_saturation,59,v19_new_0_Hxx,heldout,eV/L0^2,"[0.8099646082803043, 0.0, 0.0]",4.57090105595751,0.45709010559575103,5.998862230536259,3.124025563225894,False
full_saturation,60,v19_new_1_Haa,heldout,eV/L0^2,"[0.8393584851937024, 0.0, 0.0]",17.415188636660293,1.7415188636660295,9.845806244251419,-4.346425726606687,False
full_saturation,61,v19_new_1_Hxx,heldout,eV/L0^2,"[0.8393584851937024, 0.0, 0.0]",3.8361643120715834,0.3836164312071584,1.4256970252635415,-6.283535038431018,False
full_saturation,62,v19_new_2_Haa,heldout,eV/L0^2,"[0.9348885851622464, 0.0, 0.0]",5.20946471789603,0.5209464717896031,0.35817237089401366,-9.312458399682432,False
full_saturation,63,v19_new_2_Hxx,heldout,eV/L0^2,"[0.9348885851622464, 0.0, 0.0]",0.9642979846199059,0.1,-0.13491839828490498,-10.992163829048108,True
full_saturation,64,v19_new_3_Haa,heldout,eV/L0^2,"[1.081857969729237, 0.0, 0.0]",-4.940080180276789,0.4940080180276789,-1.0430920117940181,7.888511980112083,False
full_saturation,65,v19_new_3_Hxx,heldout,eV/L0^2,"[1.081857969729237, 0.0, 0.0]",-1.007259835979608,0.10072598359796081,-0.15294747160617772,8.48154898921956,False
full_saturation,66,v19_new_4_Haa,heldout,eV/L0^2,"[1.392126670481773, 0.0, 0.0]",0.9032785116339533,0.1,-0.16873702774702287,-10.720155393809762,True
full_saturation,67,v19_new_4_Hxx,heldout,eV/L0^2,"[1.392126670481773, 0.0, 0.0]",0.6453579543796875,0.1,-0.02875076669642968,-6.7410872107611715,False
full_saturation,68,v19_new_5_Haa,heldout,eV/L0^2,"[1.775880063517804, 0.0, 0.0]",-2.478203100860398,0.2478203100860398,-0.09562879779010658,9.614120417503692,False
full_saturation,69,v19_new_5_Hxx,heldout,eV/L0^2,"[1.775880063517804, 0.0, 0.0]",0.0933444416558671,0.1,-0.0013575050966064743,-0.9470194675247356,False
full_saturation,70,v19_new_6_Haa,heldout,eV/L0^2,"[0.8638533826215342, 0.173, -0.043]",16.75498366183509,1.6754983661835092,7.226387366283932,-5.687022134945811,False
full_saturation,71,v19_new_6_Hxx,heldout,eV/L0^2,"[0.8638533826215342, 0.173, -0.043]",1.866294182504276,0.18662941825042761,0.6533701601880357,-6.499104126706783,False
full_saturation,72,v19_new_7_Haa,heldout,eV/L0^2,"[0.9716309313039939, 0.367, 0.081]",3.3869832062735408,0.3386983206273541,0.6609254335689586,-8.048630910407942,False
full_saturation,73,v19_new_7_Hxx,heldout,eV/L0^2,"[0.9716309313039939, 0.367, 0.081]",-0.5656137494473082,0.1,-0.13932348628902827,4.2629026315828,False
full_saturation,74,v19_new_8_Haa,heldout,eV/L0^2,"[0.816496580927726, 0.317, 0.0]",34.71656366870985,3.4716563668709854,31.50250463474439,-0.9257998760004877,False
full_saturation,75,v19_new_8_Hxx,heldout,eV/L0^2,"[0.816496580927726, 0.317, 0.0]",-0.974896485841256,0.1,0.12432013537433431,10.992166212155903,True
full_saturation,76,v19_new_9_Haa,heldout,eV/L0^2,"[0.8287440296416418, 0.413, 0.219]",14.396252629283666,1.4396252629283666,16.16608339181571,1.229369064371656,False
full_saturation,77,v19_new_9_Hxx,heldout,eV/L0^2,"[0.8287440296416418, 0.413, 0.219]",-0.11946413441426519,0.1,-0.7949046213737443,-6.754404869594791,False
full_saturation,78,v19_power_new_0_Haa,heldout,eV/L0^2,"[0.801799642471027, 0.0, 0.0]",21.133296310436656,2.1133296310436656,22.404411950198515,0.6014753311976799,False
full_saturation,79,v19_power_new_0_Hxx,heldout,eV/L0^2,"[0.801799642471027, 0.0, 0.0]",4.803281906544594,0.4803281906544594,7.545374940134038,5.708790545591905,False
full_saturation,80,v19_power_new_1_Haa,heldout,eV/L0^2,"[0.8589544031359678, 0.0, 0.0]",15.66515497295868,1.5665154972958681,3.225077163457458,-7.941241456580153,False
full_saturation,81,v19_power_new_1_Hxx,heldout,eV/L0^2,"[0.8589544031359678, 0.0, 0.0]",3.4372637547611467,0.3437263754761147,0.4668945517533244,-8.641667951414544,False
full_saturation,82,v19_power_new_2_Haa,heldout,eV/L0^2,"[0.953668006523584, 0.0, 0.0]",1.5124016664736504,0.15124016664736506,-0.1500553832683542,-10.99216621215597,False
full_saturation,83,v19_power_new_2_Hxx,heldout,eV/L0^2,"[0.953668006523584, 0.0, 0.0]",0.07390822082095283,0.1,-0.15180981970336907,-2.257180405243219,False
full_saturation,84,v19_power_new_3_Haa,heldout,eV/L0^2,"[1.1308477645849007, 0.0, 0.0]",-6.006053628734572,0.6006053628734572,-0.8999249172018428,8.501636893656158,False
full_saturation,85,v19_power_new_3_Hxx,heldout,eV/L0^2,"[1.1308477645849007, 0.0, 0.0]",-1.4153601110072371,0.14153601110072372,-0.12982228319013256,9.082761466989874,False
full_saturation,86,v19_power_new_4_Haa,heldout,eV/L0^2,"[1.4411164653374364, 0.0, 0.0]",0.9838769358246306,0.1,-0.11533968539096248,-10.992166212155931,True
full_saturation,87,v19_power_new_4_Hxx,heldout,eV/L0^2,"[1.4411164653374364, 0.0, 0.0]",0.5300888191539206,0.1,-0.02021646383145209,-5.503052829853727,False
full_saturation,88,v19_power_new_5_Haa,heldout,eV/L0^2,"[1.8656946874198541, 0.0, 0.0]",-2.5224317074829634,0.25224317074829633,-0.12086627067815452,9.520834319043816,False
full_saturation,89,v19_power_new_5_Hxx,heldout,eV/L0^2,"[1.8656946874198541, 0.0, 0.0]",-0.10536285587305545,0.1,-0.0006193743713608156,1.0474348150169464,False
full_saturation,90,v19_power_new_6_Haa,heldout,eV/L0^2,"[0.8507894373266905, 0.193, -0.063]",22.032873653678617,2.2032873653678617,11.51235994883454,-4.774916731339568,False
full_saturation,91,v19_power_new_6_Hxx,heldout,eV/L0^2,"[0.8507894373266905, 0.193, -0.063]",1.976588687531336,0.19765886875313363,1.1970967341937369,-3.9436224554697166,False
full_saturation,92,v19_power_new_7_Haa,heldout,eV/L0^2,"[0.9593834825900781, 0.347, 0.061]",3.6257942400934606,0.36257942400934606,1.029396778485399,-7.160906796357907,False
full_saturation,93,v19_power_new_7_Hxx,heldout,eV/L0^2,"[0.9593834825900781, 0.347, 0.061]",-0.7324824081355719,0.1,-0.08033707411173374,6.521453340238381,False
full_saturation,94,v19_power_new_8_Haa,heldout,eV/L0^2,"[0.816496580927726, 0.337, 0.0]",35.390692237109825,3.5390692237109826,33.82008901765664,-0.4437899120284192,False
full_saturation,95,v19_power_new_8_Hxx,heldout,eV/L0^2,"[0.816496580927726, 0.337, 0.0]",-1.532495429303305,0.15324954293033052,-0.35968865762631574,7.652921824440054,False
full_saturation,96,v19_power_new_9_Haa,heldout,eV/L0^2,"[0.834459505708136, 0.393, 0.229]",13.640977289265752,1.3640977289265752,16.197915242413956,1.8744536398871425,False
full_saturation,97,v19_power_new_9_Hxx,heldout,eV/L0^2,"[0.834459505708136, 0.393, 0.229]",-0.0018561341338510467,0.1,-0.45564667901002,-4.537905448761689,False
full_saturation,98,v20_new_0_Haa,heldout,eV/L0^2,"[0.8189460706705092, 0.0, 0.0]",19.407850341619266,1.9407850341619266,17.901523492627852,-0.7761430670975256,False
full_saturation,99,v20_new_0_Hxx,heldout,eV/L0^2,"[0.8189460706705092, 0.0, 0.0]",4.329394100444026,0.4329394100444026,3.8327615758452205,-1.1471178485411404,False
full_saturation,100,v20_new_1_Haa,heldout,eV/L0^2,"[0.8360924988699915, 0.0, 0.0]",17.703231197779825,1.7703231197779825,10.292529827873757,-4.186072749722349,False
full_saturation,101,v20_new_1_Hxx,heldout,eV/L0^2,"[0.8360924988699915, 0.0, 0.0]",3.9093512902826126,0.3909351290282613,1.6016888888840082,-5.902929233130595,False
full_saturation,102,v20_new_2_Haa,heldout,eV/L0^2,"[0.8793668176591609, 0.0, 0.0]",13.514055878705095,1.3514055878705096,2.1104149210237098,-8.438355635076798,False
full_saturation,103,v20_new_2_Hxx,heldout,eV/L0^2,"[0.8793668176591609, 0.0, 0.0]",2.9805611045837717,0.29805611045837715,0.028620606010141464,-9.903975778365604,False
full_saturation,104,v20_new_3_Haa,heldout,eV/L0^2,"[1.0067402842838862, 0.0, 0.0]",-2.2820717486649773,0.22820717486649775,-0.9171407498818899,5.981104667640614,False
full_saturation,105,v20_new_3_Hxx,heldout,eV/L0^2,"[1.0067402842838862, 0.0, 0.0]",-0.8053213981525169,0.1,-0.17001407689592216,6.353073212565947,False
full_saturation,106,v20_new_4_Haa,heldout,eV/L0^2,"[1.254955244885915, 0.0, 0.0]",-1.9854681988380205,0.19854681988380207,-0.4615229043933254,7.675495862067052,False
full_saturation,107,v20_new_4_Hxx,heldout,eV/L0^2,"[1.254955244885915, 0.0, 0.0]",-1.0730096719553677,0.10730096719553678,-0.07000493091059264,9.347583411964766,False
full_saturation,108,v20_new_5_Haa,heldout,eV/L0^2,"[1.486840273869389, 0.0, 0.0]",0.4318686304614479,0.1,-0.08389291344976567,-5.157615439112135,False
full_saturation,109,v20_new_5_Hxx,heldout,eV/L0^2,"[1.486840273869389, 0.0, 0.0]",0.05966529359502488,0.1,-0.014371769692757662,-0.7403706328778253,False
full_saturation,110,v20_new_6_Haa,heldout,eV/L0^2,"[1.6795334669683324, 0.0, 0.0]",-1.7417609490586863,0.17417609490586863,-0.07050286230201658,9.59522078882226,False
full_saturation,111,v20_new_6_Hxx,heldout,eV/L0^2,"[1.6795334669683324, 0.0, 0.0]",0.20899465255336805,0.1,-0.0030773414470337784,-2.120719940004018,False
full_saturation,112,v20_new_7_Haa,heldout,eV/L0^2,"[0.8271110364797863, 0.083, -0.041]",21.501318205218237,2.150131820521824,9.94743766361777,-5.3735684627914635,False
full_saturation,113,v20_new_7_Hxx,heldout,eV/L0^2,"[0.8271110364797863, 0.083, -0.041]",4.662002299739686,0.4662002299739686,0.07717052069196917,-9.834469149240277,False
full_saturation,114,v20_new_8_Haa,heldout,eV/L0^2,"[0.8548719202313291, 0.213, 0.079]",14.458727489192233,1.4458727489192233,10.16858045741503,-2.9671677780662566,False
full_saturation,115,v20_new_8_Hxx,heldout,eV/L0^2,"[0.8548719202313291, 0.213, 0.079]",0.86111106885732,0.1,0.41236712760515,-4.4874394125217005,False
full_saturation,116,v20_new_9_Haa,heldout,eV/L0^2,"[0.9005957287632818, 0.383, 0.183]",11.056850642860084,1.1056850642860085,4.032937141035411,-6.352544434848032,False
full_saturation,117,v20_new_9_Hxx,heldout,eV/L0^2,"[0.9005957287632818, 0.383, 0.183]",0.0757661767331005,0.1,-0.6448021627973693,-7.205683395304698,False
full_saturation,118,v20_new_10_Haa,heldout,eV/L0^2,"[0.8107811048612319, 0.123, -0.021]",26.40271381173358,2.640271381173358,15.59857940874905,-4.092054506223934,False
full_saturation,119,v20_new_10_Hxx,heldout,eV/L0^2,"[0.8107811048612319, 0.123, -0.021]",4.254835571305176,0.42548355713051766,1.4380233158635343,-6.620261131683594,False
full_saturation,120,v20_new_11_Haa,heldout,eV/L0^2,"[1.0230702159024407, 0.443, 0.163]",2.8654264155114735,0.28654264155114734,-0.140736545470684,-10.491153933351184,False
full_saturation,121,v20_new_11_Hxx,heldout,eV/L0^2,"[1.0230702159024407, 0.443, 0.163]",-0.12044589256531853,0.1,-0.3311630267771816,-2.107171342118631,False
full_saturation,122,v32_q0_H00,fit,eV/L0^2,,1.6071853175180872,0.3871874135709727,1.492039424959963,-0.2973905879226566,False
full_saturation,123,v32_q0_H11,fit,eV/L0^2,,3.778484710232485,0.3871874135709727,3.9603119960650384,0.46961052828548067,False
full_saturation,124,v32_q0_H22,fit,eV/L0^2,,5.5400914279154465,0.3871874135709727,5.7798650998708965,0.6192703160055039,False
full_saturation,125,v32_q0_H01,fit,eV/L0^2,,-1.5177286414361958e-17,0.3871874135709727,1.1591731747456546e-16,3.3858178053842483e-16,False
full_saturation,126,v32_q0_H02,fit,eV/L0^2,,-9.45828328360523e-17,0.3871874135709727,-5.133379333970924e-16,-1.0815307674878252e-15,False
full_saturation,127,v32_q0_H12,fit,eV/L0^2,,-3.523213435365955,0.3871874135709727,-3.6391062076125533,-0.29931957544212584,False
full_saturation,128,v32_q1_H00,fit,eV/L0^2,,11.020541195662586,2.565934883399439,7.180541827163568,-1.4965303263704242,False
full_saturation,129,v32_q1_H11,fit,eV/L0^2,,27.51034114112903,2.565934883399439,46.63075409163732,7.451636077832541,False
full_saturation,130,v32_q1_H22,fit,eV/L0^2,,37.17324859129323,2.565934883399439,62.48103723622432,9.862989434635402,False
full_saturation,131,v32_q1_H01,fit,eV/L0^2,,-8.047950485487693e-17,2.565934883399439,2.291142791512917e-16,1.2065535489973467e-16,False
full_saturation,132,v32_q1_H02,fit,eV/L0^2,,1.6095900970975385e-16,2.565934883399439,-4.2628158318165456e-15,-1.7240401812790862e-15,False
full_saturation,133,v32_q1_H12,fit,eV/L0^2,,-19.325814900328513,2.565934883399439,-31.700566289174752,-4.822706713605975,False
full_saturation,134,v32_q2_H00,fit,eV/L0^2,,2.553605837827099,0.581483715936639,2.5608125966995994,0.012393741518439565,False
full_saturation,135,v32_q2_H11,fit,eV/L0^2,,2.5536058378271016,0.581483715936639,2.5608125966995887,0.012393741518416655,False
full_saturation,136,v32_q2_H22,fit,eV/L0^2,,11.054750979095974,0.581483715936639,10.967409186653722,-0.15020505312270815,False
full_saturation,137,v32_q2_H01,fit,eV/L0^2,,-6.305904423508818e-34,0.581483715936639,-2.7930582488519486e-16,-4.803330123102352e-16,False
full_saturation,138,v32_q2_H02,fit,eV/L0^2,,-6.040516937618709e-17,0.581483715936639,1.0994515226017338e-14,1.901157348419731e-14,False
full_saturation,139,v32_q2_H12,fit,eV/L0^2,,-1.5741639952321403e-15,0.581483715936639,3.811181908881617e-15,9.261387303751372e-15,False
full_saturation,140,v32_q3_H00,fit,eV/L0^2,,15.117824325030192,3.6510653206716435,15.07606034916614,-0.011438846527229318,False
full_saturation,141,v32_q3_H11,fit,eV/L0^2,,15.117824325030208,3.6510653206716435,15.076060349166625,-0.011438846527100874,False
full_saturation,142,v32_q3_H22,fit,eV/L0^2,,69.82130022908126,3.6510653206716435,70.55949222532166,0.20218537095485495,False
full_saturation,143,v32_q3_H01,fit,eV/L0^2,,-2.6155839077835e-16,3.6510653206716435,-2.9371909973108747e-15,-7.328361372730303e-16,False
full_saturation,144,v32_q3_H02,fit,eV/L0^2,,-1.2237589896675819e-15,3.6510653206716435,1.1219289151999425e-14,3.4080595795470476e-15,False
full_saturation,145,v32_q3_H12,fit,eV/L0^2,,-1.066647511748027e-14,3.6510653206716435,-5.862022712771781e-14,-1.3134180793406364e-14,False
saturation_scan,0,normal_strain_force_ev,exact,eV/strain,,0.0,0.1,8.881784197001252e-16,8.881784197001252e-15,False
saturation_scan,1,cohesive_ev_atom,exact,eV/atom,,3.36,0.0672,3.3599999999999994,-6.608470384673551e-15,False
saturation_scan,2,C11_GPa,exact,GPa,,113.99999999999996,5.699999999999998,113.9999999999998,-2.7424456467933698e-14,False
saturation_scan,3,C12_GPa,exact,GPa,,62.000000000000014,3.100000000000001,61.999999999999886,-4.125732014090903e-14,False
saturation_scan,4,C44_GPa,exact,GPa,,32.0,1.6,32.00000000000003,1.7763568394002505e-14,False
saturation_scan,5,perfect_Haa,exact,eV/L0^2,"[0.816496580927726, 0.0, 0.0]",19.66091286328976,1.9660912863289761,19.660912863289848,4.517483119303703e-14,False
saturation_scan,6,perfect_Hxx,exact,eV/L0^2,"[0.816496580927726, 0.0, 0.0]",4.393593035123306,0.43935930351233066,4.393593035123388,1.8598084519705238e-13,False
saturation_scan,7,saddle_Haa,fit,eV/L0^2,"[0.8492922641076963, 0.3714061259442337, 0.2144314267925794]",12.717337762538286,1.2717337762538286,10.96101146062827,-1.3810487184539992,False
saturation_scan,8,saddle_Hxx,fit,eV/L0^2,"[0.8492922641076963, 0.3714061259442337, 0.2144314267925794]",-0.18642463121762062,0.018642463121762064,-0.37084415653800484,-9.892444153750489,False
saturation_scan,9,fault_Haa,fit,eV/L0^2,"[0.8356612484876702, 0.5, 0.28867513459481275]",14.140554350039636,1.4140554350039638,11.105883237808682,-2.1460764812395405,False
saturation_scan,10,fault_Hxx,fit,eV/L0^2,"[0.8356612484876702, 0.5, 0.28867513459481275]",2.4858929774856264,0.24858929774856264,-0.292703181404484,-11.177456889960485,True
saturation_scan,11,saddle_normal_path_coupling,fit,eV/L0^2,"[0.8492922641076963, 0.3714061259442337, 0.2144314267925794]",1.2055891043737141,0.12055891043737142,0.2826659151338845,-7.655371020620451,False
saturation_scan,12,new_direct_017_Haa,fit,eV/L0^2,"[0.816496580927726, 0.17, 0.0]",26.109437232644353,2.6109437232644357,23.24516308649326,-1.0970263819282635,False
saturation_scan,13,new_direct_039_Haa,fit,eV/L0^2,"[0.816496580927726, 0.39, 0.0]",36.31678531793335,3.6316785317933356,60.49634371077641,6.657956694449799,False
saturation_scan,14,new_raised_direct_Haa,fit,eV/L0^2,"[0.8695688586880281, 0.29, 0.0]",20.00400949091716,2.000400949091716,15.39316882748489,-2.304958246258494,False
saturation_scan,15,new_off_path_positive_Haa,fit,eV/L0^2,"[0.8532389270694737, 0.19, 0.085]",13.446420569551602,1.3446420569551603,10.369897755060045,-2.2879864560075633,False
saturation_scan,16,new_off_path_negative_Haa,fit,eV/L0^2,"[0.9144761706390533, 0.37, -0.095]",13.5831841481301,1.35831841481301,13.353507016824725,-0.16908931573087174,False
saturation_scan,17,new_shockley_058_Haa,fit,eV/L0^2,"[0.816496580927726, 0.29, 0.16743157806499145]",23.107568998056017,2.3107568998056016,21.312523735105238,-0.7768213363776139,False
saturation_scan,18,v16_direct011_Haa,fit,eV/L0^2,"[0.816496580927726, 0.11, 0.0]",23.17866876533168,2.317866876533168,17.46077747723542,-2.466876482849828,False
saturation_scan,19,v16_direct031_Haa,fit,eV/L0^2,"[0.816496580927726, 0.31, 0.0]",34.460781638400974,3.4460781638400975,46.16068253643197,3.395135090317669,False
saturation_scan,20,v16_raised043_Haa,fit,eV/L0^2,"[0.8899812732112214, 0.43, 0.0]",18.238440853611248,1.8238440853611249,15.582236507588386,-1.4563768730795477,False
saturation_scan,21,v16_off_plus_Haa,fit,eV/L0^2,"[0.8369089954509191, 0.23, 0.065]",20.981095919956758,2.098109591995676,16.511620567988135,-2.130239225357792,False
saturation_scan,22,v16_off_minus_Haa,fit,eV/L0^2,"[0.9471360338761622, 0.32, -0.12]",5.497617912510364,0.5497617912510364,5.585171582511132,0.15925746640473257,False
saturation_scan,23,v16_shockley043_Haa,fit,eV/L0^2,"[0.816496580927726, 0.215, 0.12413030787576952]",25.03469226049791,2.5034692260497913,20.94009149144347,-1.6355706419108986,False
saturation_scan,24,v16_opening1.21_Haa,fit,eV/L0^2,"[0.9879608629225485, 0.0, 0.0]",-1.3832350292334812,0.13832350292334814,-0.7583997836627768,4.517202300153983,False
saturation_scan,25,v16_opening1.62_Haa,fit,eV/L0^2,"[1.3227244611029163, 0.0, 0.0]",-0.15582859326870177,0.1,-0.2744110206534992,-1.1858242738479743,False
saturation_scan,26,v16_opening1.93_Haa,fit,eV/L0^2,"[1.575838401190511, 0.0, 0.0]",-0.6638075680371565,0.1,-0.09229696128255051,5.715106067546059,False
saturation_scan,27,v16_opening2.71_Haa,fit,eV/L0^2,"[2.2127057343141376, 0.0, 0.0]",0.0,0.1,-0.1902936022698322,-1.9029360226983218,False
saturation_scan,28,v16_opening4.3_Haa,fit,eV/L0^2,"[3.5109352979892217, 0.0, 0.0]",0.0,0.1,-0.0506144650203958,-0.5061446502039579,False
saturation_scan,29,v16_opening6.2_Haa,fit,eV/L0^2,"[5.062278801751901, 0.0, 0.0]",0.0,0.1,-0.009377846683715286,-0.09377846683715285,False
saturation_scan,30,v17_near_0.985_Haa,fit,eV/L0^2,"[0.8042491322138101, 0.0, 0.0]",20.878110673451364,2.0878110673451364,16.3609331583965,-2.163594965898382,False
saturation_scan,31,v17_near_1.015_Haa,fit,eV/L0^2,"[0.8287440296416418, 0.0, 0.0]",18.39295935022696,1.839295935022696,10.91601143316329,-4.065114142152121,False
saturation_scan,32,v17_near_1.065_Haa,fit,eV/L0^2,"[0.8695688586880281, 0.0, 0.0]",14.605604041867348,1.4605604041867348,4.659392342263206,-6.8098598805589035,False
saturation_scan,33,v17_near_1.095_Haa,fit,eV/L0^2,"[0.89406375611586, 0.0, 0.0]",11.545874277606002,1.1545874277606003,2.491839060495673,-7.841792660666015,False
saturation_scan,34,v17_direct023_Haa,heldout,eV/L0^2,"[0.816496580927726, 0.23, 0.0]",29.67272464413389,2.967272464413389,31.72557028144949,0.6918291669994766,False
saturation_scan,35,v17_direct023_Hxx,heldout,eV/L0^2,"[0.816496580927726, 0.23, 0.0]",1.5318476269016676,0.1531847626901668,1.2999509460542396,-1.5138364728642424,False
saturation_scan,36,v17_direct047_Haa,heldout,eV/L0^2,"[0.816496580927726, 0.47, 0.0]",35.337517734960244,3.5337517734960247,69.05065065592282,9.540322886802366,False
saturation_scan,37,v17_direct047_Hxx,heldout,eV/L0^2,"[0.816496580927726, 0.47, 0.0]",-7.290154929569364,0.7290154929569365,-3.4270025215057354,5.299136226027817,False
saturation_scan,38,v17_off_plus_Haa,heldout,eV/L0^2,"[0.8777338244973054, 0.27, 0.095]",13.145916399036436,1.3145916399036437,7.714196810823811,-4.131868348570022,False
saturation_scan,39,v17_off_plus_Hxx,heldout,eV/L0^2,"[0.8777338244973054, 0.27, 0.095]",0.5867789207029961,0.1,0.05927281733517429,-5.2750610336782175,False
saturation_scan,40,v17_off_minus_Haa,heldout,eV/L0^2,"[0.9267236193529691, 0.41, -0.07]",11.464221151869252,1.1464221151869252,9.993320904111048,-1.2830354790550877,False
saturation_scan,41,v17_off_minus_Hxx,heldout,eV/L0^2,"[0.9267236193529691, 0.41, -0.07]",-2.835312235036081,0.2835312235036081,0.13485543627090774,10.475628167524173,False
saturation_scan,42,v17_shockley067_Haa,heldout,eV/L0^2,"[0.8450739612601964, 0.335, 0.19341234017852463]",14.560238367523052,1.4560238367523053,12.491460226048865,-1.4208408470074532,False
saturation_scan,43,v17_shockley067_Hxx,heldout,eV/L0^2,"[0.8450739612601964, 0.335, 0.19341234017852463]",0.4530475235373633,0.1,-0.18368892624027755,-6.367364497776409,True
saturation_scan,44,v17_compression_Haa,heldout,eV/L0^2,"[0.7944511732426774, 0.08, -0.025]",26.962376342241654,2.6962376342241656,23.32052017707092,-1.3507177998495175,False
saturation_scan,45,v17_compression_Hxx,heldout,eV/L0^2,"[0.7944511732426774, 0.08, -0.025]",5.568444170552721,0.5568444170552721,2.985046124963368,-4.639353410870107,False
saturation_scan,46,v17_opening1.045_Haa,heldout,eV/L0^2,"[0.8532389270694737, 0.0, 0.0]",16.173163667497242,1.6173163667497243,6.638720772705362,-5.895224391967902,False
saturation_scan,47,v17_opening1.045_Hxx,heldout,eV/L0^2,"[0.8532389270694737, 0.0, 0.0]",3.5468340021412335,0.35468340021412337,0.5256706045598184,-8.517915966063057,False
saturation_scan,48,v17_opening1.255_Haa,heldout,eV/L0^2,"[1.024703209064296, 0.0, 0.0]",-3.07660296796585,0.307660296796585,-0.9946015592211491,6.767208607749775,False
saturation_scan,49,v17_opening1.255_Hxx,heldout,eV/L0^2,"[1.024703209064296, 0.0, 0.0]",-0.8591645505462155,0.1,-0.22249818825486192,6.366663622913536,False
saturation_scan,50,v17_opening1.555_Haa,heldout,eV/L0^2,"[1.269652183342614, 0.0, 0.0]",-0.9598397042596563,0.1,-0.385049169575501,5.747905346841553,False
saturation_scan,51,v17_opening1.555_Hxx,heldout,eV/L0^2,"[1.269652183342614, 0.0, 0.0]",-0.8905810007935903,0.1,-0.06661176152692062,8.239692392666695,False
saturation_scan,52,v17_opening1.855_Haa,heldout,eV/L0^2,"[1.5146011576209317, 0.0, 0.0]",0.33758173393615254,0.1,-0.1001322688298442,-4.3771400276599675,True
saturation_scan,53,v17_opening1.855_Hxx,heldout,eV/L0^2,"[1.5146011576209317, 0.0, 0.0]",-0.0764657682265532,0.1,-0.011261124963601099,0.6520464326295209,False
saturation_scan,54,v17_opening2.455_Haa,heldout,eV/L0^2,"[2.0044991061775677, 0.0, 0.0]",1.5212189106347462,0.15212189106347462,-0.17916226342343564,-11.177754642483889,True
saturation_scan,55,v17_opening2.455_Hxx,heldout,eV/L0^2,"[2.0044991061775677, 0.0, 0.0]",0.04446583977668427,0.1,-0.00016943951707017827,-0.4463527929375445,False
saturation_scan,56,v17_opening3.75_Haa,heldout,eV/L0^2,"[3.0618621784789726, 0.0, 0.0]",0.0,0.1,-0.08916925767685965,-0.8916925767685965,False
saturation_scan,57,v17_opening3.75_Hxx,heldout,eV/L0^2,"[3.0618621784789726, 0.0, 0.0]",0.0,0.1,-1.7250489142609091e-09,-1.725048914260909e-08,False
saturation_scan,58,v19_new_0_Haa,heldout,eV/L0^2,"[0.8099646082803043, 0.0, 0.0]",20.302032153219432,2.030203215321943,14.663546517504503,-2.7773011061953206,False
saturation_scan,59,v19_new_0_Hxx,heldout,eV/L0^2,"[0.8099646082803043, 0.0, 0.0]",4.57090105595751,0.45709010559575103,1.7891887037121184,-6.085698023631098,False
saturation_scan,60,v19_new_1_Haa,heldout,eV/L0^2,"[0.8393584851937024, 0.0, 0.0]",17.415188636660293,1.7415188636660295,8.725535561184111,-4.9896979336668235,False
saturation_scan,61,v19_new_1_Hxx,heldout,eV/L0^2,"[0.8393584851937024, 0.0, 0.0]",3.8361643120715834,0.3836164312071584,0.8030554000643481,-7.906618865262612,False
saturation_scan,62,v19_new_2_Haa,heldout,eV/L0^2,"[0.9348885851622464, 0.0, 0.0]",5.20946471789603,0.5209464717896031,0.37427207598752693,-9.281553679206631,False
saturation_scan,63,v19_new_2_Hxx,heldout,eV/L0^2,"[0.9348885851622464, 0.0, 0.0]",0.9642979846199059,0.1,-0.15347561384079342,-11.177735984606993,True
saturation_scan,64,v19_new_3_Haa,heldout,eV/L0^2,"[1.081857969729237, 0.0, 0.0]",-4.940080180276789,0.4940080180276789,-0.9789127435452059,8.018427418539677,False
saturation_scan,65,v19_new_3_Hxx,heldout,eV/L0^2,"[1.081857969729237, 0.0, 0.0]",-1.007259835979608,0.10072598359796081,-0.1871762188362167,8.141728557515858,False
saturation_scan,66,v19_new_4_Haa,heldout,eV/L0^2,"[1.392126670481773, 0.0, 0.0]",0.9032785116339533,0.1,-0.17673779608708762,-10.800163077210408,True
saturation_scan,67,v19_new_4_Hxx,heldout,eV/L0^2,"[1.392126670481773, 0.0, 0.0]",0.6453579543796875,0.1,-0.02852629800299159,-6.73884252382679,False
saturation_scan,68,v19_new_5_Haa,heldout,eV/L0^2,"[1.775880063517804, 0.0, 0.0]",-2.478203100860398,0.2478203100860398,-0.12843197485225916,9.481753635092824,False
saturation_scan,69,v19_new_5_Hxx,heldout,eV/L0^2,"[1.775880063517804, 0.0, 0.0]",0.0933444416558671,0.1,-0.0012912501474445645,-0.9463569180331166,False
saturation_scan,70,v19_new_6_Haa,heldout,eV/L0^2,"[0.8638533826215342, 0.173, -0.043]",16.75498366183509,1.6754983661835092,11.364611461990071,-3.217175443819346,False
saturation_scan,71,v19_new_6_Hxx,heldout,eV/L0^2,"[0.8638533826215342, 0.173, -0.043]",1.866294182504276,0.18662941825042761,0.6248843238490518,-6.651737278575479,False
saturation_scan,72,v19_new_7_Haa,heldout,eV/L0^2,"[0.9716309313039939, 0.367, 0.081]",3.3869832062735408,0.3386983206273541,0.8285820487615861,-7.553628115938558,False
saturation_scan,73,v19_new_7_Hxx,heldout,eV/L0^2,"[0.9716309313039939, 0.367, 0.081]",-0.5656137494473082,0.1,-0.06018159576995507,5.054321536773531,False
saturation_scan,74,v19_new_8_Haa,heldout,eV/L0^2,"[0.816496580927726, 0.317, 0.0]",34.71656366870985,3.4716563668709854,47.495629315736224,3.6809707806836256,False
saturation_scan,75,v19_new_8_Hxx,heldout,eV/L0^2,"[0.816496580927726, 0.317, 0.0]",-0.974896485841256,0.1,-0.22395582457988766,7.509406612613683,False
saturation_scan,76,v19_new_9_Haa,heldout,eV/L0^2,"[0.8287440296416418, 0.413, 0.219]",14.396252629283666,1.4396252629283666,14.701973799619394,0.2123616320221105,False
saturation_scan,77,v19_new_9_Hxx,heldout,eV/L0^2,"[0.8287440296416418, 0.413, 0.219]",-0.11946413441426519,0.1,-0.4827264411641422,-3.6326230674987703,False
saturation_scan,78,v19_power_new_0_Haa,heldout,eV/L0^2,"[0.801799642471027, 0.0, 0.0]",21.133296310436656,2.1133296310436656,17.067102929721273,-1.9240696392011962,False
saturation_scan,79,v19_power_new_0_Hxx,heldout,eV/L0^2,"[0.801799642471027, 0.0, 0.0]",4.803281906544594,0.4803281906544594,2.0236232244111214,-5.786998839993374,False
saturation_scan,80,v19_power_new_1_Haa,heldout,eV/L0^2,"[0.8589544031359678, 0.0, 0.0]",15.66515497295868,1.5665154972958681,5.889696675090428,-6.240256361806013,False
saturation_scan,81,v19_power_new_1_Hxx,heldout,eV/L0^2,"[0.8589544031359678, 0.0, 0.0]",3.4372637547611467,0.3437263754761147,0.4327317428398578,-8.741057498888596,False
saturation_scan,82,v19_power_new_2_Haa,heldout,eV/L0^2,"[0.953668006523584, 0.0, 0.0]",1.5124016664736504,0.15124016664736506,-0.17812428433255897,-11.177757789356827,True
saturation_scan,83,v19_power_new_2_Hxx,heldout,eV/L0^2,"[0.953668006523584, 0.0, 0.0]",0.07390822082095283,0.1,-0.19500940777454712,-2.6891762859549995,False
saturation_scan,84,v19_power_new_3_Haa,heldout,eV/L0^2,"[1.1308477645849007, 0.0, 0.0]",-6.006053628734572,0.6006053628734572,-0.826039602594097,8.624654967045078,False
saturation_scan,85,v19_power_new_3_Hxx,heldout,eV/L0^2,"[1.1308477645849007, 0.0, 0.0]",-1.4153601110072371,0.14153601110072372,-0.14992300498612526,8.94074303903172,False
saturation_scan,86,v19_power_new_4_Haa,heldout,eV/L0^2,"[1.4411164653374364, 0.0, 0.0]",0.9838769358246306,0.1,-0.1338988432507244,-11.17775779075355,True
saturation_scan,87,v19_power_new_4_Hxx,heldout,eV/L0^2,"[1.4411164653374364, 0.0, 0.0]",0.5300888191539206,0.1,-0.019834114484979466,-5.499229336389001,False
saturation_scan,88,v19_power_new_5_Haa,heldout,eV/L0^2,"[1.8656946874198541, 0.0, 0.0]",-2.5224317074829634,0.25224317074829633,-0.1519794706816372,9.39748826407954,False
saturation_scan,89,v19_power_new_5_Hxx,heldout,eV/L0^2,"[1.8656946874198541, 0.0, 0.0]",-0.10536285587305545,0.1,-0.0005886079650126464,1.047742479080428,False
saturation_scan,90,v19_power_new_6_Haa,heldout,eV/L0^2,"[0.8507894373266905, 0.193, -0.063]",22.032873653678617,2.2032873653678617,18.106746193731723,-1.7819407135262115,False
saturation_scan,91,v19_power_new_6_Hxx,heldout,eV/L0^2,"[0.8507894373266905, 0.193, -0.063]",1.976588687531336,0.19765886875313363,0.9999615476884265,-4.940973030978284,False
saturation_scan,92,v19_power_new_7_Haa,heldout,eV/L0^2,"[0.9593834825900781, 0.347, 0.061]",3.6257942400934606,0.36257942400934606,1.4473059361049352,-6.008306483305494,False
saturation_scan,93,v19_power_new_7_Hxx,heldout,eV/L0^2,"[0.9593834825900781, 0.347, 0.061]",-0.7324824081355719,0.1,-0.017725640509868305,7.147567676257035,False
saturation_scan,94,v19_power_new_8_Haa,heldout,eV/L0^2,"[0.816496580927726, 0.337, 0.0]",35.390692237109825,3.5390692237109826,51.28033549564478,4.489780293665309,False
saturation_scan,95,v19_power_new_8_Hxx,heldout,eV/L0^2,"[0.816496580927726, 0.337, 0.0]",-1.532495429303305,0.15324954293033052,-0.7078858488145441,5.380828971631194,False
saturation_scan,96,v19_power_new_9_Haa,heldout,eV/L0^2,"[0.834459505708136, 0.393, 0.229]",13.640977289265752,1.3640977289265752,13.544332749366701,-0.07084869203257302,False
saturation_scan,97,v19_power_new_9_Hxx,heldout,eV/L0^2,"[0.834459505708136, 0.393, 0.229]",-0.0018561341338510467,0.1,-0.35563354252132945,-3.5377740838747838,False
saturation_scan,98,v20_new_0_Haa,heldout,eV/L0^2,"[0.8189460706705092, 0.0, 0.0]",19.407850341619266,1.9407850341619266,11.824604351829587,-3.90730856653802,False
saturation_scan,99,v20_new_0_Hxx,heldout,eV/L0^2,"[0.8189460706705092, 0.0, 0.0]",4.329394100444026,0.4329394100444026,2.3078079435251198,-4.6694435988434755,False
saturation_scan,100,v20_new_1_Haa,heldout,eV/L0^2,"[0.8360924988699915, 0.0, 0.0]",17.703231197779825,1.7703231197779825,9.243993912542864,-4.778357798489261,False
saturation_scan,101,v20_new_1_Hxx,heldout,eV/L0^2,"[0.8360924988699915, 0.0, 0.0]",3.9093512902826126,0.3909351290282613,0.8946432921445968,-7.711530057765871,False
saturation_scan,102,v20_new_2_Haa,heldout,eV/L0^2,"[0.8793668176591609, 0.0, 0.0]",13.514055878705095,1.3514055878705096,3.6898489877470237,-7.2696213328810195,False
saturation_scan,103,v20_new_2_Hxx,heldout,eV/L0^2,"[0.8793668176591609, 0.0, 0.0]",2.9805611045837717,0.29805611045837715,0.17502411997304698,-9.412781305829029,False
saturation_scan,104,v20_new_3_Haa,heldout,eV/L0^2,"[1.0067402842838862, 0.0, 0.0]",-2.2820717486649773,0.22820717486649775,-0.9154110251189533,5.9886842924440336,False
saturation_scan,105,v20_new_3_Hxx,heldout,eV/L0^2,"[1.0067402842838862, 0.0, 0.0]",-0.8053213981525169,0.1,-0.22727767168628302,5.780437264662339,False
saturation_scan,106,v20_new_4_Haa,heldout,eV/L0^2,"[1.254955244885915, 0.0, 0.0]",-1.9854681988380205,0.19854681988380207,-0.42187464328335506,7.8751881116491615,False
saturation_scan,107,v20_new_4_Hxx,heldout,eV/L0^2,"[1.254955244885915, 0.0, 0.0]",-1.0730096719553677,0.10730096719553678,-0.07323580287151911,9.317473040685085,False
saturation_scan,108,v20_new_5_Haa,heldout,eV/L0^2,"[1.486840273869389, 0.0, 0.0]",0.4318686304614479,0.1,-0.1092295694887403,-5.410981999501883,True
saturation_scan,109,v20_new_5_Hxx,heldout,eV/L0^2,"[1.486840273869389, 0.0, 0.0]",0.05966529359502488,0.1,-0.013984163870185261,-0.7364945746521013,False
saturation_scan,110,v20_new_6_Haa,heldout,eV/L0^2,"[1.6795334669683324, 0.0, 0.0]",-1.7417609490586863,0.17417609490586863,-0.10431960390248028,9.401068189300842,False
saturation_scan,111,v20_new_6_Hxx,heldout,eV/L0^2,"[1.6795334669683324, 0.0, 0.0]",0.20899465255336805,0.1,-0.0029373626823911993,-2.1193201523575924,False
saturation_scan,112,v20_new_7_Haa,heldout,eV/L0^2,"[0.8271110364797863, 0.083, -0.041]",21.501318205218237,2.150131820521824,13.895510611957384,-3.5373680444462097,False
saturation_scan,113,v20_new_7_Hxx,heldout,eV/L0^2,"[0.8271110364797863, 0.083, -0.041]",4.662002299739686,0.4662002299739686,1.4644124889731391,-6.858833619505275,False
saturation_scan,114,v20_new_8_Haa,heldout,eV/L0^2,"[0.8548719202313291, 0.213, 0.079]",14.458727489192233,1.4458727489192233,10.780688311192863,-2.543819420311138,False
saturation_scan,115,v20_new_8_Hxx,heldout,eV/L0^2,"[0.8548719202313291, 0.213, 0.079]",0.86111106885732,0.1,0.3851061656200256,-4.760049032372944,False
saturation_scan,116,v20_new_9_Haa,heldout,eV/L0^2,"[0.9005957287632818, 0.383, 0.183]",11.056850642860084,1.1056850642860085,4.253202416382659,-6.153332848780816,False
saturation_scan,117,v20_new_9_Hxx,heldout,eV/L0^2,"[0.9005957287632818, 0.383, 0.183]",0.0757661767331005,0.1,-0.45549332801350084,-5.312595047466013,False
saturation_scan,118,v20_new_10_Haa,heldout,eV/L0^2,"[0.8107811048612319, 0.123, -0.021]",26.40271381173358,2.640271381173358,21.35871045714256,-1.9104109488735297,False
saturation_scan,119,v20_new_10_Hxx,heldout,eV/L0^2,"[0.8107811048612319, 0.123, -0.021]",4.254835571305176,0.42548355713051766,2.146484337853701,-4.9551885099163435,False
saturation_scan,120,v20_new_11_Haa,heldout,eV/L0^2,"[1.0230702159024407, 0.443, 0.163]",2.8654264155114735,0.28654264155114734,-0.33747782806985954,-11.177757789357228,True
saturation_scan,121,v20_new_11_Hxx,heldout,eV/L0^2,"[1.0230702159024407, 0.443, 0.163]",-0.12044589256531853,0.1,-0.2574154813979231,-1.3696958883260457,False
saturation_scan,122,v32_q0_H00,fit,eV/L0^2,,1.6071853175180872,0.3871874135709727,1.5074665650069998,-0.2575464723695329,False
saturation_scan,123,v32_q0_H11,fit,eV/L0^2,,3.778484710232485,0.3871874135709727,3.9930625606604595,0.5541963475748204,False
saturation_scan,124,v32_q0_H22,fit,eV/L0^2,,5.5400914279154465,0.3871874135709727,5.853821625398071,0.8102799483824563,False
saturation_scan,125,v32_q0_H01,fit,eV/L0^2,,-1.5177286414361958e-17,0.3871874135709727,2.8982645958382155e-16,7.877418927055989e-16,False
saturation_scan,126,v32_q0_H02,fit,eV/L0^2,,-9.45828328360523e-17,0.3871874135709727,-1.4027416337713621e-16,-1.180083053828622e-16,False
saturation_scan,127,v32_q0_H12,fit,eV/L0^2,,-3.523213435365955,0.3871874135709727,-3.7215181294766033,-0.5121672016187542,False
saturation_scan,128,v32_q1_H00,fit,eV/L0^2,,11.020541195662586,2.565934883399439,7.897089179490443,-1.2172764150717987,False
saturation_scan,129,v32_q1_H11,fit,eV/L0^2,,27.51034114112903,2.565934883399439,48.278029117239974,8.093614577076561,False
saturation_scan,130,v32_q1_H22,fit,eV/L0^2,,37.17324859129323,2.565934883399439,65.85464722119372,11.177757789356829,False
saturation_scan,131,v32_q1_H01,fit,eV/L0^2,,-8.047950485487693e-17,2.565934883399439,-5.959975978138733e-15,-2.29136620392116e-15,False
saturation_scan,132,v32_q1_H02,fit,eV/L0^2,,1.6095900970975385e-16,2.565934883399439,-1.8390833039376443e-16,-1.3440221820696641e-16,False
saturation_scan,133,v32_q1_H12,fit,eV/L0^2,,-19.325814900328513,2.565934883399439,-35.15323620791007,-6.168286424561501,False
saturation_scan,134,v32_q2_H00,fit,eV/L0^2,,2.553605837827099,0.581483715936639,2.561062886929445,0.01282417529153781,False
saturation_scan,135,v32_q2_H11,fit,eV/L0^2,,2.5536058378271016,0.581483715936639,2.561062886929437,0.01282417529151948,False
saturation_scan,136,v32_q2_H22,fit,eV/L0^2,,11.054750979095974,0.581483715936639,11.169996695914904,0.19819250936940605,False
saturation_scan,137,v32_q2_H01,fit,eV/L0^2,,-6.305904423508818e-34,0.581483715936639,-8.696745482288515e-17,-1.4956129026382144e-16,False
saturation_scan,138,v32_q2_H02,fit,eV/L0^2,,-6.040516937618709e-17,0.581483715936639,1.2713131011156361e-14,2.1967143413392526e-14,False
saturation_scan,139,v32_q2_H12,fit,eV/L0^2,,-1.5741639952321403e-15,0.581483715936639,4.193384878623243e-15,9.918676509393155e-15,False
saturation_scan,140,v32_q3_H00,fit,eV/L0^2,,15.117824325030192,3.6510653206716435,15.07463312837124,-0.01182975183007875,False
saturation_scan,141,v32_q3_H11,fit,eV/L0^2,,15.117824325030208,3.6510653206716435,15.074633128371843,-0.011829751829917709,False
saturation_scan,142,v32_q3_H22,fit,eV/L0^2,,69.82130022908126,3.6510653206716435,69.41415468112343,-0.11151417797228755,False
saturation_scan,143,v32_q3_H01,fit,eV/L0^2,,-2.6155839077835e-16,3.6510653206716435,4.4583394962829646e-15,1.292745396895022e-15,False
saturation_scan,144,v32_q3_H02,fit,eV/L0^2,,-1.2237589896675819e-15,3.6510653206716435,-1.5756046680179834e-14,-3.980286961242019e-15,False
saturation_scan,145,v32_q3_H12,fit,eV/L0^2,,-1.066647511748027e-14,3.6510653206716435,-1.1351475455161431e-14,-1.8761656599316879e-16,False
refined_continuation,0,normal_strain_force_ev,exact,eV/strain,,0.0,0.1,1.3322676295501878e-15,1.3322676295501878e-14,False
refined_continuation,1,cohesive_ev_atom,exact,eV/atom,,3.36,0.0672,3.3599999999999985,-1.9825411154020654e-14,False
refined_continuation,2,C11_GPa,exact,GPa,,113.99999999999996,5.699999999999998,114.0,7.479397218527373e-15,False
refined_continuation,3,C12_GPa,exact,GPa,,62.000000000000014,3.100000000000001,62.000000000000284,8.709878696414129e-14,False
refined_continuation,4,C44_GPa,exact,GPa,,32.0,1.6,31.999999999999993,-4.440892098500626e-15,False
refined_continuation,5,perfect_Haa,exact,eV/L0^2,"[0.816496580927726, 0.0, 0.0]",19.66091286328976,1.9660912863289761,19.66091286328976,0.0,False
refined_continuation,6,perfect_Hxx,exact,eV/L0^2,"[0.816496580927726, 0.0, 0.0]",4.393593035123306,0.43935930351233066,4.393593035123304,-4.043061852109834e-15,False
refined_continuation,7,saddle_Haa,fit,eV/L0^2,"[0.8492922641076963, 0.3714061259442337, 0.2144314267925794]",12.717337762538286,1.2717337762538286,14.615682923906562,1.4927221379306832,False
refined_continuation,8,saddle_Hxx,fit,eV/L0^2,"[0.8492922641076963, 0.3714061259442337, 0.2144314267925794]",-0.18642463121762062,0.018642463121762064,-0.3913456749259042,-10.992165700951361,False
refined_continuation,9,fault_Haa,fit,eV/L0^2,"[0.8356612484876702, 0.5, 0.28867513459481275]",14.140554350039636,1.4140554350039638,14.235932628497729,0.06745016927700927,False
refined_continuation,10,fault_Hxx,fit,eV/L0^2,"[0.8356612484876702, 0.5, 0.28867513459481275]",2.4858929774856264,0.24858929774856264,0.2050974976473714,-9.174954434865418,False
refined_continuation,11,saddle_normal_path_coupling,fit,eV/L0^2,"[0.8492922641076963, 0.3714061259442337, 0.2144314267925794]",1.2055891043737141,0.12055891043737142,0.24181860353761775,-7.994187218013727,False
refined_continuation,12,new_direct_017_Haa,fit,eV/L0^2,"[0.816496580927726, 0.17, 0.0]",26.109437232644353,2.6109437232644357,16.52322759592454,-3.6715496972620603,False
refined_continuation,13,new_direct_039_Haa,fit,eV/L0^2,"[0.816496580927726, 0.39, 0.0]",36.31678531793335,3.6316785317933356,39.43896489384103,0.8597070331458926,False
refined_continuation,14,new_raised_direct_Haa,fit,eV/L0^2,"[0.8695688586880281, 0.29, 0.0]",20.00400949091716,2.000400949091716,9.797395659636326,-5.1022840375651475,False
refined_continuation,15,new_off_path_positive_Haa,fit,eV/L0^2,"[0.8532389270694737, 0.19, 0.085]",13.446420569551602,1.3446420569551603,11.91530788246794,-1.138676779566712,False
refined_continuation,16,new_off_path_negative_Haa,fit,eV/L0^2,"[0.9144761706390533, 0.37, -0.095]",13.5831841481301,1.35831841481301,7.717177810685923,-4.318579703752089,False
refined_continuation,17,new_shockley_058_Haa,fit,eV/L0^2,"[0.816496580927726, 0.29, 0.16743157806499145]",23.107568998056017,2.3107568998056016,17.16155446822379,-2.5731891270485656,False
refined_continuation,18,v16_direct011_Haa,fit,eV/L0^2,"[0.816496580927726, 0.11, 0.0]",23.17866876533168,2.317866876533168,12.388373396460004,-4.655269669762361,False
refined_continuation,19,v16_direct031_Haa,fit,eV/L0^2,"[0.816496580927726, 0.31, 0.0]",34.460781638400974,3.4460781638400975,30.678474955550723,-1.097568454058361,False
refined_continuation,20,v16_raised043_Haa,fit,eV/L0^2,"[0.8899812732112214, 0.43, 0.0]",18.238440853611248,1.8238440853611249,10.074394790784122,-4.476285077411443,False
refined_continuation,21,v16_off_plus_Haa,fit,eV/L0^2,"[0.8369089954509191, 0.23, 0.065]",20.981095919956758,2.098109591995676,11.84829777910907,-4.3528699242830164,False
refined_continuation,22,v16_off_minus_Haa,fit,eV/L0^2,"[0.9471360338761622, 0.32, -0.12]",5.497617912510364,0.5497617912510364,8.870419119019205,6.13502295027398,False
refined_continuation,23,v16_shockley043_Haa,fit,eV/L0^2,"[0.816496580927726, 0.215, 0.12413030787576952]",25.03469226049791,2.5034692260497913,15.71231319563112,-3.723784166333258,False
refined_continuation,24,v16_opening1.21_Haa,fit,eV/L0^2,"[0.9879608629225485, 0.0, 0.0]",-1.3832350292334812,0.13832350292334814,-0.7400289714651692,4.650012790123918,False
refined_continuation,25,v16_opening1.62_Haa,fit,eV/L0^2,"[1.3227244611029163, 0.0, 0.0]",-0.15582859326870177,0.1,-0.28774300333308156,-1.3191441006437978,False
refined_continuation,26,v16_opening1.93_Haa,fit,eV/L0^2,"[1.575838401190511, 0.0, 0.0]",-0.6638075680371565,0.1,-0.060161633872514504,6.036459341646419,False
refined_continuation,27,v16_opening2.71_Haa,fit,eV/L0^2,"[2.2127057343141376, 0.0, 0.0]",0.0,0.1,-0.16624411178963014,-1.6624411178963012,False
refined_continuation,28,v16_opening4.3_Haa,fit,eV/L0^2,"[3.5109352979892217, 0.0, 0.0]",0.0,0.1,-0.044863051044159254,-0.4486305104415925,False
refined_continuation,29,v16_opening6.2_Haa,fit,eV/L0^2,"[5.062278801751901, 0.0, 0.0]",0.0,0.1,-0.008293177300568123,-0.08293177300568122,False
refined_continuation,30,v17_near_0.985_Haa,fit,eV/L0^2,"[0.8042491322138101, 0.0, 0.0]",20.878110673451364,2.0878110673451364,23.151644940134588,1.0889559415806018,False
refined_continuation,31,v17_near_1.015_Haa,fit,eV/L0^2,"[0.8287440296416418, 0.0, 0.0]",18.39295935022696,1.839295935022696,11.930534426768098,-3.5135318903312416,False
refined_continuation,32,v17_near_1.065_Haa,fit,eV/L0^2,"[0.8695688586880281, 0.0, 0.0]",14.605604041867348,1.4605604041867348,2.1859324548650205,-8.503360457671597,False
refined_continuation,33,v17_near_1.095_Haa,fit,eV/L0^2,"[0.89406375611586, 0.0, 0.0]",11.545874277606002,1.1545874277606003,1.8070231284807858,-8.43491875536387,False
refined_continuation,34,v17_direct023_Haa,heldout,eV/L0^2,"[0.816496580927726, 0.23, 0.0]",29.67272464413389,2.967272464413389,21.82218897998925,-2.645707719225791,False
refined_continuation,35,v17_direct023_Hxx,heldout,eV/L0^2,"[0.816496580927726, 0.23, 0.0]",1.5318476269016676,0.1531847626901668,1.5049142467658208,-0.17582284075030785,False
refined_continuation,36,v17_direct047_Haa,heldout,eV/L0^2,"[0.816496580927726, 0.47, 0.0]",35.337517734960244,3.5337517734960247,44.63233263162126,2.63029649291564,False
refined_continuation,37,v17_direct047_Hxx,heldout,eV/L0^2,"[0.816496580927726, 0.47, 0.0]",-7.290154929569364,0.7290154929569365,-3.1117896349499343,5.73151782779224,False
refined_continuation,38,v17_off_plus_Haa,heldout,eV/L0^2,"[0.8777338244973054, 0.27, 0.095]",13.145916399036436,1.3145916399036437,9.204814133774743,-2.9979669318074817,False
refined_continuation,39,v17_off_plus_Hxx,heldout,eV/L0^2,"[0.8777338244973054, 0.27, 0.095]",0.5867789207029961,0.1,0.11449360134810303,-4.72285319354893,False
refined_continuation,40,v17_off_minus_Haa,heldout,eV/L0^2,"[0.9267236193529691, 0.41, -0.07]",11.464221151869252,1.1464221151869252,4.968438590226796,-5.666135078511908,False
refined_continuation,41,v17_off_minus_Hxx,heldout,eV/L0^2,"[0.9267236193529691, 0.41, -0.07]",-2.835312235036081,0.2835312235036081,-0.14178463185254903,9.499932917085781,False
refined_continuation,42,v17_shockley067_Haa,heldout,eV/L0^2,"[0.8450739612601964, 0.335, 0.19341234017852463]",14.560238367523052,1.4560238367523053,14.766554130755146,0.14169806704008808,False
refined_continuation,43,v17_shockley067_Hxx,heldout,eV/L0^2,"[0.8450739612601964, 0.335, 0.19341234017852463]",0.4530475235373633,0.1,-0.03817182735448495,-4.912193508918482,False
refined_continuation,44,v17_compression_Haa,heldout,eV/L0^2,"[0.7944511732426774, 0.08, -0.025]",26.962376342241654,2.6962376342241656,17.683291976055312,-3.441493527278196,False
refined_continuation,45,v17_compression_Hxx,heldout,eV/L0^2,"[0.7944511732426774, 0.08, -0.025]",5.568444170552721,0.5568444170552721,1.3329728038614699,-7.606202445360677,False
refined_continuation,46,v17_opening1.045_Haa,heldout,eV/L0^2,"[0.8532389270694737, 0.0, 0.0]",16.173163667497242,1.6173163667497243,5.020099813735251,-6.896031032058368,False
refined_continuation,47,v17_opening1.045_Hxx,heldout,eV/L0^2,"[0.8532389270694737, 0.0, 0.0]",3.5468340021412335,0.35468340021412337,0.7276052685504556,-7.948578173911724,False
refined_continuation,48,v17_opening1.255_Haa,heldout,eV/L0^2,"[1.024703209064296, 0.0, 0.0]",-3.07660296796585,0.307660296796585,-1.0158589328162728,6.698114955379095,False
refined_continuation,49,v17_opening1.255_Hxx,heldout,eV/L0^2,"[1.024703209064296, 0.0, 0.0]",-0.8591645505462155,0.1,-0.1692531519577004,6.899113985885151,False
refined_continuation,50,v17_opening1.555_Haa,heldout,eV/L0^2,"[1.269652183342614, 0.0, 0.0]",-0.9598397042596563,0.1,-0.4187647593207823,5.41074944938874,False
refined_continuation,51,v17_opening1.555_Hxx,heldout,eV/L0^2,"[1.269652183342614, 0.0, 0.0]",-0.8905810007935903,0.1,-0.0641689928532514,8.264120079403389,False
refined_continuation,52,v17_opening1.855_Haa,heldout,eV/L0^2,"[1.5146011576209317, 0.0, 0.0]",0.33758173393615254,0.1,-0.07189939018620081,-4.094811241223534,False
refined_continuation,53,v17_opening1.855_Hxx,heldout,eV/L0^2,"[1.5146011576209317, 0.0, 0.0]",-0.0764657682265532,0.1,-0.011621448729843513,0.6484431949670968,False
refined_continuation,54,v17_opening2.455_Haa,heldout,eV/L0^2,"[2.0044991061775677, 0.0, 0.0]",1.5212189106347462,0.15212189106347462,-0.15093012268022266,-10.99216570097229,False
refined_continuation,55,v17_opening2.455_Hxx,heldout,eV/L0^2,"[2.0044991061775677, 0.0, 0.0]",0.04446583977668427,0.1,-0.0001780171084262046,-0.4464385688511048,False
refined_continuation,56,v17_opening3.75_Haa,heldout,eV/L0^2,"[3.0618621784789726, 0.0, 0.0]",0.0,0.1,-0.07920929256445289,-0.7920929256445288,False
refined_continuation,57,v17_opening3.75_Hxx,heldout,eV/L0^2,"[3.0618621784789726, 0.0, 0.0]",0.0,0.1,-1.8778706367896175e-09,-1.8778706367896175e-08,False
refined_continuation,58,v19_new_0_Haa,heldout,eV/L0^2,"[0.8099646082803043, 0.0, 0.0]",20.302032153219432,2.030203215321943,22.921219750982953,1.2901110479958422,False
refined_continuation,59,v19_new_0_Hxx,heldout,eV/L0^2,"[0.8099646082803043, 0.0, 0.0]",4.57090105595751,0.45709010559575103,5.999039025526565,3.124412346899706,False
refined_continuation,60,v19_new_1_Haa,heldout,eV/L0^2,"[0.8393584851937024, 0.0, 0.0]",17.415188636660293,1.7415188636660295,9.846336934834593,-4.346120998019334,False
refined_continuation,61,v19_new_1_Hxx,heldout,eV/L0^2,"[0.8393584851937024, 0.0, 0.0]",3.8361643120715834,0.3836164312071584,1.425722656729767,-6.283468223080734,False
refined_continuation,62,v19_new_2_Haa,heldout,eV/L0^2,"[0.9348885851622464, 0.0, 0.0]",5.20946471789603,0.5209464717896031,0.35810954471010026,-9.312578999758095,False
refined_continuation,63,v19_new_2_Hxx,heldout,eV/L0^2,"[0.9348885851622464, 0.0, 0.0]",0.9642979846199059,0.1,-0.1349185854717369,-10.992165700916427,True
refined_continuation,64,v19_new_3_Haa,heldout,eV/L0^2,"[1.081857969729237, 0.0, 0.0]",-4.940080180276789,0.4940080180276789,-1.0430258214079426,7.8886459665731525,False
refined_continuation,65,v19_new_3_Hxx,heldout,eV/L0^2,"[1.081857969729237, 0.0, 0.0]",-1.007259835979608,0.10072598359796081,-0.15293201840940907,8.481702407396446,False
refined_continuation,66,v19_new_4_Haa,heldout,eV/L0^2,"[1.392126670481773, 0.0, 0.0]",0.9032785116339533,0.1,-0.1687333485810995,-10.720118602150528,True
refined_continuation,67,v19_new_4_Hxx,heldout,eV/L0^2,"[1.392126670481773, 0.0, 0.0]",0.6453579543796875,0.1,-0.028750411411133645,-6.741083657908211,False
refined_continuation,68,v19_new_5_Haa,heldout,eV/L0^2,"[1.775880063517804, 0.0, 0.0]",-2.478203100860398,0.2478203100860398,-0.09563048908400931,9.614113592825351,False
refined_continuation,69,v19_new_5_Hxx,heldout,eV/L0^2,"[1.775880063517804, 0.0, 0.0]",0.0933444416558671,0.1,-0.0013575584716555887,-0.9470200012752268,False
refined_continuation,70,v19_new_6_Haa,heldout,eV/L0^2,"[0.8638533826215342, 0.173, -0.043]",16.75498366183509,1.6754983661835092,7.224834564972547,-5.687948904761124,False
refined_continuation,71,v19_new_6_Hxx,heldout,eV/L0^2,"[0.8638533826215342, 0.173, -0.043]",1.866294182504276,0.18662941825042761,0.6530113302951758,-6.501026813366924,False
refined_continuation,72,v19_new_7_Haa,heldout,eV/L0^2,"[0.9716309313039939, 0.367, 0.081]",3.3869832062735408,0.3386983206273541,0.6606828991590471,-8.049346988389853,False
refined_continuation,73,v19_new_7_Hxx,heldout,eV/L0^2,"[0.9716309313039939, 0.367, 0.081]",-0.5656137494473082,0.1,-0.13933409407548444,4.262796553718237,False
refined_continuation,74,v19_new_8_Haa,heldout,eV/L0^2,"[0.816496580927726, 0.317, 0.0]",34.71656366870985,3.4716563668709854,31.496363093813386,-0.9275689280845625,False
refined_continuation,75,v19_new_8_Hxx,heldout,eV/L0^2,"[0.816496580927726, 0.317, 0.0]",-0.974896485841256,0.1,0.12432008425388175,10.992165700951377,True
refined_continuation,76,v19_new_9_Haa,heldout,eV/L0^2,"[0.8287440296416418, 0.413, 0.219]",14.396252629283666,1.4396252629283666,16.166611679605133,1.2297360263881096,False
refined_continuation,77,v19_new_9_Hxx,heldout,eV/L0^2,"[0.8287440296416418, 0.413, 0.219]",-0.11946413441426519,0.1,-0.7949867992108299,-6.755226647965647,False
refined_continuation,78,v19_power_new_0_Haa,heldout,eV/L0^2,"[0.801799642471027, 0.0, 0.0]",21.133296310436656,2.1133296310436656,22.40756872699431,0.6029690767778408,False
refined_continuation,79,v19_power_new_0_Hxx,heldout,eV/L0^2,"[0.801799642471027, 0.0, 0.0]",4.803281906544594,0.4803281906544594,7.546234302219963,5.710579659998773,False
refined_continuation,80,v19_power_new_1_Haa,heldout,eV/L0^2,"[0.8589544031359678, 0.0, 0.0]",15.66515497295868,1.5665154972958681,3.2250272313550985,-7.941273331210469,False
refined_continuation,81,v19_power_new_1_Hxx,heldout,eV/L0^2,"[0.8589544031359678, 0.0, 0.0]",3.4372637547611467,0.3437263754761147,0.466974730944878,-8.641434686825981,False
refined_continuation,82,v19_power_new_2_Haa,heldout,eV/L0^2,"[0.953668006523584, 0.0, 0.0]",1.5124016664736504,0.15124016664736506,-0.15005530595369015,-10.992165700951404,False
refined_continuation,83,v19_power_new_2_Hxx,heldout,eV/L0^2,"[0.953668006523584, 0.0, 0.0]",0.07390822082095283,0.1,-0.15180038814857186,-2.257086089695247,False
refined_continuation,84,v19_power_new_3_Haa,heldout,eV/L0^2,"[1.1308477645849007, 0.0, 0.0]",-6.006053628734572,0.6006053628734572,-0.8998696466903321,8.501728918328142,False
refined_continuation,85,v19_power_new_3_Hxx,heldout,eV/L0^2,"[1.1308477645849007, 0.0, 0.0]",-1.4153601110072371,0.14153601110072372,-0.1298113577726275,9.082838658776051,False
refined_continuation,86,v19_power_new_4_Haa,heldout,eV/L0^2,"[1.4411164653374364, 0.0, 0.0]",0.9838769358246306,0.1,-0.11533963427050553,-10.992165700951361,True
refined_continuation,87,v19_power_new_4_Hxx,heldout,eV/L0^2,"[1.4411164653374364, 0.0, 0.0]",0.5300888191539206,0.1,-0.0202163957421306,-5.503052148960512,False
refined_continuation,88,v19_power_new_5_Haa,heldout,eV/L0^2,"[1.8656946874198541, 0.0, 0.0]",-2.5224317074829634,0.25224317074829633,-0.12086707309003965,9.520831137939316,False
refined_continuation,89,v19_power_new_5_Hxx,heldout,eV/L0^2,"[1.8656946874198541, 0.0, 0.0]",-0.10536285587305545,0.1,-0.0006194040995510573,1.047434517735044,False
refined_continuation,90,v19_power_new_6_Haa,heldout,eV/L0^2,"[0.8507894373266905, 0.193, -0.063]",22.032873653678617,2.2032873653678617,11.509783331511722,-4.776086173584514,False
refined_continuation,91,v19_power_new_6_Hxx,heldout,eV/L0^2,"[0.8507894373266905, 0.193, -0.063]",1.976588687531336,0.19765886875313363,1.1966564677974965,-3.94584986069073,False
refined_continuation,92,v19_power_new_7_Haa,heldout,eV/L0^2,"[0.9593834825900781, 0.347, 0.061]",3.6257942400934606,0.36257942400934606,1.0290261339098616,-7.161929040178141,False
refined_continuation,93,v19_power_new_7_Hxx,heldout,eV/L0^2,"[0.9593834825900781, 0.347, 0.061]",-0.7324824081355719,0.1,-0.08034694780244339,6.521354603331284,False
refined_continuation,94,v19_power_new_8_Haa,heldout,eV/L0^2,"[0.816496580927726, 0.337, 0.0]",35.390692237109825,3.5390692237109826,33.81333973447893,-0.4456969906276433,False
refined_continuation,95,v19_power_new_8_Hxx,heldout,eV/L0^2,"[0.816496580927726, 0.337, 0.0]",-1.532495429303305,0.15324954293033052,-0.3595584473624772,7.653771486118311,False
refined_continuation,96,v19_power_new_9_Haa,heldout,eV/L0^2,"[0.834459505708136, 0.393, 0.229]",13.640977289265752,1.3640977289265752,16.198815119576935,1.8751133266118518,False
refined_continuation,97,v19_power_new_9_Hxx,heldout,eV/L0^2,"[0.834459505708136, 0.393, 0.229]",-0.0018561341338510467,0.1,-0.4556418096747063,-4.537856755408552,False
refined_continuation,98,v20_new_0_Haa,heldout,eV/L0^2,"[0.8189460706705092, 0.0, 0.0]",19.407850341619266,1.9407850341619266,17.901549820888526,-0.7761295013186215,False
refined_continuation,99,v20_new_0_Hxx,heldout,eV/L0^2,"[0.8189460706705092, 0.0, 0.0]",4.329394100444026,0.4329394100444026,3.832752687041867,-1.147138379828307,False
refined_continuation,100,v20_new_1_Haa,heldout,eV/L0^2,"[0.8360924988699915, 0.0, 0.0]",17.703231197779825,1.7703231197779825,10.292967990667982,-4.185825245303902,False
refined_continuation,101,v20_new_1_Hxx,heldout,eV/L0^2,"[0.8360924988699915, 0.0, 0.0]",3.9093512902826126,0.3909351290282613,1.6017047907835544,-5.902888556562117,False
refined_continuation,102,v20_new_2_Haa,heldout,eV/L0^2,"[0.8793668176591609, 0.0, 0.0]",13.514055878705095,1.3514055878705096,2.109484559688026,-8.439044074834657,False
refined_continuation,103,v20_new_2_Hxx,heldout,eV/L0^2,"[0.8793668176591609, 0.0, 0.0]",2.9805611045837717,0.29805611045837715,0.028592743302356616,-9.904069259783387,False
refined_continuation,104,v20_new_3_Haa,heldout,eV/L0^2,"[1.0067402842838862, 0.0, 0.0]",-2.2820717486649773,0.22820717486649775,-0.9170777713885919,5.981380638338444,False
refined_continuation,105,v20_new_3_Hxx,heldout,eV/L0^2,"[1.0067402842838862, 0.0, 0.0]",-0.8053213981525169,0.1,-0.16999483230829646,6.353265658442204,False
refined_continuation,106,v20_new_4_Haa,heldout,eV/L0^2,"[1.254955244885915, 0.0, 0.0]",-1.9854681988380205,0.19854681988380207,-0.46149840448298823,7.675619258202793,False
refined_continuation,107,v20_new_4_Hxx,heldout,eV/L0^2,"[1.254955244885915, 0.0, 0.0]",-1.0730096719553677,0.10730096719553678,-0.07000181997126416,9.347612404614223,False
refined_continuation,108,v20_new_5_Haa,heldout,eV/L0^2,"[1.486840273869389, 0.0, 0.0]",0.4318686304614479,0.1,-0.08389489328233206,-5.157635237437799,False
refined_continuation,109,v20_new_5_Hxx,heldout,eV/L0^2,"[1.486840273869389, 0.0, 0.0]",0.05966529359502488,0.1,-0.01437182909737722,-0.7403712269240209,False
refined_continuation,110,v20_new_6_Haa,heldout,eV/L0^2,"[1.6795334669683324, 0.0, 0.0]",-1.7417609490586863,0.17417609490586863,-0.07050565750055908,9.595204740704153,False
refined_continuation,111,v20_new_6_Hxx,heldout,eV/L0^2,"[1.6795334669683324, 0.0, 0.0]",0.20899465255336805,0.1,-0.003077431372437446,-2.1207208392580545,False
refined_continuation,112,v20_new_7_Haa,heldout,eV/L0^2,"[0.8271110364797863, 0.083, -0.041]",21.501318205218237,2.150131820521824,9.945922080590853,-5.374273341912106,False
refined_continuation,113,v20_new_7_Hxx,heldout,eV/L0^2,"[0.8271110364797863, 0.083, -0.041]",4.662002299739686,0.4662002299739686,0.07638081329991891,-9.836163072454545,False
refined_continuation,114,v20_new_8_Haa,heldout,eV/L0^2,"[0.8548719202313291, 0.213, 0.079]",14.458727489192233,1.4458727489192233,10.168945440551212,-2.966915347043918,False
refined_continuation,115,v20_new_8_Hxx,heldout,eV/L0^2,"[0.8548719202313291, 0.213, 0.079]",0.86111106885732,0.1,0.4123297238676465,-4.487813449896735,False
refined_continuation,116,v20_new_9_Haa,heldout,eV/L0^2,"[0.9005957287632818, 0.383, 0.183]",11.056850642860084,1.1056850642860085,4.03257802039394,-6.352869229541451,False
refined_continuation,117,v20_new_9_Hxx,heldout,eV/L0^2,"[0.9005957287632818, 0.383, 0.183]",0.0757661767331005,0.1,-0.6448531775578783,-7.206193542909787,False
refined_continuation,118,v20_new_10_Haa,heldout,eV/L0^2,"[0.8107811048612319, 0.123, -0.021]",26.40271381173358,2.640271381173358,15.596390412928162,-4.092883586081594,False
refined_continuation,119,v20_new_10_Hxx,heldout,eV/L0^2,"[0.8107811048612319, 0.123, -0.021]",4.254835571305176,0.42548355713051766,1.4373732070099945,-6.62178906112445,False
refined_continuation,120,v20_new_11_Haa,heldout,eV/L0^2,"[1.0230702159024407, 0.443, 0.163]",2.8654264155114735,0.28654264155114734,-0.14067509158395552,-10.490939466539556,False
refined_continuation,121,v20_new_11_Hxx,heldout,eV/L0^2,"[1.0230702159024407, 0.443, 0.163]",-0.12044589256531853,0.1,-0.3311791787255069,-2.1073328616018836,False
refined_continuation,122,v32_q0_H00,fit,eV/L0^2,,1.6071853175180872,0.3871874135709727,1.4920364540381623,-0.2973982610073087,False
refined_continuation,123,v32_q0_H11,fit,eV/L0^2,,3.778484710232485,0.3871874135709727,3.9603159056802903,0.4696206257605404,False
refined_continuation,124,v32_q0_H22,fit,eV/L0^2,,5.5400914279154465,0.3871874135709727,5.779864636966797,0.619269120449856,False
refined_continuation,125,v32_q0_H01,fit,eV/L0^2,,-1.5177286414361958e-17,0.3871874135709727,4.86584399806284e-16,1.2959142488464992e-15,False
refined_continuation,126,v32_q0_H02,fit,eV/L0^2,,-9.45828328360523e-17,0.3871874135709727,-2.032528705364423e-16,-2.806652124823537e-16,False
refined_continuation,127,v32_q0_H12,fit,eV/L0^2,,-3.523213435365955,0.3871874135709727,-3.6390974625740693,-0.29929698938127386,False
refined_continuation,128,v32_q1_H00,fit,eV/L0^2,,11.020541195662586,2.565934883399439,7.180395532921781,-1.49658734038225,False
refined_continuation,129,v32_q1_H11,fit,eV/L0^2,,27.51034114112903,2.565934883399439,46.63191693546254,7.45208926307615,False
refined_continuation,130,v32_q1_H22,fit,eV/L0^2,,37.17324859129323,2.565934883399439,62.48255949687151,9.863582692343163,False
refined_continuation,131,v32_q1_H01,fit,eV/L0^2,,-8.047950485487693e-17,2.565934883399439,-3.0335296279941526e-16,-8.685857906466741e-17,False
refined_continuation,132,v32_q1_H02,fit,eV/L0^2,,1.6095900970975385e-16,2.565934883399439,-1.250898624767399e-15,-5.502312796834016e-16,False
refined_continuation,133,v32_q1_H12,fit,eV/L0^2,,-19.325814900328513,2.565934883399439,-31.701285122819673,-4.8229868585346605,False
refined_continuation,134,v32_q2_H00,fit,eV/L0^2,,2.553605837827099,0.581483715936639,2.5608127662849105,0.012394033160847563,False
refined_continuation,135,v32_q2_H11,fit,eV/L0^2,,2.5536058378271016,0.581483715936639,2.5608127662848967,0.012394033160819306,False
refined_continuation,136,v32_q2_H22,fit,eV/L0^2,,11.054750979095974,0.581483715936639,10.967371350175243,-0.1502701219757841,False
refined_continuation,137,v32_q2_H01,fit,eV/L0^2,,-6.305904423508818e-34,0.581483715936639,-6.097792725744737e-16,-1.048660961368896e-15,False
refined_continuation,138,v32_q2_H02,fit,eV/L0^2,,-6.040516937618709e-17,0.581483715936639,6.601774704400177e-15,1.1457207985687263e-14,False
refined_continuation,139,v32_q2_H12,fit,eV/L0^2,,-1.5741639952321403e-15,0.581483715936639,5.322769746345213e-15,1.186092327704818e-14,False
refined_continuation,140,v32_q3_H00,fit,eV/L0^2,,15.117824325030192,3.6510653206716435,15.07605936279326,-0.011439116687523268,False
refined_continuation,141,v32_q3_H11,fit,eV/L0^2,,15.117824325030208,3.6510653206716435,15.076059362793735,-0.011439116687397256,False
refined_continuation,142,v32_q3_H22,fit,eV/L0^2,,69.82130022908126,3.6510653206716435,70.5597091205949,0.202244776978629,False
refined_continuation,143,v32_q3_H01,fit,eV/L0^2,,-2.6155839077835e-16,3.6510653206716435,5.143480891689829e-15,1.4804005975641863e-15,False
refined_continuation,144,v32_q3_H02,fit,eV/L0^2,,-1.2237589896675819e-15,3.6510653206716435,2.46305174395431e-15,1.0097904063090475e-15,False
refined_continuation,145,v32_q3_H12,fit,eV/L0^2,,-1.066647511748027e-14,3.6510653206716435,-5.0259692417926685e-14,-1.084429168557382e-14,False
