profile,target,prediction,reference,scale,residual,selected_in_profile,exact
K_only,normal_strain_force_ev,-1.7763568394002505e-15,0.0,0.1,-1.7763568394002505e-14,False,True
K_only,cohesive_ev_atom,3.3599999999999897,3.36,0.0672,-1.5199481884749167e-13,False,True
K_only,C11_GPa,114.00000000000007,113.99999999999996,5.699999999999998,1.9945059249406326e-14,False,True
K_only,C12_GPa,61.999999999999794,62.000000000000014,3.100000000000001,-7.105427357600999e-14,False,True
K_only,C44_GPa,31.999999999999943,32.0,1.6,-3.552713678800501e-14,False,True
K_only,perfect_Haa,19.660912863289713,19.66091286328976,1.9660912863289761,-2.3490912220379255e-14,False,True
K_only,perfect_Hxx,4.3935930351233745,4.393593035123306,0.43935930351233066,1.5565788130622862e-13,False,True
K_only,saddle_energy_at_source_state,7.966115013506491e+54,0.07624909750742465,0.007624909750742465,1.0447487608270776e+57,False,False
K_only,saddle_normal_force_at_source_state,-1.590891968131268e+56,1.4903612010162394e-15,0.03173805605024358,-5.012569029472926e+57,False,False
K_only,fault_energy_at_source_state,5.6695538393077424e+54,0.06670794504308616,0.006670794504308616,8.49906834282756e+56,False,False
K_only,fault_normal_force_at_source_state,-8.904922533814347e+55,5.29078226360765e-15,0.03173805605024358,-2.80575550049985e+57,False,False
K_only,saddle_path_force_at_source_state,-2.838658816693427e+55,2.296700476743968e-16,0.03173805605024358,-8.944022318820125e+56,False,False
K_only,opening_1.1h_energy,3.3597165727355114e+52,0.05670265774764735,0.005670265774764736,5.9251483196568665e+54,False,False
K_only,opening_1.5h_energy,8.910895885743519e+53,0.4710312483934004,0.04710312483934004,1.8917844444794098e+55,False,False
K_only,opening_2h_energy,1.4720605778530335e+54,0.7060534019484034,0.07060534019484034,2.084913936808151e+55,False,False
K_only,opening_40h_energy,1.520571181119598e+54,0.7719163228888833,0.07719163228888834,1.9698653027945915e+55,False,False
K_only,direct_quarter_energy,5.541080045874423e+55,0.117221996542065,0.0117221996542065,4.726996817432649e+57,False,False
K_only,direct_half_energy,2.57175746248574e+56,0.26732847628894163,0.026732847628894163,9.62021516819652e+57,False,False
K_only,oblique_energy,1.7916718305936606e+55,0.13339289745734875,0.013339289745734876,1.3431538445789682e+57,False,False
K_only,opening_1.25h_energy,2.67658597999066e+53,0.24853683654490819,0.02485368365449082,1.0769373333948534e+55,False,False
K_only,opening_3h_energy,1.5204996604134993e+54,0.7719163228888833,0.07719163228888834,1.9697726493501988e+55,False,False
K_only,saddle_Haa,3.669879949332953e+57,12.717337762538286,1.2717337762538286,2.885729716280235e+57,False,False
K_only,saddle_Hxx,2.4834215271773113e+56,-0.18642463121762062,0.018642463121762064,1.3321316560783848e+58,False,False
K_only,fault_Haa,1.7899846002169816e+57,14.140554350039636,1.4140554350039638,1.2658517876365745e+57,False,False
K_only,fault_Hxx,7.096039217084408e+56,2.4858929774856264,0.24858929774856264,2.8545232161449467e+57,False,False
K_only,saddle_normal_path_coupling,8.69978191801158e+56,1.2055891043737141,0.12055891043737142,7.216208147908726e+57,False,False
K_only,opening_1.1h_normal_force,1.0916578388529656e+54,1.2761663221727821,0.03173805605024358,3.4395863348555257e+55,False,False
K_only,opening_1.3h_normal_force,2.92104840005566e+54,1.4139711872929317,0.03173805605024358,9.203614724958058e+55,False,False
K_only,opening_1.5h_normal_force,2.9425143219275594e+54,0.6379256757978651,0.03173805605024358,9.271249371005432e+55,False,False
K_only,opening_2h_normal_force,3.534523301930962e+53,0.5548811295393773,0.03173805605024358,1.113654628479943e+55,False,False
K_only,opening_2.5h_normal_force,1.6699595487987998e+52,0.0005156382639574782,0.03173805605024358,5.2616944974674445e+53,False,False
K_only,opening_3h_normal_force,6.0307878457811794e+50,0.0,0.03173805605024358,1.9001755609209388e+52,False,False
K_only,shockley_0.15_energy,6.817146023419199e+53,0.013715574532912111,0.004433026104653031,1.5378086802294549e+56,False,False
K_only,shockley_0.35_energy,9.344667651295485e+54,0.04820527408303389,0.004820527408303389,1.9385156145361263e+57,False,False
K_only,shockley_0.75_energy,1.5518598347701602e+55,0.08334161260537679,0.00833416126053768,1.8620468050195153e+57,False,False
K_only,new_direct_017_energy,1.3805114263707018e+55,0.05826439239193282,0.0058264392391932825,2.3693912691722238e+57,False,False
K_only,new_direct_017_normal_force,-3.7435984318287677e+56,-0.44118804525591643,0.03173805605024358,-1.1795298445192696e+58,False,False
K_only,new_direct_017_Haa,1.0618032204457809e+58,26.109437232644353,2.6109437232644357,4.0667411211690896e+57,False,False
K_only,new_direct_039_energy,1.9494107301046266e+56,0.2262381941113307,0.022623819411133072,8.616629644530009e+57,False,False
K_only,new_direct_039_normal_force,-5.295491591879136e+57,-1.9685101248020884,0.03173805605024358,-1.6684990358250044e+59,False,False
K_only,new_direct_039_Haa,1.4096828407659791e+59,36.31678531793335,3.6316785317933356,3.8816289173862335e+58,False,False
K_only,new_raised_direct_energy,2.1203215235144547e+55,0.11960599647825673,0.011960599647825674,1.772755201199222e+57,False,False
K_only,new_raised_direct_normal_force,-5.735433851844211e+56,0.08783049166112324,0.03173805605024358,-1.8071156729840714e+58,False,False
K_only,new_raised_direct_Haa,1.580340359499946e+58,20.00400949091716,2.000400949091716,7.900118024926459e+57,False,False
K_only,new_off_path_positive_energy,4.261619376431649e+54,0.05360470506556986,0.0053604705065569865,7.950084551754906e+56,False,False
K_only,new_off_path_positive_normal_force,-1.0119697473089882e+56,0.35206897342006,0.03173805605024358,-3.188505766411682e+57,False,False
K_only,new_off_path_positive_Haa,2.7432464221707574e+57,13.446420569551602,1.3446420569551603,2.0401313553903188e+57,False,False
K_only,new_off_path_negative_energy,2.633141337383705e+55,0.21544733160917068,0.021544733160917068,1.2221740309879167e+57,False,False
K_only,new_off_path_negative_normal_force,-7.788433120057221e+56,-0.05312860042135701,0.03173805605024358,-2.453972955283582e+58,False,False
K_only,new_off_path_negative_Haa,2.3052670134486244e+58,13.5831841481301,1.35831841481301,1.6971477293606256e+58,False,False
K_only,new_shockley_058_energy,1.9670916566312478e+55,0.07969505412787091,0.007969505412787091,2.4682731923050637e+57,False,False
K_only,new_shockley_058_normal_force,-4.790955606109686e+56,-0.6123357455328253,0.03173805605024358,-1.5095302618803325e+58,False,False
K_only,new_shockley_058_Haa,1.2531031186836674e+58,23.107568998056017,2.3107568998056016,5.42291194192296e+57,False,False
K_only,new_opening_1.17h_energy,1.2066233568688122e+53,0.14263027381623705,0.014263027381623706,8.45979836246693e+54,False,False
K_only,new_opening_1.17h_normal_force,1.8991903700746283e+54,1.6398229617729339,0.03173805605024358,5.98395304069057e+55,False,False
K_only,new_opening_1.42h_energy,6.88130332925543e+53,0.4226003973463561,0.042260039734635615,1.6283239136700645e+55,False,False
K_only,new_opening_1.42h_normal_force,3.217910633126202e+54,0.8686291067124379,0.03173805605024358,1.0138965751500415e+56,False,False
K_only,new_opening_1.78h_energy,1.3511199906390129e+54,0.5953584311886578,0.05953584311886578,2.2694227877842356e+55,False,False
K_only,new_opening_1.78h_normal_force,1.1127336381402727e+54,0.5989965116849877,0.03173805605024358,3.505991785945355e+55,False,False
K_only,new_opening_2.23h_energy,1.508749697315802e+54,0.7765619947928292,0.07765619947928293,1.9428580170451236e+55,False,False
K_only,new_opening_2.23h_normal_force,9.120680693818675e+52,0.15664558956102492,0.03173805605024358,2.873736400042899e+54,False,False
K_only,new_opening_3.4h_energy,1.5205667919479527e+54,0.7719163228888833,0.07719163228888834,1.969859616722779e+55,False,False
K_only,new_opening_3.4h_normal_force,3.795659688419681e+49,0.0,0.03173805605024358,1.1959332614483016e+51,False,False
K_only,new_opening_5.5h_energy,1.52057118111871e+54,0.7719163228888833,0.07719163228888834,1.9698653027934413e+55,False,False
K_only,new_opening_5.5h_normal_force,8.200990079057087e+42,0.0,0.03173805605024358,2.5839610548529945e+44,False,False
K_only,v16_direct011_energy,2.5847094249827934e+54,0.025339211626875774,0.004433026104653031,5.830575692459399e+56,False,False
K_only,v16_direct011_normal_force,-7.005935257933982e+55,-0.1684646879274777,0.03173805605024358,-2.2074241871786644e+57,False,False
K_only,v16_direct011_Haa,2.203293156961588e+57,23.17866876533168,2.317866876533168,9.505693270258266e+56,False,False
K_only,v16_direct031_energy,1.096711177925307e+56,0.16617323878813156,0.016617323878813157,6.599806237896088e+57,False,False
K_only,v16_direct031_normal_force,-2.9776131467268772e+57,-1.4977500080753077,0.03173805605024358,-9.381838452906837e+58,False,False
K_only,v16_direct031_Haa,7.990322684369115e+58,34.460781638400974,3.4460781638400975,2.3186713430391814e+58,False,False
K_only,v16_raised043_energy,3.0256120060209414e+55,0.1726273519698645,0.017262735196986453,1.7526840164640426e+57,False,False
K_only,v16_raised043_normal_force,-8.408085506736786e+56,-0.17083895700384927,0.03173805605024358,-2.649212507982907e+58,False,False
K_only,v16_raised043_Haa,2.3535904017455218e+58,18.238440853611248,1.8238440853611249,1.290455922540937e+58,False,False
K_only,v16_off_plus_energy,1.1936702511956592e+55,0.0652424878354941,0.006524248783549411,1.829590334147654e+57,False,False
K_only,v16_off_plus_normal_force,-3.053695171460825e+56,-0.08042066717244803,0.03173805605024358,-9.62155705638244e+57,False,False
K_only,v16_off_plus_Haa,8.301262040437371e+57,20.981095919956758,2.098109591995676,3.956543581949593e+57,False,False
K_only,v16_off_minus_energy,8.659834679429253e+54,0.21182429891635463,0.021182429891635463,4.088215905224762e+56,False,False
K_only,v16_off_minus_normal_force,-2.494932529646527e+56,0.3481661631135443,0.03173805605024358,-7.861012425262823e+57,False,False
K_only,v16_off_minus_Haa,7.550377625990277e+57,5.497617912510364,0.5497617912510364,1.373390756896484e+58,False,False
K_only,v16_shockley043_energy,1.4403466135118298e+55,0.061697611386283796,0.00616976113862838,2.3345257314646028e+57,False,False
K_only,v16_shockley043_normal_force,-3.6977107904222506e+56,-0.43484281773712713,0.03173805605024358,-1.165071605068853e+58,False,False
K_only,v16_shockley043_Haa,1.0169491423800294e+58,25.03469226049791,2.5034692260497913,4.062159549628925e+57,False,False
K_only,v16_opening1.21_energy,1.8862542811412449e+53,0.19627832926906572,0.019627832926906574,9.61009953653873e+54,False,False
K_only,v16_opening1.21_normal_force,2.2558761718565477e+54,1.631864707518524,0.03173805605024358,7.107795664250314e+55,False,False
K_only,v16_opening1.21_Haa,1.035830074889251e+55,-1.3832350292334812,0.13832350292334814,7.48846040620628e+55,False,False
K_only,v16_opening1.62_energy,1.1421305285652976e+54,0.5246331923940108,0.05246331923940109,2.1770077553681216e+55,False,False
K_only,v16_opening1.62_normal_force,2.1434480430407032e+54,0.5093642313524578,0.03173805605024358,6.753558061802757e+55,False,False
K_only,v16_opening1.62_Haa,-8.874861129652789e+54,-0.15582859326870177,0.1,-8.874861129652788e+55,False,False
K_only,v16_opening1.93_energy,1.4473755869265382e+54,0.6719836252695317,0.06719836252695317,2.1538852027026668e+55,False,False
K_only,v16_opening1.93_normal_force,5.19886047487245e+53,0.6270410192299789,0.03173805605024358,1.638052584771508e+55,False,False
K_only,v16_opening1.93_Haa,-3.435370182790522e+54,-0.6638075680371565,0.1,-3.435370182790522e+55,False,False
K_only,v16_opening2.71_energy,1.5200565776338032e+54,0.7719163228888833,0.07719163228888834,1.969198645709444e+55,False,False
K_only,v16_opening2.71_normal_force,4.233995807123977e+51,0.0,0.03173805605024358,1.334043836970123e+53,False,False
K_only,v16_opening2.71_Haa,-3.4331520451257864e+52,0.0,0.1,-3.4331520451257864e+53,False,False
K_only,v16_opening4.3_energy,1.5205711744156588e+54,0.7719163228888833,0.07719163228888834,1.969865294109791e+55,False,False
K_only,v16_opening4.3_normal_force,6.014970352673652e+46,0.0,0.03173805605024358,1.8951917984994195e+48,False,False
K_only,v16_opening4.3_Haa,-5.373865245573483e+47,0.0,0.1,-5.373865245573483e+48,False,False
K_only,v16_opening6.2_energy,1.5205711811195932e+54,0.7719163228888833,0.07719163228888834,1.9698653027945855e+55,False,False
K_only,v16_opening6.2_normal_force,4.1105755073565825e+40,0.0,0.03173805605024358,1.2951566727493492e+42,False,False
K_only,v16_opening6.2_Haa,-3.830167496084903e+41,0.0,0.1,-3.8301674960849024e+42,False,False
K_only,v17_near_0.985_normal_force,-3.5403103915994764e+52,-0.24821900083247345,0.03173805605024358,-1.115478019824187e+54,False,False
K_only,v17_near_0.985_Haa,9.601314829968846e+54,20.878110673451364,2.0878110673451364,4.5987469748294285e+54,False,False
K_only,v17_near_1.015_normal_force,1.87709762577581e+52,0.2329580444899274,0.03173805605024358,5.914343407813736e+53,False,False
K_only,v17_near_1.015_Haa,4.119589112890338e+54,18.39295935022696,1.839295935022696,2.239764158908721e+54,False,False
K_only,v17_near_1.065_normal_force,5.631089452735986e+53,0.9078686582498847,0.03173805605024358,1.774238927494984e+55,False,False
K_only,v17_near_1.065_Haa,1.8776164158382115e+55,14.605604041867348,1.4605604041867348,1.2855451992645938e+55,False,False
K_only,v17_near_1.095_normal_force,1.0198731246648647e+54,1.2303804278835464,0.03173805605024358,3.2134076612957443e+55,False,False
K_only,v17_near_1.095_Haa,1.7811184370549138e+55,11.545874277606002,1.1545874277606003,1.5426449259970832e+55,False,False
K_only,v17_direct023_energy,4.1580677064542374e+55,0.10138618519039871,0.010138618519039872,4.101217240441163e+57,False,False
K_only,v17_direct023_normal_force,-1.128157976870423e+57,-0.8610948380753036,0.03173805605024358,-3.5545906626558015e+58,False,False
K_only,v17_direct023_Haa,3.0868702993384987e+58,29.67272464413389,2.967272464413389,1.0403056464680784e+58,False,False
K_only,v17_direct023_Hxx,5.8918279906423855e+57,1.5318476269016676,0.1531847626901668,3.846223271278791e+58,False,False
K_only,v17_direct047_energy,2.5199614838998044e+56,0.26395051027571553,0.026395051027571555,9.547098360474927e+57,False,False
K_only,v17_direct047_normal_force,-6.847166005590462e+57,-2.2580600813748397,0.03173805605024358,-2.1573993047182585e+59,False,False
K_only,v17_direct047_Haa,1.817373555460036e+59,35.337517734960244,3.5337517734960247,5.14290100705649e+58,False,False
K_only,v17_direct047_Hxx,-1.0985748617375509e+58,-7.290154929569364,0.7290154929569365,-1.5069293757827513e+58,False,False
K_only,v17_off_plus_energy,5.4566290035376266e+54,0.08014986299727256,0.008014986299727257,6.8080328518132475e+56,False,False
K_only,v17_off_plus_normal_force,-1.2492456687183205e+56,0.496288954541943,0.03173805605024358,-3.9361127434543455e+57,False,False
K_only,v17_off_plus_Haa,3.228206844528153e+57,13.145916399036436,1.3145916399036437,2.455672732533711e+57,False,False
K_only,v17_off_plus_Hxx,2.3856163663376856e+56,0.5867789207029961,0.1,2.3856163663376855e+57,False,False
K_only,v17_off_minus_energy,1.8391049933109083e+55,0.21284911087573022,0.021284911087573022,8.640416611299124e+56,False,False
K_only,v17_off_minus_normal_force,-5.38197526488864e+56,0.06702268289699899,0.03173805605024358,-1.6957482387606202e+58,False,False
K_only,v17_off_minus_Haa,1.5986662508188984e+58,11.464221151869252,1.1464221151869252,1.394483087547761e+58,False,False
K_only,v17_off_minus_Hxx,-5.219576963268893e+56,-2.835312235036081,0.2835312235036081,-1.8409178709739074e+57,False,False
K_only,v17_shockley067_energy,9.768174576381376e+54,0.07506981596967024,0.007506981596967025,1.3012120051457059e+57,False,False
K_only,v17_shockley067_normal_force,-2.114853041436991e+56,-0.08375074170661885,0.03173805605024358,-6.663461171311278e+57,False,False
K_only,v17_shockley067_Haa,5.1368983944868136e+57,14.560238367523052,1.4560238367523053,3.528031797848024e+57,False,False
K_only,v17_shockley067_Hxx,1.7227420647869736e+56,0.4530475235373633,0.1,1.7227420647869735e+57,False,False
K_only,v17_compression_energy,2.1803514249225067e+54,0.025317916775100896,0.004433026104653031,4.918426766388647e+56,False,False
K_only,v17_compression_normal_force,-6.739835498064982e+55,-0.6769543589544016,0.03173805605024358,-2.123581698701189e+57,False,False
K_only,v17_compression_Haa,2.392916370126065e+57,26.962376342241654,2.6962376342241656,8.875020286609936e+56,False,False
K_only,v17_compression_Hxx,3.3244523000699354e+57,5.568444170552721,0.5568444170552721,5.970163654778911e+57,False,False
K_only,v17_opening1.045_energy,3.065807062361426e+51,0.012439540042104347,0.004433026104653031,6.9158335412089445e+53,False,False
K_only,v17_opening1.045_normal_force,2.753249209725889e+53,0.6560493060873362,0.03173805605024358,8.674914447713185e+54,False,False
K_only,v17_opening1.045_Haa,1.5800694746415382e+55,16.173163667497242,1.6173163667497243,9.769699405299161e+54,False,False
K_only,v17_opening1.045_Hxx,1.8087653324962858e+55,3.5468340021412335,0.35468340021412337,5.099661645863124e+55,False,False
K_only,v17_opening1.255_energy,2.782627133612033e+53,0.2548812728796389,0.02548812728796389,1.0917346347866274e+55,False,False
K_only,v17_opening1.255_normal_force,2.616339989821933e+54,1.5479287243761108,0.03173805605024358,8.243542029417562e+55,False,False
K_only,v17_opening1.255_Haa,9.192362126447871e+54,-3.07660296796585,0.307660296796585,2.9878285310650797e+55,False,False
K_only,v17_opening1.255_Hxx,1.0872557846924658e+55,-0.8591645505462155,0.1,1.0872557846924658e+56,False,False
K_only,v17_opening1.555_energy,1.0159726387628112e+54,0.4970497627048889,0.04970497627048889,2.0440058822963768e+55,False,False
K_only,v17_opening1.555_normal_force,2.605713534025546e+54,0.5361595264738468,0.03173805605024358,8.210060281891612e+55,False,False
K_only,v17_opening1.555_Haa,-8.296726239967081e+54,-0.9598397042596563,0.1,-8.296726239967081e+55,False,False
K_only,v17_opening1.555_Hxx,-1.05448449631376e+54,-0.8905810007935903,0.1,-1.05448449631376e+55,False,False
K_only,v17_opening1.855_energy,1.4082887661991452e+54,0.6331364785570511,0.06331364785570512,2.2243052073207088e+55,False,False
K_only,v17_opening1.855_normal_force,7.706505519520461e+53,0.6294361584094642,0.03173805605024358,2.428159275829786e+55,False,False
K_only,v17_opening1.855_Haa,-4.802597517028222e+54,0.33758173393615254,0.1,-4.802597517028222e+55,False,False
K_only,v17_opening1.855_Hxx,-2.119747625792035e+53,-0.0764657682265532,0.1,-2.1197476257920348e+54,False,False
K_only,v17_opening2.455_energy,1.5177826951435134e+54,0.7722611869157332,0.07722611869157332,1.9653748250708465e+55,False,False
K_only,v17_opening2.455_normal_force,2.2291447315545843e+52,-0.03892592855831557,0.03173805605024358,7.023570467030781e+53,False,False
K_only,v17_opening2.455_Haa,-1.7459848811195634e+53,1.5212189106347462,0.15212189106347462,-1.147753862980201e+54,False,False
K_only,v17_opening2.455_Hxx,-1.7281465727724922e+51,0.04446583977668427,0.1,-1.728146572772492e+52,False,False
K_only,v17_opening3.75_energy,1.5205708183024405e+54,0.7719163228888833,0.07719163228888834,1.9698648327732347e+55,False,False
K_only,v17_opening3.75_normal_force,3.19070380182152e+48,0.0,0.03173805605024358,1.0053242696308846e+50,False,False
K_only,v17_opening3.75_Haa,-2.78930208854303e+49,0.0,0.1,-2.78930208854303e+50,False,False
K_only,v17_opening3.75_Hxx,-1.8606670537157993e+46,0.0,0.1,-1.8606670537157993e+47,False,False
K_only,v19_new_0_energy,7.301330920733857e+48,0.00042417681882149505,0.004433026104653031,1.647030887787954e+51,False,False
K_only,v19_new_0_force,-4.624324239907468e+51,-0.13054663793646185,0.03173805605024358,-1.4570281911994976e+53,False,False
K_only,v19_new_0_Haa,2.2445963455450385e+54,20.302032153219432,2.030203215321943,1.1056018080382646e+54,False,False
K_only,v19_new_0_Hxx,1.602200296614956e+54,4.57090105595751,0.45709010559575103,3.505217629960987e+54,False,False
K_only,v19_new_1_energy,6.016453057627814e+50,0.004931943136885955,0.004433026104653031,1.3571887274276983e+53,False,False
K_only,v19_new_1_force,9.338323376858522e+52,0.42285939529142164,0.03173805605024358,2.9423110735185852e+54,False,False
K_only,v19_new_1_Haa,9.918356690780694e+54,17.415188636660293,1.7415188636660295,5.695233567497397e+54,False,False
K_only,v19_new_1_Hxx,9.731674994248153e+54,3.8361643120715834,0.3836164312071584,2.53682433873457e+55,False,False
K_only,v19_new_2_energy,8.440932377713015e+52,0.10968805888528045,0.010968805888528046,7.695397715571884e+54,False,False
K_only,v19_new_2_force,1.647816297805146e+54,1.574309479391436,0.03173805605024358,5.191925728521421e+55,False,False
K_only,v19_new_2_Haa,1.3118315282143355e+55,5.20946471789603,0.5209464717896031,2.5181695226916725e+55,False,False
K_only,v19_new_2_Hxx,2.817428495345769e+55,0.9642979846199059,0.1,2.817428495345769e+56,False,False
K_only,v19_new_3_energy,4.412404997376752e+53,0.3373623063206088,0.03373623063206088,1.3079128624356356e+55,False,False
K_only,v19_new_3_force,3.053174042525196e+54,1.321138459506241,0.03173805605024358,9.619915087716167e+55,False,False
K_only,v19_new_3_Haa,5.6787832780926216e+54,-4.940080180276789,0.4940080180276789,1.1495326130059782e+55,False,False
K_only,v19_new_3_Hxx,3.9273573042776966e+54,-1.007259835979608,0.10072598359796081,3.8990508347413203e+55,False,False
K_only,v19_new_4_energy,1.2699957993010936e+54,0.5605338261337047,0.05605338261337048,2.2656898479453407e+55,False,False
K_only,v19_new_4_force,1.5525336189191502e+54,0.5382315998098468,0.03173805605024358,4.891709865473109e+55,False,False
K_only,v19_new_4_Haa,-7.926342924545366e+54,0.9032785116339533,0.1,-7.926342924545365e+55,False,False
K_only,v19_new_4_Hxx,-5.658855395741943e+53,0.6453579543796875,0.1,-5.6588553957419425e+54,False,False
K_only,v19_new_5_energy,1.5038860561377054e+54,0.7666938699728523,0.07666938699728523,1.9615209081963262e+55,False,False
K_only,v19_new_5_force,1.2731339590096914e+53,0.27979903523926664,0.03173805605024358,4.011379767539104e+54,False,False
K_only,v19_new_5_Haa,-9.382241685103276e+53,-2.478203100860398,0.2478203100860398,-3.78590507043022e+54,False,False
K_only,v19_new_5_Hxx,-1.776935937296722e+52,0.0933444416558671,0.1,-1.7769359372967218e+53,False,False
K_only,v19_new_6_energy,7.135771207443988e+54,0.07503741336914271,0.007503741336914272,9.50961778538384e+56,False,False
K_only,v19_new_6_force,-1.8668107272844852e+56,0.3995055633266556,0.03173805605024358,-5.881931534587979e+57,False,False
K_only,v19_new_6_Haa,5.200198586760192e+57,16.75498366183509,1.6754983661835092,3.103672729090945e+57,False,False
K_only,v19_new_6_Hxx,1.9989478884709046e+57,1.866294182504276,0.18662941825042761,1.0710786687384021e+58,False,False
K_only,v19_new_7_energy,1.7016597658626137e+54,0.1746163283222475,0.01746163283222475,9.74513541896419e+55,False,False
K_only,v19_new_7_force,-2.798427253710966e+55,1.0346608991752084,0.03173805605024358,-8.817261048631517e+56,False,False
K_only,v19_new_7_Haa,7.014699456029969e+56,3.3869832062735408,0.3386983206273541,2.0710759483651968e+57,False,False
K_only,v19_new_7_Hxx,-2.006655306083612e+55,-0.5656137494473082,0.1,-2.0066553060836117e+56,False,False
K_only,v19_new_8_energy,1.1697176680862934e+56,0.17183161394321733,0.017183161394321734,6.80734843398976e+57,False,False
K_only,v19_new_8_force,-3.176000283969551e+57,-1.5479121827267546,0.03173805605024358,-1.0006914975957313e+59,False,False
K_only,v19_new_8_Haa,8.514105862199669e+58,34.71656366870985,3.4716563668709854,2.452462157098071e+58,False,False
K_only,v19_new_8_Hxx,2.59831116020915e+57,-0.974896485841256,0.1,2.59831116020915e+58,False,False
K_only,v19_new_9_energy,1.0349236413680909e+55,0.07736533900036079,0.007736533900036079,1.3377096962804811e+57,False,False
K_only,v19_new_9_force,-2.0544717603268984e+56,-0.22650351113925563,0.03173805605024358,-6.473212338759894e+57,False,False
K_only,v19_new_9_Haa,4.721632721352484e+57,14.396252629283666,1.4396252629283666,3.279765118700494e+57,False,False
K_only,v19_new_9_Hxx,4.2490923932391025e+56,-0.11946413441426519,0.1,4.249092393239102e+57,False,False
K_only,v19_power_new_0_energy,2.2235050403201324e+50,0.0021758842211834217,0.004433026104653031,5.015772494518536e+52,False,False
K_only,v19_power_new_0_force,-6.524386315928676e+52,-0.2996693004614922,0.03173805605024358,-2.0556981516448622e+54,False,False
K_only,v19_power_new_0_Haa,1.503406286163602e+55,21.133296310436656,2.1133296310436656,7.113922334118537e+54,False,False
K_only,v19_power_new_0_Hxx,9.863609005828296e+54,4.803281906544594,0.4803281906544594,2.0535144923284384e+55,False,False
K_only,v19_power_new_1_energy,4.9064387338967775e+51,0.01645069708691336,0.004433026104653031,1.1067922042567806e+54,False,False
K_only,v19_power_new_1_force,3.701965998579273e+53,0.747061714559844,0.03173805605024358,1.1664123324751837e+55,False,False
K_only,v19_power_new_1_Haa,1.730727662844677e+55,15.66515497295868,1.5665154972958681,1.1048263906946809e+55,False,False
K_only,v19_power_new_1_Hxx,2.1102868942142744e+55,3.4372637547611467,0.3437263754761147,6.139438357883354e+55,False,False
K_only,v19_power_new_2_energy,1.1757652048749069e+53,0.13995417796875365,0.013995417796875366,8.401072564889129e+54,False,False
K_only,v19_power_new_2_force,1.8801205478134308e+54,1.6376288066594074,0.03173805605024358,5.923868005138901e+55,False,False
K_only,v19_power_new_2_Haa,1.1724867350849602e+55,1.5124016664736504,0.15124016664736506,7.75248243291583e+55,False,False
K_only,v19_power_new_2_Hxx,2.462212631818185e+55,0.07390822082095283,0.1,2.4622126318181846e+56,False,False
K_only,v19_power_new_3_energy,5.959016808334482e+53,0.39535837061576956,0.039535837061576956,1.5072443765521723e+55,False,False
K_only,v19_power_new_3_force,3.223786877431329e+54,1.0383826381800587,0.03173805605024358,1.0157480572621862e+56,False,False
K_only,v19_power_new_3_Haa,1.1656163591672927e+54,-6.006053628734572,0.6006053628734572,1.9407358495613012e+54,False,False
K_only,v19_power_new_3_Hxx,8.129632488582284e+53,-1.4153601110072371,0.14153601110072372,5.7438615270829224e+54,False,False
K_only,v19_power_new_4_energy,1.337004356974822e+54,0.5880885299154484,0.05880885299154484,2.2734746368323966e+55,False,False
K_only,v19_power_new_4_force,1.193002661948152e+54,0.5878736415051682,0.03173805605024358,3.7589027508790855e+55,False,False
K_only,v19_power_new_4_Haa,-6.71606981686879e+54,0.9838769358246306,0.1,-6.71606981686879e+55,False,False
K_only,v19_power_new_4_Hxx,-3.917457921380379e+53,0.5300888191539206,0.1,-3.9174579213803786e+54,False,False
K_only,v19_power_new_5_energy,1.5122260039232298e+54,0.7807571272106231,0.07807571272106231,1.936871212851932e+55,False,False
K_only,v19_power_new_5_force,6.50299251763535e+52,0.03287588986152218,0.03173805605024358,2.0489574116765862e+54,False,False
K_only,v19_power_new_5_Haa,-4.930468618130541e+53,-2.5224317074829634,0.25224317074829633,-1.9546490013997105e+54,False,False
K_only,v19_power_new_5_Hxx,-7.191426001853505e+51,-0.10536285587305545,0.1,-7.191426001853504e+52,False,False
K_only,v19_power_new_6_energy,1.8596106906232812e+55,0.09299247367372732,0.009299247367372731,1.9997432234654787e+57,False,False
K_only,v19_power_new_6_force,-5.0806825233718955e+56,-0.03946790499084763,0.03173805605024358,-1.600817175232414e+58,False,False
K_only,v19_power_new_6_Haa,1.41305152756681e+58,22.032873653678617,2.2032873653678617,6.413378253684519e+57,False,False
K_only,v19_power_new_6_Hxx,3.844669805430266e+57,1.976588687531336,0.19765886875313363,1.9451036169958418e+58,False,False
K_only,v19_power_new_7_energy,2.16412908676749e+54,0.16640726473220147,0.01664072647322015,1.3005015677952604e+56,False,False
K_only,v19_power_new_7_force,-4.14020217877377e+55,0.9556810535854069,0.03173805605024358,-1.3044914194554128e+57,False,False
K_only,v19_power_new_7_Haa,1.0734697152225569e+57,3.6257942400934606,0.36257942400934606,2.9606470862364393e+57,False,False
K_only,v19_power_new_7_Hxx,-1.1145656854274625e+55,-0.7324824081355719,0.1,-1.1145656854274624e+56,False,False
K_only,v19_power_new_8_energy,1.3843648053665531e+56,0.18770167030691334,0.018770167030691336,7.375346224159652e+57,False,False
K_only,v19_power_new_8_force,-3.7593582522691805e+57,-1.6817465699911935,0.03173805605024358,-1.1844954354853528e+59,False,False
K_only,v19_power_new_8_Haa,1.005282843322288e+59,35.390692237109825,3.5390692237109826,2.840528906829838e+58,False,False
K_only,v19_power_new_8_Hxx,9.023146651152596e+56,-1.532495429303305,0.15324954293033052,5.8878783444428606e+57,False,False
K_only,v19_power_new_9_energy,9.578514138394511e+54,0.07659186968314344,0.007659186968314344,1.2505915024689075e+57,False,False
K_only,v19_power_new_9_force,-1.9021699533103723e+56,-0.15953065932670854,0.03173805605024358,-5.993341086483379e+57,False,False
K_only,v19_power_new_9_Haa,4.369782339020599e+57,13.640977289265752,1.3640977289265752,3.203423219873867e+57,False,False
K_only,v19_power_new_9_Hxx,5.011231678473389e+56,-0.0018561341338510467,0.1,5.011231678473389e+57,False,False
K_only,v20_new_0_energy,1.1976826645588549e+47,5.8649043216202346e-05,0.004433026104653031,2.7017270737515686e+49,False,False
K_only,v20_new_0_force,1.9310867629131368e+50,0.04781880717694997,0.03173805605024358,6.084451926910994e+51,False,False
K_only,v20_new_0_Haa,2.3151852245682262e+53,19.407850341619266,1.9407850341619266,1.19291172583056e+53,False,False
K_only,v20_new_0_Hxx,1.8174300132067813e+53,4.329394100444026,0.4329394100444026,4.197885364652722e+53,False,False
K_only,v20_new_1_energy,3.4647841566613936e+50,0.0036442749373840483,0.004433026104653031,7.815844244690229e+52,False,False
K_only,v20_new_1_force,6.382858175893279e+52,0.3655179304564104,0.03173805605024358,2.0111055843460496e+54,False,False
K_only,v20_new_1_Haa,8.165415345738693e+54,17.703231197779825,1.7703231197779825,4.6123870012852365e+54,False,False
K_only,v20_new_1_Hxx,7.727226827290823e+54,3.9093512902826126,0.3909351290282613,1.976600784508217e+55,False,False
K_only,v20_new_2_energy,1.6270750768360828e+52,0.034823381685342755,0.004433026104653031,3.6703485123362084e+54,False,False
K_only,v20_new_2_force,7.485668748926785e+53,1.045799857810823,0.03173805605024358,2.3585782119347332e+55,False,False
K_only,v20_new_2_Haa,1.892085827389526e+55,13.514055878705095,1.3514055878705096,1.400087319729822e+55,False,False
K_only,v20_new_2_Hxx,2.865076759882947e+55,2.9805611045837717,0.29805611045837715,9.612541596536228e+55,False,False
K_only,v20_new_3_energy,2.327845097805275e+53,0.22661995382203423,0.022661995382203426,1.0272021763949979e+55,False,False
K_only,v20_new_3_force,2.44536030548384e+54,1.596539848274592,0.03173805605024358,7.704820678407846e+55,False,False
K_only,v20_new_3_Haa,9.816372470418857e+54,-2.2820717486649773,0.22820717486649775,4.3015178975689436e+55,False,False
K_only,v20_new_3_Hxx,1.39262148807515e+55,-0.8053213981525169,0.1,1.39262148807515e+56,False,False
K_only,v20_new_4_energy,9.767954574206208e+53,0.4890270726004544,0.04890270726004545,1.9974261388564954e+55,False,False
K_only,v20_new_4_force,2.724529095108074e+54,0.5582577926902346,0.03173805605024358,8.584423352189411e+55,False,False
K_only,v20_new_4_Haa,-7.848966751488279e+54,-1.9854681988380205,0.19854681988380207,-3.953206984670832e+55,False,False
K_only,v20_new_4_Hxx,-1.075293958052844e+54,-1.0730096719553677,0.10730096719553678,-1.0021288588138387e+55,False,False
K_only,v20_new_5_energy,1.3849551731913353e+54,0.6157939144055483,0.06157939144055483,2.249056284566064e+55,False,False
K_only,v20_new_5_force,9.136472810331657e+53,0.6195747950914187,0.03173805605024358,2.8787121668283577e+55,False,False
K_only,v20_new_5_Haa,-5.506176728712035e+54,0.4318686304614479,0.1,-5.506176728712035e+55,False,False
K_only,v20_new_5_Hxx,-2.6920800777397983e+53,0.05966529359502488,0.1,-2.692080077739798e+54,False,False
K_only,v20_new_6_energy,1.4861160957274281e+54,0.729941495134474,0.0729941495134474,2.0359386411559563e+55,False,False
K_only,v20_new_6_force,2.554278179982868e+53,0.4717044111502519,0.03173805605024358,8.047998201084734e+54,False,False
K_only,v20_new_6_Haa,-1.8055779280724834e+54,-1.7417609490586863,0.17417609490586863,-1.0366393442500167e+55,False,False
K_only,v20_new_6_Hxx,-4.5853285755461035e+52,0.20899465255336805,0.1,-4.585328575546103e+53,False,False
K_only,v20_new_7_energy,1.3974377031445729e+54,0.02046914476243608,0.004433026104653031,3.152333575653395e+56,False,False
K_only,v20_new_7_force,-3.594038239222222e+55,0.06281548916376087,0.03173805605024358,-1.1324065448534736e+57,False,False
K_only,v20_new_7_Haa,1.1459026545015155e+57,21.501318205218237,2.150131820521824,5.3294530296445355e+56,False,False
K_only,v20_new_7_Hxx,1.7601894290820535e+57,4.662002299739686,0.4662002299739686,3.775608238503739e+57,False,False
K_only,v20_new_8_energy,5.5826952481473336e+54,0.06003679436536899,0.006003679436536899,9.2987896958196e+56,False,False
K_only,v20_new_8_force,-1.3449559260132675e+56,0.3178698348179461,0.03173805605024358,-4.237675816956487e+57,False,False
K_only,v20_new_8_Haa,3.614429023308622e+57,14.458727489192233,1.4458727489192233,2.4998251236219613e+57,False,False
K_only,v20_new_8_Hxx,6.494370645725465e+56,0.86111106885732,0.1,6.494370645725464e+57,False,False
K_only,v20_new_9_energy,3.395191026282734e+54,0.09377427653904365,0.009377427653904365,3.6205995413562265e+56,False,False
K_only,v20_new_9_force,-5.837765680482053e+55,0.5947790357818696,0.03173805605024358,-1.839358299462468e+57,False,False
K_only,v20_new_9_Haa,1.2791456069345048e+57,11.056850642860084,1.1056850642860085,1.1568806057450977e+57,False,False
K_only,v20_new_9_Hxx,-1.6894380860832035e+54,0.0757661767331005,0.1,-1.6894380860832034e+55,False,False
K_only,v20_new_10_energy,6.251041795230389e+54,0.038168092494978115,0.004433026104653031,1.410107147501143e+57,False,False
K_only,v20_new_10_force,-1.7282729601076161e+56,-0.4360667641505048,0.03173805605024358,-5.44542790324536e+57,False,False
K_only,v20_new_10_Haa,5.1881081803822535e+57,26.40271381173358,2.640271381173358,1.9649904996041036e+57,False,False
K_only,v20_new_10_Hxx,4.323234886628653e+57,4.254835571305176,0.42548355713051766,1.0160756659516445e+58,False,False
K_only,v20_new_11_energy,9.348687491062637e+53,0.2277352928888806,0.022773529288888063,4.105067498529603e+55,False,False
K_only,v20_new_11_force,-5.174093654428542e+54,1.3946641093269667,0.03173805605024358,-1.630249075821653e+56,False,False
K_only,v20_new_11_Haa,1.2590760836359257e+56,2.8654264155114735,0.28654264155114734,4.39402693023329e+56,False,False
K_only,v20_new_11_Hxx,-1.232310220820395e+55,-0.12044589256531853,0.1,-1.2323102208203947e+56,False,False
K_only,v31_K0_H00,1.5727894361220796,1.6071853175180872,0.3871874135709727,-0.08883522601827244,True,False
K_only,v31_K0_H11,4.157913235942293,3.778484710232485,0.3871874135709727,0.9799608985488304,True,False
K_only,v31_K0_H22,6.293790071044473,5.5400914279154465,0.3871874135709727,1.946599028562872,True,False
K_only,v31_K0_H01,4.401619320473295e-15,-1.5177286414361958e-17,0.3871874135709727,1.1407386841819548e-14,True,False
K_only,v31_K0_H02,7.041943541746869e-16,-9.45828328360523e-17,0.3871874135709727,2.0630246723253076e-15,True,False
K_only,v31_K0_H12,-4.2717536702101615,-3.523213435365955,0.3871874135709727,-1.9332762600429847,True,False
K_only,v31_K1_H00,9.891492597410744,11.020541195662586,2.565934883399439,-0.4400145169529943,True,False
K_only,v31_K1_H11,30.083023504236937,27.51034114112903,2.565934883399439,1.0026296379351336,True,False
K_only,v31_K1_H22,42.168094942674806,37.17324859129323,2.565934883399439,1.946599028563122,True,False
K_only,v31_K1_H01,-2.0118516450957432e-14,-8.047950485487693e-17,2.565934883399439,-7.809253880813793e-15,True,False
K_only,v31_K1_H02,9.041353681173656e-14,1.6095900970975385e-16,2.565934883399439,3.5173370293191965e-14,True,False
K_only,v31_K1_H12,-24.170142876887265,-19.325814900328513,2.565934883399439,-1.8879387812604267,True,False
K_only,v31_L2_H00,2.439734288947051,2.553605837827099,0.581483715936639,-0.19582929970210222,False,False
K_only,v31_L2_H11,2.439734288947118,2.5536058378271016,0.581483715936639,-0.19582929970199148,False,False
K_only,v31_L2_H22,12.98288970344475,11.054750979095974,0.581483715936639,3.315894618378056,False,False
K_only,v31_L2_H01,-7.372022276468707e-15,-6.305904423508818e-34,0.581483715936639,-1.2677951375807737e-14,False,False
K_only,v31_L2_H02,6.014802208846526e-14,-6.040516937618709e-17,0.581483715936639,1.0354275727370846e-13,False,False
K_only,v31_L2_H12,2.6147666031727438e-14,-1.5741639952321403e-15,0.581483715936639,4.7674301562006725e-14,False,False
K_only,v31_L3_H00,11.077416977604221,15.117824325030192,3.6510653206716435,-1.1066379241559843,False,False
K_only,v31_L3_H11,11.077416977608047,15.117824325030208,3.6510653206716435,-1.1066379241549407,False,False
K_only,v31_L3_H22,57.53354841343501,69.82130022908126,3.6510653206716435,-3.365525055406519,False,False
K_only,v31_L3_H01,1.4151664670993248e-14,-2.6155839077835e-16,3.6510653206716435,3.947676033120154e-15,False,False
K_only,v31_L3_H02,-1.344179196177913e-13,-1.2237589896675819e-15,3.6510653206716435,-3.6480903224054497e-14,False,False
K_only,v31_L3_H12,-5.893066772679004e-14,-1.066647511748027e-14,3.6510653206716435,-1.3219208195494891e-14,False,False
L_only,normal_strain_force_ev,-8.881784197001252e-16,0.0,0.1,-8.881784197001252e-15,False,True
L_only,cohesive_ev_atom,3.3599999999999994,3.36,0.0672,-6.608470384673551e-15,False,True
L_only,C11_GPa,114.00000000000014,113.99999999999996,5.699999999999998,3.241072128028528e-14,False,True
L_only,C12_GPa,62.00000000000003,62.000000000000014,3.100000000000001,4.584146682323225e-15,False,True
L_only,C44_GPa,31.999999999999986,32.0,1.6,-8.881784197001252e-15,False,True
L_only,perfect_Haa,19.660912863289763,19.66091286328976,1.9660912863289761,1.806993247721481e-15,False,True
L_only,perfect_Hxx,4.393593035123306,4.393593035123306,0.43935930351233066,0.0,False,True
L_only,saddle_energy_at_source_state,3.2406850133148916e+51,0.07624909750742465,0.007624909750742465,4.250129010378561e+53,False,False
L_only,saddle_normal_force_at_source_state,-6.471887174845938e+52,1.4903612010162394e-15,0.03173805605024358,-2.0391567664385253e+54,False,False
L_only,fault_energy_at_source_state,2.306423912794984e+51,0.06670794504308616,0.006670794504308616,3.457495072446441e+53,False,False
L_only,fault_normal_force_at_source_state,-3.622600094416615e+52,5.29078226360765e-15,0.03173805605024358,-1.1414057901598585e+54,False,False
L_only,saddle_path_force_at_source_state,-1.1547911459444658e+52,2.296700476743968e-16,0.03173805605024358,-3.638506227717129e+53,False,False
L_only,opening_1.1h_energy,1.366761982194518e+49,0.05670265774764735,0.005670265774764736,2.410401974943099e+51,False,False
L_only,opening_1.5h_energy,3.62503010604001e+50,0.4710312483934004,0.04710312483934004,7.695943991835595e+51,False,False
L_only,opening_2h_energy,5.988470722870135e+50,0.7060534019484034,0.07060534019484034,8.481611598137667e+51,False,False
L_only,opening_40h_energy,6.185816084726292e+50,0.7719163228888833,0.07719163228888834,8.01358372831913e+51,False,False
L_only,direct_quarter_energy,2.254159653959006e+52,0.117221996542065,0.0117221996542065,1.9229835017782715e+54,False,False
L_only,direct_half_energy,1.04621334896968e+53,0.26732847628894163,0.026732847628894163,3.913587371959886e+54,False,False
L_only,oblique_energy,7.288677153592294e+51,0.13339289745734875,0.013339289745734876,5.464066897506883e+53,False,False
L_only,opening_1.25h_energy,1.0888585034860565e+50,0.24853683654490819,0.02485368365449082,4.3810749288639565e+51,False,False
L_only,opening_3h_energy,6.185525132260751e+50,0.7719163228888833,0.07719163228888834,8.013206806032461e+51,False,False
L_only,saddle_Haa,1.4929391469121077e+54,12.717337762538286,1.2717337762538286,1.173939998125935e+54,False,False
L_only,saddle_Hxx,1.0102775206260255e+53,-0.18642463121762062,0.018642463121762064,5.419227674087174e+54,False,False
L_only,fault_Haa,7.281813353375447e+53,14.140554350039636,1.4140554350039638,5.149595392881493e+53,False,False
L_only,fault_Hxx,2.886730596496608e+53,2.4858929774856264,0.24858929774856264,1.1612449219018317e+54,False,False
L_only,saddle_normal_path_coupling,3.539147104078532e+53,1.2055891043737141,0.12055891043737142,2.935616364845191e+54,False,False
L_only,opening_1.1h_normal_force,4.440959227980454e+50,1.2761663221727821,0.03173805605024358,1.3992536975012275e+52,False,False
L_only,opening_1.3h_normal_force,1.1883079464931086e+51,1.4139711872929317,0.03173805605024358,3.744110680918621e+52,False,False
L_only,opening_1.5h_normal_force,1.1970404705891462e+51,0.6379256757978651,0.03173805605024358,3.771625044376211e+52,False,False
L_only,opening_2h_normal_force,1.4378748830966276e+50,0.5548811295393773,0.03173805605024358,4.5304440852343644e+51,False,False
L_only,opening_2.5h_normal_force,6.793540983853083e+48,0.0005156382639574782,0.03173805605024358,2.1405031779824284e+50,False,False
L_only,opening_3h_normal_force,2.4533770548339e+47,0.0,0.03173805605024358,7.730079784817416e+48,False,False
L_only,shockley_0.15_energy,2.7732744147199235e+50,0.013715574532912111,0.004433026104653031,6.255939733377648e+52,False,False
L_only,shockley_0.35_energy,3.801492240648914e+51,0.04820527408303389,0.004820527408303389,7.886050464313966e+53,False,False
L_only,shockley_0.75_energy,6.313101054627253e+51,0.08334161260537679,0.00833416126053768,7.5749686828353525e+53,False,False
L_only,new_direct_017_energy,5.616040796001812e+51,0.05826439239193282,0.0058264392391932825,9.63889017879709e+53,False,False
L_only,new_direct_017_normal_force,-1.5229284680584198e+53,-0.44118804525591643,0.03173805605024358,-4.798430205200711e+54,False,False
L_only,new_direct_017_Haa,4.3195080384277537e+54,26.109437232644353,2.6109437232644357,1.6543857303163617e+54,False,False
L_only,new_direct_039_energy,7.930372743971377e+52,0.2262381941113307,0.022623819411133072,3.50532003454239e+54,False,False
L_only,new_direct_039_normal_force,-2.1542521305355683e+54,-1.9685101248020884,0.03173805605024358,-6.787599489789908e+55,False,False
L_only,new_direct_039_Haa,5.734712652091875e+55,36.31678531793335,3.6316785317933356,1.5790804725384253e+55,False,False
L_only,new_raised_direct_energy,8.625652746680235e+51,0.11960599647825673,0.011960599647825674,7.211722656604678e+53,False,False
L_only,new_raised_direct_normal_force,-2.333224476048458e+53,0.08783049166112324,0.03173805605024358,-7.351504050389221e+54,False,False
L_only,new_raised_direct_Haa,6.428962311346084e+54,20.00400949091716,2.000400949091716,3.2138368631874334e+54,False,False
L_only,new_off_path_positive_energy,1.7336639029487627e+51,0.05360470506556986,0.0053604705065569865,3.2341636817666024e+53,False,False
L_only,new_off_path_positive_normal_force,-4.116781126649526e+52,0.35206897342006,0.03173805605024358,-1.2971119340555613e+54,False,False
L_only,new_off_path_positive_Haa,1.1159765523201138e+54,13.446420569551602,1.3446420569551603,8.299432154064539e+53,False,False
L_only,new_off_path_negative_energy,1.0711848442473346e+52,0.21544733160917068,0.021544733160917068,4.971910472256408e+53,False,False
L_only,new_off_path_negative_normal_force,-3.1684024705368654e+53,-0.05312860042135701,0.03173805605024358,-9.982975849311819e+54,False,False
L_only,new_off_path_negative_Haa,9.378027117993793e+54,13.5831841481301,1.35831841481301,6.904144871867027e+54,False,False
L_only,new_shockley_058_energy,8.002300293999456e+51,0.07969505412787091,0.007969505412787091,1.0041150459801112e+54,False,False
L_only,new_shockley_058_normal_force,-1.949002494421991e+53,-0.6123357455328253,0.03173805605024358,-6.140900663029212e+54,False,False
L_only,new_shockley_058_Haa,5.097732696516514e+54,23.107568998056017,2.3107568998056016,2.206087839419791e+54,False,False
L_only,new_opening_1.17h_energy,4.908648974676619e+49,0.14263027381623705,0.014263027381623706,3.441519702192297e+51,False,False
L_only,new_opening_1.17h_normal_force,7.726071942593848e+50,1.6398229617729339,0.03173805605024358,2.4343242479510817e+52,False,False
L_only,new_opening_1.42h_energy,2.799374165874108e+50,0.4226003973463561,0.042260039734635615,6.624163591544823e+51,False,False
L_only,new_opening_1.42h_normal_force,1.309074090102606e+51,0.8686291067124379,0.03173805605024358,4.1246196302327064e+52,False,False
L_only,new_opening_1.78h_energy,5.496473873940055e+50,0.5953584311886578,0.05953584311886578,9.232209684116032e+51,False,False
L_only,new_opening_1.78h_normal_force,4.526697416266972e+50,0.5989965116849877,0.03173805605024358,1.42626801373748e+52,False,False
L_only,new_opening_2.23h_energy,6.137725258353395e+50,0.7765619947928292,0.07765619947928293,7.903715736167095e+51,False,False
L_only,new_opening_2.23h_normal_force,3.7103723942692937e+49,0.15664558956102492,0.03173805605024358,1.1690610125571373e+51,False,False
L_only,new_opening_3.4h_energy,6.185798229193516e+50,0.7719163228888833,0.07719163228888834,8.013560596883447e+51,False,False
L_only,new_opening_3.4h_normal_force,1.544107440960827e+46,0.0,0.03173805605024358,4.865160734849028e+47,False,False
L_only,new_opening_5.5h_energy,6.1858160847226795e+50,0.7719163228888833,0.07719163228888834,8.013583728314451e+51,False,False
L_only,new_opening_5.5h_normal_force,3.336234236950332e+39,0.0,0.03173805605024358,1.0511778767007147e+41,False,False
L_only,v16_direct011_energy,1.0514823201916685e+51,0.025339211626875774,0.004433026104653031,2.3719290059853303e+53,False,False
L_only,v16_direct011_normal_force,-2.850075520645451e+52,-0.1684646879274777,0.03173805605024358,-8.979993973586727e+53,False,False
L_only,v16_direct011_Haa,8.963188582638527e+53,23.17866876533168,2.317866876533168,3.866998865804046e+53,False,False
L_only,v16_direct031_energy,4.461516651732395e+52,0.16617323878813156,0.016617323878813157,2.684858695822113e+54,False,False
L_only,v16_direct031_normal_force,-1.2113189784087373e+54,-1.4977500080753077,0.03173805605024358,-3.8166136466932126e+55,False,False
L_only,v16_direct031_Haa,3.250532904795087e+55,34.460781638400974,3.4460781638400975,9.432557098974485e+54,False,False
L_only,v16_raised043_energy,1.2308453326864185e+52,0.1726273519698645,0.017262735196986453,7.130071327869796e+53,False,False
L_only,v16_raised043_normal_force,-3.420482461796413e+53,-0.17083895700384927,0.03173805605024358,-1.0777227365096175e+55,False,False
L_only,v16_raised043_Haa,9.574610873037294e+54,18.238440853611248,1.8238440853611249,5.249687157957639e+54,False,False
L_only,v16_off_plus_energy,4.85595461191673e+51,0.0652424878354941,0.006524248783549411,7.442932930701221e+53,False,False
L_only,v16_off_plus_normal_force,-1.2422698091361271e+53,-0.08042066717244803,0.03173805605024358,-3.914133263768664e+54,False,False
L_only,v16_off_plus_Haa,3.377025744724174e+54,20.981095919956758,2.098109591995676,1.6095564109747102e+54,False,False
L_only,v16_off_minus_energy,3.5228962192774e+51,0.21182429891635463,0.021182429891635463,1.6631218596259932e+53,False,False
L_only,v16_off_minus_normal_force,-1.014960296750519e+53,0.3481661631135443,0.03173805605024358,-3.197928364433427e+54,False,False
L_only,v16_off_minus_Haa,3.07155942086309e+54,5.497617912510364,0.5497617912510364,5.587073292004266e+54,False,False
L_only,v16_shockley043_energy,5.859455552013215e+51,0.061697611386283796,0.00616976113862838,9.497054132821502e+53,False,False
L_only,v16_shockley043_normal_force,-1.5042609756169553e+53,-0.43484281773712713,0.03173805605024358,-4.739612827060372e+54,False,False
L_only,v16_shockley043_Haa,4.1370377397598544e+54,25.03469226049791,2.5034692260497913,1.652521907084778e+54,False,False
L_only,v16_opening1.21_energy,7.673446805414375e+49,0.19627832926906572,0.019627832926906574,3.9094722448423355e+51,False,False
L_only,v16_opening1.21_normal_force,9.177100869915435e+50,1.631864707518524,0.03173805605024358,2.8915132216628007e+52,False,False
L_only,v16_opening1.21_Haa,4.213847018707374e+51,-1.3832350292334812,0.13832350292334814,3.0463709562376207e+52,False,False
L_only,v16_opening1.62_energy,4.646286528496605e+50,0.5246331923940108,0.05246331923940109,8.856257278146333e+51,False,False
L_only,v16_opening1.62_normal_force,8.719733443621942e+50,0.5093642313524578,0.03173805605024358,2.7474062777562645e+52,False,False
L_only,v16_opening1.62_Haa,-3.610370853214299e+51,-0.15582859326870177,0.1,-3.610370853214299e+52,False,False
L_only,v16_opening1.93_energy,5.888050028449236e+50,0.6719836252695317,0.06719836252695317,8.762192718740054e+51,False,False
L_only,v16_opening1.93_normal_force,2.1149417499833792e+50,0.6270410192299789,0.03173805605024358,6.663740673452959e+51,False,False
L_only,v16_opening1.93_Haa,-1.3975385300968218e+51,-0.6638075680371565,0.1,-1.3975385300968218e+52,False,False
L_only,v16_opening2.71_energy,6.183722632897656e+50,0.7719163228888833,0.07719163228888834,8.010871709196641e+51,False,False
L_only,v16_opening2.71_normal_force,1.7224263942110836e+48,0.0,0.03173805605024358,5.427006592604037e+49,False,False
L_only,v16_opening2.71_Haa,-1.3966361723634234e+49,0.0,0.1,-1.3966361723634234e+50,False,False
L_only,v16_opening4.3_energy,6.185816057454083e+50,0.7719163228888833,0.07719163228888834,8.013583692988606e+51,False,False
L_only,v16_opening4.3_normal_force,2.4469423607860653e+43,0.0,0.03173805605024358,7.709805404944723e+44,False,False
L_only,v16_opening4.3_Haa,-2.1861352158959196e+44,0.0,0.1,-2.1861352158959193e+45,False,False
L_only,v16_opening6.2_energy,6.185816084726273e+50,0.7719163228888833,0.07719163228888834,8.013583728319105e+51,False,False
L_only,v16_opening6.2_normal_force,1.6722179406403168e+37,0.0,0.03173805605024358,5.2688102194824974e+38,False,False
L_only,v16_opening6.2_Haa,-1.5581455178594696e+38,0.0,0.1,-1.5581455178594695e+39,False,False
L_only,v17_near_0.985_normal_force,-1.4402291216090852e+49,-0.24821900083247345,0.03173805605024358,-4.537861800133886e+50,False,False
L_only,v17_near_0.985_Haa,3.9058985496497444e+51,20.878110673451364,2.0878110673451364,1.8708103480917413e+51,False,False
L_only,v17_near_1.015_normal_force,7.636196733372302e+48,0.2329580444899274,0.03173805605024358,2.406006442638977e+50,False,False
L_only,v17_near_1.015_Haa,1.6758847539262975e+51,18.39295935022696,1.839295935022696,9.111555797058932e+50,False,False
L_only,v17_near_1.065_normal_force,2.290776265115017e+50,0.9078686582498847,0.03173805605024358,7.217758584484686e+51,False,False
L_only,v17_near_1.065_Haa,7.638307216559441e+51,14.605604041867348,1.4605604041867348,5.229709907692987e+51,False,False
L_only,v17_near_1.095_normal_force,4.148932754523761e+50,1.2303804278835464,0.03173805605024358,1.3072422419179384e+52,False,False
L_only,v17_near_1.095_Haa,7.24574502893348e+51,11.545874277606002,1.1545874277606003,6.275614002646025e+51,False,False
L_only,v17_direct023_energy,1.6915381811344836e+52,0.10138618519039871,0.010138618519039872,1.6684109161005027e+54,False,False
L_only,v17_direct023_normal_force,-4.589444970474187e+53,-0.8610948380753036,0.03173805605024358,-1.4460384603293824e+55,False,False
L_only,v17_direct023_Haa,1.255765740282702e+55,29.67272464413389,2.967272464413389,4.2320540339424444e+54,False,False
L_only,v17_direct023_Hxx,2.3968469747086225e+54,1.5318476269016676,0.1531847626901668,1.564677147136698e+55,False,False
L_only,v17_direct047_energy,1.0251422934716328e+53,0.26395051027571553,0.026395051027571555,3.8838428173554084e+54,False,False
L_only,v17_direct047_normal_force,-2.7854868050955888e+54,-2.2580600813748397,0.03173805605024358,-8.776488391998448e+55,False,False
L_only,v17_direct047_Haa,7.39323401029043e+55,35.337517734960244,3.5337517734960247,2.0921769507811601e+55,False,False
L_only,v17_direct047_Hxx,-4.469098279903287e+54,-7.290154929569364,0.7290154929569365,-6.130320031713345e+54,False,False
L_only,v17_off_plus_energy,2.2198042339336042e+51,0.08014986299727256,0.008014986299727257,2.7695670970880414e+53,False,False
L_only,v17_off_plus_normal_force,-5.082040253875256e+52,0.496288954541943,0.03173805605024358,-1.6012449678171934e+54,False,False
L_only,v17_off_plus_Haa,1.31326267863386e+54,13.145916399036436,1.3145916399036437,9.989890691303338e+53,False,False
L_only,v17_off_plus_Hxx,9.704895288106383e+52,0.5867789207029961,0.1,9.704895288106383e+53,False,False
L_only,v17_off_minus_energy,7.48163939339336e+51,0.21284911087573022,0.021284911087573022,3.5149967799308496e+53,False,False
L_only,v17_off_minus_normal_force,-2.189434442433292e+53,0.06702268289699899,0.03173805605024358,-6.898451622138618e+54,False,False
L_only,v17_off_minus_Haa,6.503513634358963e+54,11.464221151869252,1.1464221151869252,5.6728787313201465e+54,False,False
L_only,v17_off_minus_Hxx,-2.123369398010182e+53,-2.835312235036081,0.2835312235036081,-7.489014337721295e+53,False,False
L_only,v17_shockley067_energy,3.9737785486966816e+51,0.07506981596967024,0.007506981596967025,5.2934438394016715e+53,False,False
L_only,v17_shockley067_normal_force,-8.603406485003155e+52,-0.08375074170661885,0.03173805605024358,-2.710754077497171e+54,False,False
L_only,v17_shockley067_Haa,2.0897350356741973e+54,14.560238367523052,1.4560238367523053,1.4352340826613109e+54,False,False
L_only,v17_shockley067_Hxx,7.008264858963988e+52,0.4530475235373633,0.1,7.008264858963988e+53,False,False
L_only,v17_compression_energy,8.869859617299109e+50,0.025317916775100896,0.004433026104653031,2.000858873352686e+53,False,False
L_only,v17_compression_normal_force,-2.741823819233651e+52,-0.6769543589544016,0.03173805605024358,-8.638915423468756e+53,False,False
L_only,v17_compression_Haa,9.73459233972318e+53,26.962376342241654,2.6962376342241656,3.610435599651542e+53,False,False
L_only,v17_compression_Hxx,1.3524161687410318e+54,5.568444170552721,0.5568444170552721,2.4287146055857673e+54,False,False
L_only,v17_opening1.045_energy,1.247197031911336e+48,0.012439540042104347,0.004433026104653031,2.813421357032485e+50,False,False
L_only,v17_opening1.045_normal_force,1.1200457734732514e+50,0.6560493060873362,0.03173805605024358,3.5290308004376196e+51,False,False
L_only,v17_opening1.045_Haa,6.427860328134083e+51,16.173163667497242,1.6173163667497243,3.974398862389536e+51,False,False
L_only,v17_opening1.045_Hxx,7.358215009055071e+51,3.5468340021412335,0.35468340021412337,2.074586801810543e+52,False,False
L_only,v17_opening1.255_energy,1.1319969689429018e+50,0.2548812728796389,0.02548812728796389,4.4412716405314644e+51,False,False
L_only,v17_opening1.255_normal_force,1.0643499096330826e+51,1.5479287243761108,0.03173805605024358,3.353544741203247e+52,False,False
L_only,v17_opening1.255_Haa,3.7395330257766876e+51,-3.07660296796585,0.307660296796585,1.2154746857860392e+52,False,False
L_only,v17_opening1.255_Hxx,4.4230512880102865e+51,-0.8591645505462155,0.1,4.4230512880102865e+52,False,False
L_only,v17_opening1.555_energy,4.133065237941337e+50,0.4970497627048889,0.04970497627048889,8.315194067188889e+51,False,False
L_only,v17_opening1.555_normal_force,1.060026974804045e+51,0.5361595264738468,0.03173805605024358,3.3399240745115185e+52,False,False
L_only,v17_opening1.555_Haa,-3.375180541562717e+51,-0.9598397042596563,0.1,-3.375180541562717e+52,False,False
L_only,v17_opening1.555_Hxx,-4.2897348308215216e+50,-0.8905810007935903,0.1,-4.289734830821521e+51,False,False
L_only,v17_opening1.855_energy,5.729041435258423e+50,0.6331364785570511,0.06331364785570512,9.048667434729376e+51,False,False
L_only,v17_opening1.855_normal_force,3.1350736086278706e+50,0.6294361584094642,0.03173805605024358,9.877963551595057e+51,False,False
L_only,v17_opening1.855_Haa,-1.9537385252445535e+51,0.33758173393615254,0.1,-1.9537385252445534e+52,False,False
L_only,v17_opening1.855_Hxx,-8.623318080729433e+49,-0.0764657682265532,0.1,-8.623318080729433e+50,False,False
L_only,v17_opening2.455_energy,6.174472280755077e+50,0.7722611869157332,0.07722611869157332,7.995316073587442e+51,False,False
L_only,v17_opening2.455_normal_force,9.068355041084171e+48,-0.03892592855831557,0.03173805605024358,2.8572496773993736e+50,False,False
L_only,v17_opening2.455_Haa,-7.102818661449321e+49,1.5212189106347462,0.15212189106347462,-4.66916274297799e+50,False,False
L_only,v17_opening2.455_Hxx,-7.0302508684596025e+47,0.04446583977668427,0.1,-7.030250868459602e+48,False,False
L_only,v17_opening3.75_energy,6.185814608754474e+50,0.7719163228888833,0.07719163228888834,8.013581816231287e+51,False,False
L_only,v17_opening3.75_normal_force,1.2980061140164736e+45,0.0,0.03173805605024358,4.08974674429221e+46,False,False
L_only,v17_opening3.75_Haa,-1.1347123987820089e+46,0.0,0.1,-1.134712398782009e+47,False,False
L_only,v17_opening3.75_Hxx,-7.569355734284556e+42,0.0,0.1,-7.569355734284556e+43,False,False
L_only,v19_new_0_energy,2.970245050687473e+45,0.00042417681882149505,0.004433026104653031,6.700265192595683e+47,False,False
L_only,v19_new_0_force,-1.8812154024349748e+48,-0.13054663793646185,0.03173805605024358,-5.927317663869766e+49,False,False
L_only,v19_new_0_Haa,9.13121355342738e+50,20.302032153219432,2.030203215321943,4.497684509862911e+50,False,False
L_only,v19_new_0_Hxx,6.51789044065442e+50,4.57090105595751,0.45709010559575103,1.4259530803361604e+51,False,False
L_only,v19_new_1_energy,2.447545538083402e+47,0.004931943136885955,0.004433026104653031,5.521162024095433e+49,False,False
L_only,v19_new_1_force,3.798911334516708e+49,0.42285939529142164,0.03173805605024358,1.1969577873650369e+51,False,False
L_only,v19_new_1_Haa,4.034873941692719e+51,17.415188636660293,1.7415188636660295,2.3168706500250035e+51,False,False
L_only,v19_new_1_Hxx,3.958930200585859e+51,3.8361643120715834,0.3836164312071584,1.0320022497805835e+52,False,False
L_only,v19_new_2_energy,3.4338448551746756e+49,0.10968805888528045,0.010968805888528046,3.1305548571755054e+51,False,False
L_only,v19_new_2_force,6.7034603089952156e+50,1.574309479391436,0.03173805605024358,2.1121206347304843e+52,False,False
L_only,v19_new_2_Haa,5.33664498475133e+51,5.20946471789603,0.5209464717896031,1.0244133080349692e+52,False,False
L_only,v19_new_2_Hxx,1.1461544661949814e+52,0.9642979846199059,0.1,1.1461544661949813e+53,False,False
L_only,v19_new_3_energy,1.7950048076672705e+50,0.3373623063206088,0.03373623063206088,5.320703510846307e+51,False,False
L_only,v19_new_3_force,1.2420578093434006e+51,1.321138459506241,0.03173805605024358,3.913465296605235e+52,False,False
L_only,v19_new_3_Haa,2.3101785289285388e+51,-4.940080180276789,0.4940080180276789,4.676398853103435e+51,False,False
L_only,v19_new_3_Hxx,1.59768317885524e+51,-1.007259835979608,0.10072598359796081,1.5861678603529516e+52,False,False
L_only,v19_new_4_energy,5.1664535934892414e+50,0.5605338261337047,0.05605338261337048,9.217023759520414e+51,False,False
L_only,v19_new_4_force,6.315842067266587e+50,0.5382315998098468,0.03173805605024358,1.9899902052186698e+52,False,False
L_only,v19_new_4_Haa,-3.224505380906118e+51,0.9032785116339533,0.1,-3.224505380906118e+52,False,False
L_only,v19_new_4_Hxx,-2.302071692713966e+50,0.6453579543796875,0.1,-2.302071692713966e+51,False,False
L_only,v19_new_5_energy,6.117939542167682e+50,0.7666938699728523,0.07666938699728523,7.979638003867581e+51,False,False
L_only,v19_new_5_force,5.179219900678881e+49,0.27979903523926664,0.03173805605024358,1.6318642491776466e+51,False,False
L_only,v19_new_5_Haa,-3.816777685064949e+50,-2.478203100860398,0.2478203100860398,-1.5401391773498375e+51,False,False
L_only,v19_new_5_Hxx,-7.22873025540638e+48,0.0933444416558671,0.1,-7.228730255406379e+49,False,False
L_only,v19_new_6_energy,2.9028939164448078e+51,0.07503741336914271,0.007503741336914272,3.868595392759835e+53,False,False
L_only,v19_new_6_force,-7.594348733791823e+52,0.3995055633266556,0.03173805605024358,-2.392821010136674e+54,False,False
L_only,v19_new_6_Haa,2.1154861055611473e+54,16.75498366183509,1.6754983661835092,1.262601115141552e+54,False,False
L_only,v19_new_6_Hxx,8.131894221438898e+53,1.866294182504276,0.18662941825042761,4.357241370450591e+54,False,False
L_only,v19_new_7_energy,6.922500229587485e+50,0.1746163283222475,0.01746163283222475,3.9644060186698497e+52,False,False
L_only,v19_new_7_force,-1.1384245954994318e+52,1.0346608991752084,0.03173805605024358,-3.5869386382619824e+53,False,False
L_only,v19_new_7_Haa,2.853640872812126e+53,3.3869832062735408,0.3386983206273541,8.42531745515144e+53,False,False
L_only,v19_new_7_Hxx,-8.163248667999752e+51,-0.5656137494473082,0.1,-8.163248667999752e+52,False,False
L_only,v19_new_8_energy,4.758513416326292e+52,0.17183161394321733,0.017183161394321734,2.7692886699526477e+54,False,False
L_only,v19_new_8_force,-1.2920245948110525e+54,-1.5479121827267546,0.03173805605024358,-4.0709002239005645e+55,False,False
L_only,v19_new_8_Haa,3.463612466381126e+55,34.71656366870985,3.4716563668709854,9.976829790624958e+54,False,False
L_only,v19_new_8_Hxx,1.0570156246227991e+54,-0.974896485841256,0.1,1.0570156246227991e+55,False,False
L_only,v19_new_9_energy,4.210159568146329e+51,0.07736533900036079,0.007736533900036079,5.441919627763404e+53,False,False
L_only,v19_new_9_force,-8.357770171133143e+52,-0.22650351113925563,0.03173805605024358,-2.6333591943697506e+54,False,False
L_only,v19_new_9_Haa,1.9208013407440036e+54,14.396252629283666,1.4396252629283666,1.3342370339048292e+54,False,False
L_only,v19_new_9_Hxx,1.7285678170116022e+53,-0.11946413441426519,0.1,1.7285678170116022e+54,False,False
L_only,v19_power_new_0_energy,9.045412285635343e+46,0.0021758842211834217,0.004433026104653031,2.040459963937731e+49,False,False
L_only,v19_power_new_0_force,-2.654177214270469e+49,-0.2996693004614922,0.03173805605024358,-8.362759237896357e+50,False,False
L_only,v19_power_new_0_Haa,6.115987796100397e+51,21.133296310436656,2.1133296310436656,2.8940056043599893e+51,False,False
L_only,v19_power_new_0_Hxx,4.012602106320256e+51,4.803281906544594,0.4803281906544594,8.353875921488146e+51,False,False
L_only,v19_power_new_1_energy,1.9959820372575925e+48,0.01645069708691336,0.004433026104653031,4.502527145424551e+50,False,False
L_only,v19_power_new_1_force,1.505992031379974e+50,0.747061714559844,0.03173805605024358,4.745067022995619e+51,False,False
L_only,v19_power_new_1_Haa,7.040750967818905e+51,15.66515497295868,1.5665154972958681,4.4945300445304925e+51,False,False
L_only,v19_power_new_1_Hxx,8.584831000154947e+51,3.4372637547611467,0.3437263754761147,2.4975770300616634e+52,False,False
L_only,v19_power_new_2_energy,4.783115323033767e+49,0.13995417796875365,0.013995417796875366,3.417629535934005e+51,False,False
L_only,v19_power_new_2_force,7.64849424367328e+50,1.6376288066594074,0.03173805605024358,2.409881131839068e+52,False,False
L_only,v19_power_new_2_Haa,4.769778222204979e+51,1.5124016664736504,0.15124016664736506,3.1537774176924176e+52,False,False
L_only,v19_power_new_2_Hxx,1.0016495571554063e+52,0.07390822082095283,0.1,1.0016495571554062e+53,False,False
L_only,v19_power_new_3_energy,2.4241799713058287e+50,0.39535837061576956,0.039535837061576956,6.131601482296113e+51,False,False
L_only,v19_power_new_3_force,1.3114645974982327e+51,1.0383826381800587,0.03173805605024358,4.1321516208241985e+52,False,False
L_only,v19_power_new_3_Haa,4.741828934208917e+50,-6.006053628734572,0.6006053628734572,7.895082573893005e+50,False,False
L_only,v19_power_new_3_Hxx,3.307205347253676e+50,-1.4153601110072371,0.14153601110072372,2.336652927783949e+51,False,False
L_only,v19_power_new_4_energy,5.439050245996664e+50,0.5880885299154484,0.05880885299154484,9.248692959168334e+51,False,False
L_only,v19_power_new_4_force,4.853238800676523e+50,0.5878736415051682,0.03173805605024358,1.5291543984273968e+52,False,False
L_only,v19_power_new_4_Haa,-2.732155733001763e+51,0.9838769358246306,0.1,-2.7321557330017627e+52,False,False
L_only,v19_power_new_4_Hxx,-1.5936560236180876e+50,0.5300888191539206,0.1,-1.5936560236180875e+51,False,False
L_only,v19_power_new_5_energy,6.151867176597455e+50,0.7807571272106231,0.07807571272106231,7.879360894950729e+51,False,False
L_only,v19_power_new_5_force,2.6454740306747625e+49,0.03287588986152218,0.03173805605024358,8.335337320240377e+50,False,False
L_only,v19_power_new_5_Haa,-2.005757603587731e+50,-2.5224317074829634,0.25224317074829633,-7.951682488122538e+50,False,False
L_only,v19_power_new_5_Hxx,-2.925534771850014e+48,-0.10536285587305545,0.1,-2.925534771850014e+49,False,False
L_only,v19_power_new_6_energy,7.565058357160654e+51,0.09299247367372732,0.009299247367372731,8.135129713511398e+53,False,False
L_only,v19_power_new_6_force,-2.066865929375371e+53,-0.03946790499084763,0.03173805605024358,-6.512263782329252e+54,False,False
L_only,v19_power_new_6_Haa,5.748416763583481e+54,22.032873653678617,2.2032873653678617,2.6090181670985632e+54,False,False
L_only,v19_power_new_6_Hxx,1.5640451836908432e+54,1.976588687531336,0.19765886875313363,7.912851032473833e+54,False,False
L_only,v19_power_new_7_energy,8.803865731884757e+50,0.16640726473220147,0.01664072647322015,5.290553718344437e+52,False,False
L_only,v19_power_new_7_force,-1.6842703287734658e+52,0.9556810535854069,0.03173805605024358,-5.3067847826191595e+53,False,False
L_only,v19_power_new_7_Haa,4.3669683559312195e+53,3.6257942400934606,0.36257942400934606,1.2044170371396073e+54,False,False
L_only,v19_power_new_7_Hxx,-4.5341503442967764e+51,-0.7324824081355719,0.1,-4.5341503442967764e+52,False,False
L_only,v19_power_new_8_energy,5.631716677584371e+52,0.18770167030691334,0.018770167030691336,3.000355121174937e+54,False,False
L_only,v19_power_new_8_force,-1.5293397003626466e+54,-1.6817465699911935,0.03173805605024358,-4.8186306620090216e+55,False,False
L_only,v19_power_new_8_Haa,4.089578218458478e+55,35.390692237109825,3.5390692237109826,1.1555519149100579e+55,False,False
L_only,v19_power_new_8_Hxx,3.670694695689739e+53,-1.532495429303305,0.15324954293033052,2.39524022421293e+54,False,False
L_only,v19_power_new_9_energy,3.8966230296060494e+51,0.07659186968314344,0.007659186968314344,5.087515222863961e+53,False,False
L_only,v19_power_new_9_force,-7.738193146871753e+52,-0.15953065932670854,0.03173805605024358,-2.4381433867977444e+54,False,False
L_only,v19_power_new_9_Haa,1.777665538785484e+54,13.640977289265752,1.3640977289265752,1.303180484131698e+54,False,False
L_only,v19_power_new_9_Hxx,2.0386127203967103e+53,-0.0018561341338510467,0.1,2.0386127203967102e+54,False,False
L_only,v20_new_0_energy,4.872277459165716e+43,5.8649043216202346e-05,0.004433026104653031,1.0990861195361865e+46,False,False
L_only,v20_new_0_force,7.855829248476706e+46,0.04781880717694997,0.03173805605024358,2.4752080707275752e+48,False,False
L_only,v20_new_0_Haa,9.418375265214477e+49,19.407850341619266,1.9407850341619266,4.852868864624947e+49,False,False
L_only,v20_new_0_Hxx,7.393463685324561e+49,4.329394100444026,0.4329394100444026,1.7077363515061568e+50,False,False
L_only,v20_new_1_energy,1.40950439101444e+47,0.0036442749373840483,0.004433026104653031,3.1795535549294055e+49,False,False
L_only,v20_new_1_force,2.596602333466287e+49,0.3655179304564104,0.03173805605024358,8.181352787819401e+50,False,False
L_only,v20_new_1_Haa,3.321762125397571e+51,17.703231197779825,1.7703231197779825,1.8763592297287263e+51,False,False
L_only,v20_new_1_Hxx,3.1435032172179855e+51,3.9093512902826126,0.3909351290282613,8.040984254936929e+51,False,False
L_only,v20_new_2_energy,6.619083214466287e+48,0.034823381685342755,0.004433026104653031,1.493129762425425e+51,False,False
L_only,v20_new_2_force,3.0452352857266337e+50,1.045799857810823,0.03173805605024358,9.594901719581727e+51,False,False
L_only,v20_new_2_Haa,7.697170043779897e+51,13.514055878705095,1.3514055878705096,5.6956772362535415e+51,False,False
L_only,v20_new_2_Hxx,1.1655381954700785e+52,2.9805611045837717,0.29805611045837715,3.910465696132216e+52,False,False
L_only,v20_new_3_energy,9.469876732868672e+49,0.22661995382203423,0.022661995382203426,4.178747975699179e+51,False,False
L_only,v20_new_3_force,9.94793883932184e+50,1.596539848274592,0.03173805605024358,3.1343882005796294e+52,False,False
L_only,v20_new_3_Haa,3.9933858720426e+51,-2.2820717486649773,0.22820717486649775,1.749894969068676e+52,False,False
L_only,v20_new_3_Hxx,5.665305582424534e+51,-0.8053213981525169,0.1,5.665305582424534e+52,False,False
L_only,v20_new_4_energy,3.973689049894473e+50,0.4890270726004544,0.04890270726004545,8.125703611384847e+51,False,False
L_only,v20_new_4_force,1.1083621805468582e+51,0.5582577926902346,0.03173805605024358,3.4922182341358357e+52,False,False
L_only,v20_new_4_Haa,-3.19302807936219e+51,-1.9854681988380205,0.19854681988380207,-1.6081990541227927e+52,False,False
L_only,v20_new_4_Hxx,-4.374389534750174e+50,-1.0730096719553677,0.10730096719553678,-4.0767475346038895e+51,False,False
L_only,v20_new_5_energy,5.6341183453469775e+50,0.6157939144055483,0.06157939144055483,9.149356974054913e+51,False,False
L_only,v20_new_5_force,3.716796764897307e+50,0.6195747950914187,0.03173805605024358,1.1710851978499741e+52,False,False
L_only,v20_new_5_Haa,-2.2399606803499946e+51,0.4318686304614479,0.1,-2.2399606803499945e+52,False,False
L_only,v20_new_5_Hxx,-1.0951616374836622e+50,0.05966529359502488,0.1,-1.095161637483662e+51,False,False
L_only,v20_new_6_energy,6.04564979454146e+50,0.729941495134474,0.0729941495134474,8.282375827158169e+51,False,False
L_only,v20_new_6_force,1.0391026245130893e+50,0.4717044111502519,0.03173805605024358,3.273995807645297e+51,False,False
L_only,v20_new_6_Haa,-7.345248370072234e+50,-1.7417609490586863,0.17417609490586863,-4.2171391969959396e+51,False,False
L_only,v20_new_6_Hxx,-1.8653516263200348e+49,0.20899465255336805,0.1,-1.8653516263200347e+50,False,False
L_only,v20_new_7_energy,5.684898365066911e+50,0.02046914476243608,0.004433026104653031,1.2823967716093256e+53,False,False
L_only,v20_new_7_force,-1.4620860782678187e+52,0.06281548916376087,0.03173805605024358,-4.606728515297954e+53,False,False
L_only,v20_new_7_Haa,4.661631865551256e+53,21.501318205218237,2.150131820521824,2.168067939397272e+53,False,False
L_only,v20_new_7_Hxx,7.160604000507201e+53,4.662002299739686,0.4662002299739686,1.535950336383796e+54,False,False
L_only,v20_new_8_energy,2.271089080926007e+51,0.06003679436536899,0.006003679436536899,3.782828688528445e+53,False,False
L_only,v20_new_8_force,-5.471397921835561e+52,0.3178698348179461,0.03173805605024358,-1.7239234542827552e+54,False,False
L_only,v20_new_8_Haa,1.4703812269427373e+54,14.458727489192233,1.4458727489192233,1.0169506466193749e+54,False,False
L_only,v20_new_8_Hxx,2.6419665780409862e+53,0.86111106885732,0.1,2.641966578040986e+54,False,False
L_only,v20_new_9_energy,1.3811932990624147e+51,0.09377427653904365,0.009377427653904365,1.4728914474614412e+53,False,False
L_only,v20_new_9_force,-2.37485395577471e+52,0.5947790357818696,0.03173805605024358,-7.482669864893895e+53,False,False
L_only,v20_new_9_Haa,5.203675808360652e+53,11.056850642860084,1.1056850642860085,4.706291127954147e+53,False,False
L_only,v20_new_9_Hxx,-6.8727813711081444e+50,0.0757661767331005,0.1,-6.872781371108143e+51,False,False
L_only,v20_new_10_energy,2.542978281014199e+51,0.038168092494978115,0.004433026104653031,5.736438768869456e+53,False,False
L_only,v20_new_10_force,-7.030765023153722e+52,-0.4360667641505048,0.03173805605024358,-2.215247528715535e+54,False,False
L_only,v20_new_10_Haa,2.1105676228769983e+54,26.40271381173358,2.640271381173358,7.993752604094224e+53,False,False
L_only,v20_new_10_Hxx,1.758729629484801e+54,4.254835571305176,0.42548355713051766,4.1334843615244764e+54,False,False
L_only,v20_new_11_energy,3.803127546499665e+50,0.2277352928888806,0.022773529288888063,1.6699772346464246e+52,False,False
L_only,v20_new_11_force,-2.1048663915804502e+51,1.3946641093269667,0.03173805605024358,-6.631995318958094e+52,False,False
L_only,v20_new_11_Haa,5.122031238494655e+52,2.8654264155114735,0.28654264155114734,1.787528449785852e+53,False,False
L_only,v20_new_11_Hxx,-5.013145375878227e+51,-0.12044589256531853,0.1,-5.013145375878227e+52,False,False
L_only,v31_K0_H00,1.4495829002549592,1.6071853175180872,0.3871874135709727,-0.4070442678122827,False,False
L_only,v31_K0_H11,3.9802124390429685,3.778484710232485,0.3871874135709727,0.5210079711785522,False,False
L_only,v31_K0_H22,5.8206675419170235,5.5400914279154465,0.3871874135709727,0.7246519493334369,False,False
L_only,v31_K0_H01,2.9833319782197626e-16,-1.5177286414361958e-17,0.3871874135709727,8.097124887012133e-16,False,False
L_only,v31_K0_H02,-3.9615198399308574e-16,-9.45828328360523e-17,0.3871874135709727,-7.788712664384036e-16,False,False
L_only,v31_K0_H12,-3.6809102057481353,-3.523213435365955,0.3871874135709727,-0.40728795630975234,False,False
L_only,v31_K1_H00,6.579772898809208,11.020541195662586,2.565934883399439,-1.730662896234567,False,False
L_only,v31_K1_H11,49.71060011867115,27.51034114112903,2.565934883399439,8.651918301266655,False,False
L_only,v31_K1_H22,66.31684321156766,37.17324859129323,2.565934883399439,11.357885505521477,False,False
L_only,v31_K1_H01,2.2632806350502834e-15,-8.047950485487693e-17,2.565934883399439,9.134137249812303e-16,False,False
L_only,v31_K1_H02,2.495324582803159e-15,1.6095900970975385e-16,2.565934883399439,9.097524602809706e-16,False,False
L_only,v31_K1_H12,-33.21248618579298,-19.325814900328513,2.565934883399439,-5.411934408509591,False,False
L_only,v31_L2_H00,2.5610944910674096,2.553605837827099,0.581483715936639,0.01287852614797328,True,False
L_only,v31_L2_H11,2.561094491067427,2.5536058378271016,0.581483715936639,0.012878526147998483,True,False
L_only,v31_L2_H22,11.068885993355785,11.054750979095974,0.581483715936639,0.024308529839124314,True,False
L_only,v31_L2_H01,4.731412165062664e-16,-6.305904423508818e-34,0.581483715936639,8.136792201379927e-16,True,False
L_only,v31_L2_H02,-2.1842842176368955e-16,-6.040516937618709e-17,0.581483715936639,-2.7175868911988824e-16,True,False
L_only,v31_L2_H12,-3.3435050539440622e-15,-1.5741639952321403e-15,0.581483715936639,-3.0428041408896774e-15,True,False
L_only,v31_L3_H00,15.072263129410539,15.117824325030192,3.6510653206716435,-0.012478877154482612,True,False
L_only,v31_L3_H11,15.072263129410585,15.117824325030208,3.6510653206716435,-0.01247887715447434,True,False
L_only,v31_L3_H22,69.73254819878913,69.82130022908126,3.6510653206716435,-0.024308529839121244,True,False
L_only,v31_L3_H01,-2.112939738839609e-16,-2.6155839077835e-16,3.6510653206716435,1.3767054949633868e-17,True,False
L_only,v31_L3_H02,-2.590985382112131e-15,-1.2237589896675819e-15,3.6510653206716435,-3.7447327625270653e-16,True,False
L_only,v31_L3_H12,3.8703105138362624e-16,-1.066647511748027e-14,3.6510653206716435,3.0274742295847266e-15,True,False
finite_q_only,normal_strain_force_ev,-3.552713678800501e-15,0.0,0.1,-3.552713678800501e-14,False,True
finite_q_only,cohesive_ev_atom,3.3600000000000043,3.36,0.0672,6.608470384673551e-14,False,True
finite_q_only,C11_GPa,113.99999999999929,113.99999999999996,5.699999999999998,-1.1717722309026216e-13,False,True
finite_q_only,C12_GPa,62.00000000000013,62.000000000000014,3.100000000000001,3.66731734585858e-14,False,True
finite_q_only,C44_GPa,31.999999999999886,32.0,1.6,-7.105427357601002e-14,False,True
finite_q_only,perfect_Haa,19.660912863289806,19.66091286328976,1.9660912863289761,2.3490912220379255e-14,False,True
finite_q_only,perfect_Hxx,4.393593035123375,4.393593035123306,0.43935930351233066,1.5767941223228353e-13,False,True
finite_q_only,saddle_energy_at_source_state,6.306749240079832e+54,0.07624909750742465,0.007624909750742465,8.2712444425532e+56,False,False
finite_q_only,saddle_normal_force_at_source_state,-1.2595043749744384e+56,1.4903612010162394e-15,0.03173805605024358,-3.9684357888225864e+57,False,False
finite_q_only,fault_energy_at_source_state,4.48856868210175e+54,0.06670794504308616,0.006670794504308616,6.728686784164341e+56,False,False
finite_q_only,fault_normal_force_at_source_state,-7.050000323606003e+55,5.29078226360765e-15,0.03173805605024358,-2.2213081709999363e+57,False,False
finite_q_only,saddle_path_force_at_source_state,-2.2473576272340117e+55,2.296700476743968e-16,0.03173805605024358,-7.080955505517685e+56,False,False
finite_q_only,opening_1.1h_energy,2.6598774818161283e+52,0.05670265774764735,0.005670265774764736,4.690922061632092e+54,False,False
finite_q_only,opening_1.5h_energy,7.054729408319964e+53,0.4710312483934004,0.04710312483934004,1.4977200413735455e+55,False,False
finite_q_only,opening_2h_energy,1.1654259215420918e+54,0.7060534019484034,0.07060534019484034,1.6506200782065748e+55,False,False
finite_q_only,opening_40h_energy,1.2038316198992576e+54,0.7719163228888833,0.07719163228888834,1.5595364215047801e+55,False,False
finite_q_only,direct_quarter_energy,4.386856367161282e+55,0.117221996542065,0.0117221996542065,3.7423491294887326e+57,False,False
finite_q_only,direct_half_energy,2.0360526297576233e+56,0.26732847628894163,0.026732847628894163,7.616295345793833e+57,False,False
finite_q_only,oblique_energy,1.418461186778069e+55,0.13339289745734875,0.013339289745734876,1.0633708494349258e+57,False,False
finite_q_only,opening_1.25h_energy,2.119045051030968e+53,0.24853683654490819,0.02485368365449082,8.526080401156459e+54,False,False
finite_q_only,opening_3h_energy,1.2037749971718587e+54,0.7719163228888833,0.07719163228888834,1.5594630680521845e+55,False,False
finite_q_only,saddle_Haa,2.9054328919928477e+57,12.717337762538286,1.2717337762538286,2.284623516528309e+57,False,False
finite_q_only,saddle_Hxx,1.9661173360876733e+56,-0.18642463121762062,0.018642463121762064,1.0546446160285273e+58,False,False
finite_q_only,fault_Haa,1.4171254115754865e+57,14.140554350039636,1.4140554350039638,1.0021710440026094e+57,False,False
finite_q_only,fault_Hxx,5.617912855142749e+56,2.4858929774856264,0.24858929774856264,2.2599174244520477e+57,False,False
finite_q_only,saddle_normal_path_coupling,6.887591116529526e+56,1.2055891043737141,0.12055891043737142,5.7130502353930345e+57,False,False
finite_q_only,opening_1.1h_normal_force,8.642622199076943e+53,1.2761663221727821,0.03173805605024358,2.7231101316964916e+55,False,False
finite_q_only,opening_1.3h_normal_force,2.312585211995123e+54,1.4139711872929317,0.03173805605024358,7.286474030842146e+55,False,False
finite_q_only,opening_1.5h_normal_force,2.3295797176259956e+54,0.6379256757978651,0.03173805605024358,7.340020176214028e+55,False,False
finite_q_only,opening_2h_normal_force,2.798271442315699e+53,0.5548811295393773,0.03173805605024358,8.816770119398106e+54,False,False
finite_q_only,opening_2.5h_normal_force,1.3221019402172742e+52,0.0005156382639574782,0.03173805605024358,4.16566767077446e+53,False,False
finite_q_only,opening_3h_normal_force,4.7745565559843955e+50,0.0,0.03173805605024358,1.5043632629629036e+52,False,False
finite_q_only,shockley_0.15_energy,5.397113954520642e+53,0.013715574532912111,0.004433026104653031,1.217478495977201e+56,False,False
finite_q_only,shockley_0.35_energy,7.398145207379431e+54,0.04820527408303389,0.004820527408303389,1.5347169678230809e+57,False,False
finite_q_only,shockley_0.75_energy,1.2286027526658865e+55,0.08334161260537679,0.00833416126053768,1.4741768418656961e+57,False,False
finite_q_only,new_direct_017_energy,1.0929467343144145e+55,0.05826439239193282,0.0058264392391932825,1.8758399246016025e+57,False,False
finite_q_only,new_direct_017_normal_force,-2.963795592339509e+56,-0.44118804525591643,0.03173805605024358,-9.338302218786216e+57,False,False
finite_q_only,new_direct_017_Haa,8.406264085199414e+57,26.109437232644353,2.6109437232644357,3.2196266852849475e+57,False,False
finite_q_only,new_direct_039_energy,1.543342597972246e+56,0.2262381941113307,0.022623819411133072,6.821759712300279e+57,False,False
finite_q_only,new_direct_039_normal_force,-4.192424728529268e+57,-1.9685101248020884,0.03173805605024358,-1.3209456564990508e+59,False,False
finite_q_only,new_direct_039_Haa,1.1160416551456526e+59,36.31678531793335,3.6316785317933356,3.0730739116233046e+58,False,False
finite_q_only,new_raised_direct_energy,1.6786521578557423e+55,0.11960599647825673,0.011960599647825674,1.4034849483160368e+57,False,False
finite_q_only,new_raised_direct_normal_force,-4.540725689412888e+56,0.08783049166112324,0.03173805605024358,-1.4306880302387138e+58,False,False
finite_q_only,new_raised_direct_Haa,1.2511506982318376e+58,20.00400949091716,2.000400949091716,6.254499623187661e+57,False,False
finite_q_only,new_off_path_positive_energy,3.3739112124605385e+54,0.05360470506556986,0.0053604705065569865,6.294057971839474e+56,False,False
finite_q_only,new_off_path_positive_normal_force,-8.011733980746824e+55,0.35206897342006,0.03173805605024358,-2.5243304026130915e+57,False,False
finite_q_only,new_off_path_positive_Haa,2.1718199221381406e+57,13.446420569551602,1.3446420569551603,1.6151658435078714e+57,False,False
finite_q_only,new_off_path_negative_energy,2.08465005845524e+55,0.21544733160917068,0.021544733160917068,9.675914957428535e+56,False,False
finite_q_only,new_off_path_negative_normal_force,-6.166079020708511e+56,-0.05312860042135701,0.03173805605024358,-1.9428029905004808e+58,False,False
finite_q_only,new_off_path_negative_Haa,1.8250729446659862e+58,13.5831841481301,1.35831841481301,1.3436267408015896e+58,False,False
finite_q_only,new_shockley_058_energy,1.557340534199204e+55,0.07969505412787091,0.007969505412787091,1.954124445038267e+57,False,False
finite_q_only,new_shockley_058_normal_force,-3.7929851096624326e+56,-0.6123357455328253,0.03173805605024358,-1.1950905574235139e+58,False,False
finite_q_only,new_shockley_058_Haa,9.920779612270717e+57,23.107568998056017,2.3107568998056016,4.293303035514176e+57,False,False
finite_q_only,new_opening_1.17h_energy,9.552800739246765e+52,0.14263027381623705,0.014263027381623706,6.697596859103325e+54,False,False
finite_q_only,new_opening_1.17h_normal_force,1.5035832903400166e+54,1.6398229617729339,0.03173805605024358,4.7374775819909643e+55,False,False
finite_q_only,new_opening_1.42h_energy,5.44790710013079e+53,0.4226003973463561,0.042260039734635615,1.2891391334082863e+55,False,False
finite_q_only,new_opening_1.42h_normal_force,2.547610146941666e+54,0.8686291067124379,0.03173805605024358,8.026988618674752e+55,False,False
finite_q_only,new_opening_1.78h_energy,1.0696776232544562e+54,0.5953584311886578,0.05953584311886578,1.796695179270075e+55,False,False
finite_q_only,new_opening_1.78h_normal_force,8.809478666644802e+53,0.5989965116849877,0.03173805605024358,2.775683127126241e+55,False,False
finite_q_only,new_opening_2.23h_energy,1.1944725868110084e+54,0.7765619947928292,0.07765619947928293,1.53815483479805e+55,False,False
finite_q_only,new_opening_2.23h_normal_force,7.220815408417256e+52,0.15664558956102492,0.03173805605024358,2.275128444220464e+54,False,False
finite_q_only,new_opening_3.4h_energy,1.2038281450052985e+54,0.7719163228888833,0.07719163228888834,1.5595319198588685e+55,False,False
finite_q_only,new_opening_3.4h_normal_force,3.00501233222911e+49,0.0,0.03173805605024358,9.468167576085832e+50,False,False
finite_q_only,new_opening_5.5h_energy,1.2038316198985546e+54,0.7719163228888833,0.07719163228888834,1.5595364215038693e+55,False,False
finite_q_only,new_opening_5.5h_normal_force,6.492699121378732e+42,0.0,0.03173805605024358,2.0457141770435878e+44,False,False
finite_q_only,v16_direct011_energy,2.0463066594191756e+54,0.025339211626875774,0.004433026104653031,4.616049197795867e+56,False,False
finite_q_only,v16_direct011_normal_force,-5.546577822327299e+55,-0.1684646879274777,0.03173805605024358,-1.747611074083011e+57,False,False
finite_q_only,v16_direct011_Haa,1.7443405499143143e+57,23.17866876533168,2.317866876533168,7.525628704454863e+56,False,False
finite_q_only,v16_direct031_energy,8.68262933216543e+55,0.16617323878813156,0.016617323878813157,5.225046701554427e+57,False,False
finite_q_only,v16_direct031_normal_force,-2.3573673514042527e+57,-1.4977500080753077,0.03173805605024358,-7.427573218953215e+58,False,False
finite_q_only,v16_direct031_Haa,6.32591438012088e+58,34.460781638400974,3.4460781638400975,1.8356851119916764e+58,False,False
finite_q_only,v16_raised043_energy,2.395367903601187e+55,0.1726273519698645,0.017262735196986453,1.3875946518714747e+57,False,False
finite_q_only,v16_raised043_normal_force,-6.6566559471248405e+56,-0.17083895700384927,0.03173805605024358,-2.0973735557675254e+58,False,False
finite_q_only,v16_raised043_Haa,1.8633304254960791e+58,18.238440853611248,1.8238440853611249,1.0216500634302498e+58,False,False
finite_q_only,v16_off_plus_energy,9.450251392140523e+54,0.0652424878354941,0.006524248783549411,1.4484811517256808e+57,False,False
finite_q_only,v16_off_plus_normal_force,-2.4176012610152755e+56,-0.08042066717244803,0.03173805605024358,-7.617357714625124e+57,False,False
finite_q_only,v16_off_plus_Haa,6.572084130905232e+57,20.981095919956758,2.098109591995676,3.1323836257066102e+57,False,False
finite_q_only,v16_off_minus_energy,6.855965008176178e+54,0.21182429891635463,0.021182429891635463,3.236628207079995e+56,False,False
finite_q_only,v16_off_minus_normal_force,-1.9752305620393697e+56,0.3481661631135443,0.03173805605024358,-6.223539837828884e+57,False,False
finite_q_only,v16_off_minus_Haa,5.977611203741521e+57,5.497617912510364,0.5497617912510364,1.087309321758954e+58,False,False
finite_q_only,v16_shockley043_energy,1.140318071583902e+55,0.061697611386283796,0.00616976113862838,1.8482369835105316e+57,False,False
finite_q_only,v16_shockley043_normal_force,-2.9274664849792806e+56,-0.43484281773712713,0.03173805605024358,-9.223836772941905e+57,False,False
finite_q_only,v16_shockley043_Haa,8.05115570140627e+57,25.03469226049791,2.5034692260497913,3.215999468909046e+57,False,False
finite_q_only,v16_opening1.21_energy,1.4933418277309663e+53,0.19627832926906572,0.019627832926906574,7.608286830706802e+54,False,False
finite_q_only,v16_opening1.21_normal_force,1.7859703642802405e+54,1.631864707518524,0.03173805605024358,5.627220398920852e+55,False,False
finite_q_only,v16_opening1.21_Haa,8.200635474862512e+54,-1.3832350292334812,0.13832350292334814,5.928591527505551e+55,False,False
finite_q_only,v16_opening1.62_energy,9.04221296188708e+53,0.5246331923940108,0.05246331923940109,1.7235304767175655e+55,False,False
finite_q_only,v16_opening1.62_normal_force,1.6969613536432204e+54,0.5093642313524578,0.03173805605024358,5.346771557012852e+55,False,False
finite_q_only,v16_opening1.62_Haa,-7.026200800559928e+54,-0.15582859326870177,0.1,-7.026200800559928e+55,False,False
finite_q_only,v16_opening1.93_energy,1.1458828886454925e+54,0.6719836252695317,0.06719836252695317,1.7052244214818187e+55,False,False
finite_q_only,v16_opening1.93_normal_force,4.115922164516985e+53,0.6270410192299789,0.03173805605024358,1.2968412929894604e+55,False,False
finite_q_only,v16_opening1.93_Haa,-2.7197722168174145e+54,-0.6638075680371565,0.1,-2.7197722168174144e+55,False,False
finite_q_only,v16_opening2.71_energy,1.203424209870972e+54,0.7719163228888833,0.07719163228888834,1.5590086311002958e+55,False,False
finite_q_only,v16_opening2.71_normal_force,3.35204171591874e+51,0.0,0.03173805605024358,1.0561584838757048e+53,False,False
finite_q_only,v16_opening2.71_Haa,-2.718016123915448e+52,0.0,0.1,-2.7180161239154482e+53,False,False
finite_q_only,v16_opening4.3_energy,1.2038316145917692e+54,0.7719163228888833,0.07719163228888834,1.55953641462905e+55,False,False
finite_q_only,v16_opening4.3_normal_force,4.762033894377485e+46,0.0,0.03173805605024358,1.500417633278752e+48,False,False
finite_q_only,v16_opening4.3_Haa,-4.254472913879473e+47,0.0,0.1,-4.254472913879473e+48,False,False
finite_q_only,v16_opening6.2_energy,1.2038316198992539e+54,0.7719163228888833,0.07719163228888834,1.5595364215047752e+55,False,False
finite_q_only,v16_opening6.2_normal_force,3.2543302366783946e+40,0.0,0.03173805605024358,1.0253716331985048e+42,False,False
finite_q_only,v16_opening6.2_Haa,-3.0323320595240922e+41,0.0,0.1,-3.032332059524092e+42,False,False
finite_q_only,v17_near_0.985_normal_force,-2.8028530637594384e+52,-0.24821900083247345,0.03173805605024358,-8.831205853699181e+53,False,False
finite_q_only,v17_near_0.985_Haa,7.601332004999415e+54,20.878110673451364,2.0878110673451364,3.640814115745291e+54,False,False
finite_q_only,v17_near_1.015_normal_force,1.4860925312834862e+52,0.2329580444899274,0.03173805605024358,4.682367845500358e+53,False,False
finite_q_only,v17_near_1.015_Haa,3.261466281005399e+54,18.39295935022696,1.839295935022696,1.773214532203679e+54,False,False
finite_q_only,v17_near_1.065_normal_force,4.458116543214694e+53,0.9078686582498847,0.03173805605024358,1.4046596099512777e+55,False,False
finite_q_only,v17_near_1.065_Haa,1.4865032558118497e+55,14.605604041867348,1.4605604041867348,1.017762258617137e+55,False,False
finite_q_only,v17_near_1.095_normal_force,8.07430478100357e+53,1.2303804278835464,0.03173805605024358,2.544045157718978e+55,False,False
finite_q_only,v17_near_1.095_Haa,1.4101060969296412e+55,11.545874277606002,1.1545874277606003,1.2213073371711977e+55,False,False
finite_q_only,v17_direct023_energy,3.291929667525303e+55,0.10138618519039871,0.010138618519039872,3.246921324974607e+57,False,False
finite_q_only,v17_direct023_normal_force,-8.931592691360961e+56,-0.8610948380753036,0.03173805605024358,-2.814158711302803e+58,False,False
finite_q_only,v17_direct023_Haa,2.4438659097401965e+58,29.67272464413389,2.967272464413389,8.236068440123288e+57,False,False
finite_q_only,v17_direct023_Hxx,4.66454245760491e+57,1.5318476269016676,0.1531847626901668,3.0450433683404047e+58,False,False
finite_q_only,v17_direct047_energy,1.995045909664807e+56,0.26395051027571553,0.026395051027571555,7.558408989552004e+57,False,False
finite_q_only,v17_direct047_normal_force,-5.420880683901879e+57,-2.2580600813748397,0.03173805605024358,-1.7080065254533054e+59,False,False
finite_q_only,v17_direct047_Haa,1.4388091648696384e+59,35.337517734960244,3.5337517734960247,4.071619222552778e+58,False,False
finite_q_only,v17_direct047_Hxx,-8.69738406072093e+57,-7.290154929569364,0.7290154929569365,-1.1930314437411678e+58,False,False
finite_q_only,v17_off_plus_energy,4.319996731544862e+54,0.08014986299727256,0.008014986299727257,5.389899084034452e+56,False,False
finite_q_only,v17_off_plus_normal_force,-9.890240297188836e+55,0.496288954541943,0.03173805605024358,-3.1162085924644813e+57,False,False
finite_q_only,v17_off_plus_Haa,2.555761626467741e+57,13.145916399036436,1.3145916399036437,1.9441486990249472e+57,False,False
finite_q_only,v17_off_plus_Hxx,1.8886852851123407e+56,0.5867789207029961,0.1,1.8886852851123407e+57,False,False
finite_q_only,v17_off_minus_energy,1.4560138787005907e+55,0.21284911087573022,0.021284911087573022,6.84059178217883e+56,False,False
finite_q_only,v17_off_minus_normal_force,-4.2608935917213285e+56,0.06702268289699899,0.03173805605024358,-1.3425187683127264e+58,False,False
finite_q_only,v17_off_minus_Haa,1.265659251140455e+58,11.464221151869252,1.1464221151869252,1.1040080563467569e+58,False,False
finite_q_only,v17_off_minus_Hxx,-4.132323345924719e+56,-2.835312235036081,0.2835312235036081,-1.4574491284809531e+57,False,False
finite_q_only,v17_shockley067_energy,7.73343436318818e+54,0.07506981596967024,0.007506981596967025,1.0301656216011836e+57,False,False
finite_q_only,v17_shockley067_normal_force,-1.6743227770813046e+56,-0.08375074170661885,0.03173805605024358,-5.27544212043338e+57,False,False
finite_q_only,v17_shockley067_Haa,4.066866972277944e+57,14.560238367523052,1.4560238367523053,2.793132138103717e+57,False,False
finite_q_only,v17_shockley067_Hxx,1.3638896989972452e+56,0.4530475235373633,0.1,1.3638896989972451e+57,False,False
finite_q_only,v17_compression_energy,1.7261776498233324e+54,0.025317916775100896,0.004433026104653031,3.8939036429573176e+56,False,False
finite_q_only,v17_compression_normal_force,-5.335907444672215e+55,-0.6769543589544016,0.03173805605024358,-1.681233228722357e+57,False,False
finite_q_only,v17_compression_Haa,1.894464676103669e+57,26.962376342241654,2.6962376342241656,7.026326804643076e+56,False,False
finite_q_only,v17_compression_Hxx,2.631958863460945e+57,5.568444170552721,0.5568444170552721,4.726560566736719e+57,False,False
finite_q_only,v17_opening1.045_energy,2.4271902085265505e+51,0.012439540042104347,0.004433026104653031,5.475244564833269e+53,False,False
finite_q_only,v17_opening1.045_normal_force,2.1797390988892977e+53,0.6560493060873362,0.03173805605024358,6.867903615264328e+54,False,False
finite_q_only,v17_opening1.045_Haa,1.2509362395060957e+55,16.173163667497242,1.6173163667497243,7.734641565645362e+54,False,False
finite_q_only,v17_opening1.045_Hxx,1.4319940607011672e+55,3.5468340021412335,0.35468340021412337,4.0373867506533103e+55,False,False
finite_q_only,v17_opening1.255_energy,2.202997512661874e+53,0.2548812728796389,0.02548812728796389,8.643230190168512e+54,False,False
finite_q_only,v17_opening1.255_normal_force,2.071348482243013e+54,1.5479287243761108,0.03173805605024358,6.526387372194197e+55,False,False
finite_q_only,v17_opening1.255_Haa,7.277565382525782e+54,-3.07660296796585,0.307660296796585,2.365454840387634e+55,False,False
finite_q_only,v17_opening1.255_Hxx,8.607771269000674e+54,-0.8591645505462155,0.1,8.607771269000674e+55,False,False
finite_q_only,v17_opening1.555_energy,8.043424751708224e+53,0.4970497627048889,0.04970497627048889,1.618233294778537e+55,False,False
finite_q_only,v17_opening1.555_normal_force,2.0629355492254783e+54,0.5361595264738468,0.03173805605024358,6.499879973618126e+55,False,False
finite_q_only,v17_opening1.555_Haa,-6.568493151347362e+54,-0.9598397042596563,0.1,-6.568493151347361e+55,False,False
finite_q_only,v17_opening1.555_Hxx,-8.348321966889904e+53,-0.8905810007935903,0.1,-8.348321966889904e+54,False,False
finite_q_only,v17_opening1.855_energy,1.1149379705139233e+54,0.6331364785570511,0.06331364785570512,1.7609757268368443e+55,False,False
finite_q_only,v17_opening1.855_normal_force,6.101217186357548e+53,0.6294361584094642,0.03173805605024358,1.922366378299569e+55,False,False
finite_q_only,v17_opening1.855_Haa,-3.802201975438795e+54,0.33758173393615254,0.1,-3.802201975438795e+55,False,False
finite_q_only,v17_opening1.855_Hxx,-1.67819780475908e+53,-0.0764657682265532,0.1,-1.67819780475908e+54,False,False
finite_q_only,v17_opening2.455_energy,1.2016239839586734e+54,0.7722611869157332,0.07722611869157332,1.55598132382871e+55,False,False
finite_q_only,v17_opening2.455_normal_force,1.764807163582685e+52,-0.03892592855831557,0.03173805605024358,5.560539564202895e+53,False,False
finite_q_only,v17_opening2.455_Haa,-1.382290966615694e+53,1.5212189106347462,0.15212189106347462,-9.086732730918504e+53,False,False
finite_q_only,v17_opening2.455_Hxx,-1.368168431675958e+51,0.04446583977668427,0.1,-1.368168431675958e+52,False,False
finite_q_only,v17_opening3.75_energy,1.2038313326580079e+54,0.7719163228888833,0.07719163228888834,1.559536049390289e+55,False,False
finite_q_only,v17_opening3.75_normal_force,2.5260705806204593e+48,0.0,0.03173805605024358,7.95912193431605e+49,False,False
finite_q_only,v17_opening3.75_Haa,-2.2082820543571994e+49,0.0,0.1,-2.2082820543571994e+50,False,False
finite_q_only,v17_opening3.75_Hxx,-1.4730844969181957e+46,0.0,0.1,-1.4730844969181956e+47,False,False
finite_q_only,v19_new_0_energy,5.7804416780119467e+48,0.00042417681882149505,0.004433026104653031,1.3039493884199397e+51,False,False
finite_q_only,v19_new_0_force,-3.6610635593976543e+51,-0.13054663793646185,0.03173805605024358,-1.1535248263478812e+53,False,False
finite_q_only,v19_new_0_Haa,1.7770401597956544e+54,20.302032153219432,2.030203215321943,8.753016182736451e+53,False,False
finite_q_only,v19_new_0_Hxx,1.26845714454281e+54,4.57090105595751,0.45709010559575103,2.77507023016733e+54,False,False
finite_q_only,v19_new_1_energy,4.76320774741966e+50,0.004931943136885955,0.004433026104653031,1.07448222387413e+53,False,False
finite_q_only,v19_new_1_force,7.393122464434303e+52,0.42285939529142164,0.03173805605024358,2.329418806473361e+54,False,False
finite_q_only,v19_new_1_Haa,7.852333090391538e+54,17.415188636660293,1.7415188636660295,4.508899245490675e+54,False,False
finite_q_only,v19_new_1_Hxx,7.70453775405165e+54,3.8361643120715834,0.3836164312071584,2.008396180999632e+55,False,False
finite_q_only,v19_new_2_energy,6.682660715850512e+52,0.10968805888528045,0.010968805888528046,6.092423171459085e+54,False,False
finite_q_only,v19_new_2_force,1.3045711951627092e+54,1.574309479391436,0.03173805605024358,4.110431946737636e+55,False,False
finite_q_only,v19_new_2_Haa,1.0385730659990532e+55,5.20946471789603,0.5209464717896031,1.9936272193787046e+55,False,False
finite_q_only,v19_new_2_Hxx,2.2305496458278963e+55,0.9642979846199059,0.1,2.230549645827896e+56,False,False
finite_q_only,v19_new_3_energy,3.493287733976753e+53,0.3373623063206088,0.03373623063206088,1.0354706701159858e+55,False,False
finite_q_only,v19_new_3_force,2.4171886848080285e+54,1.321138459506241,0.03173805605024358,7.616057772982215e+55,False,False
finite_q_only,v19_new_3_Haa,4.4958756009629774e+54,-4.940080180276789,0.4940080180276789,9.100815041247117e+54,False,False
finite_q_only,v19_new_3_Hxx,3.109276937664083e+54,-1.007259835979608,0.10072598359796081,3.0868667910700153e+55,False,False
finite_q_only,v19_new_4_energy,1.0054518455441106e+54,0.5605338261337047,0.05605338261337048,1.7937398220536275e+55,False,False
finite_q_only,v19_new_4_force,1.2291361855453283e+54,0.5382315998098468,0.03173805605024358,3.872751953048161e+55,False,False
finite_q_only,v19_new_4_Haa,-6.275261797153551e+54,0.9032785116339533,0.1,-6.275261797153551e+55,False,False
finite_q_only,v19_new_4_Hxx,-4.4800987565841995e+53,0.6453579543796875,0.1,-4.480098756584199e+54,False,False
finite_q_only,v19_new_5_energy,1.1906220567531352e+54,0.7666938699728523,0.07666938699728523,1.5529301894578778e+55,False,False
finite_q_only,v19_new_5_force,1.007936317124535e+53,0.27979903523926664,0.03173805605024358,3.1757972685185905e+54,False,False
finite_q_only,v19_new_5_Haa,-7.427892456667477e+53,-2.478203100860398,0.2478203100860398,-2.9972896305749173e+54,False,False
finite_q_only,v19_new_5_Hxx,-1.4067948244804126e+52,0.0933444416558671,0.1,-1.4067948244804126e+53,False,False
finite_q_only,v19_new_6_energy,5.649368552127074e+54,0.07503741336914271,0.007503741336914272,7.528735731248216e+56,False,False
finite_q_only,v19_new_6_force,-1.4779484247606777e+56,0.3995055633266556,0.03173805605024358,-4.6567074631823104e+57,False,False
finite_q_only,v19_new_6_Haa,4.116981543664393e+57,16.75498366183509,1.6754983661835092,2.4571683427195174e+57,False,False
finite_q_only,v19_new_6_Hxx,1.5825610169070133e+57,1.866294182504276,0.18662941825042761,8.479697529697398e+57,False,False
finite_q_only,v19_new_7_energy,1.3471989064973995e+54,0.1746163283222475,0.01746163283222475,7.715194331719068e+55,False,False
finite_q_only,v19_new_7_force,-2.2155064201102552e+55,1.0346608991752084,0.03173805605024358,-6.980598990067168e+56,False,False
finite_q_only,v19_new_7_Haa,5.553516411537731e+56,3.3869832062735408,0.3386983206273541,1.6396645844748294e+57,False,False
finite_q_only,v19_new_7_Hxx,-1.5886629561947976e+55,-0.5656137494473082,0.1,-1.5886629561947976e+56,False,False
finite_q_only,v19_new_8_energy,9.260619513782233e+55,0.17183161394321733,0.017183161394321734,5.3893572325069666e+57,False,False
finite_q_only,v19_new_8_force,-2.5144298498649807e+57,-1.5479121827267546,0.03173805605024358,-7.922444417781798e+58,False,False
finite_q_only,v19_new_8_Haa,6.740591942916372e+58,34.71656366870985,3.4716563668709854,1.9416068961317412e+58,False,False
finite_q_only,v19_new_8_Hxx,2.0570751121915932e+57,-0.974896485841256,0.1,2.057075112191593e+58,False,False
finite_q_only,v19_new_9_energy,8.193459268002496e+54,0.07736533900036079,0.007736533900036079,1.0590607336399426e+57,False,False
finite_q_only,v19_new_9_force,-1.6265190988629431e+56,-0.22650351113925563,0.03173805605024358,-5.124822693261518e+57,False,False
finite_q_only,v19_new_9_Haa,3.738102390793655e+57,14.396252629283666,1.4396252629283666,2.5965801566929415e+57,False,False
finite_q_only,v19_new_9_Hxx,3.3639936376331436e+56,-0.11946413441426519,0.1,3.3639936376331436e+57,False,False
finite_q_only,v19_power_new_0_energy,1.7603422370348183e+50,0.0021758842211834217,0.004433026104653031,3.970971962441441e+52,False,False
finite_q_only,v19_power_new_0_force,-5.165336976707573e+52,-0.2996693004614922,0.03173805605024358,-1.6274900291720705e+54,False,False
finite_q_only,v19_power_new_0_Haa,1.1902422243110402e+55,21.133296310436656,2.1133296310436656,5.6320708649849406e+54,False,False
finite_q_only,v19_power_new_0_Hxx,7.80898951326715e+54,4.803281906544594,0.4803281906544594,1.6257612326745182e+55,False,False
finite_q_only,v19_power_new_1_energy,3.884412753774828e+51,0.01645069708691336,0.004433026104653031,8.762440513710572e+53,False,False
finite_q_only,v19_power_new_1_force,2.9308353204486633e+53,0.747061714559844,0.03173805605024358,9.234451271397796e+54,False,False
finite_q_only,v19_power_new_1_Haa,1.3702118729046788e+55,15.66515497295868,1.5665154972958681,8.746877227004456e+54,False,False
finite_q_only,v19_power_new_1_Hxx,1.6707077720910257e+55,3.4372637547611467,0.3437263754761147,4.8605748388578986e+55,False,False
finite_q_only,v19_power_new_2_energy,9.308497680217537e+52,0.13995417796875365,0.013995417796875366,6.651103822206554e+54,False,False
finite_q_only,v19_power_new_2_force,1.4884857695472147e+54,1.6376288066594074,0.03173805605024358,4.68990844048809e+55,False,False
finite_q_only,v19_power_new_2_Haa,9.2825421337293e+54,1.5124016664736504,0.15124016664736506,6.137616970082215e+55,False,False
finite_q_only,v19_power_new_2_Hxx,1.949326317572084e+55,0.07390822082095283,0.1,1.9493263175720838e+56,False,False
finite_q_only,v19_power_new_3_energy,4.717735642011995e+53,0.39535837061576956,0.039535837061576956,1.1932808289006591e+55,False,False
finite_q_only,v19_power_new_3_force,2.5522623518424297e+54,1.0383826381800587,0.03173805605024358,8.041646746738421e+55,False,False
finite_q_only,v19_power_new_3_Haa,9.228149574716096e+53,-6.006053628734572,0.6006053628734572,1.5364747211989836e+54,False,False
finite_q_only,v19_power_new_3_Hxx,6.436205532127528e+53,-1.4153601110072371,0.14153601110072372,4.5473978544917586e+54,False,False
finite_q_only,v19_power_new_4_energy,1.0585023186380979e+54,0.5880885299154484,0.05880885299154484,1.7999030159460558e+55,False,False
finite_q_only,v19_power_new_4_force,9.444966108194382e+53,0.5878736415051682,0.03173805605024358,2.975911975592435e+55,False,False
finite_q_only,v19_power_new_4_Haa,-5.3170922265175776e+54,0.9838769358246306,0.1,-5.317092226517577e+55,False,False
finite_q_only,v19_power_new_4_Hxx,-3.1014396260687743e+53,0.5300888191539206,0.1,-3.101439626068774e+54,False,False
finite_q_only,v19_power_new_5_energy,1.1972247682717967e+54,0.7807571272106231,0.07807571272106231,1.5334150999672193e+55,False,False
finite_q_only,v19_power_new_5_force,5.14839957109642e+52,0.03287588986152218,0.03173805605024358,1.622153405661059e+54,False,False
finite_q_only,v19_power_new_5_Haa,-3.903437140677796e+53,-2.5224317074829634,0.25224317074829633,-1.547489721564309e+54,False,False
finite_q_only,v19_power_new_5_Hxx,-5.6934302850739245e+51,-0.10536285587305545,0.1,-5.693430285073924e+52,False,False
finite_q_only,v19_power_new_6_energy,1.4722481774425556e+55,0.09299247367372732,0.009299247367372731,1.583190681224455e+57,False,False
finite_q_only,v19_power_new_6_force,-4.022361036594952e+56,-0.03946790499084763,0.03173805605024358,-1.2673621315140635e+58,False,False
finite_q_only,v19_power_new_6_Haa,1.1187086343300085e+58,22.032873653678617,2.2032873653678617,5.077452228494164e+57,False,False
finite_q_only,v19_power_new_6_Hxx,3.0438134941114913e+57,1.976588687531336,0.19765886875313363,1.5399326695090354e+58,False,False
finite_q_only,v19_power_new_7_energy,1.7133344736128452e+54,0.16640726473220147,0.01664072647322015,1.0296031704926508e+56,False,False
finite_q_only,v19_power_new_7_force,-3.2777855831213775e+55,0.9556810535854069,0.03173805605024358,-1.0327619240234536e+57,False,False
finite_q_only,v19_power_new_7_Haa,8.498627372627573e+56,3.6257942400934606,0.36257942400934606,2.3439353724629742e+57,False,False
finite_q_only,v19_power_new_7_Hxx,-8.823982929785223e+54,-0.7324824081355719,0.1,-8.823982929785222e+55,False,False
finite_q_only,v19_power_new_8_energy,1.095997442848326e+56,0.18770167030691334,0.018770167030691336,5.839039370594022e+57,False,False
finite_q_only,v19_power_new_8_force,-2.9762725946697353e+57,-1.6817465699911935,0.03173805605024358,-9.377614652762872e+58,False,False
finite_q_only,v19_power_new_8_Haa,7.958793963479806e+58,35.390692237109825,3.5390692237109826,2.2488381719570906e+58,False,False
finite_q_only,v19_power_new_8_Hxx,7.143598000882559e+56,-1.532495429303305,0.15324954293033052,4.661415534616075e+57,False,False
finite_q_only,v19_power_new_9_energy,7.583280766219166e+54,0.07659186968314344,0.007659186968314344,9.900895222418258e+56,False,False
finite_q_only,v19_power_new_9_force,-1.5059422174049562e+56,-0.15953065932670854,0.03173805605024358,-4.7449100695422034e+57,False,False
finite_q_only,v19_power_new_9_Haa,3.45954350385428e+57,13.640977289265752,1.3640977289265752,2.536140505546209e+57,False,False
finite_q_only,v19_power_new_9_Hxx,3.967377012068076e+56,-0.0018561341338510467,0.1,3.967377012068076e+57,False,False
finite_q_only,v20_new_0_energy,9.482017547771362e+46,5.8649043216202346e-05,0.004433026104653031,2.1389491791665215e+49,False,False
finite_q_only,v20_new_0_force,1.5288355683895402e+50,0.04781880717694997,0.03173805605024358,4.817042247229275e+51,False,False
finite_q_only,v20_new_0_Haa,1.8329251625081144e+53,19.407850341619266,1.9407850341619266,9.444246169692933e+52,False,False
finite_q_only,v20_new_0_Hxx,1.4388538622975289e+53,4.329394100444026,0.4329394100444026,3.3234531874794183e+53,False,False
finite_q_only,v20_new_1_energy,2.7430591712542156e+50,0.0036442749373840483,0.004433026104653031,6.187780325441852e+52,False,False
finite_q_only,v20_new_1_force,5.053289574918271e+52,0.3655179304564104,0.03173805605024358,1.592186228078543e+54,False,False
finite_q_only,v20_new_1_Haa,6.464534712260684e+54,17.703231197779825,1.7703231197779825,3.651612883568626e+54,False,False
finite_q_only,v20_new_1_Hxx,6.117622183249084e+54,3.9093512902826126,0.3909351290282613,1.5648688820714375e+55,False,False
finite_q_only,v20_new_2_energy,1.2881504330517957e+52,0.034823381685342755,0.004433026104653031,2.9058038519099092e+54,False,False
finite_q_only,v20_new_2_force,5.926381380853618e+53,1.045799857810823,0.03173805605024358,1.8672792597857092e+55,False,False
finite_q_only,v20_new_2_Haa,1.4979586453148802e+55,13.514055878705095,1.3514055878705096,1.1084449100697467e+55,False,False
finite_q_only,v20_new_2_Hxx,2.2682726332127714e+55,2.9805611045837717,0.29805611045837715,7.610220202244538e+55,False,False
finite_q_only,v20_new_3_energy,1.8429479459831067e+53,0.22661995382203423,0.022661995382203426,8.132328662595981e+54,False,False
finite_q_only,v20_new_3_force,1.9359843816193007e+54,1.596539848274592,0.03173805605024358,6.099883302728122e+55,False,False
finite_q_only,v20_new_3_Haa,7.771592490591431e+54,-2.2820717486649773,0.22820717486649775,3.4054987513595263e+55,False,False
finite_q_only,v20_new_3_Hxx,1.1025342336566102e+55,-0.8053213981525169,0.1,1.10253423365661e+56,False,False
finite_q_only,v20_new_4_energy,7.733260188129357e+53,0.4890270726004544,0.04890270726004545,1.5813562523250314e+55,False,False
finite_q_only,v20_new_4_force,2.1570014707313057e+54,0.5582577926902346,0.03173805605024358,6.796262087749232e+55,False,False
finite_q_only,v20_new_4_Haa,-6.214003314216676e+54,-1.9854681988380205,0.19854681988380207,-3.129742051700134e+55,False,False
finite_q_only,v20_new_4_Hxx,-8.513069848117981e+53,-1.0730096719553677,0.10730096719553678,-7.933823963212221e+54,False,False
finite_q_only,v20_new_5_energy,1.0964648352753747e+54,0.6157939144055483,0.06157939144055483,1.780571080072849e+55,False,False
finite_q_only,v20_new_5_force,7.233317979450771e+53,0.6195747950914187,0.03173805605024358,2.2790677437836515e+55,False,False
finite_q_only,v20_new_5_Haa,-4.3592235161897686e+54,0.4318686304614479,0.1,-4.359223516189768e+55,False,False
finite_q_only,v20_new_5_Hxx,-2.1313116815076087e+53,0.05966529359502488,0.1,-2.1313116815076086e+54,False,False
finite_q_only,v20_new_6_energy,1.1765536326689047e+54,0.729941495134474,0.0729941495134474,1.6118464842886526e+55,False,False
finite_q_only,v20_new_6_force,2.0222143344963546e+53,0.4717044111502519,0.03173805605024358,6.371575912825431e+54,False,False
finite_q_only,v20_new_6_Haa,-1.4294706022281776e+54,-1.7417609490586863,0.17417609490586863,-8.207042435993973e+54,False,False
finite_q_only,v20_new_6_Hxx,-3.630190809486253e+52,0.20899465255336805,0.1,-3.630190809486253e+53,False,False
finite_q_only,v20_new_7_energy,1.1063472166072258e+54,0.02046914476243608,0.004433026104653031,2.495692988241085e+56,False,False
finite_q_only,v20_new_7_force,-2.845389238744529e+55,0.06281548916376087,0.03173805605024358,-8.965228475997639e+56,False,False
finite_q_only,v20_new_7_Haa,9.072076769202682e+56,21.501318205218237,2.150131820521824,4.219311896421748e+56,False,False
finite_q_only,v20_new_7_Hxx,1.3935366644139584e+57,4.662002299739686,0.4662002299739686,2.9891376597814418e+57,False,False
finite_q_only,v20_new_8_energy,4.4198029973399144e+54,0.06003679436536899,0.006003679436536899,7.361823768341283e+56,False,False
finite_q_only,v20_new_8_force,-1.0647975518735747e+56,0.3178698348179461,0.03173805605024358,-3.3549551686087045e+57,False,False
finite_q_only,v20_new_8_Haa,2.8615325610319304e+57,14.458727489192233,1.4458727489192233,1.9791040139396082e+57,False,False
finite_q_only,v20_new_8_Hxx,5.141573661098442e+56,0.86111106885732,0.1,5.141573661098442e+57,False,False
finite_q_only,v20_new_9_energy,2.6879624997416626e+54,0.09377427653904365,0.009377427653904365,2.8664177415674417e+56,False,False
finite_q_only,v20_new_9_force,-4.6217414896371433e+55,0.5947790357818696,0.03173805605024358,-1.456214420417117e+57,False,False
finite_q_only,v20_new_9_Haa,1.0126957206627921e+57,11.056850642860084,1.1056850642860085,9.158988878236644e+56,False,False
finite_q_only,v20_new_9_Hxx,-1.3375230394617608e+54,0.0757661767331005,0.1,-1.3375230394617607e+55,False,False
finite_q_only,v20_new_10_energy,4.9489309437453306e+54,0.038168092494978115,0.004433026104653031,1.116377577508689e+57,False,False
finite_q_only,v20_new_10_force,-1.3682684921481452e+56,-0.4360667641505048,0.03173805605024358,-4.311128854212368e+57,False,False
finite_q_only,v20_new_10_Haa,4.107409605384939e+57,26.40271381173358,2.640271381173358,1.5556770545153478e+57,False,False
finite_q_only,v20_new_10_Hxx,3.422692026126074e+57,4.254835571305176,0.42548355713051766,8.04424041485617e+57,False,False
finite_q_only,v20_new_11_energy,7.401327702404138e+53,0.2277352928888806,0.022773529288888063,3.24996956269553e+55,False,False
finite_q_only,v20_new_11_force,-4.096314347438149e+54,1.3946641093269667,0.03173805605024358,-1.2906632784797515e+56,False,False
finite_q_only,v20_new_11_Haa,9.968067395725774e+55,2.8654264155114735,0.28654264155114734,3.4787378736251694e+56,False,False
finite_q_only,v20_new_11_Hxx,-9.756162866748072e+54,-0.12044589256531853,0.1,-9.756162866748072e+55,False,False
finite_q_only,v31_K0_H00,1.5634839025698124,1.6071853175180872,0.3871874135709727,-0.11286889350359586,True,False
finite_q_only,v31_K0_H11,4.124949838275678,3.778484710232485,0.3871874135709727,0.8948253892031153,True,False
finite_q_only,v31_K0_H22,6.218080042289783,5.5400914279154465,0.3871874135709727,1.7510605732798667,True,False
finite_q_only,v31_K0_H01,3.71824171768146e-15,-1.5177286414361958e-17,0.3871874135709727,9.642407974120456e-15,True,False
finite_q_only,v31_K0_H02,4.955042247540066e-16,-9.45828328360523e-17,0.3871874135709727,1.52403471008464e-15,True,False
finite_q_only,v31_K0_H12,-4.1862604080331645,-3.523213435365955,0.3871874135709727,-1.7124703681662183,True,False
finite_q_only,v31_K1_H00,9.717266281775856,11.020541195662586,2.565934883399439,-0.5079142585879289,True,False
finite_q_only,v31_K1_H11,31.913580904424883,27.51034114112903,2.565934883399439,1.716037219721761,True,False
finite_q_only,v31_K1_H22,44.46023541342741,37.17324859129323,2.565934883399439,2.839895458484952,True,False
finite_q_only,v31_K1_H01,-1.6730007196317424e-14,-8.047950485487693e-17,2.565934883399439,-6.488678960319008e-15,True,False
finite_q_only,v31_K1_H02,7.690496498922059e-14,1.6095900970975385e-16,2.565934883399439,2.9908789375760676e-14,True,False
finite_q_only,v31_K1_H12,-25.09330901801522,-19.325814900328513,2.565934883399439,-2.2477164775302994,True,False
finite_q_only,v31_L2_H00,2.4646322286635143,2.553605837827099,0.581483715936639,-0.15301135135017196,True,False
finite_q_only,v31_L2_H11,2.464632228663575,2.5536058378271016,0.581483715936639,-0.15301135135007193,True,False
finite_q_only,v31_L2_H22,12.706103943167497,11.054750979095974,0.581483715936639,2.839895458485137,True,False
finite_q_only,v31_L2_H01,-6.1919466491922535e-15,-6.305904423508818e-34,0.581483715936639,-1.064852975154846e-14,True,False
finite_q_only,v31_L2_H02,5.0932245628832655e-14,-6.040516937618709e-17,0.581483715936639,8.769403063346527e-14,True,False
finite_q_only,v31_L2_H12,2.1868207424479077e-14,-1.5741639952321403e-15,0.581483715936639,4.031475134596134e-14,True,False
finite_q_only,v31_L3_H00,11.91225105105423,15.117824325030192,3.6510653206716435,-0.8779829974080743,True,False
finite_q_only,v31_L3_H11,11.912251051057519,15.117824325030208,3.6510653206716435,-0.877982997407178,True,False
finite_q_only,v31_L3_H22,59.452656406274095,69.82130022908126,3.6510653206716435,-2.8398954584849134,True,False
finite_q_only,v31_L3_H01,1.1951327256827689e-14,-2.6155839077835e-16,3.6510653206716435,3.3450197613444447e-15,True,False
finite_q_only,v31_L3_H02,-1.136267315118759e-13,-1.2237589896675819e-15,3.6510653206716435,-3.078634936652705e-14,True,False
finite_q_only,v31_L3_H12,-4.973309877163105e-14,-1.066647511748027e-14,3.6510653206716435,-1.0700061549970887e-14,True,False
interface_only,normal_strain_force_ev,1.7763568394002505e-15,0.0,0.1,1.7763568394002505e-14,False,True
interface_only,cohesive_ev_atom,3.3600000000000003,3.36,0.0672,6.608470384673551e-15,False,True
interface_only,C11_GPa,114.00000000000041,113.99999999999996,5.699999999999998,7.97802369976253e-14,False,True
interface_only,C12_GPa,62.000000000000064,62.000000000000014,3.100000000000001,1.604451338813129e-14,False,True
interface_only,C44_GPa,31.99999999999963,32.0,1.6,-2.3092638912203256e-13,False,True
interface_only,perfect_Haa,19.660912863289692,19.66091286328976,1.9660912863289761,-3.433287170670814e-14,False,True
interface_only,perfect_Hxx,4.393593035123308,4.393593035123306,0.43935930351233066,4.043061852109834e-15,False,True
interface_only,saddle_energy_at_source_state,0.025596830443290832,0.07624909750742465,0.007624909750742465,-6.642998897029781,False,False
interface_only,saddle_normal_force_at_source_state,0.07132035428151494,1.4903612010162394e-15,0.03173805605024358,2.2471557227263164,False,False
interface_only,fault_energy_at_source_state,0.025243382423024766,0.06670794504308616,0.006670794504308616,-6.215835698923081,False,False
interface_only,fault_normal_force_at_source_state,0.041475125658160215,5.29078226360765e-15,0.03173805605024358,1.306794770054501,False,False
interface_only,saddle_path_force_at_source_state,0.025267441118100642,2.296700476743968e-16,0.03173805605024358,0.7961244090721963,False,False
interface_only,opening_1.1h_energy,0.030658430352224864,0.05670265774764735,0.005670265774764736,-4.59312286759664,False,False
interface_only,opening_1.5h_energy,0.19909061800623773,0.4710312483934004,0.04710312483934004,-5.773303391541461,False,False
interface_only,opening_2h_energy,0.33374800725812837,0.7060534019484034,0.07060534019484034,-5.273048662648922,False,False
interface_only,opening_40h_energy,0.5696620722919117,0.7719163228888833,0.07719163228888834,-2.6201577113959535,False,False
interface_only,direct_quarter_energy,0.05419128561886333,0.117221996542065,0.0117221996542065,-5.377037824175189,False,False
interface_only,direct_half_energy,0.1337330735074585,0.26732847628894163,0.026732847628894163,-4.99742506432748,False,False
interface_only,oblique_energy,0.027466874324879917,0.13339289745734875,0.013339289745734876,-7.940904287376903,False,False
interface_only,opening_1.25h_energy,0.10425069519086276,0.24853683654490819,0.02485368365449082,-5.805422783997427,False,False
interface_only,opening_3h_energy,0.4777075720515653,0.7719163228888833,0.07719163228888834,-3.811407300421462,False,False
interface_only,saddle_Haa,11.984493934475498,12.717337762538286,1.2717337762538286,-0.5762556926195196,True,False
interface_only,saddle_Hxx,0.04674383199948613,-0.18642463121762062,0.018642463121762064,12.507384978807885,True,False
interface_only,fault_Haa,11.850099963189852,14.140554350039636,1.4140554350039638,-1.619776940953778,True,False
interface_only,fault_Hxx,0.3961642229568445,2.4858929774856264,0.24858929774856264,-8.406350448129317,True,False
interface_only,saddle_normal_path_coupling,0.9278359705601242,1.2055891043737141,0.12055891043737142,-2.3038789319340984,True,False
interface_only,opening_1.1h_normal_force,0.5815265810149366,1.2761663221727821,0.03173805605024358,-21.88665052636437,False,False
interface_only,opening_1.3h_normal_force,0.5162699709281349,1.4139711872929317,0.03173805605024358,-28.28469440420902,False,False
interface_only,opening_1.5h_normal_force,0.39277730703567904,0.6379256757978651,0.03173805605024358,-7.724114179334074,False,False
interface_only,opening_2h_normal_force,0.27682664226392595,0.5548811295393773,0.03173805605024358,-8.760917393153237,False,False
interface_only,opening_2.5h_normal_force,0.1705170396566505,0.0005156382639574782,0.03173805605024358,5.3563898533536145,False,False
interface_only,opening_3h_normal_force,0.09655807902785422,0.0,0.03173805605024358,3.0423438308570625,False,False
interface_only,shockley_0.15_energy,0.004983122924507254,0.013715574532912111,0.004433026104653031,-1.9698624375884062,False,False
interface_only,shockley_0.35_energy,0.01895841654482342,0.04820527408303389,0.004820527408303389,-6.067148894918131,False,False
interface_only,shockley_0.75_energy,0.03114481378232178,0.08334161260537679,0.00833416126053768,-6.262993622430521,False,False
interface_only,new_direct_017_energy,0.025074578322544318,0.05826439239193282,0.0058264392391932825,-5.6964146894602985,False,False
interface_only,new_direct_017_normal_force,-0.6371682276035341,-0.44118804525591643,0.03173805605024358,-6.1749270981615005,False,False
interface_only,new_direct_017_Haa,26.61815281583932,26.109437232644353,2.6109437232644357,0.19483973502076282,True,False
interface_only,new_direct_039_energy,0.11310411471429364,0.2262381941113307,0.022623819411133072,-5.000662237489587,False,False
interface_only,new_direct_039_normal_force,-2.708273078069559,-1.9685101248020884,0.03173805605024358,-23.308388897428802,False,False
interface_only,new_direct_039_Haa,65.05383885943186,36.31678531793335,3.6316785317933356,7.9128847143053855,True,False
interface_only,new_raised_direct_energy,0.028461029187215228,0.11960599647825673,0.011960599647825674,-7.620434591472244,False,False
interface_only,new_raised_direct_normal_force,-0.12915538821129005,0.08783049166112324,0.03173805605024358,-6.836772848624041,False,False
interface_only,new_raised_direct_Haa,17.921670731939916,20.00400949091716,2.000400949091716,-1.0409606933663633,True,False
interface_only,new_off_path_positive_energy,0.015464221127868832,0.05360470506556986,0.0053604705065569865,-7.115137354276488,False,False
interface_only,new_off_path_positive_normal_force,0.14316320322658713,0.35206897342006,0.03173805605024358,-6.582185432616298,False,False
interface_only,new_off_path_positive_Haa,11.900154461533033,13.446420569551602,1.3446420569551603,-1.1499462626655985,True,False
interface_only,new_off_path_negative_energy,0.03232670603458709,0.21544733160917068,0.021544733160917068,-8.499554123360928,False,False
interface_only,new_off_path_negative_normal_force,0.07149038338298638,-0.05312860042135701,0.03173805605024358,3.9264844578717346,False,False
interface_only,new_off_path_negative_Haa,15.694166716232544,13.5831841481301,1.35831841481301,1.5541146649278468,True,False
interface_only,new_shockley_058_energy,0.03053628950485938,0.07969505412787091,0.007969505412787091,-6.168358270280633,False,False
interface_only,new_shockley_058_normal_force,-0.5986700414789227,-0.6123357455328253,0.03173805605024358,0.4305778536741156,False,False
interface_only,new_shockley_058_Haa,24.846748013814715,23.107568998056017,2.3107568998056016,0.7526447355431506,True,False
interface_only,new_opening_1.17h_energy,0.06557485446133088,0.14263027381623705,0.014263027381623706,-5.402458909542819,False,False
interface_only,new_opening_1.17h_normal_force,0.6166447999063569,1.6398229617729339,0.03173805605024358,-32.23821144706575,False,False
interface_only,new_opening_1.42h_energy,0.1722880981968473,0.4226003973463561,0.042260039734635615,-5.923143961087123,False,False
interface_only,new_opening_1.42h_normal_force,0.4301900755048597,0.8686291067124379,0.03173805605024358,-13.8143001106778,False,False
interface_only,new_opening_1.78h_energy,0.27988424871372847,0.5953584311886578,0.05953584311886578,-5.298895017663091,False,False
interface_only,new_opening_1.78h_normal_force,0.32218657991410127,0.5989965116849877,0.03173805605024358,-8.72170404301627,False,False
interface_only,new_opening_2.23h_energy,0.3809808286966668,0.7765619947928292,0.07765619947928293,-5.094006257693506,False,False
interface_only,new_opening_2.23h_normal_force,0.22608571333940905,0.15664558956102492,0.03173805605024358,2.1879135782120844,False,False
interface_only,new_opening_3.4h_energy,0.5031296388618804,0.7719163228888833,0.07719163228888834,-3.4820702200087363,False,False
interface_only,new_opening_3.4h_normal_force,0.0620259731562512,0.0,0.03173805605024358,1.9543091441410183,False,False
interface_only,new_opening_5.5h_energy,0.5497694512887474,0.7719163228888833,0.07719163228888834,-2.877862081847876,False,False
interface_only,new_opening_5.5h_normal_force,0.010724175926358387,0.0,0.03173805605024358,0.3378964328937242,False,False
interface_only,v16_direct011_energy,0.010327600786997172,0.025339211626875774,0.004433026104653031,-3.3863123034899316,False,False
interface_only,v16_direct011_normal_force,-0.2672665039042785,-0.1684646879274777,0.03173805605024358,-3.113039305885355,False,False
interface_only,v16_direct011_Haa,19.804664926928336,23.17866876533168,2.317866876533168,-1.4556503967345351,True,False
interface_only,v16_direct031_energy,0.08038938709464505,0.16617323878813156,0.016617323878813157,-5.162314480905055,False,False
interface_only,v16_direct031_normal_force,-1.9560102152464771,-1.4977500080753077,0.03173805605024358,-14.438824055440296,False,False
interface_only,v16_direct031_Haa,51.027135355997395,34.460781638400974,3.4460781638400975,4.807306430663168,True,False
interface_only,v16_raised043_energy,0.03443220429887954,0.1726273519698645,0.017262735196986453,-8.005402741456036,False,False
interface_only,v16_raised043_normal_force,-0.10929673227080418,-0.17083895700384927,0.03173805605024358,1.9390672395189992,False,False
interface_only,v16_raised043_Haa,18.10797628514041,18.238440853611248,1.8238440853611249,-0.07153274203535115,True,False
interface_only,v16_off_plus_energy,0.020485851260639173,0.0652424878354941,0.006524248783549411,-6.860044437254861,False,False
interface_only,v16_off_plus_normal_force,-0.23688259381114599,-0.08042066717244803,0.03173805605024358,-4.929789221841681,False,False
interface_only,v16_off_plus_Haa,19.17628277584808,20.981095919956758,2.098109591995676,-0.8602091859234003,True,False
interface_only,v16_off_minus_energy,0.041993265469882676,0.21182429891635463,0.021182429891635463,-8.017542572560808,False,False
interface_only,v16_off_minus_normal_force,0.4543854812991269,0.3481661631135443,0.03173805605024358,3.346749341466596,False,False
interface_only,v16_off_minus_Haa,6.722464624261028,5.497617912510364,0.5497617912510364,2.2279589655792673,True,False
interface_only,v16_shockley043_energy,0.024186669629747772,0.061697611386283796,0.00616976113862838,-6.07980453597839,False,False
interface_only,v16_shockley043_normal_force,-0.5483439959737793,-0.43484281773712713,0.03173805605024358,-3.57618557535382,False,False
interface_only,v16_shockley043_Haa,24.513914045727525,25.03469226049791,2.5034692260497913,-0.2080226149183057,True,False
interface_only,v16_opening1.21_energy,0.08538574320634167,0.19627832926906572,0.019627832926906574,-5.649762073871553,False,False
interface_only,v16_opening1.21_normal_force,0.5938051193097073,1.631864707518524,0.03173805605024358,-32.70709417632558,False,False
interface_only,v16_opening1.21_Haa,-0.9142166046422259,-1.3832350292334812,0.13832350292334814,3.390735592136945,True,False
interface_only,v16_opening1.62_energy,0.23564584557668095,0.5246331923940108,0.05246331923940109,-5.508369485709058,False,False
interface_only,v16_opening1.62_normal_force,0.3562265193527839,0.5093642313524578,0.03173805605024358,-4.825050146651897,False,False
interface_only,v16_opening1.62_Haa,-0.2992262925898606,-0.15582859326870177,0.1,-1.4339769932115882,True,False
interface_only,v16_opening1.93_energy,0.3174974384186034,0.6719836252695317,0.06719836252695317,-5.275220608370396,False,False
interface_only,v16_opening1.93_normal_force,0.2917466756279419,0.6270410192299789,0.03173805605024358,-10.564425970867354,False,False
interface_only,v16_opening1.93_Haa,-0.25680821363495643,-0.6638075680371565,0.1,4.069993544022,True,False
interface_only,v16_opening2.71_energy,0.4505938613537104,0.7719163228888833,0.07719163228888834,-4.162659241776741,False,False
interface_only,v16_opening2.71_normal_force,0.13459001818343116,0.0,0.03173805605024358,4.240650970253681,False,False
interface_only,v16_opening2.71_Haa,-0.18842476352472998,0.0,0.1,-1.8842476352472997,True,False
interface_only,v16_opening4.3_energy,0.53316429608864,0.7719163228888833,0.07719163228888834,-3.092978082219042,False,False
interface_only,v16_opening4.3_normal_force,0.026136005379666045,0.0,0.03173805605024358,0.8234910587558011,False,False
interface_only,v16_opening4.3_Haa,-0.027370208130445915,0.0,0.1,-0.2737020813044591,True,False
interface_only,v16_opening6.2_energy,0.5547452066217218,0.7719163228888833,0.07719163228888834,-2.8134023057629154,False,False
interface_only,v16_opening6.2_normal_force,0.007030536468563885,0.0,0.03173805605024358,0.22151755159276454,False,False
interface_only,v16_opening6.2_Haa,-0.004853138870332876,0.0,0.1,-0.04853138870332876,True,False
interface_only,v17_near_0.985_normal_force,-0.20418865083685808,-0.24821900083247345,0.03173805605024358,1.387304563515554,False,False
interface_only,v17_near_0.985_Haa,18.52835707907109,20.878110673451364,2.0878110673451364,-1.1254627543325673,True,False
interface_only,v17_near_1.015_normal_force,0.1628507768147845,0.2329580444899274,0.03173805605024358,-2.2089338919862693,False,False
interface_only,v17_near_1.015_Haa,11.668148031925213,18.39295935022696,1.839295935022696,-3.656187778297224,True,False
interface_only,v17_near_1.065_normal_force,0.485600572163775,0.9078686582498847,0.03173805605024358,-13.304787332205525,False,False
interface_only,v17_near_1.065_Haa,4.822952902884889,14.605604041867348,1.4605604041867348,-6.69787508338596,True,False
interface_only,v17_near_1.095_normal_force,0.572275706445927,1.2303804278835464,0.03173805605024358,-20.735508198605274,False,False
interface_only,v17_near_1.095_Haa,2.4224872793782004,11.545874277606002,1.1545874277606003,-7.901858948804961,True,False
interface_only,v17_direct023_energy,0.04606153852088859,0.10138618519039871,0.010138618519039872,-5.456822994731769,False,False
interface_only,v17_direct023_normal_force,-1.1472998965522636,-0.8610948380753036,0.03173805605024358,-9.017724904886336,False,False
interface_only,v17_direct023_Haa,36.03459688893825,29.67272464413389,2.967272464413389,2.144013507725542,True,False
interface_only,v17_direct023_Hxx,1.2855422240222156,1.5318476269016676,0.1531847626901668,-1.6078975385928695,True,False
interface_only,v17_direct047_energy,0.1320888024561736,0.26395051027571553,0.026395051027571555,-4.995698158787523,False,False
interface_only,v17_direct047_normal_force,-3.1392578980632475,-2.2580600813748397,0.03173805605024358,-27.764706675588748,False,False
interface_only,v17_direct047_Haa,73.12628729558904,35.337517734960244,3.5337517734960247,10.693668368008618,True,False
interface_only,v17_direct047_Hxx,-3.551553606518704,-7.290154929569364,0.7290154929569365,5.128287888487306,True,False
interface_only,v17_off_plus_energy,0.025184682648174868,0.08014986299727256,0.008014986299727257,-6.857800911146674,False,False
interface_only,v17_off_plus_normal_force,0.2860021176075219,0.496288954541943,0.03173805605024358,-6.625699967304935,False,False
interface_only,v17_off_plus_Haa,8.745367661116504,13.145916399036436,1.3145916399036437,-3.34746441734749,True,False
interface_only,v17_off_plus_Hxx,0.15918404073690037,0.5867789207029961,0.1,-4.275948799660957,True,False
interface_only,v17_off_minus_energy,0.035099546935198775,0.21284911087573022,0.021284911087573022,-8.350965771443072,False,False
interface_only,v17_off_minus_normal_force,0.24138740906302278,0.06702268289699899,0.03173805605024358,5.493869123237798,False,False
interface_only,v17_off_minus_Haa,11.819825051199517,11.464221151869252,1.1464221151869252,0.3101858334896864,True,False
interface_only,v17_off_minus_Hxx,0.15124357329839785,-2.835312235036081,0.2835312235036081,10.533428281476283,True,False
interface_only,v17_shockley067_energy,0.024244407309767645,0.07506981596967024,0.007506981596967025,-6.770418710022829,False,False
interface_only,v17_shockley067_normal_force,-0.01901288767261198,-0.08375074170661885,0.03173805605024358,2.039754858694631,False,False
interface_only,v17_shockley067_Haa,14.025224292897331,14.560238367523052,1.4560238367523053,-0.36744870593539336,True,False
interface_only,v17_shockley067_Hxx,0.1497380753686171,0.4530475235373633,0.1,-3.0330944816874617,True,False
interface_only,v17_compression_energy,0.016015216606430373,0.025317916775100896,0.004433026104653031,-2.0984988468500427,False,False
interface_only,v17_compression_normal_force,-0.6728965319464635,-0.6769543589544016,0.03173805605024358,0.12785367199283668,False,False
interface_only,v17_compression_Haa,26.817708514683908,26.962376342241654,2.6962376342241656,-0.05365544406080312,True,False
interface_only,v17_compression_Hxx,3.5396151087526535,5.568444170552721,0.5568444170552721,-3.6434397107346532,True,False
interface_only,v17_opening1.045_energy,0.008033257515289306,0.012439540042104347,0.004433026104653031,-0.9939671959499812,False,False
interface_only,v17_opening1.045_normal_force,0.38931838735773405,0.6560493060873362,0.03173805605024358,-8.40413534802977,False,False
interface_only,v17_opening1.045_Haa,7.068896622555992,16.173163667497242,1.6173163667497243,-5.629243128997601,True,False
interface_only,v17_opening1.045_Hxx,0.5071104441445369,3.5468340021412335,0.35468340021412337,-8.570244776500978,True,False
interface_only,v17_opening1.255_energy,0.10652998326134737,0.2548812728796389,0.02548812728796389,-5.82040759378766,False,False
interface_only,v17_opening1.255_normal_force,0.5560889554341466,1.5479287243761108,0.03173805605024358,-31.25080399920562,False,False
interface_only,v17_opening1.255_Haa,-1.0895764263370287,-3.07660296796585,0.307660296796585,6.45850817384662,True,False
interface_only,v17_opening1.255_Hxx,-0.2754118342622099,-0.8591645505462155,0.1,5.837527162840057,True,False
interface_only,v17_opening1.555_energy,0.216288578492243,0.4970497627048889,0.04970497627048889,-5.64855282667826,False,False
interface_only,v17_opening1.555_normal_force,0.37389851559480325,0.5361595264738468,0.03173805605024358,-5.112506280226266,False,False
interface_only,v17_opening1.555_Haa,-0.37369702195738164,-0.9598397042596563,0.1,5.861426823022746,True,False
interface_only,v17_opening1.555_Hxx,-0.03848301978273825,-0.8905810007935903,0.1,8.52097981010852,True,False
interface_only,v17_opening1.855_energy,0.29915608150581624,0.6331364785570511,0.06331364785570512,-5.275014287794512,False,False
interface_only,v17_opening1.855_normal_force,0.3071858998633078,0.6294361584094642,0.03173805605024358,-10.153434036287903,False,False
interface_only,v17_opening1.855_Haa,-0.24772311402151678,0.33758173393615254,0.1,-5.853048479576693,True,False
interface_only,v17_opening1.855_Hxx,-0.0028858077147529532,-0.0764657682265532,0.1,0.7357996051180024,True,False
interface_only,v17_opening2.455_energy,0.41811678149496,0.7722611869157332,0.07722611869157332,-4.585811269826466,False,False
interface_only,v17_opening2.455_normal_force,0.17913092750917037,-0.03892592855831557,0.03173805605024358,6.870517076480253,False,False
interface_only,v17_opening2.455_Haa,-0.23855133024328082,1.5212189106347462,0.15212189106347462,-11.568159116190204,True,False
interface_only,v17_opening2.455_Hxx,4.881158093514738e-06,0.04446583977668427,0.1,-0.44460958618590757,True,False
interface_only,v17_opening3.75_energy,0.5179845544196129,0.7719163228888833,0.07719163228888834,-3.2896281752267558,False,False
interface_only,v17_opening3.75_normal_force,0.043308352207585686,0.0,0.03173805605024358,1.3645559179499056,False,False
interface_only,v17_opening3.75_Haa,-0.05219303674704663,0.0,0.1,-0.5219303674704663,True,False
interface_only,v17_opening3.75_Hxx,1.709530493030754e-09,0.0,0.1,1.709530493030754e-08,True,False
interface_only,v19_new_0_energy,0.0003361048955262752,0.00042417681882149505,0.004433026104653031,-0.0198672241525438,False,False
interface_only,v19_new_0_force,-0.10374147795157185,-0.13054663793646185,0.03173805605024358,0.8445747257631513,False,False
interface_only,v19_new_0_Haa,16.664409737765265,20.302032153219432,2.030203215321943,-1.791752859024669,True,False
interface_only,v19_new_0_Hxx,2.3445988065834533,4.57090105595751,0.45709010559575103,-4.870598208360675,True,False
interface_only,v19_new_1_energy,0.0033840908298136975,0.004931943136885955,0.004433026104653031,-0.3491638150850471,False,False
interface_only,v19_new_1_force,0.27495782255352014,0.42285939529142164,0.03173805605024358,-4.660070311293259,False,False
interface_only,v19_new_1_Haa,9.495228254568572,17.415188636660293,1.7415188636660295,-4.547731607925052,True,False
interface_only,v19_new_1_Hxx,0.8537503540242166,3.8361643120715834,0.3836164312071584,-7.774468754277161,True,False
interface_only,v19_new_2_energy,0.052938354416289087,0.10968805888528045,0.010968805888528046,-5.173735869311374,False,False
interface_only,v19_new_2_force,0.6194711251828428,1.574309479391436,0.03173805605024358,-30.08496653660882,False,False
interface_only,v19_new_2_Haa,0.1788254017311544,5.20946471789603,0.5209464717896031,-9.656729795833268,True,False
interface_only,v19_new_2_Hxx,-0.2864405132608825,0.9642979846199059,0.1,-12.507384978807883,True,False
interface_only,v19_new_3_energy,0.13654890063305591,0.3373623063206088,0.03373623063206088,-5.952455325483575,False,False
interface_only,v19_new_3_force,0.4953410128117801,1.321138459506241,0.03173805605024358,-26.019156478492736,False,False
interface_only,v19_new_3_Haa,-0.9922003722442855,-4.940080180276789,0.4940080180276789,7.991529821306072,True,False
interface_only,v19_new_3_Hxx,-0.19479610915389264,-1.007259835979608,0.10072598359796081,8.066078858744088,True,False
interface_only,v19_new_4_energy,0.25969433921291685,0.5605338261337047,0.05605338261337048,-5.367017526771494,False,False
interface_only,v19_new_4_force,0.33731319727440745,0.5382315998098468,0.03173805605024358,-6.330520124401172,False,False
interface_only,v19_new_4_Haa,-0.25369608622098283,0.9032785116339533,0.1,-11.569745978549362,True,False
interface_only,v19_new_4_Hxx,-0.0110727871810181,0.6453579543796875,0.1,-6.564307415607056,True,False
interface_only,v19_new_5_energy,0.370555936454521,0.7666938699728523,0.07666938699728523,-5.166833191614771,False,False
interface_only,v19_new_5_force,0.23822055172914927,0.27979903523926664,0.03173805605024358,-1.3100513605589357,False,False
interface_only,v19_new_5_Haa,-0.2714635461012888,-2.478203100860398,0.2478203100860398,8.904595244808464,True,False
interface_only,v19_new_5_Hxx,-9.985964340071489e-05,0.0933444416558671,0.1,-0.9344430129926781,True,False
interface_only,v19_new_6_energy,0.019876917141957124,0.07503741336914271,0.007503741336914272,-7.351065788452269,False,False
interface_only,v19_new_6_force,0.09699984440312316,0.3995055633266556,0.03173805605024358,-9.531324742909414,False,False
interface_only,v19_new_6_Haa,13.181855549015452,16.75498366183509,1.6754983661835092,-2.132576303824513,True,False
interface_only,v19_new_6_Hxx,0.6663739886912611,1.866294182504276,0.18662941825042761,-6.429426855968168,True,False
interface_only,v19_new_7_energy,0.07103456881724345,0.1746163283222475,0.01746163283222475,-5.931962978504967,False,False
interface_only,v19_new_7_force,0.5782286000438442,1.0346608991752084,0.03173805605024358,-14.38123048269874,False,False
interface_only,v19_new_7_Haa,0.6814916626808986,3.3869832062735408,0.3386983206273541,-7.987909531353431,True,False
interface_only,v19_new_7_Hxx,0.052196118361789175,-0.5656137494473082,0.1,6.178098678090974,True,False
interface_only,v19_new_8_energy,0.0834885928079046,0.17183161394321733,0.017183161394321734,-5.141255389971844,False,False
interface_only,v19_new_8_force,-2.027910469513582,-1.5479121827267546,0.03173805605024358,-15.12374563920854,False,False
interface_only,v19_new_8_Haa,52.364342638611284,34.71656366870985,3.4716563668709854,5.0833887645992535,True,False
interface_only,v19_new_8_Hxx,-0.37490271775436496,-0.974896485841256,0.1,5.99993768086891,True,False
interface_only,v19_new_9_energy,0.02702533899650619,0.07736533900036079,0.007736533900036079,-6.506789817546051,False,False
interface_only,v19_new_9_force,-0.17516603202353337,-0.22650351113925563,0.03173805605024358,1.6175369731041942,False,False
interface_only,v19_new_9_Haa,16.281068044392157,14.396252629283666,1.4396252629283666,1.3092403027677881,True,False
interface_only,v19_new_9_Hxx,0.10364380221250763,-0.11946413441426519,0.1,2.231079366267728,True,False
interface_only,v19_power_new_0_energy,0.0017675451333796566,0.0021758842211834217,0.004433026104653031,-0.09211294455838208,False,False
interface_only,v19_power_new_0_force,-0.25059868557987103,-0.2996693004614922,0.03173805605024358,1.5461128055208844,False,False
interface_only,v19_power_new_0_Haa,19.36844221962532,21.133296310436656,2.1133296310436656,-0.835105922373201,True,False
interface_only,v19_power_new_0_Hxx,2.4183824521861697,4.803281906544594,0.4803281906544594,-4.965145708206171,True,False
interface_only,v19_power_new_1_energy,0.010369094207000632,0.01645069708691336,0.004433026104653031,-1.371885194524188,False,False
interface_only,v19_power_new_1_force,0.4272399140667633,0.747061714559844,0.03173805605024358,-10.076918384250764,False,False
interface_only,v19_power_new_1_Haa,6.213989447665742,15.66515497295868,1.5665154972958681,-6.033240999918366,True,False
interface_only,v19_power_new_1_Hxx,0.390727924089836,3.4372637547611467,0.3437263754761147,-8.863258824555967,True,False
interface_only,v19_power_new_2_energy,0.06456734579281895,0.13995417796875365,0.013995417796875366,-5.386536741530192,False,False
interface_only,v19_power_new_2_force,0.6172859633971647,1.6376288066594074,0.03173805605024358,-32.148876467007554,False,False
interface_only,v19_power_new_2_Haa,-0.3735662142418096,1.5124016664736504,0.15124016664736506,-12.47001985334243,True,False
interface_only,v19_power_new_2_Hxx,-0.3162548445020623,0.07390822082095283,0.1,-3.9016306532301512,True,False
interface_only,v19_power_new_3_energy,0.1596994682695004,0.39535837061576956,0.039535837061576956,-5.960640266177521,False,False
interface_only,v19_power_new_3_force,0.4513707727725898,1.0383826381800587,0.03173805605024358,-18.49552047164413,False,False
interface_only,v19_power_new_3_Haa,-0.798498842662545,-6.006053628734572,0.6006053628734572,8.670509968738353,True,False
interface_only,v19_power_new_3_Hxx,-0.13433262613823058,-1.4153601110072371,0.14153601110072372,9.050894361841008,True,False
interface_only,v19_power_new_4_energy,0.27592000104131953,0.5880885299154484,0.05880885299154484,-5.3081893795651895,False,False
interface_only,v19_power_new_4_force,0.32517340241007087,0.5878736415051682,0.03173805605024358,-8.277137033195238,False,False
interface_only,v19_power_new_4_Haa,-0.2441800854748317,0.9838769358246306,0.1,-12.280570212994624,True,False
interface_only,v19_power_new_4_Hxx,-0.006542745379901983,0.5300888191539206,0.1,-5.366315645338225,True,False
interface_only,v19_power_new_5_energy,0.3908643832149888,0.7807571272106231,0.07807571272106231,-4.993777583415563,False,False
interface_only,v19_power_new_5_force,0.21412705326688133,0.03287588986152218,0.03173805605024358,5.710846408438683,False,False
interface_only,v19_power_new_5_Haa,-0.2636633064121246,-2.5224317074829634,0.25224317074829633,8.9547256893816,True,False
interface_only,v19_power_new_5_Hxx,-1.9118284661869616e-05,-0.10536285587305545,0.1,1.0534373758839357,True,False
interface_only,v19_power_new_6_energy,0.025362635019671963,0.09299247367372732,0.009299247367372731,-7.272614221591835,False,False
interface_only,v19_power_new_6_force,-0.29139396344335017,-0.03946790499084763,0.03173805605024358,-7.93766505590909,False,False
interface_only,v19_power_new_6_Haa,20.93993489730295,22.032873653678617,2.2032873653678617,-0.49604911894603854,True,False
interface_only,v19_power_new_6_Hxx,1.0351846061373344,1.976588687531336,0.19765886875313363,-4.762771776103656,True,False
interface_only,v19_power_new_7_energy,0.06247791420898522,0.16640726473220147,0.01664072647322015,-6.245481571400703,False,False
interface_only,v19_power_new_7_force,0.5691050607363917,0.9556810535854069,0.03173805605024358,-12.180203861163966,False,False
interface_only,v19_power_new_7_Haa,1.4631561169471123,3.6257942400934606,0.36257942400934606,-5.9645914245001475,True,False
interface_only,v19_power_new_7_Hxx,0.08062850247011169,-0.7324824081355719,0.1,8.131109106056835,True,False
interface_only,v19_power_new_8_energy,0.09221338431659838,0.18770167030691334,0.018770167030691336,-5.087236881492896,False,False
interface_only,v19_power_new_8_force,-2.229541852378178,-1.6817465699911935,0.03173805605024358,-17.259887673012674,False,False
interface_only,v19_power_new_8_Haa,56.11815648642192,35.390692237109825,3.5390692237109826,5.856755813207228,True,False
interface_only,v19_power_new_8_Hxx,-0.8724675614989944,-1.532495429303305,0.15324954293033052,4.3068831083194095,True,False
interface_only,v19_power_new_9_energy,0.02609618250448413,0.07659186968314344,0.007659186968314344,-6.592826025472068,False,False
interface_only,v19_power_new_9_force,-0.09700523503275732,-0.15953065932670854,0.03173805605024358,1.9700458085702874,False,False
interface_only,v19_power_new_9_Haa,14.942688058759837,13.640977289265752,1.3640977289265752,0.9542650368008575,True,False
interface_only,v19_power_new_9_Hxx,0.19607105956024842,-0.0018561341338510467,0.1,1.9792719369409946,True,False
interface_only,v20_new_0_energy,4.6889711398068944e-05,5.8649043216202346e-05,0.004433026104653031,-0.002652664690106488,False,False
interface_only,v20_new_0_force,0.0361142513217966,0.04781880717694997,0.03173805605024358,-0.36878616121366203,False,False
interface_only,v20_new_0_Haa,13.769021899712333,19.407850341619266,1.9407850341619266,-2.905436894169942,True,False
interface_only,v20_new_0_Hxx,2.852169560375669,4.329394100444026,0.4329394100444026,-3.412081473287109,True,False
interface_only,v20_new_1_energy,0.0025378595145839297,0.0036442749373840483,0.004433026104653031,-0.24958468474588802,False,False
interface_only,v20_new_1_force,0.24289953640789588,0.3655179304564104,0.03173805605024358,-3.8634500441489217,False,False
interface_only,v20_new_1_Haa,10.140628599995784,17.703231197779825,1.7703231197779825,-4.27187698861012,True,False
interface_only,v20_new_1_Hxx,0.9521690502321227,3.9093512902826126,0.3909351290282613,-7.5643809432042906,True,False
interface_only,v20_new_2_energy,0.020198151292411752,0.034823381685342755,0.004433026104653031,-3.299152779086941,False,False
interface_only,v20_new_2_force,0.5274043884837706,1.045799857810823,0.03173805605024358,-16.333560836441773,False,False
interface_only,v20_new_2_Haa,3.740099386305429,13.514055878705095,1.3514055878705096,-7.232437530320614,True,False
interface_only,v20_new_2_Hxx,0.07412495399933114,2.9805611045837717,0.29805611045837715,-9.751305370370247,True,False
interface_only,v20_new_3_energy,0.09636707562677252,0.22661995382203423,0.022661995382203426,-5.747635016179993,False,False
interface_only,v20_new_3_force,0.5753080413953693,1.596539848274592,0.03173805605024358,-32.17688585786542,False,False
interface_only,v20_new_3_Haa,-1.0405801453429726,-2.2820717486649773,0.22820717486649775,5.440195313965405,True,False
interface_only,v20_new_3_Hxx,-0.2977712779055936,-0.8053213981525169,0.1,5.0755012024692325,True,False
interface_only,v20_new_4_energy,0.21075206181734643,0.4890270726004544,0.04890270726004545,-5.6903804794149835,False,False
interface_only,v20_new_4_force,0.3795958927860006,0.5582577926902346,0.03173805605024358,-5.629264111872498,False,False
interface_only,v20_new_4_Haa,-0.4022449244313086,-1.9854681988380205,0.19854681988380207,7.974055063351206,True,False
interface_only,v20_new_4_Hxx,-0.04435333611386703,-1.0730096719553677,0.10730096719553678,9.586645514266044,True,False
interface_only,v20_new_5_energy,0.29053328911125664,0.6157939144055483,0.06157939144055483,-5.281972063791494,False,False
interface_only,v20_new_5_force,0.31401943992264314,0.6195747950914187,0.03173805605024358,-9.627412425167435,False,False
interface_only,v20_new_5_Haa,-0.2448113715874634,0.4318686304614479,0.1,-6.7668000204891126,True,False
interface_only,v20_new_5_Hxx,-0.00394850804581003,0.05966529359502488,0.1,-0.6361380164083491,True,False
interface_only,v20_new_6_energy,0.3463427487366072,0.729941495134474,0.0729941495134474,-5.255198518714134,False,False
interface_only,v20_new_6_force,0.26437713594244855,0.4717044111502519,0.03173805605024358,-6.532450345402052,False,False
interface_only,v20_new_6_Haa,-0.2696558427804522,-1.7417609490586863,0.17417609490586863,8.451820596126096,True,False
interface_only,v20_new_6_Hxx,-0.00038973322263142265,0.20899465255336805,0.1,-2.0938438577599947,True,False
interface_only,v20_new_7_energy,0.007476180970232224,0.02046914476243608,0.004433026104653031,-2.9309468262697735,False,False
interface_only,v20_new_7_force,-0.048599580949619185,0.06281548916376087,0.03173805605024358,-3.5104566561040205,False,False
interface_only,v20_new_7_Haa,15.770804142390944,21.501318205218237,2.150131820521824,-2.6651919701539657,True,False
interface_only,v20_new_7_Hxx,1.7603196343726546,4.662002299739686,0.4662002299739686,-6.224112471006403,True,False
interface_only,v20_new_8_energy,0.017268803876397065,0.06003679436536899,0.006003679436536899,-7.123629924125625,False,False
interface_only,v20_new_8_force,0.11645047404965252,0.3178698348179461,0.03173805605024358,-6.346304274257772,False,False
interface_only,v20_new_8_Haa,12.40722690699441,14.458727489192233,1.4458727489192233,-1.4188666213754295,True,False
interface_only,v20_new_8_Hxx,0.4118138179134681,0.86111106885732,0.1,-4.492972509438519,True,False
interface_only,v20_new_9_energy,0.04029143135654319,0.09377427653904365,0.009377427653904365,-5.703359935838316,False,False
interface_only,v20_new_9_force,0.44416511389464713,0.5947790357818696,0.03173805605024358,-4.745530780107957,False,False
interface_only,v20_new_9_Haa,4.2317352718708765,11.056850642860084,1.1056850642860085,-6.172748092058653,True,False
interface_only,v20_new_9_Hxx,-0.19435088494607144,0.0757661767331005,0.1,-2.7011706167917193,True,False
interface_only,v20_new_10_energy,0.018017471602592008,0.038168092494978115,0.004433026104653031,-4.545567839367208,False,False
interface_only,v20_new_10_force,-0.5316049734237188,-0.4360667641505048,0.03173805605024358,-3.0102098604265577,False,False
interface_only,v20_new_10_Haa,24.576192997769912,26.40271381173358,2.640271381173358,-0.6917928312172015,True,False
interface_only,v20_new_10_Hxx,2.411027493940213,4.254835571305176,0.42548355713051766,-4.333441437313576,True,False
interface_only,v20_new_11_energy,0.1062023118016759,0.2277352928888806,0.022773529288888063,-5.336589667131856,False,False
interface_only,v20_new_11_force,0.5399996608728997,1.3946641093269667,0.03173805605024358,-26.928695541436845,False,False
interface_only,v20_new_11_Haa,-0.7184727152132667,2.8654264155114735,0.28654264155114734,-12.507384978807842,True,False
interface_only,v20_new_11_Hxx,-0.10698221873649633,-0.12044589256531853,0.1,0.134636738288222,True,False
interface_only,v31_K0_H00,1.4357117216417212,1.6071853175180872,0.3871874135709727,-0.4428697572963186,False,False
interface_only,v31_K0_H11,4.034172295045495,3.778484710232485,0.3871874135709727,0.6603716336097821,False,False
interface_only,v31_K0_H22,5.907752117275033,5.5400914279154465,0.3871874135709727,0.9495677712472769,False,False
interface_only,v31_K0_H01,9.534087352531998e-16,-1.5177286414361958e-17,0.3871874135709727,2.501594803236074e-15,False,False
interface_only,v31_K0_H02,-1.300009517264546e-16,-9.45828328360523e-17,0.3871874135709727,-9.147538801363966e-17,False,False
interface_only,v31_K0_H12,-3.74715964445958,-3.523213435365955,0.3871874135709727,-0.5783922752762075,False,False
interface_only,v31_K1_H00,6.0954020802412545,11.020541195662586,2.565934883399439,-1.9194326197772946,False,False
interface_only,v31_K1_H11,52.14134289322662,27.51034114112903,2.565934883399439,9.599231029380446,False,False
interface_only,v31_K1_H22,69.26531001459065,37.17324859129323,2.565934883399439,12.506966420278271,False,False
interface_only,v31_K1_H01,-4.993840799285354e-17,-8.047950485487693e-17,2.565934883399439,1.1902522179971103e-17,False,False
interface_only,v31_K1_H02,1.2449216118116127e-14,1.6095900970975385e-16,2.565934883399439,4.788998032610425e-15,False,False
interface_only,v31_K1_H12,-34.24793424272892,-19.325814900328513,2.565934883399439,-5.815470781795938,False,False
interface_only,v31_L2_H00,2.5615626839922334,2.553605837827099,0.581483715936639,0.013683695599829132,False,False
interface_only,v31_L2_H11,2.5615626839922534,2.5536058378271016,0.581483715936639,0.013683695599858917,False,False
interface_only,v31_L2_H22,11.244428233582699,11.054750979095974,0.581483715936639,0.326195298833429,False,False
interface_only,v31_L2_H01,-3.2917216493562154e-16,-6.305904423508818e-34,0.581483715936639,-5.660900828588115e-16,False,False
interface_only,v31_L2_H02,6.429617032097928e-15,-6.040516937618709e-17,0.581483715936639,1.1161141788846407e-14,False,False
interface_only,v31_L2_H12,-8.883937660026177e-16,-1.5741639952321403e-15,0.581483715936639,1.1793455438814853e-15,False,False
interface_only,v31_L3_H00,15.071588936811603,15.117824325030192,3.6510653206716435,-0.012663533560140112,False,False
interface_only,v31_L3_H11,15.071588936811999,15.117824325030208,3.6510653206716435,-0.012663533560035994,False,False
interface_only,v31_L3_H22,68.88119221993368,69.82130022908126,3.6510653206716435,-0.25748868524067886,False,False
interface_only,v31_L3_H01,1.3440995476653006e-15,-2.6155839077835e-16,3.6510653206716435,4.3977792710328086e-16,False,False
interface_only,v31_L3_H02,-1.962317064799673e-14,-1.2237589896675819e-15,3.6510653206716435,-5.03946383926772e-15,False,False
interface_only,v31_L3_H12,-6.259991648401719e-15,-1.066647511748027e-14,3.6510653206716435,1.2069034876286306e-15,False,False
interface_plus_K,normal_strain_force_ev,1.7763568394002505e-15,0.0,0.1,1.7763568394002505e-14,False,True
interface_plus_K,cohesive_ev_atom,3.3599999999999985,3.36,0.0672,-1.9825411154020654e-14,False,True
interface_plus_K,C11_GPa,113.99999999999936,113.99999999999996,5.699999999999998,-1.0471156105938322e-13,False,True
interface_plus_K,C12_GPa,62.00000000000015,62.000000000000014,3.100000000000001,4.354939348207064e-14,False,True
interface_plus_K,C44_GPa,32.00000000000051,32.0,1.6,3.197442310920451e-13,False,True
interface_plus_K,perfect_Haa,19.66091286328969,19.66091286328976,1.9660912863289761,-3.613986495442962e-14,False,True
interface_plus_K,perfect_Hxx,4.393593035123308,4.393593035123306,0.43935930351233066,4.043061852109834e-15,False,True
interface_plus_K,saddle_energy_at_source_state,0.025596830443290943,0.07624909750742465,0.007624909750742465,-6.6429988970297655,False,False
interface_plus_K,saddle_normal_force_at_source_state,0.0713203542815105,1.4903612010162394e-15,0.03173805605024358,2.2471557227261765,False,False
interface_plus_K,fault_energy_at_source_state,0.025243382423024863,0.06670794504308616,0.006670794504308616,-6.215835698923067,False,False
interface_plus_K,fault_normal_force_at_source_state,0.04147512565816021,5.29078226360765e-15,0.03173805605024358,1.3067947700545008,False,False
interface_plus_K,saddle_path_force_at_source_state,0.02526744111810042,2.296700476743968e-16,0.03173805605024358,0.7961244090721893,False,False
interface_plus_K,opening_1.1h_energy,0.030658430352224864,0.05670265774764735,0.005670265774764736,-4.59312286759664,False,False
interface_plus_K,opening_1.5h_energy,0.19909061800623706,0.4710312483934004,0.04710312483934004,-5.773303391541474,False,False
interface_plus_K,opening_2h_energy,0.3337480072581259,0.7060534019484034,0.07060534019484034,-5.273048662648956,False,False
interface_plus_K,opening_40h_energy,0.5696620722919037,0.7719163228888833,0.07719163228888834,-2.620157711396057,False,False
interface_plus_K,direct_quarter_energy,0.0541912856188632,0.117221996542065,0.0117221996542065,-5.3770378241752,False,False
interface_plus_K,direct_half_energy,0.133733073507458,0.26732847628894163,0.026732847628894163,-4.997425064327499,False,False
interface_plus_K,oblique_energy,0.027466874324879972,0.13339289745734875,0.013339289745734876,-7.940904287376899,False,False
interface_plus_K,opening_1.25h_energy,0.1042506951908622,0.24853683654490819,0.02485368365449082,-5.805422783997449,False,False
interface_plus_K,opening_3h_energy,0.4777075720515593,0.7719163228888833,0.07719163228888834,-3.8114073004215396,False,False
interface_plus_K,saddle_Haa,11.984493934475436,12.717337762538286,1.2717337762538286,-0.5762556926195684,True,False
interface_plus_K,saddle_Hxx,0.04674383199948508,-0.18642463121762062,0.018642463121762064,12.507384978807828,True,False
interface_plus_K,fault_Haa,11.850099963189791,14.140554350039636,1.4140554350039638,-1.619776940953821,True,False
interface_plus_K,fault_Hxx,0.396164222956846,2.4858929774856264,0.24858929774856264,-8.406350448129311,True,False
interface_plus_K,saddle_normal_path_coupling,0.9278359705601185,1.2055891043737141,0.12055891043737142,-2.3038789319341464,True,False
interface_plus_K,opening_1.1h_normal_force,0.5815265810149339,1.2761663221727821,0.03173805605024358,-21.886650526364456,False,False
interface_plus_K,opening_1.3h_normal_force,0.5162699709281326,1.4139711872929317,0.03173805605024358,-28.28469440420909,False,False
interface_plus_K,opening_1.5h_normal_force,0.39277730703567504,0.6379256757978651,0.03173805605024358,-7.7241141793342,False,False
interface_plus_K,opening_2h_normal_force,0.2768266422639208,0.5548811295393773,0.03173805605024358,-8.7609173931534,False,False
interface_plus_K,opening_2.5h_normal_force,0.17051703965664702,0.0005156382639574782,0.03173805605024358,5.356389853353505,False,False
interface_plus_K,opening_3h_normal_force,0.09655807902785224,0.0,0.03173805605024358,3.042343830857,False,False
interface_plus_K,shockley_0.15_energy,0.004983122924507262,0.013715574532912111,0.004433026104653031,-1.9698624375884046,False,False
interface_plus_K,shockley_0.35_energy,0.018958416544823477,0.04820527408303389,0.004820527408303389,-6.06714889491812,False,False
interface_plus_K,shockley_0.75_energy,0.031144813782321926,0.08334161260537679,0.00833416126053768,-6.262993622430504,False,False
interface_plus_K,new_direct_017_energy,0.025074578322544304,0.05826439239193282,0.0058264392391932825,-5.696414689460301,False,False
interface_plus_K,new_direct_017_normal_force,-0.6371682276035296,-0.44118804525591643,0.03173805605024358,-6.174927098161361,False,False
interface_plus_K,new_direct_017_Haa,26.618152815839096,26.109437232644353,2.6109437232644357,0.1948397350206771,True,False
interface_plus_K,new_direct_039_energy,0.11310411471429321,0.2262381941113307,0.022623819411133072,-5.000662237489606,False,False
interface_plus_K,new_direct_039_normal_force,-2.708273078069536,-1.9685101248020884,0.03173805605024358,-23.308388897428078,False,False
interface_plus_K,new_direct_039_Haa,65.05383885943118,36.31678531793335,3.6316785317933356,7.912884714305198,True,False
interface_plus_K,new_raised_direct_energy,0.028461029187215395,0.11960599647825673,0.011960599647825674,-7.62043459147223,False,False
interface_plus_K,new_raised_direct_normal_force,-0.12915538821129094,0.08783049166112324,0.03173805605024358,-6.8367728486240695,False,False
interface_plus_K,new_raised_direct_Haa,17.921670731939773,20.00400949091716,2.000400949091716,-1.0409606933664344,True,False
interface_plus_K,new_off_path_positive_energy,0.015464221127868886,0.05360470506556986,0.0053604705065569865,-7.115137354276479,False,False
interface_plus_K,new_off_path_positive_normal_force,0.14316320322658357,0.35206897342006,0.03173805605024358,-6.58218543261641,False,False
interface_plus_K,new_off_path_positive_Haa,11.90015446153295,13.446420569551602,1.3446420569551603,-1.1499462626656605,True,False
interface_plus_K,new_off_path_negative_energy,0.03232670603458714,0.21544733160917068,0.021544733160917068,-8.499554123360925,False,False
interface_plus_K,new_off_path_negative_normal_force,0.0714903833829846,-0.05312860042135701,0.03173805605024358,3.926484457871678,False,False
interface_plus_K,new_off_path_negative_Haa,15.69416671623244,13.5831841481301,1.35831841481301,1.5541146649277695,True,False
interface_plus_K,new_shockley_058_energy,0.030536289504859506,0.07969505412787091,0.007969505412787091,-6.168358270280618,False,False
interface_plus_K,new_shockley_058_normal_force,-0.59867004147892,-0.6123357455328253,0.03173805605024358,0.4305778536741996,False,False
interface_plus_K,new_shockley_058_Haa,24.84674801381454,23.107568998056017,2.3107568998056016,0.7526447355430752,True,False
interface_plus_K,new_opening_1.17h_energy,0.06557485446133077,0.14263027381623705,0.014263027381623706,-5.402458909542827,False,False
interface_plus_K,new_opening_1.17h_normal_force,0.6166447999063542,1.6398229617729339,0.03173805605024358,-32.23821144706583,False,False
interface_plus_K,new_opening_1.42h_energy,0.17228809819684662,0.4226003973463561,0.042260039734635615,-5.923143961087138,False,False
interface_plus_K,new_opening_1.42h_normal_force,0.43019007550485616,0.8686291067124379,0.03173805605024358,-13.814300110677912,False,False
interface_plus_K,new_opening_1.78h_energy,0.279884248713726,0.5953584311886578,0.05953584311886578,-5.298895017663133,False,False
interface_plus_K,new_opening_1.78h_normal_force,0.32218657991409605,0.5989965116849877,0.03173805605024358,-8.721704043016434,False,False
interface_plus_K,new_opening_2.23h_energy,0.3809808286966628,0.7765619947928292,0.07765619947928293,-5.094006257693557,False,False
interface_plus_K,new_opening_2.23h_normal_force,0.22608571333940458,0.15664558956102492,0.03173805605024358,2.1879135782119437,False,False
interface_plus_K,new_opening_3.4h_energy,0.503129638861874,0.7719163228888833,0.07719163228888834,-3.48207022000882,False,False
interface_plus_K,new_opening_3.4h_normal_force,0.0620259731562499,0.0,0.03173805605024358,1.9543091441409775,False,False
interface_plus_K,new_opening_5.5h_energy,0.5497694512887399,0.7719163228888833,0.07719163228888834,-2.8778620818479737,False,False
interface_plus_K,new_opening_5.5h_normal_force,0.010724175926358165,0.0,0.03173805605024358,0.3378964328937172,False,False
interface_plus_K,v16_direct011_energy,0.010327600786997173,0.025339211626875774,0.004433026104653031,-3.386312303489931,False,False
interface_plus_K,v16_direct011_normal_force,-0.2672665039042749,-0.1684646879274777,0.03173805605024358,-3.113039305885243,False,False
interface_plus_K,v16_direct011_Haa,19.80466492692818,23.17866876533168,2.317866876533168,-1.4556503967346024,True,False
interface_plus_K,v16_direct031_energy,0.0803893870946448,0.16617323878813156,0.016617323878813157,-5.16231448090507,False,False
interface_plus_K,v16_direct031_normal_force,-1.956010215246462,-1.4977500080753077,0.03173805605024358,-14.43882405543982,False,False
interface_plus_K,v16_direct031_Haa,51.02713535599688,34.460781638400974,3.4460781638400975,4.807306430663019,True,False
interface_plus_K,v16_raised043_energy,0.03443220429887982,0.1726273519698645,0.017262735196986453,-8.00540274145602,False,False
interface_plus_K,v16_raised043_normal_force,-0.10929673227080773,-0.17083895700384927,0.03173805605024358,1.9390672395188873,False,False
interface_plus_K,v16_raised043_Haa,18.107976285140275,18.238440853611248,1.8238440853611249,-0.07153274203542517,True,False
interface_plus_K,v16_off_plus_energy,0.020485851260639325,0.0652424878354941,0.006524248783549411,-6.860044437254838,False,False
interface_plus_K,v16_off_plus_normal_force,-0.23688259381114332,-0.08042066717244803,0.03173805605024358,-4.929789221841597,False,False
interface_plus_K,v16_off_plus_Haa,19.176282775847945,20.981095919956758,2.098109591995676,-0.8602091859234646,True,False
interface_plus_K,v16_off_minus_energy,0.041993265469882676,0.21182429891635463,0.021182429891635463,-8.017542572560808,False,False
interface_plus_K,v16_off_minus_normal_force,0.4543854812991234,0.3481661631135443,0.03173805605024358,3.346749341466484,False,False
interface_plus_K,v16_off_minus_Haa,6.722464624261003,5.497617912510364,0.5497617912510364,2.227958965579222,True,False
interface_plus_K,v16_shockley043_energy,0.024186669629747866,0.061697611386283796,0.00616976113862838,-6.079804535978376,False,False
interface_plus_K,v16_shockley043_normal_force,-0.5483439959737757,-0.43484281773712713,0.03173805605024358,-3.576185575353708,False,False
interface_plus_K,v16_shockley043_Haa,24.51391404572734,25.03469226049791,2.5034692260497913,-0.2080226149183795,True,False
interface_plus_K,v16_opening1.21_energy,0.08538574320634167,0.19627832926906572,0.019627832926906574,-5.649762073871553,False,False
interface_plus_K,v16_opening1.21_normal_force,0.5938051193097033,1.631864707518524,0.03173805605024358,-32.70709417632571,False,False
interface_plus_K,v16_opening1.21_Haa,-0.9142166046422188,-1.3832350292334812,0.13832350292334814,3.3907355921369966,True,False
interface_plus_K,v16_opening1.62_energy,0.2356458455766794,0.5246331923940108,0.05246331923940109,-5.508369485709087,False,False
interface_plus_K,v16_opening1.62_normal_force,0.3562265193527792,0.5093642313524578,0.03173805605024358,-4.8250501466520435,False,False
interface_plus_K,v16_opening1.62_Haa,-0.2992262925898686,-0.15582859326870177,0.1,-1.4339769932116682,True,False
interface_plus_K,v16_opening1.93_energy,0.31749743841860073,0.6719836252695317,0.06719836252695317,-5.275220608370435,False,False
interface_plus_K,v16_opening1.93_normal_force,0.2917466756279367,0.6270410192299789,0.03173805605024358,-10.564425970867516,False,False
interface_plus_K,v16_opening1.93_Haa,-0.2568082136349553,-0.6638075680371565,0.1,4.069993544022011,True,False
interface_plus_K,v16_opening2.71_energy,0.45059386135370527,0.7719163228888833,0.07719163228888834,-4.162659241776807,False,False
interface_plus_K,v16_opening2.71_normal_force,0.13459001818342842,0.0,0.03173805605024358,4.240650970253595,False,False
interface_plus_K,v16_opening2.71_Haa,-0.18842476352472629,0.0,0.1,-1.8842476352472628,True,False
interface_plus_K,v16_opening4.3_energy,0.5331642960886325,0.7719163228888833,0.07719163228888834,-3.0929780822191395,False,False
interface_plus_K,v16_opening4.3_normal_force,0.026136005379665504,0.0,0.03173805605024358,0.8234910587557841,False,False
interface_plus_K,v16_opening4.3_Haa,-0.02737020813044535,0.0,0.1,-0.27370208130445345,True,False
interface_plus_K,v16_opening6.2_energy,0.5547452066217149,0.7719163228888833,0.07719163228888834,-2.8134023057630047,False,False
interface_plus_K,v16_opening6.2_normal_force,0.0070305364685637394,0.0,0.03173805605024358,0.22151755159275996,False,False
interface_plus_K,v16_opening6.2_Haa,-0.004853138870332775,0.0,0.1,-0.04853138870332775,True,False
interface_plus_K,v17_near_0.985_normal_force,-0.2041886508368536,-0.24821900083247345,0.03173805605024358,1.387304563515695,False,False
interface_plus_K,v17_near_0.985_Haa,18.52835707907095,20.878110673451364,2.0878110673451364,-1.1254627543326337,True,False
interface_plus_K,v17_near_1.015_normal_force,0.16285077681478535,0.2329580444899274,0.03173805605024358,-2.2089338919862422,False,False
interface_plus_K,v17_near_1.015_Haa,11.668148031925123,18.39295935022696,1.839295935022696,-3.6561877782972734,True,False
interface_plus_K,v17_near_1.065_normal_force,0.48560057216377234,0.9078686582498847,0.03173805605024358,-13.30478733220561,False,False
interface_plus_K,v17_near_1.065_Haa,4.82295290288485,14.605604041867348,1.4605604041867348,-6.697875083385988,True,False
interface_plus_K,v17_near_1.095_normal_force,0.5722757064459243,1.2303804278835464,0.03173805605024358,-20.735508198605356,False,False
interface_plus_K,v17_near_1.095_Haa,2.4224872793781844,11.545874277606002,1.1545874277606003,-7.901858948804975,True,False
interface_plus_K,v17_direct023_energy,0.04606153852088852,0.10138618519039871,0.010138618519039872,-5.456822994731776,False,False
interface_plus_K,v17_direct023_normal_force,-1.1472998965522565,-0.8610948380753036,0.03173805605024358,-9.017724904886112,False,False
interface_plus_K,v17_direct023_Haa,36.03459688893791,29.67272464413389,2.967272464413389,2.144013507725427,True,False
interface_plus_K,v17_direct023_Hxx,1.2855422240222005,1.5318476269016676,0.1531847626901668,-1.6078975385929681,True,False
interface_plus_K,v17_direct047_energy,0.132088802456173,0.26395051027571553,0.026395051027571555,-4.995698158787546,False,False
interface_plus_K,v17_direct047_normal_force,-3.1392578980632218,-2.2580600813748397,0.03173805605024358,-27.764706675587938,False,False
interface_plus_K,v17_direct047_Haa,73.12628729558823,35.337517734960244,3.5337517734960247,10.693668368008389,True,False
interface_plus_K,v17_direct047_Hxx,-3.551553606518679,-7.290154929569364,0.7290154929569365,5.12828788848734,True,False
interface_plus_K,v17_off_plus_energy,0.02518468264817498,0.08014986299727256,0.008014986299727257,-6.8578009111466605,False,False
interface_plus_K,v17_off_plus_normal_force,0.28600211760752103,0.496288954541943,0.03173805605024358,-6.625699967304962,False,False
interface_plus_K,v17_off_plus_Haa,8.745367661116461,13.145916399036436,1.3145916399036437,-3.3474644173475223,True,False
interface_plus_K,v17_off_plus_Hxx,0.15918404073689832,0.5867789207029961,0.1,-4.275948799660978,True,False
interface_plus_K,v17_off_minus_energy,0.035099546935198664,0.21284911087573022,0.021284911087573022,-8.350965771443077,False,False
interface_plus_K,v17_off_minus_normal_force,0.24138740906302011,0.06702268289699899,0.03173805605024358,5.4938691232377135,False,False
interface_plus_K,v17_off_minus_Haa,11.819825051199455,11.464221151869252,1.1464221151869252,0.3101858334896322,True,False
interface_plus_K,v17_off_minus_Hxx,0.15124357329839297,-2.835312235036081,0.2835312235036081,10.533428281476265,True,False
interface_plus_K,v17_shockley067_energy,0.02424440730976781,0.07506981596967024,0.007506981596967025,-6.770418710022807,False,False
interface_plus_K,v17_shockley067_normal_force,-0.01901288767261287,-0.08375074170661885,0.03173805605024358,2.039754858694603,False,False
interface_plus_K,v17_shockley067_Haa,14.02522429289725,14.560238367523052,1.4560238367523053,-0.3674487059354495,True,False
interface_plus_K,v17_shockley067_Hxx,0.14973807536861436,0.4530475235373633,0.1,-3.033094481687489,True,False
interface_plus_K,v17_compression_energy,0.01601521660643029,0.025317916775100896,0.004433026104653031,-2.098498846850062,False,False
interface_plus_K,v17_compression_normal_force,-0.6728965319464528,-0.6769543589544016,0.03173805605024358,0.1278536719931725,False,False
interface_plus_K,v17_compression_Haa,26.817708514683687,26.962376342241654,2.6962376342241656,-0.05365544406088482,True,False
interface_plus_K,v17_compression_Hxx,3.539615108752636,5.568444170552721,0.5568444170552721,-3.6434397107346843,True,False
interface_plus_K,v17_opening1.045_energy,0.008033257515289279,0.012439540042104347,0.004433026104653031,-0.9939671959499874,False,False
interface_plus_K,v17_opening1.045_normal_force,0.3893183873577314,0.6560493060873362,0.03173805605024358,-8.404135348029854,False,False
interface_plus_K,v17_opening1.045_Haa,7.068896622555944,16.173163667497242,1.6173163667497243,-5.629243128997631,True,False
interface_plus_K,v17_opening1.045_Hxx,0.5071104441445444,3.5468340021412335,0.35468340021412337,-8.570244776500957,True,False
interface_plus_K,v17_opening1.255_energy,0.10652998326134748,0.2548812728796389,0.02548812728796389,-5.820407593787656,False,False
interface_plus_K,v17_opening1.255_normal_force,0.556088955434143,1.5479287243761108,0.03173805605024358,-31.250803999205733,False,False
interface_plus_K,v17_opening1.255_Haa,-1.089576426337027,-3.07660296796585,0.307660296796585,6.458508173846625,True,False
interface_plus_K,v17_opening1.255_Hxx,-0.27541183426220694,-0.8591645505462155,0.1,5.837527162840086,True,False
interface_plus_K,v17_opening1.555_energy,0.21628857849224123,0.4970497627048889,0.04970497627048889,-5.648552826678295,False,False
interface_plus_K,v17_opening1.555_normal_force,0.3738985155947997,0.5361595264738468,0.03173805605024358,-5.112506280226378,False,False
interface_plus_K,v17_opening1.555_Haa,-0.37369702195738963,-0.9598397042596563,0.1,5.861426823022666,True,False
interface_plus_K,v17_opening1.555_Hxx,-0.03848301978273814,-0.8905810007935903,0.1,8.520979810108521,True,False
interface_plus_K,v17_opening1.855_energy,0.2991560815058136,0.6331364785570511,0.06331364785570512,-5.275014287794554,False,False
interface_plus_K,v17_opening1.855_normal_force,0.3071858998633026,0.6294361584094642,0.03173805605024358,-10.153434036288068,False,False
interface_plus_K,v17_opening1.855_Haa,-0.24772311402151723,0.33758173393615254,0.1,-5.853048479576698,True,False
interface_plus_K,v17_opening1.855_Hxx,-0.0028858077147529706,-0.0764657682265532,0.1,0.7357996051180022,True,False
interface_plus_K,v17_opening2.455_energy,0.41811678149495535,0.7722611869157332,0.07722611869157332,-4.585811269826526,False,False
interface_plus_K,v17_opening2.455_normal_force,0.17913092750916676,-0.03892592855831557,0.03173805605024358,6.870517076480139,False,False
interface_plus_K,v17_opening2.455_Haa,-0.23855133024327635,1.5212189106347462,0.15212189106347462,-11.568159116190174,True,False
interface_plus_K,v17_opening2.455_Hxx,4.881158093513898e-06,0.04446583977668427,0.1,-0.44460958618590757,True,False
interface_plus_K,v17_opening3.75_energy,0.5179845544196067,0.7719163228888833,0.07719163228888834,-3.289628175226836,False,False
interface_plus_K,v17_opening3.75_normal_force,0.04330835220758479,0.0,0.03173805605024358,1.3645559179498774,False,False
interface_plus_K,v17_opening3.75_Haa,-0.05219303674704554,0.0,0.1,-0.5219303674704554,True,False
interface_plus_K,v17_opening3.75_Hxx,1.7095304930306846e-09,0.0,0.1,1.7095304930306844e-08,True,False
interface_plus_K,v19_new_0_energy,0.0003361048955262682,0.00042417681882149505,0.004433026104653031,-0.01986722415254538,False,False
interface_plus_K,v19_new_0_force,-0.10374147795156828,-0.13054663793646185,0.03173805605024358,0.8445747257632638,False,False
interface_plus_K,v19_new_0_Haa,16.664409737765137,20.302032153219432,2.030203215321943,-1.791752859024732,True,False
interface_plus_K,v19_new_0_Hxx,2.3445988065834458,4.57090105595751,0.45709010559575103,-4.870598208360691,True,False
interface_plus_K,v19_new_1_energy,0.0033840908298137114,0.004931943136885955,0.004433026104653031,-0.349163815085044,False,False
interface_plus_K,v19_new_1_force,0.27495782255351925,0.42285939529142164,0.03173805605024358,-4.660070311293286,False,False
interface_plus_K,v19_new_1_Haa,9.49522825456851,17.415188636660293,1.7415188636660295,-4.547731607925088,True,False
interface_plus_K,v19_new_1_Hxx,0.8537503540242226,3.8361643120715834,0.3836164312071584,-7.774468754277145,True,False
interface_plus_K,v19_new_2_energy,0.05293835441628875,0.10968805888528045,0.010968805888528046,-5.173735869311404,False,False
interface_plus_K,v19_new_2_force,0.619471125182841,1.574309479391436,0.03173805605024358,-30.084966536608878,False,False
interface_plus_K,v19_new_2_Haa,0.17882540173115263,5.20946471789603,0.5209464717896031,-9.656729795833272,True,False
interface_plus_K,v19_new_2_Hxx,-0.28644051326087616,0.9642979846199059,0.1,-12.50738497880782,True,False
interface_plus_K,v19_new_3_energy,0.1365489006330557,0.3373623063206088,0.03373623063206088,-5.952455325483581,False,False
interface_plus_K,v19_new_3_force,0.495341012811777,1.321138459506241,0.03173805605024358,-26.019156478492835,False,False
interface_plus_K,v19_new_3_Haa,-0.9922003722442873,-4.940080180276789,0.4940080180276789,7.991529821306068,True,False
interface_plus_K,v19_new_3_Hxx,-0.19479610915389114,-1.007259835979608,0.10072598359796081,8.066078858744103,True,False
interface_plus_K,v19_new_4_energy,0.2596943392129146,0.5605338261337047,0.05605338261337048,-5.367017526771534,False,False
interface_plus_K,v19_new_4_force,0.33731319727440245,0.5382315998098468,0.03173805605024358,-6.330520124401329,False,False
interface_plus_K,v19_new_4_Haa,-0.25369608622098727,0.9032785116339533,0.1,-11.569745978549406,True,False
interface_plus_K,v19_new_4_Hxx,-0.011072787181018107,0.6453579543796875,0.1,-6.564307415607056,True,False
interface_plus_K,v19_new_5_energy,0.370555936454517,0.7666938699728523,0.07666938699728523,-5.166833191614823,False,False
interface_plus_K,v19_new_5_force,0.2382205517291446,0.27979903523926664,0.03173805605024358,-1.3100513605590827,False,False
interface_plus_K,v19_new_5_Haa,-0.2714635461012846,-2.478203100860398,0.2478203100860398,8.904595244808482,True,False
interface_plus_K,v19_new_5_Hxx,-9.985964340071933e-05,0.0933444416558671,0.1,-0.9344430129926781,True,False
interface_plus_K,v19_new_6_energy,0.019876917141957152,0.07503741336914271,0.007503741336914272,-7.3510657884522645,False,False
interface_plus_K,v19_new_6_force,0.09699984440312227,0.3995055633266556,0.03173805605024358,-9.531324742909442,False,False
interface_plus_K,v19_new_6_Haa,13.181855549015363,16.75498366183509,1.6754983661835092,-2.132576303824566,True,False
interface_plus_K,v19_new_6_Hxx,0.6663739886912593,1.866294182504276,0.18662941825042761,-6.4294268559681775,True,False
interface_plus_K,v19_new_7_energy,0.07103456881724322,0.1746163283222475,0.01746163283222475,-5.93196297850498,False,False
interface_plus_K,v19_new_7_force,0.5782286000438402,1.0346608991752084,0.03173805605024358,-14.381230482698866,False,False
interface_plus_K,v19_new_7_Haa,0.6814916626808986,3.3869832062735408,0.3386983206273541,-7.987909531353431,True,False
interface_plus_K,v19_new_7_Hxx,0.052196118361787565,-0.5656137494473082,0.1,6.178098678090958,True,False
interface_plus_K,v19_new_8_energy,0.08348859280790438,0.17183161394321733,0.017183161394321734,-5.141255389971858,False,False
interface_plus_K,v19_new_8_force,-2.027910469513564,-1.5479121827267546,0.03173805605024358,-15.123745639207966,False,False
interface_plus_K,v19_new_8_Haa,52.364342638610765,34.71656366870985,3.4716563668709854,5.083388764599104,True,False
interface_plus_K,v19_new_8_Hxx,-0.3749027177543706,-0.974896485841256,0.1,5.999937680868854,True,False
interface_plus_K,v19_new_9_energy,0.027025338996506356,0.07736533900036079,0.007736533900036079,-6.506789817546029,False,False
interface_plus_K,v19_new_9_force,-0.17516603202353248,-0.22650351113925563,0.03173805605024358,1.6175369731042222,False,False
interface_plus_K,v19_new_9_Haa,16.281068044392054,14.396252629283666,1.4396252629283666,1.3092403027677166,True,False
interface_plus_K,v19_new_9_Hxx,0.10364380221250696,-0.11946413441426519,0.1,2.2310793662677213,True,False
interface_plus_K,v19_power_new_0_energy,0.0017675451333796428,0.0021758842211834217,0.004433026104653031,-0.09211294455838522,False,False
interface_plus_K,v19_power_new_0_force,-0.2505986855798675,-0.2996693004614922,0.03173805605024358,1.5461128055209963,False,False
interface_plus_K,v19_power_new_0_Haa,19.368442219625162,21.133296310436656,2.1133296310436656,-0.835105922373275,True,False
interface_plus_K,v19_power_new_0_Hxx,2.4183824521861665,4.803281906544594,0.4803281906544594,-4.965145708206177,True,False
interface_plus_K,v19_power_new_1_energy,0.01036909420700055,0.01645069708691336,0.004433026104653031,-1.3718851945242068,False,False
interface_plus_K,v19_power_new_1_force,0.4272399140667624,0.747061714559844,0.03173805605024358,-10.076918384250792,False,False
interface_plus_K,v19_power_new_1_Haa,6.213989447665699,15.66515497295868,1.5665154972958681,-6.033240999918393,True,False
interface_plus_K,v19_power_new_1_Hxx,0.39072792408984286,3.4372637547611467,0.3437263754761147,-8.863258824555945,True,False
interface_plus_K,v19_power_new_2_energy,0.0645673457928185,0.13995417796875365,0.013995417796875366,-5.386536741530224,False,False
interface_plus_K,v19_power_new_2_force,0.6172859633971611,1.6376288066594074,0.03173805605024358,-32.14887646700767,False,False
interface_plus_K,v19_power_new_2_Haa,-0.373566214241806,1.5124016664736504,0.15124016664736506,-12.470019853342407,True,False
interface_plus_K,v19_power_new_2_Hxx,-0.316254844502057,0.07390822082095283,0.1,-3.901630653230098,True,False
interface_plus_K,v19_power_new_3_energy,0.1596994682694993,0.39535837061576956,0.039535837061576956,-5.960640266177549,False,False
interface_plus_K,v19_power_new_3_force,0.45137077277258625,1.0383826381800587,0.03173805605024358,-18.49552047164424,False,False
interface_plus_K,v19_power_new_3_Haa,-0.7984988426625521,-6.006053628734572,0.6006053628734572,8.670509968738342,True,False
interface_plus_K,v19_power_new_3_Hxx,-0.1343326261382298,-1.4153601110072371,0.14153601110072372,9.050894361841012,True,False
interface_plus_K,v19_power_new_4_energy,0.27592000104131753,0.5880885299154484,0.05880885299154484,-5.308189379565223,False,False
interface_plus_K,v19_power_new_4_force,0.32517340241006576,0.5878736415051682,0.03173805605024358,-8.277137033195398,False,False
interface_plus_K,v19_power_new_4_Haa,-0.24418008547483436,0.9838769358246306,0.1,-12.28057021299465,True,False
interface_plus_K,v19_power_new_4_Hxx,-0.006542745379902004,0.5300888191539206,0.1,-5.366315645338225,True,False
interface_plus_K,v19_power_new_5_energy,0.3908643832149848,0.7807571272106231,0.07807571272106231,-4.993777583415614,False,False
interface_plus_K,v19_power_new_5_force,0.21412705326687714,0.03287588986152218,0.03173805605024358,5.710846408438551,False,False
interface_plus_K,v19_power_new_5_Haa,-0.26366330641212016,-2.5224317074829634,0.25224317074829633,8.954725689381618,True,False
interface_plus_K,v19_power_new_5_Hxx,-1.911828466187184e-05,-0.10536285587305545,0.1,1.0534373758839357,True,False
interface_plus_K,v19_power_new_6_energy,0.025362635019672047,0.09299247367372732,0.009299247367372731,-7.272614221591825,False,False
interface_plus_K,v19_power_new_6_force,-0.29139396344334484,-0.03946790499084763,0.03173805605024358,-7.937665055908922,False,False
interface_plus_K,v19_power_new_6_Haa,20.939934897302784,22.032873653678617,2.2032873653678617,-0.4960491189461143,True,False
interface_plus_K,v19_power_new_6_Hxx,1.0351846061373267,1.976588687531336,0.19765886875313363,-4.762771776103695,True,False
interface_plus_K,v19_power_new_7_energy,0.06247791420898533,0.16640726473220147,0.01664072647322015,-6.245481571400696,False,False
interface_plus_K,v19_power_new_7_force,0.5691050607363872,0.9556810535854069,0.03173805605024358,-12.180203861164106,False,False
interface_plus_K,v19_power_new_7_Haa,1.4631561169471035,3.6257942400934606,0.36257942400934606,-5.964591424500172,True,False
interface_plus_K,v19_power_new_7_Hxx,0.08062850247010969,-0.7324824081355719,0.1,8.131109106056815,True,False
interface_plus_K,v19_power_new_8_energy,0.09221338431659806,0.18770167030691334,0.018770167030691336,-5.087236881492913,False,False
interface_plus_K,v19_power_new_8_force,-2.229541852378161,-1.6817465699911935,0.03173805605024358,-17.25988767301214,False,False
interface_plus_K,v19_power_new_8_Haa,56.11815648642133,35.390692237109825,3.5390692237109826,5.856755813207062,True,False
interface_plus_K,v19_power_new_8_Hxx,-0.8724675614989964,-1.532495429303305,0.15324954293033052,4.306883108319396,True,False
interface_plus_K,v19_power_new_9_energy,0.026096182504484283,0.07659186968314344,0.007659186968314344,-6.592826025472047,False,False
interface_plus_K,v19_power_new_9_force,-0.09700523503275554,-0.15953065932670854,0.03173805605024358,1.9700458085703434,False,False
interface_plus_K,v19_power_new_9_Haa,14.942688058759737,13.640977289265752,1.3640977289265752,0.9542650368007846,True,False
interface_plus_K,v19_power_new_9_Hxx,0.19607105956024787,-0.0018561341338510467,0.1,1.979271936940989,True,False
interface_plus_K,v20_new_0_energy,4.688971139807241e-05,5.8649043216202346e-05,0.004433026104653031,-0.002652664690105705,False,False
interface_plus_K,v20_new_0_force,0.03611425132179838,0.04781880717694997,0.03173805605024358,-0.368786161213606,False,False
interface_plus_K,v20_new_0_Haa,13.769021899712223,19.407850341619266,1.9407850341619266,-2.9054368941699984,True,False
interface_plus_K,v20_new_0_Hxx,2.8521695603756445,4.329394100444026,0.4329394100444026,-3.4120814732871656,True,False
interface_plus_K,v20_new_1_energy,0.0025378595145839292,0.0036442749373840483,0.004433026104653031,-0.2495846847458881,False,False
interface_plus_K,v20_new_1_force,0.24289953640789588,0.3655179304564104,0.03173805605024358,-3.8634500441489217,False,False
interface_plus_K,v20_new_1_Haa,10.140628599995711,17.703231197779825,1.7703231197779825,-4.2718769886101615,True,False
interface_plus_K,v20_new_1_Hxx,0.9521690502321285,3.9093512902826126,0.3909351290282613,-7.564380943204275,True,False
interface_plus_K,v20_new_2_energy,0.020198151292411752,0.034823381685342755,0.004433026104653031,-3.299152779086941,False,False
interface_plus_K,v20_new_2_force,0.5274043884837697,1.045799857810823,0.03173805605024358,-16.3335608364418,False,False
interface_plus_K,v20_new_2_Haa,3.740099386305404,13.514055878705095,1.3514055878705096,-7.232437530320633,True,False
interface_plus_K,v20_new_2_Hxx,0.07412495399933913,2.9805611045837717,0.29805611045837715,-9.75130537037022,True,False
interface_plus_K,v20_new_3_energy,0.09636707562677208,0.22661995382203423,0.022661995382203426,-5.747635016180013,False,False
interface_plus_K,v20_new_3_force,0.5753080413953671,1.596539848274592,0.03173805605024358,-32.17688585786549,False,False
interface_plus_K,v20_new_3_Haa,-1.0405801453429708,-2.2820717486649773,0.22820717486649775,5.440195313965412,True,False
interface_plus_K,v20_new_3_Hxx,-0.29777127790559005,-0.8053213981525169,0.1,5.075501202469268,True,False
interface_plus_K,v20_new_4_energy,0.2107520618173451,0.4890270726004544,0.04890270726004545,-5.690380479415011,False,False
interface_plus_K,v20_new_4_force,0.3795958927859968,0.5582577926902346,0.03173805605024358,-5.629264111872616,False,False
interface_plus_K,v20_new_4_Haa,-0.4022449244313166,-1.9854681988380205,0.19854681988380207,7.974055063351166,True,False
interface_plus_K,v20_new_4_Hxx,-0.04435333611386689,-1.0730096719553677,0.10730096719553678,9.586645514266046,True,False
interface_plus_K,v20_new_5_energy,0.290533289111254,0.6157939144055483,0.06157939144055483,-5.281972063791537,False,False
interface_plus_K,v20_new_5_force,0.3140194399226379,0.6195747950914187,0.03173805605024358,-9.627412425167599,False,False
interface_plus_K,v20_new_5_Haa,-0.2448113715874643,0.4318686304614479,0.1,-6.766800020489121,True,False
interface_plus_K,v20_new_5_Hxx,-0.003948508045810049,0.05966529359502488,0.1,-0.6361380164083492,True,False
interface_plus_K,v20_new_6_energy,0.3463427487366034,0.729941495134474,0.0729941495134474,-5.255198518714186,False,False
interface_plus_K,v20_new_6_force,0.2643771359424436,0.4717044111502519,0.03173805605024358,-6.532450345402208,False,False
interface_plus_K,v20_new_6_Haa,-0.26965584278044863,-1.7417609490586863,0.17417609490586863,8.451820596126117,True,False
interface_plus_K,v20_new_6_Hxx,-0.0003897332226314309,0.20899465255336805,0.1,-2.0938438577599947,True,False
interface_plus_K,v20_new_7_energy,0.007476180970232238,0.02046914476243608,0.004433026104653031,-2.9309468262697704,False,False
interface_plus_K,v20_new_7_force,-0.0485995809496183,0.06281548916376087,0.03173805605024358,-3.5104566561039925,False,False
interface_plus_K,v20_new_7_Haa,15.770804142390823,21.501318205218237,2.150131820521824,-2.665191970154022,True,False
interface_plus_K,v20_new_7_Hxx,1.7603196343726526,4.662002299739686,0.4662002299739686,-6.224112471006408,True,False
interface_plus_K,v20_new_8_energy,0.017268803876397176,0.06003679436536899,0.006003679436536899,-7.1236299241256065,False,False
interface_plus_K,v20_new_8_force,0.11645047404965252,0.3178698348179461,0.03173805605024358,-6.346304274257772,False,False
interface_plus_K,v20_new_8_Haa,12.40722690699433,14.458727489192233,1.4458727489192233,-1.4188666213754848,True,False
interface_plus_K,v20_new_8_Hxx,0.41181381791346583,0.86111106885732,0.1,-4.492972509438542,True,False
interface_plus_K,v20_new_9_energy,0.04029143135654319,0.09377427653904365,0.009377427653904365,-5.703359935838316,False,False
interface_plus_K,v20_new_9_force,0.44416511389464447,0.5947790357818696,0.03173805605024358,-4.745530780108042,False,False
interface_plus_K,v20_new_9_Haa,4.231735271870855,11.056850642860084,1.1056850642860085,-6.172748092058671,True,False
interface_plus_K,v20_new_9_Hxx,-0.19435088494607106,0.0757661767331005,0.1,-2.7011706167917153,True,False
interface_plus_K,v20_new_10_energy,0.01801747160259198,0.038168092494978115,0.004433026104653031,-4.545567839367214,False,False
interface_plus_K,v20_new_10_force,-0.5316049734237162,-0.4360667641505048,0.03173805605024358,-3.0102098604264738,False,False
interface_plus_K,v20_new_10_Haa,24.5761929977697,26.40271381173358,2.640271381173358,-0.6917928312172823,True,False
interface_plus_K,v20_new_10_Hxx,2.4110274939402,4.254835571305176,0.42548355713051766,-4.333441437313606,True,False
interface_plus_K,v20_new_11_energy,0.10620231180167546,0.2277352928888806,0.022773529288888063,-5.336589667131875,False,False
interface_plus_K,v20_new_11_force,0.5399996608728966,1.3946641093269667,0.03173805605024358,-26.92869554143694,False,False
interface_plus_K,v20_new_11_Haa,-0.7184727152132632,2.8654264155114735,0.28654264155114734,-12.50738497880783,True,False
interface_plus_K,v20_new_11_Hxx,-0.10698221873649635,-0.12044589256531853,0.1,0.13463673828822173,True,False
interface_plus_K,v31_K0_H00,1.4357117216416915,1.6071853175180872,0.3871874135709727,-0.44286975729639544,True,False
interface_plus_K,v31_K0_H11,4.034172295045533,3.778484710232485,0.3871874135709727,0.6603716336098808,True,False
interface_plus_K,v31_K0_H22,5.907752117275047,5.5400914279154465,0.3871874135709727,0.9495677712473135,True,False
interface_plus_K,v31_K0_H01,9.5340873525319e-16,-1.5177286414361958e-17,0.3871874135709727,2.5015948032360483e-15,True,False
interface_plus_K,v31_K0_H02,-1.300009517264409e-16,-9.45828328360523e-17,0.3871874135709727,-9.147538801360426e-17,True,False
interface_plus_K,v31_K0_H12,-3.7471596444595434,-3.523213435365955,0.3871874135709727,-0.5783922752761135,True,False
interface_plus_K,v31_K1_H00,6.095402080241278,11.020541195662586,2.565934883399439,-1.9194326197772855,True,False
interface_plus_K,v31_K1_H11,52.14134289322632,27.51034114112903,2.565934883399439,9.59923102938033,True,False
interface_plus_K,v31_K1_H22,69.26531001458991,37.17324859129323,2.565934883399439,12.506966420277983,True,False
interface_plus_K,v31_K1_H01,-4.993840799286419e-17,-8.047950485487693e-17,2.565934883399439,1.1902522179966952e-17,True,False
interface_plus_K,v31_K1_H02,1.2449216118115873e-14,1.6095900970975385e-16,2.565934883399439,4.7889980326103264e-15,True,False
interface_plus_K,v31_K1_H12,-34.24793424272806,-19.325814900328513,2.565934883399439,-5.815470781795603,True,False
interface_plus_K,v31_L2_H00,2.5615626839922276,2.553605837827099,0.581483715936639,0.013683695599819204,False,False
interface_plus_K,v31_L2_H11,2.561562683992248,2.5536058378271016,0.581483715936639,0.013683695599849752,False,False
interface_plus_K,v31_L2_H22,11.244428233582752,11.054750979095974,0.581483715936639,0.32619529883352066,False,False
interface_plus_K,v31_L2_H01,-3.291721649356182e-16,-6.305904423508818e-34,0.581483715936639,-5.660900828588058e-16,False,False
interface_plus_K,v31_L2_H02,6.4296170320977826e-15,-6.040516937618709e-17,0.581483715936639,1.1161141788846158e-14,False,False
interface_plus_K,v31_L2_H12,-8.883937660025952e-16,-1.5741639952321403e-15,0.581483715936639,1.179345543881524e-15,False,False
interface_plus_K,v31_L3_H00,15.071588936811642,15.117824325030192,3.6510653206716435,-0.01266353356012941,False,False
interface_plus_K,v31_L3_H11,15.071588936812041,15.117824325030208,3.6510653206716435,-0.012663533560024318,False,False
interface_plus_K,v31_L3_H22,68.88119221993334,69.82130022908126,3.6510653206716435,-0.2574886852407723,False,False
interface_plus_K,v31_L3_H01,1.3440995476652746e-15,-2.6155839077835e-16,3.6510653206716435,4.397779271032737e-16,False,False
interface_plus_K,v31_L3_H02,-1.9623170647996496e-14,-1.2237589896675819e-15,3.6510653206716435,-5.0394638392676556e-15,False,False
interface_plus_K,v31_L3_H12,-6.259991648401495e-15,-1.066647511748027e-14,3.6510653206716435,1.206903487628692e-15,False,False
interface_plus_L,normal_strain_force_ev,8.881784197001252e-16,0.0,0.1,8.881784197001252e-15,False,True
interface_plus_L,cohesive_ev_atom,3.3599999999999994,3.36,0.0672,-6.608470384673551e-15,False,True
interface_plus_L,C11_GPa,113.99999999999974,113.99999999999996,5.699999999999998,-3.739698609263686e-14,False,True
interface_plus_L,C12_GPa,62.00000000000013,62.000000000000014,3.100000000000001,3.66731734585858e-14,False,True
interface_plus_L,C44_GPa,31.999999999999368,32.0,1.6,-3.9523939676655573e-13,False,True
interface_plus_L,perfect_Haa,19.66091286328973,19.66091286328976,1.9660912863289761,-1.4455945981771848e-14,False,True
interface_plus_L,perfect_Hxx,4.393593035123305,4.393593035123306,0.43935930351233066,-2.021530926054917e-15,False,True
interface_plus_L,saddle_energy_at_source_state,0.025596830443291054,0.07624909750742465,0.007624909750742465,-6.642998897029751,False,False
interface_plus_L,saddle_normal_force_at_source_state,0.07132035428151227,1.4903612010162394e-15,0.03173805605024358,2.2471557227262324,False,False
interface_plus_L,fault_energy_at_source_state,0.025243382423025002,0.06670794504308616,0.006670794504308616,-6.215835698923047,False,False
interface_plus_L,fault_normal_force_at_source_state,0.04147512565815932,5.29078226360765e-15,0.03173805605024358,1.3067947700544729,False,False
interface_plus_L,saddle_path_force_at_source_state,0.02526744111810081,2.296700476743968e-16,0.03173805605024358,0.7961244090722015,False,False
interface_plus_L,opening_1.1h_energy,0.030658430352225142,0.05670265774764735,0.005670265774764736,-4.593122867596591,False,False
interface_plus_L,opening_1.5h_energy,0.19909061800623795,0.4710312483934004,0.04710312483934004,-5.7733033915414556,False,False
interface_plus_L,opening_2h_energy,0.3337480072581288,0.7060534019484034,0.07060534019484034,-5.2730486626489155,False,False
interface_plus_L,opening_40h_energy,0.5696620722919119,0.7719163228888833,0.07719163228888834,-2.6201577113959504,False,False
interface_plus_L,direct_quarter_energy,0.054191285618863785,0.117221996542065,0.0117221996542065,-5.37703782417515,False,False
interface_plus_L,direct_half_energy,0.13373307350745953,0.26732847628894163,0.026732847628894163,-4.997425064327442,False,False
interface_plus_L,oblique_energy,0.027466874324880028,0.13339289745734875,0.013339289745734876,-7.940904287376895,False,False
interface_plus_L,opening_1.25h_energy,0.10425069519086265,0.24853683654490819,0.02485368365449082,-5.8054227839974315,False,False
interface_plus_L,opening_3h_energy,0.4777075720515653,0.7719163228888833,0.07719163228888834,-3.811407300421462,False,False
interface_plus_L,saddle_Haa,11.984493934475545,12.717337762538286,1.2717337762538286,-0.5762556926194833,True,False
interface_plus_L,saddle_Hxx,0.04674383199948608,-0.18642463121762062,0.018642463121762064,12.507384978807881,True,False
interface_plus_L,fault_Haa,11.850099963189887,14.140554350039636,1.4140554350039638,-1.619776940953753,True,False
interface_plus_L,fault_Hxx,0.3961642229568481,2.4858929774856264,0.24858929774856264,-8.406350448129302,True,False
interface_plus_L,saddle_normal_path_coupling,0.9278359705601305,1.2055891043737141,0.12055891043737142,-2.303878931934047,True,False
interface_plus_L,opening_1.1h_normal_force,0.5815265810149401,1.2761663221727821,0.03173805605024358,-21.886650526364257,False,False
interface_plus_L,opening_1.3h_normal_force,0.5162699709281349,1.4139711872929317,0.03173805605024358,-28.28469440420902,False,False
interface_plus_L,opening_1.5h_normal_force,0.39277730703567837,0.6379256757978651,0.03173805605024358,-7.724114179334095,False,False
interface_plus_L,opening_2h_normal_force,0.2768266422639259,0.5548811295393773,0.03173805605024358,-8.760917393153239,False,False
interface_plus_L,opening_2.5h_normal_force,0.17051703965665066,0.0005156382639574782,0.03173805605024358,5.35638985335362,False,False
interface_plus_L,opening_3h_normal_force,0.09655807902785436,0.0,0.03173805605024358,3.042343830857067,False,False
interface_plus_L,shockley_0.15_energy,0.004983122924507303,0.013715574532912111,0.004433026104653031,-1.9698624375883953,False,False
interface_plus_L,shockley_0.35_energy,0.018958416544823616,0.04820527408303389,0.004820527408303389,-6.067148894918091,False,False
interface_plus_L,shockley_0.75_energy,0.031144813782322128,0.08334161260537679,0.00833416126053768,-6.262993622430479,False,False
interface_plus_L,new_direct_017_energy,0.02507457832254454,0.05826439239193282,0.0058264392391932825,-5.69641468946026,False,False
interface_plus_L,new_direct_017_normal_force,-0.6371682276035385,-0.44118804525591643,0.03173805605024358,-6.174927098161641,False,False
interface_plus_L,new_direct_017_Haa,26.61815281583944,26.109437232644353,2.6109437232644357,0.1948397350208091,True,False
interface_plus_L,new_direct_039_energy,0.11310411471429455,0.2262381941113307,0.022623819411133072,-5.000662237489547,False,False
interface_plus_L,new_direct_039_normal_force,-2.708273078069577,-1.9685101248020884,0.03173805605024358,-23.308388897429378,False,False
interface_plus_L,new_direct_039_Haa,65.05383885943216,36.31678531793335,3.6316785317933356,7.912884714305468,True,False
interface_plus_L,new_raised_direct_energy,0.028461029187215506,0.11960599647825673,0.011960599647825674,-7.620434591472221,False,False
interface_plus_L,new_raised_direct_normal_force,-0.12915538821129627,0.08783049166112324,0.03173805605024358,-6.836772848624237,False,False
interface_plus_L,new_raised_direct_Haa,17.921670731939997,20.00400949091716,2.000400949091716,-1.0409606933663225,True,False
interface_plus_L,new_off_path_positive_energy,0.015464221127868915,0.05360470506556986,0.0053604705065569865,-7.115137354276473,False,False
interface_plus_L,new_off_path_positive_normal_force,0.14316320322658802,0.35206897342006,0.03173805605024358,-6.582185432616271,False,False
interface_plus_L,new_off_path_positive_Haa,11.900154461533077,13.446420569551602,1.3446420569551603,-1.1499462626655654,True,False
interface_plus_L,new_off_path_negative_energy,0.03232670603458725,0.21544733160917068,0.021544733160917068,-8.49955412336092,False,False
interface_plus_L,new_off_path_negative_normal_force,0.0714903833829846,-0.05312860042135701,0.03173805605024358,3.926484457871678,False,False
interface_plus_L,new_off_path_negative_Haa,15.694166716232639,13.5831841481301,1.35831841481301,1.554114664927916,True,False
interface_plus_L,new_shockley_058_energy,0.0305362895048597,0.07969505412787091,0.007969505412787091,-6.168358270280593,False,False
interface_plus_L,new_shockley_058_normal_force,-0.598670041478928,-0.6123357455328253,0.03173805605024358,0.43057785367394774,False,False
interface_plus_L,new_shockley_058_Haa,24.846748013814835,23.107568998056017,2.3107568998056016,0.7526447355432029,True,False
interface_plus_L,new_opening_1.17h_energy,0.06557485446133132,0.14263027381623705,0.014263027381623706,-5.402458909542788,False,False
interface_plus_L,new_opening_1.17h_normal_force,0.6166447999063578,1.6398229617729339,0.03173805605024358,-32.23821144706572,False,False
interface_plus_L,new_opening_1.42h_energy,0.17228809819684818,0.4226003973463561,0.042260039734635615,-5.923143961087102,False,False
interface_plus_L,new_opening_1.42h_normal_force,0.4301900755048597,0.8686291067124379,0.03173805605024358,-13.8143001106778,False,False
interface_plus_L,new_opening_1.78h_energy,0.27988424871372847,0.5953584311886578,0.05953584311886578,-5.298895017663091,False,False
interface_plus_L,new_opening_1.78h_normal_force,0.3221865799141008,0.5989965116849877,0.03173805605024358,-8.721704043016283,False,False
interface_plus_L,new_opening_2.23h_energy,0.38098082869666655,0.7765619947928292,0.07765619947928293,-5.094006257693509,False,False
interface_plus_L,new_opening_2.23h_normal_force,0.22608571333940916,0.15664558956102492,0.03173805605024358,2.187913578212088,False,False
interface_plus_L,new_opening_3.4h_energy,0.50312963886188,0.7719163228888833,0.07719163228888834,-3.482070220008742,False,False
interface_plus_L,new_opening_3.4h_normal_force,0.062025973156251274,0.0,0.03173805605024358,1.9543091441410205,False,False
interface_plus_L,new_opening_5.5h_energy,0.5497694512887474,0.7719163228888833,0.07719163228888834,-2.877862081847876,False,False
interface_plus_L,new_opening_5.5h_normal_force,0.010724175926358402,0.0,0.03173805605024358,0.3378964328937247,False,False
interface_plus_L,v16_direct011_energy,0.010327600786997269,0.025339211626875774,0.004433026104653031,-3.3863123034899094,False,False
interface_plus_L,v16_direct011_normal_force,-0.26726650390428114,-0.1684646879274777,0.03173805605024358,-3.113039305885439,False,False
interface_plus_L,v16_direct011_Haa,19.804664926928414,23.17866876533168,2.317866876533168,-1.4556503967345014,True,False
interface_plus_L,v16_direct031_energy,0.08038938709464569,0.16617323878813156,0.016617323878813157,-5.1623144809050165,False,False
interface_plus_L,v16_direct031_normal_force,-1.956010215246489,-1.4977500080753077,0.03173805605024358,-14.438824055440675,False,False
interface_plus_L,v16_direct031_Haa,51.02713535599762,34.460781638400974,3.4460781638400975,4.807306430663234,True,False
interface_plus_L,v16_raised043_energy,0.03443220429887993,0.1726273519698645,0.017262735196986453,-8.005402741456013,False,False
interface_plus_L,v16_raised043_normal_force,-0.1092967322708104,-0.17083895700384927,0.03173805605024358,1.9390672395188033,False,False
interface_plus_L,v16_raised043_Haa,18.107976285140506,18.238440853611248,1.8238440853611249,-0.07153274203529857,True,False
interface_plus_L,v16_off_plus_energy,0.02048585126063941,0.0652424878354941,0.006524248783549411,-6.860044437254825,False,False
interface_plus_L,v16_off_plus_normal_force,-0.23688259381114687,-0.08042066717244803,0.03173805605024358,-4.929789221841709,False,False
interface_plus_L,v16_off_plus_Haa,19.17628277584817,20.981095919956758,2.098109591995676,-0.860209185923358,True,False
interface_plus_L,v16_off_minus_energy,0.04199326546988279,0.21182429891635463,0.021182429891635463,-8.017542572560803,False,False
interface_plus_L,v16_off_minus_normal_force,0.4543854812991269,0.3481661631135443,0.03173805605024358,3.346749341466596,False,False
interface_plus_L,v16_off_minus_Haa,6.722464624261071,5.497617912510364,0.5497617912510364,2.2279589655793446,True,False
interface_plus_L,v16_shockley043_energy,0.024186669629748032,0.061697611386283796,0.00616976113862838,-6.079804535978348,False,False
interface_plus_L,v16_shockley043_normal_force,-0.5483439959737846,-0.43484281773712713,0.03173805605024358,-3.5761855753539877,False,False
interface_plus_L,v16_shockley043_Haa,24.513914045727635,25.03469226049791,2.5034692260497913,-0.2080226149182617,True,False
interface_plus_L,v16_opening1.21_energy,0.085385743206342,0.19627832926906572,0.019627832926906574,-5.649762073871536,False,False
interface_plus_L,v16_opening1.21_normal_force,0.5938051193097073,1.631864707518524,0.03173805605024358,-32.70709417632558,False,False
interface_plus_L,v16_opening1.21_Haa,-0.914216604642233,-1.3832350292334812,0.13832350292334814,3.390735592136894,True,False
interface_plus_L,v16_opening1.62_energy,0.23564584557668117,0.5246331923940108,0.05246331923940109,-5.5083694857090535,False,False
interface_plus_L,v16_opening1.62_normal_force,0.35622651935278343,0.5093642313524578,0.03173805605024358,-4.825050146651911,False,False
interface_plus_L,v16_opening1.62_Haa,-0.2992262925898597,-0.15582859326870177,0.1,-1.4339769932115793,True,False
interface_plus_L,v16_opening1.93_energy,0.3174974384186036,0.6719836252695317,0.06719836252695317,-5.275220608370392,False,False
interface_plus_L,v16_opening1.93_normal_force,0.2917466756279418,0.6270410192299789,0.03173805605024358,-10.564425970867354,False,False
interface_plus_L,v16_opening1.93_Haa,-0.2568082136349553,-0.6638075680371565,0.1,4.069993544022011,True,False
interface_plus_L,v16_opening2.71_energy,0.4505938613537108,0.7719163228888833,0.07719163228888834,-4.162659241776736,False,False
interface_plus_L,v16_opening2.71_normal_force,0.13459001818343136,0.0,0.03173805605024358,4.240650970253688,False,False
interface_plus_L,v16_opening2.71_Haa,-0.18842476352473012,0.0,0.1,-1.884247635247301,True,False
interface_plus_L,v16_opening4.3_energy,0.5331642960886398,0.7719163228888833,0.07719163228888834,-3.0929780822190445,False,False
interface_plus_L,v16_opening4.3_normal_force,0.026136005379666084,0.0,0.03173805605024358,0.8234910587558023,False,False
interface_plus_L,v16_opening4.3_Haa,-0.027370208130445956,0.0,0.1,-0.27370208130445955,True,False
interface_plus_L,v16_opening6.2_energy,0.5547452066217224,0.7719163228888833,0.07719163228888834,-2.813402305762907,False,False
interface_plus_L,v16_opening6.2_normal_force,0.007030536468563896,0.0,0.03173805605024358,0.22151755159276487,False,False
interface_plus_L,v16_opening6.2_Haa,-0.004853138870332883,0.0,0.1,-0.04853138870332883,True,False
interface_plus_L,v17_near_0.985_normal_force,-0.20418865083685897,-0.24821900083247345,0.03173805605024358,1.3873045635155261,False,False
interface_plus_L,v17_near_0.985_Haa,18.52835707907116,20.878110673451364,2.0878110673451364,-1.1254627543325333,True,False
interface_plus_L,v17_near_1.015_normal_force,0.16285077681478538,0.2329580444899274,0.03173805605024358,-2.2089338919862413,False,False
interface_plus_L,v17_near_1.015_Haa,11.66814803192525,18.39295935022696,1.839295935022696,-3.6561877782972036,True,False
interface_plus_L,v17_near_1.065_normal_force,0.485600572163775,0.9078686582498847,0.03173805605024358,-13.304787332205525,False,False
interface_plus_L,v17_near_1.065_Haa,4.822952902884889,14.605604041867348,1.4605604041867348,-6.69787508338596,True,False
interface_plus_L,v17_near_1.095_normal_force,0.572275706445927,1.2303804278835464,0.03173805605024358,-20.735508198605274,False,False
interface_plus_L,v17_near_1.095_Haa,2.4224872793781995,11.545874277606002,1.1545874277606003,-7.901858948804962,True,False
interface_plus_L,v17_direct023_energy,0.04606153852088901,0.10138618519039871,0.010138618519039872,-5.456822994731727,False,False
interface_plus_L,v17_direct023_normal_force,-1.1472998965522703,-0.8610948380753036,0.03173805605024358,-9.017724904886546,False,False
interface_plus_L,v17_direct023_Haa,36.0345968889384,29.67272464413389,2.967272464413389,2.1440135077255924,True,False
interface_plus_L,v17_direct023_Hxx,1.285542224022222,1.5318476269016676,0.1531847626901668,-1.6078975385928276,True,False
interface_plus_L,v17_direct047_energy,0.13208880245617458,0.26395051027571553,0.026395051027571555,-4.995698158787486,False,False
interface_plus_L,v17_direct047_normal_force,-3.1392578980632666,-2.2580600813748397,0.03173805605024358,-27.76470667558935,False,False
interface_plus_L,v17_direct047_Haa,73.12628729558939,35.337517734960244,3.5337517734960247,10.69366836800872,True,False
interface_plus_L,v17_direct047_Hxx,-3.5515536065187274,-7.290154929569364,0.7290154929569365,5.128287888487273,True,False
interface_plus_L,v17_off_plus_energy,0.025184682648175034,0.08014986299727256,0.008014986299727257,-6.857800911146653,False,False
interface_plus_L,v17_off_plus_normal_force,0.2860021176075219,0.496288954541943,0.03173805605024358,-6.625699967304935,False,False
interface_plus_L,v17_off_plus_Haa,8.74536766111654,13.145916399036436,1.3145916399036437,-3.347464417347463,True,False
interface_plus_L,v17_off_plus_Hxx,0.1591840407369011,0.5867789207029961,0.1,-4.2759487996609495,True,False
interface_plus_L,v17_off_minus_energy,0.03509954693519883,0.21284911087573022,0.021284911087573022,-8.35096577144307,False,False
interface_plus_L,v17_off_minus_normal_force,0.2413874090630219,0.06702268289699899,0.03173805605024358,5.493869123237769,False,False
interface_plus_L,v17_off_minus_Haa,11.819825051199585,11.464221151869252,1.1464221151869252,0.3101858334897453,True,False
interface_plus_L,v17_off_minus_Hxx,0.1512435732983973,-2.835312235036081,0.2835312235036081,10.533428281476281,True,False
interface_plus_L,v17_shockley067_energy,0.024244407309767867,0.07506981596967024,0.007506981596967025,-6.770418710022799,False,False
interface_plus_L,v17_shockley067_normal_force,-0.01901288767261287,-0.08375074170661885,0.03173805605024358,2.039754858694603,False,False
interface_plus_L,v17_shockley067_Haa,14.025224292897395,14.560238367523052,1.4560238367523053,-0.36744870593534945,True,False
interface_plus_L,v17_shockley067_Hxx,0.14973807536861747,0.4530475235373633,0.1,-3.033094481687458,True,False
interface_plus_L,v17_compression_energy,0.01601521660643043,0.025317916775100896,0.004433026104653031,-2.0984988468500303,False,False
interface_plus_L,v17_compression_normal_force,-0.6728965319464653,-0.6769543589544016,0.03173805605024358,0.12785367199278072,False,False
interface_plus_L,v17_compression_Haa,26.817708514684018,26.962376342241654,2.6962376342241656,-0.05365544406076228,True,False
interface_plus_L,v17_compression_Hxx,3.53961510875268,5.568444170552721,0.5568444170552721,-3.6434397107346057,True,False
interface_plus_L,v17_opening1.045_energy,0.008033257515289279,0.012439540042104347,0.004433026104653031,-0.9939671959499874,False,False
interface_plus_L,v17_opening1.045_normal_force,0.38931838735773494,0.6560493060873362,0.03173805605024358,-8.404135348029742,False,False
interface_plus_L,v17_opening1.045_Haa,7.068896622556008,16.173163667497242,1.6173163667497243,-5.629243128997592,True,False
interface_plus_L,v17_opening1.045_Hxx,0.5071104441445444,3.5468340021412335,0.35468340021412337,-8.570244776500957,True,False
interface_plus_L,v17_opening1.255_energy,0.10652998326134815,0.2548812728796389,0.02548812728796389,-5.82040759378763,False,False
interface_plus_L,v17_opening1.255_normal_force,0.5560889554341457,1.5479287243761108,0.03173805605024358,-31.250803999205647,False,False
interface_plus_L,v17_opening1.255_Haa,-1.089576426337034,-3.07660296796585,0.307660296796585,6.458508173846602,True,False
interface_plus_L,v17_opening1.255_Hxx,-0.2754118342622111,-0.8591645505462155,0.1,5.837527162840043,True,False
interface_plus_L,v17_opening1.555_energy,0.21628857849224323,0.4970497627048889,0.04970497627048889,-5.648552826678255,False,False
interface_plus_L,v17_opening1.555_normal_force,0.37389851559480347,0.5361595264738468,0.03173805605024358,-5.112506280226259,False,False
interface_plus_L,v17_opening1.555_Haa,-0.37369702195738164,-0.9598397042596563,0.1,5.861426823022746,True,False
interface_plus_L,v17_opening1.555_Hxx,-0.03848301978273847,-0.8905810007935903,0.1,8.520979810108518,True,False
interface_plus_L,v17_opening1.855_energy,0.299156081505816,0.6331364785570511,0.06331364785570512,-5.275014287794516,False,False
interface_plus_L,v17_opening1.855_normal_force,0.3071858998633077,0.6294361584094642,0.03173805605024358,-10.153434036287907,False,False
interface_plus_L,v17_opening1.855_Haa,-0.247723114021515,0.33758173393615254,0.1,-5.8530484795766755,True,False
interface_plus_L,v17_opening1.855_Hxx,-0.0028858077147529723,-0.0764657682265532,0.1,0.7357996051180022,True,False
interface_plus_L,v17_opening2.455_energy,0.41811678149496045,0.7722611869157332,0.07722611869157332,-4.5858112698264595,False,False
interface_plus_L,v17_opening2.455_normal_force,0.17913092750917053,-0.03892592855831557,0.03173805605024358,6.870517076480258,False,False
interface_plus_L,v17_opening2.455_Haa,-0.23855133024328082,1.5212189106347462,0.15212189106347462,-11.568159116190204,True,False
interface_plus_L,v17_opening2.455_Hxx,4.881158093514738e-06,0.04446583977668427,0.1,-0.44460958618590757,True,False
interface_plus_L,v17_opening3.75_energy,0.517984554419614,0.7719163228888833,0.07719163228888834,-3.289628175226741,False,False
interface_plus_L,v17_opening3.75_normal_force,0.04330835220758575,0.0,0.03173805605024358,1.3645559179499076,False,False
interface_plus_L,v17_opening3.75_Haa,-0.0521930367470467,0.0,0.1,-0.521930367470467,True,False
interface_plus_L,v17_opening3.75_Hxx,1.7095304930307839e-09,0.0,0.1,1.7095304930307836e-08,True,False
interface_plus_L,v19_new_0_energy,0.00033610489552627173,0.00042417681882149505,0.004433026104653031,-0.019867224152544584,False,False
interface_plus_L,v19_new_0_force,-0.10374147795157362,-0.13054663793646185,0.03173805605024358,0.8445747257630953,False,False
interface_plus_L,v19_new_0_Haa,16.664409737765325,20.302032153219432,2.030203215321943,-1.7917528590246392,True,False
interface_plus_L,v19_new_0_Hxx,2.3445988065834675,4.57090105595751,0.45709010559575103,-4.870598208360644,True,False
interface_plus_L,v19_new_1_energy,0.003384090829813739,0.004931943136885955,0.004433026104653031,-0.34916381508503774,False,False
interface_plus_L,v19_new_1_force,0.27495782255352014,0.42285939529142164,0.03173805605024358,-4.660070311293259,False,False
interface_plus_L,v19_new_1_Haa,9.495228254568598,17.415188636660293,1.7415188636660295,-4.547731607925036,True,False
interface_plus_L,v19_new_1_Hxx,0.8537503540242277,3.8361643120715834,0.3836164312071584,-7.774468754277131,True,False
interface_plus_L,v19_new_2_energy,0.052938354416289087,0.10968805888528045,0.010968805888528046,-5.173735869311374,False,False
interface_plus_L,v19_new_2_force,0.6194711251828436,1.574309479391436,0.03173805605024358,-30.084966536608796,False,False
interface_plus_L,v19_new_2_Haa,0.17882540173114198,5.20946471789603,0.5209464717896031,-9.656729795833293,True,False
interface_plus_L,v19_new_2_Hxx,-0.2864405132608825,0.9642979846199059,0.1,-12.507384978807883,True,False
interface_plus_L,v19_new_3_energy,0.13654890063305636,0.3373623063206088,0.03373623063206088,-5.9524553254835615,False,False
interface_plus_L,v19_new_3_force,0.49534101281177967,1.321138459506241,0.03173805605024358,-26.01915647849275,False,False
interface_plus_L,v19_new_3_Haa,-0.9922003722442908,-4.940080180276789,0.4940080180276789,7.991529821306061,True,False
interface_plus_L,v19_new_3_Hxx,-0.19479610915389375,-1.007259835979608,0.10072598359796081,8.066078858744076,True,False
interface_plus_L,v19_new_4_energy,0.25969433921291707,0.5605338261337047,0.05605338261337048,-5.36701752677149,False,False
interface_plus_L,v19_new_4_force,0.337313197274407,0.5382315998098468,0.03173805605024358,-6.330520124401186,False,False
interface_plus_L,v19_new_4_Haa,-0.2536960862209806,0.9032785116339533,0.1,-11.569745978549339,True,False
interface_plus_L,v19_new_4_Hxx,-0.011072787181018173,0.6453579543796875,0.1,-6.564307415607056,True,False
interface_plus_L,v19_new_5_energy,0.3705559364545208,0.7666938699728523,0.07666938699728523,-5.166833191614773,False,False
interface_plus_L,v19_new_5_force,0.23822055172914935,0.27979903523926664,0.03173805605024358,-1.310051360558933,False,False
interface_plus_L,v19_new_5_Haa,-0.27146354610128803,-2.478203100860398,0.2478203100860398,8.904595244808467,True,False
interface_plus_L,v19_new_5_Hxx,-9.985964340071554e-05,0.0933444416558671,0.1,-0.9344430129926781,True,False
interface_plus_L,v19_new_6_energy,0.01987691714195732,0.07503741336914271,0.007503741336914272,-7.351065788452242,False,False
interface_plus_L,v19_new_6_force,0.09699984440312227,0.3995055633266556,0.03173805605024358,-9.531324742909442,False,False
interface_plus_L,v19_new_6_Haa,13.181855549015518,16.75498366183509,1.6754983661835092,-2.132576303824474,True,False
interface_plus_L,v19_new_6_Hxx,0.6663739886912668,1.866294182504276,0.18662941825042761,-6.429426855968138,True,False
interface_plus_L,v19_new_7_energy,0.07103456881724367,0.1746163283222475,0.01746163283222475,-5.931962978504955,False,False
interface_plus_L,v19_new_7_force,0.5782286000438438,1.0346608991752084,0.03173805605024358,-14.381230482698754,False,False
interface_plus_L,v19_new_7_Haa,0.6814916626808968,3.3869832062735408,0.3386983206273541,-7.987909531353436,True,False
interface_plus_L,v19_new_7_Hxx,0.05219611836178898,-0.5656137494473082,0.1,6.178098678090971,True,False
interface_plus_L,v19_new_8_energy,0.08348859280790528,0.17183161394321733,0.017183161394321734,-5.141255389971805,False,False
interface_plus_L,v19_new_8_force,-2.0279104695135968,-1.5479121827267546,0.03173805605024358,-15.123745639209,False,False
interface_plus_L,v19_new_8_Haa,52.364342638611525,34.71656366870985,3.4716563668709854,5.083388764599323,True,False
interface_plus_L,v19_new_8_Hxx,-0.3749027177543705,-0.974896485841256,0.1,5.999937680868854,True,False
interface_plus_L,v19_new_9_energy,0.02702533899650653,0.07736533900036079,0.007736533900036079,-6.506789817546007,False,False
interface_plus_L,v19_new_9_force,-0.17516603202353426,-0.22650351113925563,0.03173805605024358,1.6175369731041662,False,False
interface_plus_L,v19_new_9_Haa,16.281068044392224,14.396252629283666,1.4396252629283666,1.309240302767835,True,False
interface_plus_L,v19_new_9_Hxx,0.10364380221250774,-0.11946413441426519,0.1,2.231079366267729,True,False
interface_plus_L,v19_power_new_0_energy,0.0017675451333796705,0.0021758842211834217,0.004433026104653031,-0.09211294455837896,False,False
interface_plus_L,v19_power_new_0_force,-0.2505986855798719,-0.2996693004614922,0.03173805605024358,1.5461128055208562,False,False
interface_plus_L,v19_power_new_0_Haa,19.36844221962539,21.133296310436656,2.1133296310436656,-0.8351059223731674,True,False
interface_plus_L,v19_power_new_0_Hxx,2.418382452186191,4.803281906544594,0.4803281906544594,-4.965145708206126,True,False
interface_plus_L,v19_power_new_1_energy,0.010369094207000605,0.01645069708691336,0.004433026104653031,-1.3718851945241943,False,False
interface_plus_L,v19_power_new_1_force,0.42723991406676687,0.747061714559844,0.03173805605024358,-10.076918384250652,False,False
interface_plus_L,v19_power_new_1_Haa,6.21398944766574,15.66515497295868,1.5665154972958681,-6.033240999918366,True,False
interface_plus_L,v19_power_new_1_Hxx,0.39072792408984175,3.4372637547611467,0.3437263754761147,-8.863258824555949,True,False
interface_plus_L,v19_power_new_2_energy,0.06456734579281884,0.13995417796875365,0.013995417796875366,-5.3865367415302,False,False
interface_plus_L,v19_power_new_2_force,0.6172859633971647,1.6376288066594074,0.03173805605024358,-32.148876467007554,False,False
interface_plus_L,v19_power_new_2_Haa,-0.37356621424181846,1.5124016664736504,0.15124016664736506,-12.470019853342489,True,False
interface_plus_L,v19_power_new_2_Hxx,-0.316254844502063,0.07390822082095283,0.1,-3.901630653230158,True,False
interface_plus_L,v19_power_new_3_energy,0.1596994682695004,0.39535837061576956,0.039535837061576956,-5.960640266177521,False,False
interface_plus_L,v19_power_new_3_force,0.4513707727725889,1.0383826381800587,0.03173805605024358,-18.495520471644156,False,False
interface_plus_L,v19_power_new_3_Haa,-0.7984988426625503,-6.006053628734572,0.6006053628734572,8.670509968738344,True,False
interface_plus_L,v19_power_new_3_Hxx,-0.13433262613823135,-1.4153601110072371,0.14153601110072372,9.050894361841001,True,False
interface_plus_L,v19_power_new_4_energy,0.27592000104132,0.5880885299154484,0.05880885299154484,-5.3081893795651816,False,False
interface_plus_L,v19_power_new_4_force,0.32517340241007064,0.5878736415051682,0.03173805605024358,-8.277137033195245,False,False
interface_plus_L,v19_power_new_4_Haa,-0.24418008547482947,0.9838769358246306,0.1,-12.2805702129946,True,False
interface_plus_L,v19_power_new_4_Hxx,-0.006542745379902032,0.5300888191539206,0.1,-5.366315645338227,True,False
interface_plus_L,v19_power_new_5_energy,0.390864383214989,0.7807571272106231,0.07807571272106231,-4.99377758341556,False,False
interface_plus_L,v19_power_new_5_force,0.21412705326688156,0.03287588986152218,0.03173805605024358,5.71084640843869,False,False
interface_plus_L,v19_power_new_5_Haa,-0.26366330641212443,-2.5224317074829634,0.25224317074829633,8.954725689381602,True,False
interface_plus_L,v19_power_new_5_Hxx,-1.911828466186978e-05,-0.10536285587305545,0.1,1.0534373758839357,True,False
interface_plus_L,v19_power_new_6_energy,0.02536263501967224,0.09299247367372732,0.009299247367372731,-7.272614221591804,False,False
interface_plus_L,v19_power_new_6_force,-0.29139396344335106,-0.03946790499084763,0.03173805605024358,-7.937665055909118,False,False
interface_plus_L,v19_power_new_6_Haa,20.93993489730304,22.032873653678617,2.2032873653678617,-0.49604911894599824,True,False
interface_plus_L,v19_power_new_6_Hxx,1.0351846061373409,1.976588687531336,0.19765886875313363,-4.762771776103623,True,False
interface_plus_L,v19_power_new_7_energy,0.06247791420898544,0.16640726473220147,0.01664072647322015,-6.245481571400689,False,False
interface_plus_L,v19_power_new_7_force,0.5691050607363908,0.9556810535854069,0.03173805605024358,-12.180203861163994,False,False
interface_plus_L,v19_power_new_7_Haa,1.463156116947116,3.6257942400934606,0.36257942400934606,-5.964591424500138,True,False
interface_plus_L,v19_power_new_7_Hxx,0.08062850247011166,-0.7324824081355719,0.1,8.131109106056835,True,False
interface_plus_L,v19_power_new_8_energy,0.09221338431659913,0.18770167030691334,0.018770167030691336,-5.087236881492856,False,False
interface_plus_L,v19_power_new_8_force,-2.2295418523781905,-1.6817465699911935,0.03173805605024358,-17.259887673013065,False,False
interface_plus_L,v19_power_new_8_Haa,56.118156486422166,35.390692237109825,3.5390692237109826,5.856755813207299,True,False
interface_plus_L,v19_power_new_8_Hxx,-0.8724675614990033,-1.532495429303305,0.15324954293033052,4.306883108319351,True,False
interface_plus_L,v19_power_new_9_energy,0.026096182504484408,0.07659186968314344,0.007659186968314344,-6.592826025472031,False,False
interface_plus_L,v19_power_new_9_force,-0.09700523503275732,-0.15953065932670854,0.03173805605024358,1.9700458085702874,False,False
interface_plus_L,v19_power_new_9_Haa,14.9426880587599,13.640977289265752,1.3640977289265752,0.9542650368009044,True,False
interface_plus_L,v19_power_new_9_Hxx,0.19607105956024998,-0.0018561341338510467,0.1,1.9792719369410101,True,False
interface_plus_L,v20_new_0_energy,4.688971139807762e-05,5.8649043216202346e-05,0.004433026104653031,-0.002652664690104531,False,False
interface_plus_L,v20_new_0_force,0.03611425132179749,0.04781880717694997,0.03173805605024358,-0.368786161213634,False,False
interface_plus_L,v20_new_0_Haa,13.769021899712383,19.407850341619266,1.9407850341619266,-2.9054368941699162,True,False
interface_plus_L,v20_new_0_Hxx,2.8521695603756694,4.329394100444026,0.4329394100444026,-3.4120814732871083,True,False
interface_plus_L,v20_new_1_energy,0.002537859514583902,0.0036442749373840483,0.004433026104653031,-0.24958468474589426,False,False
interface_plus_L,v20_new_1_force,0.24289953640789766,0.3655179304564104,0.03173805605024358,-3.8634500441488657,False,False
interface_plus_L,v20_new_1_Haa,10.140628599995818,17.703231197779825,1.7703231197779825,-4.271876988610101,True,False
interface_plus_L,v20_new_1_Hxx,0.952169050232134,3.9093512902826126,0.3909351290282613,-7.564380943204261,True,False
interface_plus_L,v20_new_2_energy,0.020198151292411808,0.034823381685342755,0.004433026104653031,-3.2991527790869286,False,False
interface_plus_L,v20_new_2_force,0.5274043884837741,1.045799857810823,0.03173805605024358,-16.33356083644166,False,False
interface_plus_L,v20_new_2_Haa,3.7400993863054253,13.514055878705095,1.3514055878705096,-7.232437530320617,True,False
interface_plus_L,v20_new_2_Hxx,0.07412495399933502,2.9805611045837717,0.29805611045837715,-9.751305370370234,True,False
interface_plus_L,v20_new_3_energy,0.09636707562677274,0.22661995382203423,0.022661995382203426,-5.747635016179983,False,False
interface_plus_L,v20_new_3_force,0.5753080413953697,1.596539848274592,0.03173805605024358,-32.17688585786541,False,False
interface_plus_L,v20_new_3_Haa,-1.0405801453429797,-2.2820717486649773,0.22820717486649775,5.440195313965374,True,False
interface_plus_L,v20_new_3_Hxx,-0.29777127790559477,-0.8053213981525169,0.1,5.075501202469221,True,False
interface_plus_L,v20_new_4_energy,0.21075206181734643,0.4890270726004544,0.04890270726004545,-5.6903804794149835,False,False
interface_plus_L,v20_new_4_force,0.37959589278600037,0.5582577926902346,0.03173805605024358,-5.629264111872504,False,False
interface_plus_L,v20_new_4_Haa,-0.4022449244313077,-1.9854681988380205,0.19854681988380207,7.97405506335121,True,False
interface_plus_L,v20_new_4_Hxx,-0.04435333611386729,-1.0730096719553677,0.10730096719553678,9.586645514266042,True,False
interface_plus_L,v20_new_5_energy,0.2905332891112562,0.6157939144055483,0.06157939144055483,-5.2819720637915015,False,False
interface_plus_L,v20_new_5_force,0.31401943992264303,0.6195747950914187,0.03173805605024358,-9.627412425167439,False,False
interface_plus_L,v20_new_5_Haa,-0.24481137158746252,0.4318686304614479,0.1,-6.766800020489104,True,False
interface_plus_L,v20_new_5_Hxx,-0.003948508045810056,0.05966529359502488,0.1,-0.6361380164083493,True,False
interface_plus_L,v20_new_6_energy,0.34634274873660675,0.729941495134474,0.0729941495134474,-5.25519851871414,False,False
interface_plus_L,v20_new_6_force,0.26437713594244866,0.4717044111502519,0.03173805605024358,-6.532450345402048,False,False
interface_plus_L,v20_new_6_Haa,-0.2696558427804515,-1.7417609490586863,0.17417609490586863,8.4518205961261,True,False
interface_plus_L,v20_new_6_Hxx,-0.00038973322263142547,0.20899465255336805,0.1,-2.0938438577599947,True,False
interface_plus_L,v20_new_7_energy,0.0074761809702323006,0.02046914476243608,0.004433026104653031,-2.9309468262697567,False,False
interface_plus_L,v20_new_7_force,-0.048599580949619185,0.06281548916376087,0.03173805605024358,-3.5104566561040205,False,False
interface_plus_L,v20_new_7_Haa,15.770804142390997,21.501318205218237,2.150131820521824,-2.6651919701539413,True,False
interface_plus_L,v20_new_7_Hxx,1.7603196343726706,4.662002299739686,0.4662002299739686,-6.224112471006369,True,False
interface_plus_L,v20_new_8_energy,0.017268803876397232,0.06003679436536899,0.006003679436536899,-7.123629924125597,False,False
interface_plus_L,v20_new_8_force,0.11645047404965163,0.3178698348179461,0.03173805605024358,-6.3463042742578,False,False
interface_plus_L,v20_new_8_Haa,12.40722690699446,14.458727489192233,1.4458727489192233,-1.418866621375395,True,False
interface_plus_L,v20_new_8_Hxx,0.4118138179134711,0.86111106885732,0.1,-4.492972509438489,True,False
interface_plus_L,v20_new_9_energy,0.04029143135654336,0.09377427653904365,0.009377427653904365,-5.703359935838298,False,False
interface_plus_L,v20_new_9_force,0.4441651138946489,0.5947790357818696,0.03173805605024358,-4.745530780107901,False,False
interface_plus_L,v20_new_9_Haa,4.231735271870887,11.056850642860084,1.1056850642860085,-6.172748092058643,True,False
interface_plus_L,v20_new_9_Hxx,-0.1943508849460731,0.0757661767331005,0.1,-2.7011706167917358,True,False
interface_plus_L,v20_new_10_energy,0.018017471602592174,0.038168092494978115,0.004433026104653031,-4.545567839367171,False,False
interface_plus_L,v20_new_10_force,-0.5316049734237233,-0.4360667641505048,0.03173805605024358,-3.0102098604266976,False,False
interface_plus_L,v20_new_10_Haa,24.576192997770015,26.40271381173358,2.640271381173358,-0.6917928312171625,True,False
interface_plus_L,v20_new_10_Hxx,2.4110274939402303,4.254835571305176,0.42548355713051766,-4.333441437313535,True,False
interface_plus_L,v20_new_11_energy,0.10620231180167657,0.2277352928888806,0.022773529288888063,-5.336589667131826,False,False
interface_plus_L,v20_new_11_force,0.5399996608728993,1.3946641093269667,0.03173805605024358,-26.92869554143686,False,False
interface_plus_L,v20_new_11_Haa,-0.7184727152132703,2.8654264155114735,0.28654264155114734,-12.507384978807854,True,False
interface_plus_L,v20_new_11_Hxx,-0.10698221873649733,-0.12044589256531853,0.1,0.13463673828821202,True,False
interface_plus_L,v31_K0_H00,1.4357117216417021,1.6071853175180872,0.3871874135709727,-0.4428697572963679,False,False
interface_plus_L,v31_K0_H11,4.034172295045477,3.778484710232485,0.3871874135709727,0.6603716336097363,False,False
interface_plus_L,v31_K0_H22,5.907752117275008,5.5400914279154465,0.3871874135709727,0.9495677712472126,False,False
interface_plus_L,v31_K0_H01,9.534087352532008e-16,-1.5177286414361958e-17,0.3871874135709727,2.5015948032360763e-15,False,False
interface_plus_L,v31_K0_H02,-1.3000095172644942e-16,-9.45828328360523e-17,0.3871874135709727,-9.14753880136263e-17,False,False
interface_plus_L,v31_K0_H12,-3.747159644459572,-3.523213435365955,0.3871874135709727,-0.5783922752761869,False,False
interface_plus_L,v31_K1_H00,6.095402080241251,11.020541195662586,2.565934883399439,-1.919432619777296,False,False
interface_plus_L,v31_K1_H11,52.14134289322639,27.51034114112903,2.565934883399439,9.599231029380356,False,False
interface_plus_L,v31_K1_H22,69.26531001459037,37.17324859129323,2.565934883399439,12.506966420278161,False,False
interface_plus_L,v31_K1_H01,-4.9938407992888645e-17,-8.047950485487693e-17,2.565934883399439,1.190252217995742e-17,False,False
interface_plus_L,v31_K1_H02,1.24492161181161e-14,1.6095900970975385e-16,2.565934883399439,4.788998032610415e-15,False,False
interface_plus_L,v31_K1_H12,-34.24793424272887,-19.325814900328513,2.565934883399439,-5.815470781795918,False,False
interface_plus_L,v31_L2_H00,2.561562683992212,2.553605837827099,0.581483715936639,0.013683695599792474,True,False
interface_plus_L,v31_L2_H11,2.5615626839922316,2.5536058378271016,0.581483715936639,0.013683695599821494,True,False
interface_plus_L,v31_L2_H22,11.244428233582674,11.054750979095974,0.581483715936639,0.3261952988333862,True,False
interface_plus_L,v31_L2_H01,-3.2917216493562982e-16,-6.305904423508818e-34,0.581483715936639,-5.660900828588257e-16,True,False
interface_plus_L,v31_L2_H02,6.429617032097938e-15,-6.040516937618709e-17,0.581483715936639,1.1161141788846424e-14,True,False
interface_plus_L,v31_L2_H12,-8.883937660025692e-16,-1.5741639952321403e-15,0.581483715936639,1.1793455438815687e-15,True,False
interface_plus_L,v31_L3_H00,15.071588936811715,15.117824325030192,3.6510653206716435,-0.012663533560109462,True,False
interface_plus_L,v31_L3_H11,15.071588936812113,15.117824325030208,3.6510653206716435,-0.012663533560004858,True,False
interface_plus_L,v31_L3_H22,68.8811922199341,69.82130022908126,3.6510653206716435,-0.2574886852405621,True,False
interface_plus_L,v31_L3_H01,1.3440995476652922e-15,-2.6155839077835e-16,3.6510653206716435,4.3977792710327854e-16,True,False
interface_plus_L,v31_L3_H02,-1.9623170647996834e-14,-1.2237589896675819e-15,3.6510653206716435,-5.039463839267749e-15,True,False
interface_plus_L,v31_L3_H12,-6.259991648401651e-15,-1.066647511748027e-14,3.6510653206716435,1.2069034876286493e-15,True,False
joint,normal_strain_force_ev,1.7763568394002505e-15,0.0,0.1,1.7763568394002505e-14,False,True
joint,cohesive_ev_atom,3.3599999999999994,3.36,0.0672,-6.608470384673551e-15,False,True
joint,C11_GPa,113.99999999999991,113.99999999999996,5.699999999999998,-7.479397218527373e-15,False,True
joint,C12_GPa,62.00000000000006,62.000000000000014,3.100000000000001,1.3752440046969677e-14,False,True
joint,C44_GPa,31.99999999999941,32.0,1.6,-3.6859404417555197e-13,False,True
joint,perfect_Haa,19.660912863289674,19.66091286328976,1.9660912863289761,-4.3367837945315544e-14,False,True
joint,perfect_Hxx,4.393593035123306,4.393593035123306,0.43935930351233066,0.0,False,True
joint,saddle_energy_at_source_state,0.025596830443291026,0.07624909750742465,0.007624909750742465,-6.642998897029755,False,False
joint,saddle_normal_force_at_source_state,0.07132035428151405,1.4903612010162394e-15,0.03173805605024358,2.2471557227262884,False,False
joint,fault_energy_at_source_state,0.025243382423024974,0.06670794504308616,0.006670794504308616,-6.21583569892305,False,False
joint,fault_normal_force_at_source_state,0.041475125658161104,5.29078226360765e-15,0.03173805605024358,1.306794770054529,False,False
joint,saddle_path_force_at_source_state,0.025267441118100684,2.296700476743968e-16,0.03173805605024358,0.7961244090721975,False,False
joint,opening_1.1h_energy,0.030658430352225086,0.05670265774764735,0.005670265774764736,-4.593122867596601,False,False
joint,opening_1.5h_energy,0.19909061800623773,0.4710312483934004,0.04710312483934004,-5.773303391541461,False,False
joint,opening_2h_energy,0.3337480072581279,0.7060534019484034,0.07060534019484034,-5.273048662648928,False,False
joint,opening_40h_energy,0.5696620722919108,0.7719163228888833,0.07719163228888834,-2.620157711395965,False,False
joint,direct_quarter_energy,0.05419128561886358,0.117221996542065,0.0117221996542065,-5.377037824175168,False,False
joint,direct_half_energy,0.13373307350745905,0.26732847628894163,0.026732847628894163,-4.997425064327459,False,False
joint,oblique_energy,0.02746687432488014,0.13339289745734875,0.013339289745734876,-7.9409042873768865,False,False
joint,opening_1.25h_energy,0.10425069519086287,0.24853683654490819,0.02485368365449082,-5.805422783997423,False,False
joint,opening_3h_energy,0.47770757205156417,0.7719163228888833,0.07719163228888834,-3.8114073004214766,False,False
joint,saddle_Haa,11.984493934475498,12.717337762538286,1.2717337762538286,-0.5762556926195196,True,False
joint,saddle_Hxx,0.04674383199948608,-0.18642463121762062,0.018642463121762064,12.507384978807881,True,False
joint,fault_Haa,11.850099963189852,14.140554350039636,1.4140554350039638,-1.619776940953778,True,False
joint,fault_Hxx,0.3961642229568475,2.4858929774856264,0.24858929774856264,-8.406350448129306,True,False
joint,saddle_normal_path_coupling,0.9278359705601271,1.2055891043737141,0.12055891043737142,-2.3038789319340744,True,False
joint,opening_1.1h_normal_force,0.5815265810149366,1.2761663221727821,0.03173805605024358,-21.88665052636437,False,False
joint,opening_1.3h_normal_force,0.516269970928134,1.4139711872929317,0.03173805605024358,-28.28469440420905,False,False
joint,opening_1.5h_normal_force,0.3927773070356777,0.6379256757978651,0.03173805605024358,-7.724114179334116,False,False
joint,opening_2h_normal_force,0.27682664226392506,0.5548811295393773,0.03173805605024358,-8.760917393153266,False,False
joint,opening_2.5h_normal_force,0.17051703965665008,0.0005156382639574782,0.03173805605024358,5.356389853353601,False,False
joint,opening_3h_normal_force,0.096558079027854,0.0,0.03173805605024358,3.0423438308570554,False,False
joint,shockley_0.15_energy,0.004983122924507287,0.013715574532912111,0.004433026104653031,-1.9698624375883993,False,False
joint,shockley_0.35_energy,0.018958416544823557,0.04820527408303389,0.004820527408303389,-6.067148894918103,False,False
joint,shockley_0.75_energy,0.03114481378232203,0.08334161260537679,0.00833416126053768,-6.262993622430491,False,False
joint,new_direct_017_energy,0.025074578322544457,0.05826439239193282,0.0058264392391932825,-5.6964146894602745,False,False
joint,new_direct_017_normal_force,-0.6371682276035359,-0.44118804525591643,0.03173805605024358,-6.1749270981615565,False,False
joint,new_direct_017_Haa,26.61815281583933,26.109437232644353,2.6109437232644357,0.1948397350207669,True,False
joint,new_direct_039_energy,0.1131041147142941,0.2262381941113307,0.022623819411133072,-5.000662237489567,False,False
joint,new_direct_039_normal_force,-2.7082730780695643,-1.9685101248020884,0.03173805605024358,-23.308388897428973,False,False
joint,new_direct_039_Haa,65.05383885943189,36.31678531793335,3.6316785317933356,7.9128847143053935,True,False
joint,new_raised_direct_energy,0.028461029187215395,0.11960599647825673,0.011960599647825674,-7.62043459147223,False,False
joint,new_raised_direct_normal_force,-0.1291553882112945,0.08783049166112324,0.03173805605024358,-6.836772848624181,False,False
joint,new_raised_direct_Haa,17.921670731939926,20.00400949091716,2.000400949091716,-1.040960693366358,True,False
joint,new_off_path_positive_energy,0.015464221127868915,0.05360470506556986,0.0053604705065569865,-7.115137354276473,False,False
joint,new_off_path_positive_normal_force,0.14316320322658624,0.35206897342006,0.03173805605024358,-6.582185432616327,False,False
joint,new_off_path_positive_Haa,11.900154461533031,13.446420569551602,1.3446420569551603,-1.1499462626655998,True,False
joint,new_off_path_negative_energy,0.03232670603458709,0.21544733160917068,0.021544733160917068,-8.499554123360928,False,False
joint,new_off_path_negative_normal_force,0.0714903833829846,-0.05312860042135701,0.03173805605024358,3.926484457871678,False,False
joint,new_off_path_negative_Haa,15.694166716232582,13.5831841481301,1.35831841481301,1.554114664927874,True,False
joint,new_shockley_058_energy,0.030536289504859614,0.07969505412787091,0.007969505412787091,-6.168358270280605,False,False
joint,new_shockley_058_normal_force,-0.5986700414789244,-0.6123357455328253,0.03173805605024358,0.43057785367405965,False,False
joint,new_shockley_058_Haa,24.846748013814736,23.107568998056017,2.3107568998056016,0.7526447355431598,True,False
joint,new_opening_1.17h_energy,0.0655748544613311,0.14263027381623705,0.014263027381623706,-5.402458909542803,False,False
joint,new_opening_1.17h_normal_force,0.6166447999063578,1.6398229617729339,0.03173805605024358,-32.23821144706572,False,False
joint,new_opening_1.42h_energy,0.17228809819684773,0.4226003973463561,0.042260039734635615,-5.923143961087113,False,False
joint,new_opening_1.42h_normal_force,0.4301900755048584,0.8686291067124379,0.03173805605024358,-13.814300110677843,False,False
joint,new_opening_1.78h_energy,0.2798842487137278,0.5953584311886578,0.05953584311886578,-5.298895017663103,False,False
joint,new_opening_1.78h_normal_force,0.32218657991410027,0.5989965116849877,0.03173805605024358,-8.7217040430163,False,False
joint,new_opening_2.23h_energy,0.38098082869666566,0.7765619947928292,0.07765619947928293,-5.09400625769352,False,False
joint,new_opening_2.23h_normal_force,0.2260857133394085,0.15664558956102492,0.03173805605024358,2.187913578212067,False,False
joint,new_opening_3.4h_energy,0.5031296388618791,0.7719163228888833,0.07719163228888834,-3.4820702200087537,False,False
joint,new_opening_3.4h_normal_force,0.06202597315625106,0.0,0.03173805605024358,1.9543091441410139,False,False
joint,new_opening_5.5h_energy,0.5497694512887457,0.7719163228888833,0.07719163228888834,-2.8778620818478986,False,False
joint,new_opening_5.5h_normal_force,0.010724175926358364,0.0,0.03173805605024358,0.33789643289372345,False,False
joint,v16_direct011_energy,0.010327600786997237,0.025339211626875774,0.004433026104653031,-3.3863123034899165,False,False
joint,v16_direct011_normal_force,-0.2672665039042785,-0.1684646879274777,0.03173805605024358,-3.113039305885355,False,False
joint,v16_direct011_Haa,19.804664926928336,23.17866876533168,2.317866876533168,-1.4556503967345351,True,False
joint,v16_direct031_energy,0.08038938709464544,0.16617323878813156,0.016617323878813157,-5.162314480905031,False,False
joint,v16_direct031_normal_force,-1.956010215246482,-1.4977500080753077,0.03173805605024358,-14.43882405544045,False,False
joint,v16_direct031_Haa,51.027135355997416,34.460781638400974,3.4460781638400975,4.807306430663173,True,False
joint,v16_raised043_energy,0.03443220429887987,0.1726273519698645,0.017262735196986453,-8.005402741456017,False,False
joint,v16_raised043_normal_force,-0.10929673227080862,-0.17083895700384927,0.03173805605024358,1.9390672395188593,False,False
joint,v16_raised043_Haa,18.10797628514044,18.238440853611248,1.8238440853611249,-0.07153274203533362,True,False
joint,v16_off_plus_energy,0.02048585126063938,0.0652424878354941,0.006524248783549411,-6.860044437254829,False,False
joint,v16_off_plus_normal_force,-0.23688259381114599,-0.08042066717244803,0.03173805605024358,-4.929789221841681,False,False
joint,v16_off_plus_Haa,19.17628277584809,20.981095919956758,2.098109591995676,-0.8602091859233952,True,False
joint,v16_off_minus_energy,0.041993265469882565,0.21182429891635463,0.021182429891635463,-8.017542572560814,False,False
joint,v16_off_minus_normal_force,0.45438548129912515,0.3481661631135443,0.03173805605024358,3.34674934146654,False,False
joint,v16_off_minus_Haa,6.722464624261041,5.497617912510364,0.5497617912510364,2.2279589655792895,True,False
joint,v16_shockley043_energy,0.02418666962974795,0.061697611386283796,0.00616976113862838,-6.079804535978362,False,False
joint,v16_shockley043_normal_force,-0.5483439959737801,-0.43484281773712713,0.03173805605024358,-3.576185575353848,False,False
joint,v16_shockley043_Haa,24.51391404572754,25.03469226049791,2.5034692260497913,-0.20802261491830004,True,False
joint,v16_opening1.21_energy,0.08538574320634178,0.19627832926906572,0.019627832926906574,-5.649762073871548,False,False
joint,v16_opening1.21_normal_force,0.5938051193097055,1.631864707518524,0.03173805605024358,-32.70709417632564,False,False
joint,v16_opening1.21_Haa,-0.914216604642233,-1.3832350292334812,0.13832350292334814,3.390735592136894,True,False
joint,v16_opening1.62_energy,0.23564584557668095,0.5246331923940108,0.05246331923940109,-5.508369485709058,False,False
joint,v16_opening1.62_normal_force,0.356226519352783,0.5093642313524578,0.03173805605024358,-4.825050146651924,False,False
joint,v16_opening1.62_Haa,-0.2992262925898624,-0.15582859326870177,0.1,-1.433976993211606,True,False
joint,v16_opening1.93_energy,0.31749743841860295,0.6719836252695317,0.06719836252695317,-5.275220608370402,False,False
joint,v16_opening1.93_normal_force,0.2917466756279411,0.6270410192299789,0.03173805605024358,-10.564425970867378,False,False
joint,v16_opening1.93_Haa,-0.25680821363495554,-0.6638075680371565,0.1,4.069993544022009,True,False
joint,v16_opening2.71_energy,0.4505938613537097,0.7719163228888833,0.07719163228888834,-4.16265924177675,False,False
joint,v16_opening2.71_normal_force,0.13459001818343086,0.0,0.03173805605024358,4.240650970253672,False,False
joint,v16_opening2.71_Haa,-0.1884247635247295,0.0,0.1,-1.884247635247295,True,False
joint,v16_opening4.3_energy,0.5331642960886382,0.7719163228888833,0.07719163228888834,-3.092978082219065,False,False
joint,v16_opening4.3_normal_force,0.02613600537966599,0.0,0.03173805605024358,0.8234910587557993,False,False
joint,v16_opening4.3_Haa,-0.027370208130445856,0.0,0.1,-0.27370208130445856,True,False
joint,v16_opening6.2_energy,0.5547452066217209,0.7719163228888833,0.07719163228888834,-2.813402305762927,False,False
joint,v16_opening6.2_normal_force,0.0070305364685638696,0.0,0.03173805605024358,0.22151755159276404,False,False
joint,v16_opening6.2_Haa,-0.004853138870332866,0.0,0.1,-0.048531388703328654,True,False
joint,v17_near_0.985_normal_force,-0.20418865083685364,-0.24821900083247345,0.03173805605024358,1.3873045635156942,False,False
joint,v17_near_0.985_Haa,18.528357079071082,20.878110673451364,2.0878110673451364,-1.1254627543325708,True,False
joint,v17_near_1.015_normal_force,0.16285077681478716,0.2329580444899274,0.03173805605024358,-2.2089338919861854,False,False
joint,v17_near_1.015_Haa,11.668148031925204,18.39295935022696,1.839295935022696,-3.656187778297229,True,False
joint,v17_near_1.065_normal_force,0.485600572163775,0.9078686582498847,0.03173805605024358,-13.304787332205525,False,False
joint,v17_near_1.065_Haa,4.822952902884872,14.605604041867348,1.4605604041867348,-6.697875083385973,True,False
joint,v17_near_1.095_normal_force,0.572275706445927,1.2303804278835464,0.03173805605024358,-20.735508198605274,False,False
joint,v17_near_1.095_Haa,2.422487279378186,11.545874277606002,1.1545874277606003,-7.901858948804973,True,False
joint,v17_direct023_energy,0.046061538520888824,0.10138618519039871,0.010138618519039872,-5.456822994731746,False,False
joint,v17_direct023_normal_force,-1.1472998965522632,-0.8610948380753036,0.03173805605024358,-9.017724904886322,False,False
joint,v17_direct023_Haa,36.034596888938275,29.67272464413389,2.967272464413389,2.1440135077255493,True,False
joint,v17_direct023_Hxx,1.285542224022217,1.5318476269016676,0.1531847626901668,-1.6078975385928609,True,False
joint,v17_direct047_energy,0.1320888024561741,0.26395051027571553,0.026395051027571555,-4.995698158787504,False,False
joint,v17_direct047_normal_force,-3.1392578980632546,-2.2580600813748397,0.03173805605024358,-27.76470667558897,False,False
joint,v17_direct047_Haa,73.12628729558908,35.337517734960244,3.5337517734960247,10.69366836800863,True,False
joint,v17_direct047_Hxx,-3.5515536065187145,-7.290154929569364,0.7290154929569365,5.128287888487291,True,False
joint,v17_off_plus_energy,0.025184682648174923,0.08014986299727256,0.008014986299727257,-6.857800911146667,False,False
joint,v17_off_plus_normal_force,0.2860021176075228,0.496288954541943,0.03173805605024358,-6.625699967304906,False,False
joint,v17_off_plus_Haa,8.745367661116514,13.145916399036436,1.3145916399036437,-3.347464417347482,True,False
joint,v17_off_plus_Hxx,0.15918404073690046,0.5867789207029961,0.1,-4.275948799660956,True,False
joint,v17_off_minus_energy,0.035099546935198775,0.21284911087573022,0.021284911087573022,-8.350965771443072,False,False
joint,v17_off_minus_normal_force,0.241387409063021,0.06702268289699899,0.03173805605024358,5.493869123237742,False,False
joint,v17_off_minus_Haa,11.819825051199542,11.464221151869252,1.1464221151869252,0.31018583348970813,True,False
joint,v17_off_minus_Hxx,0.15124357329839608,-2.835312235036081,0.2835312235036081,10.533428281476276,True,False
joint,v17_shockley067_energy,0.024244407309767894,0.07506981596967024,0.007506981596967025,-6.7704187100227955,False,False
joint,v17_shockley067_normal_force,-0.019012887672614647,-0.08375074170661885,0.03173805605024358,2.039754858694547,False,False
joint,v17_shockley067_Haa,14.025224292897338,14.560238367523052,1.4560238367523053,-0.3674487059353885,True,False
joint,v17_shockley067_Hxx,0.1497380753686168,0.4530475235373633,0.1,-3.0330944816874648,True,False
joint,v17_compression_energy,0.016015216606430457,0.025317916775100896,0.004433026104653031,-2.098498846850024,False,False
joint,v17_compression_normal_force,-0.6728965319464608,-0.6769543589544016,0.03173805605024358,0.12785367199292064,False,False
joint,v17_compression_Haa,26.81770851468391,26.962376342241654,2.6962376342241656,-0.053655444060801805,True,False
joint,v17_compression_Hxx,3.5396151087526673,5.568444170552721,0.5568444170552721,-3.643439710734629,True,False
joint,v17_opening1.045_energy,0.008033257515289306,0.012439540042104347,0.004433026104653031,-0.9939671959499812,False,False
joint,v17_opening1.045_normal_force,0.38931838735773494,0.6560493060873362,0.03173805605024358,-8.404135348029742,False,False
joint,v17_opening1.045_Haa,7.06889662255598,16.173163667497242,1.6173163667497243,-5.62924312899761,True,False
joint,v17_opening1.045_Hxx,0.5071104441445431,3.5468340021412335,0.35468340021412337,-8.57024477650096,True,False
joint,v17_opening1.255_energy,0.1065299832613477,0.2548812728796389,0.02548812728796389,-5.820407593787648,False,False
joint,v17_opening1.255_normal_force,0.5560889554341453,1.5479287243761108,0.03173805605024358,-31.25080399920566,False,False
joint,v17_opening1.255_Haa,-1.0895764263370287,-3.07660296796585,0.307660296796585,6.45850817384662,True,False
joint,v17_opening1.255_Hxx,-0.27541183426220983,-0.8591645505462155,0.1,5.837527162840057,True,False
joint,v17_opening1.555_energy,0.21628857849224256,0.4970497627048889,0.04970497627048889,-5.6485528266782685,False,False
joint,v17_opening1.555_normal_force,0.3738985155948026,0.5361595264738468,0.03173805605024358,-5.112506280226287,False,False
joint,v17_opening1.555_Haa,-0.37369702195737986,-0.9598397042596563,0.1,5.8614268230227635,True,False
joint,v17_opening1.555_Hxx,-0.03848301978273833,-0.8905810007935903,0.1,8.520979810108518,True,False
joint,v17_opening1.855_energy,0.29915608150581535,0.6331364785570511,0.06331364785570512,-5.2750142877945265,False,False
joint,v17_opening1.855_normal_force,0.3071858998633069,0.6294361584094642,0.03173805605024358,-10.153434036287932,False,False
joint,v17_opening1.855_Haa,-0.247723114021515,0.33758173393615254,0.1,-5.8530484795766755,True,False
joint,v17_opening1.855_Hxx,-0.002885807714752967,-0.0764657682265532,0.1,0.7357996051180022,True,False
joint,v17_opening2.455_energy,0.41811678149495957,0.7722611869157332,0.07722611869157332,-4.585811269826471,False,False
joint,v17_opening2.455_normal_force,0.17913092750916995,-0.03892592855831557,0.03173805605024358,6.87051707648024,False,False
joint,v17_opening2.455_Haa,-0.23855133024328015,1.5212189106347462,0.15212189106347462,-11.5681591161902,True,False
joint,v17_opening2.455_Hxx,4.8811580935146025e-06,0.04446583977668427,0.1,-0.44460958618590757,True,False
joint,v17_opening3.75_energy,0.5179845544196122,0.7719163228888833,0.07719163228888834,-3.289628175226764,False,False
joint,v17_opening3.75_normal_force,0.04330835220758559,0.0,0.03173805605024358,1.3645559179499025,False,False
joint,v17_opening3.75_Haa,-0.05219303674704651,0.0,0.1,-0.5219303674704651,True,False
joint,v17_opening3.75_Hxx,1.7095304930307607e-09,0.0,0.1,1.7095304930307605e-08,True,False
joint,v19_new_0_energy,0.00033610489552627173,0.00042417681882149505,0.004433026104653031,-0.019867224152544584,False,False
joint,v19_new_0_force,-0.10374147795157274,-0.13054663793646185,0.03173805605024358,0.8445747257631233,False,False
joint,v19_new_0_Haa,16.664409737765265,20.302032153219432,2.030203215321943,-1.791752859024669,True,False
joint,v19_new_0_Hxx,2.344598806583462,4.57090105595751,0.45709010559575103,-4.870598208360655,True,False
joint,v19_new_1_energy,0.003384090829813767,0.004931943136885955,0.004433026104653031,-0.34916381508503147,False,False
joint,v19_new_1_force,0.27495782255352014,0.42285939529142164,0.03173805605024358,-4.660070311293259,False,False
joint,v19_new_1_Haa,9.495228254568561,17.415188636660293,1.7415188636660295,-4.547731607925058,True,False
joint,v19_new_1_Hxx,0.8537503540242248,3.8361643120715834,0.3836164312071584,-7.774468754277139,True,False
joint,v19_new_2_energy,0.052938354416288975,0.10968805888528045,0.010968805888528046,-5.1737358693113835,False,False
joint,v19_new_2_force,0.6194711251828436,1.574309479391436,0.03173805605024358,-30.084966536608796,False,False
joint,v19_new_2_Haa,0.17882540173114553,5.20946471789603,0.5209464717896031,-9.656729795833286,True,False
joint,v19_new_2_Hxx,-0.28644051326088094,0.9642979846199059,0.1,-12.507384978807869,True,False
joint,v19_new_3_energy,0.13654890063305614,0.3373623063206088,0.03373623063206088,-5.952455325483569,False,False
joint,v19_new_3_force,0.4953410128117788,1.321138459506241,0.03173805605024358,-26.01915647849278,False,False
joint,v19_new_3_Haa,-0.9922003722442855,-4.940080180276789,0.4940080180276789,7.991529821306072,True,False
joint,v19_new_3_Hxx,-0.19479610915389292,-1.007259835979608,0.10072598359796081,8.066078858744085,True,False
joint,v19_new_4_energy,0.2596943392129162,0.5605338261337047,0.05605338261337048,-5.367017526771506,False,False
joint,v19_new_4_force,0.33731319727440645,0.5382315998098468,0.03173805605024358,-6.330520124401203,False,False
joint,v19_new_4_Haa,-0.2536960862209815,0.9032785116339533,0.1,-11.569745978549347,True,False
joint,v19_new_4_Hxx,-0.011072787181018135,0.6453579543796875,0.1,-6.564307415607056,True,False
joint,v19_new_5_energy,0.3705559364545201,0.7666938699728523,0.07666938699728523,-5.166833191614782,False,False
joint,v19_new_5_force,0.2382205517291487,0.27979903523926664,0.03173805605024358,-1.310051360558954,False,False
joint,v19_new_5_Haa,-0.2714635461012878,-2.478203100860398,0.2478203100860398,8.904595244808467,True,False
joint,v19_new_5_Hxx,-9.985964340071586e-05,0.0933444416558671,0.1,-0.9344430129926781,True,False
joint,v19_new_6_energy,0.019876917141957263,0.07503741336914271,0.007503741336914272,-7.35106578845225,False,False
joint,v19_new_6_force,0.09699984440312316,0.3995055633266556,0.03173805605024358,-9.531324742909414,False,False
joint,v19_new_6_Haa,13.18185554901547,16.75498366183509,1.6754983661835092,-2.1325763038245023,True,False
joint,v19_new_6_Hxx,0.6663739886912647,1.866294182504276,0.18662941825042761,-6.429426855968148,True,False
joint,v19_new_7_energy,0.07103456881724367,0.1746163283222475,0.01746163283222475,-5.931962978504955,False,False
joint,v19_new_7_force,0.5782286000438442,1.0346608991752084,0.03173805605024358,-14.38123048269874,False,False
joint,v19_new_7_Haa,0.681491662680895,3.3869832062735408,0.3386983206273541,-7.987909531353441,True,False
joint,v19_new_7_Hxx,0.05219611836178873,-0.5656137494473082,0.1,6.1780986780909695,True,False
joint,v19_new_8_energy,0.083488592807905,0.17183161394321733,0.017183161394321734,-5.141255389971822,False,False
joint,v19_new_8_force,-2.027910469513587,-1.5479121827267546,0.03173805605024358,-15.123745639208693,False,False
joint,v19_new_8_Haa,52.36434263861132,34.71656366870985,3.4716563668709854,5.083388764599263,True,False
joint,v19_new_8_Hxx,-0.37490271775436995,-0.974896485841256,0.1,5.999937680868861,True,False
joint,v19_new_9_energy,0.027025338996506446,0.07736533900036079,0.007736533900036079,-6.506789817546018,False,False
joint,v19_new_9_force,-0.17516603202353248,-0.22650351113925563,0.03173805605024358,1.6175369731042222,False,False
joint,v19_new_9_Haa,16.28106804439217,14.396252629283666,1.4396252629283666,1.3092403027677981,True,False
joint,v19_new_9_Hxx,0.10364380221250774,-0.11946413441426519,0.1,2.231079366267729,True,False
joint,v19_power_new_0_energy,0.0017675451333796705,0.0021758842211834217,0.004433026104653031,-0.09211294455837896,False,False
joint,v19_power_new_0_force,-0.2505986855798719,-0.2996693004614922,0.03173805605024358,1.5461128055208562,False,False
joint,v19_power_new_0_Haa,19.36844221962531,21.133296310436656,2.1133296310436656,-0.8351059223732044,True,False
joint,v19_power_new_0_Hxx,2.4183824521861816,4.803281906544594,0.4803281906544594,-4.965145708206146,True,False
joint,v19_power_new_1_energy,0.010369094207000605,0.01645069708691336,0.004433026104653031,-1.3718851945241943,False,False
joint,v19_power_new_1_force,0.4272399140667642,0.747061714559844,0.03173805605024358,-10.076918384250735,False,False
joint,v19_power_new_1_Haa,6.213989447665727,15.66515497295868,1.5665154972958681,-6.033240999918375,True,False
joint,v19_power_new_1_Hxx,0.39072792408984175,3.4372637547611467,0.3437263754761147,-8.863258824555949,True,False
joint,v19_power_new_2_energy,0.06456734579281861,0.13995417796875365,0.013995417796875366,-5.386536741530216,False,False
joint,v19_power_new_2_force,0.6172859633971629,1.6376288066594074,0.03173805605024358,-32.14887646700761,False,False
joint,v19_power_new_2_Haa,-0.3735662142418149,1.5124016664736504,0.15124016664736506,-12.470019853342466,True,False
joint,v19_power_new_2_Hxx,-0.3162548445020614,0.07390822082095283,0.1,-3.9016306532301424,True,False
joint,v19_power_new_3_energy,0.1596994682695004,0.39535837061576956,0.039535837061576956,-5.960640266177521,False,False
joint,v19_power_new_3_force,0.451370772772588,1.0383826381800587,0.03173805605024358,-18.495520471644184,False,False
joint,v19_power_new_3_Haa,-0.7984988426625503,-6.006053628734572,0.6006053628734572,8.670509968738344,True,False
joint,v19_power_new_3_Hxx,-0.13433262613823083,-1.4153601110072371,0.14153601110072372,9.050894361841005,True,False
joint,v19_power_new_4_energy,0.2759200010413191,0.5880885299154484,0.05880885299154484,-5.308189379565197,False,False
joint,v19_power_new_4_force,0.32517340241006987,0.5878736415051682,0.03173805605024358,-8.277137033195269,False,False
joint,v19_power_new_4_Haa,-0.2441800854748308,0.9838769358246306,0.1,-12.280570212994615,True,False
joint,v19_power_new_4_Hxx,-0.006542745379902011,0.5300888191539206,0.1,-5.366315645338225,True,False
joint,v19_power_new_5_energy,0.3908643832149879,0.7807571272106231,0.07807571272106231,-4.993777583415574,False,False
joint,v19_power_new_5_force,0.21412705326688083,0.03287588986152218,0.03173805605024358,5.710846408438667,False,False
joint,v19_power_new_5_Haa,-0.26366330641212377,-2.5224317074829634,0.25224317074829633,8.954725689381604,True,False
joint,v19_power_new_5_Hxx,-1.911828466186994e-05,-0.10536285587305545,0.1,1.0534373758839357,True,False
joint,v19_power_new_6_energy,0.025362635019672158,0.09299247367372732,0.009299247367372731,-7.272614221591813,False,False
joint,v19_power_new_6_force,-0.2913939634433484,-0.03946790499084763,0.03173805605024358,-7.937665055909034,False,False
joint,v19_power_new_6_Haa,20.93993489730297,22.032873653678617,2.2032873653678617,-0.4960491189460305,True,False
joint,v19_power_new_6_Hxx,1.0351846061373375,1.976588687531336,0.19765886875313363,-4.76277177610364,True,False
joint,v19_power_new_7_energy,0.06247791420898544,0.16640726473220147,0.01664072647322015,-6.245481571400689,False,False
joint,v19_power_new_7_force,0.5691050607363899,0.9556810535854069,0.03173805605024358,-12.180203861164022,False,False
joint,v19_power_new_7_Haa,1.4631561169471106,3.6257942400934606,0.36257942400934606,-5.964591424500153,True,False
joint,v19_power_new_7_Hxx,0.08062850247011125,-0.7324824081355719,0.1,8.13110910605683,True,False
joint,v19_power_new_8_energy,0.09221338431659881,0.18770167030691334,0.018770167030691336,-5.087236881492873,False,False
joint,v19_power_new_8_force,-2.2295418523781843,-1.6817465699911935,0.03173805605024358,-17.25988767301287,False,False
joint,v19_power_new_8_Haa,56.11815648642193,35.390692237109825,3.5390692237109826,5.856755813207233,True,False
joint,v19_power_new_8_Hxx,-0.8724675614990007,-1.532495429303305,0.15324954293033052,4.306883108319368,True,False
joint,v19_power_new_9_energy,0.026096182504484353,0.07659186968314344,0.007659186968314344,-6.592826025472038,False,False
joint,v19_power_new_9_force,-0.09700523503275643,-0.15953065932670854,0.03173805605024358,1.9700458085703154,False,False
joint,v19_power_new_9_Haa,14.942688058759844,13.640977289265752,1.3640977289265752,0.9542650368008626,True,False
joint,v19_power_new_9_Hxx,0.19607105956024953,-0.0018561341338510467,0.1,1.9792719369410057,True,False
joint,v20_new_0_energy,4.688971139807762e-05,5.8649043216202346e-05,0.004433026104653031,-0.002652664690104531,False,False
joint,v20_new_0_force,0.03611425132179927,0.04781880717694997,0.03173805605024358,-0.36878616121357805,False,False
joint,v20_new_0_Haa,13.76902189971233,19.407850341619266,1.9407850341619266,-2.9054368941699438,True,False
joint,v20_new_0_Hxx,2.8521695603756703,4.329394100444026,0.4329394100444026,-3.412081473287106,True,False
joint,v20_new_1_energy,0.002537859514583902,0.0036442749373840483,0.004433026104653031,-0.24958468474589426,False,False
joint,v20_new_1_force,0.24289953640789766,0.3655179304564104,0.03173805605024358,-3.8634500441488657,False,False
joint,v20_new_1_Haa,10.140628599995786,17.703231197779825,1.7703231197779825,-4.271876988610119,True,False
joint,v20_new_1_Hxx,0.9521690502321307,3.9093512902826126,0.3909351290282613,-7.56438094320427,True,False
joint,v20_new_2_energy,0.020198151292411863,0.034823381685342755,0.004433026104653031,-3.299152779086916,False,False
joint,v20_new_2_force,0.5274043884837706,1.045799857810823,0.03173805605024358,-16.333560836441773,False,False
joint,v20_new_2_Haa,3.7400993863054146,13.514055878705095,1.3514055878705096,-7.232437530320625,True,False
joint,v20_new_2_Hxx,0.07412495399933558,2.9805611045837717,0.29805611045837715,-9.751305370370233,True,False
joint,v20_new_3_energy,0.09636707562677241,0.22661995382203423,0.022661995382203426,-5.747635016179998,False,False
joint,v20_new_3_force,0.5753080413953684,1.596539848274592,0.03173805605024358,-32.17688585786545,False,False
joint,v20_new_3_Haa,-1.0405801453429762,-2.2820717486649773,0.22820717486649775,5.440195313965389,True,False
joint,v20_new_3_Hxx,-0.2977712779055934,-0.8053213981525169,0.1,5.075501202469234,True,False
joint,v20_new_4_energy,0.21075206181734576,0.4890270726004544,0.04890270726004545,-5.690380479414998,False,False
joint,v20_new_4_force,0.3795958927859999,0.5582577926902346,0.03173805605024358,-5.629264111872518,False,False
joint,v20_new_4_Haa,-0.4022449244313077,-1.9854681988380205,0.19854681988380207,7.97405506335121,True,False
joint,v20_new_4_Hxx,-0.044353336113867124,-1.0730096719553677,0.10730096719553678,9.586645514266044,True,False
joint,v20_new_5_energy,0.290533289111256,0.6157939144055483,0.06157939144055483,-5.281972063791505,False,False
joint,v20_new_5_force,0.31401943992264236,0.6195747950914187,0.03173805605024358,-9.627412425167458,False,False
joint,v20_new_5_Haa,-0.24481137158746208,0.4318686304614479,0.1,-6.766800020489099,True,False
joint,v20_new_5_Hxx,-0.003948508045810044,0.05966529359502488,0.1,-0.6361380164083492,True,False
joint,v20_new_6_energy,0.3463427487366061,0.729941495134474,0.0729941495134474,-5.25519851871415,False,False
joint,v20_new_6_force,0.2643771359424479,0.4717044111502519,0.03173805605024358,-6.532450345402073,False,False
joint,v20_new_6_Haa,-0.26965584278045107,-1.7417609490586863,0.17417609490586863,8.451820596126101,True,False
joint,v20_new_6_Hxx,-0.00038973322263142525,0.20899465255336805,0.1,-2.0938438577599947,True,False
joint,v20_new_7_energy,0.007476180970232266,0.02046914476243608,0.004433026104653031,-2.930946826269764,False,False
joint,v20_new_7_force,-0.0485995809496183,0.06281548916376087,0.03173805605024358,-3.5104566561039925,False,False
joint,v20_new_7_Haa,15.77080414239094,21.501318205218237,2.150131820521824,-2.6651919701539675,True,False
joint,v20_new_7_Hxx,1.7603196343726641,4.662002299739686,0.4662002299739686,-6.224112471006383,True,False
joint,v20_new_8_energy,0.01726880387639726,0.06003679436536899,0.006003679436536899,-7.123629924125592,False,False
joint,v20_new_8_force,0.11645047404965163,0.3178698348179461,0.03173805605024358,-6.3463042742578,False,False
joint,v20_new_8_Haa,12.407226906994413,14.458727489192233,1.4458727489192233,-1.418866621375427,True,False
joint,v20_new_8_Hxx,0.4118138179134697,0.86111106885732,0.1,-4.492972509438503,True,False
joint,v20_new_9_energy,0.040291431356543304,0.09377427653904365,0.009377427653904365,-5.7033599358383045,False,False
joint,v20_new_9_force,0.44416511389464713,0.5947790357818696,0.03173805605024358,-4.745530780107957,False,False
joint,v20_new_9_Haa,4.231735271870869,11.056850642860084,1.1056850642860085,-6.172748092058659,True,False
joint,v20_new_9_Hxx,-0.19435088494607228,0.0757661767331005,0.1,-2.7011706167917273,True,False
joint,v20_new_10_energy,0.018017471602592105,0.038168092494978115,0.004433026104653031,-4.545567839367186,False,False
joint,v20_new_10_force,-0.5316049734237206,-0.4360667641505048,0.03173805605024358,-3.0102098604266136,False,False
joint,v20_new_10_Haa,24.576192997769915,26.40271381173358,2.640271381173358,-0.6917928312172001,True,False
joint,v20_new_10_Hxx,2.411027493940222,4.254835571305176,0.42548355713051766,-4.333441437313555,True,False
joint,v20_new_11_energy,0.10620231180167623,0.2277352928888806,0.022773529288888063,-5.336589667131841,False,False
joint,v20_new_11_force,0.5399996608728989,1.3946641093269667,0.03173805605024358,-26.928695541436873,False,False
joint,v20_new_11_Haa,-0.7184727152132703,2.8654264155114735,0.28654264155114734,-12.507384978807854,True,False
joint,v20_new_11_Hxx,-0.10698221873649696,-0.12044589256531853,0.1,0.13463673828821562,True,False
joint,v31_K0_H00,1.4357117216417081,1.6071853175180872,0.3871874135709727,-0.4428697572963524,True,False
joint,v31_K0_H11,4.034172295045479,3.778484710232485,0.3871874135709727,0.6603716336097408,True,False
joint,v31_K0_H22,5.90775211727501,5.5400914279154465,0.3871874135709727,0.9495677712472173,True,False
joint,v31_K0_H01,9.53408735253199e-16,-1.5177286414361958e-17,0.3871874135709727,2.501594803236072e-15,True,False
joint,v31_K0_H02,-1.300009517264517e-16,-9.45828328360523e-17,0.3871874135709727,-9.147538801363216e-17,True,False
joint,v31_K0_H12,-3.747159644459572,-3.523213435365955,0.3871874135709727,-0.5783922752761869,True,False
joint,v31_K1_H00,6.095402080241247,11.020541195662586,2.565934883399439,-1.9194326197772973,True,False
joint,v31_K1_H11,52.14134289322642,27.51034114112903,2.565934883399439,9.59923102938037,True,False
joint,v31_K1_H22,69.26531001459043,37.17324859129323,2.565934883399439,12.506966420278182,True,False
joint,v31_K1_H01,-4.9938407992867346e-17,-8.047950485487693e-17,2.565934883399439,1.1902522179965722e-17,True,False
joint,v31_K1_H02,1.244921611811608e-14,1.6095900970975385e-16,2.565934883399439,4.788998032610407e-15,True,False
joint,v31_K1_H12,-34.24793424272885,-19.325814900328513,2.565934883399439,-5.815470781795913,True,False
joint,v31_L2_H00,2.561562683992218,2.553605837827099,0.581483715936639,0.013683695599802401,True,False
joint,v31_L2_H11,2.5615626839922374,2.5536058378271016,0.581483715936639,0.013683695599831423,True,False
joint,v31_L2_H22,11.24442823358267,11.054750979095974,0.581483715936639,0.3261952988333801,True,False
joint,v31_L2_H01,-3.291721649356241e-16,-6.305904423508818e-34,0.581483715936639,-5.660900828588159e-16,True,False
joint,v31_L2_H02,6.429617032097915e-15,-6.040516937618709e-17,0.581483715936639,1.1161141788846385e-14,True,False
joint,v31_L2_H12,-8.883937660025956e-16,-1.5741639952321403e-15,0.581483715936639,1.1793455438815234e-15,True,False
joint,v31_L3_H00,15.07158893681168,15.117824325030192,3.6510653206716435,-0.012663533560118706,True,False
joint,v31_L3_H11,15.071588936812084,15.117824325030208,3.6510653206716435,-0.012663533560012642,True,False
joint,v31_L3_H22,68.88119221993375,69.82130022908126,3.6510653206716435,-0.25748868524065943,True,False
joint,v31_L3_H01,1.3440995476652902e-15,-2.6155839077835e-16,3.6510653206716435,4.39777927103278e-16,True,False
joint,v31_L3_H02,-1.9623170647996746e-14,-1.2237589896675819e-15,3.6510653206716435,-5.039463839267724e-15,True,False
joint,v31_L3_H12,-6.259991648401649e-15,-1.066647511748027e-14,3.6510653206716435,1.2069034876286497e-15,True,False
