state_from,state_to,atom,initial_grip_neighbor,x_A,y_A,z_A,residual_x_A,residual_y_A,residual_z_A,nonaffine_norm_A
0,1,73,True,3.4865862861321006,7.128833915949215,-11.0379240453591,-0.0014484233258409418,0.05770153495500896,-0.0004116367675806032,0.057721179051743086
0,1,74,True,-2.5194224423931306,-7.12889850117032,-11.037954820664867,0.002700880982679621,-0.056374792815300445,-0.0005644108942508552,0.05644227655497429
0,1,75,False,-1.9589186987079892,-7.995484762979292,-8.74031350917172,0.002439599447616958,-0.020151700443807208,-0.004709162384958887,0.020837919440521508
0,1,77,True,-2.4672477688470162,6.168566425237204,-10.460516525682728,-0.000481353369881532,0.052596027985122085,-0.011717997830054117,0.05388771041734465
0,1,78,True,-0.0871665367682294,-5.982617223409759,-10.608831092471924,-0.013297741063480903,-0.059241338165485935,0.004841005551501354,0.06090813902737888
0,1,79,False,0.1910155882239998,-7.027231942038259,-8.530245802808631,-0.003396064744617011,0.010159909531557432,0.011519082570526251,0.015730425318651237
0,1,81,True,1.0543554134295678,5.982570372174213,-10.608817859537265,0.014029191942444008,0.06100553658776331,0.004578931584292789,0.06276512037248473
0,1,82,True,3.434445451032968,-6.168583857848519,-10.460538050481196,0.0012042950680868358,-0.05064884529168445,-0.011529056225743517,0.05195839675594658
0,1,83,False,2.594971192718357,-7.32473464716613,-8.489407487216642,-0.0033827183839081343,0.00826143358549647,0.008606133846711828,0.012399984207244702
0,1,85,True,5.32028393871614,-4.746032045839744,-10.411210187109313,-0.009561558974231055,-0.008458491854472783,0.0025380413046498518,0.01301580378363125
0,1,86,True,-4.316849208767903,-0.7952916325241579,-10.425075235388833,0.004483504697490481,-0.03651754091256576,-0.006517192967008256,0.03736450739461923
0,1,87,False,-4.269799510923625,-2.1508359016417744,-8.503957126644284,0.006990562073003304,0.003088032487211567,0.0013004801686911094,0.007752106256221283
0,1,89,True,-2.1408508409643936,-4.831029059469996,-10.520592902646081,-0.017494491933716105,-0.027733183184864174,0.0014724701659396544,0.03282308434583309
0,1,90,True,-0.4855079047497957,-0.6773487738937612,-10.451620466815392,-0.0013247426571639798,-0.014773119905299947,-0.004683289979571015,0.01555420264355681
0,1,91,False,-0.4824243777254753,-2.0216715578985442,-8.489535528223449,-0.0005922453852489351,-0.0009386715231611831,-0.008142074353562734,0.008217373887300395
0,1,93,True,1.7221794039360772,-4.588375028315603,-10.423403098946885,-0.009289980034839607,-0.025232451722548177,-0.005410519517427659,0.027427250507969417
0,1,94,True,3.4286202799131322,-0.6466703662776936,-10.46497274886456,0.009433432435754785,-0.011500352889306398,-0.0017618202098823588,0.014978376899733775
0,1,95,False,3.5081888929306495,-1.925698045562012,-8.466326410910009,0.002560508820586893,0.004824578619049724,-0.00679286462543871,0.008716408325177958
0,1,97,True,5.284003446355797,0.7952065949104905,-10.425119975741282,-0.0040893312305607665,0.03824152267504621,-0.006559011354362099,0.039014834567968684
0,1,98,True,-4.353064688637905,4.745982928425477,-10.411169680870149,0.010431730591116128,0.010283847189383799,0.0023066391736517033,0.014828995259883581
0,1,99,False,-4.289786914507052,3.5137100897471405,-8.405619760755819,0.007745688123156569,0.03504375973586127,-0.007139896488816078,0.03659288049330072
0,1,101,True,-2.4614850040695675,0.6466159962008255,-10.464975924153215,-0.009030780893690693,0.01327498958303397,-0.0019576828704188642,0.016174451279738697
0,1,102,True,-0.7550032312402617,4.588325196701703,-10.423360307029801,0.009865871661798198,0.0270132967278105,-0.005399153969410264,0.02926097208462509
0,1,103,False,-0.586244541252997,3.2144883856034463,-8.48845723087685,-0.0025823010372617583,0.02976071490820864,-0.005251194816242588,0.030330570015956643
0,1,105,True,1.4526376146941062,0.6772843406381615,-10.451637325232145,0.0016531616545925054,0.016443873922418195,-0.0048031229233771455,0.01721057590116238
0,1,106,True,3.108024684721984,4.83096047789393,-10.520550251445872,0.018142299016727925,0.02930581436141999,0.0015917419157176482,0.034503730397228496
0,1,107,False,3.3195844653144957,3.5247594423542274,-8.523848280302293,-0.0015204874419403325,0.03191061363962344,-0.007289895396374035,0.03276799841016377
0,1,108,False,2.926188792505938,7.995218208389637,-8.740172151588903,-0.0010460888696042225,0.019569633891933336,-0.0035688238221140978,0.019919873896706894
0,1,109,False,3.8586654176920634,7.112608902641318,-6.629605397531455,-0.07016351536279908,0.030659443367386352,0.021262207133965205,0.07946698564731995
0,1,110,False,-2.891323421724211,-7.1129671728073065,-6.629690246170586,0.07145271582211121,-0.031524685234839644,0.02008662712007947,0.08063974805622975
0,1,111,False,-1.9998205491290635,-8.035751324290663,-4.558765036064329,0.015267193909869414,-0.013544882956596282,0.035322999171667924,0.04079540825474233
0,1,112,False,-1.6277216754204291,7.324580364303874,-8.489306717697726,0.0041308998784814754,-0.00731884843297248,0.009187907516832183,0.01245180793012498
0,1,113,False,-2.219441797839256,6.168990273087268,-6.474330365854867,-0.0037611599307925125,0.01907169550955956,0.0014766030549733244,0.019495031423834897
0,1,114,False,-0.21537497612346315,-5.825677651970059,-6.540714624952008,-0.02147462074388315,-0.023171279487681495,0.00614361955660403,0.03218402694577161
0,1,115,False,0.09662358936318909,-6.964867798960545,-4.516930923026055,6.003872687072864e-05,0.03689550743283032,0.012868697312018007,0.03907538155774171
0,1,116,False,0.7762198286730789,7.027036005937141,-8.530144171168068,0.0041541016840330736,-0.009529799541618367,0.012037753430528042,0.015905381094425425
0,1,117,False,1.182577910157451,5.825383392437251,-6.5406555850571575,0.021496801266585708,0.02316667366020475,0.006508757325621062,0.032267183873051754
0,1,118,False,3.1866753897931703,-6.169158343961215,-6.474424773749507,0.004007150042535379,-0.01783902405382065,0.0008516105702529586,0.01830336775622316
0,1,119,False,2.4562992786917897,-7.365414748359782,-4.506776452442203,0.00014791478663678248,0.022331529110974913,0.006843287903545381,0.023357004528604185
0,1,120,False,5.256978494751242,-3.5137870983189474,-8.405652905767681,-0.007593643833946118,-0.0331313891140983,-0.00697873808665328,0.034699497929922905
0,1,121,False,5.164640069741113,-4.865485362646863,-6.459412677116302,0.0019624842497067974,0.005480019728988594,0.0030679976395369124,0.006579860954203785
0,1,122,False,-4.323380912513228,-0.9008125251488438,-6.510743754271392,0.004662943467197422,-0.017171655817738607,-0.007549139325169207,0.019328691364186336
0,1,123,False,-4.309317052555127,-2.160970959303897,-4.5231830377446895,0.000441487275319119,0.01749452045008182,-0.005571609691690682,0.018365619819356527
0,1,124,False,-2.352433028644909,-3.52494885245876,-8.52384818087079,0.0013991419397845206,-0.031113024656402644,-0.0072999433376672584,0.03198854598400395
0,1,125,False,-2.3104299409701854,-4.818182332476233,-6.539059842958309,-0.019658466457776136,0.01576408629681403,0.001077209873341367,0.025221461126511552
0,1,126,False,-0.49614091060392623,-0.6739118339290406,-6.5095317721665,-0.00021186628571423505,-0.0120088986304685,-0.009907520824648408,0.01556976244297685
0,1,127,False,-0.5045340655800399,-1.98636496664419,-4.518710725422555,-0.001159893678921442,0.010329589579233467,-0.007499133786530443,0.01281728449282815
0,1,128,False,1.5533826065579648,-3.214625063370645,-8.48848260566581,0.0022943624981190958,-0.028426597961784594,-0.00522465673179795,0.028993664979074876
0,1,129,False,1.6201975542326112,-4.440205237545228,-6.480719188537774,-0.009447183876968968,-0.002666557930313118,-0.004499639938111422,0.010798452387894552
0,1,130,False,3.478387300014902,-0.5903254574359033,-6.498764610458341,0.0007375680496832793,-0.013354783319017072,-0.009090570502199746,0.016171973169074774
0,1,131,False,3.5304107529988134,-1.902921144648579,-4.50931697449143,0.0027496992413462706,0.01211113443235945,-0.007573710588254734,0.014546529319091367
0,1,132,False,5.23695393082677,2.1506601287431057,-8.50394793686399,-0.007067799451237811,-0.0021877380048649364,0.0017963595823093925,0.0076135993071478805
0,1,133,False,5.2905321295670635,0.9005287854835353,-6.510793392960404,-0.005192850864237819,0.017293135433224305,-0.007507947755894584,0.019554731210510053
0,1,134,False,-4.1974093064261515,4.8653203369103855,-6.459320474900615,-0.0017423527722986165,-0.004183180794498753,0.0034588430051840646,0.005700735889085779
0,1,135,False,-4.224220661880535,3.5902215330624587,-4.469522467909619,0.0015766374449874831,0.016610730077824876,-0.004650793596643332,0.017321432401215302
0,1,136,False,-2.54105429481254,1.9255558316067167,-8.46628542302484,-0.002919446355178046,-0.003508682087243864,-0.0067685466887006385,0.008163776165919097
0,1,137,False,-2.511268595532508,0.5900973089757545,-6.498753568344946,-0.0016257062731277472,0.0139831348717816,-0.00930712318524396,0.01687582660832432
0,1,138,False,-0.6530398341697906,4.4399714394565475,-6.480642550798718,0.008959647213579558,0.0033203836499042794,-0.004038888510094374,0.010373661174885555
0,1,139,False,-0.5769638870369043,3.139418637535654,-4.508376248749267,-0.002826326559430159,0.014881081195559531,-0.007741186476983408,0.017010604558357314
0,1,140,False,1.4495508882948274,2.021514397527745,-8.489510324659266,0.00023892446938189593,0.0019234946880137826,-0.007807893946980116,0.008044881888764769
0,1,141,False,1.4632515863136046,0.6736642533069302,-6.509543928803106,-0.000791074438754702,0.012280912876179717,-0.009934162027680493,0.015815631351045613
0,1,142,False,3.2776118616634013,4.817878672131611,-6.539002710394877,0.01953421115926135,-0.016082449831485768,0.0017737587726855963,0.025364873711109747
0,1,143,False,3.347888041275541,3.4999855939031086,-4.5421938212821376,0.0005898412290545885,0.008703827577138945,-0.0007904042417656854,0.008759524304062306
0,1,144,False,2.967201168887694,8.03528601996569,-4.558633592548078,-0.01383967945395348,0.011802562089423319,0.036893905674158844,0.041133896911873115
0,1,145,False,3.9877943165211622,7.061997972748156,-2.5800337607927393,-0.026647787607784856,0.00981217137968482,0.0211067004042218,0.03538186108060873
0,1,146,False,-3.020345128548021,-7.062565992057818,-2.580065516098074,0.02851346202986882,-0.012365536591960158,0.020249710792403786,0.037094134297916574
0,1,147,False,-2.0887720629033195,-7.9821828318291965,-0.5436078345290599,0.010934972550159294,0.0037441614743585205,0.009487470354050287,0.014953409762919992
0,1,148,False,-1.4889738908388694,7.365165781536535,-4.506664671476271,0.0006875072194891807,-0.021962356480141665,0.007906918555432796,0.023352454461574648
0,1,149,False,-2.1352636791197463,6.192282885358667,-2.5066319191214546,-0.008659058356097038,0.007011867385417148,0.0013016888605199561,0.01121784158091798
0,1,150,False,-0.252293905280981,-5.762787581598844,-2.5322782504201315,-0.0076437589554170515,0.00636954438778492,0.0056550299681017435,0.011444540646815387
0,1,151,False,0.025631184022535343,-6.941997437811688,-0.5272086870599657,-0.00048720951298063253,0.04767821340670686,0.003946712713420175,0.04784376603077242
0,1,152,False,0.8706887917386212,6.964525441169164,-4.516833246903697,0.0006582853884268269,-0.03740224442905049,0.013755668611190153,0.03985698993807657
0,1,153,False,1.2195389551379934,5.7623348945768,-2.5322368889718003,0.007534791463541746,-0.00761984328640164,0.00618191655242617,0.01237138579018302
0,1,154,False,3.1025567965010965,-6.192557909391366,-2.506709454668395,0.008825514994074801,-0.006881984749700365,0.0007357251286630451,0.011215735395893298
0,1,155,False,2.378759211144657,-7.372748395389018,-0.5280085158649994,0.00027909297772232833,0.030418073022498326,0.0023101529582609803,0.030506947831318958
0,1,156,False,5.191429932458826,-3.590442175110276,-4.469582324331824,-0.001806569364809718,-0.01579697436774019,-0.00474789319510549,0.016593691025116705
0,1,157,False,5.0891351686410164,-4.901549439529806,-2.497750215162619,0.005872537296733427,0.01729030760462802,-0.0004527173995612088,0.018265989828313386
0,1,158,False,-4.3507993156450055,-0.8824502991895755,-2.5404173563484798,-0.0014007960802970842,-0.012892158183339664,-0.004660110618898816,0.01377993480620286
0,1,159,False,-4.343380240277042,-2.1254523364647895,-0.5393073533118259,-0.0030575881503693836,0.020500562075307815,-0.003123024883112002,0.020961277993513782
0,1,160,False,-2.38071190301419,-3.500399300916268,-4.542196060575538,-0.0012712064896307496,-0.00968544764069934,-0.0011144747985554204,0.009831882628297742
0,1,161,False,-2.3532804389572703,-4.787382945893305,-2.544195761518236,-0.01522579630727483,0.023065688671909612,0.0007956735924756764,0.0276493031298412
0,1,162,False,-0.5101008388601542,-0.6572453073802332,-2.5304698973312854,-0.0005120839075516415,-0.00995311589922232,-0.005625841851906621,0.01144451146071293
0,1,163,False,-0.5220818737423011,-1.9704547961571395,-0.537829011472509,-0.0008590590094949002,0.013759610645048603,-0.002567918014340309,0.014023518474815892
0,1,164,False,1.5441026979548533,-3.139731423846834,-4.508413449355002,0.0018684916822111486,-0.014806362336993395,-0.007965775130636565,0.016916654523063852
0,1,165,False,1.5982123088309779,-4.403619314180953,-2.5166419004647596,0.005195806151267579,0.01670823416494649,-0.0025912356799819847,0.01768830101568398
0,1,166,False,3.497614163772509,-0.5995107168983815,-2.5215070416354464,0.0024020275535319158,-0.012268348696565567,-0.0068653392682618275,0.014262363036214806
0,1,167,False,3.525626022778348,-1.9147762339371097,-0.5308823460665576,0.0069845380738886576,0.01668222778294326,-0.0022539134682381112,0.018225274259387962
0,1,168,False,5.276507468229715,2.1605999691615403,-4.523183763075616,-0.0008939715235314338,-0.01801413446285105,-0.00509603247078072,0.018742405728022604
0,1,169,False,5.317971662021007,0.8819919980050334,-2.5404663775861867,0.0005737455146457293,0.01168512991260473,-0.004647973618332912,0.012588689516655207
0,1,170,False,-4.121852206222698,4.901282989979542,-2.4976697090521287,-0.005741074127881163,-0.01716687968570163,8.935787224206848e-05,0.018101648408764142
0,1,171,False,-4.191878950960222,3.628516199592131,-0.5056302113285742,-0.00128229133876534,0.011853486442461314,-0.0014042789542542122,0.01200505773832213
0,1,172,False,-2.5632816359385533,1.9026137934435607,-4.509265728430909,-0.003763693298352244,-0.012084331267667725,-0.007371869546420662,0.014647215095035568
0,1,173,False,-2.530491024255408,0.5991325669026026,-2.52148452608167,-0.003697954273184756,0.011750267565672101,-0.00682307455732678,0.014081832270208703
0,1,174,False,-0.6310346450613203,4.403249222390258,-2.516583988294941,-0.005874962366263614,-0.017214788096451272,-0.001959826108427265,0.018294945487374575
0,1,175,False,-0.5583195521520887,3.128893985274633,-0.5299316754878297,-0.0061145842248429005,0.005131182296220782,-0.0021946879249320483,0.008278515995490362
0,1,176,False,1.4716558778962399,1.9860247051509796,-4.5186870135314665,3.0426330432486992e-05,-0.01068456805186302,-0.0072299997645783876,0.012900923099231272
0,1,177,False,1.4772131956421473,0.6568403496684045,-2.5304809123377887,-0.0008469973198499403,0.009209695404137519,-0.005646572953333262,0.010836036176302636
0,1,178,False,3.3204926320215216,4.786903819268854,-2.54416873724657,0.014862070613117062,-0.02473758620267308,0.0014480279063766588,0.02889508779812937
0,1,179,False,3.383954848093463,3.4641630988003294,-0.5521917767837651,0.0018161019969564762,0.0014151839286418166,2.5834553413206507e-05,0.0023025289225947734
0,1,180,False,3.056244610606087,7.981585010144593,-0.5435807656053284,-0.009348993835095687,-0.006438666278794081,0.010240092280321189,0.01528789060295209
0,1,181,False,4.064909531610912,7.01095313912588,1.437240866222471,-0.025694970359082525,0.004081549395460904,0.0022725879380456337,0.026116186612096862
0,1,182,False,-3.097382009678243,-7.0116071773822775,1.4372980330682528,0.027595119945476476,-0.006963999120828568,0.0021030646603958925,0.028537883760467255
0,1,183,False,-2.1651314191392146,-7.93389951978838,3.4712426623671124,0.008185036021665315,0.007759263998799781,-0.007118068211827477,0.013336712021606299
0,1,184,False,-1.4113631580987949,7.372436049963623,-0.527956573688559,0.0004959377492781414,-0.0308682887581746,0.0029305743505964044,0.031011054015198856
0,1,185,False,-2.0807832573136715,6.20724199168039,1.4685648246590384,-0.008500028415322713,0.004200516123289866,0.00037220861380471426,0.00948859093941256
0,1,186,False,-0.29957925464124874,-5.7409663541744,1.460654657759563,-0.0069512983819283725,0.011829802391353894,0.0008998179885237878,0.013750434401339957
0,1,187,False,-0.032632017612118085,-6.927620802632273,3.463145281009237,-0.001872521298856386,0.05017643486515144,-0.0018189159411279299,0.050244297258418745
0,1,188,False,0.9417507298761679,6.941566975685294,-0.5271712423719187,0.0012179389473970792,-0.04893125231420026,0.004551272227150904,0.04915755188372535
0,1,189,False,1.2668706913681458,5.7404534040893935,1.4606479304466065,0.006713389562943206,-0.013675902442039423,0.0011245148658254323,0.015276270510549262
0,1,190,False,3.048130551551202,-6.207554223180587,1.468546468939962,0.008521117904214837,-0.004599653112890678,0.00019997159731710568,0.009685362550580598
0,1,191,False,2.3170610328826204,-7.380420761186075,3.4490477411788603,-0.0020066539796155247,0.030378324301680415,-0.0008606738860863494,0.030456690678899515
0,1,192,False,5.159126394801168,-3.6288176797039133,-0.5056813687602246,0.000793082858530525,-0.012023217321210922,-0.0017149123015450796,0.012170770697681882
0,1,193,False,5.04569794290769,-4.9338826723823255,1.469472898410457,0.005907516642412958,0.01938087021008794,0.0015276964869432863,0.020318728787423666
0,1,194,False,-4.364592996468401,-0.8451167835464344,1.4451698612692723,-0.004416100236041665,-0.012623163977919516,0.0006682793625838457,0.0133900264157569
0,1,195,False,-4.362379702236397,-2.081773115033134,3.451661482330846,-0.0033976221839271403,0.022054794926111843,0.0027167335807471993,0.02247973436422953
0,1,196,False,-2.4167422642345566,-3.4647133262562346,-0.5521743374035027,-0.002629986763883263,-0.0034122357659684965,-0.00027821526942528596,0.004317127174047246
0,1,197,False,-2.392650402195789,-4.74970120929612,1.4507419814667988,-0.014687487653812337,0.028084806038016552,-0.00029426524361975126,0.03169487680694631
0,1,198,False,-0.5159417280898491,-0.648262656301089,1.4536526442250692,-0.0010065928310150074,-0.009318298473699249,0.0007523586722757436,0.009402657025763787
0,1,199,False,-0.5350441602633955,-1.9595983379082984,3.447763862460113,-0.00038097748507159857,0.014997405653651263,0.004039347150139427,0.015536526174909302
0,1,200,False,1.525482992409157,-3.1293138913564063,-0.5299534222533986,0.0048313774500132745,-0.006295342871026399,-0.002413011249053798,0.008294345858254275
0,1,201,False,1.5651201957075804,-4.400806418013982,1.4607062726806277,0.006902039922051406,0.020565321689389293,0.00024699908000225257,0.021694045722713388
0,1,202,False,3.497281848195372,-0.6184128904713042,1.4617339136992282,0.004253277049009352,-0.011254745279828837,-3.0056707251091552e-05,0.012031648281723912
0,1,203,False,3.5112532883599217,-1.9345850500371362,3.451643861876854,0.0070550321070914634,0.016942611170448485,0.004248008701610129,0.018838023495952344
0,1,204,False,5.310610563285453,2.124953922998729,-0.5393326119371968,0.002356710281588903,-0.02219066602996822,-0.0028632548968742233,0.022498399294381067
0,1,205,False,5.331799256227444,0.8445935416739984,1.4451326129021278,0.003425596587807611,0.010727233997756547,0.0006669875776408318,0.01128065306858385
0,1,206,False,-4.078368438588877,4.933589825638212,1.4695044561110444,-0.005921515767892238,-0.019668146673915032,0.001728844131202889,0.020612841740187744
0,1,207,False,-4.164018965573878,3.660706772304547,3.4612597510653536,5.281787070376964e-05,0.012591290582939507,0.002856687134227265,0.012911392243067607
0,1,208,False,-2.5584774515398636,1.9143697031813862,-0.5308457709957257,-0.008340218136424049,-0.017681228332440124,-0.0018745775669549714,0.019639223888981733
0,1,209,False,-2.5301321139837016,0.6179824625990269,1.4617581056282178,-0.005557425549046258,0.009902496203065936,0.00010069254360778324,0.01135581563663595
0,1,210,False,-0.5979033667312815,4.400390120507497,1.4607120292712599,-0.0077485689187913875,-0.02169741131682823,0.00040209027000215336,0.023042995784535395
0,1,211,False,-0.5355031060608147,3.134533607669256,3.452897624255415,-0.005757438676028959,0.004932856620799342,0.002698057515492458,0.008047402618640584
0,1,212,False,1.4892242417560995,1.9700001400982747,-0.5378261439562018,-0.0004912052524204125,-0.015007407803986128,-0.0023462466708940033,0.015197646036009338
0,1,213,False,1.4830799645413555,0.6478025161130403,1.4536443373932277,-0.00034369955436086563,0.007870271924210193,0.0007654662761518161,0.007914875119962715
0,1,214,False,3.3599052555999287,4.749153128720182,1.4507115665914525,0.014279945935044225,-0.030139431062766064,-2.4132557708611557e-05,0.03335120302290992
0,1,215,False,3.4112290154928693,3.43049946701854,3.4422648883434435,0.002228884554559052,-0.00099318186984787,0.00126023462854441,0.00274636630898518
0,1,216,False,3.132650556496149,7.933302047788572,3.4711254304614294,-0.006870751014338872,-0.010062856182652347,-0.007708885630289153,0.014418571764036194
0,1,217,False,4.141410889965877,6.957440041891427,5.453814735547966,-0.018206086648531183,0.003385164883007441,-0.017129891072194425,0.02522605994768542
0,1,218,False,-3.1738697723589246,-6.958017728380737,5.453969003593379,0.019561679584290115,-0.0053120224605480715,-0.016435061485184477,0.02609574940103453
0,1,219,False,-2.2819330222992065,-7.84197868197641,7.516605644352415,-0.0012865743976981925,0.005008594273200551,-0.03192171108014108,0.03233785596724606
0,1,220,False,-1.349614152878585,7.380121824874278,3.449007113262501,0.002529279859682987,-0.030797218955801675,-0.001037731591072788,0.03091832529221624
0,1,221,False,-2.039691151159116,6.227209893044411,5.445579821051881,-0.005158980209456487,0.009541854056622334,-0.0003693043955594888,0.010853499038375751
0,1,222,False,-0.34334383358046594,-5.732913820369399,5.458616471539966,-0.00748718025484163,0.009778106459100933,-0.001739214411683676,0.012437608325711579
0,1,223,False,-0.08834306213884703,-6.939897803203572,7.4532265114530745,-0.007566027056444033,0.04281256870594419,-0.005904039510196135,0.04387503261717297
0,1,224,False,1.0000617302785852,6.927194927681779,3.4630964699883697,0.0024438906543989836,-0.05121616488006442,-0.0019657873785972058,0.05131210838165252
0,1,225,False,1.3106712231563429,5.732468974458829,5.45856261075964,0.0075255858771345885,-0.011043864719676222,-0.0020537799811259916,0.013521072551817425
0,1,226,False,3.0070730932511975,-6.227450859491585,5.445623198448937,0.005244845842636181,-0.00969471061549676,3.484541631060267e-05,0.011022569393489045
0,1,227,False,2.279545417037993,-7.387848142536907,7.431407750797919,-0.009876986045505465,0.020064684501987173,-0.0072821479025533264,0.023519695907516656
0,1,228,False,5.131304374129947,-3.6609906744720484,3.4612365507964853,-0.000472843711340154,-0.012974305167346323,0.0028604628858079906,0.01329430042055122
0,1,229,False,5.009327715587716,-4.956953543526068,5.4392156075317155,0.002333286728048556,0.015665878420764834,0.002931065339192074,0.01610761055129177
0,1,230,False,-4.363757270689231,-0.8047361878148046,5.4384614740019455,-0.0026330674216277217,-0.011194459651420963,0.006704329420845312,0.013311536497239575
0,1,231,False,-4.355967685513712,-2.0427806976391896,7.443984681331161,-0.0029633766216132784,0.01948820749102076,0.0054800272528217064,0.02045977836894306
0,1,232,False,-2.4439771829686263,-3.431048622519794,3.4423068793148888,-0.002755068362762181,-0.0011367535239710236,0.0012168804862233706,0.003219224809718149
0,1,233,False,-2.4243000733546665,-4.714034893757025,5.4483684126510505,-0.014155562074694483,0.027570879382186497,-0.0017627289444863692,0.031042560153591317
0,1,234,False,-0.5165663218171159,-0.6409653957557415,5.438774848439722,-0.0005403250520340519,-0.010221479653170662,0.009451424689475019,0.01393197854300872
0,1,235,False,-0.5304813579292318,-1.9476599273454647,7.4347458814879275,-0.00033636096248435,0.011968732687433814,0.011905769411091782,0.016885231597772617
0,1,236,False,1.5027023517211793,-3.134941137489051,3.4529030441126802,0.004789892913054095,-0.006105051307935039,0.0026886862324992933,0.008212414946157823
0,1,237,False,1.536354690038709,-4.411904669813124,5.443347902278108,0.006613049895035861,0.017998830131288557,0.0042319777286623506,0.019636699073548713
0,1,238,False,3.484743472874542,-0.6428073491484708,5.449522795065348,0.002755696317285228,-0.012491628906549201,0.007831131707431105,0.014998709236169885
0,1,239,False,3.4853192807201197,-1.960059489828867,7.438783005179885,0.004793023625280224,0.011724900392860338,0.010030291778108769,0.01615713829392406
0,1,240,False,5.329648888836334,2.0812763682249362,3.451613394321226,0.0031158871635126317,-0.023773419961953923,0.0025949833647249676,0.024116761560507485
0,1,241,False,5.330996751936522,0.8042902825756665,5.438447488087379,0.002181523013599751,0.009862381218011751,0.006739648771613815,0.012142836221944685
0,1,242,False,-4.041960958631868,4.9567297234500565,5.439189152105439,-0.0024320714358037065,-0.01564345316494542,0.0026145161967958686,0.016045818562354527
0,1,243,False,-4.171806136457367,3.651888821563998,7.408274030743157,0.001054802920946507,0.018388199323894128,0.006423588786969248,0.019506434232872363
0,1,244,False,-2.544070871947553,1.9341932264649346,3.4516501272103595,-0.008085866029492017,-0.017977333304930232,0.004199637198205153,0.020154470838997365
0,1,245,False,-2.5175594725660426,0.6424553495528237,5.449542853619933,-0.0036144441344281297,0.011742693697739504,0.007848807463817664,0.014579397802512726
0,1,246,False,-0.5691054845943427,4.411559527187247,5.443301675263674,-0.0070318951517562844,-0.018587562265009794,0.003845294070671912,0.020241820740013832
0,1,247,False,-0.5100101658729544,3.165012649085686,7.4478321663592615,-0.003534221110551572,0.013816297674354772,0.009092758032054782,0.016913280252929833
0,1,248,False,1.5022210632543627,1.959154129605308,3.4477393774489338,-0.000753886408671578,-0.016416844472331604,0.003937774378209191,0.016899325258707378
0,1,249,False,1.4837400066753985,0.6405884468709115,5.438772897522036,-0.00043383940716146263,0.009332090303256768,0.009471544051049108,0.013303618784763376
0,1,250,False,3.391590598593364,4.713559763715667,5.4482820061657335,0.014033359656774547,-0.028932586603120036,-0.0022395686755993793,0.032234227440038864
0,1,251,False,3.4069683922330416,3.3945857743340606,7.436978260169838,0.00411647793135872,0.005785858736359728,0.003366978352524974,0.00785863188493044
0,1,252,False,3.249439401496898,7.841525015140879,7.516362788318377,0.0021342418344150182,-0.005598184806221873,-0.03362105934659265,0.034150699742750305
0,1,253,False,4.4520519687377815,6.7619919176789915,9.34447864089042,0.004233755861578814,0.023385331459741643,-0.03043778881740522,0.038616802097926145
0,1,254,False,-3.48456516748178,-6.762346257826204,9.34469192926776,-0.003272197121990672,-0.023057300176114737,-0.02917730819170039,0.037331778402991886
0,1,255,True,-2.833219988785575,-7.196656266975977,11.620666959624002,-0.008254529007813982,-0.015020923454377666,-0.0691554342709928,0.07124773315532727
0,1,256,False,-1.3120790298490406,7.38763412973116,7.431312387610182,0.010625844886236857,-0.01941197142413298,-0.0084595156515892,0.02369169937292815
0,1,257,False,-2.1057477212530307,6.198746064125351,9.371324534013752,-0.004806921164066225,0.026434380269914293,-0.0031306975710627682,0.027049662079468576
0,1,258,False,-0.36415574500619907,-5.821907126953448,9.48798827653757,-0.01568061869302989,-0.005466525827380053,-0.007387392550558758,0.018175210477836636
0,1,259,True,-0.10054238043871488,-7.268807101484326,11.343441389708547,-0.03884009167432858,0.0037314944827739893,-0.012836904258314519,0.041076305618718376
0,1,260,False,1.0557909860026395,6.939571486894312,7.45311597686182,0.008243474147622276,-0.04288820707592311,-0.007003471812293327,0.04423123093059208
0,1,261,False,1.3315116203706046,5.821646947245687,9.487920392901101,0.01614326658174381,0.006263205422037288,-0.00802684663130826,0.0190856769576148
0,1,262,False,3.073118625319731,-6.1988373399509635,9.371379294737139,0.00521173405053954,-0.02501853200164561,-0.002232070608139125,0.025652899534567966
0,1,263,True,2.361581290272861,-7.164185785496477,11.415309546532997,-0.017041042904549997,0.03533105295897876,-0.00830199968437384,0.040094932912080286
0,1,264,False,5.139111025918291,-3.652045921721687,7.408273459699676,-0.0012432561339741355,-0.017781904832389284,0.006469517232284616,0.018963029254358103
0,1,265,False,5.073885145513026,-4.9327215043207495,9.393298551608172,0.0016022596552005552,0.00213992658747042,-0.0013027162804117864,0.0029738176658457255
0,1,266,False,-4.334963921409613,-0.7634172442184453,9.426598280947081,0.004327292775755609,-0.017822862126258943,0.010725560578899618,0.021246588593710463
0,1,267,True,-4.346671391043939,-2.0165009330105823,11.418253028071263,0.00857850850468278,0.007740824210867192,0.004230424170430069,0.012304781846510788
0,1,268,False,-2.439690549047979,-3.394979144100397,7.437025906505048,-0.004337147882790493,-0.00628377569666938,0.003519538431261182,0.008407368169193689
0,1,269,False,-2.4058951596972586,-4.701603674250264,9.429708464477068,-0.021049895872301327,0.0093388737153699,-0.006045614498102481,0.023808866692180502
0,1,270,False,-0.5051866436011522,-0.6512170468732258,9.434217317504785,-0.001787075150100903,-0.011254695889650557,0.015816385821237233,0.019494098532808833
0,1,271,True,-0.5076230502297034,-2.00711516140504,11.40403579544511,-0.00220548306606394,-0.004862127849954767,0.013428064417079,0.014450514066053974
0,1,272,False,1.4772390953734342,-3.1652777060478257,7.447848635433333,0.002972515488522287,-0.013733403023110213,0.009204128447529492,0.01679756492481274
0,1,273,False,1.5075740049723523,-4.485510393645252,9.41985619522177,0.0024271272690554735,-0.0008503840619091818,0.008006805783477233,0.008409699084228063
0,1,274,False,3.4461881466696456,-0.6744310696276876,9.442006801796094,0.004019714927768092,-0.0159878480226463,0.011962730911921682,0.02036851303769628
0,1,275,True,3.4313087196344183,-2.0259679790271403,11.411352204123965,0.011141038280221505,0.0022075219339203755,0.014001076961479342,0.018028478669354444
0,1,276,False,5.323247281114156,2.042417556646395,7.443932893064131,0.002849025519156001,-0.019769333061168126,0.004914359689059289,0.020569258791839053
0,1,277,False,5.302182769839918,0.7631904827720304,9.426629702336944,-0.0043219457407870365,0.01867170406468821,0.010822225377919992,0.022009823029640583
0,1,278,False,-4.106526138805143,4.9326375928071435,9.393252833027953,-0.0013739039377123063,-0.0005787109276722546,-0.001901698711675337,0.002416397392370779
0,1,279,True,-4.244317555680822,3.5773525454076127,11.33829507703331,0.002428224125092804,0.04932839802221878,0.01628582760598185,0.052003993160639896
0,1,280,False,-2.518106232580722,1.9598054780066572,7.438759704704911,-0.005400592774942314,-0.011591520231694297,0.009620002648349946,0.016002318411930106
0,1,281,False,-2.478997693127876,0.6742574952176966,9.442012624446974,-0.004271433185175422,0.017200583699064076,0.012050507434366864,0.02143175098935357
0,1,282,False,-0.5403003735018581,4.48534253055723,9.419804437528848,-0.002327616599246074,0.0020145973432166286,0.007382241432653203,0.00799836796217597
0,1,283,True,-0.4844510737404092,3.3108713432285275,11.461318832697117,-0.007217718407068918,0.03324680553297865,0.008546220407991356,0.0350782471114708
0,1,284,False,1.4976890093837516,1.9473618472667102,7.434705929368719,-0.00025785801740241254,-0.011999654293888051,0.01145987163988238,0.016594783877247245
0,1,285,False,1.4723754851912705,0.6510360170461698,9.43422497463475,0.0015052944666809065,0.012455770785931852,0.015870922743181026,0.020231122707924893
0,1,286,False,3.373221897512869,4.7013399033968994,9.429595818893393,0.021400540745020624,-0.00861811227623921,-0.00685524969893514,0.02406760170477946
0,1,287,True,3.4103880898474976,3.399419543999378,11.430077178970087,0.0030485749259265837,0.045516226973044915,0.014810631701033472,0.047962230331005114
0,1,288,True,3.80048569041003,7.196495989992459,11.620331259757348,0.009027845383800415,0.016835683935523704,-0.07076159625042777,0.07329492308311136
0,1,292,True,-1.39409378867557,7.16394752879055,11.415292311301611,0.018113156458517077,-0.033536286731290055,-0.009579738677215843,0.03930064067846433
0,1,296,True,1.0681836514683511,7.268689394821026,11.34331492756571,0.03988972814369496,-0.0018020354364596258,-0.014166147410357155,0.042368826695391444
0,1,300,True,5.211556907621927,-3.577360960498929,11.338304658699371,-0.001975270414348529,-0.04674019758540071,0.016228712778424637,0.04951685452425974
0,1,304,True,-2.443187042936201,-3.3994974151070894,11.430074685866293,-0.0026410953833053696,-0.04316705646208918,0.014669694259932697,0.04566804219697637
0,1,308,True,1.4516482472594718,-3.3109426450137165,11.461319303230944,0.007531595019793835,-0.0307660101310816,0.008481923844179562,0.03279047628544698
0,1,312,True,5.313854288345597,2.016405652543163,11.418215479747625,-0.008238005671338477,-0.0055617407181740575,0.0035772378062794985,0.010563821637072238
0,1,316,True,-2.4641227646046713,2.0258957188842346,11.411319241843982,-0.010844312366019349,0.00020290499106678794,0.013491568425635592,0.017310768316594363
0,1,320,True,1.4748154143842198,2.0070383951664645,11.404005814463588,0.0024913427280766065,0.0072726369353470766,0.013001959381949035,0.015104601429761966
1,2,73,True,3.484534034910204,7.106550680668497,-11.340661509434122,0.003415264446528621,0.05282512790580984,-0.019036426054441336,0.05625427705011509
1,2,74,True,-2.5173872766655934,-7.106554482360109,-11.340662962581291,-0.003436945785879164,-0.05300130017832583,-0.01897542561253651,0.05640050703765863
1,2,75,False,-1.9454913530099789,-7.949332485063366,-9.021787083159424,0.013438094600284556,-0.03665620985700713,-0.054260724095717805,0.06684673729479064
1,2,77,True,-2.4423104911609133,6.164478632466174,-10.744456056001276,-0.007142608533493799,0.05078704179654103,-0.014417356085376198,0.053274765392246244
1,2,78,True,-0.11074725327930873,-5.9812030880927205,-10.882982441209524,-0.015240144956994994,-0.058287872306014954,-0.000984653784151135,0.060255353449690824
1,2,79,False,0.18245716598882558,-6.952846264604026,-8.756022795028649,0.0037523022138024054,0.0049648291519295285,-0.0037405431540289413,0.007260920292821599
1,2,81,True,1.077903461905059,5.981197791656903,-10.882980526424252,0.015205979356388344,0.05809154995844157,-0.0010065889973294162,0.060057166151680566
1,2,82,True,3.409467775504343,-6.164481390321198,-10.744459627686705,0.007101737668190111,-0.05101033440253211,-0.01441669071625995,0.053482051802209656
1,2,83,False,2.5712854354603403,-7.245077032158835,-8.708274698182741,0.005175330242100706,0.0117005469753515,0.0021551730979751937,0.012974267367348543
1,2,85,True,5.275126916916057,-4.716778765984154,-10.679211866350443,-0.0034510532477076694,-0.008506649046167603,0.000281574338107049,0.009184341599758703
1,2,86,True,-4.287149213369109,-0.8106358355734797,-10.703170714498702,-0.0005327383239803751,-0.03198236520048392,-0.00943434997043191,0.033349099737527414
1,2,87,False,-4.239121891545114,-2.113136400892117,-8.730423984441616,0.003511527936245429,0.007879367194306042,-0.0050614758823037675,0.010001689554114398
1,2,89,True,-2.1553627445599104,-4.808052008446566,-10.79383671189732,-0.022129005636705834,-0.02919353907946398,-0.0022399236637582476,0.036701129035399085
1,2,90,True,-0.48414699020384316,-0.6823754239467347,-10.727401856323734,-0.003694996664912742,-0.013537686852126862,-0.0064827365525168545,0.015457937730153493
1,2,91,False,-0.4852701069157772,-2.000700631322542,-8.722820941117245,-0.005149262773003427,-0.0006923423002862528,-0.012250049572353205,0.013306312768431213
1,2,93,True,1.698551731993877,-4.5736400122637315,-10.700266803372152,-0.006110115910592517,-0.028030545042105892,-0.008266151047942927,0.02985589095883442
1,2,94,True,3.4180355544373855,-0.6618562582091766,-10.736939041028768,0.010262313145058766,-0.01627310128133297,-0.002354930136675648,0.019382326804292353
1,2,95,False,3.4823280905229614,-1.913440912118389,-8.694213997549241,-0.0018862425582395481,-0.0012041929379889016,-0.007439200169990556,0.007768506342251639
1,2,97,True,5.25430889487508,0.8106270079580992,-10.703177066842262,0.0005378031310527831,0.031819773041095845,-0.009434177948651978,0.03319323578926061
1,2,98,True,-4.307963657051206,4.716768440616272,-10.679203860408238,0.003395138580513546,0.008307071800607524,0.00028239924384187987,0.008978538701496069
1,2,99,False,-4.240672055286011,3.5242666488637453,-8.63315311764585,0.010333663822714279,0.036131875901000754,-0.008549526802003271,0.03854077675221875
1,2,101,True,-2.4508798563595087,0.6618493434072562,-10.736938129278201,-0.010242733801460346,0.016082125973447825,-0.0023277266600629787,0.019208505484742726
1,2,102,True,-0.7313955933346246,4.573634393865357,-10.700261619306728,0.006089788775306415,0.02783633597880364,-0.008299239978011741,0.02967868784608434
1,2,103,False,-0.5666930837582157,3.220658028332299,-8.713504765934603,0.005944761927362485,0.035557291944653624,-0.00404077656699009,0.03627656378537918
1,2,105,True,1.4513030487898184,0.6823688133694618,-10.727403477884144,0.0037205782026195067,0.013356934874118265,-0.006475514902867019,0.015303029263858086
1,2,106,True,3.122518970859849,4.808045224233596,-10.793833340048096,0.022110445381875454,0.029016984740720453,-0.0023059406525671733,0.03655372157142502
1,2,107,False,3.312392289718188,3.514770276573541,-8.757470505202145,0.004482173408328016,0.029543265924276696,-0.01176074155299034,0.032112450573120156
1,2,108,False,2.9126532138708816,7.949318573734303,-9.021780378746353,-0.013533916068686924,0.03666400774587597,-0.05442610062626052,0.06700460265924835
1,2,109,False,3.6475088782687517,7.074844256710745,-6.776473488930875,-0.20317262272658843,0.037856258084802974,0.02839439518849396,0.20861076813027704
1,2,110,False,-2.6803357026733905,-7.07486301655762,-6.776474942439836,0.2030314756090883,-0.03776796904678381,0.02851377126683019,0.2084735828007466
1,2,111,False,-1.9758173919436635,-7.987253882475362,-4.589287743779773,0.023838663060999465,-0.034785082104861864,0.0938314174677144,0.10287185571174624
1,2,112,False,-1.604119754942007,7.245055723132357,-8.708261329031295,-0.005245384277654086,-0.011812024065400273,0.002075265327077247,0.013089869935168374
1,2,113,False,-2.1808590828504264,6.127042555840566,-6.645099020564494,0.00815962828743233,0.013376967573833554,0.0006991931871320745,0.015684759047348864
1,2,114,False,-0.2872704735551728,-5.844038501202767,-6.707084302682639,-0.06470949300518244,-0.07676582336643101,0.006728781534245165,0.10062597389863831
1,2,115,False,0.0878938511055984,-6.862577659185619,-4.609884769011521,0.0028422760066572766,0.03330244911678193,0.03036230159674158,0.045155298784587454
1,2,116,False,0.7847076825109655,6.952827319812711,-8.756012944909648,-0.003809379441612415,-0.005032613505828287,-0.0038438784133756343,0.007390126635318219
1,2,117,False,1.2544443016908433,5.8440161870520395,-6.707079965800435,0.06470762345768977,0.07678668433889335,0.006661454666061495,0.10063620821340104
1,2,118,False,3.1480346938795942,-6.127070932239442,-6.645111654931808,-0.00818996664215943,-0.013487243081819145,0.0007674625239175725,0.015797793462169977
1,2,119,False,2.433157427627063,-7.269941908182617,-4.617303473301662,0.004895565656311884,0.026860014888480777,0.012530058572291836,0.030040461559865114
1,2,120,False,5.207842238671394,-3.524282628509179,-8.633160161437228,-0.010341239828495219,-0.03631486965760056,-0.00855759900256281,0.03871619170486216
1,2,121,False,5.1191179063441155,-4.821487750984183,-6.630091813177561,-0.004592874569809169,0.004780221264920392,0.0003973703544417617,0.00664100258652156
1,2,122,False,-4.291029018346322,-0.8987959872652812,-6.694182392179365,0.002303274750360629,-0.01567131670567956,-0.011063261484967057,0.019320740062174525
1,2,123,False,-4.282747734675375,-2.108103321546763,-4.653783405674091,-0.0008246087746082154,0.02287111428662314,-0.007115025750749737,0.02396646489945419
1,2,124,False,-2.345226093987054,-3.514782673873583,-8.757469972947751,-0.004454449606573707,-0.02961113463067866,-0.011734169301897523,0.03216134550386964
1,2,125,False,-2.3438922351297964,-4.727563547894503,-6.710371004884384,-0.04221660665804583,0.03825998986957302,0.001754525924876127,0.057001290018393894
1,2,126,False,-0.49221728887529026,-0.677078180545502,-6.693995311903025,-0.0011961592959219836,-0.011668340442527292,-0.012133454759747586,0.016876068563228225
1,2,127,False,-0.5061371530880054,-1.9507740289333513,-4.648436628394623,-0.0041111288740377505,0.01422765555171468,-0.006365935628766195,0.016119947256327462
1,2,128,False,1.5338604353260707,-3.220673373876237,-8.713507836886842,-0.005902461811932325,-0.035680443564945374,-0.004023374961297677,0.03638846870248552
1,2,129,False,1.5543699704524954,-4.420506523826434,-6.658204009883953,-0.04927327151687799,-0.021807734664673895,-0.005870179401752829,0.05420232083028883
1,2,130,False,3.4585468587597976,-0.6069266211444612,-6.683136771502535,0.001236235036807365,-0.01705169053260913,-0.012322931680651017,0.021074702187506577
1,2,131,False,3.5043840503191563,-1.8819567741857781,-4.645121233838617,-0.0019372163322417535,0.007761118568512915,-0.012691606642222908,0.015002154769010243
1,2,132,False,5.206291307876838,2.113119204150987,-8.730428422303591,-0.003483437004524248,-0.007965586543839276,-0.00511556126872037,0.010087312300405602
1,2,133,False,5.258209733511445,0.898775690179041,-6.694191113911132,-0.0022466977576547364,0.015683604188563516,-0.01106059304283935,0.019322520788372415
1,2,134,False,-4.1519424805869685,4.821460312838674,-6.630077572860288,0.004565258475060396,-0.004892618900266044,0.000350097923202064,0.006700886001356961
1,2,135,False,-4.179527196803334,3.582180329357573,-4.598859070874951,0.006205730235966378,0.018396934869908232,-0.00717430354361781,0.02069852486785471
1,2,136,False,-2.5151595681162178,1.9134252539830727,-8.694207735504087,0.0019333222291297858,0.0010861455237971551,-0.007452476886278703,0.007775400869474851
1,2,137,False,-2.4913688427557745,0.6068997251325827,-6.68313257226288,-0.0011500899350478377,0.017002240798426937,-0.012306554203223463,0.021020232524481475
1,2,138,False,-0.5871901759235888,4.4204819022186985,-6.658196056572041,0.04932257487990299,0.021766176638481127,-0.005935855084517883,0.05423759963185683
1,2,139,False,-0.556976842292111,3.1317226008441033,-4.642741895730456,0.0066078565795753,0.020968598709087516,-0.01126204399675057,0.024701812390667384
1,2,140,False,1.4524378907041426,2.0006851375587815,-8.722819716624183,0.0052035074314005225,0.0005893063949451438,-0.012284336096039183,0.013353976371710971
1,2,141,False,1.4593976492082021,0.6770541784413665,-6.693996852363378,0.0012925890743593627,0.011641040653578849,-0.012131051409659754,0.016862592396106733
1,2,142,False,3.311072781111919,4.7275339101769855,-6.710370550896162,0.0422423593976573,-0.0382371862852775,0.0016694037399567208,0.05700251092138698
1,2,143,False,3.3397497905293627,3.4671692194153314,-4.661919439480809,0.003787846562993913,0.006519846690797859,0.004193904425988215,0.0086281525711253
1,2,144,False,2.942999876965825,7.987226702048617,-4.5892821342875845,-0.023994326695221613,0.034965503710042256,0.09367473665937887,0.10282640930936945
1,2,145,False,3.9485938995982295,6.995698866285587,-2.5997689840795517,-0.03024329572762463,0.00905616009110588,0.05591426409456446,0.06421118205811974
1,2,146,False,-2.9814037917531073,-6.995726475687277,-2.599769042647393,0.030041036009367694,-0.008779591424030286,0.05598162435136045,0.06413647429587836
1,2,147,False,-2.0776605197791627,-7.896993324357784,-0.534515274909952,0.0102622658341196,0.0022639680150433605,0.034681047714464563,0.036238304620887625
1,2,148,False,-1.4659751655185316,7.2699078957075685,-4.617290233040731,-0.004996665703589143,-0.026900884466510178,0.012437586696876224,0.03005524606580796
1,2,149,False,-2.1143119369342447,6.139429384290051,-2.575591123173174,-0.008946426709395716,0.002847049231736065,0.004909729723720613,0.010594795238913476
1,2,150,False,-0.27350254083105446,-5.697276498028688,-2.5898518309916914,-0.014381164717633788,0.00764901943895957,0.01692434898910289,0.02348955056441575
1,2,151,False,0.012232512476266565,-6.818816247661552,-0.5388320450160378,-0.002330163373763813,0.05428279787764634,0.013552751508737026,0.05599757923545812
1,2,152,False,0.8792899374326237,6.862545820455925,-4.609876429275749,-0.0029288101259213883,-0.033248664550020735,0.030260809850754633,0.0450529492479353
1,2,153,False,1.2406838067923451,5.697242706729267,-2.5898493266079607,0.014372943819210837,-0.007493334882537894,0.016873066289310845,0.023397263679659813
1,2,154,False,3.0815025373037654,-6.139473492225516,-2.5755984204484355,0.008899608395533054,-0.0028775862511070116,0.004966746939963684,0.010590189204732895
1,2,155,False,2.351632805720558,-7.268247755343727,-0.5475199573732247,0.00042525992737285634,0.03566964159883046,0.005675097453244793,0.03612078222988355
1,2,156,False,5.146712334943217,-3.5822178959028825,-4.598867827791565,-0.00618840759335626,-0.01846971622449267,-0.0071561207786210446,0.020751791984139806
1,2,157,False,5.056148967272714,-4.840188674042659,-2.571373270404297,0.007529018365313611,0.021647779158958436,3.681521109744068e-06,0.022919696193751404
1,2,158,False,-4.322733987610115,-0.8748955781922945,-2.6218474454522354,-0.0021886686811445344,-0.010008621618923352,-0.006717819352866972,0.01225119888681744
1,2,159,False,-4.320648898070319,-2.069009337629314,-0.5690130590964613,-0.004946772947691969,0.026726764615468745,-0.004216740944535502,0.02750584326284165
1,2,160,False,-2.372564417872301,-3.4671927148195696,-4.661919026156273,-0.0037374879709175524,-0.006387248468817219,0.004222957714939746,0.008520512378802723
1,2,161,False,-2.3669426549895674,-4.706539054514664,-2.6110183529513655,-0.022749404908865234,0.02870319729821702,0.007976460933491136,0.03748376832538832
1,2,162,False,-0.5061770791100287,-0.657125916423099,-2.6100688332881212,-0.0013086513349310769,-0.008250202205161594,-0.0051468886175687345,0.009811669948797133
1,2,163,False,-0.5213385951594467,-1.9322556700924949,-0.5647497083241,-0.0018996542563723962,0.0169543107872423,-0.001483517291372749,0.01712478216264243
1,2,164,False,1.5241656437607918,-3.131756520051117,-4.642744973545731,-0.006516960238379221,-0.020946515168944302,-0.011232529530496471,0.02464542529811374
1,2,165,False,1.584085784077524,-4.343498442121928,-2.5916702328628083,0.0022214885141598195,0.018927165093421294,-0.0009231102722484508,0.019079431916776246
1,2,166,False,3.479395282766509,-0.6154924564936954,-2.6069274352933762,0.0030177157976614133,-0.01649244406838757,-0.011204940054444723,0.020165763105026484
1,2,167,False,3.511169698352327,-1.8803825379391714,-0.5591409941753193,0.009639212718814516,0.021060438151159655,-0.0030086271015926647,0.02335611941213297
1,2,168,False,5.249939772589744,2.1080677532676297,-4.653787818291489,0.0008674948316240716,-0.022792912334665072,-0.007159254018518801,0.023906574787708492
1,2,169,False,5.289931152222477,0.8748658957308976,-2.6218524234292606,0.0022685223914162833,0.0101738636699098,-0.006712242510061195,0.012397898827145678
1,2,170,False,-4.0889628815023205,4.840150030382516,-2.5713651511873863,-0.007570219081134866,-0.02168138477387771,-3.8369234871549196e-05,0.022965019809429717
1,2,171,False,-4.153490657125181,3.611467204683159,-0.5320318350622112,5.1184683148797205e-05,0.009817480158536007,-0.001744411670753343,0.00997138448822919
1,2,172,False,-2.5371936435038758,1.88192662847676,-4.645115088970122,0.002039330352689106,-0.0077406587097530455,-0.012715310725178952,0.015025171958620827
1,2,173,False,-2.5122013979179316,0.6154506718558383,-2.606924467215004,-0.0028922928451020624,0.016566077188001183,-0.011201403680498156,0.02020573472344224
1,2,174,False,-0.6168830575242821,4.34346424912077,-2.5916654936122256,-0.002141368972265356,-0.018853833430868328,-0.0009729555336628337,0.018999977331165267
1,2,175,False,-0.55036555402358,3.103227808916536,-0.5568120827565177,-0.005266414603702363,0.0029241126378236615,-0.001639775335773308,0.006242949675320155
1,2,176,False,1.4733278544787731,1.950742051091644,-4.648435903271245,0.004220795399034971,-0.014176427882395926,-0.006399336958507362,0.01611638094653405
1,2,177,False,1.4733756333566124,0.6570890660545162,-2.6100697642057247,0.0014494471225763306,0.008355319216487245,-0.005145141598286607,0.009918908117175251
1,2,178,False,3.3341450907918,4.706492752702645,-2.6110185556056473,0.022794963796199497,-0.02853387049046674,0.00792121617033592,0.03737027970532152
1,2,179,False,3.377236705735425,3.4253438968516963,-0.5743208415688944,0.005533628340124164,0.00022680692123833168,0.0036431349485260833,0.006629096185704283
1,2,180,False,3.044852971948554,7.896961066244358,-0.5345147711597877,-0.010471239515447817,-0.0019679070327995873,0.03462553951332281,0.0362277173124156
1,2,181,False,4.03004765533122,6.936988476180961,1.476120880770388,-0.02527582631685288,0.0010260996117823495,0.015711162771558707,0.029778531059261884
1,2,182,False,-3.0628540643633317,-6.937017068707076,1.4761215933885965,0.02502719738874637,-0.0006758710203262908,0.015688755166697987,0.02954580256909571
1,2,183,False,-2.1595736463989197,-7.8416951511288175,3.5449655724551437,0.004117957751526458,0.009607011857294623,0.0005532574524171885,0.010467012309069454
1,2,184,False,-1.384441541787565,7.268207003500165,-0.5475175611102906,-0.0005599053473055449,-0.03566493770913404,0.005632462235354629,0.03611129887759575
1,2,185,False,-2.0597493866386714,6.1536543015114535,1.4948276508111158,-0.008519467125394975,0.0023531169231665316,0.0023485238250757767,0.009145165034690572
1,2,186,False,-0.31609771853409585,-5.664222244331048,1.491530603475119,-0.010035095602636712,0.019004219389882948,0.007154765429300047,0.022650699033830473
1,2,187,False,-0.04802561955614883,-6.8024526287160025,3.5372292791779363,-0.00472693784089772,0.056299128296402934,0.0011044829214053031,0.056508014217544617
1,2,188,False,0.9549612167319849,6.818778124587822,-0.5388304029899662,0.0022122735031310237,-0.05415853221951128,0.013505726433270082,0.05586094711616361
1,2,189,False,1.283279630861803,5.664186988670765,1.4915294258326606,0.010009182844690212,-0.018800853256554895,0.007148713219847114,0.022466862822667712
1,2,190,False,3.026943340091535,-6.15370132271898,1.4948312593509,0.008449756312875145,-0.0023601900836407452,0.0023562629734543705,0.009084098974469703
1,2,191,False,2.287090178856489,-7.276968060171255,3.521594136028454,-0.0027991688558461902,0.03442904883138809,-9.556574441083043e-05,0.03454278336395534
1,2,192,False,5.12068421376703,-3.611514165327024,-0.5320338816267011,-3.5781611898322296e-05,-0.009830073858744903,-0.0017281353334429594,0.00998088593877437
1,2,193,False,5.011341269684791,-4.8684277323754825,1.495299042834368,0.005949661300475917,0.0253412217722504,0.0018661984914114527,0.026097101128479863
1,2,194,False,-4.341885475377214,-0.841067759111794,1.4697500915781518,-0.0076998752545609506,-0.013179381173176408,0.001253939675592175,0.015315238547071378
1,2,195,False,-4.342380713393981,-2.027173837725391,3.5282562475209582,-0.007879904627107415,0.02527059620899852,0.003912808968845827,0.02675828850500793
1,2,196,False,-2.41004204582219,-3.4253721300893423,-0.5743211826985533,-0.005482310846534055,2.5700153918339907e-05,0.0036515264890324417,0.006587111538150996
1,2,197,False,-2.4035452561421438,-4.6626699300151575,1.4782504453686194,-0.02030578161141694,0.035182369315348794,0.0040390515758077505,0.04082202610263471
1,2,198,False,-0.5120512707257582,-0.6485699361858246,1.4791863090991788,-0.0013851306145579168,-0.008604895352663733,0.0019831619274068846,0.0089384418149919
1,2,199,False,-0.5335313815040492,-1.9210411213970648,3.525487395920867,-0.001224365640373426,0.017389752891824317,0.005122022791119729,0.018169691641103575
1,2,200,False,1.5175650787212773,-3.1032715670540387,-0.5568127142700118,0.005371304135562527,-0.002816325089156191,-0.0016235088789663399,0.006278405546363206
1,2,201,False,1.5585339940222838,-4.333654546878123,1.4864081290933742,0.009550341567927223,0.025920178626324564,0.0019712784627485824,0.027693873381351836
1,2,202,False,3.483012244361404,-0.6275096670290649,1.4856720455760672,0.007016881869126301,-0.009798351269361683,0.00017271187821288336,0.01205297258587901
1,2,203,False,3.4977707127055573,-1.8985129861219914,3.5295634741067388,0.010571545766997037,0.022513511434282485,0.0052063980128109755,0.02541106761379937
1,2,204,False,5.287852619738589,2.0689632931912905,-0.5690141048751212,0.004989514662003813,-0.02654337759168257,-0.0042327054203983305,0.027337921386104996
1,2,205,False,5.309086565594463,0.8410365494238314,1.4697523320185724,0.007777665964597169,0.013396870527609406,0.0012545971886643859,0.015541629319224782
1,2,206,False,-4.044152833777016,4.868387348849237,1.4952954960005242,-0.006007250594477931,-0.025360887169530777,0.001862254227052773,0.026129095823175782
1,2,207,False,-4.125057803749586,3.643477270078002,3.536909716445439,0.0007573321486926687,0.009997415469546134,0.0027283725819748916,0.010390663357083421
1,2,208,False,-2.543967675119937,1.8803455810932639,-0.5591396887415975,-0.009517087758171616,-0.02095911836115949,-0.0030221885203104426,0.023216227629098772
1,2,209,False,-2.515815310118206,0.6274642894072487,1.4856709605742227,-0.006887169921897307,0.009909619968228922,0.00017045677794347291,0.012069081695015376
1,2,210,False,-0.5913256575413205,4.333618930541959,1.486405923767332,-0.009475912876644954,-0.025813015864938116,0.0019676638877990094,0.027567669724963346
1,2,211,False,-0.5287031543025132,3.107837272175901,3.5295909039746713,-0.006266761127689091,0.0019853743024254022,0.003963059396990598,0.007675926389454349
1,2,212,False,1.488541565686068,1.9322152188322284,-0.564749781839192,0.0020289379761544435,-0.01680882383468174,-0.0014964859466397584,0.016996841418479403
1,2,213,False,1.4792539369081175,0.6485303280416774,1.4791866173441015,0.0015320002093195395,0.008751355681948403,0.0019833348944222617,0.00910312409103373
1,2,214,False,3.370752705104035,4.662619120164952,1.4782494071906689,0.020341748694449713,-0.034959810864482854,0.004041542921734642,0.04064860618541284
1,2,215,False,3.405108954008503,3.389895089115299,3.518708371640325,0.006394693873782664,-0.001843463460825312,0.003958818407793885,0.0077435592886397715
1,2,216,False,3.12676294484328,7.841665380845387,3.544961483235908,-0.004348596423501938,-0.009319394465262754,0.0006404392042176354,0.010303958774566347
1,2,217,False,4.112952151498168,6.885932700421845,5.564293731582647,-0.018242830780469177,0.0030936469544053935,-0.011490953821602368,0.02178103638703938
1,2,218,False,-3.1457673067547574,-6.88595521018623,5.5642950734559555,0.017999578157870566,-0.0028235903136488716,-0.011611658560787497,0.0216052792310799
1,2,219,False,-2.282920289144879,-7.757905950898047,7.656713893879086,-0.003374255657206948,0.002156939580989281,-0.03256995694434739,0.0328152416561706
1,2,220,False,-1.319902195033696,7.276930317497697,3.521584402748922,0.0026382351496898604,-0.034445090736520356,-5.598644726001467e-05,0.034546022854077665
1,2,221,False,-2.0147308978734535,6.17893044762869,5.5659147400126106,-0.004347214867250315,0.007926264640564007,-0.0014072939794482764,0.009149012219845857
1,2,222,False,-0.3609358757999304,-5.6615695425233,5.580030521956499,-0.011401492182300521,0.013598224784827195,-0.0006499497267338228,0.01775748225197001
1,2,223,False,-0.10848332514687112,-6.824896980817629,7.616485442717841,-0.009804482879088638,0.04590494222017494,-0.007869497354198174,0.04759538416035397
1,2,224,False,1.0152159774406788,6.8024170879381405,3.537224012956403,0.0045857864576273055,-0.05618734055952235,0.0011384725893495151,0.056385661266171234
1,2,225,False,1.3281094604991084,5.661541130595898,5.580026931517651,0.011359052943602066,-0.013466012401728733,-0.0006104658830716758,0.01762765561194855
1,2,226,False,2.981915140077567,-6.178967143056041,5.565926885332066,0.004260739372026201,-0.0080040863009474,-0.0014539207616239835,0.009183310029092414
1,2,227,False,2.2419574524318455,-7.298181436842419,7.590023785209269,-0.01063631782212715,0.02049680163828782,-0.011984986175393786,0.026017110289903413
1,2,228,False,5.092248381007187,-3.6435200496795526,3.536916310678654,-0.0007552180728023217,-0.010033707678153814,0.002724899179860074,0.010424524912365654
1,2,229,False,4.971280351750745,-4.896400521038872,5.562401506039473,0.0020781984519659957,0.020142070089687714,0.0015772593587399797,0.02031033341401315
1,2,230,False,-4.34027759493936,-0.8005673805779561,5.568577833024331,-0.006990223232308246,-0.012668228480071653,0.008561932915498893,0.01681231479928638
1,2,231,False,-4.335404480891079,-1.9936297671572891,7.621650695106656,-0.007338389305558302,0.020210184848695967,0.006779721661865246,0.022544803282148133
1,2,232,False,-2.4379184869694037,-3.389920035697818,3.5187075467402087,-0.00635893017245337,0.0020876511842926604,0.0039417574591649185,0.007767350402312146
1,2,233,False,-2.4347299469819133,-4.630678883932788,5.569401832182567,-0.020109231064732835,0.03179320865272839,-0.0007706246415208895,0.03762689400932342
1,2,234,False,-0.5125623424571295,-0.6426844981914471,5.570478554056392,-0.0012767621406998275,-0.009951740881839033,0.010126042254883671,0.014254964043829796
1,2,235,False,-0.5294223257217561,-1.914378352977175,7.616712309455389,-0.0016582558904760791,0.012233943444526885,0.011291985586892928,0.016731052665531196
1,2,236,False,1.4958982661871936,-3.107877601957346,3.529593979714759,0.006359194016483771,-0.001896933458894523,0.003955386728350163,0.007725463692074745
1,2,237,False,1.5278067062173806,-4.348856992824395,5.569314489338748,0.007434009085194759,0.021649734872005055,0.004269988359960841,0.023285366900718377
1,2,238,False,3.469421744662019,-0.6525767776887083,5.580194617467098,0.005944824331831633,-0.010737840454021819,0.008813709274692272,0.0151103813694811
1,2,239,False,3.469646624943331,-1.9315780217497764,7.6193470126280545,0.008274856795991603,0.014621131154590072,0.009774136855908111,0.019436678793248452
1,2,240,False,5.309580799760477,2.0271312213199835,3.5282593057673757,0.007908007146292029,-0.02509596741136111,0.003924228369775129,0.02660345326524458
1,2,241,False,5.3074684401825065,0.8005430707197632,5.568585670195483,0.007052232582070772,0.01280548541634663,0.008544397553856165,0.01693284295971087
1,2,242,False,-4.004099443273247,4.896367866800987,5.562388743783599,-0.0021530022919975522,-0.020232839771017197,0.0016232254991939143,0.0204117144084037
1,2,243,False,-4.132898446838675,3.6417428888173995,7.582853537072942,0.0006837280388847233,0.016975277142432077,0.004568179039641684,0.017592492087017
1,2,244,False,-2.530572819357547,1.8984791021619563,3.5295583580415557,-0.010459654315329026,-0.02243420461694523,0.005217335915992383,0.02529661043008434
1,2,245,False,-2.502235815799241,0.6525413243265643,5.580190083308885,-0.005832732199949842,0.01077083676587065,0.008812115909724305,0.01508923710330575
1,2,246,False,-0.5606118422872943,4.348828219788609,5.569306832341241,-0.0073778113107664245,-0.021616712932502224,0.004313942625077338,0.02324488069911182
1,2,247,False,-0.5010768323729742,3.1476258431096373,7.62724967876609,-0.004012235684833054,0.011634252573687665,0.00841864906831713,0.014910651235760386
1,2,248,False,1.5007301230636747,1.9210039463383664,3.5254865073211406,0.0013426613979234947,-0.017261864749062328,0.005136170501301773,0.018059760841795138
1,2,249,False,1.4797529962568292,0.6426537336462907,5.5704799983904705,0.0014038023866791427,0.010014140971703167,0.010120840814664689,0.014306820028845429
1,2,250,False,3.40192469534649,4.6306375805896804,5.5694000542877955,0.020124565673749206,-0.03164393972097379,-0.0007117244750762808,0.03750791404957213
1,2,251,False,3.4022739054703237,3.362083740292496,7.610516863514485,0.007878622731697149,0.005894374660088353,0.00279088700886021,0.010227678088311707
1,2,252,False,3.250095718724865,7.757884611342903,7.656706346349386,0.003170111285597077,-0.0020140636658485533,-0.03235836973796502,0.032575606672969444
1,2,253,False,4.443734248790644,6.715932931160531,9.527406514711707,0.004368547485489316,0.02718957860665938,-0.03474687795183762,0.044336248367905284
1,2,254,False,-3.4765625557462494,-6.71594445509429,9.527410339844266,-0.004544536784785613,-0.027140135887628425,-0.03492326277332225,0.04446205205927546
1,2,255,True,-2.8315771792238005,-7.124726718600487,11.819787043412298,-0.005695224314427261,-0.004680044508652337,-0.07450907369458548,0.07487282857899641
1,2,256,False,-1.2747822029812252,7.298153464222551,7.590008244982351,0.010470645421435387,-0.020597714170407677,-0.011895440697046844,0.025988492722052916
1,2,257,False,-2.081537309120785,6.1710587779267145,9.580566786183235,-0.005463978661944147,0.0281144456358966,-0.00906625707865949,0.03004120726016699
1,2,258,False,-0.38915664515701087,-5.769937789847271,9.6990086209318,-0.01875407248451788,-0.006690815624893709,-0.010159153316449121,0.02235376130739504
1,2,259,True,-0.16422237792066066,-7.1971607689088115,11.59282381677529,-0.05274494317111117,-0.0006955509544406269,-0.017438397960194862,0.05555727265329084
1,2,260,False,1.0756595621804907,6.824871599804625,7.6164762578506355,0.009658517428555058,-0.04589215018801074,-0.007776643781241432,0.04753790694064009
1,2,261,False,1.3563173831742599,5.7699219912927315,9.699004394740419,0.018697986325699745,0.006642125407678279,-0.0101061896937793,0.02226808462113504
1,2,262,False,3.0487034874555343,-6.17107543004123,9.580578799237855,0.00539725488825793,-0.028330903197947954,-0.00912523722077907,0.030249634554417572
1,2,263,True,2.3098983021212254,-7.052751695491809,11.66901407126207,-0.02462675698725514,0.04459690377990011,-0.014894071493687377,0.05307724891252428
1,2,264,False,5.100075265716792,-3.6417704535598534,7.582863828241817,-0.0006876796701034138,-0.017132370076285763,0.004545145609156087,0.017738358333507537
1,2,265,False,5.035161500866677,-4.8893569453360755,9.608023521198723,0.0017947260751425276,0.003302974103218226,-0.004147587356641225,0.005597603102426688
1,2,266,False,-4.305872753121672,-0.7664795232369104,9.656591278015227,-0.001257690599334893,-0.019447873486258205,0.010337122125719134,0.02206031873349051
1,2,267,True,-4.31612580745247,-1.98399503959378,11.686891958941857,0.002666130604819905,0.003833953415591118,-7.584309475561213e-06,0.0046698510379486816
1,2,268,False,-2.435098827404792,-3.3620995962324054,7.61051590860525,-0.007856770651525125,-0.005805926837169295,0.0027678329143512315,0.01015374465657844
1,2,269,False,-2.42267533177754,-4.6421488784831375,9.639293329163483,-0.02634886719143248,0.008041849538777512,-0.010153384324006254,0.02936026838274914
1,2,270,False,-0.5032636448286225,-0.6541497723321944,9.667461828066614,-0.0032476535361032344,-0.011250282830927438,0.013385786160892366,0.01778469534210699
1,2,271,True,-0.5104436132348306,-1.994609214770599,11.679063523675733,-0.005251963702352924,-0.009087172756937045,0.006715510103918021,0.012460253103411523
1,2,272,False,1.4682548077622957,-3.1476511396973903,7.6272536147989465,0.0040853891537895315,-0.011682420389033776,0.008400749336145097,0.01495800588623883
1,2,273,False,1.4952579805961481,-4.446149227355425,9.644061011607855,0.003638007956179079,-0.0028147288010105243,0.004693096354303705,0.006571373791167198
1,2,274,False,3.432419923553412,-0.6885644830112533,9.67241565004104,0.0073204783965716835,-0.01548676273165095,0.01034265790672606,0.02000999241470842
1,2,275,True,3.421214888468349,-2.0117920697529263,11.687284230358106,0.013642736158105961,-0.0004329696340423794,0.0074240269095433575,0.015537949933543951
1,2,276,False,5.302587463585526,1.9936022819632209,7.6216553349587794,0.007366392065380367,-0.02016331454084863,0.006796602539687058,0.02251703336180362
1,2,277,False,5.273042428338692,0.7664680262432078,9.656599759592721,0.0013461675456962752,0.01937030722934019,0.010273977592293093,0.021967603073322663
1,2,278,False,-4.067993528690016,4.889338381156945,9.608010251142524,-0.0018477008544817153,-0.003528715895382284,-0.004081850404531906,0.005703274238799441
1,2,279,True,-4.205141108116409,3.5988350906395365,11.614275647936662,0.0006361540546961919,0.0477371691017745,0.009297804751160044,0.04863837146763258
1,2,280,False,-2.5024661009865494,1.9315559010759504,7.619339028117483,-0.008183463871077823,-0.014677064911806648,0.009812266593503871,0.01945933943011977
1,2,281,False,-2.465254641388301,0.6885483030311704,9.67241211826649,-0.007208189303318235,0.015351754333578826,0.01035631304603335,0.019871778331555238
1,2,282,False,-0.528088017528098,4.446134222540248,9.644053680883072,-0.003603829102106104,0.002675450462426454,0.004742742045241499,0.006529871475135352
1,2,283,True,-0.4786368317389318,3.3119783556624403,11.732857275005031,-0.00724357171969886,0.03159659449409746,0.0018145302722025747,0.03246700840840731
1,2,284,False,1.4966025312815745,1.914354524634942,7.616710891663129,0.0017547526538090885,-0.012247946925876718,0.011321499521579348,0.016771037898480355
1,2,285,False,1.4704313238276099,0.6541355137234248,9.667463111199728,0.0033639019617186516,0.011124596029942868,0.013370660600340756,0.01771572855196703
1,2,286,False,3.3898457918105476,4.64212674210864,9.639290131263188,0.026331051313373433,-0.00809321965406884,-0.010068860183858774,0.029329275699181652
1,2,287,True,3.406626469045937,3.4071844949869163,11.704818371880785,0.008838185260194642,0.04620957944123294,0.005770087618484965,0.04739971162311152
1,2,288,True,3.7987306116347868,7.124722319635044,11.819775342062576,0.005735956298818845,0.0045379970714130025,-0.07421032428113072,0.07456987891898909
1,2,292,True,-1.3427341427847541,7.052728344191634,11.66900719456983,0.02445662601056009,-0.04467973790316826,-0.014875040033835774,0.053062909371089255
1,2,296,True,1.1313920150503567,7.197150637219212,11.592815088140004,0.0524267987580731,0.0005070370770905441,-0.01732918143979134,0.055218899337004614
1,2,300,True,5.172300154491126,-3.5988376433036904,11.614278346379344,-0.0005658930243885862,-0.048027044007687536,0.009256122809203404,0.04891413906520754
1,2,304,True,-2.4394731312659403,-3.4071867562053577,11.704818036420924,-0.008734806291044173,-0.04643070019016449,0.0057990579931548325,0.04759974616212757
1,2,308,True,1.4457915127481575,-3.3119845153670378,11.732858334996575,0.007352344405707534,-0.031828208849163264,0.0018104910479763703,0.03271650538552209
1,2,312,True,5.283282871762068,1.9839899342499783,11.686893102296903,-0.0025410425127017078,-0.004040680854705991,-8.690150551160514e-06,0.004773266631947303
1,2,316,True,-2.454059374720968,2.0117859855115343,11.687280406461625,-0.013522330454558862,0.0002024921434600202,0.007475720056081769,0.01545253423705498
1,2,320,True,1.4775991906612507,1.9946030198015228,11.679061746787646,0.005366025013994413,0.008861077643757653,0.00673457537276434,0.012355866093113803
2,3,73,True,3.4832979114254017,7.086432081205517,-11.644440715161474,0.0055701350229884206,0.06498657224377347,-0.005614146622770377,0.06546601880725202
2,3,74,True,-2.5161532274534584,-7.086432496976953,-11.644440946772889,-0.005545750468487931,-0.06500602045214698,-0.005612461022046489,0.06548311050956328
2,3,75,False,-1.9566155595077301,-7.853525478569754,-9.288461040305192,-0.01219736122837789,0.0018436794884406638,-0.025205233071426747,0.028062048199954642
2,3,77,True,-2.4246941864928613,6.161182467950789,-11.032186327097786,-0.015287133012480414,0.06302393087817038,-0.004142444416091351,0.0649836298218103
2,3,78,True,-0.12875239476950823,-5.979326079892745,-11.161148653439056,-0.010152237673380471,-0.06715191520004549,0.008808914486905906,0.06848390043834045
2,3,79,False,0.1707103971407619,-6.866864658170699,-8.984112339442138,0.00011538411845651853,0.006269626995125677,0.006881165665049593,0.009309778572160457
2,3,81,True,1.0958991562557783,5.979325318516194,-11.16114824129335,0.010169303273657615,0.06713360980540983,0.008807032498761913,0.06846824165999074
2,3,82,True,3.3918415681153555,-6.161182170399012,-11.032187145806612,0.01530374081604391,-0.06304368615104128,-0.004139312949021701,0.06500649781495371
2,3,83,False,2.54654455809061,-7.158675547072191,-8.936346962398773,0.004475720421240226,0.006597954524615091,0.005730989173779122,0.009818824476889738
2,3,85,True,5.234371646358688,-4.687059695532588,-10.95227778350612,0.0023628116091733986,-0.01758257080077197,0.008926918951280172,0.019859998908039463
2,3,86,True,-4.259570570757404,-0.8272168631465614,-10.985368391106418,-0.004266758545643512,-0.032309960052331554,0.00038092037338621765,0.03259269622785055
2,3,87,False,-4.203045996895866,-2.0829708073769484,-8.969632133196095,0.007183226002758225,-0.0003522287939454749,-0.004863431751237712,0.008681921983577905
2,3,89,True,-2.165417945492278,-4.788455045595877,-11.073664281895097,-0.01890970122666369,-0.03882714801567744,0.0049679151422452605,0.04347188061694088
2,3,90,True,-0.4824524673504265,-0.6875557704154441,-11.007339779994112,-0.0037145248857975433,-0.014286713425371467,0.003233096709537975,0.01511161109740202
2,3,91,False,-0.48622424868439196,-1.9848850836891394,-8.965581913144078,-0.0037236741573561938,-0.00832686398164384,-0.00860218081787778,0.012537939536559597
2,3,93,True,1.682921008912186,-4.561313563219204,-10.98233207922042,0.0020953185277514663,-0.03819543996862951,0.00044237839762573117,0.0382554269715632
2,3,94,True,3.4090275677489497,-0.6712691919593963,-11.017362932253759,0.012931846041454254,-0.012990877575938198,0.002980285579761599,0.01857088162607863
2,3,95,False,3.4629240265868853,-1.8944556340854475,-8.935432661403006,0.005500420201586476,0.0012211706066918016,-0.007759347415635887,0.009589231062040581
2,3,97,True,5.226717987770653,0.8272150770794868,-10.985369868997862,0.004281032201487456,0.032294124762784926,0.000385836731492617,0.0325789287866845
2,3,98,True,-4.267222871454914,4.687058269463112,-10.952276308962798,-0.002350731104426629,0.017568580925614086,0.008920006219485188,0.019843071421048315
2,3,99,False,-4.194179618656789,3.53030804639019,-8.870748781250352,0.0062679732953947465,0.03981185107917984,-0.005629384599847853,0.04069350005290254
2,3,101,True,-2.441881099983975,0.6712686881890003,-11.017362357137705,-0.012914568869618392,0.01297442833417195,0.0029799335732523247,0.01854728777443421
2,3,102,True,-0.7157744130208279,4.561312915227658,-10.982331399451734,-0.0020783545576588125,0.03817756531609895,0.00043751739881869867,0.03823659860142651
2,3,103,False,-0.5566148157832455,3.2204216364255074,-8.951085148386616,-0.0037482071082763913,0.03505642629369232,-0.0036495137121654864,0.035444619215713125
2,3,105,True,1.4495988244528712,0.6875550275738755,-11.007340079237718,0.003731332485191974,0.014269724802596251,0.003234407623489588,0.015099976183152312
2,3,106,True,3.132564564173359,4.788454325169085,-11.073664067323618,0.018926606455279327,0.0388103539957072,0.004964376622146105,0.043463836052880074
2,3,107,False,3.3018793432410103,3.5129755796024704,-8.9962835157379,0.0022979127209521444,0.04211533172925863,-0.003807209959882485,0.042349455925870416
2,3,108,False,2.9237649447244283,7.853524146807367,-9.288460104215934,0.012211392579383418,-0.0018540394972665908,-0.025211631155949377,0.028074577765816573
2,3,109,False,3.558803611006433,7.026765968255106,-6.941914593507169,-0.08069146520431447,0.03688640624188544,0.021128961705868754,0.09120390641320451
2,3,110,False,-2.591650381600279,-7.0267692669877455,-6.94191377761007,0.0806980395044361,-0.03689393495257054,0.02113169584385055,0.09121340134750511
2,3,111,False,-1.970586384912715,-7.895281162450579,-4.676731865377239,0.0040210669035734,-0.002464228295486315,0.045649416663120945,0.04589238108682652
2,3,112,False,-1.5793943254743916,7.158673369969118,-8.936345142748003,-0.004464630226298283,-0.006601842798716895,0.00571875090800944,0.009809248867492617
2,3,113,False,-2.1557886012954794,6.090304623772026,-6.82474265771998,-0.005922674731055899,0.02950995635456799,0.0037143743616283587,0.030326756782035197
2,3,114,False,-0.31722796667601644,-5.825162821245107,-6.8869548600790775,-0.023619157316704997,-0.04882849697666369,0.005003312665207815,0.054471275430057114
2,3,115,False,0.0742670297674509,-6.742186486401616,-4.728364299142177,-0.0026097697872173448,0.04158032802654077,0.015117562598661038,0.04432014526218793
2,3,116,False,0.7964396275910164,6.866862549538723,-8.984111001526175,-0.00010367876822037214,-0.006275784980621424,0.006872031753321295,0.009307042861652098
2,3,117,False,1.2843805902878287,5.8251598006756655,-6.886954347565407,0.023624482661763535,0.04882476076564668,0.004999054582913054,0.05446984479123785
2,3,118,False,3.122941321458113,-6.090306556103323,-6.8247451692553875,0.00592633633345141,-0.02950660908022229,0.0037250990508823634,0.030325530575558403
2,3,119,False,2.405450036780745,-7.167025022516148,-4.739179354953272,0.0005895270242479711,0.022642370522031108,0.011902593307725695,0.025587032114303104
2,3,120,False,5.161330037124211,-3.5303086885162993,-8.87075101505791,-0.006261181743361988,-0.039819467215135074,-0.005624280399141313,0.04069920019028374
2,3,121,False,5.078880514110138,-4.77004101213993,-6.812505193202111,0.0019958421331436327,0.002739289911865228,0.0005779465516111415,0.003438185169271304
2,3,122,False,-4.256699258909798,-0.9045787062676997,-6.894157490450571,0.002634099047391203,-0.022522325549459765,-0.01541678632279897,0.027420264886943685
2,3,123,False,-4.248140432554286,-2.0600256565664306,-4.803592854345964,0.0053982402129841844,0.017558041003131297,-0.01513912543018403,0.023803758527920844
2,3,124,False,-2.3347299920585427,-3.5129778183381806,-8.996282565873432,-0.0022882317945120967,-0.04212809080593605,-0.0038065738251624737,0.04236156328542446
2,3,125,False,-2.3591431715427613,-4.662305660418188,-6.896626652161318,-0.025590461442270396,0.007495884405977371,-0.0013014321615729685,0.026697447921613764
2,3,126,False,-0.4875654820541523,-0.68124715549268,-6.8935683433076465,-0.0008245934941644162,-0.013225889698589843,-0.015019327272852045,0.020029585729088868
2,3,127,False,-0.5054366895995618,-1.9164123995290903,-4.796220352885787,-0.0023158684492684545,0.010760272052976028,-0.013244162425903205,0.01722075897549467
2,3,128,False,1.5237639221577726,-3.220423098738436,-8.951085858192013,0.0037564999421699774,-0.03506549295981776,-0.0036469183904070945,0.035454197242031034
2,3,129,False,1.5278417488534184,-4.383454392550489,-6.847433501936578,-0.010121803925276174,-0.011919017185221037,-0.005550803484659639,0.016592929358273063
2,3,130,False,3.4404135133612117,-0.6185275066557597,-6.882695659129976,0.003980466278241668,-0.014497442005139582,-0.015270706907961618,0.021429288974519695
2,3,131,False,3.482974088712036,-1.8495130269641813,-4.794054598116144,0.0035860430878980054,0.01506860878915206,-0.01447489512390554,0.021200124167486286
2,3,132,False,5.170195748559576,2.0829691399870356,-8.969633968787539,-0.007176333862916273,0.0003447900156139383,-0.004860904212250716,0.008674505036460733
2,3,133,False,5.22385135587627,0.9045757931839759,-6.894160134688054,-0.0026361435210624506,0.022516712047801923,-0.015410613820772134,0.027412380276806335
2,3,134,False,-4.111727768498654,4.770039092350735,-6.812502104409557,-0.001991973500679478,-0.002736857969032336,0.0005662533200174735,0.0034320537280899126
2,3,135,False,-4.131050828999053,3.5690926346694596,-4.740220470913494,0.008564721698399502,0.02142617230020072,-0.008034138759091647,0.02443322947973236
2,3,136,False,-2.495774775410315,1.8944538236849384,-8.935431085636505,-0.005493145208699701,-0.0012302748338937075,-0.007764246715893819,0.009590190171004985
2,3,137,False,-2.4732617378385644,0.6185251117694895,-6.882694092095677,-0.003980139101124269,0.01449886665783262,-0.015273431299826612,0.021432133475145027
2,3,138,False,-0.5606896052959208,4.3834519761848085,-6.847432329706925,0.010120727688471054,0.011918174190852504,-0.0055580027860715475,0.016594077255384417
2,3,139,False,-0.5454321022106676,3.1155169565706493,-4.787757050793496,-0.002035005407588497,0.018086105167902655,-0.010614967188143254,0.021069550910228427
2,3,140,False,1.453373241687839,1.9848834066309102,-8.96558202167721,0.0037314250450057873,0.008317729728890555,-0.008603666234572316,0.012535199774446594
2,3,141,False,1.4547171530960497,0.6812445834608543,-6.89356884049819,0.0008224828714131771,0.013224279531452443,-0.01501829721926562,0.020027663332649707
2,3,142,False,3.3262955414511337,4.662302649265637,-6.896627519690516,0.02558887720900138,-0.007492362023371335,-0.0013030619676142052,0.026695020059892254
2,3,143,False,3.326194646424873,3.4405474026952994,-4.804739165226178,-0.00045673551232594534,0.01678246621629187,-0.007950681896049083,0.018576143901288023
2,3,144,False,2.937742730640173,7.895276961379924,-4.6767317123749255,-0.00402067715854848,0.0024641243865737295,0.045643354688436055,0.045886311477609076
2,3,145,False,3.8911186624495566,6.915144385060005,-2.645560982093637,-0.047189200141676046,0.003916116929269187,0.0386570982282044,0.061127144749611124
2,3,146,False,-2.9239603768364364,-6.915149640496657,-2.6455598774818787,0.047183894273885585,-0.003916849911935749,0.03865869213493678,0.061124103835276535
2,3,147,False,-2.062331562961071,-7.803727528201052,-0.5433722093010364,0.013222834723185528,-0.0002799861774516188,0.025096886364301185,0.028368564566415615
2,3,148,False,-1.4382942123621378,7.16702262710595,-4.739177484511236,-0.0005894225751912341,-0.022633914810455735,0.011890534516266982,0.02557393848631159
2,3,149,False,-2.0903003182148643,6.082373476911203,-2.656351832740138,-0.006539375302678785,0.009423524324957633,0.0030973021769211684,0.011881057226842823
2,3,150,False,-0.3012005766614786,-5.6283349403314675,-2.664946080548307,-0.02155785423852624,0.0029297626590087944,0.009112745411004486,0.0235874271071147
2,3,151,False,-0.0013171960764009898,-6.680450149198893,-0.5637566483598447,-0.0031516861974237873,0.05995165457276297,0.009134718586922608,0.06072542379894266
2,3,152,False,0.8928887312041387,6.7421833009502015,-4.728363329406979,0.0026082904586539613,-0.04157480927460089,0.015109611328663952,0.04431216875576544
2,3,153,False,1.2683579378240117,5.62833069411751,-2.664945935127114,0.021560415821407775,-0.0029233870632392467,0.009110005687315237,0.023587919067532034
2,3,154,False,3.0574576298548584,-6.082376570708547,-2.656353343094968,0.006532638711853611,-0.009405784730747158,0.003103562102817481,0.011864916884108782
2,3,155,False,2.323165060090804,-7.151444012900124,-0.5774054875639257,-0.0007465337524887872,0.03643792723716288,0.004386207454506685,0.0367085639846937
2,3,156,False,5.098205367453263,-3.569095218513087,-4.740223112065655,-0.008568752541698643,-0.02141438766578352,-0.008027682864257812,0.024422186867486432
2,3,157,False,5.017022970651927,-4.769814616296593,-2.6575281984588157,0.0027027344048873303,0.021367894186529846,-0.0023997983384407284,0.021671426055875524
2,3,158,False,-4.289269559440949,-0.8782218170561172,-2.7203774069574327,0.0014981602749433165,-0.019836305192091896,-0.013540770650958933,0.024063997126518716
2,3,159,False,-4.293286164907747,-2.0095603290964523,-0.6102002262036402,-0.0021909400180639693,0.02932378924614154,-0.006390012474395412,0.030091811067760765
2,3,160,False,-2.3590400452483333,-3.4405513718091982,-4.804738005886553,0.0004525083877884306,-0.016785976914689638,-0.007949716627186021,0.018578799188162572
2,3,161,False,-2.382522967545621,-4.6104339587461896,-2.692721546460166,-0.026123922431328772,0.03855157753107896,0.003021314110494,0.04666703110641543
2,3,162,False,-0.5011812858119195,-0.6596813794914808,-2.7061238910018295,-0.00061872969178145,-0.011403786909539138,-0.01135388916525537,0.01610403618620411
2,3,163,False,-0.5183412017480914,-1.8887955834956305,-0.603999031183101,-0.00016289702553673457,0.020049282882706132,-0.004556439091527809,0.020561162825737864
2,3,164,False,1.5125864696954165,-3.1155201505443597,-4.787757818952854,0.002027160133726502,-0.018078531234909878,-0.0106124278632862,0.021061013626433926
2,3,165,False,1.567660244086975,-4.278705472106288,-2.6797724248471986,3.474356058252859e-05,0.01674034991479978,-0.0038507870398594157,0.01717757500962485
2,3,166,False,3.460920465041312,-0.6256208654715196,-2.705362246609866,0.0038024656513497845,-0.013094374994479963,-0.013810480523311242,0.0194074927234436
2,3,167,False,3.494033909481547,-1.8360743587561572,-0.599843286501254,0.00790461525556374,0.0269601910189039,-0.006146573134747424,0.028759610626972618
2,3,168,False,5.215294914482801,2.0600218250965274,-4.8035949523229045,-0.00540918108787114,-0.01754946985880368,-0.015136886501319502,0.023798497123143515
2,3,169,False,5.256425318636378,0.878217801927681,-2.7203792905611026,-0.0015129948878493948,0.01983887161151754,-0.013537671972831955,0.024065297479834626
2,3,170,False,-4.0498664135108,4.769812507232372,-2.657526227334829,-0.002705753699829394,-0.02135457796326179,-0.002406340406469365,0.021659399281258325
2,3,171,False,-4.104408652639653,3.589313131063273,-0.5702609082023047,0.009294231504719974,0.012729104965008453,-0.004336269270997173,0.016346745353865596
2,3,172,False,-2.515819910919634,1.8495100488500125,-4.794052827911905,-0.0035956796303384664,-0.015064547271672613,-0.014479477918354355,0.021201999370167923
2,3,173,False,-2.4937646913277822,0.6256170589078028,-2.7053610571745628,-0.0038140052031723215,0.013109109620344617,-0.013812321410587192,0.01942100958955025
2,3,174,False,-0.6005035563984477,4.278701924153641,-2.6797717102291583,-5.416454016593519e-05,-0.016732849811371686,-0.0038551467043923537,0.017171294439258796
2,3,175,False,-0.543297924953563,3.073164861083346,-0.5959401460854334,-0.006408556868830684,0.00391280045708875,-0.004629391661956639,0.008821047314113246
2,3,176,False,1.4725908764025324,1.91640898461297,-4.7962206194695565,0.0023059522006481092,-0.010754835683959296,-0.013245291914234514,0.017216900535053464
2,3,177,False,1.4683370594276095,0.6596774833462365,-2.706124286624936,0.0006025436164467379,0.011413560306057335,-0.011353381113196281,0.0161099869761341
2,3,178,False,3.349679774383512,4.610429311254889,-2.6927223114127874,0.026104934280019698,-0.03853320655305836,0.0030204603813874797,0.04664117046065996
2,3,179,False,3.3661654056951655,3.3805103597443433,-0.6087022905514402,0.0023741594648152287,-0.001855388545881187,0.0005452767853778573,0.0030620951313162772
2,3,180,False,3.0294914868018785,7.803722080884822,-0.5433725664403736,-0.013228890492002598,0.00028365071182534507,0.025095548229590148,0.028370240434642088
2,3,181,False,3.9806067365664206,6.851761760666985,1.5004968395694227,-0.0384653116453495,-0.0013151598266443187,0.00916901714750562,0.03956489252853761
2,3,182,False,-3.013446897473442,-6.8517676294180605,1.5004972152931266,0.0384579652078858,0.001314771457215258,0.009169090132348456,0.039557754306466804
2,3,183,False,-2.1475385866795915,-7.743637265090054,3.6049526610420224,0.009242858039912871,0.005031590396368024,-0.005802930438945975,0.012017542525077689
2,3,184,False,-1.3560059004954645,7.151441429384077,-0.5774051768834828,0.0007409111292948634,-0.0364230035896167,0.004383696940556625,0.036693336433981975
2,3,185,False,-2.035925374039522,6.092391244765608,1.5106766423476075,-0.0063726323105881555,0.005452619765879518,0.00018473249317718654,0.00838901847484243
2,3,186,False,-0.3359826935178201,-5.578231045565839,1.5109417749501026,-0.014110223839265357,0.02029856104279837,0.0038278329244769704,0.02501564114909098
2,3,187,False,-0.062394293088005676,-6.661908664961479,3.6013241176087307,-0.004426543055176056,0.062234368138561535,-0.0015060707357301695,0.06240976774581326
2,3,188,False,0.9684762439278934,6.680446312199114,-0.5637565706809736,0.0031434982875206963,-0.05994057989465684,0.009132737997400775,0.06071376782016212
2,3,189,False,1.3031416655428187,5.578226610493678,1.5109415302141154,0.014113619861147342,-0.020290944503345898,0.003828476265019809,0.025011475864783667
2,3,190,False,3.0030842315023536,-6.09239442305491,1.510677203599708,0.006363980679998882,-0.005432098751565029,0.00018189312771044186,0.008369052040229029
2,3,191,False,2.2567221233395944,-7.161886364153031,3.583276824336974,-0.003082436003889466,0.03452885251773807,-0.003535943734057412,0.03484603228489867
2,3,192,False,5.071565624557238,-3.589316348022312,-0.5702618001959674,-0.009304306475073965,-0.012708673727269915,-0.004334936673362377,0.016336223028912345
2,3,193,False,4.969553799494266,-4.789714590012598,1.5121084064470134,-0.00021661150203655666,0.0293241297102238,0.0011338258691238057,0.02934684079941722
2,3,194,False,-4.313030095306675,-0.8418821359975012,1.485958291042757,-0.0033133166327337094,-0.016964655970828746,0.0011572960187455905,0.017323883900336255
2,3,195,False,-4.315410760111823,-1.966240879242459,3.6013027239230064,-0.002820341416677863,0.03125534711058564,0.007664861030454606,0.03230481610110177
2,3,196,False,-2.3990078788146896,-3.380515355085305,-0.6087016893474555,-0.002384811182559954,0.001855529258613764,0.0005464551008196317,0.0030706556927220844
2,3,197,False,-2.4160136280226174,-4.561633065959405,1.4953783174352537,-0.023357067608819282,0.04393396928514015,0.0018692232063632908,0.04979196983275315
2,3,198,False,-0.5067443835779323,-0.6503853669617295,1.4955600739768249,-0.00036611863383295695,-0.010574159433586638,0.0010921115680673221,0.010636709935786323
2,3,199,False,-0.5300195439741539,-1.8773956911208547,3.5974866740486715,0.00024337410767028,0.020345967768914397,0.006685330915786825,0.021417546191465606
2,3,200,False,1.510455305909687,-3.073168886852747,-0.5959403398659535,0.006392959175790303,-0.0038963358027630512,-0.004628785518860812,0.00880210287890514
2,3,201,False,1.5513140227365287,-4.257396457158218,1.502464207584579,0.00904112287073544,0.028283054295706656,0.0005979354257346081,0.029698999811962938
2,3,202,False,3.4657949949524083,-0.6349634350423384,1.5006752208355656,0.005109485788089785,-0.010551883317276634,-0.00043708482965509887,0.011732013028821058
2,3,203,False,3.4814475718015556,-1.8517114757773863,3.6023854190592424,0.008659553738552095,0.029228569025567808,0.007408307116701707,0.031371645359601824
2,3,204,False,5.260443227236241,2.009555150614059,-0.6102011023231236,0.002170861188531603,-0.029306211327448484,-0.006389999281652403,0.0300732231642779
2,3,205,False,5.280186880728065,0.8418779115712378,1.4859584442591098,0.00329547538322128,0.016968509445380087,0.001155038160872257,0.017324104131309123
2,3,206,False,-4.0023959927756705,4.789712816076105,1.5121078918049562,0.00021237459829226424,-0.029308773814836542,0.0011367471402987661,0.029331578879430022
2,3,207,False,-4.076232494990038,3.618975480487323,3.605562184341784,0.009172760351711773,0.010785007817802228,0.003059118969350294,0.014484962373738823
2,3,208,False,-2.526876982853209,1.8360709506200028,-0.5998426736092174,-0.007923161853200522,-0.02694982905860921,-0.00614735529759558,0.028755169225639164
2,3,209,False,-2.4986380719711696,0.6349593288105337,1.50067506545202,-0.005123034759937806,0.010569855633574932,-0.00043611895515582866,0.01175404326217974
2,3,210,False,-0.5841558636194507,4.257392795220954,1.5024638659897678,-0.009064777537443947,-0.028274272183338667,0.0005996340814864443,0.029697882421690393
2,3,211,False,-0.5230739568712232,3.076153033116711,3.59967025603975,-0.007704261897643505,0.0023734585327517266,0.004664937358085375,0.009314000072419693
2,3,212,False,1.4854982876183103,1.8887912011097383,-0.6039992141743016,0.00014357623120275775,-0.020036439297957065,-0.00455666604063143,0.020548545429804232
2,3,213,False,1.4739013326976693,0.650381198078894,1.4955600791365569,0.0003468927271743638,0.010586373224548473,0.0010917513204953266,0.010648171371620885
2,3,214,False,3.38317180543299,4.561627954044774,1.4953780657826083,0.023334343310997596,-0.04391161807352617,0.0018697405717436055,0.04976160879027478
2,3,215,False,3.3946670871309053,3.3441675797583033,3.58805185473833,0.003270351277171901,-0.003115820807185088,0.004195111429507126,0.006164616507502209
2,3,216,False,3.1146982772004965,7.743631879697551,3.604952131471485,-0.00924615800675177,-0.005030346402618235,-0.005799733936072915,0.012018017163633522
2,3,217,False,4.068327731293148,6.805813554878697,5.663232018786309,-0.03296443201767385,0.0033226311597127633,-0.016225013168574165,0.036890984107119454
2,3,218,False,-3.1011693503164888,-6.805818647894721,5.6632318995639,0.0329641623182515,-0.003328287820383302,-0.01622608132697856,0.036891722816765636
2,3,219,False,-2.2756239532480533,-7.670506080865111,7.7844580442366045,0.0034700100846065673,-0.004838236383299055,-0.0385786528690053,0.03903539366363763
2,3,220,False,-1.289563157727318,7.161884253140053,3.5832752109360686,0.0030797333200871524,-0.034516454349857284,-0.0035279536307055714,0.034832697785687594
2,3,221,False,-1.9882729016792582,6.125199795158344,5.67581519183643,-0.003473483855574777,0.013334350648808169,-0.005302418630603434,0.014764336783427824
2,3,222,False,-0.3790902031611639,-5.582262174263966,5.693941788358974,-0.012699698895162037,0.013584137562326681,-0.0016364282393430685,0.018667861225178262
2,3,223,False,-0.12450777352948295,-6.699230132641742,7.772806072559722,-0.006461677342147976,0.04701925406840424,-0.009018623608521459,0.0483104450301936
2,3,224,False,1.0295530512822748,6.661905070728398,3.601323418537932,0.004421270606824512,-0.06222562682619781,-0.0015017509117796202,0.06240057310228032
2,3,225,False,1.34624645240081,5.58225835093729,5.6939412851814355,0.012708489789164057,-0.013582705030074749,-0.0016335720606068804,0.01867255061132518
2,3,226,False,2.9554296612506663,-6.125201546532834,5.675817539870644,0.0034722194934095896,-0.013322642606872215,-0.005312214694579431,0.014756989503356235
2,3,227,False,2.207028130081161,-7.202023056200422,7.735885978999174,-0.0079179654610404,0.015302369712538955,-0.018830072993145208,0.025523094341960866
2,3,228,False,5.043389196869582,-3.6189781183455967,3.6055637324146725,-0.009180292400621681,-0.010768153561249605,0.003054041714700695,0.01447612069840179
2,3,229,False,4.9252912621368745,-4.822045710117552,5.67994104070356,-0.004643319528895518,0.024592426134470102,0.0024228121963822957,0.025143942776854417
2,3,230,False,-4.309302369621107,-0.8020071619278408,5.7006033189432515,-0.0012635864522447804,-0.017126011671481867,0.016757708399929072,0.023994118389953047
2,3,231,False,-4.305746305159558,-1.9420468110421196,7.8046087158047985,-0.0001505830531751684,0.022297345704216154,0.017492376146296174,0.02834038679963175
2,3,232,False,-2.427510060854509,-3.344172321734312,3.5880516039336836,-0.00327748468278255,0.0031129412332897566,0.004195931821607601,0.006167507828885916
2,3,233,False,-2.4443976183753326,-4.5354413419399275,5.6843339115780465,-0.020839570464810997,0.0384571609869111,-0.0003557551964989969,0.04374205630844137
2,3,234,False,-0.5066758527149566,-0.6465505558128698,5.700781402752263,0.00019800871564479294,-0.012558370050643308,0.014988566137917658,0.01955528012203093
2,3,235,False,-0.5248791040483713,-1.8786877502858927,7.800062787755515,0.001290151454042987,0.012472689799922998,0.018005548047096198,0.021941564258178177
2,3,236,False,1.4902307317878605,-3.0761566126183646,3.5996708806092266,0.0076922954150824285,-0.0023599616151988023,0.004662564519943846,0.009299480387674844
2,3,237,False,1.5213212375228637,-4.277801391789158,5.690708695760319,0.009590405808872715,0.022865493395859637,0.006108470873938288,0.02553664207041937
2,3,238,False,3.4503626479104152,-0.6604663550632349,5.710232411483026,0.0032225146509490266,-0.011292013154479807,0.01448592369678181,0.018647684765286842
2,3,239,False,3.451637578035073,-1.89551993137045,7.801740240165484,0.0068425715419060396,0.018069899289011815,0.01698384977814804,0.025725341570284957
2,3,240,False,5.28256738262106,1.9662360882780958,3.601303662325683,0.00280328759856463,-0.031240794353599055,0.007662486324926832,0.03228868764573475
2,3,241,False,5.276457277953038,0.802003697824562,5.700605328514335,0.0012538891973266075,0.01712377161033407,0.016751575541601227,0.02398772759992134
2,3,242,False,-3.9581347627662757,4.822044262997728,5.679938422083107,0.004645097295918443,-0.02458441344754103,0.002433068130892835,0.02513742496712325
2,3,243,False,-4.090186646964144,3.6227814316692983,7.752657488260269,0.0030076314293587814,0.016294913592313165,0.0052867481621605705,0.017393095237074028
2,3,244,False,-2.514291189613689,1.8517084211662476,3.6023843205718777,-0.00867468783294445,-0.02922091575513308,0.007412390902817645,0.031369661545254085
2,3,245,False,-2.483207946025538,0.6604634089173724,5.710231053322896,-0.0032275144945757006,0.011301300747579845,0.014489218727828934,0.018656733576454743
2,3,246,False,-0.5541659082871593,4.277798593521698,5.6907074840626635,-0.009603663700811782,-0.022862649893665044,0.006114883121381531,0.025540612996299613
2,3,247,False,-0.49427063630123436,3.129427821133152,7.806638166873376,-0.006413320978587489,0.016350908141584686,0.013785780544070647,0.0223277994490771
2,3,248,False,1.4971760206459284,1.877391728672823,3.597486664062922,-0.00025924922963005415,-0.020335967599694804,0.006686112415221324,0.02140847700346471
2,3,249,False,1.473830494475491,0.6465474770151628,5.700781772371755,-0.00020776954406631631,0.012562896102679577,0.014987406794510605,0.019557399855152164
2,3,250,False,3.4115533388374777,4.535437339980597,5.684334087884243,0.020826843713701138,-0.038443133925292194,-0.00035405079158667974,0.043723647114986955
2,3,251,False,3.3909272609702037,3.328853559243428,7.782523423083234,0.0024014551768267722,0.009060483860346302,0.006812937276656328,0.011587729246300039
2,3,252,False,3.2427800797534987,7.670501714354724,7.78445693275939,-0.0034632580388476164,0.004832126984592122,-0.038572492666599345,0.03902794893347236
2,3,253,False,4.4307153017620795,6.668461673245377,9.691455089236472,0.0013041803798605756,0.034480588778937005,-0.04801334818504088,0.05912608132578497
2,3,254,False,-3.4635606629182796,-6.668465099571226,9.691455453521014,-0.0012952884380066365,-0.03449547533195574,-0.048016481197256766,0.05913711234987479
2,3,255,True,-2.826896941528662,-7.014108001127539,12.00817446206538,-0.004268811765671732,0.024857129959516833,-0.07972307929228784,0.08361739672795046
2,3,256,False,-1.239872639168095,7.202021470822098,7.73588362409439,0.007924276347268444,-0.015299140497846864,-0.018816877272143984,0.025513383269877492
2,3,257,False,-2.0661446998198687,6.143522373011198,9.773388545782508,-0.014992056296020628,0.03934817662003365,-0.020539876390119005,0.04685005098637335
2,3,258,False,-0.4089645839406118,-5.721953991706059,9.908407204168007,-0.014333843327957618,-0.01901359056392149,-0.006858660101105585,0.02477936458155005
2,3,259,True,-0.22176425609573608,-7.128414781396265,11.844214638109136,-0.04762284389940838,-0.014222632550357162,-0.01117041358541826,0.05094110989563531
2,3,260,False,1.091663072651316,6.699227574041443,7.7728048814762545,0.006466809689933628,-0.04701955890876075,-0.009010783436607106,0.04830996549037967
2,3,261,False,1.376115531669462,5.72195190463132,9.908406669637575,0.014349925088474214,0.019004253482590272,-0.0068551902579141455,0.02478054950858772
2,3,262,False,3.033296229519466,-6.143522429084556,9.773391236086395,0.015003323601393337,-0.03935463094920699,-0.020549196085791976,0.04686316416983317
2,3,263,True,2.2529866185266703,-6.8917921380971725,11.9158340149297,-0.029916373747059133,0.08299466137592937,-0.017604174847980048,0.08996115943648772
2,3,264,False,5.057340192319158,-3.6227825903329958,7.7526603451845215,-0.003004825090501484,-0.01629165872664018,0.005279192224183049,0.017387265122200592
2,3,265,False,4.995620408773899,-4.83511374692344,9.81828343771307,0.0022388577770744433,0.004647803966152608,-0.0037727926260444633,0.006391285477342262
2,3,266,False,-4.270110370430515,-0.7737179591107194,9.893508492225981,0.003696541002897291,-0.02248924905132299,0.021696973512339568,0.03146727503095395
2,3,267,True,-4.27643664024262,-1.9547730289385001,11.960496979500945,0.009996311981033124,7.24247870653727e-05,0.008743696399927003,0.013280953478799038
2,3,268,False,-2.4237740509589716,-3.328856685190104,7.782522709401174,-0.002397280033605398,-0.00907077403890355,0.006813426431822478,0.011595200428031718
2,3,269,False,-2.4337055745676137,-4.584299801159847,9.84496078110889,-0.02209456323243586,0.0009542357426228776,-0.009129760436891843,0.02392556824653578
2,3,270,False,-0.5000547935638057,-0.6586689046765105,9.905289680873507,-0.0023914053252368506,-0.0133295907614851,0.02234179499611777,0.026125707893697215
2,3,271,True,-0.5123190165136055,-1.9879876313032085,11.95631176087891,-0.004834209217005392,-0.01748556191207884,0.01257829186813808,0.022075504081560417
2,3,272,False,1.461423380120233,-3.1294297505674793,7.806639079883064,0.0064141713371566045,-0.016350664969285056,0.013782817375851408,0.022326036228947545
2,3,273,False,1.488822328655035,-4.409929060581617,9.868515889605725,0.009607069020212355,-0.01312365720311881,0.009541061306814314,0.018856245766442625
2,3,274,False,3.415657797478547,-0.7019722656729349,9.907830267076108,0.005331964008743029,-0.017270844250739992,0.01980740988869556,0.026815021682307927
2,3,275,True,3.4090382748504995,-1.998549354149775,11.966105046979806,0.012496069787422126,-0.005725977631649615,0.013949845756581425,0.019584094990647095
2,3,276,False,5.2728994607602635,1.9420440263544152,7.804610615773034,0.00014687761923415366,-0.022295787318871385,0.017489344647875882,0.028337270182845112
2,3,277,False,5.237260679777779,0.7737161727797593,9.893510771091904,-0.0036899793011375692,0.02247597252956668,0.0216904521336172,0.03145251980610454
2,3,278,False,-4.0284682242289,4.835112771982534,9.818280672236323,-0.0022287139619736607,-0.004653284596059848,-0.0037621620197825223,0.006385458990496948
2,3,279,True,-4.159230731476837,3.621992567602346,11.89044981321366,0.005785223199800349,0.05782648933896439,0.013088167435665099,0.059570729419446224
2,3,280,False,-2.484484901970548,1.8955179749858826,7.801738354511137,-0.006844325727735967,-0.018072819267788587,0.016990082776125348,0.02573197434502627
2,3,281,False,-2.4485080837411854,0.701971364906158,9.907828980284847,-0.005321626829334569,0.017263076840541514,0.019809746908332926,0.02680969240191577
2,3,282,False,-0.5216722555237465,4.409927931728546,9.86851489172185,-0.009601021898138828,0.01311450642474643,0.00954734737523033,0.018849979898041647
2,3,283,True,-0.4751271541152898,3.31931995414248,12.005493516949535,-0.009882447600247923,0.043795283286945264,0.006650888469083682,0.0453863848106855
2,3,284,False,1.4920316332537804,1.8786855250659755,7.800062844965556,-0.0012917328189321342,-0.012474190840243704,0.01800693929410535,0.021943652237855066
2,3,285,False,1.4672043142684656,0.658667714489292,9.905290027041723,0.0023991657702497893,0.01331963774605427,0.022340776858170486,0.026120471984744414
2,3,286,False,3.400856481235877,4.584298310670265,9.84496076815778,0.02210096489684643,-0.0009566972321515266,-0.009126791010213964,0.023930445735710126
2,3,287,True,3.4000094886103494,3.424339402254157,11.977723365692247,0.0070710312736403935,0.059965808752377114,0.00760516429093272,0.06085832914639989
2,3,288,True,3.7940457042385387,7.014106505739597,12.008171608542016,0.0042898684757251004,-0.024877164587099543,-0.07971437946389237,0.08361613829127774
2,3,292,True,-1.285835722468611,6.891786658378271,11.915833734725977,0.02992895531428652,-0.08299992889074481,-0.01759776550560943,0.0899689497152416
2,3,296,True,1.1889168927109164,7.128414243231417,11.844213529123522,0.047631702700256406,0.014209245520768299,-0.011162979672498352,0.050944026887984606
2,3,300,True,5.126379543911443,-3.6219912451081906,11.890451125925484,-0.005769688105980997,-0.0578455227697261,0.013086842278003274,0.0595874084530661
2,3,304,True,-2.4328626582093733,-3.424339955490369,11.977723034128314,-0.007051813324673528,-0.05998701419646535,0.007605403474572725,0.060877024445877954
2,3,308,True,1.4422738624343705,-3.319320051416788,12.005493846138723,0.009900216550420726,-0.04381217704854867,0.006650297067301025,0.04540647086662816
2,3,312,True,5.243584024588181,1.954773289475981,11.960497951610613,-0.009980234144362221,-8.9999628845705e-05,0.008743319832026586,0.01326871565731195
2,3,316,True,-2.4418913459010336,1.9985487211272521,11.966104251085715,-0.0124789057156236,0.0057084748582920675,0.01395290112375136,0.019570212641572344
2,3,320,True,1.479465686836625,1.987987275469943,11.956311712809734,0.004851051929639638,0.01746844591702823,0.012579941643579673,0.022066586490349403
3,4,73,True,3.4833513948346213,7.086471948937719,-11.952572733896773,0.07753613084451372,0.025859847004813474,0.05688951213738136,0.09958413460325481
3,4,74,True,-2.516207456208883,-7.086471933174309,-11.95257266278942,-0.0775293692317689,-0.02586212358952622,0.05689021507786762,0.09957986293243187
3,4,75,False,-1.995538183426153,-7.777154870625783,-9.557223582236478,-0.09282330121459181,0.04836618611636734,0.03516547892965605,0.1104176802698282
3,4,77,True,-2.410346906381581,6.168664992206644,-11.336885713068744,-0.11767419747383379,0.02610467678246753,0.044445639949739046,0.12846822880218192
3,4,78,True,-0.1346942651932212,-5.979320083060625,-11.457379457339712,-0.0019589848339029436,-0.020451690628176422,0.05625860454649789,0.05989273625949423
3,4,79,False,0.14303900407881356,-6.822498551385165,-9.25496750714101,-0.008988485048970818,0.021142771867135757,0.025180599896639677,0.03408624762064562
3,4,81,True,1.1018383960393057,5.979319992494445,-11.457379182357144,0.0019639623686626972,0.020449657652825692,0.05625819221459594,0.05989181778471679
3,4,82,True,3.3774912735594014,-6.168664854572726,-11.336885765071132,0.11767881556286852,-0.026107535427470907,0.04444657471286462,0.12847336316171742
3,4,83,False,2.5050559028758093,-7.143530264180397,-9.231465775299979,0.06434324162382321,-0.007407649353873502,-0.0003217058573685705,0.06476904743988678
3,4,85,True,5.201147773912707,-4.673485011350689,-11.250605372128073,0.15896611685301565,0.0011664346072608467,0.048745379091943875,0.16627597198584335
3,4,86,True,-4.242514400630574,-0.8498855084492069,-11.275206422374644,-0.15076877224142926,-0.02873139746969322,0.05809311329679012,0.1641082743077361
3,4,87,False,-4.171205690594575,-2.1010011087120772,-9.246499713096,-0.1284576414952605,-0.0282607909751591,0.018792675882499665,0.13286535527326598
3,4,89,True,-2.169302107033457,-4.788507744841613,-11.373265567324514,-0.07871717642615916,-0.017933543138587638,0.05061954060751894,0.09529083757280608
3,4,90,True,-0.47748701688750433,-0.696166846006911,-11.304194712229148,-0.026945253282453008,-0.011585924456152585,0.0516458918406677,0.05939342104961766
3,4,91,False,-0.4712404995472373,-1.9968839650404415,-9.250574340511465,-0.011397815337519213,-0.01932257588563213,0.010562732443917255,0.024796036981864316
3,4,93,True,1.6795547893996672,-4.556914659687084,-11.281218501384403,0.059907262996294675,-0.010051562086133004,0.04896595677462123,0.07802293882527547
3,4,94,True,3.4037847590666948,-0.6634362047497127,-11.320602796836653,0.10343311941210276,0.007612047294976332,0.04552080467680142,0.11326295561110336
3,4,95,False,3.455748965661791,-1.861504720337319,-9.22381778005205,0.10879064825279094,0.028669519400222443,0.006388156142284274,0.11268609066251442
3,4,97,True,5.209658675021824,0.8498852861342835,-11.2752065995159,0.1507732749159727,0.02873025593121936,0.058094250332031194,0.16411261364197927
3,4,98,True,-4.234003213702483,4.673484913622453,-11.25060512695739,-0.1589626370556685,-0.0011678091313429562,0.048744089937978075,0.16627227688866575
3,4,99,False,-4.145895767375722,3.536435920691451,-9.157549233629318,-0.13620672657168686,0.01470881864794471,0.006295503100144373,0.13714319184223592
3,4,101,True,-2.436640610745404,0.6634361624531689,-11.320602684151915,-0.1034278350991289,-0.007614287742469084,0.045520403981823776,0.11325811948724097
3,4,102,True,-0.7124107041558712,4.556914564071228,-11.281218499720724,-0.059902162842070505,0.010049412439792071,0.04896511846936136,0.07801821986088617
3,4,103,False,-0.5746683517458787,3.227752030368941,-9.226359691261095,-0.0697108707384313,0.017396391290534385,0.019904590765014163,0.07455489697240782
3,4,105,True,1.4446310746800533,0.6961667466527082,-11.30419474426251,0.026950555283805855,0.011583865228491752,0.05164610458968433,0.059395609964255344
3,4,106,True,3.136446279771074,4.788507773497168,-11.373265621632102,0.07872233777283011,0.017931589206566123,0.05061897769289381,0.09529443456239338
3,4,107,False,3.2783565845348894,3.533439523852194,-9.268949485948738,0.06300780557397001,0.03418650456998007,0.023685147037154408,0.07549627042531372
3,4,108,False,2.962682621910013,7.777154854930351,-9.55722359054006,0.09282615536151262,-0.04836755823062422,0.03516410477891441,0.11042024304127832
3,4,109,False,3.516576881670565,6.993252774743484,-7.107262250827257,0.03824575648898909,-0.00784070956013938,0.07773067074434525,0.08698431922011762
3,4,110,False,-2.5494319141084683,-6.993253183273769,-7.107261997377747,-0.038245950401659456,0.007840927325132085,0.07773048161447704,0.08698425510092474
3,4,111,False,-2.0113503921827136,-7.747936986463874,-4.75883635521218,-0.09498719688804091,0.11919019505877593,0.10223482364280922,0.18352337544866812
3,4,112,False,-1.5379113708825174,7.143530502411593,-9.231465773453042,-0.06434108911232816,0.007407377213874966,-0.0003237881890783001,0.0647668883314659
3,4,113,False,-2.111809198950357,6.1557075528138405,-7.083162817829587,-0.07801283871209685,0.0839741761763122,-0.01838014680351563,0.11608400003845812
3,4,114,False,-0.2986488205833234,-5.803173708367883,-7.127955870722991,0.01507645209530939,0.0019171750719451097,0.0006524629199207155,0.015211859712096943
3,4,115,False,0.06777361798218749,-6.688218405428514,-4.940140722592474,0.008159186109548244,0.03109555504074546,-0.026098267114851303,0.041408035544570385
3,4,116,False,0.8241054863313718,6.822498572159658,-9.254967226299332,0.008990793616012072,-0.02114333025008186,0.025179218252642244,0.03408618218169853
3,4,117,False,1.2657936671766876,5.803173549608022,-7.127955700991377,-0.015076181494392271,-0.0019169847274236318,0.0006518419307965928,0.015211540908132091
3,4,118,False,3.0789540107509,-6.155707166502153,-7.083163089124962,0.07801297987537836,-0.08397452476425915,-0.018377687936312448,0.11608395777325929
3,4,119,False,2.3266182652697176,-7.333600969995405,-5.041415391170384,0.021936825183540787,-0.18925470506229036,-0.11627746284864227,0.2232017384651498
3,4,120,False,5.113040245343142,-3.5364359917294275,-9.15754953170765,0.13620864256140575,-0.014710929212994994,0.006297473934775866,0.1371454116064031
3,4,121,False,4.971759470178551,-4.75394880807423,-7.0884978237144205,0.07981119366496436,0.003298115330694351,-0.036269860130112797,0.08772802831945418
3,4,122,False,-4.214550107478591,-0.9883966276412017,-7.12659847993385,-0.12523406496971212,-0.09013783788351204,0.009399228628955036,0.1545857249100697
3,4,123,False,-4.165409766140588,-2.098410890634456,-4.987165898044741,-0.07929731724026823,-0.04857011673226763,0.0040558779816226576,0.09307830524398077
3,4,124,False,-2.3112123400968843,-3.5334396738317904,-9.268949285983945,-0.0630050938270208,-0.034187104608367935,0.02368461521218812,0.07549411213733558
3,4,125,False,-2.328708725957256,-4.628550963490746,-7.124159791454707,-0.05195156420856728,0.016162110366206406,0.014371150276816458,0.0562735177102442
3,4,126,False,-0.46965153926373276,-0.7048414439743518,-7.165736451312067,-0.01420901601702973,-0.026551532019852386,-0.030343238782449156,0.04275034653172042
3,4,127,False,-0.4716148980143426,-1.9034909012289267,-5.025039575071457,0.006446879345432199,0.00581388766303137,-0.04138154935072258,0.04228233874467207
3,4,128,False,1.5418126403070116,-3.2277518578895696,-9.22635976805726,0.06971386147920966,-0.017397442482611325,0.01990533597188815,0.07455813763387567
3,4,129,False,1.5643080809126997,-4.371965185595005,-7.097199919390093,0.09335786321498007,-0.002472959376165207,-0.00913785104610465,0.09383659453477566
3,4,130,False,3.4319640109222815,-0.5673293440130543,-7.168524369158504,0.10113065545809086,0.05117570324439136,-0.04428585602522972,0.12168647878802503
3,4,131,False,3.479949227133291,-1.7590935139471733,-5.061832866789388,0.1134693999164691,0.08630260799306333,-0.08039682912943036,0.16366763576796353
3,4,132,False,5.138350024297068,2.101001276360331,-9.246500098663697,0.1284600553631403,0.028259939634068587,0.01879392249646017,0.1328676843134749
3,4,133,False,5.181694897826433,0.9883965040010255,-7.126598995682098,0.12523478609851324,0.09013795579640216,0.009401220609630556,0.15458649900054486
3,4,134,False,-4.004614269392997,4.7539486554402295,-7.088497328934544,-0.07981068747702702,-0.003299015244173198,-0.03627256467505191,0.08772871984272192
3,4,135,False,-3.9960783384938594,3.579132544806849,-5.009636394170751,-0.047405560400893165,0.018794595320146268,-0.08343045411251282,0.0977812080288994
3,4,136,False,-2.488604502065327,1.8615046793796692,-9.22381763937094,-0.10878761972748885,-0.028670436876243377,0.0063867091032072665,0.1126833182410616
3,4,137,False,-2.464819523435477,0.5673296213362261,-7.168524004554059,-0.10112992904419205,-0.05117570095646118,-0.044287019184874765,0.1216862974420289
3,4,138,False,-0.5971635840963578,4.371965308682758,-7.097199869394304,-0.09335748031400437,0.0024728293869555884,-0.009139144538006683,0.09383633613181666
3,4,139,False,-0.58703630088358,3.0851581428070722,-5.028290930835251,-0.09239911040887538,-0.020636487631993106,-0.053315774115580084,0.10865556587529471
3,4,140,False,1.438384671699372,1.996883989946846,-9.250574376193748,0.011400799142036622,0.01932159094632291,0.010562693088390418,0.02479662442861167
3,4,141,False,1.4367959580444494,0.7048416164908554,-7.16573654146529,0.014209774648904716,0.026551605889598484,-0.030342880998858845,0.042750390620439074
3,4,142,False,3.295853263992491,4.628550958688649,-7.124160016457218,0.0519517702509118,-0.016161775706314607,0.014371525069059032,0.056273707528430514
3,4,143,False,3.2382044132157985,3.465434778980869,-4.986587740588796,-0.0002643914350137777,0.03838417591069332,0.005809825637843602,0.03882227372419218
3,4,144,False,2.9784958471503002,7.747936553745915,-4.758836464538058,0.09498460600911596,-0.11918908101974424,0.10223414967192834,0.18352093551467197
3,4,145,False,3.919177842392757,6.763899848459267,-2.742020205525459,0.1210307704552025,-0.12571547066870892,0.035208530239621894,0.17802378370338415
3,4,146,False,-2.9520319510452375,-6.763900311428687,-2.7420198334713883,-0.12103468666729045,0.1257176236593196,0.03520817078398597,0.17802789546908038
3,4,147,False,-2.1118705772914397,-7.578853399123199,-0.6150891947868252,-0.10747804649670334,0.19696324363122564,0.005438422507520246,0.22444515200790452
3,4,148,False,-1.3594728249290833,7.333601169988262,-5.041415235674799,-0.021938939289107395,0.18925465131591412,-0.11627944899022058,0.22320293537341457
3,4,149,False,-1.8481007875451614,6.4192376576841506,-2.83078138978971,0.12260910848586204,0.3554543012138902,-0.04248185812421257,0.3783985491579462
3,4,150,False,0.07276383203128736,-5.571207761167959,-2.8206177621472195,0.3701815885525457,0.037725777963463436,-0.023500915652108656,0.37284036243776275
3,4,151,False,0.013629910578827677,-6.613022360515671,-0.6683713534783041,0.026598212993689974,0.044709676306541546,-0.026930758975316715,0.058580592937252034
3,4,152,False,0.8993717020267462,6.688218318231658,-4.940140539105292,-0.008161355392188874,-0.031095108535740934,-0.02609936674911495,0.041408820816245494
3,4,153,False,0.8943816280388264,5.571207634434095,-2.820617646807389,-0.37018505040036853,-0.0377242953826773,-0.023501205861806262,0.3728436678810596
3,4,154,False,2.815246260790655,-6.419237315084121,-2.83078153498166,-0.12261251402067108,-0.35545349781739155,-0.0424802982923449,0.378398722841521
3,4,155,False,2.1925871925900102,-7.476866343731508,-0.6926872497373807,-0.032851401780801925,-0.3481059498023349,-0.037243913900381176,0.3516305959517294
3,4,156,False,4.963223632654155,-3.579132217062869,-5.009637060389702,0.047404540367879555,-0.01879433441401046,-0.08342842969434372,0.09777893604871978
3,4,157,False,4.237847371668591,-4.50776677057831,-2.8592585104509483,-0.5944800884824151,0.24921162502656813,-0.06975201416425403,0.6483659099076795
3,4,158,False,-4.187326298987266,-0.9841499394609181,-2.862448696715657,-0.06673220508186262,-0.11218231466163486,-0.008463136133444404,0.1308039892019469
3,4,159,False,-4.170174681818297,-2.0721323518276726,-0.7103366254670591,-0.04076857006415757,-0.07261913737724379,-0.021248123563984866,0.08594822961225845
3,4,160,False,-2.2710593522229368,-3.4654350115216546,-4.986587420237189,0.0002630805428465166,-0.03838309515712712,0.005809197215807416,0.038821102219092705
3,4,161,False,-2.060794966300249,-4.593590224229589,-2.829649924880587,0.23827051154445522,-0.0005912743664975295,-0.0040373387679384365,0.23830544765355227
3,4,162,False,-0.4805605702602043,-0.6805312759621008,-2.8958874920310342,-0.012088458013465253,-0.023744318718307844,-0.0565251330868759,0.06249011249012862
3,4,163,False,-0.46982610098996563,-1.8373666067888679,-0.7211025548092581,0.020553258750675096,0.0444049526171324,-0.038376123236037785,0.062184910523611234
3,4,164,False,1.5541810661492836,-3.085158160162789,-5.028290986979352,0.09239772651439027,0.0206370110074916,-0.05331495225103122,0.108654085159653
3,4,165,False,1.8885774175735968,-4.075125243244901,-2.842908821155942,0.3787906153948082,0.18999662411138551,-0.030581222710801104,0.4248720497601463
3,4,166,False,3.4400743705142736,-0.6045961336826099,-2.898451921703367,0.08950637121786054,0.020992750894600842,-0.05987102872583083,0.10971155891427976
3,4,167,False,3.5116300609681788,-1.709980083457348,-0.7103870841260368,0.13443159113651992,0.1220300810088375,-0.03192423393741117,0.18434302286501233
3,4,168,False,5.132554747493029,2.098410747223479,-4.987166357947571,0.07929604110269128,0.04857114935965168,0.004057318779832286,0.09307781970135784
3,4,169,False,5.154471622245109,0.9841496665188643,-2.8624492243680444,0.06673014665327859,0.11218341914707586,-0.008461936501877876,0.1308038087108261
3,4,170,False,-3.2707018366564364,4.507767054474408,-2.859258386852126,0.5944774675815907,-0.24921186230133507,-0.06975394542674751,0.6483638058039009
3,4,171,False,-3.9081954893311868,3.6247401118967235,-0.686812486173807,0.014709898874591953,0.0442679055256292,-0.038699102693648624,0.06061063548437944
3,4,172,False,-2.5128045199793703,1.7590934317142097,-5.061832214627522,-0.11347066035016562,-0.08630236481554476,-0.08039796163103574,0.16366893769889118
3,4,173,False,-2.4729291804614757,0.6045959238743592,-2.8984513331104225,-0.08950857699080794,-0.020991791005425697,-0.05987158006597593,0.10971347567245981
3,4,174,False,-0.9214320544397743,4.075125308813557,-2.842908586344321,-0.3787935288520835,-0.1899956457415346,-0.030581856242263505,0.4248742553181816
3,4,175,False,-0.5994175051500372,2.993034385545716,-0.7020595306673476,-0.10665229423862066,-0.0705485370057457,-0.027601062838511603,0.13081906057539114
3,4,176,False,1.4387597498225175,1.9034909259532558,-5.025039736011428,-0.006448002012604759,-0.005813102201527309,-0.04138154971754204,0.04228240229912866
3,4,177,False,1.4477056078067547,0.6805309224709837,-2.895887786998275,0.012086100180943582,0.023745224199575032,-0.05652508392667954,0.0624899560152674
3,4,178,False,3.0279404207773233,4.593589994609352,-2.829650221864556,-0.23827344435907127,0.0005930533766091983,-0.00403713991833099,0.2383083810900555
3,4,179,False,3.217726670044142,3.406271517657551,-0.7050080937354464,-0.05900586086997084,0.03908456841863295,-0.017456616513270018,0.0728973838046917
3,4,180,False,3.0790168498993515,7.578852706428551,-0.6150892696077808,0.10747304043697392,-0.19696111037381048,0.005438306870121035,0.2244408799707963
3,4,181,False,3.994042549601193,6.664531474193878,1.4546481057241527,0.10991885139789037,-0.16185147008524847,-0.02169416725826001,0.19684686727102604
3,4,182,False,-3.026896418660662,-6.66453190997503,1.4546480623892935,-0.10992381150236019,0.16185429735048373,-0.021694193708473586,0.1968519645487085
3,4,183,False,-2.1973307163332447,-7.507008548917674,3.5896688312855676,-0.11107328195621102,0.20886005472369185,-0.04570039605402032,0.2409321950740536
3,4,184,False,-1.22544079171202,7.476866780851557,-0.6926872912260006,0.03284724637339753,0.3481063578530419,-0.037244499107699336,0.35163067369870926
3,4,185,False,-1.7578084486203016,6.44714386511893,1.468045339422947,0.16044824718781525,0.37341403668584494,-0.01874059087317348,0.4068573368712128
3,4,186,False,0.05953804389885557,-5.528795479506186,1.4653865342288122,0.3902620191425053,0.03017791073262277,-0.02167119723600819,0.39202651781609527
3,4,187,False,-0.05159213738862756,-6.584389910987919,3.6124825613055993,0.02016476274984741,0.05482040919726483,-0.01916408828404359,0.061474850150869086
3,4,188,False,0.9535159297790913,6.613022193241068,-0.6683713101513604,-0.026602815047208517,-0.044708623329221986,-0.026931083759475616,0.058582028309799306
3,4,189,False,0.907607604504508,5.528795208018441,1.4653865237879964,-0.390266631785274,-0.03017634856377338,-0.021671212153192343,0.3920309902722661
3,4,190,False,2.724955055997551,-6.447143585196832,1.4680453252396894,-0.16045179593722247,-0.3734131757612955,-0.01874102302143177,0.40685796612024955
3,4,191,False,2.1099610861469316,-7.489601747625522,3.6102559974951824,-0.05139044744477905,-0.3504800568813975,-0.002875397828113968,0.3542393488488146
3,4,192,False,4.8753410997648645,-3.624739895860542,-0.6868125174531148,-0.014712732992194333,-0.0442670886955403,-0.03869823608545242,0.06061017348435696
3,4,193,False,4.181309681302818,-4.558614657891741,1.4658291545241797,-0.6051773743541267,0.21816413390429013,-0.022425571075364692,0.6436910361271314
3,4,194,False,-4.189666458492245,-0.9991461866268587,1.4519790577554497,-0.04632924231752078,-0.16341296378062964,-0.009447357979741167,0.1701159839582463
3,4,195,False,-4.1868855705633,-2.0353114221683843,3.630713324555595,-0.03634362645690192,-0.07898786044622996,-0.0009113963660589697,0.0869526993557301
3,4,196,False,-2.2505812802521983,-3.406271624442597,-0.7050079244563897,0.05900227701523075,-0.03908230192290851,-0.01745682441662766,0.07289331749404998
3,4,197,False,-2.0646181603904057,-4.525427668849385,1.4564475412600897,0.26651445005964947,0.018910664734822724,-0.014643133758572624,0.26758547549816997
3,4,198,False,-0.4807326586683743,-0.6760231920995776,1.4500816505768905,-0.006939015677974336,-0.028504945685908,-0.021195607483822876,0.0361930330829571
3,4,199,False,-0.47630737677611495,-1.820230507997163,3.6270412732046644,0.02527853470986524,0.05017126715676268,-0.0006685112564901452,0.056183692229090546
3,4,200,False,1.5665629107101084,-2.9930343002143776,-0.7020596871688438,0.1066488632177891,0.07055002930023502,-0.02760093224820337,0.1308170406364577
3,4,201,False,1.870715650006654,-4.031156028081902,1.463814348782341,0.3765912844689301,0.21271689143964423,-0.014546040240599245,0.43275981644370026
3,4,202,False,3.44816109346244,-0.587818703200809,1.4608359486787337,0.09293566037856316,0.04708485087948511,-0.015689170144413733,0.10535734531660973
3,4,203,False,3.496815632230355,-1.714459067840557,3.640095104527362,0.13181696030480694,0.1331271141056911,0.007359471860624023,0.1874905367216598
3,4,204,False,5.137320125570178,2.0721322990558795,-0.7103370096858902,0.040765488653527804,0.07262164007930272,-0.021247860178485123,0.08594881753190758
3,4,205,False,5.156811825050815,0.9991463297520945,1.4519788632942399,0.04632645320633433,0.1634147288961162,-0.009447914163329685,0.1701169508570721
3,4,206,False,-3.2141630489625186,4.558614326928187,1.4658292608857548,0.6051748572729059,-0.21816528423027925,-0.02242497184340042,0.6436890386520014
3,4,207,False,-3.843430409552453,3.6662543222033985,3.6448509156446742,0.052187821024711756,0.056238701548798176,0.00885616281180912,0.0772320648108764
3,4,208,False,-2.5444846781196997,1.7099801788087186,-0.7103868588066399,-0.13443460985882894,-0.1220291946062606,-0.031924605020217656,0.1843447017677619
3,4,209,False,-2.481015664406758,0.5878186535214175,1.4608361204351523,-0.0929385193469825,-0.04708339614835255,-0.015688758835324057,0.10535915586727665
3,4,210,False,-0.9035697163365726,4.031155804033258,1.4638145320623988,-0.37659483212770883,-0.21271605301141072,-0.014545641417194721,0.4327624781312355
3,4,211,False,-0.5821266064996641,2.9941705903346505,3.6295615293475176,-0.10886730971535341,-0.07237644739899673,-0.00038856116629748527,0.13073099189763068
3,4,212,False,1.436971474204085,1.8373665109819495,-0.7211027635234891,-0.020556436550562163,-0.04440328631135637,-0.038376256474589865,0.06218485329973109
3,4,213,False,1.4478780758621177,0.6760231870265482,1.450081562154484,0.006936119666973495,0.028506507439804096,-0.021195762774718796,0.03619379894474104
3,4,214,False,3.031763876824603,4.525427333267787,1.4564475892556585,-0.26651822661525815,-0.018908492766505525,-0.01464311574837418,0.26758908246724744
3,4,215,False,3.236497985399019,3.3685661066991903,3.6091184902996947,-0.06754721686802467,0.03761997189483024,-0.008911992223940235,0.07782873760625535
3,4,216,False,3.1644767962493203,7.507008255311973,3.5896688807171477,0.11106851910176241,-0.20885754948739876,-0.04570021112311107,0.2409277925230643
3,4,217,False,4.086369290080035,6.6209738425732585,5.671312277449506,0.11789603839000451,-0.15955396335166672,-0.07571082980065214,0.21234187726019976
3,4,218,False,-3.1192234815278304,-6.620974032679876,5.671311944537618,-0.1178997068428691,0.15955629703260144,-0.0757106367969067,0.21234559877846146
3,4,219,False,-2.312006381880879,-7.4743970932888955,7.79219964677841,-0.10261248980362403,0.16849649639907138,-0.13105549267536265,0.23684580326204466
3,4,220,False,-1.1428146166514115,7.489602336685263,3.6102561898142893,0.05138675747336152,0.35048018068873343,-0.0028737780358922826,0.3542389229029369
3,4,221,False,-1.698011546571936,6.4740062481388865,5.775554135403683,0.1741719096539336,0.3676108544833747,0.015621676865262835,0.40708430482466107
3,4,222,False,0.002440194516569824,-5.539368217013446,5.769881908213947,0.3747312665517717,0.023592912835419533,-0.008646986262904832,0.37557278660598603
3,4,223,False,-0.13772279232502158,-6.622757795617358,7.903109715389999,-0.005934418294632593,0.05360589213969913,-0.008191358073371902,0.054551877508248255
3,4,224,False,1.018737879268888,6.584389640932503,3.6124825679557513,-0.020168973019250247,-0.054819666246595844,-0.01916365426961164,0.06147543350806572
3,4,225,False,0.9647055877930462,5.53936814376903,5.769881910626709,-0.37473291054258695,-0.02359172894929973,-0.008646724877818812,0.37557434652761945
3,4,226,False,2.6651576776799395,-6.474006466793558,5.775554094574168,-0.17417370670348475,-0.36761188081627694,0.015619387979142196,0.4070859126830049
3,4,227,False,2.035314660704636,-7.516031625706369,7.904455393449686,-0.07796368958157807,-0.33694215965885554,0.03103177298024562,0.3472338214849525
3,4,228,False,4.810575983129573,-3.6662544621822706,3.6448509032248237,-0.052190221568702455,-0.05623878308324448,0.008854547143364755,0.07723356106763787
3,4,229,False,4.142557970714877,-4.598232263644959,5.798414915694216,-0.601125123704799,0.21073864891256466,0.03424971858239978,0.6379147558393493
3,4,230,False,-4.1935346223636545,-0.9494799785080963,5.795323686570041,-0.053964419139719944,-0.15348553947165622,0.009960491293471208,0.16300055443709394
3,4,231,False,-4.17810437539577,-1.9860880005104489,7.967632554191822,-0.036983112105533955,-0.053870731998468147,0.02370412732062377,0.06951037332005644
3,4,232,False,-2.2693524100580977,-3.3685665580553157,3.6091183025325546,0.06754451371309989,-0.037618267659634164,-0.008911683534150505,0.07782553242904197
3,4,233,False,-2.1070488679801023,-4.507214532561857,5.754028848564668,0.25132751975527645,0.011000151849929196,-0.014643007769039151,0.25199393485475896
3,4,234,False,-0.48082802847718686,-0.6748329256982684,5.812417826624673,-0.0071170787739346375,-0.031136578110855018,0.026871858889721878,0.04174010190352788
3,4,235,False,-0.48721346373697827,-1.8402145626948476,7.9773377494573126,0.009423558726955772,0.031478526347890945,0.03807306460024673,0.050291742146895344
3,4,236,False,1.5492722015717384,-2.9941703396746404,3.6295614777025813,0.10886486408118756,0.07237769499345026,-0.0003891644508251524,0.130729647796321
3,4,237,False,1.8317200276979209,-4.062936133226354,5.788822180636372,0.3665935712519153,0.2012525743800042,0.013610157230754538,0.4184240451475728
3,4,238,False,3.4309102945109955,-0.6150344481472044,5.818707231872668,0.09067088354054675,0.045275900448697226,0.023465107297766963,0.1040275326245867
3,4,239,False,3.4611974054335795,-1.7841207242789603,7.980097278760649,0.12512266128277227,0.10710648842774195,0.03911157248919839,0.1692843623385905
3,4,240,False,5.154031354717122,2.0353111391200227,3.630713451947382,0.03634152217670383,0.07898978164441406,-0.000912481972447754,0.08695357647447349
3,4,241,False,5.1606803152188885,0.9494798313650682,5.79532413502304,0.05396397690568033,0.15348629056493157,0.009958675282595308,0.16300100431667155
3,4,242,False,-3.175412510330416,4.598232438725229,5.798414814468534,0.6011229056088778,-0.21073958489182676,0.0342522658801494,0.6379131116429289
3,4,243,False,-3.8838911466956816,3.6780623685313545,7.94161877217381,0.025160347356254054,0.06424388517734458,0.050988625418046496,0.08579137359775196
3,4,244,False,-2.529669869609231,1.7144592046608347,3.640095069016062,-0.1318188620103009,-0.1331265037326963,0.007360594623217143,0.187491484422599
3,4,245,False,-2.463764988388921,0.6150345394882455,5.81870680653277,-0.09067151529430628,-0.045275427156051706,0.023466153893452635,0.10402811335634116
3,4,246,False,-0.8645745338084458,4.062936293998929,5.788821949989441,-0.3665946215536252,-0.2012521787672812,0.013611032899480513,0.41842480355162276
3,4,247,False,-0.5425069846654017,3.064023085697454,7.970314430992144,-0.09724245398030379,-0.05560026471540258,0.024303755870743515,0.11462179915687523
3,4,248,False,1.4434526744618683,1.8202303849131933,3.6270412737308133,-0.02528098870447404,-0.05017001186801906,-0.0006686126983721508,0.05618367666549905
3,4,249,False,1.4479730600076752,0.6748328340973955,5.81241799474738,0.007116230477712371,0.031137000548119187,0.02687158639134779,0.04174009696362917
3,4,250,False,3.074194641400447,4.507214234170899,5.754029087732446,-0.25132866267979503,-0.010999015523453615,-0.014643237587853797,0.25199503851058996
3,4,251,False,3.2613096136304667,3.3705626401594637,7.92401765827343,-0.03906395577003208,0.054876645147214465,0.002746983567043948,0.06741650199864963
3,4,252,False,3.279152043827274,7.474396615236121,7.792200026468506,0.1026109525930412,-0.16849515852138985,-0.13105438206982978,0.23684357094273126
3,4,253,False,4.394405029309057,6.533896742647956,9.736873433515314,0.07724264167254713,-0.10948794098085735,-0.14283031161964566,0.19584313322183725
3,4,254,False,-3.4272595026047377,-6.533897099770344,9.736872897827855,-0.07724278721441191,0.10948847770519432,-0.14283081014172794,0.19584385426301762
3,4,255,True,-2.7716087123442703,-6.748441791881232,12.083652469790518,-0.033733997268131866,0.23987036923670146,-0.1728460758573629,0.2975761121943881
3,4,256,False,-1.0681689154293974,7.516031746719461,7.90445536343752,0.07796283369964674,0.33694132393954757,0.031033927779073878,0.34723301094511544
3,4,257,False,-1.7717743356844906,6.475954753000833,10.02348635474516,0.1753863282595316,0.3512441657051335,0.059724627820248344,0.3971144158180645
3,4,258,False,-0.10826102018427901,-5.684791175128836,10.098789883838442,0.2934347610181758,0.01737307981667957,-0.0034915162493653895,0.29396934119365276
3,4,259,True,-0.27191525192442484,-7.045127362559017,12.102464500030623,-0.04451138923462444,0.05891569883836478,0.014177446248796244,0.0751885850601449
3,4,260,False,1.1048683047099241,6.622757597360412,7.903109752787746,0.005933520511771206,-0.053606076991098206,-0.008190392261154145,0.0545518164814952
3,4,261,False,1.0754059794153565,5.684791099867252,10.09878990585274,-0.293431911132668,-0.01737359673800931,-0.0034912098286454807,0.29396652340130935
3,4,262,False,2.738919714472742,-6.4759547824652754,10.02348660312148,-0.17538363549822744,-0.3512466617544785,0.0597222749729287,0.3971150804517278
3,4,263,True,2.1911433063587116,-7.0892629983910975,12.285528804973508,0.03221297213916241,-0.2193332358254656,0.12376513313452264,0.25389476578203396
3,4,264,False,4.851036640084462,-3.6780622486694052,7.94161912735847,-0.025159580898016287,-0.06424514854182517,0.05098603422130221,0.08579055488654219
3,4,265,False,4.186054728261958,-4.587637853604183,10.08203559403868,-0.6253582886879823,0.23440611751882567,0.07221488410637811,0.6717396866699994
3,4,266,False,-4.174583624743051,-0.867080007508617,10.11149852152286,-0.0729122555566617,-0.09925279511443508,0.024502146334105745,0.12556938131314457
3,4,267,True,-4.1896712114428905,-1.9571295534305753,12.23574948762806,-0.07674453260916891,-0.012208353437294317,0.028164692648001477,0.0826560166654919
3,4,268,False,-2.2941643810731365,-3.3705629297270145,7.92401735815808,0.03906479473170954,-0.05487635723121009,0.0027476540346382805,0.0674167810941167
3,4,269,False,-2.185634357389845,-4.585717429930279,10.037356490774664,0.1626499211816559,-0.018800535062403867,0.00016678276036863338,0.16373296795551195
3,4,270,False,-0.4833773302808706,-0.6821150774584096,10.15751288740744,-0.015995093462296384,-0.02633636884767565,0.058429751279346576,0.06605666638208985
3,4,271,True,-0.518814410003666,-1.9983889586437469,12.243670019303602,-0.033806073178455076,-0.017753428955481265,0.04037890545869338,0.055574192117083254
3,4,272,False,1.5096519885311612,-3.064022967014995,7.970314659055013,0.09724350959519423,0.05559976825629631,0.02430313955987895,0.11462232322288465
3,4,273,False,1.772690227977133,-4.237417199585643,10.085861143958589,0.339465111615467,0.15843400477063163,0.02450543672630623,0.3754176504919674
3,4,274,False,3.3916837465262137,-0.687062551180856,10.157692181175568,0.08507613991254814,0.014590601693915461,0.05600250916845084,0.1028937134783869
3,4,275,True,3.392541517163779,-1.9601963599091652,12.267242773474909,0.09797635615220335,0.033685580550698146,0.053904350245566945,0.11678939882240048
3,4,276,False,5.14524963313504,1.9860876577340894,7.967633081632395,0.036984028327641916,0.05387062673732945,0.023702456588132748,0.0695102094999347
3,4,277,False,5.141728492936595,0.8670796656609017,10.111498997940531,0.07291562763979709,0.09925171130305654,0.02450008455027053,0.12557008040795875
3,4,278,False,-3.2189098035319126,4.587638161315527,10.082035239614527,0.6253599025142145,-0.23440735977268545,0.07221733083751758,0.6717418855940759
3,4,279,True,-4.054830681243889,3.6526446229005347,12.187501947160555,-0.0792271545003076,0.03956448533558099,0.051780626018354425,0.1025842275446752
3,4,280,False,-2.494052292595855,1.7841206436734491,7.980096725323541,-0.12512143152227218,-0.10710715740292609,0.0391129820682119,0.16928420233260424
3,4,281,False,-2.4245390842498975,0.6870624398275009,10.157691588919642,-0.08507240280299566,-0.014592337901479846,0.05600331271105574,0.10289130710958243
3,4,282,False,-0.8055453256586758,4.237417142230811,10.085861085202483,-0.33946148187367586,-0.15843545973770645,0.024506258409616066,0.3754150360326678
3,4,283,True,-0.48000716926550924,3.3100860160747705,12.297510425471168,-0.05402332786785652,0.0012199949123825604,0.04376209415769772,0.06953509348934078
3,4,284,False,1.454358399492938,1.8402145430902874,7.977338055952449,-0.009422363408720713,-0.03147886650333209,0.038073200319231226,0.05029183384098169
3,4,285,False,1.4505220188166765,0.682115055258177,10.157513257315971,0.015999044021403508,0.026335010088891053,0.05842970436945194,0.06605703988737575
3,4,286,False,3.152779332661419,4.585717316619131,10.037356672413571,-0.1626470215158986,0.01879938494475919,0.00016668797403873725,0.16372995531415474
3,4,287,True,3.3654843512401995,3.4986265940451418,12.232185270642226,0.055939953332999615,0.08778096470906727,0.0069271392298126955,0.10432047451033712
3,4,288,True,3.7387536914666146,6.748441934974063,12.083653023559485,0.033739077446900634,-0.2398712414252131,-0.17284299688518345,0.2975756028005192
3,4,292,True,-1.2239985162776248,7.0892625898879364,12.285528841809278,-0.032210124543318175,0.21933578372973894,0.1237652405066818,0.25389665792426586
3,4,296,True,1.2390602893304372,7.045127329210922,12.102464450892747,0.0445127812833952,-0.058917700171083,0.014178220421493748,0.07519112331487988
3,4,300,True,5.021975246747786,-3.6526443255296335,12.187502347533322,0.07923175483174827,-0.039568012639980665,0.051779661781614195,0.10258865420802776
3,4,304,True,-2.3983399911199004,-3.498626823950661,12.232185083717917,-0.055933635356007816,-0.08778315048687979,0.0069275350603774655,0.10431895233155762
3,4,308,True,1.4471515394753711,-3.310085956728211,12.297510383314922,0.05402977302686662,-0.0012223457244142644,0.043761814976257085,0.0695399665834035
3,4,312,True,5.156815743309205,1.957129519139346,12.23574982042434,0.0767504839788753,0.012205552466210134,0.02816377971485373,0.08266081774228833
3,4,316,True,-2.425397125252097,1.960196338438899,12.267242399370716,-0.09797010161360431,-0.03368747840326147,0.053904815442788134,0.1167849140054965
3,4,320,True,1.485958666440248,1.9983889760580993,12.243670259862373,0.03381243981108306,0.017751293465428697,0.040379079259633244,0.055577509367815595
