j,l,ux,uy,uz
-24,4,0.4760097620601195,4.047243824793878e-05,0.00011819501110930318
-24,5,0.4690770762305949,9.555485051523023e-05,0.00017435429522741225
-24,6,0.462109230137504,0.00013977011670199992,0.00019144819928685304
-24,7,0.4551313074484843,0.0001735891369834824,0.0001841399517918156
-24,8,0.448168335208979,0.00019751650880917102,0.00016050633443973186
-24,9,0.4412448521964335,0.00021188095883478917,0.00012574700789362458
-24,10,0.4343843835516487,0.00021699060259213585,8.414567132680505e-05
-24,11,0.42760876193866654,0.00021268433603328625,3.9522825130589816e-05
-24,12,0.4209371340277666,0.00019819604980356916,-4.033381912677284e-06
-24,13,0.4143832490052473,0.00016827804698350883,-3.861248175510129e-05
-23,1,0.4962370355745799,-3.481514988158436e-05,0.00014862474477823564
-23,2,0.4892565473512553,1.6512053911136826e-05,0.00024067867204704974
-23,3,0.48216823620487886,5.3483320016214364e-05,0.00031923554647717185
-23,4,0.47499600473923387,0.00012757738157387688,0.0003577535655463887
-23,5,0.46776552199130916,0.0002166157431054214,0.0003665491560203735
-23,6,0.4605030860493055,0.0002974438181270788,0.00034933761818631786
-23,7,0.4532364450884275,0.00036372209561480153,0.0003088512967294702
-23,8,0.44599358224378327,0.00041232511954119027,0.00024994236717183803
-23,9,0.4388018451683201,0.0004421896919452279,0.00017862217763163092
-23,10,0.4316871024477515,0.00045277967033182834,0.00010210351053345214
-23,11,0.4246731013250107,0.0004439350951123951,2.8819024662611288e-05
-23,12,0.41778079392913264,0.00041364879880036664,-2.9798633088333515e-05
-23,13,0.41102770308148046,0.000333541114744056,-5.074405537612801e-05
-23,14,0.4044321155717675,0.0002137449848868753,-8.073008804638547e-05
-23,15,0.3980161426209736,0.00016916387977916955,-0.00010451689772610911
-23,16,0.391781526063477,0.00013142763224104523,-9.550564233312136e-05
-22,-2,-0.48297563295829066,-0.00010267465687502447,0.00012770928285080657
-22,-1,-0.48978199000895806,-7.851644308084089e-05,0.00022581273897322708
-22,0,-0.4967689373669544,-7.376509061468238e-05,0.000345004563578369
-22,1,0.49607997270747006,-4.989401441544251e-05,0.00043389741736220153
-22,2,0.48878895290289914,2.614554009430304e-05,0.0004995789199329938
-22,3,0.4813828050581914,0.0001180279134629505,0.0005344414908771998
-22,4,0.4738879459527802,0.0002355136292811739,0.000535831142802274
-22,5,0.4663338047738349,0.00036168336942317224,0.0005074049128591612
-22,6,0.4587512757729085,0.0004783345967169397,0.00045195888607129194
-22,7,0.4511720420220309,0.0005752798627454218,0.00037302798414081545
-22,8,0.4436277451111654,0.000646423318775491,0.00027651927171326417
-22,9,0.43614901443000365,0.000688346466252224,0.00017052794921890206
-22,10,0.42876465687921855,0.0006994304230132608,6.479082047715422e-05
-22,11,0.4215008392844947,0.000678656301099546,-3.0196923505556736e-05
-22,12,0.4143805851610405,0.0006201822101875506,-0.0001025397821169915
-22,13,0.407424254481313,0.0005241765766272187,-0.00015683800151335017
-22,14,0.4006505530258507,0.00041444344494330807,-0.00019906364227055738
-22,15,0.39407221528102504,0.0003287162291502557,-0.00021326364538767567
-22,16,0.3876964932354582,0.0002247641427428537,-0.00017493212518856284
-22,17,0.38152519921691885,0.00012119611242854714,-0.00012892934413028857
-21,-4,-0.46867446216994424,-0.0001435533347729586,0.00012212154442348526
-21,-3,-0.47533217802433264,-0.00017938620158180606,0.0002564776284261784
-21,-2,-0.4822185989477547,-0.00021963125195595233,0.0003745324873689541
-21,-1,-0.48931930045432925,-0.00019337390911265868,0.00048465081690147457
-21,0,-0.49661780630564306,-0.00014830105923539162,0.0005805850284643548
-21,1,0.49590557789855755,-6.944301806513117e-05,0.0006493970089955456
-21,2,0.48827552700723964,5.093900406889092e-05,0.000687020403630731
-21,3,0.48052074523483607,0.00019737692915531768,0.0006899208791524013
-21,4,0.47267245089519716,0.0003632551464402236,0.0006570042987740027
-21,5,0.46476476516085297,0.0005319263577161416,0.0005909798430355512
-21,6,0.45683355111223606,0.0006860289051167503,0.0004956163414578124
-21,7,0.44891530110583083,0.0008125197540031359,0.0003766919423775133
-21,8,0.44104608685543967,0.0009026966668363228,0.00024246643947200202
-21,9,0.4332604921803095,0.0009511287486391799,0.0001033130186399801
-21,10,0.4255905778562244,0.0009558053391892136,-2.9723674221023192e-05
-21,11,0.41806514071740736,0.0009157873404778728,-0.0001457991872356356
-21,12,0.4107093447665127,0.0008332669694500846,-0.0002391409397046483
-21,13,0.4035446508177244,0.0007178815219268372,-0.00030844749597541704
-21,14,0.396588478392955,0.0005882465439969184,-0.00035067673105989493
-21,15,0.38985269905001174,0.00045669533582052234,-0.0003556432863287392
-21,16,0.38334592117130545,0.00032140954113077407,-0.00032815864703447824
-21,17,0.3770745231534478,0.00017931323245954462,-0.0002646078122328697
-21,18,0.37104329172195016,8.235837697255736e-05,-0.00021776833478313036
-21,19,0.36526502316321835,5.7455186869075475e-05,-0.00014527718860793995
-20,-6,-0.4542160151055175,-0.00016522978953302934,8.754979057379507e-05
-20,-5,-0.4606139285540013,-0.00023192337526736605,0.00021184048403499641
-20,-4,-0.4672824859731499,-0.00033007112133089453,0.00034181551229267565
-20,-3,-0.4742121889971177,-0.0003624854541680184,0.0004644510757283366
-20,-2,-0.4813932562610497,-0.0003622597559596267,0.0005785438472043011
-20,-1,-0.48881269208405037,-0.00031054737969662716,0.0006786332067925999
-20,0,-0.4964517087487412,-0.00021987609641507003,0.00075755069627844
-20,1,0.49571286473331805,-8.601996675424418e-05,0.0008054482753912394
-20,2,0.4877092692579696,8.928950807877765e-05,0.0008171824599787792
-20,3,0.47957055671474197,0.0002939366185622992,0.0007893121397091255
-20,4,0.4713334684181664,0.0005139702019510759,0.0007213728373831265
-20,5,0.4630379182979084,0.0007303018049017412,0.000616156924302536
-20,6,0.4547257139828092,0.000923711768016666,0.00047927500450246945
-20,7,0.4464391007280661,0.001078176025291267,0.0003192529965739344
-20,8,0.438219463353359,0.0011827471789111722,0.00014711005839947503
-20,9,0.4301058674369627,0.0012311851905019628,-2.4673667156567823e-05
-20,10,0.42213404384138764,0.0012220508287611872,-0.00018375011288301407
-20,11,0.41433548670655557,0.0011580895175930218,-0.00032027913086915083
-20,12,0.4067369952998659,0.0010470768011336912,-0.00042784066572731157
-20,13,0.3993605003390916,0.0009019279631427696,-0.0005026524711821211
-20,14,0.39222272392260343,0.0007379223220940577,-0.0005414083621435357
-20,15,0.3853353790684343,0.0005675013495316247,-0.0005432471692432218
-20,16,0.37870636793746687,0.0003962913991200609,-0.0005101473774754934
-20,17,0.37234050890197234,0.00024300224634533793,-0.0004576255698396362
-20,18,0.3662405678402767,0.0001312728631226582,-0.00038314201549205805
-20,19,0.36040382002307275,5.2408297243347236e-05,-0.0002720295397005286
-20,20,0.3548192188140746,1.962724933261334e-05,-0.00016228688373153176
-19,-7,-0.4458470567637874,-0.00024434684457892724,0.00013129143735142196
-19,-6,-0.45219250691377566,-0.0003882436787488457,0.0002519446482880787
-19,-5,-0.45882967125280033,-0.0004742744083229935,0.0003779741714664833
-19,-4,-0.46576123756857446,-0.0005399741638237413,0.0005031284853320708
-19,-3,-0.4729835022828811,-0.0005539830475392619,0.0006213893520090758
-19,-2,-0.4804864552619367,-0.0005199122615924143,0.0007283891873312647
-19,-1,-0.48825532063045163,-0.00043108288698997203,0.000817510132312684
-19,0,-0.49626914299596736,-0.00028984932857304823,0.0008802868042817244
-19,1,0.49549891761063675,-9.65839406633507e-05,0.0009078832098398117
-19,2,0.4870818015028838,0.0001419485875708419,0.0008939508009491184
-19,3,0.4785181637168951,0.00041146858066245015,0.0008344905491066504
-19,4,0.46985142174297656,0.0006923172379147432,0.0007293934365941008
-19,5,0.4611286250281848,0.0009612946867021919,0.0005824024442653555
-19,6,0.45239883403635034,0.001195286467831221,0.0004017384570595869
-19,7,0.4437112584117499,0.0013752590543545514,0.00019900449816062863
-19,8,0.4351134529407566,0.0014884383408879855,-1.1493325167454155e-05
-19,9,0.4266496563873608,0.0015290178840257436,-0.0002149274355071738
-19,10,0.4183594911446591,0.0014980219898092027,-0.0003978317412719873
-19,11,0.4102770211564661,0.0014025882798528002,-0.0005499079637046327
-19,12,0.40243033022292296,0.001254814883723167,-0.0006641851073329684
-19,13,0.3948413355359918,0.0010705603770259197,-0.0007373684316925179
-19,14,0.3875259287845402,0.0008663092067305572,-0.0007685491695626484
-19,15,0.3804945688186329,0.000656461760939189,-0.0007594991648288468
-19,16,0.3737532122926324,0.0004551844208122607,-0.0007167358070257937
-19,17,0.3673038367734458,0.0002786575793170154,-0.0006455145448563593
-19,18,0.3611446663241877,0.00013774837018001838,-0.0005471055133691339
-19,19,0.3552699557835253,3.9192270708481e-05,-0.0004299448322536033
-19,20,0.34967293618682943,-2.241726827213152e-05,-0.0002902644250567317
-19,21,0.3443422287460475,-1.9015090070814136e-05,-0.00016273551239006978
-18,-9,-0.4312828896154328,-0.00019472824288672494,4.270668873841352e-05
-18,-8,-0.4371924410891956,-0.00030823950353870474,0.00014453246140426848
-18,-7,-0.4434280279696368,-0.0005037108567560853,0.00026263491863808154
-18,-6,-0.44998774302285155,-0.0006372607384542835,0.000375928061420776
-18,-5,-0.4568745553272585,-0.0007234241648270524,0.000494234299147231
-18,-4,-0.4640897854996216,-0.0007684114238597893,0.0006126742003155935
-18,-3,-0.4716299049008588,-0.0007588787469013312,0.0007249999849923452
-18,-2,-0.47948504421703664,-0.0006902241759064732,0.0008247154932375189
-18,-1,-0.4876387631543411,-0.000557157830516634,0.0009035223573468672
-18,0,-0.4960674099140092,-0.00035921092981015704,0.0009517163347762417
-18,1,0.4952602376194257,-9.941258004209722e-05,0.0009595652125600494
-18,2,0.4863829113294496,0.00021157012679824338,0.0009193156921183535
-18,3,0.4773464372763674,0.0005547648691472588,0.0008263168433905787
-18,4,0.4682025238694422,0.0009042917664807796,0.0006807869458422063
-18,5,0.45900710968716923,0.0012307163418093655,0.0004884353456623371
-18,6,0.4498182174089947,0.00150582363929041,0.00026066982184129775
-18,7,0.44069342056228344,0.0017072701973969066,1.3299323456054453e-05
-18,8,0.43168753264306936,0.0018213714733308819,-0.00023558598548865145
-18,9,0.4228505277652438,0.0018443566794864256,-0.00046855684855935995
-18,10,0.4142260376006846,0.001781209053455896,-0.0006705732369896792
-18,11,0.4058504743863261,0.0016441824089939961,-0.0008309626687743882
-18,12,0.3977525996506543,0.0014503361454590482,-0.0009435980960633057
-18,13,0.3899536982948902,0.0012191686763694152,-0.0010065829325635574
-18,14,0.3824680261018354,0.0009699107728381471,-0.0010214346537456432
-18,15,0.37530362349741075,0.0007202123475036916,-0.0009930050140139943
-18,16,0.36846329922706733,0.00048610619259131435,-0.000927724221352535
-18,17,0.361945349476156,0.00028144585540541345,-0.0008317680415899877
-18,18,0.3557442487682555,0.00011676300761645677,-0.000711946145052951
-18,19,0.3498514501073734,-3.3070578389304532e-06,-0.0005733509415340332
-18,20,0.3442567813971981,-7.11077789065109e-05,-0.0004283321143638174
-18,21,0.33894994158325964,-8.894141870391155e-05,-0.0002738184371228198
-18,22,0.33391781387025704,-4.421847818131474e-05,-0.00014151377789489754
-17,-10,-0.42253052711753447,-0.0002538459352503148,5.75268406488189e-05
-17,-9,-0.42827756255857446,-0.0004504985706132797,0.00012993058364847989
-17,-8,-0.4343569191722871,-0.0006122240868262854,0.00022626459631426717
-17,-7,-0.4407846448901745,-0.0007821132269819493,0.0003322520854966537
-17,-6,-0.4475714401070187,-0.0009089786503935749,0.0004404494469267896
-17,-5,-0.4547238399295244,-0.0009885156920556896,0.0005530650339463945
-17,-4,-0.46224462203566846,-0.001016023525652127,0.0006662008210421723
-17,-3,-0.4701309979715618,-0.0009807427141619428,0.0007737154866804951
-17,-2,-0.4783730763696687,-0.0008747027731355687,0.0008675966024095558
-17,-1,-0.48695280176343547,-0.0006913108533648681,0.0009380181139586696
-17,0,-0.49584317819978657,-0.0004290941192786002,0.0009733202932984493
-17,1,0.4949923220929335,-9.305575140640825e-05,0.000961921524202677
-17,2,0.485599739125514,0.00030180058329769423,0.000894177033178083
-17,3,0.476033975721735,0.000729937406746764,0.0007645569379199134
-17,4,0.46635725781453824,0.0011572362790678737,0.0005740647777896358
-17,5,0.4566367723060824,0.0015458597064873058,0.0003314267024251417
-17,6,0.44694162857898595,0.0018612346080332874,5.2656663690257366e-05
-17,7,0.43733951744082705,0.0020777122483550056,-0.00024125040373090673
-17,8,0.42789363017127546,0.0021822833369135363,-0.0005276709881649785
-17,9,0.41866019923728215,0.0021749200702497265,-0.0007858752645768515
-17,10,0.40968681400846385,0.002066636240809873,-0.000999633769916054
-17,11,0.40101163597994466,0.0018761835681061208,-0.0011587558436117835
-17,12,0.3926632699487843,0.0016264099938382718,-0.0012586898541197006
-17,13,0.3846612873664695,0.0013412129677181674,-0.0013003249681066923
-17,14,0.3770171105135764,0.0010431170299019263,-0.001288229670625834
-17,15,0.36973512638413725,0.000751748962840906,-0.0012296651445604483
-17,16,0.3628138925615319,0.00048366669418208215,-0.0011331429158461487
-17,17,0.356247247072512,0.0002519947376580475,-0.0010072635515791157
-17,18,0.3500253937494666,6.590725368332652e-05,-0.0008599007891862486
-17,19,0.3441359067547251,-6.784908968460521e-05,-0.0006992243086840817
-17,20,0.3385644718693662,-0.00014549347494873365,-0.0005299971610381811
-17,21,0.33329494589081765,-0.00016114048053461464,-0.00035856658780875956
-17,22,0.32830667957850007,-0.00011989091290006437,-0.00017313822409718643
-16,-11,-0.41359806213036204,-0.0002801790289776906,4.506654038887835e-05
-16,-10,-0.41913394969684875,-0.0005252584696963075,0.00010025141281102087
-16,-9,-0.42501349153072165,-0.0007324828050947731,0.0001668248127041006
-16,-8,-0.4312577121595555,-0.0009150634183046506,0.0002497776128272659
-16,-7,-0.4378852020343143,-0.0010790942958410702,0.00034346460115338215
-16,-6,-0.44491127042016837,-0.001202440487157728,0.00044451272894989024
-16,-5,-0.4523467751282364,-0.0012747383464664017,0.0005517634341505743
-16,-4,-0.4601974147714771,-0.0012859960838791822,0.0006611362343837321
-16,-3,-0.46846212872962223,-0.0012237930654629798,0.0007658308237032956
-16,-2,-0.47713125295209396,-0.0010769595925654671,0.0008564409383570003
-16,-1,-0.48618506845930914,-0.0008368154830603783,0.0009211528454874172
-16,0,-0.495592568244259,-0.0005007840721594281,0.0009456769709866392
-16,1,0.4946893305741727,-7.591080298820983e-05,0.0009155245973094082
-16,2,0.4847159169299487,0.0004175640786193439,0.0008183946943249482
-16,3,0.4745537548937055,0.0009448554440063282,0.0006477684986876149
-16,4,0.4642786630676652,0.0014605486894210598,0.00040624326805022224
-16,5,0.4539721815530587,0.0019157307294259498,0.00010699698430566842
-16,6,0.4437172770265018,0.002268147580259611,-0.00022743990811625192
-16,7,0.43359382433407034,0.002489671956731347,-0.0005691572255819939
-16,8,0.4236745780286357,0.0025701067284305567,-0.0008899593147239344
-16,9,0.41402231531435724,0.0025160440254659,-0.0011661970715386033
-16,10,0.4046881475553063,0.0023469003206672474,-0.0013808924454525502
-16,11,0.39571098751088224,0.002089732511480981,-0.0015256540791486444
-16,12,0.3871179302733646,0.0017741353136209767,-0.0015990125621802155
-16,13,0.3789252952160452,0.0014287872976040733,-0.0016058028539157807
-16,14,0.37114009481791427,0.00107895057008181,-0.001554306702256738
-16,15,0.36376161257537115,0.0007455688767961251,-0.001455193054542894
-16,16,0.356782975745293,0.000444979722954714,-0.0013196318478923717
-16,17,0.3501925779197401,0.0001890629633048632,-0.0011582819583837672
-16,18,0.34397545793332124,-1.3917539014594732e-05,-0.0009807540063015562
-16,19,0.33811443500591465,-0.0001588663305849025,-0.0007949630831291625
-16,20,0.33259086151322864,-0.00024257687156877493,-0.0006081449043670545
-16,21,0.3273850105647884,-0.0002651815798199561,-0.0004248619263266403
-16,22,0.32247808064057626,-0.00022340979729927523,-0.0002581836878190593
-16,23,0.3178533635935766,-0.00010082915577137821,-0.00012143841719039521
-15,-12,-0.40453809907720484,-0.00029073286095406047,1.8524199517062798e-05
-15,-11,-0.40981782866944194,-0.0005641712649861776,4.9438844589184394e-05
-15,-10,-0.41544825229183724,-0.0008111876197897928,8.889039465369267e-05
-15,-9,-0.42145464065084665,-0.0010321113300137612,0.0001412538483918687
-15,-8,-0.4278620073550499,-0.0012283682018794997,0.00020935057804993858
-15,-7,-0.4346936073507373,-0.0013956489170925935,0.0002909252086831961
-15,-6,-0.4419698404677977,-0.0015194247406227022,0.00038412764135266385
-15,-5,-0.44970657245365725,-0.0015866628199883918,0.00048673097856171316
-15,-4,-0.45791370983860336,-0.0015832233134541569,0.000594109135552443
-15,-3,-0.4665929028039477,-0.0014935144028016786,0.0006987700004741599
-15,-2,-0.4757353465488003,-0.0013023861394559453,0.0007896223706463503
-15,-1,-0.4853197160687944,-0.0009980389191585665,0.0008522318861769633
-15,0,-0.4953103022999487,-0.000576109135951944,0.0008686285482796866
-15,1,0.4943441465119342,-4.588150887238564e-05,0.0008201739728439659
-15,2,0.4837108208056138,0.0005653602979429845,0.000690927005694488
-15,3,0.4728716346188633,0.0012098991272805942,0.0004731546544967173
-15,4,0.4619202009258047,0.0018263242586268626,0.00017236080723423975
-15,5,0.4509566547830985,0.0023511619625578737,-0.00019142384873183308
-15,6,0.4400814033152875,0.002733489205101342,-0.0005863113687009873
-15,7,0.4293888303071168,0.002944670132730081,-0.000975501180860552
-15,8,0.4189623696981339,0.0029809564712649983,-0.0013244439467474745
-15,9,0.40887120896342144,0.002859552911463404,-0.0016069149972669375
-15,10,0.3991689208740969,0.0026113633902190955,-0.0018070550568441276
-15,11,0.38989349682392255,0.002273468458754568,-0.001920095527223595
-15,12,0.3810684852536798,0.001882977741845295,-0.0019497645597519905
-15,13,0.3727049189392538,0.0014729810813820618,-0.0019059945881987508
-15,14,0.36480339515427146,0.0010708333203928665,-0.0018020583434848825
-15,15,0.35735630062634505,0.0006974846424599133,-0.0016524206660635265
-15,16,0.35034993152763433,0.0003682179873439807,-0.0014710631384613824
-15,17,0.3437661606591403,9.309751230970687e-05,-0.0012705514940667235
-15,18,0.3375839476465263,-0.00012155791390787019,-0.0010615905932143213
-15,19,0.33178070174192253,-0.0002722032097913151,-0.0008528717946392546
-15,20,0.3263332265130337,-0.0003573337022070887,-0.0006515083812035997
-15,21,0.32121814714450414,-0.0003754635193733936,-0.0004642129198542764
-15,22,0.3164126718156716,-0.00032146161497411595,-0.00029490652652823605
-15,23,0.3118930607655979,-0.0002035627134957814,-0.00013019251099605187
-14,-13,-0.3954052279116855,-0.00029092545958030256,-1.6283933588053744e-05
-14,-12,-0.40038818186373193,-0.0005789710459853523,-1.675149700556556e-05
-14,-11,-0.4057223150426585,-0.000854096454208035,-7.996450947370167e-06
-14,-10,-0.4114367522286144,-0.0011115370407495844,1.1919813090916515e-05
-14,-9,-0.41756215608272,-0.0013475900496468427,4.7016781868917326e-05
-14,-8,-0.4241288920295393,-0.0015579925576895703,9.933423888851046e-05
-14,-7,-0.431166596695099,-0.0017346504909856511,0.0001685020298265292
-14,-6,-0.43870222935929093,-0.0018637086822776052,0.0002537748233709008
-14,-5,-0.4467583093435938,-0.001929579468499296,0.0003527272660034365
-14,-4,-0.4553505451817182,-0.0019140710808933528,0.00046048186596890823
-14,-3,-0.46448478527387715,-0.0017971191264463985,0.0005687312840918566
-14,-2,-0.4741541956553415,-0.0015582150246758123,0.0006643730788459464
-14,-1,-0.4843361157680124,-0.0011808257397106716,0.0007295128644287238
-14,0,-0.4949893863408371,-0.0006576698434832248,0.0007412826994192753
-14,1,0.49394761391702724,-9.23779791252584e-08,0.0006749524298036013
-14,2,0.4825577309137891,0.0007542671193989967,0.0005095063209652823
-14,3,0.4709434575706279,0.0015391591196386213,0.00023587082080745738
-14,4,0.4592222634712416,0.002270069530737078,-0.00013534646434664748
-14,5,0.44751865158701687,0.002864681844455307,-0.0005732372921536821
-14,6,0.43595489024165757,0.0032634841383611408,-0.0010327693603248
-14,7,0.42464246748614015,0.003441371106904927,-0.0014657485220328178
-14,8,0.41367616519805,0.003406754734265131,-0.0018311512163330496
-14,9,0.40313070849470495,0.003192773483397621,-0.0021018913671852863
-14,10,0.39306007043085706,0.0028454195609774894,-0.002265947936397587
-14,11,0.3834987290518195,0.0024133226437533842,-0.0023251042881753115
-14,12,0.37446381618246466,0.0019410124820458527,-0.0022905389167030064
-14,13,0.3659582668489791,0.00146513702593128,-0.0021790848164258674
-14,14,0.3579738738451611,0.0010133493178028146,-0.0020096529341564256
-14,15,0.35049404631265246,0.0006053209518608887,-0.0018008068318051559
-14,16,0.3434965826588215,0.0002539234213668378,-0.001569018427197736
-14,17,0.3369556890549527,-3.325749203628948e-05,-0.0013281364115825703
-14,18,0.3308434265742383,-0.00025244857190090517,-0.0010894293960357045
-14,19,0.32513122782010057,-0.0004021717718095362,-0.000861437947773154
-14,20,0.319790987130285,-0.000482005829015313,-0.0006510986205181088
-14,21,0.3147954861194509,-0.0004920085501693829,-0.0004632589318887367
-14,22,0.3101191181100318,-0.0004346777703049297,-0.0002997014652707163
-14,23,0.3057402057226127,-0.00030898863758140575,-0.00016968137554509524
-14,24,0.3016417412896086,-0.00012562949620649043,-6.701651318801397e-05
-13,-14,-0.38625608290364744,-0.0002829578547373085,-5.546818512693771e-05
-13,-13,-0.3909070576856816,-0.0005752596674204673,-9.187247222416075e-05
-13,-12,-0.3959027896962724,-0.0008671507917911198,-0.00011785687549390635
-13,-11,-0.4012751479982761,-0.0011526126839595514,-0.00013387206667015474
-13,-10,-0.4070592258247376,-0.0014251086078271877,-0.0001361497504323655
-13,-9,-0.4132916009573574,-0.0016791478121641178,-0.00012115248264212658
-13,-8,-0.42000992214655886,-0.001907527307280041,-8.623799374777062e-05
-13,-7,-0.42725209123365615,-0.0020995979044112546,-3.0390828983496617e-05
-13,-6,-0.4350536989963515,-0.002240013324019762,4.666174293354517e-05
-13,-5,-0.44344637433982126,-0.0023099497670319197,0.00014297634261932246
-13,-4,-0.45245387571563817,-0.0022866384823475336,0.0002537969451944093
-13,-3,-0.4620887196893239,-0.0021439674089317705,0.0003699249830731014
-13,-2,-0.4723477323877087,-0.0018542176455987535,0.0004761649030870568
-13,-1,-0.4832076486176578,-0.00139328072822797,0.0005500487317422777
-13,0,-0.4946209555360525,-0.0007489726157655833,0.0005618315150704052
-13,1,0.4934872915047985,6.54132727924082e-05,0.0004779333798377902
-13,2,0.48122097871728287,0.0009972019571063415,0.0002700746334277761
-13,3,0.46871091459938036,0.0019518671456819953,-7.193040596877441e-05
-13,4,0.45610724520833507,0.002811606027726672,-0.0005284684630332429
-13,5,0.4435667081227543,0.003470223198805934,-0.0010515736383543053
-13,6,0.43123882462542557,0.003862079103809912,-0.0015774851202957035
-13,7,0.4192546724633476,0.0039732775490709474,-0.0020444275379316247
-13,8,0.40772005716903187,0.0038331084660953407,-0.002406225974257768
-13,9,0.396713068574237,0.0034972553882158027,-0.0026385506857103335
-13,10,0.3862845946701541,0.003030274328594812,-0.0027376303543524398
-13,11,0.3764615989769648,0.002493109667257793,-0.002715574538825446
-13,12,0.36725094015879717,0.0019362657549718194,-0.002593749924457841
-13,13,0.3586438516319254,0.0013977746192731179,-0.002397251479446626
-13,14,0.350620378196989,0.000903497131443795,-0.0021508814515784186
-13,15,0.3431527282607175,0.0004697078985080478,-0.0018768389607741434
-13,16,0.3362084562875649,0.00010570384915795722,-0.0015932393383857393
-13,17,0.32975289355930243,-0.0001844082155057427,-0.0013142367164668128
-13,18,0.3237505195401726,-0.00039983439520158295,-0.001050497744692948
-13,19,0.3181663691009483,-0.0005412801307886549,-0.0008093986756822796
-13,20,0.31296716428392285,-0.0006101113106407926,-0.000596153968409322
-13,21,0.3081216748381678,-0.0006082623498175264,-0.0004134197064918463
-13,22,0.3036011132927695,-0.0005372250483345231,-0.0002633518820803945
-13,23,0.2993800223229006,-0.00040010956855713334,-0.00014346154685669502
-13,24,0.29543655100460275,-0.0002172130013480618,-4.6548698900140915e-05
-12,-15,-0.3771472905710821,-0.00026788004513982657,-9.563956125228171e-05
-12,-14,-0.38143776903854143,-0.0005563799466328991,-0.00016894827075788094
-12,-13,-0.38606002512401144,-0.0008546545737298739,-0.00023215109611084302
-12,-12,-0.3910471753877765,-0.001157686777393037,-0.00028730322798477145
-12,-11,-0.3964368515131697,-0.0014584324641745995,-0.0003313292771189831
-12,-10,-0.40227038694062955,-0.0017505615260528676,-0.00035980013276441515
-12,-9,-0.40859175674118176,-0.002027263468575021,-0.00036863220970353533
-12,-8,-0.4154481238318662,-0.0022794207647150178,-0.0003540264903393637
-12,-7,-0.4228875857380344,-0.0024941585332675866,-0.0003136473233222375
-12,-6,-0.43095750579825604,-0.002653779195303942,-0.00024590688595062623
-12,-5,-0.43970160864388824,-0.002735614502193422,-0.00015174196786183345
-12,-4,-0.44915536626187313,-0.002711147947296737,-3.525330486365442e-05
-12,-3,-0.4593416355851826,-0.0025464375780467102,9.389830211837166e-05
-12,-2,-0.4702636841135442,-0.002203627208769395,0.00021798945857728083
-12,-1,-0.48189912559372705,-0.0016469196225184278,0.00030887927825467914
-12,0,-0.49419322330446974,-0.0008553102854275558,0.00032712581666877974
-12,1,0.49294620192668664,0.00015649073041363825,0.00022592255161803078
-12,2,0.4796521662982197,0.0013129115348616473,-3.4036701937709696e-05
-12,3,0.46609570439562786,0.0024748360754842567,-0.00046274989614674143
-12,4,0.45247271302901043,0.00347598177294179,-0.0010243821216861383
-12,5,0.4389828433585081,0.004181650342755184,-0.0016439468008314618
-12,6,0.42580897137497375,0.004527967510729529,-0.0022321323981810866
-12,7,0.4131033497047325,0.004525544594884651,-0.002712675615057838
-12,8,0.400980780021013,0.004236960042380263,-0.0030383215191763864
-12,9,0.38951826326920147,0.0037477550655613655,-0.0031940478870978715
-12,10,0.3787581119126863,0.003143485967783534,-0.003190905365938218
-12,11,0.3687138790334296,0.002495914810430291,-0.0030558972973287334
-12,12,0.3593769564027309,0.0018584421159311367,-0.002822980884305416
-12,13,0.3507226414641081,0.0012667499802734366,-0.0025261387578881843
-12,14,0.34271583289731655,0.0007421717264429554,-0.002195362174381627
-12,15,0.33531516085603846,0.00029539769829444655,-0.0018549052459265415
-12,16,0.3284763693309611,-6.9186293069123e-05,-0.0015230370745295825
-12,17,0.3221548781115131,-0.00035169585226895903,-0.0012127193846217723
-12,18,0.3163070471063383,-0.0005546773721300056,-0.00093264893834071
-12,19,0.3108913092492045,-0.0006811007569200563,-0.0006878029925006689
-12,20,0.30586914677836435,-0.0007340827666610576,-0.0004806324409529059
-12,21,0.30120517598361446,-0.0007164359080010906,-0.00031136798569097546
-12,22,0.29686707442062865,-0.000631243216762373,-0.00017833439279245713
-12,23,0.29282528892564497,-0.0004840620968728109,-7.781124315333937e-05
-12,24,0.28905196601873334,-0.000279418124106663,-1.4018035229554891e-05
-11,-16,-0.368132711428787,-0.0002452402138628168,-0.00013279399845548786
-11,-15,-0.3720419080763037,-0.0005241920790040806,-0.00023847868679009802
-11,-14,-0.37626433802529086,-0.000819487430438703,-0.00033917422805782087
-11,-13,-0.38083252976809767,-0.0011293413687703193,-0.0004362116780102665
-11,-12,-0.3857844282759784,-0.0014478616907768456,-0.0005260018746190529
-11,-11,-0.3911638955542173,-0.0017688845652359957,-0.0006036773991510859
-11,-10,-0.39701926875853244,-0.0020861635114920187,-0.0006640224188194399
-11,-9,-0.4034040614883108,-0.002391831961170958,-0.0007019546501045101
-11,-8,-0.41037670303971213,-0.002675388353693082,-0.0007123879628786185
-11,-7,-0.41799833355573757,-0.0029219780299800796,-0.00069137681121424
-11,-6,-0.4263317833124871,-0.0031110973136168176,-0.0006356242119964387
-11,-5,-0.4354371639316234,-0.0032157075894772434,-0.0005441627774035002
-11,-4,-0.44536740486523396,-0.003200383245406675,-0.00041981625940471694
-11,-3,-0.456160849460819,-0.0030206987153655177,-0.0002719346388486675
-11,-2,-0.4678321589838484,-0.0026244687193561615,-0.00012075140716398335
-11,-1,-0.48036266232228625,-0.001958125937804234,-1.6647441291493228e-06
-11,0,-0.49369001578446053,-0.0009845429217280007,3.209291544679179e-05
-11,1,0.4923006289421138,0.0002822066041142168,-8.64760972911228e-05
-11,2,0.47778392074148346,0.0017298434979373556,-0.00041377405394873795
-11,3,0.46299038193200975,0.0031459749419789134,-0.000956384820545742
-11,4,0.4481814670370847,0.004293640561863581,-0.001648503316443324
-11,5,0.43361358184464127,0.005009560095289766,-0.002372713027356826
-11,6,0.41950895772901575,0.005249560832204162,-0.0030068112254643693
-11,7,0.4060402578400295,0.005070602600856736,-0.0034629436559304055
-11,8,0.3933261177301563,0.00458416580009322,-0.0037021594007191497
-11,9,0.3814344982412323,0.003912288957641356,-0.003729450224214653
-11,10,0.3703906471882934,0.003160557003091753,-0.0035789912554945527
-11,11,0.3601868099976228,0.0024068810715884865,-0.0032975116347852104
-11,12,0.35079210505808806,0.0017016754672357015,-0.0029325446085946435
-11,13,0.3421609879455238,0.0010736533747790647,-0.002525774399416438
-11,14,0.33423981650466045,0.0005361102589622906,-0.0021100431115191635
-11,15,0.32697136863161236,9.248432514879227e-05,-0.0017092290338380739
-11,16,0.3202983036417426,-0.0002591475813037335,-0.001339439351622319
-11,17,0.3141655384175296,-0.0005233087587574139,-0.0010106719821074822
-11,18,0.308521133014368,-0.000705708369402302,-0.000727876304487023
-11,19,0.303317044069072,-0.000811541948834089,-0.000492672414056753
-11,20,0.29850976259438855,-0.0008452650835455841,-0.000304523964096711
-11,21,0.2940600911940878,-0.0008109028347712448,-0.00016068916333440093
-11,22,0.2899324649953889,-0.000711930327993103,-5.803428873117378e-05
-11,23,0.2860943092737278,-0.000550195686717602,4.995304371018827e-06
-11,24,0.2825153090540709,-0.0003201849099604578,2.5291483967523882e-05
-10,-17,-0.35925875451153566,-0.00020651404515786687,-0.00015418016609548425
-10,-16,-0.3627749905685016,-0.00047662673006535633,-0.00028094724437448406
-10,-15,-0.36658226813991324,-0.0007612282055671779,-0.0004212102259778993
-10,-14,-0.37070905447686964,-0.0010687599273476874,-0.0005645659985559636
-10,-13,-0.3751920725497728,-0.0013945746950845771,-0.0007047754284463753
-10,-12,-0.3800751546729359,-0.0017336686105401417,-0.000836748601628477
-10,-11,-0.38540868126094485,-0.002080628251676999,-0.0009553495869523147
-10,-10,-0.39124934862430405,-0.0024294526472451463,-0.001054821840572717
-10,-9,-0.3976618519689424,-0.0027718298963430757,-0.0011290856020305454
-10,-8,-0.4047176829641399,-0.0030962612724725505,-0.0011716514933423827
-10,-7,-0.41249462602379106,-0.003386197013525104,-0.0011765082498847968
-10,-6,-0.42107542200634657,-0.0036184229470425638,-0.0011377520234273663
-10,-5,-0.43054318832778393,-0.00376087100898798,-0.001051586678387069
-10,-4,-0.44097587570631497,-0.0037699748966288247,-0.0009183559328717161
-10,-3,-0.4524358079566178,-0.0035878415889052597,-0.0007460252846014946
-10,-2,-0.4649573854313558,-0.003141941324894983,-0.000556481413185882
-10,-1,-0.47853122538298126,-0.0023510178426063926,-0.000393771158393869
-10,0,-0.4930882638447894,-0.0011489991855843575,-0.0003311750281121671
-10,1,0.4915162564397073,0.000457405292296254,-0.0004678506450466669
-10,2,0.47551935674115703,0.002292446842676362,-0.0008874110139302387
-10,3,0.45924391882260857,0.004018534143195158,-0.0015846480887774887
-10,4,0.4430468694402094,0.0052984913619558175,-0.0024373407186517176
-10,5,0.4272577870433182,0.005954078824992911,-0.003263338012766797
-10,6,0.4121419595760854,0.005996940631946059,-0.0039033923684448544
-10,7,0.3978870117551462,0.005562710337767618,-0.00426953229899013
-10,8,0.384604611676712,0.004828424585756855,-0.004348829392000075
-10,9,0.3723407252717854,0.0039544905810201016,-0.004182026011707585
-10,10,0.36109075197309926,0.0030594060008737713,-0.003835403805320943
-10,11,0.350815433903187,0.0022176508851260053,-0.0033778456453375538
-10,12,0.34145393598563667,0.0014685895929715741,-0.002868497706138168
-10,13,0.3329344679979544,0.0008285243797732769,-0.002352806336146339
-10,14,0.32518176708276186,0.0002997400145826325,-0.0018623915784670225
-10,15,0.31812113037216366,-0.00012303474523085316,-0.001417264721727728
-10,16,0.3116814076229896,-0.00044806736333503796,-0.0010283614294618758
-10,17,0.30579704505438177,-0.0006841262361282652,-0.0007005204160066014
-10,18,0.3004082404688635,-0.0008394899749001621,-0.00043395979669005256
-10,19,0.295461024442763,-0.0009210899804967108,-0.00022618464870972945
-10,20,0.29090758482656315,-0.0009342718701771078,-7.326869946855316e-05
-10,21,0.2867056737386857,-0.000883137381119322,2.9631354300466727e-05
-10,22,0.2828174240669065,-0.0007700084134512365,8.654726781306825e-05
-10,23,0.27920856315785003,-0.0005930915757389803,9.979543643796311e-05
-10,24,0.2758478992736344,-0.0003428818061424878,6.924947878471064e-05
-9,-17,-0.35367550157958444,-0.00036803958638323474,-0.00022774905920028133
-9,-16,-0.3570731104969901,-0.0006652393076264614,-0.00044902987273113306
-9,-15,-0.3607493264092859,-0.0009724223025445388,-0.0006537487375451807
-9,-14,-0.36474577102224237,-0.0012990621083291871,-0.0008510375581012525
-9,-13,-0.3691054137308912,-0.001645944206140772,-0.0010418248390050874
-9,-12,-0.3738779174365082,-0.0020106564038562297,-0.0012234778999450726
-9,-11,-0.3791203137901425,-0.0023893008455802265,-0.0013912427447805044
-9,-10,-0.3848987610704512,-0.0027767091544860546,-0.0015388878049874435
-9,-9,-0.39128984159881863,-0.0031646199378256336,-0.0016592833359886769
-9,-8,-0.3983803943446999,-0.003541216421700872,-0.0017441810559388263
-9,-7,-0.40626891895820333,-0.0038887744639025078,-0.001784857696772763
-9,-6,-0.41506379553055134,-0.004181663407040798,-0.0017720401387829648
-9,-5,-0.4248795688789936,-0.004382671569459511,-0.0016976426717078357
-9,-4,-0.43583018060980805,-0.004438721063322693,-0.0015575088734520594
-9,-3,-0.4480158311405859,-0.0042752516541121185,-0.001355973305356699
-9,-2,-0.461504695164279,-0.003791343481880687,-0.0011148629244832054
-9,-1,-0.4763080308069792,-0.00286257518638556,-0.0008875140128388453
-9,0,-0.4923540167624057,-0.0013695160833311743,-0.00077566627807499
-9,1,0.49054086087136556,0.0007076982590015425,-0.0009324125103113399
-9,2,0.47271339708109783,0.00307232563844113,-0.0014867935077167527
-9,3,0.454638508446392,0.005165527769245065,-0.002398865886155843
-9,4,0.4368115194568794,0.006520511021617701,-0.003440802103664849
-9,5,0.41965068113031356,0.006991499003586827,-0.004337733435024266
-9,6,0.4034615836588253,0.006710718399090089,-0.004901348818445864
-9,7,0.38843259875904246,0.005933761533256207,-0.0050719120754380365
-9,8,0.37464825454696865,0.00491401730582091,-0.004892178593819769
-9,9,0.36211209824055557,0.0038404838687748606,-0.004457550147130489
-9,10,0.3507722456234247,0.002827863432638627,-0.0038718054842577184
-9,11,0.34054533979443197,0.0019327471475281462,-0.0032223166165278763
-9,12,0.331332945814292,0.001174556304398032,-0.002572993266417935
-9,13,0.32303239982911974,0.0005524306854238833,-0.0019659581892305824
-9,14,0.3155445062346459,5.59734690813515e-05,-0.0014257792838619154
-9,15,0.3087765368295848,-0.0003288363871661188,-0.0009641172882200634
-9,16,0.30264382203853624,-0.0006156029597482616,-0.0005839960266729539
-9,17,0.2970711306190608,-0.0008163999166342201,-0.00028316928692470594
-9,18,0.29199194234728354,-0.0009412278761567342,-5.637905567656672e-05
-9,19,0.2873475578377793,-0.0009976363617672781,0.00010342328484256505
-9,20,0.28308698414732447,-0.0009907712023067897,0.00020315721065930384
-9,21,0.27916599096339473,-0.0009241392752165363,0.00024958359479505305
-9,22,0.2755456466138808,-0.0007984558999509024,0.00024801494214280335
-9,23,0.2721911264152246,-0.0006099048432407137,0.0002025065044962943
-9,24,0.2690712562755085,-0.0003486131818352433,0.00011618402844961582
-8,-18,-0.3448188230242164,-0.00023207035776280573,-0.00023214403436751675
-8,-17,-0.3477948834905376,-0.0005399712001936189,-0.00046406138752817116
-8,-16,-0.3510190644317438,-0.0008431366746305126,-0.0007082890723577822
-8,-15,-0.3545236621694192,-0.0011644952619917117,-0.0009562469543299676
-8,-14,-0.35834831995404226,-0.0015093604882167673,-0.0012045946857328798
-8,-13,-0.36253910797877953,-0.0018793405646263617,-0.0014500315629403355
-8,-12,-0.3671504255721178,-0.0022733260736242456,-0.0016886624075678675
-8,-11,-0.3722458438343057,-0.0026889367323415098,-0.001915018266541344
-8,-10,-0.37790077680381523,-0.0031219622084549823,-0.002122178013595545
-8,-9,-0.3842042464016481,-0.003564979039004679,-0.0023018278093750854
-8,-8,-0.3912610576074643,-0.004006700924782996,-0.0024436457103297208
-8,-7,-0.39919401322566045,-0.004429167101525074,-0.002535544831455387
-8,-6,-0.40814362484240935,-0.00480498284590948,-0.00256395147927612
-8,-5,-0.41826666117237593,-0.005092518451887957,-0.0025145594366792444
-8,-4,-0.4297291431360078,-0.005228581581682529,-0.0023757376520906694
-8,-3,-0.44269075664966356,-0.005118355088201176,-0.0021441986217290293
-8,-2,-0.4572785336555374,-0.004622705002544792,-0.0018375211660497947
-8,-1,-0.4735472752684401,-0.003550585500390857,-0.001517099393334835
-8,0,-0.49143418000774297,-0.0016837299791655858,-0.0013236360322728138
-8,1,0.48928986242272177,0.00108145083720552,-0.0015050048986046457
-8,2,0.4691387227030448,0.004187972310938713,-0.0022696279320443737
-8,3,0.44885252193434877,0.00667991044331777,-0.003481676637381517
-8,4,0.42911653908805175,0.007966201283153684,-0.004719278472995674
-8,5,0.41044412065057484,0.008051702667463221,-0.005594210523418225
-8,6,0.3931642392070585,0.00728998620259014,-0.005928811655411484
-8,7,0.37743591354082073,0.006095411037106872,-0.005748681478102577
-8,8,0.3632811574434493,0.004787143991646054,-0.005193535794999296
-8,9,0.3506306092787595,0.0035522512970100934,-0.004426435153769519
-8,10,0.3393641876430658,0.0024745883114094735,-0.0035816705612917855
-8,11,0.3293414559250226,0.001576863566743925,-0.0027518546554109267
-8,12,0.32041983626969756,0.0008515319271676662,-0.0019929806366627734
-8,13,0.31246323125795,0.0002786616372988212,-0.0013341748946106183
-8,14,0.3053480232114258,-0.00016410211945191175,-0.0007862472882408798
-8,15,0.29896449908264644,-0.000497612817812568,-0.0003482807328698545
-8,16,0.2932161749958458,-0.0007390869976102658,-1.294979959465111e-05
-8,17,0.28801988901548975,-0.0009019918049450297,0.000229662379034054
-8,18,0.28330428361091253,-0.0009966601610925437,0.0003908540569643189
-8,19,0.27900781048780426,-0.0010299171486579132,0.0004814236670699042
-8,20,0.2750777577666838,-0.0010060408519315138,0.0005109252449455888
-8,21,0.27146932020927533,-0.0009273820588259964,0.00048774083335117324
-8,22,0.26814379399279675,-0.0007932803020574948,0.00041836488011592215
-8,23,0.2650668973408904,-0.0005994493576350262,0.00030861207515111547
-8,24,0.2622083029267055,-0.00033782644832125344,0.00016397401388129116
-7,-19,-0.3362527906921496,-0.00018028073947551237,-0.00022051126859114027
-7,-18,-0.33880227362584103,-0.0004152434590278068,-0.00045536309195090183
-7,-17,-0.34157648090195036,-0.0006944824577118823,-0.0007233950664901732
-7,-16,-0.3445936946845086,-0.0009990830537164716,-0.0010129807141226834
-7,-15,-0.3478856136094029,-0.0013313205716001802,-0.0013131474478714693
-7,-14,-0.351492018629154,-0.0016937335164083683,-0.0016188411481700758
-7,-13,-0.35546132253695933,-0.0020878133947621934,-0.0019261424623516685
-7,-12,-0.35985147738948475,-0.0025137244365513694,-0.0022308168298957143
-7,-11,-0.3647315351252345,-0.0029706164117527453,-0.0025273599188092508
-7,-10,-0.3701854474348646,-0.003455747451714903,-0.002808504316908532
-7,-9,-0.3763150239102546,-0.003963576958906763,-0.0030648157503600196
-7,-8,-0.3832438276661502,-0.004484533894941872,-0.003284060887838485
-7,-7,-0.391121627959624,-0.005001855855563382,-0.003450608520958229
-7,-6,-0.4001279900768463,-0.005488304277821035,-0.0035452933393592145
-7,-5,-0.41047447596560294,-0.005899340540539432,-0.0035455550382646173
-7,-4,-0.4224008424703748,-0.006162749461802777,-0.0034282781204693566
-7,-3,-0.4361600851124433,-0.006161299340766335,-0.003176309221992052
-7,-2,-0.45198344156072173,-0.005706500177896187,-0.0027943570528338587
-7,-1,-0.4700163766659525,-0.00450782332124057,-0.002344780513414022
-7,0,-0.4902383609284403,-0.0021669013275016327,-0.0020163824330219405
-7,1,0.4876130225848039,0.0016800464226914636,-0.002232541903644564
-7,2,0.4644223986748869,0.005834719759545122,-0.0033461535082713444
-7,3,0.44140163458484527,0.008657602466158378,-0.004959636937831215
-7,4,0.4194582207936965,0.00957606174857479,-0.006321088453030178
-7,5,0.399184707218637,0.008986523806355787,-0.006957727546453731
-7,6,0.3808889957327167,0.007588797701719682,-0.00681060865538351
-7,7,0.364638966901775,0.005957795211968968,-0.006085945255604396
-7,8,0.35033713655337123,0.004420488539192667,-0.005054331715209215
-7,9,0.33780211399998056,0.0031068560294807957,-0.0039314124011880025
-7,10,0.32682491954279613,0.0020405849047677987,-0.0028546228727441055
-7,11,0.3171985174241113,0.001199967978733497,-0.001898420980910616
-7,12,0.308732996234178,0.0005488672563018731,-0.0010944588630405682
-7,13,0.30125967489731814,5.118876749717528e-05,-0.0004483964974026268
-7,14,0.29463279972900436,-0.0003238288537982083,4.8870098330351685e-05
-7,15,0.2887287373878418,-0.0006003462138069467,0.00041309157814018474
-7,16,0.28344253832695965,-0.0007964043502132039,0.0006623880287767023
-7,17,0.2786860541721561,-0.0009246922508971479,0.0008142550602822729
-7,18,0.2743857207820003,-0.0009940038993780658,0.0008845541254541496
-7,19,0.2704793865805868,-0.0010097939073439185,0.0008869166512759769
-7,20,0.2669146046442395,-0.0009747829285858352,0.0008325368077966429
-7,21,0.2636475567623414,-0.000889765347682929,0.00073057962967858
-7,22,0.2606410293637262,-0.000753464021141654,0.0005883338272928531
-7,23,0.2578625135811306,-0.0005622980622833071,0.0004125163618481234
-7,24,0.2552833127828287,-0.00031143485375737835,0.0002099937794811882
-6,-19,-0.33011432082234476,-0.00028018213129941705,-0.00033578417730323486
-6,-18,-0.3324644203855741,-0.0005318437062059458,-0.0006713798624230741
-6,-17,-0.33501074866681724,-0.0008116900457721056,-0.0010087082344813604
-6,-16,-0.33778437822709717,-0.0011214906006949915,-0.0013571287673874348
-6,-15,-0.34081926741950896,-0.0014644634877688256,-0.0017168134275955757
-6,-14,-0.344155883415215,-0.0018437849631505162,-0.002086356780403172
-6,-13,-0.3478437985888707,-0.0022619792282753794,-0.0024632220496683564
-6,-12,-0.3519427584250543,-0.002720819365703003,-0.0028441234957065306
-6,-11,-0.35652577650988326,-0.003221526223388691,-0.003224302879802728
-6,-10,-0.3616837474404392,-0.0037637294576777216,-0.003596845010583219
-6,-9,-0.3675293046614612,-0.0043449383572095575,-0.003952210983437938
-6,-8,-0.3742036166915698,-0.004959018236673389,-0.004276967285948154
-6,-7,-0.38188436150392896,-0.00559289931814318,-0.004552303014367662
-6,-6,-0.39079442226939387,-0.006222569434633289,-0.004753095174041234
-6,-5,-0.4012119894361568,-0.006804370687242218,-0.004846692161835069
-6,-4,-0.4134768437464425,-0.007260998529217911,-0.004793757738995121
-6,-3,-0.42798481759836854,-0.0074545032352609395,-0.004554334765114333
-6,-2,-0.4451517255571936,-0.0071389939382260565,-0.004106368015903336
-6,-1,-0.4653160186005579,-0.005884730136041986,-0.0034933255482101867
-6,0,-0.48858767992114854,-0.002988777643962185,-0.0029408364843416046
-6,1,0.48519837872506105,0.002740793721035785,-0.0032118055055170946
-6,2,0.4579262609447712,0.008316421951111517,-0.0049279101401669715
-6,3,0.43154387250388593,0.011132014506321005,-0.006996141738657755
-6,4,0.40712988206650025,0.011146793971356142,-0.008199359594075896
-6,5,0.38530215590311007,0.009545533621327127,-0.008169746975915375
-6,6,0.36623892273192826,0.007448605781739747,-0.007196677041609834
-6,7,0.3497991031561377,0.005479301937417813,-0.005762887991636238
-6,8,0.335689186189241,0.0038497536503229483,-0.004233397994539642
-6,9,0.32357972170646176,0.0025759695025631855,-0.0028157417264903692
-6,10,0.3131594644221397,0.001606502937407938,-0.0016054199023752712
-6,11,0.3041530314760266,0.0008768619261402313,-0.0006302481005735858
-6,12,0.29632612692158966,0.000329355684296682,0.00011855717495237142
-6,13,0.2894830075724363,-8.09379843220808e-05,0.0006660869380744793
-6,14,0.2834618628224084,-0.0003868530157979175,0.0010431178844890483
-6,15,0.27813045690728405,-0.00061150265658412,0.0012797410491437338
-6,16,0.273380325243243,-0.000770382591942671,0.0014027368935488338
-6,17,0.269122490025705,-0.0008734121027216384,0.001434468513062286
-6,18,0.2652842502732842,-0.000926972771892465,0.0013933660355576528
-6,19,0.26180554287509505,-0.0009342814356373621,0.0012939999807507262
-6,20,0.2586363737769509,-0.0008961104137766141,0.001147491376938809
-6,21,0.25573543677726546,-0.00081236033145167,0.0009630329613956852
-6,22,0.25306848428040163,-0.0006813819662600469,0.0007476590376873492
-6,23,0.25060584741857916,-0.0005010355365389597,0.000508126728067323
-6,24,0.248321506064815,-0.00027109240244564426,0.00025161776166007603
-5,-20,-0.321781286059608,-0.00016178272671693477,-0.00026936227757223103
-5,-19,-0.32371517682103673,-0.0003786264862988721,-0.0005901292875926434
-5,-18,-0.3258145945872439,-0.0006178450486498585,-0.0009503552486620245
-5,-17,-0.32809521318464135,-0.0008934883239946678,-0.0013342989502947605
-5,-16,-0.3305840721401535,-0.0012055283342610394,-0.0017374613431030334
-5,-15,-0.33331392893983364,-0.0015565209565709215,-0.002158137048042773
-5,-14,-0.33632433993065225,-0.0019501946317856463,-0.002595659819542422
-5,-13,-0.33966401188575757,-0.0023903044206536874,-0.003048783598899777
-5,-12,-0.3433923243094395,-0.002880434494603348,-0.0035158837114780623
-5,-11,-0.34758368797791184,-0.0034244519092067756,-0.003993841645805852
-5,-10,-0.35233227747989576,-0.004025363901765901,-0.0044774785553952
-5,-9,-0.35775765275385635,-0.004685180820620411,-0.00495883440324177
-5,-8,-0.36401442675764123,-0.0054033837363488615,-0.005425193936029628
-5,-7,-0.3713037681744298,-0.006174216381097394,-0.005856634558038144
-5,-6,-0.3798900638005794,-0.006981747482386282,-0.006223781667645111
-5,-5,-0.3901234339472481,-0.007790607154559104,-0.006483817380668064
-5,-4,-0.40246605840609073,-0.008527875060635749,-0.00657753910909664
-5,-3,-0.41751689050982593,-0.009044429095362697,-0.006431684240150668
-5,-2,-0.4360016846596007,-0.009041656133662498,-0.0059753521091503
-5,-1,-0.45866429678349147,-0.00791847875052464,-0.005191145732275897
-5,0,-0.48597613911942267,-0.00456943156935523,-0.004276932471176015
-5,1,0.48131057284704337,0.0048622280807780255,-0.004652738053001242
-5,2,0.4485408840981687,0.012013696217119903,-0.007409395242104589
-5,3,0.41812560797756493,0.013894405785780098,-0.009671082114277524
-5,4,0.3911684865855521,0.012235998515131023,-0.009966772248879596
-5,5,0.3681455987690487,0.009430091182855116,-0.008612075463702655
-5,6,0.34884396449490085,0.006807197364092947,-0.006534892112656125
-5,7,0.3327431560580108,0.0047392465726909866,-0.00439488842941208
-5,8,0.31928988910709494,0.0032060921891650823,-0.00250666118276989
-5,9,0.3079916122784064,0.0020936593957933724,-0.0009797751925408919
-5,10,0.2984374376532157,0.001287370856977396,0.0001810750832563998
-5,11,0.29029374236805094,0.0006966854749806307,0.0010173047321521257
-5,12,0.2832936473560588,0.0002572812185063157,0.0015849998431602002
-5,13,0.2772253725870045,-7.417595879914932e-05,0.0019392215496389855
-5,14,0.271920983641099,-0.0003256452448306378,0.0021275970473818087
-5,15,0.2672475147232882,-0.0005149540273988572,0.0021889109825794875
-5,16,0.26309911563773714,-0.0006529174169100443,0.0021537325131497256
-5,17,0.25939072842827354,-0.0007455458459306445,0.0020450577214440237
-5,18,0.25605408271345415,-0.0007964138737336086,0.0018806380021604136
-5,19,0.25303395357353503,-0.0008062955622132065,0.0016736335488760983
-5,20,0.25028481295235955,-0.0007746899729675291,0.001433920658352445
-5,21,0.24776963071226993,-0.0007006391793459351,0.001169159392654537
-5,22,0.2454582591269992,-0.0005826714861853568,0.0008856463793261236
-5,23,0.24332517883904448,-0.0004204581500480012,0.0005893024760668227
-5,24,0.2413482389081388,-0.0002189549965124469,0.0002861995239307527
-4,-20,-0.31534385987988006,-0.00021401905907016683,-0.0004091887546708366
-4,-19,-0.31703155053929716,-0.0004249516355534625,-0.0008228217378271218
-4,-18,-0.3188523438435253,-0.0006614996272920586,-0.0012423819397030349
-4,-17,-0.3208303199171776,-0.0009333261412878334,-0.0016792113256636231
-4,-16,-0.32299134581409505,-0.001244548966853006,-0.002137815933983552
-4,-15,-0.3253654749385017,-0.0015992489587065405,-0.002620224419278548
-4,-14,-0.3279893351162148,-0.0020023517363841202,-0.003127902251070977
-4,-13,-0.33090834368367583,-0.0024590786458069326,-0.0036619492777271515
-4,-12,-0.33417866514596584,-0.0029751639974589365,-0.004223185838674162
-4,-11,-0.33787212388002974,-0.003557400320316963,-0.0048116378180600135
-4,-10,-0.34208092316919486,-0.004212947287539215,-0.00542587389961045
-4,-9,-0.3469247657299789,-0.004949849678884229,-0.006062009966879092
-4,-8,-0.35256241665040505,-0.005775677725976119,-0.006711819550639093
-4,-7,-0.3592072973616008,-0.006696163953881253,-0.007359212842797045
-4,-6,-0.36715212238294326,-0.007710939188850746,-0.007976200699953718
-4,-5,-0.37680589569763756,-0.008804536276077668,-0.008515335715152469
-4,-4,-0.3887502496280822,-0.009927211820530189,-0.008899457740193326
-4,-3,-0.40382619434476485,-0.01094360975756671,-0.009016611135709599
-4,-2,-0.42321296281210713,-0.011538375953445354,-0.00872227052119883
-4,-1,-0.4484403052033956,-0.010936710241723225,-0.007880971131909937
-4,0,-0.48072407221282637,-0.007960992319943074,-0.006521330066685696
-4,1,0.4739549682534032,0.009506527714309482,-0.00713367372922379
-4,2,0.43432700330031415,0.017041621797440547,-0.011275303264742288
-4,3,0.3993807771444687,0.016174385869328452,-0.012389120106406753
-4,4,0.3704190671364043,0.012241520408943446,-0.010421542588337942
-4,5,0.34712508257937513,0.00855518545118954,-0.007262342364194399
-4,6,0.32847053610537863,0.005851515041290219,-0.004189832056314738
-4,7,0.3134413418611627,0.003988808135841275,-0.0016686283656388592
-4,8,0.3012192839238347,0.0027179434995990813,0.00021738547192791171
-4,9,0.29116950081647847,0.0018370132671957306,0.0015354141629893249
-4,10,0.2828078862920452,0.0012070409270412599,0.002397690508331942
-4,11,0.27576781649144216,0.0007392528294535311,0.002914334930043562
-4,12,0.2697715375996966,0.00037963786932083114,0.003177068755562147
-4,13,0.26460807987057244,9.599816539526587e-05,0.0032566083501179293
-4,14,0.2601161880142261,-0.0001302436332871991,0.0032055480437051163
-4,15,0.2561716476624286,-0.00030980182202890107,0.0030619278984746765
-4,16,0.2526779024346628,-0.00044827913366760373,0.002852640807579407
-4,17,0.24955871289561846,-0.0005482937348291394,0.002596893329546616
-4,18,0.24675377437095258,-0.0006108104650980966,0.0023086009799634963
-4,19,0.24421504742067293,-0.0006352111540755423,0.0019974335665201713
-4,20,0.24190349205012177,-0.000620068865024159,0.0016705219665067287
-4,21,0.23978758069618084,-0.0005640737916245184,0.0013336797074683798
-4,22,0.23784241016836435,-0.00046628398895474455,0.0009918036516676286
-4,23,0.23604782523782458,-0.0003278275788183643,0.0006494800676468805
-4,24,0.2343875848433875,-0.00015784103812315772,0.0003107025981963201
-3,-21,-0.3073935026567743,-0.00011894140914385081,-0.000303864959674664
-3,-20,-0.30868135809407343,-0.00026312365837102576,-0.0006803938613538944
-3,-19,-0.3100762905346551,-0.00044616604586913185,-0.0010996213139807722
-3,-18,-0.3115841515524652,-0.0006673996975561367,-0.0015505196001236222
-3,-17,-0.31322200443530596,-0.0009285251817744596,-0.0020299400093952576
-3,-16,-0.3150114197813226,-0.0012326702307591194,-0.002539011853894908
-3,-15,-0.31697780966179673,-0.0015843858356970285,-0.0030800610637990514
-3,-14,-0.3191526330673158,-0.0019892248948614214,-0.003656296962023496
-3,-13,-0.3215752774085871,-0.0024536682541807125,-0.004271379839180892
-3,-12,-0.3242951439339354,-0.0029855691626705307,-0.00492963004513903
-3,-11,-0.327376282809393,-0.0035945118561195545,-0.005635654797875864
-3,-10,-0.3309018275298943,-0.004292169156537355,-0.006394035387222811
-3,-9,-0.33498183325420666,-0.005093339744696318,-0.007208741504422492
-3,-8,-0.33976541145876055,-0.006015849933123324,-0.00808138277507915
-3,-7,-0.34545821989892667,-0.007080870781502973,-0.00900813864655655
-3,-6,-0.3523518130004063,-0.008311790638456487,-0.009974570361403512
-3,-5,-0.3608716757149599,-0.009729250852785854,-0.010944922582746174
-3,-4,-0.37166302164190673,-0.011335302890915597,-0.011844202398803853
-3,-3,-0.38575444818527027,-0.013057537046985195,-0.012540221508180054
-3,-2,-0.4047869996286811,-0.014653866886778805,-0.012809115963609456
-3,-1,-0.4314431440147426,-0.015225221309871226,-0.01235525892041173
-3,0,-0.4673050681907966,-0.015442233618331963,-0.011121082263628911
-3,1,0.45852506494094536,0.019398848365101515,-0.01183696948946537
-3,2,0.411947266211858,0.02226567903063232,-0.015455072380095521
-3,3,0.37300128092077256,0.016728673086576818,-0.01250496503027632
-3,4,0.3438781154742982,0.01108820569602913,-0.007511466189192625
-3,5,0.3219384725807571,0.007386066378335523,-0.0030501977505597547
-3,6,0.3051567353869439,0.005081461946276418,0.0002289026582651585
-3,7,0.2920891893749041,0.0036200617108555324,0.0024075207256457416
-3,8,0.28172946206741417,0.002650151447543436,0.0037367983448157176
-3,9,0.2733685861393205,0.0019654823296954894,0.004464585216900419
-3,10,0.26650434087806757,0.0014505437558686855,0.004785103256818262
-3,11,0.26077853712883065,0.001042090842305134,0.00483637881580455
-3,12,0.25593213068613563,0.0007058560184968004,0.004712518844170464
-3,13,0.25177557699993713,0.00042364693271326927,0.00447612982184094
-3,14,0.24816821269163042,0.00018583234579519104,0.004168586916369726
-3,15,0.2450038462545722,-1.2583037313154817e-05,0.003816829111811961
-3,16,0.2422014564805357,-0.00017378505207187852,0.0034384102063606107
-3,17,0.23969798519193475,-0.000298252945987199,0.003044839777744195
-3,18,0.23744389700941315,-0.00038579966969840934,0.002643813219181283
-3,19,0.23540043894254734,-0.0004353966779718851,0.0022405086626679786
-3,20,0.23353635107284237,-0.00044548413675078556,0.0018388095230556303
-3,21,0.2318265360904384,-0.00041525394896800794,0.001442328195762248
-3,22,0.23025178411396158,-0.0003441463478895849,0.0010547342098944333
-3,23,0.22879799763108527,-0.0002334355420429651,0.0006801479978322772
-3,24,0.2274588636979894,-9.0780552536925e-05,0.00031984425797134736
-2,-21,-0.3007639281022051,-0.00012356637751861376,-0.00044778161316246304
-2,-20,-0.3017749597114145,-0.00025943470629634054,-0.0008958153209511587
-2,-19,-0.30285622814407515,-0.00042572347558328134,-0.0013568394940103768
-2,-18,-0.30402085622586705,-0.0006293634490547734,-0.0018437631550019373
-2,-17,-0.3052824842140368,-0.000874309341111529,-0.00236183120819933
-2,-16,-0.30665737852577685,-0.001164357961216331,-0.002914977146408433
-2,-15,-0.3081645615084278,-0.0015045050565810302,-0.0035075240618353577
-2,-14,-0.30982813344385496,-0.0019007442344028422,-0.004144886974084676
-2,-13,-0.3116785297295383,-0.002360272352674439,-0.004833772671925897
-2,-12,-0.3137541877850139,-0.0028924512999771983,-0.005582445177143312
-2,-11,-0.3161055501459444,-0.003509086938064712,-0.006401218211763235
-2,-10,-0.31879856023824116,-0.004225681028959825,-0.007302598314950548
-2,-9,-0.3219217499363031,-0.00506306964806698,-0.008301616742318321
-2,-8,-0.3255966413328025,-0.006049217001365454,-0.00941545321030059
-2,-7,-0.3299937497206905,-0.007222214093531668,-0.010662816724112921
-2,-6,-0.33536034064634784,-0.008634186554849137,-0.01206077386052395
-2,-5,-0.3420672295807427,-0.010356532282333568,-0.013616041352736814
-2,-4,-0.35070639320988745,-0.012473769935232288,-0.015309108993141937
-2,-3,-0.36228495073697187,-0.015046867455336056,-0.017061744066889723
-2,-2,-0.3785585469125751,-0.018051653221128353,-0.018651853656060875
-2,-1,-0.40296458737459945,-0.020548130909394786,-0.019824718830300955
-2,0,-0.43420083819638416,-0.029629793860306803,-0.02135895764276865
-2,1,0.425896543676211,0.03707014402552799,-0.01671784313769105
-2,2,0.3761659394606433,0.025317719648439957,-0.01341983353316822
-2,3,0.33702535644513104,0.01568418685936026,-0.005620334955166259
-2,4,0.3111858110567887,0.009972197654093988,0.00047970983911357695
-2,5,0.2928335103487544,0.006933732674711932,0.004254089594966004
-2,6,0.27936479844782475,0.005143708760367262,0.0062872181224932116
-2,7,0.2691809330708897,0.003986478245934294,0.0072025801466017855
-2,8,0.2612676238781026,0.003163758788141618,0.007451065383639551
-2,9,0.25496436840642633,0.0025300624372551696,0.007316875771613122
-2,10,0.24983157635778944,0.002012776001868955,0.006970454794480138
-2,11,0.24557006475172205,0.0015748732569711389,0.006511280939207121
-2,12,0.24197094608739914,0.0011972093413672163,0.005996794171938898
-2,13,0.2388852461273475,0.0008695841517201571,0.005459840617778607
-2,14,0.2362046988574791,0.0005865216851631422,0.004919290078740616
-2,15,0.23384859480369266,0.000344897172770542,0.004385272326689019
-2,16,0.23175615185663082,0.00014332655027364516,0.003862932611228637
-2,17,0.22988044706798544,-1.864853756520724e-05,0.0033547280271402397
-2,18,0.22818484639149514,-0.00014122976949748034,0.0028619474561260303
-2,19,0.22664116561840894,-0.00022384615861486523,0.002384952987490846
-2,20,0.2252267012094295,-0.0002659366254717252,0.001924310584558364
-2,21,0.22392307170329462,-0.00026772346364582777,0.0014811265191808313
-2,22,0.22271587575357785,-0.00022959107207633117,0.0010585500498508876
-2,23,0.22159437840249666,-0.0001514857124278321,0.000662873570557959
-2,24,0.22056372246427078,-2.4709462722521324e-05,0.00029859186290557194
-1,-22,-0.2933055992118507,-7.477340128717604e-05,-0.00030680800958607634
-1,-21,-0.2939501457555656,-0.00013429121838408044,-0.0006846889121564568
-1,-20,-0.29464539008227025,-0.0002296942368178982,-0.0011200417457536836
-1,-19,-0.29538705775958657,-0.0003674701826520814,-0.001595270486554317
-1,-18,-0.2961797199688974,-0.0005465625526889507,-0.0021053050066731456
-1,-17,-0.29703118964613606,-0.0007685710172608318,-0.002651181194359656
-1,-16,-0.2979509805884458,-0.0010365500747613232,-0.003236690066291468
-1,-15,-0.2989502118948049,-0.0013552535769135792,-0.003867149776255041
-1,-14,-0.300043496830145,-0.001730448173927601,-0.004549816943088814
-1,-13,-0.30124927997121,-0.002169380258678411,-0.005294138549206203
-1,-12,-0.30259089163087727,-0.002681702377399652,-0.00611195853939737
-1,-11,-0.3040992285397986,-0.003280111692255648,-0.00701880396790612
-1,-10,-0.3058145258550956,-0.003981801467187572,-0.008035108534250232
-1,-9,-0.3077912628180976,-0.004810971546498592,-0.009187359557244205
-1,-8,-0.31010451193904454,-0.005801956929179817,-0.010510241945857762
-1,-7,-0.3128604176500857,-0.007005097079046252,-0.012049842682906497
-1,-6,-0.31621444195390414,-0.008496795786929946,-0.013866928878746397
-1,-5,-0.3204016960362046,-0.01039635954019675,-0.016040938488233354
-1,-4,-0.3258178409056148,-0.012880891942590846,-0.01867696396606149
-1,-3,-0.3331827434877234,-0.016196606543073092,-0.021904472306066427
-1,-2,-0.34382493382063484,-0.020672648336668445,-0.02585534787073167
-1,-1,-0.3601344369235529,-0.025533874902066385,-0.031127620790497083
-1,0,-0.37602643049816775,-0.048056168869546306,-0.035461082034839594
-1,1,0.3489705895913844,0.06286290457327676,-0.007147824188081427
-1,2,0.3185266550900204,0.02743210477711277,0.0036922637732072377
-1,3,0.2912620770705218,0.015864117575179703,0.009861817398473182
-1,4,0.2733520436921786,0.010788315588800284,0.012218274202185752
-1,5,0.26099135176375965,0.008045574050068996,0.012724026512006732
-1,6,0.2521211074491925,0.006320086922501214,0.012300501769416178
-1,7,0.24552188686711546,0.005101914856083928,0.01147684045315201
-1,8,0.24044052392467422,0.004169292898718705,0.010515239139335166
-1,9,0.23640986936404212,0.003414872001197836,0.009536545624592626
-1,10,0.23312995435903314,0.0027829216314466734,0.00859346549928358
-1,11,0.2304016263790144,0.002242415184741945,0.007705999262645312
-1,12,0.22808864213171104,0.0017754992412594738,0.0068788042033644855
-1,13,0.2260950211845824,0.0013709305060453081,0.006109667708529697
-1,14,0.2243518671195119,0.0010215840447039591,0.005393807936791066
-1,15,0.22280811357721914,0.000722619802815384,0.004725478243965207
-1,16,0.22142572236327393,0.00047104692196951183,0.004098829838109891
-1,17,0.22017548584925983,0.00026466699366039874,0.0035089003053191364
-1,18,0.21903468763816444,0.00010215108085346035,0.002951311835750183
-1,19,0.21798623567087108,-1.7336770878879127e-05,0.002422335760186031
-1,20,0.21701632504805102,-9.466155051361959e-05,0.001918795674754701
-1,21,0.2161133628486613,-0.0001315006449641481,0.0014370378155439563
-1,22,0.2152671300057682,-0.00013029408864769607,0.0009698967108332444
-1,23,0.21446077299942662,-9.493172546605954e-05,0.0004990470263825195
0,-22,-0.28658390645400833,-5.753948325284998e-05,-0.0003742635451327236
0,-21,-0.2869379571806405,-8.487618570133217e-05,-0.0008238062625280653
0,-20,-0.2873069982060396,-0.0001563487859979783,-0.001293068627502718
0,-19,-0.287688829183958,-0.00026769435459971034,-0.0017874246650157136
0,-18,-0.28808421465129763,-0.00041900811284786935,-0.002312154680750328
0,-17,-0.2884950702236581,-0.0006122300859332685,-0.002872106569360536
0,-16,-0.28892341097318786,-0.0008502995555995422,-0.0034725911609874674
0,-15,-0.28937110186077486,-0.0011374287319419454,-0.00411985555682774
0,-14,-0.2898413348205002,-0.0014786237953431174,-0.0048219743015952615
0,-13,-0.2903378698441132,-0.0018801432764815448,-0.005589547252407773
0,-12,-0.29086517431334874,-0.0023505846790582647,-0.006436148949620089
0,-11,-0.2914292744958636,-0.0029014234590242338,-0.007379888268805102
0,-10,-0.2920372608285397,-0.0035486092107966634,-0.008444850066311895
0,-9,-0.2926984370767254,-0.004314926634566891,-0.009663190847817452
0,-8,-0.29342456892746205,-0.005234017757856114,-0.011078714230641534
0,-7,-0.29423141583573054,-0.006357149676893387,-0.012752577881125545
0,-6,-0.2951405069490822,-0.0077665802355842235,-0.014770832607306076
0,-5,-0.29618101816078035,-0.009598698721722827,-0.01725862057402758
0,-4,-0.29742309701779235,-0.01207828145974955,-0.020404451532400277
0,-3,-0.2990593783673742,-0.015582411699100397,-0.024492256676612468
0,-2,-0.3015967484454337,-0.020735351807013826,-0.029944172210392223
0,-1,-0.3067089242061866,-0.027728047660352587,-0.037245182486944216
0,0,-0.3096680004870812,-0.06658635590159043,-0.03420199295742792
0,1,0.2532118816661741,0.07680878178375716,0.011272683912493076
0,2,0.2498806102128743,0.027583683643352674,0.025878833630826416
0,3,0.2412900732005217,0.01817937522668453,0.0245223370588166
0,4,0.233859555849097,0.013292330206534225,0.02155663790680951
0,5,0.22861928001647752,0.01020811393438229,0.018678574503650115
0,6,0.22485411189993593,0.008091881472880815,0.016178844613848952
0,7,0.22205370301467792,0.006542360068171055,0.014065790976281895
0,8,0.21988926209697487,0.0053462066386998535,0.01228049770460165
0,9,0.21815676973488504,0.004384738120410566,0.01075918333241181
0,10,0.21672802059217713,0.0035896739675308703,0.00944787899058828
0,11,0.21551931437711752,0.0029195824242045187,0.008303512796436052
0,12,0.21447402331193244,0.002348399148523982,0.007292570841853085
0,13,0.2135526180527821,0.0018588652602501469,0.006388909554716483
0,14,0.21272728925499232,0.001439160999131496,0.005572652604336098
0,15,0.2119773945493607,0.0010809941272851757,0.004828127923747185
0,16,0.21128791926909926,0.0007786615538828208,0.0041430000510956815
0,17,0.21064748272100814,0.0005279520239177189,0.0035075242046507774
0,18,0.21004722494977568,0.0003257405835591546,0.002914259079500965
0,19,0.20948104737345172,0.00017016438353493847,0.002357006103853392
0,20,0.20894374668982105,5.9512169606848106e-05,0.0018307494426709169
0,21,0.2084308666726505,-6.947145615604211e-06,0.0013305606475193389
0,22,0.2079399745817969,-2.775882230084223e-05,0.0008507921988706928
0,23,0.20747353511460065,4.169868020108731e-06,0.0003848035850106493
1,-22,-0.27970487081744294,1.9656425597495312e-05,-0.0004904375528250512
1,-21,-0.27975863242480203,-2.3433127528904906e-06,-0.000960586668147545
1,-20,-0.2797851816391857,-5.139602799632795e-05,-0.0014323683473392765
1,-19,-0.27978814301466537,-0.0001332976999870072,-0.0019249531102445165
1,-18,-0.279764244427134,-0.0002523098396109018,-0.0024460890110324443
1,-17,-0.27970878318869735,-0.0004111021057634156,-0.0030004788426137552
1,-16,-0.27961532645239584,-0.0006123825298627928,-0.0035925521580873797
1,-15,-0.27947543781689327,-0.0008592436980923397,-0.004227755742234835
1,-14,-0.27927928692502585,-0.001155310621454143,-0.004913006762601573
1,-13,-0.2790139899336515,-0.001504935541151222,-0.00565762796097994
1,-12,-0.27866230963945815,-0.0019145025849053097,-0.006472914880555823
1,-11,-0.27820155316784756,-0.002392310148707311,-0.007373860386862092
1,-10,-0.27760008488174437,-0.0029503322308464404,-0.008379638991976277
1,-9,-0.27681391321159615,-0.003605774112325033,-0.009514817076325783
1,-8,-0.27577964133704813,-0.004384652102687958,-0.010810339376455636
1,-7,-0.2744037391749746,-0.0053277183301474055,-0.012305466007083639
1,-6,-0.2725433898198844,-0.006502784288285372,-0.014047847931283235
1,-5,-0.26997057507044425,-0.0080276200263711,-0.01609046809880027
1,-4,-0.2663228005068625,-0.010113463846975746,-0.018473132807114597
1,-3,-0.2610277555947029,-0.013165720840759794,-0.021151309992439162
1,-2,-0.2532569701056054,-0.018049366157557544,-0.023769829988209097
1,-1,-0.2438650207557859,-0.027688105533548637,-0.02451047086341469
1,0,-0.24009444062490767,-0.07705316517651717,-0.00946348658786834
1,1,0.1840616301089969,0.06513208316167879,0.03530144678028863
1,2,0.18766734002552896,0.02758014049699564,0.037318327645524854
1,3,0.19332709853371058,0.020751801272845975,0.02984147719133566
1,4,0.19609507023547298,0.015613165916652863,0.02436073567668259
1,5,0.19771625329172615,0.012102724143107554,0.020267353660221445
1,6,0.1987943239230162,0.009610757589818724,0.0171216330931688
1,7,0.19957595875966294,0.007765997797345918,0.014634939410921585
1,8,0.2001582733790535,0.006343050325736599,0.012618966462553274
1,9,0.20059132191544096,0.005206420553384386,0.010948294654999207
1,10,0.20090942386966618,0.004274381091095354,0.009536508665258337
1,11,0.2011371091489389,0.0034957367602309396,0.008322194668831917
1,12,0.20129218359535472,0.0028371200750353267,0.007261205342088659
1,13,0.20138791678960735,0.002276031804925141,0.00632107767753516
1,14,0.20143479179635626,0.0017966668879446288,0.005477885311672432
1,15,0.2014405891198438,0.0013878212406635102,0.004713195557378659
1,16,0.20141190224442138,0.0010415565941673754,0.004012938887290876
1,17,0.2013539029637297,0.0007519930804023194,0.0033663153678244423
1,18,0.20127073225901282,0.0005146103572474423,0.00276500282694716
1,19,0.20116640747382564,0.00032663799731217925,0.0022024437284749927
1,20,0.2010437555620309,0.00018583968708391153,0.0016743987923383806
1,21,0.2009051160123699,9.17224295588195e-05,0.0011792976121230982
1,22,0.20075529892726937,4.7307702415792306e-05,0.0007217078745768904
1,23,0.2006139716104928,4.535663980028873e-05,0.00032085771495788155
2,-23,-0.27297569698811186,-6.5565976525324555e-06,-0.00030229230657802887
2,-22,-0.27272397343152255,5.845414062391888e-05,-0.0006703126237899005
2,-21,-0.2724396886992823,8.243935342006149e-05,-0.001077415649815497
2,-20,-0.2721066341741682,7.255783640223778e-05,-0.0015192064426601834
2,-19,-0.2717154751794309,2.738434319665955e-05,-0.001990328135808156
2,-18,-0.2712554733350184,-5.497104565824477e-05,-0.0024889302771028197
2,-17,-0.2707142628512981,-0.00017565187188048586,-0.0030154211252032045
2,-16,-0.27007652967637225,-0.00033603169192287136,-0.003571558656690338
2,-15,-0.2693228501155632,-0.0005377300612093548,-0.004160105167353937
2,-14,-0.2684295666867745,-0.0007823010366379132,-0.004784743960503349
2,-13,-0.2673660447096858,-0.0010723719014003102,-0.005449778930733756
2,-12,-0.2660919643527747,-0.0014114344875195922,-0.006159638438547884
2,-11,-0.2645541268400275,-0.0018043836128420324,-0.006918903940385721
2,-10,-0.26267990653305684,-0.0022586405798983534,-0.007730831046781703
2,-9,-0.26036890270699914,-0.0027856590080009157,-0.008594760556547098
2,-8,-0.2574782370019284,-0.003403418633613339,-0.009501541550159049
2,-7,-0.2537992387735098,-0.004142986477910567,-0.010424597502968144
2,-6,-0.24901864926739412,-0.005060848310972112,-0.011300924860912423
2,-5,-0.2426486332477765,-0.006265397113477758,-0.011993193628704364
2,-4,-0.23390770335124164,-0.007980975586385707,-0.012214497341651724
2,-3,-0.22153301233574318,-0.01072575460724529,-0.011403669507895042
2,-2,-0.20338673449983696,-0.015838890070468643,-0.008621103512740293
2,-1,-0.17527862746405112,-0.02747011073983491,-0.0019819309891117333
2,0,-0.1430106534242002,-0.060916449965676286,0.00804395333731669
2,1,0.11889150883358302,0.046368477303422036,0.034542338184171864
2,2,0.13528251398508526,0.025113911589499046,0.030095020369191063
2,3,0.15176091356688776,0.020428129578188358,0.02518736305723902
2,4,0.16239458617796804,0.01606097869554594,0.02143796987607994
2,5,0.1696149976127248,0.012794902946459472,0.018325450947128362
2,6,0.17478924260196363,0.010331825866886316,0.01575854427274267
2,7,0.1786663885917862,0.008440173355517694,0.01362796802888758
2,8,0.18165804623767,0.00694764125201617,0.011840627524108874
2,9,0.18401431042612187,0.005739192822755056,0.01032258572207144
2,10,0.18590014508346034,0.0047407525407786606,0.009016125442161146
2,11,0.18742841544249314,0.0039031463788405368,0.007876730189445137
2,12,0.18867865501261877,0.0031928249957325723,0.006870580696518947
2,13,0.18970857183331488,0.002586389016707243,0.005971630242926064
2,14,0.1905612303874849,0.0020669769671000753,0.0051601194991803155
2,15,0.1912687870770293,0.0016223429812875355,0.004420611101539059
2,16,0.19185650829670908,0.0012436425505199023,0.0037408155212469863
2,17,0.19234403385688384,0.0009240481926893465,0.00311123296082658
2,18,0.19274683766580306,0.000658432203297269,0.002524527808987057
2,19,0.1930777507671336,0.0004430109372051472,0.0019746600871466103
2,20,0.19334654657057224,0.0002744518063751167,0.0014567481896139846
2,21,0.19356115690716963,0.00014996395701995073,0.0009644231485526614
2,22,0.1937256759968069,6.427948152371111e-05,0.0004835963069150503
3,-23,-0.26617473700590527,4.28764489267203e-05,-0.00033184592979227344
3,-22,-0.2656183593442305,0.0001295173337677656,-0.0007076431098163336
3,-21,-0.264998887826737,0.00019017688001368144,-0.0011063398581785757
3,-20,-0.2642997802401987,0.00021715683797618346,-0.0015278726941928091
3,-19,-0.26350560538157997,0.00020803471532614276,-0.0019695142676502482
3,-18,-0.26259898409821214,0.00016193916655016512,-0.0024287916612939623
3,-17,-0.2615601935631988,7.898376870243267e-05,-0.0029045270022542645
3,-16,-0.26036507957745597,-4.0908321125926694e-05,-0.0033957320461265343
3,-15,-0.25898328915371216,-0.00019806192798468744,-0.0039013335608036733
3,-14,-0.25737732483342735,-0.00039276294417636253,-0.004419573201385442
3,-13,-0.2554990342224787,-0.0006261176689363715,-0.004947159585351023
3,-12,-0.2532855929583878,-0.0009001324338978865,-0.005477377002771172
3,-11,-0.2506543084490631,-0.0012182381586906088,-0.00599851841770156
3,-10,-0.24749364434953405,-0.0015866167073707114,-0.006490033825786354
3,-9,-0.2436509194010315,-0.002016329166376844,-0.006916031619529577
3,-8,-0.2389121364384282,-0.0025275801294127494,-0.007214446325968848
3,-7,-0.2329711359842396,-0.0031592046784337043,-0.00728029237737518
3,-6,-0.22538030097726916,-0.003987154958416958,-0.006937123022321258
3,-5,-0.21546936195666896,-0.005161697419295642,-0.005894961294756673
3,-4,-0.20221564480249543,-0.006987737014313198,-0.003703401519087055
3,-3,-0.18401733799984155,-0.010083887036713047,0.00023885927057067392
3,-2,-0.15828418581420461,-0.015855246007318753,0.006452033846918499
3,-1,-0.11936976745536473,-0.02521350565820006,0.01402104999620043
3,0,-0.06984149115640563,-0.03538599162716156,0.016694823720659224
3,1,0.06192994703181631,0.028119354891770976,0.020108351134667565
3,2,0.09354874684972816,0.020007337778973195,0.0189412103302163
3,3,0.11774216054328349,0.017682045740592962,0.01799137156464369
3,4,0.1337803754027764,0.014805308665131417,0.016548849358031296
3,5,0.14507201902320274,0.012304301164210512,0.014900595400597818
3,6,0.15337759125056694,0.010227458642676036,0.013279981809756645
3,7,0.15971252052690868,0.00852659452859916,0.011775679654483114
3,8,0.16467402219428545,0.007123335409541852,0.01041503996985761
3,9,0.16864072471297034,0.00595189702393771,0.009195612361962566
3,10,0.17186519597146088,0.004963250505363505,0.008103234855989195
3,11,0.1745222467223294,0.004121127219929734,0.007120848597060179
3,12,0.1767361491172461,0.0033987042471536476,0.006232497166341495
3,13,0.17859768410879767,0.002776264570735562,0.005423794541083922
3,14,0.18017470027588356,0.002238867210197541,0.004682819032070447
3,15,0.18151844600099334,0.0017753838913172892,0.00399948051749919
3,16,0.18266915445399023,0.0013773355243475512,0.003365429656446971
3,17,0.18365808166668676,0.0010380410331895917,0.002773670811931228
3,18,0.18450986096470673,0.0007523068079449514,0.0022188825126256023
3,19,0.18524442996356322,0.0005160953924992531,0.0016967975516813828
3,20,0.1858770011223076,0.00032644153809065885,0.001205308637988486
3,21,0.18642089144482563,0.00018316629918997885,0.0007462763590452898
3,22,0.1869021187105826,9.06370062914751e-05,0.00032911879170445063
4,-23,-0.2592756444866331,0.00010239981281266367,-0.00033173768159903375
4,-22,-0.25841971508736267,0.0002206129214476383,-0.0006975921228172192
4,-21,-0.25746617285698203,0.0003143497208242331,-0.0010767077259222957
4,-20,-0.2563986769405113,0.0003739332187754796,-0.0014666085989581774
4,-19,-0.2551978523332739,0.0003968284269079414,-0.0018639272799431087
4,-18,-0.25384081394013486,0.0003829821977169611,-0.002265401865914527
4,-17,-0.25230097227391307,0.00033335053468503556,-0.0026678163188360317
4,-16,-0.25054591137606613,0.00024847322292726804,-0.003066782193000743
4,-15,-0.2485350996736679,0.00012848682617064955,-0.0034568192617329624
4,-14,-0.24621820937749628,-2.6703656238437897e-05,-0.0038296709186869215
4,-13,-0.243531346164625,-0.00021838534681943507,-0.004173014865929622
4,-12,-0.2403917793655066,-0.0004496398616301341,-0.004467819005849266
4,-11,-0.23669182979954523,-0.0007260664929288847,-0.004686086706919678
4,-10,-0.23228860864258002,-0.001058622027733308,-0.0047849300111780495
4,-9,-0.22699006366991362,-0.001466765697741637,-0.0046999661564848675
4,-8,-0.22053449598496538,-0.0019867461785219244,-0.004335223605185464
4,-7,-0.2125608376435366,-0.002684561435438516,-0.003552197910027784
4,-6,-0.20256581216135777,-0.0036792130178573243,-0.0021595172303226825
4,-5,-0.18984248083287808,-0.005179758495625244,8.05167743625168e-05
4,-4,-0.1733942131278957,-0.007535935640613138,0.003394852270892731
4,-3,-0.1518034778939312,-0.011284444866013483,0.007818133989684395
4,-2,-0.1231126678012129,-0.01685334731688462,0.012599669687243416
4,-1,-0.08493057480872246,-0.02201577178663314,0.015134801746415022
4,0,-0.03930230020707063,-0.018410228821960112,0.011222310742588473
4,1,0.030867073754585878,0.014465399446877768,0.010440921055112287
4,2,0.0661644784509624,0.014725794996479366,0.011768552571002707
4,3,0.09223672413627251,0.014276467242864419,0.012289869771049042
4,4,0.11080895426979533,0.012780479168422499,0.012091815632299677
4,5,0.12447208542254266,0.011123848398227726,0.011459195493475021
4,6,0.13483806131751325,0.009559757964504242,0.010611654229481125
4,7,0.14292265322697978,0.008167095409417293,0.00968290214920381
4,8,0.1493670340732798,0.006948911044228937,0.008749663508605066
4,9,0.15459742987142042,0.005889091869085277,0.007849334767554549
4,10,0.15890673134637087,0.004967164700706908,0.00699794538958492
4,11,0.1625022092713447,0.004163852802710668,0.0061999869569609725
4,12,0.16553380538239584,0.003462483508129454,0.005454935517526693
4,13,0.16811296219544936,0.0028495539726265742,0.004759368237111431
4,14,0.17032390578678108,0.0023140780525891585,0.004109067639569315
4,15,0.17223113101522358,0.0018473691045682937,0.0034995203665847937
4,16,0.1738855377383109,0.0014423955402168413,0.0029264077855696217
4,17,0.1753268437183564,0.0010932859730563786,0.0023856901871506246
4,18,0.17658667095306066,0.0007952970906630352,0.0018739918752498886
4,19,0.17769057291454116,0.0005442216417275038,0.001387490095399672
4,20,0.17865813340967643,0.0003360570959785831,0.0009202892270025365
4,21,0.17950089155965504,0.00016349967155730534,0.0004586369764157442
5,-23,-0.2523184784747416,0.00016259473400301119,-0.0003158245435532428
5,-22,-0.2511617919050395,0.00031771925097741783,-0.0006566306450179539
5,-21,-0.24987516762835504,0.0004420381649682975,-0.001001122399751908
5,-20,-0.24844043672525046,0.0005293568989393514,-0.0013443309397856648
5,-19,-0.24683482251979091,0.0005785401373492474,-0.0016816035754598658
5,-18,-0.24503061723348382,0.000590356933696515,-0.0020079773349613982
5,-17,-0.24299515276289724,0.0005661246057701067,-0.0023178958021774876
5,-16,-0.24068885198809095,0.0005061736463159131,-0.0026038549638892493
5,-15,-0.23806234706589863,0.0004099103786025335,-0.0028556550399177795
5,-14,-0.2350546609978271,0.000276166014853005,-0.00305912192569148
5,-13,-0.23158926750619369,0.0001012149855320404,-0.003194285530976405
5,-12,-0.2275684763449005,-0.00012153795101871274,-0.003233302880965091
5,-11,-0.222867096293325,-0.0004037450426642064,-0.0031376374568975202
5,-10,-0.21732297279435256,-0.0007654443518914852,-0.002854416289039642
5,-9,-0.2107241848454916,-0.0012401737442619166,-0.002313086654645374
5,-8,-0.20279291830596136,-0.0018836850633955435,-0.0014232433384261426
5,-7,-0.1931635817222283,-0.0027863528227556767,-7.893172287679792e-05
5,-6,-0.18135604817251796,-0.004087455748101749,0.0018233904383569905
5,-5,-0.1667448489856604,-0.005984812851300867,0.004335531693968883
5,-4,-0.14852969868936508,-0.008713397671634742,0.007349680159637415
5,-3,-0.12573429901007524,-0.012369905872141937,0.010365245008695843
5,-2,-0.09740369216847956,-0.01613335585232835,0.012097036843745468
5,-1,-0.06332473006163147,-0.016697608157731,0.01077348796907036
5,0,-0.024753317380315564,-0.009058082191504514,0.006715407052720378
5,1,0.018549513088463615,0.007445199176117999,0.0061332686420233935
5,2,0.04989877681540736,0.010536833146327017,0.007471524895224578
5,3,0.07437904267227427,0.011202349586249678,0.008323994632540641
5,4,0.09316370459873383,0.010671048811539501,0.008645363629098428
5,5,0.10770771444401352,0.009702962315412149,0.008560386562076229
5,6,0.1191522457279871,0.008614577068129051,0.008207929270834899
5,7,0.12831646220830858,0.007542693229035495,0.007698008535112063
5,8,0.1357727164210261,0.006540345015293144,0.007106439047528543
5,9,0.1419257639788355,0.00562579864465181,0.006480684813925801
5,10,0.14706647374944345,0.0048017323390860496,0.005849210612687675
5,11,0.15140776118011534,0.004063949513940137,0.005227956842210414
5,12,0.15510798704932457,0.0034060066271028745,0.004625919105635054
5,13,0.15828751295263854,0.0028210576885399955,0.004047244333284985
5,14,0.16103870425224145,0.0023025976747191625,0.00349348007816838
5,15,0.16343359919411543,0.0018450592297399476,0.0029646193944172293
5,16,0.16552954199736955,0.0014434184705028968,0.0024598595128897225
5,17,0.16737165735114481,0.0010930714415367017,0.0019780388842138784
5,18,0.1689964436492938,0.0007902904390193215,0.00151848821047805
5,19,0.17043358144578802,0.0005322225451399582,0.0010813654399917745
5,20,0.1717071554524632,0.0003190932768207009,0.0006703512942304687
5,21,0.17285104192671844,0.0001408544951790944,0.0003005087508199263
6,-23,-0.24533375891116163,0.0002189984950230764,-0.00028867890357276804
6,-22,-0.24387703709532654,0.00040986348153004745,-0.0005917143932216859
6,-21,-0.24226062248656122,0.0005605148246599981,-0.000887987360111991
6,-20,-0.24046390130677464,0.0006695513277676824,-0.001171191734803103
6,-19,-0.2384609651958101,0.0007378469474460994,-0.0014353494778896433
6,-18,-0.23622004861246865,0.0007668336984255599,-0.0016739763784171665
6,-17,-0.23370350065039253,0.0007574790968351025,-0.0018795989749227499
6,-16,-0.23086589615111464,0.0007090545080905908,-0.0020418371963968926
6,-15,-0.22765128321262046,0.0006195258119835071,-0.0021471774327821314
6,-14,-0.22399091130786367,0.0004850506719756299,-0.0021777722067611257
6,-13,-0.21979987233224596,0.0002982452516947448,-0.002109922164307755
6,-12,-0.21497192470818619,4.745144885373323e-05,-0.0019130210706423867
6,-11,-0.20937374291225747,-0.00028614672265349643,-0.0015485486754536237
6,-10,-0.20283776910617926,-0.0007316575193600991,-0.0009694793049614458
6,-9,-0.19515259417381942,-0.001333289781694997,-0.00012246116299217288
6,-8,-0.18605323532989415,-0.0021557548121622443,0.0010450234215810003
6,-7,-0.1752100309735071,-0.0032889934120885404,0.0025688284859603375
6,-6,-0.16221867003569437,-0.004843964839889462,0.004435741772554872
6,-5,-0.14659904628215342,-0.006925232309332161,0.0065243377302293395
6,-4,-0.12781799798408827,-0.009531391834618002,0.008507190279754743
6,-3,-0.10538950667446606,-0.012255552120448128,0.009725277504729528
6,-2,-0.07914416586352768,-0.013757705638267077,0.009300975871509673
6,-1,-0.04958281631623251,-0.011748615854751376,0.007015630074676206
6,0,-0.017819313392906433,-0.0047131796228511574,0.004362954369258829
6,1,0.01366684454416853,0.0042785695930727995,0.0040020034658739
6,2,0.04006990365451473,0.007609643128865468,0.004885035762691208
6,3,0.06196682004192697,0.008754492268568522,0.005660746450681779
6,4,0.07979449999003459,0.008791294652349721,0.006123361508807906
6,5,0.09425661977399721,0.008305785199137961,0.006283387435693633
6,6,0.10604980300940105,0.007592508205696328,0.006207531531395828
6,7,0.11575393658695567,0.006799820422929001,0.005966371383527633
6,8,0.12382040780528045,0.006001990655502068,0.005617318295916998
6,9,0.1305929914513761,0.0052360167724441655,0.005202344455088062
6,10,0.13633294538629423,0.0045193506711021895,0.004750771504351203
6,11,0.14123956404027,0.0038587724199459195,0.004281908386125986
6,12,0.14546610612962738,0.003255999361604819,0.0038086801472066996
6,13,0.14913222679320412,0.002709967966938268,0.0033393435768205876
6,14,0.15233166967021206,0.0022183186805198023,0.0028789507593187176
6,15,0.15513902842393962,0.0017785137434736416,0.0024304000798580257
6,16,0.15761419669946866,0.0013875173875215617,0.001995562731163729
6,17,0.1598050510371142,0.0010420455508758034,0.001575273310233111
6,18,0.16175142845075488,0.0007388211632901237,0.0011700778943654936
6,19,0.16348667183529686,0.00047434772301001434,0.0007782424099129763
6,20,0.1650326591288645,0.00024634686196248754,0.0003888922971391608
7,-23,-0.238349523006737,0.00026766051696055896,-0.0002527799739269047
7,-22,-0.23659675319338583,0.0004883098729678704,-0.0005079327612539835
7,-21,-0.23465732396786748,0.0006588736405107227,-0.0007457285287166383
7,-20,-0.2325082959968423,0.0007825197057576466,-0.0009594231978168775
7,-19,-0.2301211758764087,0.00086188047799332,-0.0011426192208983004
7,-18,-0.22746111963483132,0.0008985295009167899,-0.0012877969399728917
7,-17,-0.22448665142342028,0.0008924786336953097,-0.001386237017061691
7,-16,-0.22114837490159425,0.0008414019180678014,-0.0014261175048558136
7,-15,-0.2173862068472016,0.0007411372929413607,-0.0013927710041671535
7,-14,-0.2131270757886627,0.0005846484394426713,-0.001267613337790489
7,-13,-0.208282596269588,0.0003610895275744705,-0.0010281680030233325
7,-12,-0.20274466136970556,5.399517601335046e-05,-0.0006478876908658748
7,-11,-0.19638104427658207,-0.0003602609815362712,-9.761578279468069e-05
7,-10,-0.18903143751541684,-0.0009152587413703804,0.0006520443343503035
7,-9,-0.18050170584803865,-0.0016558715958934667,0.001624130662460911
7,-8,-0.17056021607845087,-0.002638740381601625,0.0028236533619352007
7,-7,-0.15893723332296097,-0.003925867485404541,0.004217902803931713
7,-6,-0.14532884502875226,-0.005562743874362717,0.0057061175370895015
7,-5,-0.12941794751418903,-0.0075222418887952915,0.007076221321505652
7,-4,-0.11092837716288502,-0.009576578455013451,0.00796497526688683
7,-3,-0.08974039257885308,-0.011095426177704633,0.007911549852334273
7,-2,-0.066049834827355,-0.010989795993579158,0.0066689002737874556
7,-1,-0.040478131321787604,-0.008156970821522195,0.004631352662635126
7,0,-0.014103039931784992,-0.002718832522005557,0.002978137330925033
7,1,0.01117885209605065,0.002794275675055329,0.0027140848199184477
7,2,0.03362823707022218,0.005641207740741264,0.003245625989824422
7,3,0.05305494029577597,0.006893324523018072,0.0038468301373580913
7,4,0.06955576118067157,0.007223044406058358,0.004292784073935481
7,5,0.08345147444978422,0.0070468208771661016,0.004537163430904608
7,6,0.0951394077017853,0.006604712115142697,0.0045994943150382646
7,7,0.10500179937213572,0.006033074905370419,0.004517617678407383
7,8,0.11336923638133538,0.005409495220338733,0.004329330996825387
7,9,0.12051387935774,0.004778380184842177,0.004066171137089318
7,10,0.12665502907864284,0.004164728325718748,0.0037529490492759564
7,11,0.13196765920637377,0.0035822807872154657,0.003407716930282476
7,12,0.13659164707418267,0.003038107032685645,0.00304399016989732
7,13,0.14063929871696768,0.002535602854976232,0.00267128606423775
7,14,0.1442005558529152,0.0020758306508176358,0.0022962014971344476
7,15,0.1473485768061119,0.0016586589609375254,0.001923511411272315
7,16,0.15014274133332772,0.0012828719081933262,0.0015567208845013699
7,17,0.15263132018245604,0.0009464515475059891,0.0011988799425162908
7,18,0.15485545526512012,0.0006469549744052732,0.0008547452914554011
7,19,0.15685407464877088,0.000382322244841601,0.0005345488590687368
7,20,0.15867809893940316,0.00016947394185746123,0.00025120272489588275
8,-23,-0.2313927882546925,0.0003049853572844653,-0.00021031195955148642
8,-22,-0.2293512949388085,0.0005464340772400614,-0.00041058120064486924
8,-21,-0.2270993082011764,0.0007289225292941243,-0.0005836471458328157
8,-20,-0.2246120976693568,0.0008595105883934596,-0.0007235082002851415
8,-19,-0.22185935922499406,0.0009417972333489245,-0.0008240102340280336
8,-18,-0.21880418259594814,0.0009768241107166633,-0.000877648292457132
8,-17,-0.2154028026768696,0.000963241412393962,-0.0008754573090093857
8,-16,-0.21160367551280196,0.0008969541955085486,-0.0008056787856071213
8,-15,-0.20734520627254613,0.0007713937223438746,-0.0006546227284962005
8,-14,-0.20255367359240622,0.0005774054315711179,-0.0004064920492759791
8,-13,-0.1971416894781652,0.0003013792055530667,-4.372354354975218e-05
8,-12,-0.19100546128940574,-7.535185514003722e-05,0.0004509628478387665
8,-11,-0.18402164093697287,-0.0005770361685374965,0.0010923302459294564
8,-10,-0.1760463388266383,-0.001234580361688139,0.0018881489879648615
8,-9,-0.16691367506749122,-0.00208323124078175,0.0028307874513107344
8,-8,-0.1564365197349914,-0.003157178083688858,0.0038857167272742517
8,-7,-0.14441373698361068,-0.004474738079172254,0.004975702473928874
8,-6,-0.13064347676521762,-0.006006217061083886,0.00596185902685936
8,-5,-0.11495400803301743,-0.0076138464335952505,0.006630853163160801
8,-4,-0.09726001917766837,-0.008966658239270195,0.006721713437792367
8,-3,-0.07763945265209522,-0.009499601412925822,0.006047713211389788
8,-2,-0.056405911744421916,-0.008545485173972621,0.004685747845374551
8,-1,-0.034149719585045604,-0.005752842033346296,0.003106806843762396
8,0,-0.011765542336215582,-0.0017092264257534977,0.0020295696084884755
8,1,0.009579953825156032,0.0020155046100500595,0.0018173522266307545
8,2,0.029048500011109306,0.00430756844217683,0.0021329775666005532
8,3,0.04637857533905122,0.005492769473938625,0.0025717448320283767
8,4,0.06154526877199504,0.005949313729120293,0.002948616550385194
8,5,0.07468609365651743,0.005957555607588771,0.003201338921084299
8,6,0.08602216605630993,0.005700863308995793,0.0033234409248302788
8,7,0.09579784044610229,0.005294550041057636,0.003330542902529806
8,8,0.10424607097350304,0.004810502684462543,0.003244786236673667
8,9,0.11157326369145838,0.004293525021111028,0.0030874160969407414
8,10,0.11795573243649272,0.003771506685767381,0.002877137016206712
8,11,0.1235408103130922,0.003261478408430879,0.002629155058361848
8,12,0.1284507785795566,0.0027739566976591884,0.0023554953538004308
8,13,0.13278654079366478,0.0023150952590247956,0.002065326938264342
8,14,0.13663114030043425,0.0018884367916491415,0.0017656788736261546
8,15,0.1400536398869492,0.0014958275276243567,0.0014618382177112484
8,16,0.14311071709321863,0.0011372968895295107,0.0011576654273994904
8,17,0.14584891667679478,0.0008111030241024417,0.0008559479384834178
8,18,0.1483058583399778,0.0005119801211841704,0.0005600655961278936
8,19,0.1505169403620166,0.00021772158901972258,0.00027815594541298144
9,-23,-0.22448952473679554,0.00032806776631020206,-0.00016382786745044054
9,-22,-0.22216963881278678,0.0005793528628030489,-0.0003055056637279075
9,-21,-0.21961902799037522,0.0007653679429644067,-0.0004118700028029334
9,-20,-0.21681190845991338,0.0008956753150390515,-0.0004786783983591005
9,-19,-0.2137169466982328,0.0009738378907682198,-0.0005011000144052234
9,-18,-0.21029633482901564,0.000999543523276637,-0.00047221965210919397
9,-17,-0.20650543818166572,0.0009697885580989782,-0.00038362947107385936
9,-16,-0.202292396250919,0.0008790051175313169,-0.00022520743906960324
9,-15,-0.1975966376025314,0.0007193112618436664,1.3825455034311934e-05
9,-14,-0.192346988647692,0.00048024941162409936,0.00034454339127894967
9,-13,-0.1864609320063395,0.00014762670827719323,0.0007768159732951917
9,-12,-0.17984365001698974,-0.0002961884393461869,0.001317124398578466
9,-11,-0.17238626270992138,-0.0008716688926399701,0.0019653400122726272
9,-10,-0.16396679879769982,-0.0016008297959753226,0.0027097410623179085
9,-9,-0.1544524922746254,-0.002502369624205023,0.0035199017855687066
9,-8,-0.14370363519881277,-0.0035816028308198644,0.004338189325789621
9,-7,-0.13158470169867467,-0.004812634958453233,0.005071324128068888
9,-6,-0.11798202803025135,-0.006107565682354504,0.005586834371890956
9,-5,-0.10283253582129571,-0.007276706850757251,0.005726944952269653
9,-4,-0.08616537239028481,-0.008004557342408153,0.005361186478089601
9,-3,-0.06814384410905946,-0.007889845736185694,0.0044745038743555735
9,-2,-0.04909723923964205,-0.0066016823063780195,0.003248980132430533
9,-1,-0.029533842842448702,-0.004154482664446374,0.0020642046984294983
9,0,-0.010124215277818469,-0.0011314991082125138,0.0013207761280774652
9,1,0.008418287107180664,0.0015545724778412138,0.001141709636896222
9,2,0.02559932671427047,0.0033788690193264754,0.0013271626684896206
9,3,0.04119352907147615,0.0044325079082452425,0.0016395430132265024
9,4,0.055137309698487576,0.004922151990730997,0.0019416354410133646
9,5,0.0674818728961035,0.005031519609881248,0.0021727162442281406
9,6,0.07834863981739201,0.004895973732590012,0.002314316431955466
9,7,0.08789208224034901,0.004608487678918391,0.0023688115829579204
9,8,0.09627325462404464,0.0042317189624970115,0.0023471741480385502
9,9,0.103645143355093,0.0038072189177777264,0.0022625055111824325
9,10,0.11014581630385815,0.003362746797294706,0.002127992581058779
9,11,0.11589554457179037,0.0029163809429330724,0.001955439050451563
9,12,0.12099804703938649,0.0024803940540283655,0.0017546389408441875
9,13,0.1255414423078902,0.002062350807344099,0.0015340160042154314
9,14,0.12960031382390233,0.0016675736149577456,0.0013000763848614416
9,15,0.13323811090884483,0.001299627905496771,0.0010578615493962256
9,16,0.13650807622970734,0.0009601421608561293,0.0008101436783310767
9,17,0.1394540788335227,0.0006485017996803278,0.0005551625211092008
9,18,0.14210407148031767,0.0003547357454063976,0.00028267124240119283
10,-23,-0.21766420986569954,0.0003346794318495386,-0.00011587674244516524
10,-22,-0.21507877846615592,0.0005841136296744404,-0.0001984765847856284
10,-21,-0.21224652004581074,0.0007661262292668996,-0.00024033611764331754
10,-20,-0.2091413888203242,0.0008907381496572547,-0.0002401376403877244
10,-19,-0.2057317543256318,0.0009595565832759271,-0.00019451190288491386
10,-18,-0.2019798164685313,0.0009703830487614515,-9.734238545860516e-05
10,-17,-0.19784147010187303,0.0009190814425990362,5.8243216931578527e-05
10,-16,-0.19326626010681677,0.0007992056424886328,0.00027997132931448975
10,-15,-0.18819662248696245,0.0006026720335105656,0.0005744782260360677
10,-14,-0.1825665420205187,0.0003192557836109551,0.0009470626297496743
10,-13,-0.1763013563168266,-6.354952389862241e-05,0.001399586610118264
10,-12,-0.16931812746959343,-0.0005595328323822826,0.0019283613498621418
10,-11,-0.16152544813350905,-0.0011820711556853577,0.002521007861459142
10,-10,-0.1528255587499902,-0.0019409196440516583,0.0031525575474361254
10,-9,-0.14311889993502297,-0.0028358067239431417,0.003780175137495683
10,-8,-0.13231004672032334,-0.0038452201230641187,0.004339637728328311
10,-7,-0.12031914611670479,-0.004910466717841552,0.004744471237612391
10,-6,-0.10709922155310829,-0.005915402838546465,0.004894083832351345
10,-5,-0.09265787569604991,-0.006671987416990128,0.004698152802017202
10,-4,-0.07708297190974826,-0.0069329423054808395,0.004119897791961076
10,-3,-0.060564447606405544,-0.006453524701200377,0.0032233949717142027
10,-2,-0.04340582285726754,-0.005114460116394562,0.002195574164728711
10,-1,-0.02601938014033865,-0.0030670027358166564,0.0013029565796641308
10,0,-0.008888597135305756,-0.0007660515743925397,0.0007615119483725018
10,1,0.007526744132860298,0.0012539534553429315,0.0006065103752852201
10,2,0.02289977488620954,0.0027102440856038986,0.0007136194123564903
10,3,0.0370505823968673,0.0036182141614977416,0.0009357321058579801
10,4,0.04990753775502698,0.004091040770123836,0.0011737265604553043
10,5,0.061480404518901625,0.004248252241171674,0.0013751210703198836
10,6,0.07183405848430656,0.004187879582200087,0.001517586075164274
10,7,0.08106564236678489,0.0039830466513354566,0.0015960518482978825
10,8,0.08928557708484117,0.003686218472563606,0.0016144855536234517
10,9,0.09660598371799126,0.0033343452164559233,0.0015800813283500291
10,10,0.10313287175764375,0.0029533085980637604,0.0015014926345208062
10,11,0.10896268293472504,0.0025609258938206324,0.001387349005838065
10,12,0.11418173877541274,0.0021696619675260634,0.001245509333104266
10,13,0.11886523051260021,0.0017878908043400487,0.0010832744110421532
10,14,0.12307898792681407,0.0014220691726400064,0.0009068922891906583
10,15,0.1268804265361831,0.001077411941116842,0.0007222033948437386
10,16,0.13031918010272786,0.0007588828836474038,0.0005345621286167377
10,17,0.13344080058501914,0.00047143776400438765,0.00035059052935651117
10,18,0.13629650876028376,0.00020646444580968705,0.00018212688511061348
11,-23,-0.21093917195615558,0.00032288432275183324,-6.875870221722792e-05
11,-22,-0.20810284458357822,0.0005597797406174723,-9.475470002042868e-05
11,-21,-0.205008548390556,0.0007327881640894595,-7.840972694173256e-05
11,-20,-0.20163044298625754,0.0008485591350840547,-2.1798041330833626e-05
11,-19,-0.1979369155202239,0.0009048308048812863,7.779568888512068e-05
11,-18,-0.1938909325414024,0.0008977889286743404,0.00022580783777374766
11,-17,-0.1894500685884402,0.0008228559581668831,0.0004273714361525039
11,-16,-0.18456671815552866,0.0006739575642745229,0.0006868027161099936
11,-15,-0.17918786283902555,0.00044350256511135964,0.0010063676804139797
11,-14,-0.17325442881175604,0.000123300631359113,0.0013854157862058412
11,-13,-0.16670147558750695,-0.00029579183643914587,0.0018191481531024492
11,-12,-0.15945941700864139,-0.0008221141045130374,0.0022959722042323306
11,-11,-0.15145512263434582,-0.0014601735111494033,0.0027955430468908265
11,-10,-0.1426146594566077,-0.002206996081527569,0.003286216716468899
11,-9,-0.13286863479888325,-0.0030454305533789954,0.0037226560797590847
11,-8,-0.12215906008271606,-0.003934598213633209,0.004046104139492709
11,-7,-0.11044931599280887,-0.004799184887061018,0.004189316024685912
11,-6,-0.09773783184069142,-0.005521163868469096,0.004089160686675122
11,-5,-0.08407316706449988,-0.005942629480600698,0.0037084934783866933
11,-4,-0.06956828504526956,-0.005892292323982479,0.003063383012856192
11,-3,-0.05441059803241834,-0.0052420081720350176,0.002242812408629007
11,-2,-0.03886274691964911,-0.0039862379427181615,0.0014028227835236919
11,-1,-0.02324864063774715,-0.0023026103553851554,0.0007194153903592438
11,0,-0.00791688677502929,-0.0005182342281881698,0.00030843567181373016
11,1,0.006818507064397618,0.0010429167189612747,0.0001735824868086027
11,2,0.020726374805938082,0.002212250257758834,0.00023400033981247004
11,3,0.03366466533327127,0.002981202893098332,0.0003941178033573422
11,4,0.04556491303876269,0.003412551356337209,0.0005822838602147414
11,5,0.056417069894435616,0.0035843371983912266,0.0007553235178505112
11,6,0.06625365410633947,0.003567163804756598,0.0008912862701141814
11,7,0.0751352490302406,0.0034177014219990685,0.0009815035011381777
11,8,0.08313722689510816,0.003178865427368911,0.0010255258356327624
11,9,0.09034114990146908,0.002882618173028152,0.0010265283457929909
11,10,0.0968275183144736,0.0025522209770680276,0.0009897492989214295
11,11,0.10267298653611741,0.0022042511301818514,0.0009213152941160371
11,12,0.1079480776467589,0.0018504689062449253,0.0008271097921747503
11,13,0.11271617075368864,0.0014992464340416655,0.000713390870593497
11,14,0.11703468479455213,0.001157394168252485,0.0005860986058948493
11,15,0.12095424693836206,0.0008311418486615679,0.0004508486983915477
11,16,0.12452090729353307,0.0005265676694314339,0.00031189137216197367
11,17,0.127780106500277,0.0002451196173675102,0.00016833228357843083
12,-23,-0.2043335201015319,0.00029044604296080254,-2.4621668139469458e-05
12,-22,-0.20126203173687834,0.0005072733622282704,8.171429745870619e-07
12,-21,-0.19792798255190971,0.0006704696481424719,6.470819074151296e-05
12,-20,-0.19430466354200807,0.0007764680523058038,0.0001631893549023341
12,-19,-0.1903604364710236,0.0008185963870955194,0.00030091876972688993
12,-18,-0.18605951563659845,0.0007929059579770275,0.0004825625002851369
12,-17,-0.18136210807725914,0.0006954865206578473,0.0007102081685444548
12,-16,-0.17622460360855194,0.00052130501794332,0.0009845663579202044
12,-15,-0.17059968332179873,0.00026445192877772245,0.0013037874442888568
12,-14,-0.1644361691460056,-8.059864904706581e-05,0.0016625327617854594
12,-13,-0.15767965539512419,-0.0005185795478662806,0.0020507779977968895
12,-12,-0.15027416769536664,-0.001051557052692326,0.0024522198050468905
12,-11,-0.14216401354966068,-0.0016754178354638717,0.0028428374341454214
12,-10,-0.13329692678932226,-0.002376231493056548,0.0031900920417338922
12,-9,-0.1236291239399279,-0.0031247088981216373,0.003452886233306687
12,-8,-0.11313177974101213,-0.003869804189026532,0.0035846088629649937
12,-7,-0.10179930461986231,-0.0045336335369368765,0.0035399809222650255
12,-6,-0.089658719955961,-0.005012043485404813,0.0032874406558189807
12,-5,-0.07677929526606096,-0.005185755526402927,0.002824127867432659
12,-4,-0.06328004290929024,-0.004947705841998271,0.00219019309075377
12,-3,-0.04933247587585121,-0.004245470058343585,0.0014730459619220484
12,-2,-0.03515617285466839,-0.0031252658858978706,0.0007917565644005676
12,-1,-0.02100290613685253,-0.0017478809689468223,0.0002594700410557878
12,0,-0.007128436343365981,-0.0003426005625420984,-6.130519699862569e-05
12,1,0.00624217447618029,0.0008857651774791395,-0.0001774508109493872
12,2,0.018938055379321514,0.001829094177474817,-0.00014378259836146068
12,3,0.030846248202376955,0.0024727244817514273,-2.4927314693647924e-05
12,4,0.04190522045144661,0.0028519122885483504,0.0001268487210498753
12,5,0.052095833001620226,0.0030181402306760793,0.0002766321230511557
12,6,0.061432004362688884,0.0030223279966209863,0.00040452644021340766
12,7,0.06995066167167671,0.002908015540941093,0.0005006458832766535
12,8,0.07770316241056502,0.0027100465855261794,0.0005618518990046984
12,9,0.08474843921305317,0.002455407728278504,0.0005887015678596426
12,10,0.09114733434493871,0.002164530355660155,0.0005839820741221015
12,11,0.09696029372843033,0.001852306865825967,0.0005515626654286998
12,12,0.10224420925099492,0.0015290861992294672,0.0004957058931267927
12,13,0.10705213955312873,0.0012023562640357424,0.0004218213014219756
12,14,0.11143270876962297,0.000879200100333975,0.0003349147427927621
12,15,0.11542976009905036,0.000566760439509575,0.00023879505539003518
12,16,0.11908557792424647,0.00027036720172668487,0.00013140681785780953
13,-23,-0.19786046170857502,0.00023237218647149482,1.436371621120647e-05
13,-22,-0.19457158418512915,0.0004304503377851212,8.26895396459913e-05
13,-21,-0.19102364464984065,0.000587577524995489,0.00017651145423987541
13,-20,-0.18718546193140315,0.0006827589675460011,0.00030210925962998185
13,-19,-0.18302511148271022,0.0007100675269866269,0.0004649092604067658
13,-18,-0.17850875845829564,0.000667313763771701,0.0006650919213508204
13,-17,-0.17360016020206567,0.0005513960452631539,0.0009020423891918696
13,-16,-0.16826055572495413,0.0003586252939774984,0.0011733692265806616
13,-15,-0.16244900805133172,8.548593911601584e-05,0.0014735690627230352
13,-14,-0.15612260814887655,-0.000270609027361433,0.0017941570848211007
13,-13,-0.1492374194110186,-0.0007097399337442154,0.0021220146317637513
13,-12,-0.14175039949887888,-0.0012278310978780028,0.0024388870023275768
13,-11,-0.13362148768618667,-0.0018136556513569067,0.0027208359110681172
13,-10,-0.12481680527503852,-0.0024453772562640676,0.0029382547304165176
13,-9,-0.1153131868681333,-0.003087051680164416,0.003057888805903536
13,-8,-0.10510331333730409,-0.0036853805247042647,0.0030468236148610056
13,-7,-0.09420214481057466,-0.004169119358261289,0.0028793372108398855
13,-6,-0.08265321586303633,-0.004454293779931436,0.0025460220890448993
13,-5,-0.07053388967220056,-0.004457848143744357,0.0020631486716031463
13,-4,-0.05795884704971997,-0.00412019646463455,0.0014779936495535294
13,-3,-0.04507891820655031,-0.00343310954998929,0.0008658472217424538
13,-2,-0.03207457013304447,-0.002460455945115366,0.0003135799757953537
13,-1,-0.01914193073393447,-0.001334170169417278,-0.00010662476566382398
13,0,-0.006472956600366114,-0.00021501450372347924,-0.0003607387901130094
13,1,0.0057648259832612184,0.0007624279636334231,-0.0004585228179588403
13,2,0.01744097269574331,0.0015251608055582497,-0.0004383488711511999
13,3,0.028464671115586367,0.0020583163490347054,-0.00034563945623080223
13,4,0.03878191508589051,0.0023820173997740187,-0.0002190019480451295
13,5,0.04837009970775144,0.002530893252542103,-8.634439044732287e-05
13,6,0.057232216977018115,0.002541692474535968,3.4849471360055525e-05
13,7,0.06538992094642662,0.00244790210233935,0.00013447961636208947
13,8,0.07287803795996992,0.0022775177705866793,0.00020830871928615333
13,9,0.07973873789668189,0.002053232639907223,0.0002551504137385095
13,10,0.08601818631034452,0.0017928343364029095,0.00027579858056264896
13,11,0.09176351240535592,0.0015092343233419209,0.0002721986779270209
13,12,0.09702014753073265,0.001210315497768031,0.0002475826227986305
13,13,0.10183170736359674,0.0009025536664261144,0.00020669354722651327
13,14,0.10623857571636308,0.0005933717355528084,0.00015354425551959293
13,15,0.11027936879922348,0.0002889650998728659,8.790416008441997e-05
14,-23,-0.19151791090091588,0.0001377584056644819,4.305775713818556e-05
14,-22,-0.18804316198251675,0.0003392918233541877,0.00013005662255535037
14,-21,-0.18431171383684078,0.0004904271147778274,0.00024006208373556525
14,-20,-0.18029076910566988,0.000573025972563332,0.00038796445189629456
14,-19,-0.1759487629203268,0.0005883356375844334,0.0005653636929335335
14,-18,-0.1712554162721277,0.000532267187812475,0.0007725072959337625
14,-17,-0.1661789383819409,0.0004037842034760721,0.001006251049105941
14,-16,-0.1606859048190493,0.00020095871362777064,0.001261479305295732
14,-15,-0.15474198394451086,-7.756928129587033e-05,0.0015306263502998848
14,-14,-0.1483124377977173,-0.0004310961822402012,0.0018033408314402075
14,-13,-0.14136314349375179,-0.0008555440851227556,0.0020655997100208776
14,-12,-0.13386263766547157,-0.0013417059186563605,0.002299383306619031
14,-11,-0.12578427581336407,-0.0018731360179431848,0.002483077828497947
14,-10,-0.1171089977504082,-0.0024235661430743937,0.002592293215091749
14,-9,-0.10782925856686852,-0.0029551183393665198,0.0026026319038288913
14,-8,-0.0979529385139812,-0.003417606743620822,0.0024935633592700506
14,-7,-0.08750768771742945,-0.0037509353604361696,0.00225414283312311
14,-6,-0.07654514165734987,-0.003891947359070937,0.001888938285757194
14,-5,-0.06514334381138108,-0.0037869603500517053,0.0014228813545971298
14,-4,-0.053407579848422156,-0.0034084011950117504,0.0009017251845782857
14,-3,-0.04146763415666296,-0.0027712347071023914,0.0003861446553334846
14,-2,-0.029470928464711013,-0.0019401315088888081,-6.176173433644915e-05
14,-1,-0.017571632756201588,-0.0010188065583049966,-0.00039588197920084703
14,0,-0.005917116269138287,-0.00012131403784216079,-0.0005976765422165317
14,1,0.0053641819670961904,0.0006609544782149164,-0.0006768867296252162
14,2,0.016170130442877444,0.0012768882420754488,-0.0006611551483157227
14,3,0.02642688034207577,0.0017134918245407058,-0.0005833694767595466
14,4,0.03608743760830395,0.001982318788450994,-0.00047255663039743006
14,5,0.0451285799611134,0.002107108028828107,-0.00035117197213144154
14,6,0.05354684817695564,0.002114774503509759,-0.00023415242984110295
14,7,0.06135414256943429,0.002030987369424269,-0.00013115314022339784
14,8,0.06857357928062296,0.0018780963638707349,-4.6937062154557374e-05
14,9,0.07523544193232871,0.0016751863883684652,1.6294727093222314e-05
14,10,0.08137471261424553,0.0014383924969063253,5.7841112827435035e-05
14,11,0.08702741088549787,0.0011777459214792284,7.81159306235333e-05
14,12,0.09222953997930448,0.0008978028261580833,7.980420312566685e-05
14,13,0.09701626368545282,0.0006035938331693478,6.767222554703905e-05
14,14,0.1014215628444155,0.0003005347753638745,4.363435793142815e-05
15,-22,-0.18168990486179165,0.00023315070990128953,0.0001079240881306944
15,-21,-0.17781016614943643,0.000375887573767451,0.0002594018905555776
15,-20,-0.17363569125582298,0.00045570323491530076,0.00042050166232723526
15,-19,-0.16914432760319248,0.0004619313001904054,0.0006046755095468957
15,-18,-0.1643101510886204,0.0003978522131165947,0.0008104852539229752
15,-17,-0.15910599145682008,0.0002640586471558529,0.0010318013760754403
15,-16,-0.15350387623427011,5.999867041892646e-05,0.0012625537552312482
15,-15,-0.14747588181370994,-0.0002133849679861654,0.0014942537304432593
15,-14,-0.1409948981742094,-0.0005525040102505061,0.0017161873075419742
15,-13,-0.1340356527918445,-0.0009497265497602639,0.0019146838464571207
15,-12,-0.12657659618792305,-0.0013922025184651891,0.002073575844631586
15,-11,-0.11860206817009115,-0.001860229363126276,0.002174823042304496
15,-10,-0.11010457125195884,-0.0023261264561389747,0.002199962963576273
15,-9,-0.10108781020738145,-0.002753364544416023,0.002132738506389913
15,-8,-0.09156971300053691,-0.003098022099156397,0.0019625867203774856
15,-7,-0.08158513671107742,-0.0033122823025728363,0.0016886306182131775
15,-6,-0.07118833532386602,-0.0033514228378482983,0.0013231011803325787
15,-5,-0.06045386774369795,-0.0031836057353165676,0.0008933634127134773
15,-4,-0.04947579710327025,-0.0028013208464551446,0.0004399393282740123
15,-3,-0.03836448939047031,-0.0022298231278764817,9.907131347163426e-06
15,-2,-0.027240501491971502,-0.0015275059391238633,-0.00035274999908866046
15,-1,-0.01622645722992118,-0.0007745366761535314,-0.0006182671669811517
15,0,-0.005437851344243906,-5.2809557761270576e-05,-0.0007766594425407979
15,1,0.0050244614547975824,0.000573651672053502,-0.000836688428423717
15,2,0.015078919630172084,0.0010682915400637312,-0.0008189193167500812
15,3,0.024664705916953855,0.001420437691978611,-0.0007476850378496846
15,4,0.03374107149987517,0.001636917656132778,-0.0006452601113155896
15,5,0.04228547548592978,0.0017342441233516282,-0.0005298253507393465
15,6,0.05029086780483003,0.0017323421887960877,-0.00041414439256572014
15,7,0.05776282585870319,0.001651090631579134,-0.00030707727419191977
15,8,0.06471634588160333,0.0015080651653127572,-0.00021357415337124703
15,9,0.07117336586313455,0.0013191964441507766,-0.00013588358979385354
15,10,0.07715983693887711,0.0011012733258262933,-7.581845590554201e-05
15,11,0.08270310362026531,0.0008597076769862838,-3.5075283401641915e-05
15,12,0.08783103351354811,0.0005935194555877359,-1.0448455201597489e-05
15,13,0.09257180438508111,0.0003034368731061685,2.8720757557932987e-06
16,-22,-0.17555025986474235,0.00011995364633827054,0.00010821733230994742
16,-21,-0.17153121114882017,0.0002693496185167969,0.00024165758097728288
16,-20,-0.167229637022411,0.000338653091784119,0.0004049332578736124
16,-19,-0.16261965494359243,0.0003384054854420334,0.0005917100983359912
16,-18,-0.1576779834020231,0.0002731966944021814,0.0007885134542064659
16,-17,-0.15238259973640791,0.00014129543798068337,0.0009911176098345226
16,-16,-0.14671090698179867,-5.577020878763873e-05,0.001192769977949442
16,-15,-0.14064091180796834,-0.0003150833894844454,0.0013853214373410773
16,-14,-0.1341522751601685,-0.0006304669286323729,0.0015582958062256688
16,-13,-0.1272273696364592,-0.000991771898230309,0.0016996497051415531
16,-12,-0.11985289809877364,-0.0013838000336868668,0.0017955809525908037
16,-11,-0.11202181751109262,-0.001785573138529277,0.0018321469121317878
16,-10,-0.1037352929220174,-0.0021699561627017234,0.0017963140614473154
16,-9,-0.09500485766738662,-0.0025040544907618113,0.0016788124986843558
16,-8,-0.08585454097237206,-0.0027513112432886217,0.0014761244596787808
16,-7,-0.07632257764079886,-0.002875520409065354,0.0011937533338482699
16,-6,-0.0664625497082636,-0.0028467236305060174,0.0008474099628560056
16,-5,-0.05634339040757405,-0.002648501242141698,0.0004635270036447491
16,-4,-0.04604783764243438,-0.0022849518760477325,7.603651321093862e-05
16,-3,-0.03566929119498579,-0.0017843594862921486,-0.0002790614812750845
16,-2,-0.02530684925263762,-0.0011965541470276915,-0.0005707082634098831
16,-1,-0.015059230789064485,-0.0005831857772691676,-0.0007794412304620199
16,0,-0.005018642410967421,-3.921729924200386e-06,-0.0009001736956173375
16,1,0.004734146658742856,0.0004954035390823556,-0.0009403363503124778
16,2,0.01413292377265633,0.0008882811920193308,-0.0009156142205215692
16,3,0.023127005279514643,0.0011662532591979434,-0.0008445796188375045
16,4,0.03168107017580685,0.0013336699723970192,-0.0007446918681318348
16,5,0.0397738657274404,0.0014022338428778649,-0.0006307887133012247
16,6,0.04739654135504832,0.001386740489561155,-0.0005138669417612495
16,7,0.054550500565819775,0.0013029393702374843,-0.0004019738905901694
16,8,0.06124527726870316,0.0011637296595537255,-0.0002996289676707763
16,9,0.06749666401713064,0.0009816338686976594,-0.0002080408670108044
16,10,0.07332427314469686,0.0007814205085291309,-0.00013065558055935187
16,11,0.07874823857484241,0.0005569159908393281,-7.30757355226433e-05
16,12,0.08378857968497475,0.0002949407828162028,-2.980954911925363e-05
17,-21,-0.16547897370675904,0.00015589009874757934,0.00016615509574701795
17,-20,-0.16108158115773874,0.0002215820867244473,0.0003550075767933686
17,-19,-0.1563785651717904,0.00022701187255141727,0.00053500906148088
17,-18,-0.15135893247418553,0.0001658402971049239,0.0007176625765367517
17,-17,-0.14600479515706616,4.235467794460922e-05,0.000897187669832025
17,-16,-0.14029806871674613,-0.0001411030108596031,0.0010688736729857387
17,-15,-0.1342220280032844,-0.0003793494999283623,0.0012239230326737958
17,-14,-0.12776210763992812,-0.0006646861416450924,0.001353287002013702
17,-13,-0.12090695824535867,-0.0009850391659444347,0.0014467045488016324
17,-12,-0.11364993085154262,-0.001324186801009328,0.0014931565084676723
17,-11,-0.105990624721839,-0.001661257862079881,0.0014824461079135057
17,-10,-0.09793637614433297,-0.0019711399590383203,0.0014063109140370128
17,-9,-0.08950385782375749,-0.002225620659478015,0.0012605862541952826
17,-8,-0.08072044739694986,-0.0023954251572953153,0.0010465929828470737
17,-7,-0.0716251727964723,-0.002454454911054588,0.000773437830016161
17,-6,-0.062269073892268205,-0.002383833408323796,0.0004577703859409839
17,-5,-0.05271458852791756,-0.0021775013701658946,0.00012332219968185892
17,-4,-0.04303388977989776,-0.001845537509323865,-0.00020212667997548063
17,-3,-0.03330599239650801,-0.0014154871510015851,-0.000491354979298934
17,-2,-0.02361287771269211,-0.0009285911429799218,-0.0007224612545218391
17,-1,-0.014035042352045751,-0.0004323261159763998,-0.000882560726670873
17,0,-0.004647274592327212,2.9188657169219188e-05,-0.0009692349863009229
17,1,0.004484691754746725,0.0004226411463778476,-0.0009887910228989325
17,2,0.013306267826030553,0.0007287758962659569,-0.0009534625224439089
17,3,0.02177483991982772,0.0009414132033183359,-0.0008777880759194453
17,4,0.02985967596536692,0.0010633085284213679,-0.000775928486045531
17,5,0.03754114768959482,0.0011031461631900985,-0.0006601530793874324
17,6,0.044809553677803204,0.0010717125366601786,-0.0005398828292810637
17,7,0.0516635057675999,0.0009823783535880006,-0.00042247440854622457
17,8,0.058108629648697015,0.0008418828784258183,-0.0003120994375242587
17,9,0.06415676502260247,0.0006560638176944195,-0.00020638024425629112
17,10,0.06982636426663492,0.00048093669033319106,-0.00011326274026272757
17,11,0.07512695305893424,0.0002694287929959281,-4.769159557794483e-05
18,-21,-0.15968481177605232,6.431349261300764e-05,0.00013961224558304528
18,-20,-0.15519158115283144,0.0001314977173794085,0.00027984697177915106
18,-19,-0.15041802818601296,0.00013449024712286923,0.0004451269944608006
18,-18,-0.14534826849759994,8.180313215083856e-05,0.0006055116192512521
18,-17,-0.1399644610243883,-2.9762224597531515e-05,0.000763487829829519
18,-16,-0.13425241945154348,-0.00019353129201329813,0.0009065987687729686
18,-15,-0.12820055840835543,-0.0004060452944639703,0.0010287137305751643
18,-14,-0.12179901651741326,-0.0006577409113620955,0.0011217470773213023
18,-13,-0.1150413234577218,-0.0009352637669885254,0.001177789392992788
18,-12,-0.10792599999781141,-0.00122219497893554,0.0011884038183960985
18,-11,-0.10045763404358676,-0.0014990595044159264,0.0011462940332989645
18,-10,-0.09264783108212112,-0.0017436327796521846,0.0010470730735274273
18,-9,-0.08451636713918041,-0.0019322932823335603,0.0008903111711682674
18,-8,-0.07609203638917451,-0.0020426674426201395,0.0006805204110466325
18,-7,-0.06741302957576799,-0.0020566515247686214,0.0004281119349266659
18,-6,-0.05852686464601775,-0.0019638017220847768,0.00014934288095826197
18,-5,-0.04948943978136698,-0.0017643310710487514,-0.00013508917551592286
18,-4,-0.04036342526790844,-0.001470763523847025,-0.00040293506436385316
18,-3,-0.03121582784261618,-0.0011080642104780308,-0.0006337001369734729
18,-2,-0.022114966330474883,-0.0007099628946760097,-0.0008118818736725218
18,-1,-0.013127297016199737,-0.0003131965817082304,-0.0009289177845228449
18,0,-0.004314300098491249,4.923280818442818e-05,-0.0009839011255692977
18,1,0.004269713529767789,0.00035283059588623987,-0.0009821571932358147
18,2,0.012579204769525815,0.0005840058151438355,-0.0009333261449782659
18,3,0.020578027810837646,0.0007389127836913801,-0.0008494120602119454
18,4,0.02823932828577185,0.0008189487611859467,-0.0007422769239453152
18,5,0.035545253469479926,0.0008310617738176258,-0.0006221772321276188
18,6,0.04248567739937749,0.0007818498459816877,-0.000496755932461804
18,7,0.04905737188656078,0.0006870692467657042,-0.00037321329415912035
18,8,0.05526195895887616,0.000541217278740377,-0.00025693751516184363
18,9,0.061108503026478425,0.000329922280709081,-0.00013753808844504804
18,10,0.06663443482978286,0.00020881794665877435,-3.730572900808864e-05
19,-20,-0.14954450239493028,4.1188695641376594e-05,0.00016853586433725564
19,-19,-0.14473469552536294,6.478486023359692e-05,0.0003095001321648364
19,-18,-0.13963937993178271,1.8123205105295364e-05,0.0004650736006833694
19,-17,-0.1342503888582074,-7.294786338809659e-05,0.0006014391803840011
19,-16,-0.12855799078629043,-0.00021313101687718498,0.0007215486211973693
19,-15,-0.12255560046911103,-0.0003968903285680645,0.0008154777416644683
19,-14,-0.11623624615854816,-0.0006143793790803887,0.0008808398808464446
19,-13,-0.10959707533395854,-0.0008493232498120973,0.0009114856250954348
19,-12,-0.10264061397739828,-0.0010864582869393616,0.0008987023224051081
19,-11,-0.09537515110049445,-0.0013093675606449442,0.0008386848182714173
19,-10,-0.08781512764120657,-0.0014985217362899557,0.0007303202442973664
19,-9,-0.079981898248398,-0.0016344855881917177,0.0005757199688016196
19,-8,-0.0719043696733406,-0.001700686538223781,0.00038075545697677156
19,-7,-0.06361899415081865,-0.0016857306047629772,0.00015640908008660191
19,-6,-0.05516931799227611,-0.001584997728948109,-8.226332322314475e-05
19,-5,-0.04660508130690691,-0.0014021012724116288,-0.00031767771512005344
19,-4,-0.03798060387976043,-0.001150095875664945,-0.0005320101294275704
19,-3,-0.029352911200731153,-0.0008503488185980089,-0.0007100561496623636
19,-2,-0.020779403285568654,-0.0005305417511467147,-0.0008408217676111366
19,-1,-0.012315540140963322,-0.000219394884317681,-0.0009186289769573814
19,0,-0.004012560260165864,5.822879890978093e-05,-0.000943384045630002
19,1,0.004084111265162335,0.00028414077699450227,-0.0009195271632147215
19,2,0.011936097038713622,0.00044968679680663877,-0.0008549602490083856
19,3,0.019512501665319353,0.0005539864044552499,-0.000760280767054175
19,4,0.026789800008290298,0.0005953648653108067,-0.0006459102969315799
19,5,0.03375194562814116,0.0005819661326090454,-0.0005199462863084911
19,6,0.04038875533671247,0.0005111141355490281,-0.00038769321324288243
19,7,0.04669671933212623,0.00041762264588342333,-0.0002559791948624505
19,8,0.05266942516254253,0.00026179394868036595,-0.00013197175795211526
20,-19,-0.1393181257132571,5.246430285973999e-07,0.00017408191318126105
20,-18,-0.13422517479719498,-1.7186647876602892e-05,0.0003005362704439004
20,-17,-0.1288480097589906,-8.88929735411113e-05,0.0004303206876876215
20,-16,-0.12319655261499857,-0.000198230184437752,0.0005247338117392329
20,-15,-0.11726530991298136,-0.00035649993355162877,0.0005960758862138137
20,-14,-0.11104714322089133,-0.0005416959705743843,0.0006479681329414104
20,-13,-0.10454165395509724,-0.0007332999018849042,0.0006630874758616152
20,-12,-0.09775528148425693,-0.0009244931287863549,0.0006374185027436744
20,-11,-0.09069919280159157,-0.0011009785565119343,0.0005703787155261348
20,-10,-0.08338927150568418,-0.0012446454826428905,0.0004640670302160918
20,-9,-0.0758473877824908,-0.0013392893258104789,0.00032135621043349394
20,-8,-0.06810176389630283,-0.0013739107745690342,0.00014863625979187408
20,-7,-0.060186611023170265,-0.0013425108170285617,-4.344682260184797e-05
20,-6,-0.052141556945681324,-0.0012444066402073877,-0.0002408518645811593
20,-5,-0.04401064556529954,-0.0010845588494030876,-0.00042859367505559905
20,-4,-0.035840938096444,-0.0008748979883839477,-0.0005927414146948163
20,-3,-0.027681141549066573,-0.0006332029017109368,-0.0007222878445273998
20,-2,-0.01957985667964244,-0.00038254048318548544,-0.0008095577019815765
20,-1,-0.011583950030293257,-0.00014621993693324464,-0.0008507068392408964
20,0,-0.003736598880080748,5.7939366901834695e-05,-0.000845877738690967
20,1,0.003923771081381333,0.00021520668256773778,-0.0007992000424194943
20,2,0.011364484650944267,0.00032250753335809324,-0.0007169506776483403
20,3,0.018559037655999346,0.00038437043904188616,-0.0006105091167691597
20,4,0.02548660612479116,0.0003880913806899654,-0.0004886202511865233
20,5,0.03213339642462828,0.0003546516001517189,-0.0003579660923666264
20,6,0.038488370923342105,0.00024938121374327695,-0.000220332492613257
20,7,0.04455714670590761,0.0001777124609712811,-8.985827434416019e-05
21,-18,-0.12909359765102077,-4.332652731927668e-05,0.0001598451157394373
21,-17,-0.12373411003690114,-6.266597473411301e-05,0.0002500065249988062
21,-16,-0.11814987680166494,-0.00015231981056443278,0.0003120593540890955
21,-15,-0.11230909342947444,-0.0002975928415275954,0.0003933724574434259
21,-14,-0.10620616882070606,-0.0004436059003365695,0.00043735472336562536
21,-13,-0.09984371744770787,-0.0005914156365479694,0.00044630950828926315
21,-12,-0.09323389997710538,-0.0007420297132645124,0.000413605447520359
21,-11,-0.08638965074031336,-0.0008815974899132112,0.0003486044844385938
21,-10,-0.07932662182304763,-0.0009887754645155399,0.0002537350881467352
21,-9,-0.07206646984437647,-0.001051197309279309,0.00013031106833795265
21,-8,-0.06463634551552169,-0.0010640658849454228,-1.6017308275897864e-05
21,-7,-0.05706822732503564,-0.0010262440410390434,-0.00017350870952087855
21,-6,-0.049398002033707124,-0.0009387568092126127,-0.00032909289436916435
21,-5,-0.04166450003985345,-0.000806191184564532,-0.0004704265003878134
21,-4,-0.033908463622703056,-0.0006382428831366776,-0.0005868740716298338
21,-3,-0.02617146289385843,-0.00044944639006067315,-0.0006708133015294378
21,-2,-0.018495065755479403,-0.0002599247754465863,-0.0007171963657054109
21,-1,-0.010919595615756715,-9.034112120711857e-05,-0.0007227434086420635
21,0,-0.0034817381726907413,5.0321483445095345e-05,-0.0006882288974027952
21,1,0.003785877574126614,0.0001448060665766046,-0.000617821444917828
21,2,0.010854668394792042,0.00019980135839490527,-0.000516603597859626
21,3,0.017702158215063882,0.0002320543482170896,-0.0003989477057411231
21,4,0.02430975199799148,0.00019134221766116085,-0.00027262807700563366
21,5,0.030667923797371117,0.00015376429395722952,-0.00012919378121482609
22,-16,-0.11340078383694377,-0.00011243777475831037,0.00015106721489166087
22,-15,-0.10767286507674813,-0.00021437451598844623,0.0002149580979935024
22,-14,-0.1016888737810549,-0.00032512689787333803,0.00026964939210768937
22,-13,-0.09547208765912346,-0.0004209706946035697,0.0002668100951222577
22,-12,-0.0890428179865209,-0.000545590628610599,0.00023102549211156476
22,-11,-0.08241065986651969,-0.000659425654195229,0.00017895827701080075
22,-10,-0.07558874534844678,-0.0007356686234161491,0.00010508535725747882
22,-9,-0.06859863318415242,-0.0007715031333824278,3.2201023051561396e-06
22,-8,-0.06146686081905095,-0.0007714645742061869,-0.00011439733019762483
22,-7,-0.054223387518365335,-0.0007357290456470794,-0.00023554103583983533
22,-6,-0.04690054574208843,-0.0006649818222881059,-0.00034897368307568443
22,-5,-0.03953240833288463,-0.0005625521828640977,-0.0004447075912327749
22,-4,-0.032153916685487643,-0.000434872960377891,-0.0005149836643343166
22,-3,-0.02480023814654939,-0.0002934646483650691,-0.0005550139048100717
22,-2,-0.017507147707445752,-0.00015785994704734532,-0.0005615616283567239
22,-1,-0.010311834334345443,-5.044421378083429e-05,-0.0005304317359650952
22,0,-0.003244397360682061,3.861569306546665e-05,-0.00046371276881777775
22,1,0.003669177408791036,7.164709025258744e-05,-0.00037007297059868496
22,2,0.010398499815528397,8.016503529925542e-05,-0.00024285278013413334
22,3,0.016927941572262167,0.00010811358800621575,-0.0001372219544752434
23,-15,-0.1033379022055241,-0.00013149744158979856,0.00011413393924138244
23,-14,-0.0974680703253136,-0.00017039179665082478,0.0001354377561720067
23,-13,-0.09139092292056476,-0.00021881622918060926,0.00011854599503568504
23,-12,-0.0851535102818814,-0.0003492442813526161,9.226817032901839e-05
23,-11,-0.07873148247800826,-0.0004425374348954808,7.655345715894844e-05
23,-10,-0.07214190043454974,-0.00048331231455665043,1.720905370994479e-05
23,-9,-0.06540820106133173,-0.0005006231964529859,-6.185602579587048e-05
23,-8,-0.0585574775451529,-0.0004962639934340057,-0.0001475939781432833
23,-7,-0.05161761202073092,-0.00046947524475256854,-0.00023021025623961653
23,-6,-0.044617417822818035,-0.0004203333568168945,-0.00030104395492834546
23,-5,-0.03758640805931509,-0.0003500410290235183,-0.00035237125266360014
23,-4,-0.03055409932165077,-0.0002613590269309572,-0.000378183197487733
23,-3,-0.023548774105163636,-0.00016156034025429673,-0.00037472562619610713
23,-2,-0.016599117214004058,-7.283270841784638e-05,-0.00033843590178047353
23,-1,-0.009752814988025143,-2.806993389042077e-05,-0.0002581160082930793
23,0,-0.0030249223853648275,3.05268206362763e-05,-0.00016015070357150495
24,-12,-0.08154662854646191,-0.00018039038817470215,5.552068263829133e-05
24,-11,-0.07532782997470176,-0.00021417365153989445,2.6161672114021095e-05
24,-10,-0.06895491727312696,-0.00023261648117402724,-1.8211236023406798e-05
24,-9,-0.06246258938228854,-0.00024034571228570483,-6.673572070270582e-05
24,-8,-0.05587649190571001,-0.0002379425510226871,-0.00011398984533553426
24,-7,-0.04922125527309187,-0.0002247372126946411,-0.0001551435300620528
24,-6,-0.04252193039004288,-0.00020038558888476208,-0.0001848757418553345
24,-5,-0.03580391061232187,-0.00016445947525055694,-0.00019698351872004226
24,-4,-0.02909187415992286,-0.00011601608196840848,-0.00018241098306586708
24,-3,-0.022406106262313236,-5.46489668880702e-05,-0.00012479447873715036
