dataset,source_frame,sha256
CP2K,433,feddee778c67368df5bc92af63a75f594a700c7e674430998d46202e82c1cc01
CP2K,434,650e990e3a5bd551b68bb59aba1f056907e71a82d21fc3ae5aa6435b12458597
CP2K,435,1078e29ed809cb1a21e62a95ae0a38061e123649bbe3a41b3805385711dfa8d9
CP2K,436,ce2819dd81a390dba11295a76440302acc3c4cf85b3671349ae9ae5f05fc36d3
CP2K,437,daac00a1b760f95c38c1bff19d706d530d944e77dc9b120755df70ec21f2cb1c
CP2K,438,606308ef9752e6b3b6b1aa7108f333990fdeea55db1199423247e1279832f6ee
CP2K,439,93716bb5006e208f7a04914447460f79372f889587368a9842d6a916d4768086
CP2K,440,91397ad76aaf46e243e8de3b54b38aefe0ccd072db0b2bbb62b37d53b13517f1
CP2K,441,0bd7502d3fc4bf6bf6f9142b2bcf5cd4637369e7df45df6fd179946f27a45789
CP2K,442,d15ce58fa68b9a49e9f20d33daed33872246974bbd5176027456dfe4be5e61af
CP2K,443,98db2094e1b7129a91b6e466cf2eafc29515599f32e4a7e1be861c3e7da14750
CP2K,444,5da3e63149c3dcb9e9031357735377fdd0f388416c5b22fc6183c5b81a7dbd1e
CP2K,445,1c2e500e160672a98cdd67422098e1fb114fcbb8cb2ccd8abf64d1c6f0b7b507
CP2K,446,f6a0b1859e7a6ad5e7fbc8dbb072ac8f3e87a47b4f8b0e8892df7b4679d6dbf5
CP2K,447,baae36a09e3c5083e44fd35c3b41afc9d4801b06afa97a4636733f796d427bb9
CP2K,448,832229a1e4bcbf94339b97941a0a38903fc0be368d314cddb63da5f9f67749e7
CP2K,449,420bb83340a63467e95b4cacef27a90a4c41ebebd8e2a6fc5d12abbbb2cab9b9
CP2K,450,456f65ae9f7ade70e8a84f8108b7792d100b8d4c5c032c8821f4ca0ff83c8c4a
CP2K,451,1f3a23ee8ea0da587d8273388fffeac63ee239d385f5404f0d6b069010163346
CP2K,452,bd1a619ca0eafd6701ca83eb0cd13f997ac28877ddc42c43f5a36c1c974a5426
CP2K,453,4cb3e61c4bc57411ccc9153b4d03e1dc0f6bf4660e3d1cbe7ce48a9ab34af4ed
CP2K,454,29fb022ab178cd6689c37051e17ca8a1e9724d473f2cb0d47be6abbe8790d504
CP2K,455,4aa8f172b106f5ab4aac96fee08af21915991f952ae3c87a36a7ccb55ba2dca8
CP2K,456,22b0a2beea68d983b1b23de36dae174f83c6d82137ccdc226ea21c4229f92f09
CP2K,457,86907acaa346d6015cd2e2352fa4487078652c466ae3541e0cdf6d6796c2afbf
CP2K,458,db5d012b22906776065cf7a878afa01e63b41fd3af41e05856acc44b2231de29
CP2K,459,665a36d07bf8304cc63ad907f933b57bcb24890aabdcf72f6051f60f09c7e915
CP2K,460,7b03c162d55d44eb23942a597ca6ff0c52144c48a1efe86b5d795befd52e7e78
CP2K,461,a67462ebd74e5eae51597ba20b892269030c005914de9fa1dffac7af1b201367
CP2K,462,4ac7cf5aa92ecd874b6870df22ea0c4a015579ef0215a4e93a1ec98046f70f48
CP2K,463,387d52d00e3903f92806fd1a789eb43e434dd7fecb104f9e3157af4834c598d9
CP2K,464,103d4b8d216e2e3774bf4c9cfbbe47aea97f6ab794d88504728965abb5f585e6
CP2K,465,cc41258de529fd85194f864371b0d9f30693f6f254cf544b844ebdce1db71fb6
CP2K,466,d7ef5ddb3fadd5a424dc9fb50b0a5ad2380f65689e8e2b96fe3775127a44dba4
CP2K,467,95029d9e2d70d7952fce38263b554fad106b6d2f824f8b319d2a47e69862041c
CP2K,468,0ed70c7393b6d86bc299811d0bc01c7c70a3b99284430e669c120cec73e7fadf
CP2K,469,25ba9b552a961db9b695fdc42714da92f1532f3aa18b4e2c23c8229ba6c2ac7a
CP2K,470,2bf04b8cfc1a35dd7507c65d6f7e90f6ca8a27df74b01b6ce5947aa10bf50e97
CP2K,471,6c362f2f1f40837242b14c1fed78969e7b61212f23518b77eb8b30f70a3f4579
CP2K,472,1f82b904b53a7a1b943bed0c48aefef8bb42eab11dd25055cf54bca95074ebd2
CP2K,473,e4c17080ef495f4b6fc2e56681621782e4343218939adb5d87b6db7ff69661f6
CP2K,474,d86b1a403caeba4222f1496073db8daac0bcdc7308eb5f1d0e6c83ef5956ae65
CP2K,475,d8925bd6f8528124d6b2d0277c8539ed034788853f8b3d97e751ba6aa25da1c5
CP2K,476,7eaab227ed82f564ae487facc2f7d440c9520a96ac934dbb9544280cb1dd8165
CP2K,477,6aab97c3ab921b52ac4af7eb94108721826ac01dd6f1c79ef711a80a014d0fb4
CP2K,478,40c27e744f65a2ab245b5a36d2df9836f351efff299b3407f196b37c6fa30278
CP2K,479,50b09621e3a80439f8e05f82f927b6b2f2e6cf286e58d20c29fba78e787d48f6
CP2K,480,9aced230df557f20d635c2ddc2808af8b4ab7cde0db68bb0d06897d41cf0c9c2
CP2K,481,a42af753a68885b3bb6dd644f88dd1d6b497ba8ac93c2a87b9a71f8d0743ad72
CP2K,482,64acc3c67ff1d1ada123e7771434448c910bea85d4cd85742278789ac92faaed
CP2K,483,e3982b371e72d5e21745f1320dd756658d1deffbb97e6154cbb81b032c693fcf
CP2K,484,c24af5b9e1aa3c1722453af99af9472dc875f096cec6725df0e917b57ace647c
CP2K,485,03dec02cafa278cfa6c68c2d2fe7f03f7a5d4fc5726e3d744b2f9a9a942657a5
CP2K,486,5730eb0d302b36ac2a6ddafbf806280185eaaa002db9fe01a34dec0145d382e7
CP2K,487,72f40be31eddd3cd7751039402563adaaff72e2bc2b835f3ebb85d311cf6d4ea
CP2K,488,b2e56ac4b07489c1f1fac8fe3def80aeef619871376c92c23fe02eb998929e40
CP2K,489,06bab9a207ce531a8ab780ea891a014687b8a4a210d48df1f3ad452e04e4c9ce
CP2K,490,d82baf95e84d0529e425d0b4e5d55e6d6bd55941c0fb0e2f480e64c2be16e9f3
CP2K,491,9b09ebf2d0605cbeb81e2e2ce37c5018fb760e8f7d4bf3c28b8222e9e3a9420f
CP2K,492,43e8f1474b102214f01df520a5d290b56dd47f84285bca6dc807cc3e7d3925a9
CP2K,493,674c9e86a96f9e69f9be5a3989fcf8fbcaddbcf1551ba80029022c4eebb84cae
CP2K,494,d0f38716baee15870a3cc81cb3defe4191685863ad214182ce893143140f89ab
CP2K,495,da1b7767b36732392de3f46c5dea9910adf950a4ce6d034d0933c90d799d9329
CP2K,496,2252061166e3b572960901e78b83f96bc93a32e9f8268250f2ba376107dc48e8
CP2K,590,fb5e432119d8c2f524832274cd7fcdecc7179a86a4528b13b72830e201cbd6c5
CP2K,591,4c297c21abee58e7e7d28eb2f101b85f42b696c63673ff73119ae65d1ea27e8a
CP2K,592,4da6591826398fb9c1f3d17c69f9787364904dc3bd1bafdec7aadadf14bdd55c
CP2K,593,d72173fa0f189d066f9833d9f3a7b18851b73bcb7b2f1637aadf38747e0c45f9
CP2K,594,bc094f5065979961a8f001ddc0caaa2b48aa2844d545346cd7469edace2fe502
CP2K,595,20209ca443faedd47ee01bd64141454be0668c3913f44d6ac39c1112ccfbeca2
CP2K,596,557f6e1b231191881e9d74650dfefcae01f7748b06107cd36b80f61ac794616c
CP2K,597,25e404e76bd5f8c4844085ff9802acd9ca5bd7241aa82fc07239eeb9ebda870d
CP2K,598,248a5c48549b95a02a1c313df81c739d75045348ecb3d4ea96faad4318d189d3
CP2K,599,1fbb41cbea10d992ce9ba7393d2be36470fb343545a505372cc69a024f4b6b0f
CP2K,600,cfb63c69155189212c2860915f3099ffbd332db007cbc7e636c8d882ab411bc1
CP2K,601,72c06a06ab2910bf145f5e5e4390e9c827ba043b1976cc767dffcb09e6b02ee2
CP2K,602,1b07e36af61e6c984c1bd5e58bcc3c8d31e28f391e8f9723e47f52c88d4b41fe
CP2K,603,0f948e8a515e103aa5704af150f83640df928535c4f660e8886a539278359269
CP2K,604,cd3e61d4f7dbd8eb1f92cf70e35173ab98d6ef238359c5eda802d90c529fb19a
CP2K,605,16c5452afb32fbc2e585b6bd573b9d1d9b66c78653eeb99ecf644418dde364e1
CP2K,606,4a9a6be5065fcb700b19e738f607bc56889688d7da4222ee585f861199977366
CP2K,607,39d55d9b14410ca0eac9a12844dcffd42b0281845cc1e7bd85875fb4f7465d82
CP2K,608,37d139a5b831a9cea1d3ca5920c62344502df48a1d9387fe5b06c2b6c62b252b
CP2K,609,89a515f5db54cc2b5b39298534555f938d4e3f0ad0a334b383a712f388e166c1
CP2K,610,750b8ee9a5d0dfa758cad0e9d0c65d972edcbed4197bad6bb4047d4809fe3a04
CP2K,611,99d0c881396bbba20c1b8da6a10728baff0d0cb1b0e99e766f23d0822d543b0e
CP2K,612,8a9e87fc8f5b22a7e23f300d289b5b606ddeee52d44194408b8530945032f175
CP2K,613,9cbcbea85446400f5224ef122e3c6785554ddd9dbde5b6d5d7ef652484125b66
CP2K,614,49a5521a4a8584541de0c788ccc628be41e4cfca7e0b67b96c435ee631d7459a
CP2K,615,1e4d181d07bde1e792aca72c8fa75c1652f7f8cd7c58cf969dab6c08c9e12aac
CP2K,616,5bd0c5fdb1d5a7a8e7f78278726a2aa8e5fbf5bc63e22faa4acd15faf2371674
CP2K,617,17d804b4041a7bc0d9689bae7b81128b4e021e3f91c2b647d097bef0d6986939
CP2K,618,ce957ab40fe248b93ca001de615dbd530cb0c8befe3229c5bc014b67d469891d
CP2K,619,1986be7eb69c597a395ed0ebb9f582094cf39e8303778992ee6b3328afa0a97a
CP2K,620,eba0f44c61f238b0ab7eb587a03edbc6766f73dfe6776e1a776f42651a711bdb
CP2K,621,9b2777387220039074cc4a5859ee565ea461d30a2145e87c3f9e0ea4f7bb5cdb
CP2K,622,4ed3c867fadd427e954540a4b4484a9af56c0a0215a3c2f0f16bf9d12c7d48d7
CP2K,623,ee23bf039f616df57bafa0fbaf5310ba52db8535528fabef488eea62f2878f0e
CP2K,624,78d02648262df096c6d071aa0477d5337a911a36ab0f27e00f3013d2919ac5eb
CP2K,625,06d5a3d150e267f75a5ae0596268b41c3bea9961005a331af53f9363b244ccb9
CP2K,626,4993a5a0827d64c03793f82eebfbaafd241453e3bf62a98017c864c6e63b61ef
CP2K,627,91d25481b816aed987e5c9d3ad5bfc2c3f8730ad6dafcaed0bdc6bc84633ead8
CP2K,628,5a694529ff019f289679e508cc2056e8eba53be6b6158ce1e07a120c965f96fe
CP2K,629,74755d50157e315901cfc3f7bf4c824e2041eb51e006acc45e70579f8c54c8f4
CP2K,630,c86d4af989fc1126023e194652a8f4e241f8d83cc364006f5f3681ded9a01e71
CP2K,631,73c0747b79c022d914039291427b8737362104ef2be03f7cce29b88ab273bf70
CP2K,632,5bbf68dcd344739136d9256300f8c1ca4442ae331d2f5f489744c44df88f3172
CP2K,633,47e1f2d9ad7353971bef154907b283f03d437977f9cb175dbe0442d596f372ec
CP2K,634,94ae1741cc74e230cb5b4a0d19c182af2fb1015faf7229daad7819e382e05671
CP2K,635,c3713679449d63d152180358824d71ca22b49a7ada0079950757050c39c047a3
CP2K,636,192897b4cbde239482417aeeec8bc286ee593d7e9840ef25a4ef335b1deacbb5
CP2K,637,93aac108be782357b6e13838b63303e24f04a5a6ab61343bd8eb153885f69a15
CP2K,638,f85f7b1540db5ebce435bca8aef45659877ca2b3a47761fc177afcc09436e9be
CP2K,639,82b95f958355f40b5ae5ba8ce37c486d7322de695da16f38f6f317d57024b49b
CP2K,640,94af69ecf1d752934785d6a716d8e399913a561762588988d608c0b9c07bcf1f
CP2K,641,5b98d2d17158ae9df34d258123b02d2bb6bf8a92ef5ae783d905902dca62a1f2
CP2K,642,9e95192761fc74dd27aeb8431dc2ac4aaddd4e578f9a4ff08555bf9c389b0f32
CP2K,643,1dc28673f62e1f7da0226e72e3807857ab7f40fc7511fb714c6fe8330954523a
CP2K,644,3ee59c4a76d7895d703e0a123a8f42c16e1dbf656284514f13b13215872bdc6c
CP2K,645,7ff4b2417b7d233f2dc002bedf57ff1fa02035a8dbc87677c4dbf4de27c770a4
CP2K,646,b1a78c2f7972bc2e7e4e4de78267c0ab46e6f1fc7673a77c2c551910927d043a
CP2K,647,8a131193d68a7bacc940179a45baaca2544e6b79cb94a1dc544660269713ce91
CP2K,648,9e8a323501695b4ec3e3a4beb04c027718de5523a335de4c4ccd2e5032c97658
CP2K,649,6c41f31089a541577b42ed9c39c5ca16666bc0c13f00fb7289d52b1688705aac
CP2K,650,f9c748fbb05498b26731532c6a7be15e924fe8e36cb28834a062321b6d48d0f5
CP2K,651,dc2d01c22e521a7e5276323759aa8ba168ae6310391f0daa459a1cc727b274cc
CP2K,652,84116fc9d48a146d8c6d58a66f03a21179e105e94236e5de0b5079e57429519b
CP2K,653,3d3a826d0e1275d5fe4763de93044be9313d3c0f60aa240c387423ecb112ccad
CP2K,654,f44e08823658cb01353f993200c741fa603a8b841814be1d6ccbecd0f8bf6e5c
CP2K,655,a794372fc65cc02b59f060ee07c76b79ffae8b7170e3dfe672b73053e12c638e
CP2K,656,b3e2f55537a6ed5a2d9b4258b0bac587f4b056e9ad91ae98b067e6da3b2cf78d
CP2K,657,18753e762f089bb17895a85063b235d4eaf4f3b283fb19d21855719735dcb29d
CP2K,658,8a6c559c152243efdc12b5d02271c16f4d6a41e08a5ed76c29b4250dc05ce59a
CP2K,659,d3eeae94f7f0f415509efb08dd38d949e7e2970da4361eaa424fd1bbc726e35d
CP2K,660,350b27336f457f78c344b3c0c4aeec8f8f6be4df8d81c843378accdbeba38787
CP2K,661,1f0c7db2cbc8071760ab8d40bd44dcf99d9e70384c5014e4341ecda7098ea691
CP2K,662,5170009263a1587f3efe3844fe14de985414bcacca031a60e3c39588a27d9c0f
CP2K,663,136ab77af337f11ca65026472124a51db96895a3e4f2d754de290ab1882852da
CP2K,664,9e8f62e913c485c6140e0aff9f3a49c291707808d78dc859a707a4cc17acdd44
CP2K,665,d0abb87dbd5ae713df149c5d0d2b7adaad8236d7d9b52585d919ae0cef45697e
CP2K,666,182328e350bb1dd38fcb81e9a93db4c6e642f6d1b220d264c80e29982df4770e
CP2K,667,ddadb0f720377eb0c86d0d55efdaa28f8fa178a18063608afc33a86b7c1f3838
CP2K,668,d1d892522cc9670558a4487570eeda81045ea9cce0bc804e79fbdcf6d520ddf6
CP2K,669,952e780670b4481e0c3d585fc621060101fa1fc234d5abc000b31a716336a421
CP2K,670,c3a8fc540cfa466f6b8ec4bdc3909cd84d2c271e9848721fa4bec6e3997b99d2
CP2K,671,d05ea23aefcd344fa637774975141887e5ebbd87bd85a08c481c85112187ef6e
CP2K,672,3cbab5b2f07c42fbd3944dcde147110f86062548e00a838cde218f3b2a3e0629
CP2K,673,6ea6af5a8692f206e380d46a7faf9050c6231c9d40e671ec824650353a0f08d4
CP2K,674,a2cb4df960a12f92e25ec81ccef9cbfd3d7b66222c146f61e21b89ec43058675
CP2K,675,b5536456bec4251275ade33106fdd4dcbd363377483c062d0df2fa3ec16ed756
CP2K,676,029e00305f00eecd5d72c98510e51f2b44378ea39c2734bfa8a9df6bfac1b898
CP2K,677,fb5e432119d8c2f524832274cd7fcdecc7179a86a4528b13b72830e201cbd6c5
CP2K,678,83ffe8befff5529bd0b395a6880b4c132173e6869da4a9ce5f2911ad2dfaf13f
CP2K,679,9ed11529b92044e8ddfb3638f1cc3003721b0c16034a4bf51ad1ce0f5929acc1
CP2K,680,7f5d69e21d3a58ef0c47a9b3789a5e99523073bdc4d57572449808efeb1cc6e5
CP2K,681,11feb4755c3faf46bfd5cbdf9e3abd2b855b02e2b39fb330f7f127f28134832c
CP2K,682,0ac47e8fbd9fa0f93a2aeb31c2338f95e6e4b282fc73b8f2a85456a1944b5da6
CP2K,683,2591162b00fa2a1361776c8351d43859170d32e5c96359ecc5db2ad60401b880
CP2K,684,7f563cf2c319e15a6d5d7ea449b0cb3631416c253efd5b13293a3ed67bc6d105
CP2K,685,e5e46326b61149c3b168d86c7cdb0e780aeaefdad428d68b5bd2257f570683a8
CP2K,686,f3d73b2295c7efd29edd87f571ac47ad6daac01a6f017883088994fb03241a7a
CP2K,687,268e7883925db98f49c680e569681496c9e49bba8a36f499212c9170b64ce51a
CP2K,688,10c3dd48f61afe88c008a9e417f633d7eaa74fa0f16c5c9bfa7e9a0f7ce0b6f2
CP2K,689,81999fc969837e422e9844290e01b5dc6856436a54e4f45347eed0b68243c843
CP2K,690,ed07cb4c8bea1eb50605e0bd0a082fa7d13c383c541f6082c2a185efca78d91e
CP2K,691,77d0515dad47e8aba7914172c0fd5e4b8098d1929145e466994f4e967abe7ed8
CP2K,692,e9b3942a8cae64ce9af8efda3dd75f9c8f98d612594dc8fbc896ad1ff2358878
CP2K,693,6261948a2d122e7392ab176a56b1d7787a31b10e7f74acf604396314ce3085d4
CP2K,694,85d1e53f85dece6ba14a788af9f3591f97f500f1aecadf43b9951908e1680518
CP2K,695,1a28f6fc45b4fc175ed7198f97de8227fc9f5be49764afaf5e99bd4471588f51
CP2K,696,ccd670a614e28a473907cd4c9a90342610cb0d3bfc949efd11a0be39cc416b12
CP2K,697,cea1c476848b491f93e76d9ff4454b89c03fc7b5864160b20689c2d5a1e826e2
CP2K,698,aeebdfd0a7022f547f17efe654ec29332ccb9cfcbc25f2deda91b0e9af69bba7
CP2K,699,e1532a7365caa93d49a638dc04e15fcdaf1bca2f212f76c7d545f3efbb0fbf64
CP2K,700,954f0dd84f9cd327c7be77bacb7a72bea4e2cee06f0efc5260f55bc8f33a051a
CP2K,701,4810c5a37eb7dde0cea85db2017c8032b66950a65cda6c75853518b17dcdc3e4
CP2K,702,3e0c84540a9f0e354f97c6f8027e39796527be0d4dfaa10418eceb374c0d2ce6
CP2K,703,c90242f97749738925dc33a5f2e53e8534ee352b09ac7d36bac1f18ffe89e9b2
CP2K,704,ee6d4f47c8b149f8ac63c38356175e906fd4e961d9ec9c1cae01b0f14063350c
CP2K,705,e4feab9fce28ccb484fbba41401a99f91815fa5b7a4dbffc877d15612bb24d0f
CP2K,706,73b1ca322f49c57f3a5a75842233c44912123acb0674ba2cf91be2c90287bf88
CP2K,707,eda6deb30257c4b530e82617bfdbbd7afdfa46277af819b8359c8ffbf67cc7a3
CP2K,708,f3b39b36869088d241fa07d5ff0e47f7ae4654e0d6d7b13eff8690387a78d0a0
CP2K,709,c8a69da3f3621727a5f89ea0e3d5391a70e73b5bf70c22108fae72121aa64058
CP2K,710,8a3f080963f25baae0f81a9f12c7c8628b2fd79a78f0ec0c0adebf9b08f04141
CP2K,711,d36156b2338411b17e1761e327a2cb203d4d9087d51028aa42fb28637b2a666c
CP2K,712,47f50cea6b63b8513012254318b2044f2f70e6e8e5d0b86ab0ce787842900478
CP2K,713,acddcf616801a857740811b417f9673972c9109b064917913ecd729bb8f5320c
CP2K,714,ef7107bf789b47b8d5d9dcf76e491e1578bc14b27d4fe47e76f0dcade03dedcd
CP2K,715,3be65ca48615f3a8f26b96242250f97c333be7e53fada38a59434b6eb94b4342
CP2K,716,e5d9e6325938409dd397904ddabe31978f9230fab3a854c3932b031733dbb455
CP2K,717,48973644ba9900e3dc788febf5109f076507d3973f3dccd6424ad2bf8f3d5038
CP2K,718,41836b884376dce8196ec89dcf86846f9ca33adf1c8ec5f0ecdf8696c91fae57
CP2K,719,bc38c4c646e79508d6a5dd219ae8fe2d7b266e4133e86268a39507d897b99833
CP2K,720,03282a4a08a3d48e98ae7a6a02795317d4ed831ef38393d39db7d735f0f16645
CP2K,721,0f1b456699300c4ce2dabf1d4d95c65eadcf9585830bd95acd3e620f277ca671
CP2K,722,db3844b490c666d1fcd91d55aed707807f87f30518d7f6c0099b37f05d3ba0c9
CP2K,723,dba92f5cebec57d7f686205eb2d59cfd9aaeb3521e4182d77d6848a462be7a05
CP2K,724,ea802252253492adf036017b0961294e3177aee86cbc45e17f9871869f693b46
CP2K,725,34c1a3b27d710705f4e1ed2d5d3cdc541af09514f8b1b55e19564b49f9dd5368
CP2K,726,81cb81eca5143670b89ac77680f8d577981ee766eec7516a709dde45c88f5ab1
CP2K,727,3192370b6b190aa9e8074e1bf9e9862c5d2d543961c0d8dcb7492619169cac08
CP2K,728,8a0e436bd807c9724d01bbb95d5e6c7db2d6e3b53a5e37137e74bee36b1b68aa
CP2K,729,3f99556c3311a5b2a7a0a2eb142905b2bf56d1514b5fd40269234b79cafeaf6c
CP2K,730,382fe2991154e035f4250d0af4a6cf2f6a50533a30ad0b0c36214f89db387cdf
CP2K,731,c7fd778780821be7886418d7a111eb2217bf331089e906a6ac35be3ffe04bf29
CP2K,732,3e3fca60c4ad0179b5715cad68d19b3f03bb54b3ace1bfcae168a0305d023b87
CP2K,733,ae66458e1d75861308b2d94ba90bf3e82e342d36c864593a40a75c453b731b47
CP2K,734,82a5e0b4b8434d8410ab6a39264b6430b3592a1620017736167f41f926c976fd
CP2K,735,6d952d204103d7fe67f34ca618d4fe58daedbc135e179e8778c03c3e2fb1e01a
CP2K,736,4e93fb203f9c7c5df7a93058692ba8988a7162dfc7b80bce173d5562bff21341
CP2K,737,9b292724b4060be3109c6bbfdd09d07ffd2350211428362688c184034f258d5d
CP2K,738,c911a72f98658265dabe8f2644efcf62d65ae8c2c7e3535d5cdd5fbf07d425cc
CP2K,739,a52927582e2eb8e5ab47b01467dde484cd42b212e13561835753e8f52163aaf9
CP2K,740,65dc88a9ef8d3f8dc31228f1af56860c4613fed1cbea0ed4f3ba830dac472a7b
CP2K,741,bcc922f39b168e6b21c73f564186f209b1d248a9b248c73a386cbe8a91ff9ee3
CP2K,742,84afdd1bac2c2c616aa534b32bb961b7ba2ae67abba04d0ba6db144a98d607e0
CP2K,743,b5808e79453a528a213903158eb0e8a63d7534dffa42d0cdf7d156101470dcd4
CP2K,744,93673792901254d3d08090d53a76e8740f25ba9fd0d6335952c9edc3e8f4cb2a
CP2K,745,49dd211aa4f632dccd1089ba9e123a9aafcefb4c86398d95de0f4f2751a5533d
CP2K,746,d92d7a0d89e3770f3c9789abc403a4cc41b25d8d1f80b2f1d64690594a6c0901
CP2K,747,981a88e27665755aa74c5fbe134f7a8c691cd25f8b47e9dc5d3e116bbd6c1d49
CP2K,748,aad0b448e03bd2a9a642640c271e75f23d91134d7cc4dec09bb368abc97ecf09
CP2K,749,066c1a7419fd0b94cccc61612de4c6cb96d7dd78ed4d149bd847f95bf0ca5d75
CP2K,750,913f039f085b47ae440230081bef95515e5331f289ceb5dafd45b637afbe1ffd
CP2K,751,9788e044ff4e71fdba3523da08604eaa3dce5c013ad3c1c816fbff12f49572ee
CP2K,752,0dc2323110d005084dd99376952cc25caa10e0e0b3cebc980b7be763221a4bfd
CP2K,753,22ebadfb015731584bf734106482ad7cf6f26c839fbd00bf25f181bab38d182e
CP2K,754,5c79001c12e38f1da18f6553c493d6cd876221e42b61c65cc5be70482a89de66
CP2K,755,a8470a5cb0b6a123f704eaf4ea4ae841afae1328e430a42ac3ed1dc3f979b44e
CP2K,756,22fc117de71dadfb852b15870bdceccd3c73f51b603c770d27d8392bf6cc3d37
CP2K,757,9ffefb3478914bb357a828c6b06f161517e55102410f2067a7f1f370b23087f7
CP2K,758,75d38ece946d2ace3bf57fb0f25daf7219a91e5b09ed96bfe200eb736876d12c
CP2K,759,920e25dade4dc9289e8e21cc3a2df5230cc4891cc8280791a657c73a93eb8412
CP2K,760,7737107a2b2e2174d722a4be7b3ed174418a796b3bd212501685bcbae9a8af69
CP2K,761,022ad3974e9d87615c6433e84e7d2618e77980dd28420cb5889088968edd4e4b
CP2K,762,66046b23b0ca74a0f421e8a0443f6130e9d16169800196ee25f9e6dd37b02f9a
CP2K,763,00ab5f2ddac41e962ffa9100d6bdf32ab1cb486f4883fda9dff199ef9d948d2d
CP2K,764,d85f38389e552060f015753ecdc1ec1a04e262a1a86621a940e63dbe257a8669
CP2K,765,f89058e2573b27628f2762fc13def598c2db1eb3274e51262dc67c36e39e13c3
CP2K,766,db69bd4bdf7def997e0b66182fecc9ce2e1cc6dd9231475507ca713a86107ab9
CP2K,767,677db4a48a88a615728f4df0257fc86dc21edd4f70e66ece295ec175407f1990
CP2K,768,b69effe0aeb74bd884278fec3eff1e712d421683a600bd264dc2d58c1d318520
CP2K,769,1b2741551378425913a85b1bed9028244a1b42b5dc8ff10c4b50d5b0f5a537c8
CP2K,770,c47a3da48ac6ec32555bd0e964df068b0ae50b761dcf96591c20e06d4794967e
CP2K,771,9b9da82e82a9d7e5588483fa88eff1a4abbbba9d3a5c3776cd0d586a8dc34dd1
CP2K,772,6119857ac9c6e81d82bc79e2b4df59e28fd1fd274dddee34d811e81a3f4fa444
CP2K,773,a1a5728a649e9ebddf38a5ca905cd8ab6e2bc35e70436d43d066bc3bf0b78d55
CP2K,774,287710045365fe83ccb1a374c20b8c3f9891a3e4016e8d3612a9378ad6951f64
CP2K,775,75b576482b84dd315f4e0b38980578f1300724f29a08bb246a0a8c3e59ced52d
CP2K,776,cbaea12a85ceb5de96870f0e48f963c919e053084dc60f0bd72d70354dd591c4
CP2K,777,c106cf15bf7306ef912117cb58debde1ab35339106215da8f8ace2d05926f5b4
CP2K,778,9f5e25c4cdc7c1d9ebde724c4a0b7366b295480a679299749ca853c010ee3b62
CP2K,779,2007586f04cc82f4183be43850e7f1aaded7aca83ce0f858aa2b1ef202288073
CP2K,780,f72a1378f07a7cbedb45d47ff1634d9e9940b17a857ee1f4f86820191f2de572
CP2K,781,0824a97d5a585392ccf7007cbc438da1e0952bbec3153f431fb644657441378a
CP2K,782,ccfa39aa6d7b3790aee2c8b4829a9883c0e5838a21476c0207ef26ad8993087b
CP2K,783,d655773e35662ee469b5c529aae262907fae072c956ca181ef08c53b3d8880d2
CP2K,784,68367393a1d6a28a0c11a8bf03fdb56fe1f50917d3d497f7e9789c6e7f225c72
CP2K,785,e6b6ae507a3d3de4e6bcc2c990967846b9b0ebba0b5dcd186ea80a392056c2fd
CP2K,786,797321c90621bbcd1b82d48850c7b4be609d5839c66db9455a7c61aa0bb58492
CP2K,787,f250145a9c5d4702d1366e130483ca0034599f07fd059834582e4e3eeb901d99
CP2K,788,4f2b01d256fdd1a46e6b8dc6b8b170428ae14681263e24d1b5a8df23401f92d8
CP2K,789,12fff0d2aa8079f611ab444220d3261dd1f41da416d00362dea3d903dcbc1f29
CP2K,790,329c5fd5f1331c41cc982238164adb5bea1ca54f88acffdd7806b71d903760e0
CP2K,791,2046d4815504892d9313b5c7fad8dcf28f77da42a59445a9339beb87eaea442e
CP2K,792,f86ff5f405c1ad4bdce58e669db61ae29c365aab9acdc98649501c3d3f3a5828
CP2K,793,89f94ac6931b1cb349ef9cbc79230b39eb71bcd9c1e120b1881dd66883210005
CP2K,794,5c224c6612b93a4433631d83fa7e90b0b394e3d87586f8d8c0224bd4fc6c55d3
CP2K,795,e3553c23b4bba8a05f881046a4ea812126054a5c5635b4f52d279cb8625a695e
CP2K,796,4bf585cc4625d6edc891898f92b2a2605bedd9d1f52cd0b4e7d8b051e5f1d1ad
CP2K,797,82964ce4ff79cc19b439c7320d989645c9460a59daa1c38d91c0575238a2d631
CP2K,798,c0765cf7ee7f1afb4ca5dc9e4883bf0f3cdeb0683fc42abf5a754f8f5af863a0
CP2K,799,e15bdab34862d5f5b908b3ae4238c543b98d11a9291818a0a0ce9d1fe221cc8e
CP2K,800,419ff00f958bb42c2445e436679f9f94e9f83412d6e26bc98a332e4c2520b633
CP2K,801,00bb210dc4d612fd7bf24e1d113bbf2c4956ea551b82a58cfd4392f82f11cde5
CP2K,802,9dbbe41373700048ac2993fd488cf3655c468167f1b6bf9cc9904eb526c804d9
CP2K,803,3bad4db1ced99a6b6d4ed5231373ccbcfc0171b24ba59f16a98b67df757e1af7
CP2K,804,8f31dc6c2e0fde7144ad22f272c68039d442eb3fb6ce6a65487d1fd981965517
CP2K,805,f6633fe2827294c8af592c7bba5e3c38ce349849bb92697b9a0e36925830b824
CP2K,806,d85000ad86fa1ea56d851cfd2c5f764d0a26903e0d9dcdcf3ea50934b6692758
CP2K,807,8b071c0723b4588d0a10024f5db5f7710a345d178663a63379de5951516bc17b
CP2K,808,6fa4d96c793605e5ff37dc76ee32484b2de0e15eea46bf95490110ad0936eea7
CP2K,809,1dc43595d7973f0b0d5da3abeff5cecc5f6cb336a8eec2fa43c8451c1532a35c
CP2K,810,9207309a6580dc6b37ee6e05d23390cc077a9f3fafbab3e7b3777d10c93d6315
CP2K,811,d9097bc6702c8316bdba57044afb76572f2ee751913623ec2aa9ca3dde524066
CP2K,812,12280574868fdc11949b2ecf8c2cefa943166e2eba2d778b67fb4c97fe55c7ea
CP2K,813,4910242be2a1044bced8da9f3ff560d2e6645cedd93e051df51eaa37e269231c
CP2K,814,51ddfa2cec63b7db18cbda166de9ce59b42606a563a3b6346225c7e4b6de9b3e
CP2K,815,f35fcbd613ab11a139d8bb1e3febf1a0c669f54bc79dd3d4e151b4025c845a7c
CP2K,816,17fc660d2e183ad15c6afeaab963fc5e67684b7236d3b7c1feb793d570dcd318
CP2K,817,c5da3f29d14c656d625be012c4117514fa00ab1d64e24e856015ffd9e63e34fc
CP2K,818,6839ef8cfc5a250e3a811a9667383200b91c482ea39e873363b040d77238521e
CP2K,819,752373f177c5fb475fb92a790e978f9ba1f2cbc54a944305bbe5e3b2aa8cb7e5
CP2K,820,030e3c81f924c8345a67576adb3e8ae0fb12c53a9a6093944c4462d44df88351
CP2K,821,0e1dbc1dd076b27016f81998c597472be3167cee46ca4164e3a2187730bdff1d
CP2K,822,5a5046e23b220bf6d2d2f19f9c9be4e2ffeb03cfa42e3e2200b6b115cb2494d5
CP2K,823,19ddae0b56146010b699a5847dbf77ee2536a12ae038e118a4fdd5f3d10809cd
CP2K,824,d6fe52c326bcf61521d787da3d78d3fbbda2f44948aa0f794c8887c923e8571a
CP2K,825,7b0d44aabacff2e6a4fd4add4738d804fca176ff7876ce7c48b535495112ab35
CP2K,826,06b7d82c16ffce9ed6a0e30a3426156a5c56c82aade428821a60af7fd030dd9d
CP2K,827,0ae8d3dbffc7ea693a005392eaf133041e067088b8354ce6f96f692aaee24b16
CP2K,828,12edc81cf2141089460a0b4352200086eebc30bcfd0e155b18f8e34887fd3c82
CP2K,829,e27dfd88b9f0cc9e8c9fb8bd6fa267a29687562404058c148be2081afd3f9f42
CP2K,830,e00c81484ce64c1acb027bc7ec75192ae52f4e18fb44afaf89697f6b5848145f
CP2K,831,83381ee1f547efe31709a51ad8428243aaa0a85ea1551812995b9e2a6f92144a
CP2K,832,d00079f6155cac30b1d2eed4b9128f74e1bea4a9668a602cc25f8a83c4b772c9
CP2K,833,7670ad69211501d0f19ea70c10c2d1686586314b419975ee634456f651b4dfac
CP2K,834,434bac07f8b90f0fadaff4183fa0c7e6978552bab09256665a11589dbbed17a0
CP2K,835,252dd143f5a2e4c2b90cd702357a6d6b9a3802ab18f71e3444b124596b70f9b2
CP2K,836,27d83cea704c142d42210300208f4911caeefb25f8b287dc2ad32b38988570d6
CP2K,837,7e3c6e951064219b5dc596ef6f8199107c08488050159748d670ace4407fbd6b
CP2K,838,16a25d458481aaee934f6cef6070053a1a82b43d0908d1c909069caf6592e6cb
CP2K,839,51fd13137b0d4e9b9e7731d68ce74ad2d567457330139f5fcb18e9cd092d6e27
CP2K,840,df5f5cf8f0d9cccda16ab61ec30e73814cc603a191ff3c0aac206459d7df359d
CP2K,841,f873cd1a281f426eae10cd22cfa061566dff53df7130925c82841bfb3bc3d096
CP2K,842,021bd746408d99015d43ff11b5ae2181fd62bd6f4a5c256c0f36417be73d7dd6
CP2K,843,602505fe4f361f3b317c61ed9592c4b188d7ac94a7c7b5a34c1ad14e50128d75
CP2K,844,b50b5b3cd9c87cb4931b44a532e5b0612c538f629059c763fe941696d23a57dd
CP2K,845,5483f6d3cf6ea47b4ae9144e26f02071d2e34ca376b7761c8de5c5fd093191c0
CP2K,846,c0e92a28cf43ecda48bb9c759a5d94588748b62eebfdf5ebb8f550a440c22063
CP2K,847,4f4f6589c356370db4024a720374cc265b5a24366e95c37c58ff8d57a755bb14
CP2K,848,d4df9d452668c879a7d9561d1448a61081d3f7a97764d21c8812dae78d7021a1
CP2K,849,1b15310fef95842491b136d63836660f7dcba2b4e4e54146e9475381f0ae2371
CP2K,850,b681eae086f718b46630c5d4b57d7c71d8a236453d5ac018c235777610c8a9d1
CP2K,851,2e1a08510e947fc82e179ad8266db8a12fa6ac83b5e546bfc72668364cef4d16
CP2K,852,08f086b04a9b0acbcdd05f7b6b8da2d5a62a4ea6d57fe9b2e570fb38bdb5f780
CP2K,853,d6a237e0dfb09cff73ebdf2945a43ed04b7bd36b49732ed297f037e4ccd0dfbb
CP2K,854,b0c511766fb7311270074828f8d94aaa6b756a5af056ade2fe1c0639387d1cad
CP2K,855,0bd4f3ae17ab198b9ce305685422fac409c98cba3697b4aaf8e944186d26a488
CP2K,856,bdea8d93f39da9a9846edc587df0bf9e41afe5698dc111caa758a270909dd439
CP2K,857,f52d5110bf083b083c7862947b6d77b46cdc9fe1500fe1df94ec83bf61e09e5c
CP2K,858,d830d617c3412f44592cccf0c6d802e843ca89d24a2425fc02c09599f8fc5b66
CP2K,859,59dc98e75314a323074eb65c99dc8a951abaabc672592addfb0e4f86ce515dc4
CP2K,860,fcd79303bdd2dbaba4916718b6eff03b324a8619dea2193a741918a37d221b43
CP2K,861,e4f0f4bd0dc1c26486a6570adfedca6f29eceaef80c7b0231658e31990e84379
CP2K,862,23aa1a40241ddaebfa6e372ef27f299e3227af3ab0b62696bf964919f1d80d93
CP2K,863,5f5abba206dc1e09d5201590ed37d5e0221d38b632aace6049e514de277c5033
CP2K,864,00becd9c370602eed10524a0daa87c7e05b4af59f054a0202f42473bf7067a22
CP2K,865,339ce65604bc5078546bc0e6a3da33de8d334b30e8e99ccec0b347e440fac34a
CP2K,866,1a3d846281a4c6ba4f2578d4a8ed5a4282a4272b90b3ee096975b3841b03142c
CP2K,867,4fd4234bc08752bb69d715d5f1510e87bafc074610634b9176b5acce3425b348
CP2K,868,a42e07d977790b96de55835d05f69148b955f7a11efbc9d48028bf918ad9ee01
CP2K,869,ed98556b8057cdf73bfc397a5e70235cb5e16591fd1094ccdc29c4edaf3a1116
CP2K,870,b3c2ad506fc047715781e790032cadfc7450a8f7876c0923cb52132e2084796d
CP2K,871,0e774171798391380107578275a2f2abde83f46ad92aac820546e0a2c4d3cd15
CP2K,872,95308dc099ca732fe076a6063925c42ef811063c956fd301a3b979e8b4f88a26
CP2K,873,5bff215ec1243c060a5ffc870c2ba4b8dc71c190b17657a4f68257505744eb72
CP2K,874,f83e0cca92afdc39973c955f5ff4ffcbfd254a52b8730c24421e7941ee009a42
CP2K,875,dbdc0fdc9c089f08d65badfd52f3d7f50431f3163a4db8493c47a40bc0f0d50a
CP2K,876,c5dd832312352e871d189f37b4dd58a018bf00906541b9401d2e5fa6154a3478
CP2K,877,72aa5f6273f2c10ce64ef51f56c6cdcedf2b2ff28ad16dcfe148a85d239882f4
CP2K,878,01adadf9620b538f5a99a436a617ec25c85d5f25072c57fe0c4e3546be7f43c1
CP2K,879,3cfa3fe7a946ef9b009c8e69826b28b30cedbd90f57c8a65f6f85673390cba7a
CP2K,880,4eb45fb5f38f118e6a52f21b736ee9661cc029102c588aa7698e9b99b4f4966e
CP2K,881,76ad5088cb6bfd4d67cebfaf4eaed5a8b6c9a76f899cffaf372287f410a1da57
CP2K,882,a30df3cfdf96566d4dbb83ccb65bb57654cf9fef18a216bf2d24f293bb857318
CP2K,883,9cb8fff0fb1c83f22f1f8685c94243629383a5f0d095bcb40fdb3b53c987b0f6
CP2K,884,f91b224d1efbaed6568943762edc2e2b1fcae26183477e1497472b0e1f60794e
CP2K,885,81049c328c50668e9786f1ecb0cf31487da55bf755e54c6f11f9e46dd8360156
CP2K,886,c0dae0c022f10049f33f4a7a03d07c32ad175c5971ee8bf390194ea4bcd6b994
CP2K,887,cf6a1963e2ee7fdb3775b7ed6b7e3d673d2f987fd88610df6afd42eb8c627d7a
CP2K,888,a6cc5a220ec0795d5205ed1fcdf4a9b61ff31f4b79469aebf2248c5c38ad97c2
CP2K,889,767a2206ae01ee3a23e0348b3618b5bca286d9653ec16c415a0b5a9edbfd89fa
CP2K,890,cc60f1934f9e89a7f7d0097a1c8a3639594c1cb919a951611b01cd1bbba34be8
CP2K,891,cc4190b7b40517387a3cef9196c452a6430d93b49cf3f3de8af65ac69f4b063c
CP2K,892,0727fd11ae19f0c6d207a189742a16b1484037ba61a981f9e2a45ee8266b1ab3
CP2K,893,21dfd37a993f6db0abf335f5e741b1e08a5aeb8c473050e2517471630917e31d
CP2K,894,0548d5986c2c66fbae3dfe47942a2c401d967ddabc478377972841059e5d4199
CP2K,895,975f6b00aaab4bf8a183a03561de60be77922bb784eb1ec677ef25f71201fd7f
CP2K,896,5a20ccaac9a767570c2d237e0b478248b410ad53208ba04b08f8d898d5f74baa
CP2K,897,2ad4742230649bcda5bc3be15bfca9f9cfbcd4f83643b4bf795b0523e0db0e65
CP2K,898,152b1a1d7b864b000b1ba1f762e923d4ec472cfb70f6381d7a28cf3b1215f94e
CP2K,899,9b0b21938e7d8fd5d26ac45a1525e4830e1611e4fec62fa4c746c10824cdb344
CP2K,900,b082333fff052331c29e3dded1f068b17b706e900254510370d32d562259b77d
CP2K,901,f8a054b33ee08ee553a1b9800594f0a9f9cfa95121a2940cc8b78d3dfec3d098
CP2K,902,7d347e323fa32ee8ab284773b07641e0261cb9d52c764c77c96bb65858418cc0
CP2K,903,ceba392b4bbdd34264475b7c7b1c1571d028b61cd5061f7b9f547f05c8efc069
CP2K,904,dc87627d3dcf77629931541459e696334f9919b2871f7f81dfe4cea07fd63b6c
CP2K,905,1ca7494be7a5f88cfab2f0053fddd04302fd8eca45daa59ce6979b6d517a67a0
CP2K,906,0e09dee4eea9dadf5b125581450d3f1f68e07cc86cba7dbef2e68401875e1ee0
CP2K,907,98930d89eeaa361968a2a5bb726769128d716a3edcad28ba82cf6652c133d961
CP2K,908,0e38f519b8bcc9185c351c2e0346bec1b9351c743ceb42c89b46c3bbb2984171
CP2K,909,71aa3e29352017942779e85903eaffc1c3eae21f8e0f8d80668ddb67184f6b47
CP2K,910,0481138a6e9cb03d2ddc3894dc83ffc98d0c4340b35f393d8e350a77947935f4
CP2K,911,22061a42cc6e6c74ab5450d8a513d0fb8dd5ce4d103d651326a16a8fd6a761bf
CP2K,912,301441d04fabf172e361119cf5dc6857f3beee1cbd148b80b1334d4c6d7c6adf
CP2K,913,5d2d2efc80c63998779b9ca627b23e94a8709f758f669fefe08a3b075b01eef8
CP2K,914,bcee1e8561907cbad0e95350d8b0813161a0d25b2eda979adfd46d101a8b7b1a
CP2K,915,c7c4b6a75a1cd8e52cf24ab3e85878af251c65c0361c91155a6c560b067d1323
CP2K,916,262ee5fb890c5af4a587e4595ad168dfda66f339e89c1e16d45717142fbe6d4b
CP2K,917,3a05df0e9d57f4f1c8c3f617ea5081853b498de474c852af3f4f6cb83f36d077
CP2K,918,93211da02fb93bc76d508f6e2803040e63c303ed5e51f64c7e4b9dd92df9bd2e
CP2K,919,072c947b03ff58a6ead603d608f83b853dea867595159328ab2151828d0591e4
CP2K,920,1fcdd1d34bd7f7222a9a777267b2ccb1c0ecfba6fe60360f2d4fcfd89eb79adb
CP2K,921,39e6aeebc49ad2bcca8ca3fda7368529f6fe3dd1358d26db0728cd9588e1550e
CP2K,922,228abf3a70378634908af24dc69c331ca2847d14c078b88918b13fdb0be280f0
CP2K,923,6e7c86b9e313ab68f164a576eb331e166f094edddf63ab3d421fd6729158234a
CP2K,924,965cf12c4a43243943f07c5082c9638f7d892f37ad3c4a924d2b326e37cd35ed
CP2K,925,5d471f649eaef892c1fd64b3148e6a6dcc73df526e9cae1756af69b951a01220
CP2K,926,8f5d35d020051a176285fd2a9af4ee2d885ff5154a0af49206cae984e44fe35c
CP2K,927,a6eae8d19c83abff79e6e9d8c6cdd88ce9bb82884253e763e873ee0d42d0658e
CP2K,928,60d752ce4ea434d851f27dbeeadcdd8f753d7b804ebc4983e30ce9b7a18f39d7
CP2K,929,1b0b5522df8522da039e828bf53487aca04db345d6daecaabca147114cc73171
CP2K,930,9ff1c5ba98dd1b5eebb16c050c29331f8f6e31c988c10993fae137376e2d7ae6
CP2K,931,ed204f63c714c772d78ec7fd8e7e3a81ccc46eeb70287f37e1758f1659c74069
CP2K,932,0c106b75bafa78a6eb741785aeb05e6214e86b3a9b28bb3051a0221e4fb00e8e
CP2K,933,002a25022e678316901cceca8721816684d6b1e8ae98b05378ef2d5d9c5c8c5d
CP2K,934,51bcfb94b29f449b7d730f22feb9ea27acd8e7acafdb70e640cadb434a75345b
CP2K,935,e5b6417b38a2773a3b69ce885be72e91ce4aa51566d96e9e46097e8cf09c5de3
CP2K,936,141c90ac27c6e44d2df8cdbda5ed3c8c63e3138b13f68d6ed95e05ff3baf3286
CP2K,937,3af858c715ba33c53e416287c76431aa3011d2486907ccb0549a3c4296382f4c
CP2K,938,91a04b7db1f18117cef1084ff7e4ad9fcd1a00f3b3d6f093d0ae287ea0a77615
CP2K,939,36badad3a3175ea44c46dfeae5ea48a44bd70b0715fa9273a2236b3b7c75eccc
CP2K,940,fc74241c4828585e3c3cd4a51df2ef36224b8eeb6aa6da87fea55674bd02fd7c
CP2K,941,39609a2ba9cb6461caa32d972fb4139c37dcfa30f34f29af7d5ab71c70edf157
CP2K,942,18f33b1d0836e1025d9df596ea3018a19148c9303ebac366b3b30b682e2a92c1
CP2K,943,c29f992dbd2e5b8ce4b3a494f0654825668bb57bb721f7ceb0a5413f1c1a7bfb
CP2K,944,523489bea3422590c17f34c5f42e4829baca05a617c8a487e5129c3e2cfdce10
CP2K,945,b8894579af53ef233199604b124218f4bd491c001e2d04b47be1654fd26197d5
CP2K,946,5e4ba595945ce8e3a6bff05f2fe82ecbcb500dfb915fd0c9136cf23d58460748
CP2K,947,a2233b7160a1cd111596c3ae8bd80c9a152048f79dce330f0324fb7c0bea7e46
CP2K,948,52b394a591788db91d41714d64bc5f797662b77b5cafa9f94a5475dc83ef084b
CP2K,949,525ee908f7b884bcf828ad79532dec76a052af7c096461b2df5ed920ed753e3a
CP2K,950,4c93590616c887f557bf82d60d696048a66f47348cd251936c07bb5bf69d2e76
CP2K,951,5686ebacb239ad9757118fba1f772ab165a7b20de7f0fac113b654726cac5d4e
CP2K,952,983f46fb5d2fa49f5a16535003c17cc095d4410ee35065d85a4de522772c1bd0
CP2K,953,9cec4faa3128d32e2b584bd0969f74054a94f3ea9c44d2225757f73373955e68
CP2K,954,74cd843feda5a6b4ce1676d082ecdcfeb4eea877d59fd3c1cc3a52d90eac5732
CP2K,955,355601f4efb7e984a1dc10ec7188e4a4fbd10bcbab1bfd14aa07d5a45b8f3999
CP2K,956,a23dd71d52196d11d51b006499f1aaebfdb32b6c0b697b7d5eef7aff34e86425
CP2K,957,6ccee1a190fd18cdd679ca48fe4a399f38245ad63fb567db87152393e6273a17
CP2K,958,4408591539ff3bfbc6093eab77dcf01af0bd051dd59b6a1b216e50be862274fd
CP2K,959,811874ad46bfaa5c64fc91a9666c52acf5c9d5a0e97764f2d8b220557baf43af
CP2K,960,4dd1dff93ca2fc8c4439ee956e86f93435b35889738417504672d35f891204d3
CP2K,961,2f57f0dbba126e4a39e7216793da70f3dbc1f1045a01c5caf648b32dd24129a9
CP2K,962,0f3fbc875ff307bb7118ffbe9e4dfcc8eac20cce1880f72ef667fba76620de2c
CP2K,963,b4e6db6fc1de13b1bf64d7b0554f57e8f9873f8c072702d2c6b6f1e46014c392
CP2K,964,61b305d0cc5aea4ed7bc9e1f7a0bf8901cb3a2275efc44b93ff8154cc22b7193
CP2K,965,242af057b1a6f2c58e45c372036d8a39172619c3aae777732e1abfc25ea4d620
CP2K,966,7cc22b05382bbed20177197d0dee0d4b9636f36b0ccfbfecf6860bcaa404ab52
CP2K,967,45399823b756472ce425b1830f7409c6959818d4a8bce3110e37a35602053619
CP2K,968,f95c9ea95c7e5eccfccbd9dd339befda849365554b246965a243c61fa4e0f998
CP2K,969,c6950c8f938418f432cd343961c7cfa3080bb06666a9b53b9056054ab65e76bc
CP2K,970,f7b60e370159bb365c223a91a1b6b4f58b73c86713b48bc1fdcb176fe1be96df
CP2K,971,64632aadfcdc2e14ae8661e569e51b15a2e84bdfe9a4fed3a92a457009c07c16
CP2K,972,1547f1dd7002e99adb64b6ebd6fd30dad2b0a8680703e4fdfd469eddd92da39f
CP2K,973,6b1cf3821bee475dba0727447199feb319164c2c8ebdddaff37ed06d9e8a696b
CP2K,974,1fa5c63480fa7828a8c338ef4c572dbcf69d971c372d72993261d6f410398847
CP2K,975,e29e542eede5e99a473333ade850ab15a3f97fbdd4c125ef656d259074356e70
CP2K,976,96edecdcca6eecea61c2d3811e2f749efd63f8abaf25aa3024627f8191940242
CP2K,977,6a2f44aeeb2829346ff87fed27aedf4b2b04038f209402d51e40d09349ef6ab3
CP2K,978,2aab9b5d1d5ab5a44010e9fdaa541c3c476aef690083d37e418543a97cc63c6f
CP2K,979,f714910ad94a826b839f05a973730323d676ac2be023fb311b1f28cf05e78b5c
CP2K,980,d8644625854bc643263220e24c819f8ccef647051e9b1b73ce6cf3c141ea6770
CP2K,981,89b9eb5d3018a5f15407e8329384222a61f0a6746530a524733c305b06ac5670
CP2K,982,d1d53e810ae158ef49c1a8b99b79d3341e641fc3de5cc794e86b0b7045524fe5
CP2K,983,c36d789dfe98f309d1e082c091c6eec7c7ae2085ce2a3f77dc5b51d34557cd3d
CP2K,984,795c54341bd80e5a82ca279ec6d531ef902fe994d09e3882e756bd0494a14be0
CP2K,985,12d9b642da0ef233b2db2efc4081cd1ee5a4082a74b762980fdb98f941367c10
CP2K,986,833c4920928239efdfa92ea189d944fc03ab5217172d2af73b6adc58a9399130
CP2K,987,db2251e6bf45e5a6cec20f6a96eb5b8b604ea4874c33331aea4d102ec696de70
CP2K,988,2c38381c7b274f136b731582dbfc598447f8ad6a524e2132d8e7e5006c209719
CP2K,989,66e8deb9553e35e57934768f88d4706786f003b343c7b5f12bfbf9b9e17b2b0c
CP2K,990,36469459f10d066cfa68e544dcbbf8cba9f0451aa660d381ec5dff4a8dd8f8c6
CP2K,991,fb29d1e81156594ed200e08ea1d100fbe8d6a8c6c3ca076cbaf9f6be54f6a509
CP2K,992,f0c956670c13d288c5808a4fbd70be1640741664c049a33d92464326940402e5
CP2K,993,edd7149e1bc4a4241ce8b710ba06c170dad7574a9c3fc749ae1330f190c53810
CP2K,994,09cbcba84372fdcda5a6867263cf6268d5c4a269a011fabc92991bf4dc786009
CP2K,995,3940d3f6cae1683f04c3a4b2211f550aa2f66a76695826e647d578880dc05bef
CP2K,996,d9abd7490b05b501cc5c989a1d982af1dced84bc1a82be5e99dbfbe7eb994da1
CP2K,997,a327664b0e43ac56905bc79a5b466ab0372924c12976b17cc2104e1bfd66a7b6
CP2K,998,66726688d0430cb6107b8ed6aa958cf69746e180209d97dc9e996200ba38485e
CP2K,999,15cd93b9de4e4a4a39e668b7b2d5d121584275b591ddbb425e722968a5a51c49
CP2K,1000,179665c1f945050b51bbe001202664647b1af95fe81a43b1e73ee89845c0b23b
CP2K,1001,3ea157acbe59e18766d35bb0a52ee752341744090942960aab8b597c224a01d0
CP2K,1002,4811b7187c1991129f83a462a3bc70f74d8e912452aa1ef8fe3c1817d1982c66
CP2K,1003,e88577da18cf1e9736b1eb5b28c465825e5b1d049257947b65d65dbb7b74bfd3
CP2K,1004,3e95bf4cfab76a3507f88a46785703987e01e84732db653fce6c17a9f065ae8f
CP2K,1005,ae80acc60d281b93ca2e6391d6baef26220e27bf69876c4f4008300de315b1d7
CP2K,1006,398561b34c0d39295cc95cecdf47ba8255e9c6c7ed0fbabe676f75fe14171c2e
CP2K,1007,495b947dd8eb21b0008920fab349f54ce6ea728b57873990420154909eed68e8
CP2K,1008,dc694f22e50fd9011efe7182c33f6dabd2d8fd905920128b594ec41f9150ff73
CP2K,1009,4311c9ee5a538cc0bde8d2dcf37a1f708d850b4ba4719e62be36e370ed8a07fd
CP2K,1010,fa952841687e0a99239268af0f349ce2f5a7b596905c54ce923b4ba00c3f9cf4
CP2K,1011,1f7b199ac177e2dd09773931d90a94b88ecb689cbeac1ac8b56ebe5435790f74
CP2K,1012,ceb989ad178ec64642bd469fe413389f6f99340f15f5433ed4cd2827d0b3aa1c
QE,0,5c99b571e402e2179ca724e2f70d8044e29e70616b254fd1564ea9c3755be58f
QE,1,c317549b3ec891769d4cd38ab8bb4b604eec896b206ba93854504fd137b2f0b3
QE,2,fc3ab46f6b145c45f67c73807b5ea9d24f69f1b58afada2b6994e957132c4d4b
QE,3,741975e1d723b0d856dfd3fd216b09eef172d34c3afb9e120a52ab16d5e7dea4
QE,4,36f16345e0ff2deec1444be037a5160d12cc33e633846879f763e17ebbabe515
QE,5,b1afc715cad93a7d0e2205cde436496912ec04b5073e195a699567fa53eab5b8
QE,6,09e157c514dd844b77861e39a2d91db672acb4ea0b98bb99182a1648be4148ca
QE,7,a4ee1925acd8e5e8854a7b08951ba927a33dd4631144f506b66d24d91f870a18
QE,8,f0e1e00c6d7e455cd402ccabb4f2b9c8d002c559073283ba547ab30a1b65ce90
QE,9,ff9b148f041cc5d6d1c84c992422e5367364210431983009070c83f9c2072a7f
QE,10,7ff84d5afeb94269b7910083d2acbc5601b65742a4daed6b9ca6f0e95306b959
QE,11,6da4a8de6aae6cb8a7a430fd54fb9bf8f13a3156aee37cb5955efe6e8a0850b5
QE,12,715d8792685bf08a149758d9382a6548706bd7ab5aac256dcf8b5d490a382e2c
QE,13,05cc8e15c79e9954335fc5491f1b8cf165d441eaef57ad2d19292532b1440ce5
QE,14,4e5e47479eca072e2135d7ae30832c2467ff7cde7b8e1497a75de1e16faeb0ec
QE,15,0f9af68b13f8eb299d08604cabf3e5b3f9ff1611ed57aac13746cb6833e98edc
QE,16,461428a573f3526382e1c36c198a49f4439a8522c15b907fcf2096d6ebfded60
QE,17,01cbf0af66df4ad0f92a688d71c0e31c05323ec59c108d7df7f4fe31e47c6221
QE,18,eda6ef7b341437b8d9c6bf436f51055ccc5e44ac0fbf5ffd5493a9a1a7ea2f14
QE,19,3511fee4b2e224feca1a4e2e95f3c04a849414ceaaba85a185af481ca4df1963
QE,20,c62df855642929292a16a9ddd72fa8b8df576bb657a8394cd54984446fb1f6a9
QE,21,5f704a74865e2968c80c7ab272daf6f74435b51b95b2d217003eff33bd0449da
QE,22,815d8697b45ab30eb77a5a4879c74a1ce81f3ae6ddd2dacfacd9bde251acad56
QE,23,67e3ffd463c7946c368ed8f6a6f225b2161d8d9878ccf361963c869102ca1921
QE,24,129f135333fc6af1e65031a58da03513bb00b85fe94902c73b4373b0b7f5445d
QE,25,a27c39e7b289c0b5923f1fbcf68850ebe21e7746c2ff55601e43e1de89d8806f
QE,26,9ec736435aabebc01057789d54097b9e3f3ba08dcaa034ef32f3c9c37f5fb886
QE,27,33a83911c5c730b3a931e40417d205aa6296db4bc1bc5218badb00b791bd0796
QE,28,3c7c69dd7852d1500a529d616a2783b6d6cf2939b2f1d6f07a3381120532d44f
QE,29,4cb152e51845d65dce0e11c47f9a9612849666034d9f390c573ef8ca1fdac105
QE,30,5c6578ea83c0fcbffff74116388e53480784ba81e4ed927a0b10a92a93a9efde
QE,31,da95ca71570ae1fbf11582b8f98ce24f88c3457edd3ee6c18b0bd4ca1dc65ab2
QE,32,3546610a68bfe1c96b7a3b0822c30e82bff3c8c9cff376e0c62eb711c2542605
QE,33,5278bb703859901b846f55db735eabd5237acf21dc4e7a044196f6ed18554351
QE,34,a0664eadd176841b0f00127f40853e03c2076b872cdc5fb767eb32e83a6ef178
QE,35,388eeea9c1b4e2d91d52495d31682c39df0f81efb87957b1d6a9c7a332eed7f8
QE,36,8e59d9a6548c43f51401d091428e07ffce5c924f3d121da4e8815db1ccd1106c
QE,37,7ed3785237284a830aa7b2ab7947596aacf3e7a949ba6b45fc03bd2fac52d3ba
QE,38,e621880acd0576724dd300de753a0ece9c0aa701c46ee0e7239729bdc7829c0d
QE,39,5a217ae6f30bc49b91cd772da03ef797ec6274b96876d1c256738f5f95b24591
QE,40,12a550f97c3ba86672f99ccae7edd3e65bf6f4ea10129fdc8222e4e0831a0b55
QE,41,11c91da6fa96ab8d39b56ca1f2dfbaa2ad020e854a8405cbc456faf9e5ae07a0
QE,42,ced943a6e77b8bf57031e9914be05c80bfdd44f1e9ea9b0763da0b36705a2026
QE,43,609b0d3404c46e44111babfd3d6554fbb9d8eca7196f43771a443a684b547bf5
QE,44,658a3979e0c6dc188ffdb5c7149aea25ac641b09a8eefe97825d40877320fe10
QE,45,0590ab5c22b72b89b57f7ff2812e44e676c019f2ea09e68e0735fe64aa7b41a8
QE,46,c644de48b4cd48c6dcb68c04d9f59d65445f12cdda985c78296b0521e8c6f30a
QE,47,e3d131f6078e1830881c35ac556b5a1cfa7e0ed8c8a3997a89b044133603df8a
QE,48,b2c768cde0f171a6eaca9ea8ce7a05ba790b4828c053be6875390c0faa63f25c
QE,49,c52141d148afc8306f3395fb6dfbb288c6cc0f612bf7593ed2ef227e884ac047
QE,50,a8abaf8fcd545fbb07ab019ea468720f5cfdd4f91294eec8b499f65b1494698d
QE,51,624daa860b75eb9e89a0254004e93b94eb1ea767a0767646bd2a015b5f8dd339
QE,52,17da423a83d86ccc06017579eb5a892dd38805585de02ca03bb5747bb485754d
QE,53,1bc68bc44e84b8e7624e50b6541c89cc46dd0bf80ed99059ee54380b363a87a2
QE,54,6b3340a50368d711332a3ed6bb339c8791cf2e160b55db69eb0c6173efac06ed
QE,55,f89b5a72cc1efdbdbc2437b9039a23b4939d333c6d9187de08f2bf3235792d78
QE,56,f4df7c6ac2cb81f614cc738c13dff7bdf949e02e06a2a8f77e2bbcb479bb13a9
QE,57,dfae0d5fe9057bc6761901db8f092f08af7f15c195636479f3a5e3c3590681f9
QE,58,dcf34132478c6078b7beb1b86c20d93d34fd991e79827d356abc482087919464
QE,59,442cbc5737d47f67e9857b3b6dc3c5896f73ee075d91cfd34d1460ab30d09a09
QE,60,e1772c76805b391b5ec7c8c60238bd7765277f7a2b0f0cd3b35ddc4d816805c0
QE,61,d519b988c794ef725c5db882ae10662ae61cb6d0cec6a39204ab829a40c682f4
QE,62,54036e08f3c37aaba97b53658cbf782caa8c4bdc99c8535c16cfec7653a2dbba
QE,63,8e650f209bae440c2adfe80c29e14b0f1d565e0d23538e5c0dfbcfe50b92c9d3
QE,64,f78e01daf0807c76c1a6af965d76bbcb0452d944dcb21bc7725ec3f426412dd6
QE,65,d0e7ed4e77a218a4ac1734b323f7444f7b15212577fd4d9ea64f09290484223b
QE,66,97a30d5acaf6819734b3b01836595d45d7d21571cabdcf42154a2b2749a353cc
QE,67,5828819324f39ae02c9f2a8d9ffc3fbfb8ee6ada4c3805ca48211253b7cc599c
QE,68,c82fd832db736b7314bd3e8b9735b9aec79f9abb575c3d8af64b1159c1f972d5
QE,69,0854694c2b2082ea66a7c06a05f6587758159ca6ac24d9ab4f9858de875ff0b6
QE,70,36cf67b597f4da8c90b3932ce61a7a5e1d69d26ae01d98a04e6f7b048ea60d4b
QE,71,94175f63338cad8dd647256f1b15a8012dd2f3f4512e88eb34c20688faf66e5c
QE,72,fe4768bd19cc7575269b91a14e9840dd5d5af908a31a1328550110ce521d360c
QE,73,86bf4bcadb38e7804bdd4987004ac48e6beebb652ec56f78f9f3c50394e2716c
QE,74,7dc618b87abfdba206736697a72e7f5a185567a410954efd98da7ad6d33a3dfa
QE,75,7a6fda2c1b5b12737b0cc1723a62cde1ad64ee0471cf1c1fd6582e47c2d8b88d
QE,76,f1f5f08c8ee10f06a5424957643e596313050e068dd7ebe2e120f82cca11f9ca
QE,77,51a55ea7fa201872a3cd4d5fed9f54c35f9aa9a1a864066dc38ee993d6a431cd
QE,78,439435a382a2c6f3cb2772a87cb258692c36c7efd9a497518773051c033415ac
QE,79,0cb2ba9079bb233e125c2084efc1ea7e0044139c327573861fbf26573218c1f5
QE,80,e3141c5847fbe0bec56e3de29aa802702ec1585331013ac57c95dc231a1e3fe3
QE,81,94e74f69e309610deb9320c6490554e4398c310facb6e578328b5c6570933aaf
QE,82,17b8b11c40220d2198c862654050e723261861f93e674eeec1c42eae32ecd8a3
QE,83,a65c66b2bf25535e2e7725f2448896fcd004683238044c0ad50687b80b146e6c
QE,84,dacf00bca0d0a63cd85721f58c32a0402539e26c33bae6ec74f12c0cccc3497e
QE,85,7339e04b1985903e7b8591668d32a8e12cb1e16fb324d9f1516ffd6d96289439
QE,86,ddc54bb3752582c2ad9c075c586046e852100b7fabf3b984c063d780781cfa25
QE,87,41c1a304115d1bab9117d48e19e4b102785d96adf29f374c7c6cdb12eb659153
QE,88,070e814793de5d1fefdcb82df70914397600d8d319e1706773cd8167b6c66ff8
QE,89,d7b06e58a0cf6c03c3c374c7e5089f7064802bf37f8e3f6025f7fcfa22cefa45
QE,90,7288f2d1b209c685c8fbc3f867222e35bb31cf6121eefdce63f2ab9d091ae74a
QE,91,6ddad88108680e6934bc96087c81fc4a81024b1c809394da1593c8537036a93f
QE,92,c4f2ca9db098e56033ade6c515ae4751367276dde89d90c17e7e02822e0df93d
QE,93,95ef182baca7b5076c952a60d1804b05799fd2ffb9b4164c647d40de00ab17c4
QE,94,59e9daa7cb132d890e7ffd1ccce71375f03f87b570bd42a30cd052dafa91735e
QE,95,8ca384c6a51bd87cf005a1db5c198509089184601b9041460b38c88126fa7e6f
QE,96,aa0d0d4d5e0902f14894f18271a563f44e0ba7d84314fab7f3ecf4ce64a9fc16
QE,97,6d733031daaf9b5a4436b10a08a02e4a623980fd4391e47fbe5d7580582678d8
QE,98,689fe3c99e0f64af1cf8cf9428726a807b01063246383dc7a5d54811d41ecd8c
QE,99,cc462bea284234362a9e9084ac34481e700d6677f10e1794fa04d0b71e3ab184
QE,100,b41aa470d2b33df0c688e42e11b12b76a5f6ff2dd809f787c5465939f85bda5c
QE,101,5eb248a1bdc08514394b9349f08f49803d16ded8b3b84eee314c4103cc70a7b7
QE,102,8415d96b094e3ed66e779c39f2623d9d8d75828b7c2408fba8167fe8a52ecd0f
QE,103,3abf2581672160a612a67e1690296a2efc4d985d24bb960bb19381b40a77846e
QE,104,f3c3da50b8fc256a2374cdaed6f749db4085da3c7e43a4d351ad220eaffbb34e
QE,105,6636cc3de7ca6058d3cbb45bd36c0bb7f000fa314d86642d7f673e9693afda65
QE,106,33297b32a0aa84e3db0d6901df4bd118489ad4de7bbdb28209465428892bbfe5
QE,107,eb1bef3abca822f7274563f687600d8c6c2e21f23bec343cc229417ffd40458d
QE,108,e1cd2a3e84108f389666c17c1d7f5a8a90d4212786d24fa4baf80cc6690432c3
QE,109,cb1cc63af55e3bddce7c28b1504137ce55295a44fab7c3e31a1190c603521999
QE,110,074a1231755b33f1eaa37b76a58be27062415f315aaae3dc0e55d68d3027e6ee
QE,111,760b243a3619800eadfc293cf109d7b975c336b0df913ea09a6f3aeeec7ace73
QE,112,71eb67cbe5fa5fd839101a902e2c1357ed2c09f8d95644111d5060e378fa6d40
QE,113,8e526154827f8506f988390b32ac619ff8177ffbec4ea6cbdf312ad0b0e2b1cc
QE,114,c1bf7ec3148423b2d6acb9794a0a83025efcdce69212136c7b5d51d44ea49cbf
QE,115,b5ed2ed6f891ef605a5510eca5c0739402ca195cd924296c83c3df3675b75207
QE,116,33d388d84e57b2ee4f4ef4f31e2841c10c036cbd34dd6017d35f110663bba6b8
QE,117,8c6bd9737e7510bdd07a8c29a0c37a94e0737c3d8434327b0a04a5ea62440ab3
QE,118,ecd4ca36a6b3a24b173781cf8338305a57a3acde7d12a775945fbe718e4d2f9b
QE,119,3f0370260acf4ea8abbd8bd4aa37f6476e266b3597140546698a20ebb482517f
QE,120,da79ebd3572bfcdbb66cfed6615b8db5ffe7164a50861be5ef4505c2a7b99a7a
QE,121,79d25589795c782e790b11012f901183ba14141ab3db5ab9f888b4077dfe725d
QE,122,7ade5c7dc7ed5b4daffb924fc4989c45839a5adb73fb3843c22078c98dff0abe
QE,123,053e9d8b45309fe2111228930b42a0f1b1d92e0d0fcd7b6d479006a39b89de71
QE,124,ac34e6f4f8be344594f9e1adb43b0fdb1523304c43678e8e73e7038dbecd5d0f
QE,125,6b14c56ba797fc3767c7b1e577fee1b671512893a2d4d1670fff34b6b37a93a8
QE,126,d52e218d7aaa7700737a8ea0df4f14e93bf8d9831b6c0d2a46d324b8ce594830
QE,127,68246a8cb722621f81829e07bd95b242c28212887a53babebeee7cf05dfe9def
QE,128,981fcc42e19208a43f7aeea741fe74f7b8e5b8e177844d5dd7cdd3070c80cc9e
QE,129,6060a8804a496f162b79bf56bf567088d30561fcbb0f8e2a429fc66ab8aa803e
QE,130,3015d361bb00f763db38969e468fce92dc29a301bde579b826e9864f8da214b7
QE,131,b599a1d8c7600bae2841cb5c506fe1219aa894b5f4006975f4737022568cbb0d
QE,132,951e3f2e44a20d71bf69385a4a3e03a9f3875670aca8afb2170065fe5dd462c7
QE,133,60f4100cdd6441769e5873c984f03a48687aab7a29addd05060cf05284626f9c
QE,134,7f946403a752db873e0fa3bff1fa427ed0321ca49068b142f5392fe3ce7e03fb
QE,135,0978a0ad7fcb7f751d36e35b40e28cc4b6f3fc99ee1c3c256c1ac372e6241fe0
QE,136,33a78328c9821f0c239b8f50a36a936b13a59bd80693a3e8355dce6e3db10ad5
QE,137,0022a80d5dab7b42bc4a178ecc064a96eb7ef4c5c481fe8043f17bed0444b8c5
QE,138,886f7c468482bfa9a402bfaea496c5cb4f941bebf3bffe6ce7b448e555646e27
QE,139,53e5329153b477ac4363f7bda1c79abf00e12e848c8469424c658b3b0e18193f
QE,140,f1b4173f4ae9095243778f3776fb73ad183483b94025627df8088a03bd187984
QE,141,bbb8ff6fa6c59823f1c9d959d694359451abb7f5b9d2e39550effa023b819328
QE,142,87ff93801af52a4f7903246794597d87f12359604e05ad352384a1cf44f1a8f9
QE,143,7c0fae2d269ee009d0508c0a1f1fd2ecefc877541cec06a8c7fddc743561736c
QE,144,969ffb84a93bddb71ae2691d927c7c7802926358e7f8ae9729b02d66396f1c8d
QE,145,fe1c974d687e6a88d4d0ba9784240e4f4adc1143e1a9e0a5b74cdb4e3df2cb6b
QE,146,2a97e9d0a723262010bfe49a37f232b1a04aac51d56bf23c2469a3ae29001155
QE,147,b00311b07a1313dd970d5746922d06e2bba3edd94462066f26b0b5bf926e0064
QE,148,0ccc777149ece3b335109eb60ac450e3a9a7ae9f0263b1ddfd38637d6a2cf686
QE,149,d2bf3846a951f4ab9e4bd8d863d68a12394ea3c544b20d11c1f6fe42f8b144e8
QE,150,5f752534cff34f6f3c32447125e9c40f21307b00413a65cd197ae6d7264dfcf2
QE,151,01212448499a2a7ff31e74bb20a8e50020921579f210f69aac84d58d650cadbb
QE,152,1d6487c67f1914a8f8b617a71f12aee1dbb797a0f7a7f6976504d6f974ff15c2
QE,153,9d0051ff14188b44efb9a8e568e6fd00c6a8053e8f3d6f19f5cb641975dd73a1
QE,154,d4975a3b31fe3c60422063b49f413df81b8e0aff5e79c115a125208c24423b8b
QE,155,8a83b6dca978aef098c1c8972482011ac9434b3dc7daa97e6fd2efbaf2888b2c
QE,156,c47fef0143df4de46561a12f24dc499dd9c8a63a085bde7636e5c6c17b6dd483
QE,157,4aa07437679be3cfe058c8250294bf7f740bd405b6e4a1e1d9c125ade5ab7360
QE,158,ed27c3d63eef8823c37e15722603518f81f2d0e92782332a3f9a178f5dfd2819
QE,159,7db2975278a3de9147b84806661b5c0358eef0b6f6e998a2e5ced359a61d0a5b
QE,160,7a0961e3869775ffb5870c7a090fb05624929d3c10930893d94045174ae670af
QE,161,4642aa4aeba1c140629ba06a1fb5112e30ef514fe7eab995c6388e25352af619
QE,162,55c1cb8a0963c8ea6f6f57ebd1b4db2e233942ccdc957b390828d018c59dc855
QE,163,82afa66d5f8b88e107ea5019fdf4d9afd1e537ebeb522603d36012d51c1513a2
QE,164,c32a70119ead215e2effc95de9a1b46ed280850e2e87ecaa33bd7bf7b33826b0
QE,165,890cff6b06226b010e9ed75d0cf05377f269b8350f7d396da6bba5311d5faa62
QE,166,2994655929a17749305646d1367000584168f25a915a4d70fd6ea1219bec774b
QE,167,1116877121d5612ef247c81c21698754e772d31d0258619a766f50e98d50f5e3
QE,168,374f88bf274af057fafafb0a0507edf5917c0c6f9ba7c051abdbe9cef93a7784
QE,169,c35b4375a75939658173ca456622f59ed2ea6bd2a4de96a063ca786265074011
QE,170,3562d2698dd4474d178f2a6bfe3a8489f1b9f96c4dfd7bf2c3f25136af05ee1f
QE,171,0adcfde6ba44231f7073c6f453f7cc610b687a733dfd837b22986dde62cbfc2d
QE,172,529fb134bb478efb00d036e8480a4ef4f7a5c5a15ba22aad0aff811c671ce24a
QE,173,d76fd4688108acdb0af4e8e496efffaa3a6e2b13dfcf6e36b8c22e27c577f9dd
QE,174,6f217e6ec1ef1068dc32c9627e6e8c626e2cf33551bfb94f7e6a911f807dd14c
QE,175,aa629792dd15d32a5b564cd6f107d2c662d26a7e79a4d9e1199231d18851b329
QE,176,fde8b5ef6524acce1732acb49d46e707c86ca1af1a71702b6d381fc47437bb84
QE,177,c3c5bec946012c65718fcb0faa60ec121cbb640d7a28430d9befd75c870038a0
QE,178,29f770be7ab5ad85bf578be52a1c082bf11240e24fe20ca86b1643fb26cc1b39
QE,179,568100ad752733de946119476c06c3111f35e5b21d60c3a720569042a4b5d47c
QE,180,5ade2f943632207381a9a91e10af3d8bd08da4b1ef0c1ecee2655f8170c1151e
QE,181,2711222dec29090d2b104b60317bfa927ba2a9232a4fe739f043f2641a749fe8
QE,182,b55656160eb1b420235c77d84194dff34450f977fa0ea71080ee9f906a576f06
QE,183,63c869bcf4a0ba12eac5442bd68b6b9e8c87f30df0e31be88aed1fcabff1431d
QE,184,c6a8259a5e2a8574498c0ec360d241ef6a615d49756d4d14a197974f8f1d3b60
QE,185,a9c9046db86b3833fdaadd4af44ff8d40f702e6aa48fb689ca6d4ade0f7cf6bc
QE,186,2a343555950013f753f97418b853e27e83315282cdcd49ae7b40816666a6b458
QE,187,5c6698c7df6608f7619aa873cd3a7d64482121960caa63db31fbdd4e7068904b
QE,188,106a33a784d97f6ea5f3968323844fdee1cf8ec9df47e8c1fb370e87308e1f95
QE,189,809869a7eccba923e9811b9fc98d2fb7f4b8c37ad718baf4f800efb6077bde32
QE,190,ed4f308ed185874139a9a9c2e609c0e036fd941adfa68c227bcf9463204b4902
QE,191,ec0961b6ba9d4691b43a809c9d1d3ac9327b0d2b0952269ae3159b2f475e38a9
QE,192,666fd46aedc35f60285317dee173eaedd49fc737224a37d4301ba3080c259807
QE,193,2d1be4764a4c2339bd396d0da591831ed23ba1537b17f1dcbd2f1fdba1577698
QE,194,6a2e5233017c4044e13d5b027c7a9cd59ff41f365c0d375018161dccf8747e08
QE,195,300abb99773e1793ee86283715c9905e0ffbc0d25e9f0018839c267aa1bcefdb
QE,196,2d5cc68ac827c6091134ea7c40a9f98f3ef68283b648f98fb3e451b487e5d5ae
QE,197,72fa360fe60c40a098636b91928b6ca154b6ef6b42ebfc492010b672b8460ef5
QE,198,cc703a35046048f0fcb46b4f49aeead98d3d0183fd23e974efd40bf7d19a4ca5
QE,199,f4c57d79702f23f6d93f0b22f16be58de7e65eafa0b391cdb3a5a0e55cb4b52a
QE,200,7846464220037db714d111fd331e330ab5569459107eebb54df8d1d2c3b0efe1
QE,201,04b3cc1e522b3e75ba5cf92257c225aacee51d5dd8f5d94f88c4af1eb9841eeb
QE,202,3250d0213af55591b276e56af52e5f8d9f4cc0c2054a1b986a174dc46b07e628
QE,203,1d3a3d1d04fd9268065f848397fe53705c0d5fc0d9d82df8f26a4dcf571f6c8e
QE,204,f196809f9ba253e2678a185748b4139b6bcabccdef44e719739010b34eb9b39b
QE,205,96cabdd88ae3d15c244439bec5ceb6cf5912714221f7c2a80e49b4ad1b75fec9
QE,206,7789ba64c13d5b0daf061f7e953ef14ca950fb03674bea5e343cb8367653950f
QE,207,0b4ee08ee4252839e70ab9eff1decb686093b60c7a118a598795ff02d109c24e
QE,208,e716a5ffb8f0164672f13d108ef0efb9ae445245487cc33bfa6bca5d02f25812
QE,209,697cbd44c9025622c50226a4ac6d35d1eff30fb18e71d7287298c2b29eb41f7f
QE,210,5f1ac5101162266e55d987aeb7bbde595f0f7f06f7db86779d609c5764a53135
QE,211,a0918880325b016b022c16d6455cc092a67370b53fc7e61b4f0deba726047e2a
QE,212,71b7611c5e9661ef03e3461c90b2c052817426439b1186596ee5d01f99e09587
QE,213,e0e15e3421f36cb9409ed054a884fbe9b134a45c10f1bc591c6d26c7c260b5cb
QE,214,665f738bda0a6b0131ce2270e7fddc43b9c9f18abade783da1017f4448758a27
QE,215,fad2659e373530793fcb04db24bf48462223270a2453a57af5bcf959160a78da
QE,216,6b36c0ce44097ecaf5f327933fa9061cc4a8b7b8aa24e9d24e4c149f0a011491
QE,217,7807479bccae994d2a5754d8cd4da5516fe254adf8ff49164c7cf7be6c686bfe
QE,218,a441a7769e885cf85006d963bbdeecae89cc61b2b662fcabccd83c8663353356
QE,219,5d0785cb80ea66fa519fad5eafa2017048e66fc9b330588159bfe851a122e350
QE,220,d2cd82724cdbb69242e85e2c8b4700bf646b1c15580059cd422a3e6379674127
QE,221,9916dcbf20b38f96d6a81551053df0e95abc06bdecca25026479594b7c48a6a5
QE,222,56299ff5c66ab2585b7f34dd13e7f3b59e8569140423ce5f146e38d4f603ba26
QE,223,6e6c4a7b6ba93e379a7f409f938665a837ec218cbbcfa8d941946ea62a95e0db
QE,224,aee16795f26b8fe60379ed0db4de8d868fc143a5e0ea56f5d3dc48d8358e9663
QE,225,c8d1f92ec8ebaafc78764e2e8afb4b742329027bb558f3a6d8ad3fb3a31531bb
QE,226,47cc0c65c8c9aee041e3edf64ab165d3d68732c0093f9266b128cd0c7388c0fa
QE,227,45913467b3c8f6f57e4c7f0365b4abfd3be8b4ffac466d4c40412bf7a257d6cd
QE,228,4c29b6a327d7df8bf90cd7739ecd7c96aaecf52da3b83cbfb060ee90a759ed21
QE,229,a192a28198926b4d7e601d56f2cf181d852b55f78861f1e23a789bab577da7b2
QE,230,4e18de9d7a97935b5babbdb6982d41c2ae1294d443e541ee5775d803ad445c16
QE,231,a2a2fdeddd555b2cfd14b59f8903a0bfffe55f067e70c0e9112950a6fad01e61
QE,232,110090faf826cdb00a1ed1a62807d051980398c3f1859e77c9e09a9c99dbf33f
QE,233,38af1fc34d194874531ec98628834fdec73084ce1f005e155a1eb21a26652cd1
QE,234,d1fb6870b9201a0468144e9d461ce08efbccf685a5b8f526be0060942c17cead
QE,235,54e01986a59912a3fe365566d7f74d5df2b36235f50319a94da5f8eef9c727ed
QE,236,110c41ca4b6e53c9efb240d68501712f75cb87df1f7d2d2f77222bcb9a43a3c6
QE,237,e082e4a5bf500922d54deb3294d034f7ebc8798ccc8353d116e28a58d1f89fdc
QE,238,9f9f4bb0b475019b9c601a97ac33f267333a45d3baf3d9bae99e7b5109782f15
QE,239,233c7a34cd6e5d5132424875ec389a6aa66d6248506b03ff0a28e290fbc209f5
QE,240,396a1e35d44f27df7087e50dc866496e199a96965c053f6c701d034018212073
QE,241,031284c6ce22d071c7e4d632d0bce13ea91ec73435e18cf30424546409903fbc
QE,242,382c94b93d3d18489c23081f6d9989f826c99ea2cf02c52ac4ee0108a19c1e67
QE,243,0ea30497e6b7812a1dfa573377744e209fdad28134834f544d63da99535810a3
QE,244,61b83f5f1e3d6b52da117fcc341adab9245178ffd8673915fa41fdbbc2f67e96
QE,245,0e2a66cb7511cb65b2dfe9dabeeabd3151ca40519764ff656b940312d983c5be
QE,246,1df2db26ff73bd9d9db8c7d6e244e6b88d828c617f61c75b03fccfeeaa62872b
QE,247,e40c61695670514ac59846fa36d69a2822d2122c3124a3b20d01869a976e6f83
QE,248,bcc150db0d98eaf1b955ad46153e342b32743e323bea7d51a610b9b50889e57a
QE,249,b2944c04b1dad1217c1da049a32ca743b4e78e876b203e08f2e981e5d295fba4
QE,250,797ca0b501b7f48d1509783d9b198e023226288f4164e485ea6babcf43208bd6
QE,251,ffa06f3af09cebb07530f546f5c01fd3c9270fe8e0c3a4d2c3a55610d9d2a66c
QE,252,cb278a5516f123198ed48ac7baa7df83f5f20389618ff2e8c04352ee017bc104
QE,253,defdd9a42eb40c249120b7f1109d22b825395a5f397ebd166921008b8b4ddfc1
QE,254,a220af1238d060139df5b4b2211cce666ed3af157a0e911c989a196226fcb21e
QE,255,40ccfac333db017bc37b855c60c533cfcfe5e1ddde736f0a9027469e2e3c51b9
QE,256,6aefe38f9e634d75437bccf0061b4452f20d86f153688d761f4ee77a8c253f33
QE,257,3aadda799e2da72b6054a732ee02a9daea0b407339993701d6683cb9e77492b1
QE,258,be6356eb593d3bb9225983307eb8e32123e1222fd7f283cada755e3c8b0798d1
QE,259,b11187080fe23b72e2e62511788ff4bef47f340766924ac6ef688e13f33edd11
QE,260,d171d9c41b9f58198a9932d6ebfe39e98a049d1f1290e1c8322a72bbb43bb097
QE,261,7c1c6859a18f2599bae193afb36605596623f8587416acbf6a60c82964431b1e
QE,262,1e820a07a900c5286f90c8fcf186b8c78cd3bbb8696cf9fc4668d8c0ee274d8e
QE,263,53252f26576241831a4b6ecd7c2c49a5bb8fd93d8818f5a4ac1c4775913ae1a1
QE,264,4fdd9200bbd6bdbcf36cce78b4d46b0abf8d1b419911976b654a90072ae04f5c
QE,265,1cbf14cae979fa3cd73a85adcdcb1c87b16fe7587a75f6fe4c841e974ae241b8
QE,266,82f4c49e6fbf723835406e25b21d79bda9ed3333f76f818d2981b4e59315bdd7
QE,267,a684c63a11f5ceaef044883acb9c7212106caec93c83e49b5c201e9d6c9ec8aa
QE,268,ab36905e964d845c52d5926c321f3d9944f23960f1b1dfc138851a3c9961027b
QE,269,e78e7fb009460a99d6595016cddab71ba3e90107dfca4075b596bfa48b52fb1d
QE,270,fa653afdc6452a09a2bc49a30c0ef7e1ff95b4ed06e5ab0318f6e0433b429047
QE,271,b01d17b0c652017435eaa6769de58a9f32284e76faf439eb5058aaa0e6f2deb0
QE,272,240a456e4d5568b14e36a0344b3450065ced99d282c106a1e2815bda0abfb0e5
QE,273,ef01b8e4e1ff5b8e766a157163c446863e165905c165efd1396ba54a0cd1a707
QE,274,55d4c13f792fa0653a757221bec5d086bc5fbbff48932d4a8815c88a31942502
QE,275,68e890f4a8b2c4c1ee70a8e4bf0cbb5782c6fc670a85e7effbf2ca9171145c3b
QE,276,f65be31c17b613d66852cb741404a329cc90d4ee60690f1724da62a4a6260aae
QE,277,cd7688703c005609c29839b78ab8fa153633fddf1c8c1a78b378dc5ad759a887
QE,278,76f2c4956e50932359a922f847d9dcd8c17e4ac09273df04d9d5e1e0650f7bf6
QE,279,d9c667e747cd92898ed4463934827a40c6a9f3299dfb733eae8657c83f0ee238
QE,280,20aca6ab3b6945e08aaaaa803e3b681c606e4922b8038ed19ade226df4ccd221
QE,281,52ded6370590b4c36fd7aa618bc9fe36de73284020823c8f254fdaba667986fe
QE,282,004e3070266b07990894340a17b3685826cf76ae4f919cf1494f02d07e838d34
QE,283,be9e1be371ad97938bfedd9c909e804b8ac3c721489cb9c0cac4a74b592725a6
QE,284,02f064668cd2f3167b6fdfdbc0c6044c6e9cce5484ab04af974be9f2b30228b8
QE,285,8af8f25893639e6ce082cb3761ed093d42308a499224dee3140b86445e4dbc9b
QE,286,0c86e2583eee73dc457c465b94621c0a0193c8b2996bd679eba92197aacd4656
QE,287,f351809afa8f95e2892d52c5ff5c457f7aaf72d0270b6197c979de297782cf12
QE,288,380652aa62e13020361de145155512a620f3fa64be92acfc00006299bce7b6d6
QE,289,1538d803cfe0358075fea3c22c715e067bb842cff9d12b97d858f834a92f7d03
QE,290,6e0733832aa4489d127c9de47491927347b3185b780857379acdcffee824b9c1
QE,291,bb3ebaed3c13a7b51a81a567d5b1c2ded762ddee3effcd0e74d39c5143305eb6
QE,292,a4f111f9aad14c207f0efde0a420b4af4cd12dba6d9d5282b656ce1199d59888
QE,293,cfe512ea300cda3a77e91140f708d0d462622899874cd85a8478ea89c95d0689
QE,294,c2a328478b6cc504ec261d44886ebf743e2d57f30c88e148c05f6f76fb248916
QE,295,c6a0d0898c65e0e8eeda0435105338886fdcca669a0396c1a07fb4c67531cffc
QE,296,53a36ade4ca44b0b9f2881cc40806649c1bf275a0afd283fb464baed6d53e39f
QE,297,015f57f1c955e6ad191711800f76bbd652ff3a70ca66378607d44f0754d0dbcc
QE,298,bec3d124ba32bfff6156e0086b872bed7f38f9bad2700f0594c1e5fac01dc98f
QE,299,f6a7c3a7ecad752c76edd5ba9dd54fec0745611ea5c776a9512ec4d561e75a7f
QE,300,b9d333becd4d24b0b8bc7d22e14b348259a093f75f4734e2738dc8fc2adc3250
QE,301,79639c98a3517e8ac21bd146f14ceb542bcf79f1912ac3273ec23efb70617be5
QE,302,a13c6283b64e5d5ee17d98c365e47921a2a57d3b2dee19f19216a7e9baf9e4ba
QE,303,e5eab6476ca49b5cdd925e5c9310167a7c6da0d5a8d04f3f986320b9e7cd418b
QE,304,1382dae899e51f026fc7b60da109d9987253c5d850d5607400420e3f356d5af9
QE,305,2ad6122d10ccaa1f075d70ff6798a9cfd4268d66343238dc8d410116220273dc
QE,306,326f0133cbabf962d2afb9a4de4356bc640b87ac5009fa1bc651e9de2dcaca0d
QE,307,528d4b935087b54540c155c68c76d00191ee07706a61e75d81282048dd662134
QE,308,fb10cc95713d243c44296cb4412d74cd4cfde5feefeec68c63d3621fb1c6cd50
QE,309,996930eb2e0a1b484ed2e5ed556541b343587fedf914be3a2d524cdb629ae1f7
QE,310,b63194c59d90714e9071d716a34d7b6d0e9c441119669a47a6f93611c9b9ec63
QE,311,22966c8cb58615f3bc09016a9b15df3430abf6b5a6aa667a4ed1d2c439808d62
QE,312,b87b516ef036922e66125c937d3befc014fa621b4b15e198b9eac36ef0388a2a
QE,313,e93a8143f98e968fe0f431599d62a84a3ceb1a70cbdc7e642e7a9ddb39cfc350
QE,314,3b486a0b1799b87dc670367a5800e4739efeb59e1e23107bf06e316944c31ac8
QE,315,9eb3ec8262eebe05ee3fd5960cd89ea70a7fea43ed098df763b8cc833d9ad5d2
QE,316,53103d09f79a4ffcd8367ece62485fce254a6e44285702afc22ff91d142e4d16
QE,317,fb0b85af6cf8da536177f256c8c105718a43f79cf292d8e351551119c65c09f0
QE,318,e19990816312ddeb5687b46d3ed1274a21239e1b1a4d53c14feb828d46b6596f
QE,319,d3d7d2396e07d45fdd29bb836d2547820795312eaaecd75240ab85c79335d175
QE,320,14f58575e51899093e2c7466dfa4fbd2cb018fccd2c18f7e670a9d2c1fbe74d1
QE,321,de2c70f676effe6a515fd3329995b6da1a11c33682b91f70ca60d14ba850cf90
QE,322,1a9add25ccfa3a696e866e8f1d5528e570b0ffeef3f546e10d0b12f98b0c0e8e
QE,323,c2f448aaa1d1141abbddeabc49cd94a1cf867c39aedf9627be9c16de7617d4f1
QE,324,276e7098c0409622a5024b1f4f1c9f5051e0c8956c824a5bc0f509e70e7e0181
QE,325,5a547bb1b82866d275b9b7c99e091676d0a6d4d746bf3cbec8dcd81d0ddcdf16
QE,326,953cbbfde228dabc2951b59b03601af890b8853a6a9a3dedb6b809e4fc8da274
QE,327,f6d1f2c6faa55b076ed187af50b0cf509e66b34ad9e62500e7838b52d9afe724
QE,328,5d4c2f96ac73d121f6aaa7b0a3e6f67fb7fd440d7702fe8418cb219df38155ce
QE,329,98f0f7c4379acd57ab92c9abc7aae8b43b68e8c281d8a621d46e30455da7f6cb
QE,330,ce6c40340208e515e75d445e5f219132e8ea2d1804dd5ff475a9ae42e67b1900
QE,331,56c6d30f435fd6ff071f436e17321c146137f17fbd0481bf812cc0da4e9e4699
QE,332,7f392fa2aa7122b17017a6bd653155a34f798474b350685c3ba955f42f160e7c
QE,333,5b9d0c0d3d0f28663c3298cd5c6abdb9fb7c02604ca7494b72e34d91baef3afc
QE,334,11393b717f3c8b0c83f6e4e0a1e5ba4f39a8eea9913a638d6a29e94db039fa7b
QE,335,8f323f0c6b73e3a4aa73b31396dc3c42b3b0b4b4dc24eba3ab0d2872c68db8a1
QE,336,62b9934227c1a96665cf3c1502b7c725941d563339e49158c0128da3aedc8e17
QE,337,b8f16279c348b3eff5a494054f4eaa73d3268df4125985b6a1713e750c8c2970
QE,338,ee7889761f078e9e229f1382ec4273105d98482b66d1ff375564fd3d911c098d
QE,339,f868a8853f5dcad82c4d490336470f659973d3da2f7f499082d736b8bcb653b5
QE,340,ff429fb59c4062905dffe87cf62993f9233073919ffc110dc45ea971bbbfe754
QE,341,484095095be005f4439118100e3b7ef97ee1b6b7d7a437f4ca4c58e1e145cf93
QE,342,436a10c94c63b8b8e1fd3b129d7673b675336875a46daf3a506aab959a3cdbba
QE,343,bba522eb1bcf645bd24257430ac3eb77eb65e8e9c152ae6a01e8fc8f1e50e18e
QE,344,bee0925e685089356f38e0b56739519a334ce86ea685a66c3d9f31797e447176
QE,345,9f152c6943b7d32f699f343a807a528bce3bf45ad416e40c3c0353c6c5872f59
QE,346,0a111dab7d370dafeefff452ab529794393f3daeca81fde82ebe47aea3873439
QE,347,cc6b475b4ce3a2765eec8f2d32a87e78b2c8fd95cb9642e23cadb294acb8bf39
QE,348,2046dc89c2269b8211601257fb9f836c9c8e99cbbb75f7ea91840ceb94e4822f
QE,349,afbceb91e56265d082221cbda14e763b26b88531f0f5e160b7c1c5385f3eb7e3
QE,350,df63d5aeb83783427b6f815f24881da247796a794085521970b7440afd6398dd
QE,351,82bbe53c802788bf333fae1f84ad5f3555967eadc7add83065da171c7c751c90
QE,352,0b7633e90180e89dec8dc035971eb1df70a1232cff1886d5b6495297c85ed124
QE,353,66d6c1b5ec3cfa75dd8259500d08fb99feaa3c92ee8733043dae8791c8416380
QE,354,eec2204f494659c26f934e37dc5975308b87b08a633f7237135a90fdd015d39e
QE,355,0a72e7583a72ff5445fb6545201256dc1a3ba38e41104bbdac55a8f2e2770c47
QE,356,86e5e623972b17f68d5b484fc0f8d764c2a6d4781798fea297b7efdc1a0420c6
QE,357,a293dd3c5eb2c187eb992533871a4047f841e834f872b53aed0ecef80a822373
QE,358,38454e684210120647bf8030d18cbaae5639ed725fa3bf6f22aff47c5ef70b3e
QE,359,517cc598953918f1143bee9fa4e67e2719dec8a5c5306521a15b0bfe265caecd
QE,360,9c4880bf24bea507ea978b915647ce2c24b076109ac1dfb6c816a9303318f01d
QE,361,002602308a76bc40f51dc21655c21d0fee4b2379d7fe3f7b73f74ce6ee5a7f99
QE,362,db0acca4994917eb06f0544957eca47ef4020065c48913dcafb12ed81a3a21c1
QE,363,a92d5a8e3447da32d47a6a467256ef6dd7b0406a994afeda2632520e01ffba87
QE,364,8ad1fe11259a4b91691ea7e89bc309193fcb5ed481a17fec9064d247ff50ffaa
QE,365,c291ec4e041cd885186f37a2a8267b75d78c027f1b00a37cb1cc34a9ee88a3d2
QE,366,568335e51b8ea15cc7a359ddb86f0955975ed0697a46c5c1af5e0c3e461cff0a
QE,367,ce26a022b2040a95e091e2e3562d2b79ff4d83f9912221d2440486904fdf778d
QE,368,a1df896de5b782235b013f207611676760cc4f7c4002d18c8c122b441e0f582d
QE,369,0e15ddea27bf03e27d6a974108a51da81dd9ac6311ebd830bb8fdb34ce3fa062
QE,370,c2775469b3952fba55c525558c1f9a749d8cdb648cb93a019ad9379e31bf4a0e
QE,371,768e720e36a401f1a7dc820a31a75cbf0f4b3fc08cb2170249e1ee6789d99621
QE,372,edaa94e1e924fa1cff372342c714b2f49d2216fd06c13fe67d45e8d7c0bed9cc
QE,373,5d0b50f88fa9198465a513960720e9ae5b63a71f41213f43884b6f49f3739951
QE,374,38fca4fe43976fbb7d863c70d8c541f55d66c6b9f49e2231252e0ebc1825cc5d
QE,375,511193c745aab66171bebc80d9f277ac66056e74a999af6181765bc1c864e32d
QE,376,252d7006db1e1408e396f78896098e94c602a0ff5828d4970353f37d2a01c0ac
QE,377,a7d9c9c2823666747cd571609238f9dc340b6ed0ec2e971b6da061981dcfe987
QE,378,04a71ea049e14ef207dc99510caef578750cfa5cb2c104518e6867ea828cb97c
QE,379,225aa701e1fef847c3e252dd4735ca40908dc0f10c80e2a4e18c6eb65f47e515
QE,380,5fb5c545f620071abb9af6e844275c2011346e7d95234de9bee9a95da82cedc2
QE,381,28e5a69be6e55f13d51a0f85f9e4454011597d053d10814489ebbca0fb8b398e
QE,382,0ba24aabe7512784ef946b6475eb391e98f4144d7bd233df04727d83808ec05b
QE,383,c4134e720d3f161b7f38ce4bee0f3ca0640c83fef1f4ebdc8b9bacc98092bb77
QE,384,2c980f0312beef6780fdc6d6c961781bad4e05b3421856c70cd2a735ffdd6117
QE,385,a6eb5785c21169b8277352ab6da09482a728cfda4996d8742f3878358260a71a
QE,386,4f21f218bbc853866117bd28610e1bad2f5ba3cbe59039335f8a080f2ce39ac7
QE,387,d9ac488496a40f8806fca30a34ad9d4b9d85aed3b556c470c804094b5e390f2d
QE,388,87d3091d4398caa7a462b79525860fb05ee9fce4bc55c8a06b51480101d9d379
QE,389,c58b7a756ce352764d1be1262431c1578db6f2672c474fec333f7e29fc122fc2
QE,390,e1999b323e2660b7ccc1feec0f303b3e4bb591522af5dea7bb4a88bb6bbe77d0
QE,391,d0b83361724a1b299bd2d2debde29f123da118e613821767fead05b1389ec534
QE,392,a21c8c6f31f1c6830309fe61330cfb50309ac2774fdc6c4a761886fdf487358a
QE,393,9a685d36278531d8df860ccbc4754395d88a2b85435cc7297d192c589b29ef55
QE,394,cf05bb205e5d91b7af6204e9feed8ea55b0f698218efb3f771ad5a7a82ee8231
QE,395,431d4dd4c31085e914c475db446df31c8b87c1dd89e6128db048c77abb319004
QE,396,a1ea7a3b44c477e21a98825d9e0817a98d2958f21c24ddb7aee6e30422fcec02
QE,397,a7303644e21f0ee4712c82fd25f12901660b475ffb84e0c2aa04636ed94cc369
QE,398,72168c6f4a1225864aeef069374b9c777fa70cb603b2e7ad79e17d97ae0725d9
QE,399,e60fa3f6b6efad48daa52567472fca9508ec8b0f0bd5c43687ba77b07a817868
QE,400,faf1aee4de223d57f2ef6b736f15bf6bf277a0a40ef49aca5942eee75642d424
QE,401,ef14c0177613330615ff4a051a7ceddf6a6f5c9b4b33776392ea1af2f1ced5dd
QE,402,26f96ecc96999a6a8a9c35beacbd2d3eaa961680b1e1054758db23c9b8193c75
QE,403,560c4901af9a15750028e7c0cc9520432f58f381bf1565e7bcd52dee71711ad0
QE,404,3f9c56f0025a300793ff79df0beb582e1555c7aa8b3a80e72f5f2fa2ffc5869b
QE,405,a1aa483795be768e64c7afb36ddc5247ab7ebd39f451581cdc5696af30bf9489
QE,406,8ba6719377d4abed30146817bae047a0b4ae4cf3d8cb3c27679a9a6e42d7df22
QE,407,63520a1f0314dd9b9565d24958a36f3676c5dfa91e5825ba4503160947a28e5c
QE,408,a1958025b300c40e8c6bafe54891dcad3a140be0104fc83e240a54500afa93e4
QE,409,9771b4848bbfeda93a5ccfbc12ef302e1c62ccd3e6bb9b6d2838b88309a31db0
QE,410,721eaeca05bf44190afcbb510ad68ee3dfacfb0f86207731e35a1c124c8c39f2
QE,411,80bf0bb4280c1f8a71af855090b9d096f60976c73ac8505a222516c04340181b
QE,412,cd09700b2e226468208d87201934527464b69faaf55cbcf1c5caf87bb1cd2497
QE,413,159be418edcc86ba37f83fcf961231dd0843b90a03515b2b4e15197b4dfe545b
QE,414,62c64f7ee29ad1399d7fe68275b6b44ff72c685fb08aed0c6ce5e0780ddcab68
QE,415,b38987912be089ebe9a5bc4d877fc9949056485204bae10a319c7e7ba54ae65c
QE,416,869b25b4215af5faf456f8554d850e2153658f54fda67cc921f4c214736f705e
QE,417,d475a112b130f5989dc6ca0989868dc0e58e00f1aa8939ae53021908caf6f832
QE,418,9bd9589baeecb53b12d35cffc64bee12473482529fd8f38111d2989a342e334f
QE,419,eacbba56eeb3e2180e57c8f1d825b45d843de7648f4ce6a0b0ef9e88a0f81744
QE,420,803c87ef47314b338d28684fb0d94dc443b5f7189d2e6a3fa04960df70ac84c4
QE,421,c6250f1cde4e57fa60e8c6ce787409587d728a03b3923a77483b29ef42fa0a9c
QE,422,e437d9aae85dc74fb51d15db88ba8d5c8e155ea7a55f8e6ca20f8ce608353777
QE,423,c092ffc243db27fb379ea22814a45c195248babd9ccbed53f3d9f11e39b47fbb
QE,424,d52286c6ce73f716e67a07c2a1fcf5a9364bc5d8f22a45a631b6180dfdad7cc6
QE,425,4fa533c7c32efe6ee0642d4ebc8517cb2a766d3b827074c4f6b32169efda54fc
QE,426,b1a69eb09b7b882403b80dc5224ffc339ac06737fcc615f6dec7efa5c567a0ed
QE,427,0ca70f54514550f149301cc9bf3104c6d6f8a9cf27d306621f89202dd9c612ef
QE,428,ef9638fd909542703c8fabeaa0f80bfd2595e9f87667f6b1a3b23709c86af783
QE,429,603cc3fe87c7b317c237764c7689ac856100fda546fe286f61aaa329d403ba25
QE,430,69016896ee578229cab6344ac31cef43f6a4fd54cacf1b8ab4d5198ce4a9738d
QE,431,2ff5dd01ecc7491c3915b0ce2e345346febf6051ea246f333461c16ff8a9b363
QE,432,36ab11831ea909d734e29002cc673af79989f9ca9a865f4f0220785392c94386
QE,433,ae313df9a01a4ae48e25bc30cec8438d1c6a762575f529ae66f2c1b8676ea252
QE,434,1cfebfddba1d05f18985a492ec01238f1e9658c8e4fd34918cee62052e7f78e1
QE,435,375c4979e39f050b6cc512f41f351f3f73ccaeca621ba0727b86faff52535548
QE,436,76dd67a0d994e90e582cc0efbe8fa94aee212ef0ad1446d8bb2259e54b3ec91a
QE,437,60162c34dc417c44c20edfec4c9c7634da6415289a5cd0a3251e2a1c5b523499
QE,438,ec5f8f4a92ba9eb8527194445a7eb0833ed193448ed103469c11a6afe2e92583
QE,439,043784b52186af3a473c877811b0ca7131bb1d2ada6e64554e3129dcbf83e1de
QE,440,d51c252932cb37fe40f5471c58e140f37451b8134d7dd9eaa2492a0df1c7e5e5
QE,441,4215f64072eebb6476c539810340b1198f73d0348b9196daa77b5eaa52a7d448
QE,442,55e8de82340b3e09eff7354a6433bdba9ab519127c1d17e515c4f9dc6e49317e
QE,443,3d47ff6a451e50f9ec90afe825d49a757496cb454de5c22e2085259e46cfa0a7
QE,444,d4495d37700f0b74f42d2d8235aa54e0a94e74d065866bfd3df9ac2adfd5d42d
QE,445,665a16d3f54fe50c7ffe07f9fc1cfe4fcb4156326f6669e6c39cb6f2ef03506e
QE,446,0b8799d670b88f3044372fe6274022fce41810b4b3c0bf18d0ceb0856d620197
QE,447,832b5d00bc823821489c0cbf1e97fcbc99c814b02213543847b238e33c2da9ae
QE,448,45e293dc7d4d4442b70df24e46666dd1a48ae3e83ecf7c8340201e6380478e7a
QE,449,bcfb405d24865aed695aed900e1aa4839e6173b879dc34234147b2a36a0308d5
QE,450,ae01bae9627b3b04d23a2749d78bfe8e4ed0998f627f3473a736e561340b99e2
QE,451,dfc5770b385c024ed30921ed63e897754f444711586da10834b14870a5d7cfc9
QE,452,f8ec8ef0c2276ae6bf795db3e98018debb77c30e0cb9b67e63483a6fa864dc0b
QE,453,a4fd450e9aad7f5fcf604cc3a27399837c7d3dc02c266991cc85dfb4adec5819
QE,454,f7b15301eea6e1cb69c098a97ce62af21a0c359c117ab5fbb53c1c9bce707c78
QE,455,8349f58ed45bc28bcd3902e41d278551ce81007e7a8b3e2040a84066c68df81d
QE,456,3838f0fcd5452e1ef8f04b22103e8ad4e502d4342f6d6aef9f055deab318502b
QE,457,08a4324c34380d564912f937000be04b4a50b759ef4f3567487c89139dc59d88
QE,458,8bcb0192ea3f8a3f8c27cadc2c05b8aa1260801a9c7b6467652391fcb42d3bdc
QE,459,7564aa6c416377465cda7b19bff898a495e158efa284b00a873c247e8fb2513d
QE,460,3c0e77a1af33a1f6c8835b06e8381466b9e76eaedffb98ef5dcffea94add6011
QE,461,cbc792315637df180bd2023b7498c3b6022e8a65d8b50025a06b9b1a3bf9c203
QE,462,2dbeeb033233e6f78dcf69a56fae8448bbe7b17f120578cfe74fdacd4098d8ce
QE,463,39e69f19342fe758d82eb11753d7da663ac235c4c82c2066d85557d75ea74578
QE,464,886b569596ff54232ff4a7cf4f7d670de71aad0a5279e24745a9beb9912aafed
QE,465,381b5f8bc1c08fc7e560e864a57e09a99498ab2f1142b4b151c8679a73e41d98
QE,466,318d67ffce5ae542558bdd8423e031c8b37f0e45ed784b71ed76714393dc0b02
QE,467,3b78611eb27d8b924a1ff1bce274a96e847b9e6db592f0ff76a48d062bb9c045
QE,468,28829d2fe4a8b1eb814fd017e6723a2d2aa753ec263cba794ef0a41db0e3e1ba
QE,469,888ae664104b88407cba058d09ba447a374417fc67e1eb26324f9c8302bdb431
QE,470,9a06a5e6717e3038df3521aa27d81ff3023228e43181ddb3ff8ce43d6389c4a0
QE,471,f106ef48c38da4c232c7a3dc341425f59d2ddb7a1dcb5ad02b6054d2766da6ab
QE,472,4d7ab3813459cbc9d8617a4140d40859f9057fbd35e5ed3bec46c87d8ada131d
QE,473,bc75ae93ff373c9e4a4dd81fb9a6a7c58a4fff69ed573135b62518d79a80b59b
QE,474,9505868ba0dfbd69759777f3c913e17b880d892f270ddb9e13350638b2a40526
QE,475,a53148a82ddbff6858e504d4c38acfd9718877b5cded519782a291465716fa98
QE,476,6f117a150921166e96253502a379e3483da46b68d2356b5373f2520ce95c9c56
QE,477,19c6202b1a0b5f6b369fd125dd4e9cd95ccaa43accbbaa4b08416acdb5fec1a3
QE,478,d5be8bb9fbc735440d603f765a80547815030d1c1319db8469f8d31824575480
QE,479,499ed5121dd744a5d85d0814be4d85084204bb8044d440b84bdafe43ff386d46
QE,480,0986758d3b8bda7a2d2658265778c20ce235426a27ba8bd8bf3f4088e77ce19f
QE,481,79b59a1108ffa3ed1f6d07ed1867ed7031ae527240b9b3d212b7ba1684e1db34
QE,482,9bfde1c4b55346b0a38ea2f07df2c49e85ded26b0f47956d6b59e59865e2f80f
QE,483,f1cd73ee3e90bb0f760299bd728f39279daa5a2227c1fff850da09d44b89df6f
QE,484,b8b1afbdb38c60749902fa51d0f53b627f085ec7233b318cf8e2bb11353b0f31
QE,485,5a19cb43b7cb9f0afe98b713e26376b187374bc9fe33d1cc0ac21332aded49a6
QE,486,a9cbb0442f22881188169791fbce5866eb5ebc4f7b623020fca57898fbd85041
QE,487,296dc2ea6364bbb651d5c37982d7ed582a0e9c247d67cfebe3487ee1b9c95b92
QE,488,a45930ccdc8a943cd1c915680131b580b7e43b09a753b1728e5d3a2c4bd6323a
QE,489,82965e0da24df552ba2cc0a580fcfaf5b32dcc5ffd3fd83e29da671ad30665e3
QE,490,0e93c399a34eb830b1adadd271d3d814b1088775efbb2b9f7043604723dbc031
QE,491,2edb50b2f5b96bacb02043f7f5c32a8cd875ea8e3808453cda75e99240527ff9
QE,492,e0abeff63fdbb5eb8d77fb9c1277307325060d6cba83de019c4b9cca93b1cb7a
QE,493,052e747cfcb1d905bbd968222aca62d05b0d2cd17414858f80343e2f3246f760
QE,494,d23c7de53416d0a44653dcb566ecc980b1714a08284b60c3791fd8e6a31964a4
QE,495,3dce8a77578d299d58f8e10206cd8aea5c8a5610635c1c6260858fb23cebdcec
QE,496,6c7e50c90e16db42aebd7b2c02dd0202c02376dbf50476c31c70f00019b6e0c6
QE,497,64ce59e45143cdff582e59fde80460b7627e1cfaef5780ea399e2f1e24ca9dcf
QE,498,3394a42981f59cb690aa35f088e8952db80175271dc02c6203a73b7d4eccbf18
QE,499,b7e815540003912295c869a229ae2e43a3d67761046304e458592dc9d62e9f26
QE,500,f89be048c6113740dc4c9b695bb891441ac580671d07033d46f4bfc3e0450836
QE,501,2873a3e5347eb079c9309fcfc7a40aeea890007dedd3876b3dd560527c45203c
QE,502,bae130f6c0ef4ded0647117c23203b030b5d9099fb432c0db855746c5ebf3e6c
QE,503,4254c50c5b541a98676068c8275e024ac80b38d1bfbee97fddf5b9a18360c61d
QE,504,d5dba344b89da038198645e9509ce4ce1901ecc30e48177c982586d7ee4bfe72
QE,505,e33a02b32d3590ffff5ea9a88a71d7d784ba713ebecb2f96696dcdda76a55bdd
QE,506,1711937d4c1d91365124412a892e8417f3f90718eff053ad575ef937363b5a6d
QE,507,6f174595eabcad6e4339a2af7276643c6d5b10554dbb34b6c18368754849a93f
QE,508,3cede1657577f601709839e8cd7c7aca7b5180af6b39f96af5807f9bd7c70c0a
QE,509,2a96b1b410e246609eddbf1cb05c4c37be96609ecc5ec5e1a109514566019d49
QE,510,1b943aaf3d649fdc50240c44088b7f6d6b14d14bf5daa8b0633fa17865d74d4f
QE,511,6078bea4eece6bd8df54b0171439a32a95a8e8d1427a06594af63696eb7113a4
QE,512,59419a1a3c35ddf20d6bbe66289d7f8a46068c7e9a84443653fc07fe6baad861
QE,513,351fdd56c713b93795e903bb07da5e8a4706c7d951776d78fbce95e3de193319
QE,514,e2474bd38e5a86a15b23f4085cef109f03f96f7330df36fa0c2fe0044303ca58
QE,515,8d805f17844838107b4963e3f0f5a953c1960a648afb06ca47c9a8c808fe7d83
QE,516,edaee9a957006370c201b06f40b66c4f19669fb270f9136ab67f4d673ca431a1
QE,517,c09c58c690de67f37ca6472a84f8e390693849b2a800205ba4b8880a97514b3b
QE,518,877ff82c6a19d4a9c8a096316e6832c84869a9b2eb76e258b11b8c4db0adecff
QE,519,c4ea6edc9ac1d4f788d6d82ca82d4f56e97ae8444102dfc5dd6cc5973147a84a
QE,520,059007546b72c32cfa3a8e5dc8f4e576d4f35983e946a4b827d8285bf2843799
QE,521,56795e9ef231b40d4e76ec8151cfe57dbc962f5a12ddfe68237123c911982f9c
QE,522,16c6c78d26aa89480acc87fb6ff744dd7e4e9b02c50a10a705e5858c1a14fa4d
QE,523,b2ad674ec28bc47283890a2aa7bd1275ed789e7df549777dc81bb71d43ac3edb
QE,524,9fcfa361ee0c90e47fe36a468f5bab5628ed278142099bcc002d2ee72de69e7d
QE,525,ee1ab75f6029f50ca73dba6a86932da728af5ccb4e641dabacecde4feff3e7bb
QE,526,d1b56076d191d077e810e7134046e6014a8f512b8cbdaa09156a27aa9cc6dd95
QE,527,1b455d322bb498e431cb04b96a21f41af21271627162fc980b3da06e5b21481c
QE,528,461455e43440a3eb7c52a5070a39b46cabed7d6281b7f3b5065a42cdfe162b0b
QE,529,dfe4f62d6a04806bb5ff145ddfc8af0d5008d390fd0ade752b32f6588ee927f9
QE,530,e580a90d24fc9746c3a98142814c3a254ad7e6119d715157855955290fa0621d
QE,531,449f3a482d0f8b330f24fc267f025f746debe5790605829eb14bd6e165fe83da
QE,532,24cfc2de0384e5cd40877a3ee5c6c0f0a8d5898eaafd9ac7635a436b9f0066d0
QE,533,a33c448140c9210498071089d6b82f05c429e26b2f963c5a17e2473296b7db96
QE,534,b69eac0fe6d1ae0ddaef71fdc1c66f8b37d465192ca211202da9f1aad786d31f
QE,535,70e98dee7d39747b51148bdb58f090f906f241cb99b2df3ba9d36abe41e8d081
QE,536,4a68da280496922f69fa48ed7176d78356602d2a4134889e3413a0ee9b6bba88
QE,537,c6227d45c5e1edbd8d0c5b588758f8c6ebebe0e9365edc6540abaf72e66a3713
QE,538,0ccf789e6953b2c46366b0a43f52151e0d2c346fc6998c32d172863b0ae8e916
QE,539,d766f563d1f23b0889bde18967d75ba1b210d1e9320ee7cc6b6f0421eb53045c
QE,540,d086ec681616c1dd844ce4bba5275dcb846918bbe0f3a74f562dfff9c6d6953c
QE,541,1ad42eb7d5bf87531efb194dfd306abde29919e9f7461b47c99c3267450db997
QE,542,af7001cf250807d8ebe18c204589d066c35889a72064fa568e067af59df43cf3
QE,543,08955f779a0de66178c80f2cdb11b6eb97f881ed787fffee2539207871374eb5
QE,544,3e215019a27ce0a69571c9861bca061fb3770ffbdfd99f374182e7802f174e86
QE,545,8c9ddc5a87eb780cd88f385efb4e1a9daec34fecebfa2192fc74a6c870e3e236
QE,546,147b022ed7f87f5ed332c6238bf61fe8eeedb44d053bd8c350ba2b449680d327
QE,547,1be106c1716dcc50ad1f9adb2fbafd3b9a65dd340f572e0bd43f2e693c69abb3
QE,548,b066840a741bf02095b02737f9f0f2831536542fde98fe70682f0c43492c55e5
QE,549,9628cf1bd41428977ed0b2311021fc7ca1878a79deeadc6d898d84659f4ad0f1
QE,550,e1189a571937da463c98a3a592fef6f566c50c5382a831a6156c8c1a80497bdd
QE,551,5915a423bfae96c709fc709f08de6c120d49513bc0acba8484fd6976c44747ca
QE,552,b554c623cd51c5a6767a52d24c75d1ade0f375b6702a6172530f87c7c35af795
QE,553,fd08e41f33e7463ae063fce23f89deb00feca94ab7cb348d230ee1a8153b4593
QE,554,d2383f2a6d26728cd2675f3858904c32d90d931647ad125683990d16feddecd8
QE,555,603b0a8a09e0ab4f31a0756cbeb84589a330da7b0fe539d40dab8cec42552ace
QE,556,771a13fb523390a6aa61f389291ddeca97f7d37dc4cbed397d1349890d19632e
QE,557,8bc57472290412e314843aec3c64a417702347f2b172548b8cc790a58233663d
QE,558,afd5c021d1af5da442ac1f34b72bc45558130091f19351471a9eb05a337caca4
QE,559,a33c47d981040a2ed2cbd34125a3494bdc7c399683ca86fa8263402d38314a5c
QE,560,e4c0a0f4c4aeebdc19652353e2259521f4f54e72a3b39fd85fde10a6796ad965
QE,561,e546b2cf47b45d92677fe328d7d1b637ffa607eb3c639826f18bbeae0309259f
QE,562,6a7e483bdc7c4348efa5c615585b06595fe1b8edfcb29cc3e96223d792982675
QE,563,3fce2ad298ff32d8a9f2b4a3c45b5a4992d2b1aa522e3ccd7feaf167a4bd4035
QE,564,34f6d17b2e021cb114b11439cd500a58d67517e1c3114ad5d23639ab02929cf9
QE,565,83b7cb307d6aa3f5dfda7b4f9cb269eb7e4adcfa8cadd04982f08111bd02b6ae
QE,566,d017e254cd3b19bd12ed5978d43b6866e43dd8edc5c595554ab572535e9a01d0
QE,567,e7e72633ca3794f9937279b0c28ceac5f4c3e3efb9cf172170599b2f39eb153d
QE,568,75155360733ad51f692db174c1b344478f0888660f7776cf2d0756578b09c390
QE,569,8563872b24c88a2ddc5be6d4f265a920d05822873ef03dcaafbb073e42c205fd
QE,570,281bd54cb8fbc3406efe86732c5e93801d72230323969b4e0814b1128cadc110
QE,571,62b5f5cc021c5e0e5729a83ed4bb9e5c05a712db8c0c0914ef79a806cf68576e
QE,572,026cec30190c9f36a91b754809d1d151adaa73406d3f6c6ae6552eb6d3d9183f
QE,573,cf6e5e0b0c98383de2d2b2a87d4b8497d33833e15a8797c1fccbae15cfd41f99
QE,574,96e5c8dc3cd2a4a50aa15c2145efd0296da98e315ab36c371fb00b2454ba2f2d
QE,575,c7718f9b7d8ddfd59d2ff6484f4e1a04eac9a235be46dfd00850228cbc02cfe5
QE,576,e89950ea7099f4c83fa6a6080fe720602bb42c2cd64fd4e41626b0acdecf5550
QE,577,f637fabe781959afe1e6cb6040ad8cbb9589c499a1fd635e404c1da71748174d
QE,578,8aeb2c6ee434eef63c8b77b48d2e7e6389accc6e3dde21de0093533d545fad89
QE,579,9eaaea34f84cc0d5d88c144d84678e384fc839a44e6d65b5413bee48a7dddc39
QE,580,a36c13f7aad528863db8623ae29c8facdd1b7f54067a40af91641111a9679807
QE,581,cdc30f5fee16b53ade1d3b651dd6d9e23919ebe48866f0c9ad73b9d41a4e8384
QE,582,2158a46cf5cdf761d9f732d0a30f3e57764960c2b572e360ab8f9025830f142f
QE,583,224503ea80d8671a75d5796d41e4467d53501e155e568188733937a497ea783e
QE,584,12cc3cd8b9faa410c479d5a2e086f727cf3d2220f76ec3e7794a1278c8347123
QE,585,4fd900dc604e9b8a86f1a5c4bc69b1e0a21bf18d67d1dd2140f0e3171fa580cd
QE,586,8737c184a1e6c48eb8da497b3436241602fc4e504d6950868e877e6cfd2512fe
QE,587,2065b7c8031cbadb7c2fb931fc7835feaa34920ff599a2b83b10cd73b4aa2af8
QE,588,6033681101374a3bac5a2a29aec82d963b7d9ce9abe362f99acfc5836acb6bf0
QE,589,0bdafecd917d89147d76946e6b638bd6bb61719a69fd57685807c9c89830c1e6
QE,590,bce83fdf9c8944d234821df17dd9ea740efd114b5ab688a0424be770b98bec6f
QE,591,861becb0ae59049a14b90df749b01e903581b0eadefd00ee9523c9d2eaf0b7cf
QE,592,8dffed28965a923eecd039c9c90660d93147ba0b80765a66bc8742f8671bdd6d
QE,593,ef7176aae5f743a77af50658efc8d8383add70795472929982414e18dfcbbf44
QE,594,a514aca3cb79b0afccf26efb28b9adcfa29e8aa713d9214314db1afc9bebee59
QE,595,062e55a408fcdc9a7dd1890f7f4afa1e8477197c3f35e43193830989a47cb7b5
QE,596,cdddfbfe52b24ec9411cb51612bd973fd77e7a81fdd8cba1fc02b08aa1e6d175
QE,597,544d6277046b29f1f7d70d0925d97dcc43b2fbfbeea32db0623cf5f11cc44a0b
QE,598,75a3ca04c0305aa29e0a20878336c62ca9266b71b28db3b8dc090fd1d60a60cd
QE,599,0725f62ddc2771f0c3c1c6701078a40130f46553a303bab2df812a045e31da4a
QE,600,267a82c7e9685988afd6ac499625a1418851c416dca8fd898543f26dfac01aa2
QE,601,2cbe55d6cb5f18df0072a57f94683b8793b4ee896e5ca362c9b1d0fd79591089
QE,602,4b116d714390ea151ca7e42538cf39f7757b798d0531926300415aa76e87d4a5
QE,603,92fc8704ca955c16aca73a6c08b0480a55aa72b05819b1d3576dee441f12ba4b
QE,604,e6d4ccef9af0aeb36a460aa8ed9e2ec89b4140bda0fd707c3446cdc70cde3480
QE,605,a6937e1c0609cb98dd3df3c656e0d3389e536b9e6b02159fcb3b08fb9b711388
QE,606,3af3a770ea143b5a99d05d30aa4aeb258d4bf4865b7d3483da3b0c8d7dcfad70
QE,607,4b869f4bc459fefb80e0bddadbf818b5006d437024dfceb1b7ef1fac37a68eed
QE,608,9f9a1ee513c6b80fc5423807da9b9848398fc6661ade34a3c15d14cd12fbb99d
QE,609,6ca4b3dde929d27a0f84ed1e46dd40e27daafeffcf7797eac22e87a8bc3fd2d9
QE,610,9909513caa5a1e896bd2adfa228c9fb42509e677743a0b2260b764554b2b7068
QE,611,adbfffa0936e1b4557f6fa2a4e5ca88ee1620e5aa74e097d955f0d82fc89fc73
QE,612,b9076447e65d9fd91756cf145e5031f98c4bc17a89a61d23575add345cc664f9
QE,613,9aeb83f47ebc7aaa1f0a9ca71a9e43114b60d942efe03cec084459101efabb04
QE,614,6c0a657581d06bbfa98560035e1e97b7f92d52c0a5d3e2878461e8fcfe43dca3
QE,615,12f3bd18f8006a43c2b60fae6b28654baa503b70accf7ed032bb640658a3cd70
QE,616,220b4f6d38dbf57047d5f2b097007348ef3dbc86856308be42d5ba829e96355f
QE,617,9d3d389c873aef3d5c21c36316f43400a5a4aacf43cad3a400a2fd240f6bebde
QE,618,11b4f14ccedd425c522cc57bcf668a5a47e4e1d944a5f874de5d728008d4bb60
QE,619,0d13ec78ca14760c9bf9d3daac82d9446ae796da9d67a4e814463262671ffced
QE,620,ab5dc9a72e0ef152c15c7d0f87e9d4062d86ed895cb14d532e34cf50c578445d
QE,621,14944d802771769ca7bc1ee954dd691d691d4da53f65623ab67b09fc60717a27
QE,622,342fdf6f3105539b3b51bb4ad849cbe5ecb334d27601ec2c9e1ddf2141936778
QE,623,4bce1b1c934c11d82050441232a0c6731afc21bce1069ca8af9b02a670bd2ce4
QE,624,ac51b0ba7d942988f7910222468a405795af9c661e019e947674bfc73b1d4d10
QE,625,7dea97a2cbe04f1745c380c03ee4ffa0ab7a8e943003916abbcdaeb035956721
QE,626,14d3a3590393901296ee89b449c270fc6b85efc37952e16db76cef3403372e9b
QE,627,5cf5e015f9e5cbae716cd5d1845ba6ed26c1dbaf853bf1e5c8b6d4d2f338682e
QE,628,ec1c7539a233c3f1e6c38465b2008e3b80ee7f4b068d88a81d99dffae71e3315
QE,629,e85b21d7d5b24b9f8f5b2ab7fdf657c4489cd5e943f1447f2bcb88d0fd870451
QE,630,1590fd91e9201051cd2cd2fe11a8e840954310ceb543d6220b328492ed8f88c3
QE,631,5cedf1f8131b573ec3f60d8067a50a51eec7b0378fa8bceefbc503e69d0186b3
QE,632,e3ba2054863f705a5c02d92b82c2a6deebddf4fd5616a33ef6eb68f4546a0d62
QE,633,c4e308986df3104781a34ff1b75498ceedb124237d996105ce51f7c390af98c6
QE,634,be5c5c2fff39bf0d54139715bcb4bc4f6e2b1ff29d8d923412d8e9ac8cb3982a
QE,635,eb635fceed8ef089636953ff053ea131f5a0b55c201e06d98751c7de7c72669e
QE,636,df9ab53f9231b15d3641c46a04e8aa38b147bb2ec33eaa9c9990244798619687
QE,637,3045d44c7a0d2442a67fb50a7e1ebdf772d63d4433ad7c38ab5aaa2dfcf1d997
QE,638,ebfe9e66cece405c99cdbb966176bb1df4a3c2d6557afdf52f9162bde5150f9e
QE,639,bd1d66ee4038855d4218848fc1e44cb9f492d97d7973d18ab6623a5ee716c2ee
QE,640,e26395e5dec284430b5d35be83faef5b9553627dd72734ccb2fd9a86df484f11
QE,641,0e97490df9dc21038fea5c8a211f30fa980a5a5e908d09a346f8738e1dbd0415
QE,642,16531728565e89b2e5cc3574cb6d6f32faa5ef27a2b0e72efbf86d5e39961aa4
QE,643,9b4a440775556724330fa83b870755696b8e73e687750b332c162f8bc1fff99a
QE,644,3cd8d01001e396fbc7cb3e3eb44bc28244de74fc532833a59cfc202bbbb77727
QE,645,d3ea102bd183bc11576930e3697c6c75d2a704e328aa72c0dffa55135e7a8190
QE,646,255a325a9529cb1b1276b77a570f710360ffb0cd91d7d4919906072682a54423
QE,647,bc6a43a0ac23d767298992a08047629aa7f757d6b389580533f53251eaf6444a
QE,648,adde0385d12b7458d1763d819a0c10cc35ed95d45702674c65d0117d17190e16
QE,649,0dc7d61b723b5a14d9f3054c6885ea8ef39517afbb96077b3a7592a33e7c8593
QE,650,cf67631580c0aec5dbd258c9b3aa7928a95d7ec1e2fa4f09fb15493ddd83a052
QE,651,e87a978b44aac38339c4fb6e56694948d8f175cab46f3381d00db64d906966c1
QE,652,12ad3c459016b2b8f4f69719197860436ac18b32b06384155a2f2ea8b76d6cc3
QE,653,115ea78c0d5226f8aa06711c5eec5fe3cc04fd5caed7f4dd41cdb5fd5529439c
QE,654,b4f2d3753904e800508886a056b85dbd033035c7cd6d3e98625ca932538387b0
QE,655,443e23dd25ba470801003514b85a08a6ab7d88801e1e448e099c5e549380e1dc
QE,656,ee86eca576b6bf4cbc5c9bcee237ef869c007f25b144b8f1d323a04f66df672d
QE,657,a1eee948a5238f7840a1b02925d05e6f997702e87a95e935adbac8cb0de46ecd
QE,658,2132ec0da3018cc87f6111027871924370152fa4dfd13c5aaa2dd29bd960f6ba
QE,659,3f1bcf4ab2974ec300ad59eff1fe78d4979b2e8b14e1d355b0196303ae48408a
QE,660,df04a2a4a9607a70eed19bb226bb2f25df1cad1d6e7e2aab8b1dd0e0f53fb229
QE,661,0884284b7d39b19e90cbdf7422a1bbf9d87db414874527c240496cd15310d171
QE,662,d60467756176fada3344950db3372549341dbd8f03ad55526f8a22c88b17ddb6
QE,663,83c6bd1b8b002de91eaf5f81b7f95c39bfa3bbb657a6a1b93e27502f0a3d80c9
QE,664,4a164c28af0cfa67b266e21668ec330b39caf2bb6d8e42a09bcc9d8147ebc7c4
QE,665,3f73b0f5c6b06b37c7a464fd1d59f486ec20752d412086582ce7a1e29fe97c77
QE,666,2ee760a7e4c6c1d6b764187e0126fd078ec345e400212b0ea5862ee0fa1e0a6e
QE,667,64b609805140cb64abe930e45d28a35681f470705865118c638a9f6d9dbb2c7a
QE,668,53e7d5456ea276e63240104ac543963965ab4aaea3d53fff19e037951d094ea0
QE,669,142be6b0ebcbc92d4a695d9d88978d7f6ec700414fecbf38eaf801cd17f49c01
QE,670,bdb5f1242baf3382bbd13bd22981652cc1ac94190470382ce716ddd4906031e6
QE,671,7c9a84e210186420c67316db4317db7ce1611158f73ddfbd026efc41ef954e68
QE,672,7e79c00a938338ae8fc8ebfd502fe23588f24bc5cde5cf39d77e0dfbd62fbe39
QE,673,98b2150e6c17981d07c19f3db8f8f202da664e72d39f77d5c17d8a48bc5cab56
QE,674,7556a0d6005a729163a799c2bb7f841d41c2c25ed6a731a0fd78566dd6202d6d
QE,675,e95e9ff3c99530c80d868984a2c7734d635f3a64ed194a9326219a63d88427ac
QE,676,40eb70620bebb7a56581c6dfd8d90182a39099108c7ddbfde283a1bf4b3e936d
QE,677,45292ee73c89dda8a37f867112ff62315a5ea9668c8041d7d60aab826a5193e8
QE,678,1ac6ad1de14de2f89a61ee0fa2deaa8b76b5c6eaf78b393aa65851ef73f31fda
QE,679,fb64a212389accad7531efd0d58376cfe59261f18e665c60e486e5487a25f331
QE,680,c8a5a85f51d0b28b8ad2ef0b2863c37ba731b17986eb1086948ca1a282499a3c
QE,681,39650b7eee3e9eab3868fbee86a8ae498edfb588afe1f2c487dc547353ab8605
QE,682,c6bd35fad7e8a3ca6d62e6baf65f0ea4a4806f3d726fa578ef34398655c9c321
QE,683,3535ca9336e5817be74cbcdd8d3b3477beb1a2169b2b4fb5b3577b069524cf9f
QE,684,9a65ca9c884daa34f4949100aa5a7ecdb062e224de4d77479ed73cef8156cc95
QE,685,3a38da75d0fbcf7cd730f9f5cb05d438c67203f8e8ec7212ae51a057282c3dcb
QE,686,f54d7ef0948a61365e4b5b2d40cbdfb6a4b5d2d4b2d8163fe7d5dff815821ee6
QE,687,5980b59330448736cb88d01ab3310247772373fa415dee9f326bb5ba0ed4d388
QE,688,88c5645b9993b172f307b842bb4cd25a6b1b8b3d72c1c4f69b5a80af5398c526
QE,689,f18018c6628cab0c2d5b924a0e04d9f1881a85749b29595a87df91a3186ff652
QE,690,cd457f86f484c2bce9bfa2541c29cac6177d213d535bc0d7968b80a622d3043a
QE,691,ace9d6a25502e2fec4a4a35f333e238abf957a5cdad2b731c8f33724b6a8c2cd
QE,692,279b63e9fbb080a88b6049351d430736a67f6fb9ac46f94b2b0b074fa70044dc
QE,693,a1c18be041d55e292984ee908786b72fb20674bb9967b35a2309052ff2d78cd2
QE,694,08b85871cfacb9ddbd88600abc4904f4af5435fb51f1299cfdf7a61193bf4841
QE,695,6725532598ac7a2a0887d4ab84a19a9890f8a23b911c59b287229499e4c496d6
QE,696,5352597fbf625d981a38de950d812a09b9e269ff274988cf9a95d396b84af677
QE,697,dc05bce0faf6e82622257bf56e56bf02bef877cc25c285f27c3295fa1d626843
QE,698,c715c98d987428b486e2ff9b615959b364d3a46f744a6e2b1a38767dc48b909f
QE,699,b89b5b8377656a13654aee8906fb067cf08e011f7875ae7e26804836c9d4405a
QE,700,f73b3771896eadc42debe7d422582fc8af34660da5caf095d5e8cec68a0efd09
QE,701,aaef4398ea6a5e8182c25881e501e7ffe78a7be65f16c3193e458dcdc38cf7ad
QE,702,0407c17d562c343b69c5dbc022d84029c578f9b996653bf4d053d8ecc053822d
QE,703,2821e2d412ef41cb947957fe7c4373da78acf2629a397cfb704e2225cb9ab31c
QE,704,aa63bdb51418017015d4561ecca00c60f467e0f77109b0133da2034c7ac15d54
QE,705,8334f014bb4a0b928f8a258962227f170a64b9f8ece28d683d91580f4da4cf5f
QE,706,a6ba96659ab8e21e350565ea9806bd809bf4a35d7b69c0020e1c93b00a8b2dd9
QE,707,33c670f319b498c9d7ed88d065cec3bd6e3e75f1dd9eb7b2521e5bdd907e1ed9
QE,708,e11b7663136477ed164d012a81304301b6d5fca3cd2605278967ecad4fd956a0
QE,709,0835c780385b9a353a3e57b327cfa97d3a05cc8b56f8e604581c17e25595404c
QE,710,2627a5d906c29b5fbdc1b1f14cbe3900f36f29b5897362e39f1fdb467b578f7f
QE,711,f048bb948817ef96e69d58cfeabb7d111e872452112b2e1407855518d49db836
QE,712,c8a8ac27b38316b51ddfadf6cec28a8cddd002a286108aefd935b0c36b36ee53
QE,713,114cb5e586612ec6842501242187bdfbcad10c20fc0c8ea45bcabc9745766923
QE,714,10e884834c95324ffce996efc61948c9de7b2f60f6552a0c8d48993c4e784396
QE,715,95f4c003e14dd13eab45439ea7e2311181cf114a1b1cdc8bde2d43ceb145e1b6
QE,716,697584bd779e1c9c729223c03e844f001ed0542f9536b19e6ac81a77d3da7a02
QE,717,e4dd5de73610ac242039b763aee24a5c5f06368f441424e4f4744aaab104eed4
QE,718,9fa15110113f4d694d686430c2b6e792d58b3e34c3f71fbf38588d264f5eb56c
QE,719,5b1c0dba826d55b9a512eb08a5c45114624cff2e6960246d316fbe31d26d8e73
QE,720,07527d302a4a587d9a121aa11217c3152380d99817ccf94f696f5d85a70ca49a
QE,721,77c56b2c79fc3d156819205effab117d3948cd09c5a28ad2e21b4a401e7e45ca
QE,722,b4bea1ac452fe83e9b322917560170184e77f37d9aeeb7d74fb80c952ffe07e9
QE,723,f11424cac7aa089de83017b21ea4ad2ff02e8ac197701df94703938140ee6316
QE,724,98f2b8d23e1961ee4e370103bd64b6c42b9620f5c10b64eeb8da25818e360600
QE,725,fc1c9eb1112545ed7c2d37d042e49134e26ade139c60aa19b2920c6f7ca7c29a
QE,726,b85a2dcad762c2e4ff92fa185003d86736e04e78b06fe987821564cf3f50f1e8
QE,727,0ec156f65144a4abac2c54a7772d85d4196d0df7447dcec2c1a025168e5c989f
QE,728,d129bda4a6a1a5871f0460e9a2819b90fd09be8fe7898c4f8f311c528e75cd58
QE,729,76970229505fd65d36ae37a048209e04a6791e04fb130477a27bf66be2c1646d
QE,730,13cd87c11c0d8c82aa652791b0acaed38b9ff54c2b989be6a7858f3bf55ad4a5
QE,731,70945371fb4e3a69a9b4bc0149e28e26bb1844ab915deddd26e0b52cb438e74c
QE,732,47450a6b3428058b7a98faca0b4547b4a492d09c061fac650408afc136a7f8cf
QE,733,98545aea65a9c5b375faafe10dffbbde3045b57b791477f395e60eb421c00188
QE,734,b767634b0b1b649c097fe716d3901ba89373f417a008256147f38b77e4b6edeb
QE,735,d641542197d697516eae0144acf607f4b5b050193acf57f2d71f03795cfe64fc
QE,736,cecf2aabbebe199eeb343e9aac09bc7adf7d903c3a3826ba4737ecf46a1de540
QE,737,dd7b782c07cd4c7be9d9087d65dce66073726bfacd269e666c01878cf8b9eac5
QE,738,b1dd7fb4219e92dbe67ab5dbb5ef9ef7659de37a7c5021799dd1200a9f877dc0
QE,739,3441eabc2212472c440b8f23e4c7948d26ccbad06b7fd85c63636a23b4f3a36b
QE,740,aec4fb8af60c3a38131d3d3ba8d60e290c421284a42b2366dec7e6cc4bfb8fc9
QE,741,d68c84abc781d0ed8d8152af08ea63aaa4e862792be73991dae7ad4527a74c7e
QE,742,21a9a8282affd6260363b35244824447f70ea54275b1af798ab54a5275052d45
QE,743,0ae53ca7e7bf12765b28761594e87ec5291e86f2a30846accf4df4e594388a31
QE,744,75994d12827cc7bd3de9f9ac8cff65eec909ab97885db116db5f385a98908d84
QE,745,7076892c4b70c49ba10a5eb534224ffcac7512504f32dded16ee19e7b88b668a
QE,746,5d0729b88e9c12560918d67e0aa67e2667b3c625442509ac3824ec70973f76a9
QE,747,0c805faf7ecfa8a53cd5ba23303c95aaaff278d949026391624d4cad5ece4964
QE,748,a8d36ebe2566a35c944280ef0196a77846e48754a6f148dd6fef8d3026adffe7
QE,749,ee548c22d81af436986670193f7a97f659f2b198d02f883a9f9bded785ce0044
QE,750,e19a41e7fae2c77d7f3ac03e0f7eaa69276cfcbf5153b7b74c6a986ffd775d7f
QE,751,0e5393fcb97c64d44ad512500998e92de02e2934b1cf23229e4252d08fef4281
QE,752,0382cf10decf6b87e2ba0380b324e0464125fb96860cfca708ed75369bc742c4
QE,753,0c805faf7ecfa8a53cd5ba23303c95aaaff278d949026391624d4cad5ece4964
QE,754,10af6f641f06a69f8e270eddf6664c47876c9b04feaa4b2d5dcec16fc1a72236
QE,755,58cd6151f04ff523033e3426c7c0d38ef6c0b0086974c323eb777d5ac62c6233
QE,756,9cada89f07ca1427aa26ac6bdd813cb38a84a754b27992b9d27f48347c8ce1ea
QE,757,5310bdfe092e26ad936d46a80015c15e3c84638b52d0f1a2a90c9855cbf1d517
QE,758,8230eb1ddc4f9af5e2e25bb596d42db8b94c78a8d8b6966287487453b380cdd7
QE,759,8c1728ba82d28b54cf2013ffce402a12f7972d803a78c9373673d0c7aea63c7f
QE,760,2a9a0ab1f32e50aae3d67483b0d3ce3209709bcc30287bb82f739ce44380c9c5
QE,761,00f1d81cad78c760480d02c3903f5e71ad17da853f5d184adb0ef17bcd38650f
QE,762,1b9ed1809a088e5b5863f88ddf83e0e562494a4e5163c6fb0fe2976be2421834
QE,763,216a05e2e2b4b4f58db8398ace08b25b86474d58c82e57877f576de85905732f
QE,764,a33da4caefb84df03551afa1585b382630b108c1743e29280964f9c74f9c6ca9
QE,765,c71f9ee7372da6365bd2c447256e6d2767215c950ba06b692c8a3310636902c4
QE,766,216762a23397f0b929cf7a6a85b83d7e37ed993a7c690d4b2fff4a3e2e12ecbf
QE,767,311004cf4a553654c173bf2bc05032989cdb633628e999a4dcdca6df79f3025d
QE,768,f25e3c20abca25984a12cb5bc68bbb44486be6da80230d235bda0de298ed98a5
QE,769,6c699f3af98a052f6cc1199bfd75bfd3207ea9e6d8cf84e8ec7469cc2e6ef3cf
QE,770,3e2c61c494440821229635742d75b5415ae47aa310ee08863d990ef7a4c1609e
QE,771,b0160bad553e905c5face49c4a5c57457a86e0e2756e423f71d69eb604f400c2
QE,772,6b571c237886b5963e108c722f995880814f25537046424f4c9d1641f4f2e215
QE,773,a1f2494d6f169b0cd09c7bf6f8e41ee11c6a50d8e055723444357d95281c2a22
QE,774,b420ffd99dcc630bc034a9c46dd76b9df6e183741699e6eacbc3bc2135a4a907
QE,775,35e1d4cf80991df0fac1b1735acc3fef9f7dd2100faced219f068d94db289e9c
QE,776,ef541d39bf056290c0061da912379bee9212039e89f9d4c0be2c8127acd73edd
QE,777,556f01ebd2014f674403ff5ffce05c1c9e49eda36015c8c6aed7a7a815babbb9
QE,778,3ab7860e678ed3a6017626fbe63f4c009d679747dff1a8bde6e605d9e2ed6eac
QE,779,e25a4cc9d0e1e69918a9bd1b669616211336f0b8c724e3c57c4fed1c22afd147
QE,780,0ca711e109bd3ca43e898e3a6c84c25c46cf80efafb191108cceb9a4407a8917
QE,781,3fe2258ed65f57b0bf461537cd4208c6589a6bf86beac015381a61d4a7caf9e5
QE,782,c5dd4e6f9e291d290b1c211b21e440863f2f6c68adc675c83e8a15230b0a473d
QE,783,612d86fba26c06b9d75992167009890ad2b2a022a4d703b3ec33301c753c4d44
QE,784,551e008acc16ae60b456e5e8e8dc79ab9586aaca95363fe3e134fea7258d6493
QE,785,ac4316af33c24552a5a535683e12654e92923dd4cc884a89b1cfccdb4c4809ff
QE,786,18e048b7ed8277e8c7d075b0fd06960de363fc7a3d90b328a10b8f747a6c8163
QE,787,bfce8d5b37a8d722687acac7dacd9b83af138deee807bce65b7953f2393e2607
QE,788,75a4ccd4d3628476078440775e2a7c66789a15233b7206b3043c987d55a19182
QE,789,d36f3a98529e44b6dd69cab7c062c677c55373b9259ec6c4fd53546888f2ae55
QE,790,abd950a3c1605045a464cac7c68e0d099924b909cbab863fb5c66a95370a4c47
QE,791,80da9a73611d4917760ff847484cd7d33555424627951e0631b717b9c34ef95a
QE,792,8ac50f298bef31da6d5315a50d6b30d374d8313409d45c73bab2fd6a8069f54e
QE,793,18b934e4cac46bebf1c5c69548e5506e8166c827ce125078a3782d4670b02c80
QE,794,5a8f0ffc34eef76ad8e2d3cb9fd50ebe81147503529b080cf5a7d237bc8668b0
QE,795,2a7303cd5c412ee6388661dca9c5b81784e0dca4fe8c0ecc9f3eaf3d33af0fcc
QE,796,9ec82e66f698d2e99f8fc21f37afc0d9d67dea51c57ffbf44a5b8c9140b130ec
QE,797,c0a1dfc6b083ef45fe1e1194345107cb3ed55d89b2cc18627c7cf9e8fb2bc860
QE,798,d12548743df6e48680505c80cc38719b98b65736a65e0d739e83cb8640d11bd9
QE,799,3357dbc66510780af594e938766f97922a29d9bff9471d21497f5cb53c6f5e6c
QE,800,a8eb110719e8c4efef9a920ea79ea2d7324b8412ce616739038e6003df16bb46
QE,801,0dc248e65fb5944faa87c5eba61af53e10aa6d08a254c140282a2366075e7c4e
QE,802,ef9b7fb9a56a086677280ea5bf15f0bfc0ad83873bd19fe74e9334359a2fd0e0
QE,803,0aae263b9f50293ba2b30a14cbc84297892e94b9f852e6736159765cea271652
QE,804,98a0408cf2d6ffa80b8e1ee9d555633e0c5965060fbcc73f8aecdc60cca90273
QE,805,70127f87b2aea3a7d6acbea4e451c1d7a4fe221638606638952013a70fefbf8f
QE,806,088048624e8d6d78f406bdafb0f7712fef125d4cb13664ad9123a68f6ce0e15e
QE,807,e60a54532f05308841048ba8dcba1d527dd5687c14354328099246e4b3256439
QE,808,a2860e4c035591d27bb3169c447270d84a9b614490c11ca430ca0f245f06afc5
QE,809,df9591adbdba78604bfb4021783fc799792bbd7588375aadcfbb368dadc71d0a
QE,810,36ec4ec63378ac1952fceabbaf040ac0071319395b9f5b67c29fb35d115518ea
QE,811,93c81911b11db06421cab3aec5bc3a5890ba9e236bb077f012a396138ecd8956
QE,812,b0beb0c8c3bac8b64131014b811a22905222a66827714a09db967df88b87afac
QE,813,0d662c2e8cb8eae1389597498745b84127b607d6280dab4901b31c76851f81bd
QE,814,e75e255f06cf5fc9d9733ea8f239112c31d3e6a02d9e0ca1e74c0abb181c142d
QE,815,d040caa0ed7812edffebb04fef5baa8bf315124cdfa5e307803e5ce9a34c1c1c
QE,816,1620931ba15d49afb10d3bc4eb17fc432d520458fd7b283cf0936dae434f1389
QE,817,d9c2349907c682af012dd8d744c15da1f183233a07428dbc8628a1386504f1f4
QE,818,640a2736b44dcd7fbdeee5a56147a6761f39c0247458dfb2ccbf21c2a0ab0939
QE,819,6f59b892d03f570d5c38991f6c3557859ba40a17f2d3e9903c86e5309ca5cbda
QE,820,367a6e031a2213eb3bcef2d83e9933572141f0203781fab59b13263ea7934888
QE,821,5b57ce33237908439e2e25ed9802f360125e69eb30502f61cfc5e99d18d022f1
QE,822,10c19b35c697e3c4097bba8b89c13b7189e38990e0957023a034607d64d2bd47
QE,823,42757ffb3037c76aa5b6bb777b07cc69ce08271d2380da5bd24094a9678594ff
QE,824,6c747a5781820a6ad137bde714190edbbeb51e1f0dd58622b4c4d904f0e5ce2a
QE,825,76fcb461b70b679a0768f72cee2df4d0542731234cf58c1453ce645421211ab5
QE,826,2c646c91a87d99b0918eeab810455f6b3f2982dd695d316868e57b841f6f9129
QE,827,169129b4201f2fd33d5ede7761a72b1a6705d1093070475b2b826a22efbf84dd
QE,828,903aa1a87d1af8c3f21756bb5b5032cf5377dd89f5881b3a786bf516ab0ec7e4
QE,829,b6f2739a157cf2da3eebcf90caa7182e15f026c60fb480efe5928a2e651b9f21
QE,830,bda8f7e0dcf567f0fec43b7c1967affcc4c6d4c065d871a7062a3e1643aa3f56
QE,831,342efcfce1c3d43557d0a79df47aa5e6aec28546ac5b9cc52534fcf01ff93507
QE,832,0cea54795127f41eaf90151a6639693bdf68813410f64d8a90a8bc7bbbc05c57
QE,833,d60e2e8ebdf15325878d909c5368993de3b3386d7b5cc45acd6c7aea71f19a64
QE,834,c3e98f28e036ca7a4bf0cb5f14a1291ef6f6034dd106fe5f814983d6056c0ba7
QE,835,47a9686765a007a5cc8879c85e1d1c764ca64c96df23978910f666ec366210a6
QE,836,fdcf2135f8376bffb257590579f6696e0a63679d6cc82c1fd421dfe0cf7af8e3
QE,837,71a314030bb70184684d03aa71669dcaf14c8d52eff741c58d1d4bd5a38e9a17
QE,838,5d073026e8e91d867395c040c28e3f29ce983239baa28b5f1b94f82ff725d088
QE,839,266be1d0c2cd5b56b1422685787c35b3b8c8ae9f1f6beefc2f3b786505230e7e
QE,840,1b763a47f1311e2bd7f6698d9d91522fe8544f545e416fd03c9fe9a2bf4ce944
QE,841,ca859957b6026521d77b0d3c7f26d46a4858ada51d9736c491a42b7ef7600c45
QE,842,5cdb1b533d1337b7aeae04d1ac4a20ee396e0c56ec0bd396d38b31022383f670
QE,843,2843a638ee75c70a6309049242ab101b0787dca71a5ed407ff8a9d1cefa8b359
QE,844,8d5c38852734d07928564426a19690ff9d38757e8c26eb630473df393aa41854
QE,845,f783f0f26dd8ac3dc2c7175d495c3c923928a5c1860042fab3cf101f4d8f2570
QE,846,b1c128075b38455b9f05b7d81008f309fc6e39f01e3f4070c836c25454c0af73
QE,847,2644e1734c17d6b16467214211f7b90253d25ccbb190a657a452f6ebd2f5e1c6
QE,848,1e402ef6a0bc2aba0d8f35f419d5de4fd9febad192468dffc483c9f5d6035296
QE,849,4fb425c8ce190a00262b7b8e0275e284e7c33b1bc582831540364b720ce59296
QE,850,08f89a226ff240d78944335fee1f5cdd39571da25d88feb0bc0a24a76d9fc4c8
QE,851,fcfbd67a0c69719a81a0513e976bd3f45d009e7a0aceb15d7aa6deea49fb939e
QE,852,79202c82433cb3db9e9b0d7c04fad191e8e22db0a256a1a038e30a629048222e
QE,853,4315c4ca058b49b7cb5bd633db732ecb887417b0dbd9abb987b4de3087ffce87
QE,854,7bade7d398915fafc18132283b1e347fbca76247511f8ff9941411fefd18536b
QE,855,78dc869fdc28e0e65de0da461766fd7ed2daa47dfdf12869284bca6d8cb96166
QE,856,71579111013e05b85cd24fb28f1796a7f9cd7766a6982654e8d6b9ff4937bff4
QE,857,7e7078edffb8bb87e7bd6b3cfaa0bcea3654d45cd2a624711cc23886b44be3e8
QE,858,ac3d75452c8c293c8f63d04801cf77d8850d55b0cc5e929a60c6769d31bfa63b
QE,859,e44bb8dbf9679573993be3dcf25b16917d5f86c2715e367e11db353d22ea1565
QE,860,8d574d1be72da2b464b6a57440d7650d50630c627c24f1cd80dcba9c33b09e20
QE,861,c5e55480d4ac37407705f256e68a400cfc4344b9c0d028c8750c8893de0a9bec
QE,862,d494ebcbe4778648655998aaa23bd7fab89692c0365a8f7bf5d5d00c8eb16765
QE,863,c997346aa027abfe618386be6b6a8724a8e56289ad5a57c87683206a8ef12715
QE,864,a54576bf9ad769da7e14fa939a8287ccffc1956df9d10f0333b88d10b0a2b1b3
QE,865,d96ba37ad5885a57972013f55de36cdba50a2a1c910afb4e626b7c2221efc618
QE,866,45b7d7b9e5b83652106e70ef126594d260f47de1c1c4fe7f88ef02e4f4191742
QE,867,2c27b968bfc71ea4de8d41b96dddab5a1ea5cc52b74568e75c43724137ea39a8
QE,868,969084a6463b6767b45e0684900daa6ef2379969471704dafd78fbec0ce4e7f8
QE,869,7db64da7c62f3c5ca672b8e37912f10c2384d984b89c4d11f4aac49a61cc4cf2
QE,870,b7e5eb6a17b4fcbd4cf00651eb2bf3d408a8b89f1e545c6bc2b388ef578a54cd
QE,871,b64f36c5a6a1426b1ff04986c41a7da27f5ee1a539ccf8ca0bec076822e13131
QE,872,391abfecd4c6528ca25cf83226fc4e1d16ff7a86bd09daa2cbc5f44bb77e6f5e
QE,873,e61ffffd5b1058ca1c814828ecf7140f7b89261d3dc6e330ab92103f989eddd3
QE,874,3342bb5b6d321a4d23c54a325d3310d0b839bd6bf165ea97e3d82e481d003780
QE,875,d09e57a1189fadf02cfe7d75f9eb44bddbcf4afc9940c738b688c3ea9346e7f6
QE,876,542b413efd033b8696f8804d5d9da295f5e9975f3f8a936b8f5037a9844af220
QE,877,959c5096a500fc078e0580d27100707e254f95711325547f42b618a8ff009866
QE,878,311bdf3d40d010f05c839ce0f6ae8a3ce9022680737e781e27b72a9a68c36d2b
QE,879,7559277de787c942af9ee4fae8b35a71157051e0b569178a482794a8ad148583
QE,880,472f51c4b38fe96e2879218c436e1d704c4ca56f5a174b1b0d282166a27f751b
QE,881,7400c8e1c43bc8db438ab24ce52e7a17ecae017ecbb1b2608d9c53c36ad59bfa
QE,882,c9311e045ee5f5f13436c4c2c5c6bb98c76b33a8cae9c55e5112ecd1d4dcade1
QE,883,2ac00dd47d507eb572114eb09e8aa30accfe4d5cae09c8108b22b84b8402c062
QE,884,63e944336c39e88fc1da5689e569b1aa3008a508118ece089abc76f20cee1ad3
QE,885,95fc44dd2a6a8955571da6599e65eaf0f1ebf2f960ec4c0668e7c4111d5ca797
QE,886,03ad6ea9fe95b3af88ebab35836d4b9b564330e31c1d785cbaa566d8e0264ee2
QE,887,3a502c6034b516b1f1dd7eb2a9cde8183c10e999012078c43730449c23f43ce5
QE,888,407fbdf2f015eae7f100c4f5859c53b38d538ae0790cf5c99f055428b8aecdc7
QE,889,15a537249d22ec1dd1006cddf8046e5ef78684c7fd9bbe9f64bf2a4a45de8a45
QE,890,1ec4708e8aeba1dccd0983b14f628bfb216a243931ea9e617fa919b266b1de27
QE,891,b810811b0f37d0f8c82533d653ddc5749aa6ba709e6753349e23e8b329d5d7eb
QE,892,a7f5454c10cc22534eae0e8e4fd123707ae346ecb991482143a5c466021cde1f
QE,893,c922a09a788a5efc3bcaa48bc7aa43af2cbb1214ac2fac28a08c40409e99341b
QE,894,eaaf44bcd49df2a206f8228ae5cfb88c7204712c5f8a18d7bf6155791a376069
QE,895,c8dc5f604df302fad56fa4fe227f3c1bfcbcf9ca7b668b5e0756d712b06684e7
QE,896,26c504c6fb508b8069181a4c7f7939a3f41bece2ebad0ba439341b3f30bbea84
QE,897,86cb25f1a938cb4763633e3232c67db899eb2f44c3f9a2d66d2ad2790d2715c7
QE,898,13b3c9c04d78aca7c21b209d5077b09f38d64eaea881963203815bd7d4c4f2c1
QE,899,cb99108aa0a4a0f7b804cef4a511959cb3f379fd2b0566e41ac6b7201a48b7ab
QE,900,6f36e6c0bec06d0b182235bded73b5e45792cdb0c7ebc3481b7c6b9e1d824918
QE,901,b10ab3c11288fd6ec0fcf0be5e13ab869dc0b8d59d1fd8ac56c933311ea59f36
QE,902,6ac1ce66f764c2892301a06563107b67a60950905dab1d1e8853359b14eb2d7d
QE,903,8d2d9ae314148cb6d77a27c8207f48038ffd289848f00cd5531614dd2206b385
QE,904,debb886071577dbccbf443a261e4c0f3c51d6386b383d4b35a47e9afe3bf7367
QE,905,608bcab2f16d6cfe7ccb3de327e0457e52bf09bbce98631191fd927104e2f9ec
QE,906,1800049560b0f8099421465c8e327e1ece04814167bb052b62bd02b800bbbc84
QE,907,0a91b767359b140ea8d6931552c6b70eb0f9c347e5398228ed7a00f08a77ed1e
QE,908,7393e662737cec001470abd1914e213ffb5fbb45dbae9351b4e11a2c2aee411f
QE,909,6bc263c913a04b87638e719453c6cdc72410d066f74f9fe4c1e595f6ccbf8528
QE,910,edf383b82da3f5a9cb200a682da708c9e85daba1866015a3585530bfa4fc132a
QE,911,8045d049e221b618fa1dd8392b7444d8083315ef86bb9b751940c0f91c3cb5e5
QE,912,05f1c430f231a5df16b5297e06ceab6fb74afb7c3a4c08503bfde43ea5d503bc
QE,913,e2bbcbe022dd4ea2cf5c9b7691ee9e5719c4739ac4dd2eac23823840a15cd8b9
QE,914,f8b7bf21fa3de319fdd9f6d7c19176f3241a87bdeb7cda05c5cf67bbad8baaef
QE,915,f47908c137a1d6daf0e68febde49ad5fffecda1bb7d109a382b51bb1b4db3bbc
QE,916,699769f2aa7edbcb42dac9be71e131aba6a06548fe412d1a5af4b811452bf543
QE,917,045de2a60e1e79fa0984d15d442f5c50c2e02965a8bfcd344c286ba84dde93f9
QE,918,6a55bde8bee9f0e9b11645bd6783b8dc04c8dc74824aff9ae22b6e687343ecfc
QE,919,62b195ab08c2b3fe913a85b0d5c7796c80f5e6ce2d8e0e075a471f7d42c9a529
QE,920,49c6a704818f8b11ef366254cd2f14f3cd5a91df8b96a54a4438f92a904065a0
QE,921,44c2485d7754b4b71b1397f25c069ab2719bd65d2a65f5d4dd2d2774e843ebc2
QE,922,bd19670607a29eb290e55d2f8b3f1e5e79cc82023c8f343c15e6bc841c0ea175
QE,923,b7b1ffef8be9963064dc99bc4c529d6f7a19b47a2d1ce2e83ae29e3dd93bff3b
QE,924,b5e0d546b490667fb3eeb5d83e318f4de1eb3b322ff1f230b374c585e76a8211
QE,925,504144184939393b2d9210d2d21b26def5c533f7f3c3c5f05bb71293a8b5adf6
QE,926,f8e52cdea8dca52a68be4405fd372642e632ac6ce8c9fd579d545849f65c5102
QE,927,f1f45fc3893113b18e43b844117aa1a6965c4e21adfd5e5839769e3b0e306f1f
QE,928,a31fee8a54f8ec9cb54865886fe025f6751e102c36963ccdfb9bf776aa6960c5
QE,929,cae96861b0afdb7f1e0c5af0d51aacf6695fbea52027ce6a543dca7e0093687b
QE,930,bd0a21685a31db31c454434d212bac1317b267062f46a459adcc4b4a8f51ff20
QE,931,2a9df8a8039e660333de9f812c8474b7370156584abe9365fd88b08e97489257
QE,932,ca7a1fd27f5875cb64e72be9fe8e45307d309bfffdbe92c14905ba0c6fe983e6
QE,933,5b4861a7a7dadc676aaae18e186af18f07ad47087abf66e392c507c77b176ef0
QE,934,36f7ea25a71a33fcbf29b5b59837284cd5f88e4e1e6183c7f8ad2c346779eb24
QE,935,d62631b4d162983d2478496f2d915cf4f03622f1d1805f4df59d35369c973e59
QE,936,2c2ccb5d429373102da4ad63963fd1c7e2467bf482579107a70075885dad82b6
QE,937,b53d9ac384abfc33eb53d15783e1723976b573f1e4478b3d831bcb5e41e19592
QE,938,62c881868d516d2ee97b683ea5b283de5550aca34af328720858707be426a544
QE,939,1c5322c15fa4c9ba5250d5bd0960a1feeabde38bc105cfae9793b143814c8997
QE,940,23e2e1f667d7b32cf481cef8042c29b49fd1034c6a6a9692f557351caaa3c4ed
QE,941,dba31ad5dbd1561119436f051b765a34e644c660c768e0accac01076b3ac8bb3
QE,942,545602e1280da5d236d1b2d96f62922f4593b094f01fe2c5b93ba74e18590361
QE,943,c41f7187182b842322de4b29b193cd87769e71d2bf96189ba4a04d1e916d6a80
QE,944,9282b893dcffa1ec1059fc039738383788721ef902d81669248f99c89954703e
QE,945,37637864a62a9464c0416b3723f0eab03b007e5045b3598aa111549bfca03ea7
QE,946,0da81f96b6cced09a74fed00b9d9332cfadae0c516974cd8c74cc4097ac468a2
QE,947,fe2a32b17185506857883843ee3fbaeb5ec3c218f816dd5c0070d1ae17b0fcdf
QE,948,91f5d8db1bef051c68773ac3ea64ce8ef35cefdb336fe858d4e6f9654e972b0b
QE,949,16925b4be497b8fb20333fb64f1cadab5a3170fdbe94a4657268940c17262d42
QE,950,6237bb686e0c09a4f3e3af44e8f5d22d854dee0bc35536fd8d458cbc41a381c9
QE,951,3805a88538c6ef8e5de83c428483bdac382132a62ec38e6b92d9c6c1604a2c17
QE,952,a14f698d2b25d4449dd818b67b58d038e9d268e7d3636316384f9c0147e310f2
QE,953,1935923a2f74413ef466e37508113f678422a8e16c5d175c889fc7c4e2f4a988
QE,954,cdbb6d7f3d2fceccda5feb43c59018adbdb4dbc0bfeedc9cb2444108c1796794
QE,955,a4e73385f3f17f5d40e7cff7d888536b05b4223bc4d573ba0c24787287d007b5
QE,956,1d0a65d19113027d1e84cff18a47bab7629da416c2d2b83301f9e32caccb0f74
QE,957,86a2c02f9ecd42881cd945eb168e1a695e716661b963fbc354afc7c4882ee782
QE,958,58f1c97d7f6fc73f8668fb2a86a2297d851abb7937aa6ecc2cf4d267d4504f78
QE,959,731be94a08c5f11a67c355696cafe0f15eb3134c52b87bebb7938a96c0f8b124
QE,960,3b6d903bf9b3eeba99f58059d6a2fdffa6f57e12def4b43ec9d18668188ec2e8
QE,961,8b26dbedbfed346a8e8b1ad3a808cfc00b885d57867f326366264fb9fc975e61
QE,962,f222ec252e35cf3378dd928b36c2cd9e41ba7d53fc78e096ab9f7874f9a322a4
QE,963,3b366e6836922b0c7338ca1e3c7e899edeceb3121e4bdfcb6aea6fe02bb8dc69
QE,964,034d4ad313b0cfe35c736ff1f4084c60c446356ae61948d3b7dc4b1b72096622
QE,965,e4e80ccd1c122a77132b473562cd5b6f4308b1184858eb8df742127fae8517da
QE,966,ae24d6b6ded5786c73a8c13d35a3f1562b29338f45b6355d84031f0251815502
QE,967,108c07e8246579ade03cafdec567bfd181f60980287c4817b0858592f03b1f88
QE,968,2affec65a8c4405c39620f25ef5625399f523f1c193311e42178165accd557ce
QE,969,af9a3f007a1cae4b33451aa08e876f2bc03b6a6e3bf72b86cca94822b2487999
QE,970,2ecb2b3e1605b4333c553f0e1db40655faed72fd255eb8c721a34c017bd3a2e6
QE,971,871b64f1f431a9810eb5ecd034a3e3ca2cd3c5ad4c14db789e671394243bb69e
QE,972,72fd46c7648fad54c78c91012a98263cb6cff69e632c8152373f7a4d0e17089c
QE,973,b54131a8b342327488df05b2252f2e25ddb5d222e415cb10739710159bcf79a2
QE,974,9ec6e3eb5ae31f28d74637ea23ce9d04f535f30a8e8c4023c729d3257b237f9a
QE,975,7dc90efb5565c23e3df0ba002eb08c2dc26b51be34c6bf4a9a76165fc9b96c01
QE,976,7535353b001645583f4ef5cc199c102d5284c70d5b42a0078dc038ff220402b1
QE,977,984ce5ca5eba88f66d3c6c6c1b87bed642b3ee94771f99302fcca5824090d58c
QE,978,7988330ebab31bbbccae9b06c9a57d62e5fd34daa83b961bbc7f26341451ee8c
QE,979,e1e203700651c8a010237eb1103c2f9d380881335dcdd119cb4115e311639f00
QE,980,a2eab677cc5f87dc1d8a3bb7dbdf4ad3139e34691ddf8a8592227e935b2fc23f
QE,981,f515c67f8bdcddbfc384ddcd78c9966b72cb34edf5e26c101e8c4bf9f5e37714
QE,982,42f4cccaaea6bff1d38ff5efcc67bf57b1ed5b092415e7ae7631c7549b772684
QE,983,ff4ef1febfd611185f893035702d072083c7ac9215d85a02bd5b48838dd718ab
QE,984,d9b5424e4c17a961e2567d394502072168d5458a71458ccc892c1043bda84263
QE,985,2a6a18f71a18cf60e21878e15809d1215593c318b27a5a2a3e58627badab73f5
QE,986,63581fbb31228f5194db29d26bebe21b9d63fdc9d510fe71d1e9f84feb5c13d7
QE,987,76449f8c5b2cc37de1f3f49065642f222197706c6e4997b08fb7fdbc795951bf
QE,988,6fe2ef6bda42a3860c61811bf98d25a0e4867176f8648ddcdab7de39c93a366f
QE,989,3118dfcfa5c9234c9a71f17de508b1fbd82c10f7d75b55dac6b60fd22d496e09
QE,990,4ddf0ae6789fd24c0cf1e01884c71916bca844d667d1e42420210143e28c0010
QE,991,771de19016e8c14b2f8434702f66f4ca46fb986bc3ee1a3ba4e854ba5f393f89
QE,992,fe8a9048065e743cc77b9a80899f5e5ff01e9e2c70568e38b79ecb6306749305
QE,993,3165bda9df302a795dd74c7b3a49704e013eb7a8dbec6abe361eed1b86220bce
QE,994,0c95abd4267a4095080ee03a41c046e165c786b384b1d7a1c795c0cf796462bc
QE,995,cf17eddabaceabe8a4a1d041ead779b0b3c17665f48d75fbcbf381dbc0e3e025
QE,996,8ba139c3e15e973e3c3ea5e12e7be4dbe3abfba351b4736beed697cd20aa8e4e
QE,997,57d07c54aa3f48994aa3f1486ba637a6453cdbb5f6982591322bccc8ad1a554b
QE,998,ee436f4d4c5d14c0ee453c8831c44d2d3f4eefc612e0c272d0081b93485fd84c
QE,999,b0a2315d5a0c4b31a6dff4276918def25313c5e48123ce53d044aceb6a4a7bb9
QE,1000,5d41af53633fcd102c0fe0a19398be79a848b0391846a7b4fc5802265f7ae415
QE,1001,ccf009e70de9340fbc77c892ec2dc834ffd0991f250370eb923c292b19e9ea7b
QE,1002,89709c6378c578e322d9718f3c4c446437706bca2bdc40341170f0f8f8b3cd1d
QE,1003,5cc404ca801f008fbb54f1f2d90adb6972a92462b25eb9c65f5f90f28e4c1800
QE,1004,df2323f26aee30543627a9ef259016882b93f0845b45d68c7777e79a9f8a45ae
QE,1005,8e097211ac5e62423d86cb521aac64c392c7aee5626c7afb5b1204bb280196b9
QE,1006,d3060634e1ba04a1620d0d6b4c90f5947829d40d897c3a73fc5274c65755080f
QE,1007,73ffe0fe98a9dfee951ae4e5a5e2338126d92f112e1db8069bf0a8d5f87e9dcb
QE,1008,57eb1f7ad7a0a4c7c0bc35f330ee9524b39df6f1e138c067f4e21990e795e8e6
QE,1009,2c90a7ed0ebaf34e5dd03e4a5376ed62ab2b8ffe0e6accd19850c88d9fe49839
QE,1010,42d7ae0e59dc7188608858c10c659cee40f992c4f402d21f2affeceb1fe4e265
QE,1011,b567797de04667fa9c4201b3af81f7f7b3ab1199246a1f4b80d478a9de923bb0
QE,1012,941029209a70c2b52497328a6df4aafb14ad7e29a635ad5d6dabaff1ed28d5bd
QE,1013,1097376ddc2be18f459badb2d972561d9f68f75928c73f904469a39f9b924bd0
QE,1014,6997ae3eb5bc2a7893b9f40a2315eb427497eeb032bac0955004dfbccf940a67
QE,1015,e39fdc9187d57e0a6c5bfaa68b1989fa3801914af0df9ed48f8dac07e4d5bd01
QE,1016,793e9a999b6ef97fd3f2723a23d975b4d06fdc8b2f96837f212b97e9ca9496ce
QE,1017,7c535596c86759295e0126cf42fc2c492fe620844e57ec237a9467a720717efe
QE,1018,52c00b6cfcbd57071086f027feebafff6edf89833938b7282ed6b748ad06e273
QE,1019,1fa9174872657f87f704706b6771d52a22cd58801f94367c71d45864c3fbb7ec
QE,1020,5220465223d2684342c0c20bfcf4f7120d3df0bc328281b48cd7744f2c89451d
QE,1021,1ddbc72e4df91595120f4bbd134761bb85cecb2a7fd785e6a0a6bce0de973880
QE,1022,b963e45f4aa373d3e37fff55db437f997911a74b958d21c335cc9013ddc534ba
QE,1023,45de98a3e8de1cadd97b0130290ce52d2f0b312099d420a7c28bac2892d54b4b
QE,1024,6fc0f97a4eff3643322700ebf615ce7b3b36729d16970aedbaeb66b3c1568f79
QE,1025,48904e9237c4409920d3b488ed2145e0541ef5ba94925d3fd924e88e50b3aae4
QE,1026,ab68212814d883d2f44a17838f63341dd30205baae9a83cd761444ca74a49519
QE,1027,75841e64eea1da3d2c280648df7bab9b1053ce6f746ef6533e4ce234181a7329
QE,1028,e25e92258e5c0a590645482ba940c99b42444cfc70ba48b2b1a9e01ff379a105
QE,1029,8f7f87a7c9581749cae7d9dddfea4aee73a64ce4e303259209c61ffc441a04be
QE,1030,3b87920ad71cf6654d3933454696bc9124e45b8bc437de13ade600883763fa5b
QE,1031,0c0c4a7d5d1c0c9e0fcd64a3aa402114ea2d8c58bd655859ab2390003c76adb6
QE,1032,2ea97c53de65083431d0cda00bf6f12c74c307ea13942bacd9ce835b734090d6
QE,1033,f406d8dff784444d21cc6225fcb2ac255d49c9d9d6c2e685524c260ee7b35026
QE,1034,63549e179985e0942002eda46b2ede0dd5aae2d56a3621ece6b91e3c9575201d
QE,1035,84a059b8f9185a07a14407b90c11f90c96d181ccb0b193c89ddd5c61c23275db
QE,1036,d2f48441ce89794bae79fe3a2e8c95841206537a95a49a2a5564f7aa1bcc6876
QE,1037,2da8099bfba33865e2af084fc58cf823fee29c92003271aa02ada23db7f4eb18
QE,1038,a97ebe3425aa7ade45ee671bcd4b89fdbcc39d270313820910336a5f5c1e69f6
QE,1039,05a63b2ed6e94493f61e757107b11e2662b7992d99a4941a584a8617be386ba3
QE,1040,a5041b84c7495730bf23a333c46f8cc3a4784c36b19b5b9e5cf82207797e7305
QE,1041,4467a2f9e0cfc32a07e5d4de7b4be84afbaf640cda4fb9219c9802e728e26293
QE,1042,fd656143790b8127db5968c01024408e6e721e1ea302147cfe0af93636fca859
QE,1043,13e01044ba5b2df7f51f6e0b75169e5d28f5db26f9eda02e31f2a6ef4fc82056
QE,1044,235b6ad02266cdb92ab36a9559d3495568dc869ff432464046c537bb60a847bd
QE,1045,3e525f386b44f38f60326a51bf0028c9106344dd2cb88b08905cca9ae81969cf
QE,1046,eb7097fcb2c1cc4568e3dce4006446c2ffa9cc6560b2ce427b5631696dba9619
QE,1047,155788242f7b10f9d01eb9b3f8d5c9d49f40baeb4764e8ebec08a40b4da42b5c
QE,1048,773d9c98f277a6f7a0d19697e11283b4553adb027cf7c58682445150350264b1
QE,1049,b7e8cde11a01922ce884859620452c0c90a39ec580d96b0fde7628d4c262946e
QE,1050,48bab7c76e9b74bf6644e15f5d02a04551c1fd800b786f79005af23becd3478b
QE,1051,4234226a139eac99a2f4ce0b0c891a4d428a5a6ccb8e1302acf7ed396dfd1ab1
QE,1052,3ae4e10c35041840e7de5dafb132a40ef192e7615f4319586dea2d1c40d1091d
QE,1053,54645165197efc343d5512dbdda448d728f016bec38afe8c0166554cd7bbd870
QE,1054,bec6e122224754977186674d33f60cb1e1d5ce7b6ff96436fd4a01bd5875cb7a
QE,1055,cac7c2ca9b2173f4b3dd119f73121d0e6dd7fae30a69dd78fdecfefe47d20029
QE,1056,5d6d7b6f75f5ac541779943a0df9c4ddf2fac8b2a65ad71b69838f28ec35f958
QE,1057,7da39d959cf1444d5a6e1ab379d8806512153c7e202811f78ef64bd6a5d1e2c8
QE,1058,caaa5987da4f2f6dd57c709c7599f0c432169be7b3b1e6f6d90229e1f5d36d61
QE,1059,74199a36e675bf944bc278b333ff63fbe65a1410a764df13a84814e6583a79fb
QE,1060,5275ad3f6fb9a64b1c0f759fe1eba079174bbbf4db99eee424319a189b0221f8
QE,1061,71e0b3193c9648933f263871595ed5a6ea6e3cbd8abb570fd7f13454ee3b3fda
QE,1062,acabdffe69ea80426ae98b9228d5cea72a08138ed801db8db40a07645e1664f1
QE,1063,54c31350055e146b5b2079fc53b78ead90b56de933ec3cd89a214a6df3bedf9a
QE,1064,f5751dec760585a6093a56a68d597f107b140c21e07f3f50d431a298a06a8cdf
QE,1065,64e2fa2e10677cbef26d572458d4cb04c822ec503c1e54f3b55a5b27b41c5467
QE,1066,106dd16102bcf30303acb65a37c46f0528014777312797b1ab57641cc08cda27
QE,1067,a2becda239eb226c310676038c487b6ceae4d79cb9caebcef95bd543358d4459
QE,1068,e3fe77af188099024f5cf37027723d5b834dfd276c9636fdf64d7f6a109f0aea
QE,1069,2c95fd1e175fce91bfa4e92e9024a81cc718eedf16209213f37bdc3edbe4ab92
QE,1070,e4a973518dc336b73398b8e2e40c7e0ad6cc2e37124562e130f82fc28afe007d
QE,1071,cbc00bd39f93a7c2e8392afab9680e013854cefb56819ee011e26d782b351845
QE,1072,64f383d9326a06bce5b037b9b64bd5995521402250a8fdda728ea2deb7590d84
QE,1073,5fd31dd74d31e7387a1e26eecac946d467f366a173567e16eba0223c2bdb510b
QE,1074,4ae2ca3deb55ac16b194afe8f372fd05fed55a46581fe660479dd5615e7433b0
QE,1075,10a0a689de7d4aa5aded58a166383510fb9b6479e8b9068a9a7126bda2d04ef1
QE,1076,700574fbe503ae8574b061278954e7d66d59a6f6e4b858102a99e5941c705b75
QE,1077,41a5f55c6ae80b6303d3358953203fa54105fac873516a22abb0bff2df6ab083
QE,1078,97add17f0642a183b30fd34be084d9cf075b11fd93235c5493ee989973810b82
QE,1079,fddd276be03964ae258118da3ae48bfdd05dbd208ab9272eacbd82899dafe5ec
QE,1080,6772a61adc744277db6359d89d74d71768516b100a961659831626d922e879f9
QE,1081,9fb9252dd6f802873fda887af01a0dc74c9ed542b4cbd90079a6eb883f7dff54
QE,1082,50bf73dad8ea3d758c59864a6de2af180e581909ed82fdc23966eace086c1f68
QE,1083,2ac8df43e3191919e5a7c9f433261103af8df4042b8ce73e1a4145fd593472a3
QE,1084,1e95302934a506451d0d91982aa4ecd0c5a63257201cadb862892b73a39ee1cc
QE,1085,8ee02fcccd2ac0c62dfbe0f20f8d198372d66633b025c0b18396871c514a879d
QE,1086,fc3d2f4c3913ef59a5385c164c6f8e993b63607ba95deea8ed7ae977caaeecd2
QE,1087,4ad5e8e694f16c086a7b694a49265c2d09a17374fcc17ebc64f96feae4e8263b
QE,1088,7b25ef601c122a87a958ac61ff26829866bae525624c906cfc015b9e909a21d6
QE,1089,5f5f747ad45e187cff8f829ef31dd5449ee5dc71ff4329e04ede42f996d33231
QE,1090,ff1c816892ba8d7442b1831bbd46c578e52374c25b6b3d462271733fe8a680f1
QE,1091,89e877fc8d3baa2c9d5f976fd218dfa455228708668d42e5e20b786634ff9989
QE,1092,859e7664453dc7592a3421ff5b93b0a8a90373f4bc9330296fd15e6048527307
QE,1093,0339f548074937cc08a9749c5ee853dbf79bb3b97e4ac4c7c5dc7f42d9f9a31d
QE,1094,df8a1f5484f7b726d9982fcc323cd359f1a3cf9878c4ffb7f15f227d5c81eda5
QE,1095,940142374e185774af45ecef157e936944adae6e5e6fa52a2a6f3e936d3da177
QE,1096,f4fe06779387a46226e7694938a0b393d11e29ad4a88f88f07f9c11d7a403370
QE,1097,3bbb2ca0821235f04d5385ba521e1a3b410be58d0c203a7ae20ff22e14a853e9
QE,1098,82faf8fa18dc077a288df6ffbd4c2c31c6fb25ceb8c329372e59daf4d4a16e96
QE,1099,859b821605e4fefef5d1a217c9c0557c4c9d7cdd9c254894afbf1f4958f43b06
QE,1100,2df1b296c0cc4ce3532acae73796ed650c4d67fafa73ca53bf753f49216497bd
QE,1101,01b9b2f657474ddd21b07147fef4c72ca8e2e5434a65156e80e2570725397724
QE,1102,8522ff20f60395e51b291cdf9faad429666c8e49e75d5306f20a8a47b9402b71
QE,1103,37d804278bfc8f7d9302d7e16a34d75dcb99d12126d360667720dd40493f99be
QE,1104,37f4d6833e50df1cec1b5c81f13127312c7b64bf9fafafc983b0c41c12ccd29a
QE,1105,0a64eac6aea318d8cc633dee652a1e96c5e108a5eca635f7bfa5cca2d35a6073
QE,1106,289cb52e9df0072b517917755ea5f7dce883c8a802d169dcc96697caa738ffa1
QE,1107,2416d323a1edae1462fba866adcb352ec1dea1e4a32447c7b9eab649e4dcd7de
QE,1108,1b2257a24d5e778f0bfd12dedca2d3fa68719bae1381b4026e370e553ffe31fa
QE,1109,22ea0a696a677fa780e6d2cd810c4f00b3b066813b5575bab2d6ebbc6f017447
QE,1110,4c70147b4d4721b380f04b6c796406a76a8417bf98b4a2d0a249d2f8bc47cf86
QE,1111,b5c271e1d2e3a5bd54a005a7d2d1dff42012fb7af014e0736763cca41e0db880
QE,1112,c4ac67aa94ebda4d81047d2d03a0ba6ac4111b3ca82f3ec817f6fc2457c71e43
QE,1113,74f4f875c0e474e910d29577038cf5a23850f9dc5d419c5d990f3bd449280aaa
QE,1114,71c88bc22e573398388f018563e9fbd04d433b0ede8eec30618223e502e6581a
QE,1115,c41f92275c1878d6a00ac80217de6c34ade59cc98ff4c954b2f14937bb1929c2
QE,1116,a34bbcd9b241cbc4faee1b76c8f4ada7cc3b00da8b211a68db51ccec9f340460
QE,1117,e5069ee8f1d9b0ee2abb76cd07146c564032c0cd7e7e384a8aad19c4d17b23ee
QE,1118,75d7173da04aea417af0ba16d998ba7fcbb0d9137e6e45e69a89216c22c29d6e
QE,1119,b4e1ee200ef629bff83fe0405b607ce5bd06f4af1426d38802476d6547d41ac2
QE,1120,b3b6fa4cea320f4de72a78178d2bf1f555053ffaf644556e5ea1d5573aad29ac
QE,1121,6ce13944ee1b9eb20302af8f62bf94ab804c0120c085b9d2cc7b62db397502bc
QE,1122,fc6dbba3d5e3f4bb81084f3a6e21a2bb8e99fff69e8e40a0d20cf2526903492d
QE,1123,a6a71268ac8764ceb1f131e20b6ebe236a32ece865a26f499b9f7675ed09218d
QE,1124,35336e8be9aff592a84c0a3f62754dd21fc3e0d60188c6b4887735396bab8940
QE,1125,29d72e177f054b2e44245ced6fb6061c84e0438f0037733f81c36a8bf578935b
QE,1126,e67163c888712a73abbe1f25fef64b084d51f1d2102da2fd6b3e9eeda98ba70c
QE,1127,421585c2debfb9db852bde74ff4c3d58d2f7d10d39031c6ca9c7a4e008ae82cb
QE,1128,80c90f113b157152c387b5b849b7210b8b2cedcb275bb34c625a484ca557c852
QE,1129,732f5adcbb66995f9faad2347be22ef9964d560be669c2db8dab71dacbcfe5f6
QE,1130,ec4c5d0f036e7cc52642f00f6de4b7142c4ed15429f5898733aaa90445a0b743
QE,1131,de875788de71a05321231f6a95d8b9373ab8280c04654dfa82e7f9f86462d339
QE,1132,4d7d2a922f3fc4ef80684910eb61b19a2aaf929542db1c6c4368f168db1ac363
QE,1133,203e667b45c8bde4170323cc8f900ba8a727812c18ceecffbab6c54a86dd477b
QE,1134,515cc8cb805d8c685fb8efe8b026bc2f1112b169599cd86cbf443346a80a721c
QE,1135,0ebda34c94fec36e3ac9fa76ce1400f3654f65c5f593890650532d79e1e20ed4
QE,1136,13ca3e441e1c4e03d94ad4e48566d06185fb86ff98253537f5ea16cb4c7ec088
QE,1137,914ad3ae6b1ec7190f21ff867858b0391076171ee0a9543064a9aa1c046add01
QE,1138,680225d48d204807b5bd2622354e3bddc33adb8805431d60574bf8b73d326e2f
QE,1139,9a7e2837bcea32d19b1abead5420923599a5ec4e0a51ed2f6e5dfc9570bceed6
QE,1140,71cb7e326076eaeac8db4b6771f513f0ed438fb2ca64bc9e0bb14798c3dbefd7
QE,1141,acdf9cab6830aab39db37f182c509035292ee91f9b2cfd8b410068d87d59bd10
QE,1142,63ccc7702ff1d85bcc60a90ebdb3bbda13d56303ce1a97907502bad93d1fb813
QE,1143,c9c313b5981fac19b966ce4504ea32eabce91ad7ac84468e7672f01fd460e365
QE,1144,b846e253921b9bfc9df7d4375c1d1ef65c498214d754b5d4e771c8231476e218
QE,1145,6225776b5f3f0aea97083631e96f0a771ba7451a9e287bae0a4941bab968810e
QE,1146,81cda259ed80afed1135a1f56f7e380cc7b86530528d717a7375eedf0d5854e8
QE,1147,022c1d99f4b9a3b1fce8d09c8480db537a06642804a8ad65b7b80443eb1aa1f1
QE,1148,383f3cfa429ca8f9d7b8365ae53ac7da7dfb8f44cf93e1ac7881f95ab6797613
QE,1149,660fb8652718e7797b0eb60d725ab489690fa939f6638dfe4b47b947b2679172
QE,1150,b3c615cdcaa112eba7a7fe576eba9ab2255ac47d474f4e25f6fdd600f8b03313
QE,1151,3097fbbb789471f4610d6699feaee41f1ef818b149e9ff9228d59783e2b39714
QE,1152,0d231a7264533d06cd4cac0e473a9e3c5862d585086804502b04546d4606647d
QE,1153,6d8b96e6ca82c908ee4838c939615799e6363ca3ba714cccce16519ddcbd184c
QE,1154,c13e3df1462badcfb61027a87e0a75479d782a197396d6a755c4428da5d6e975
QE,1155,808df91503fb2aa028b6bec03d56afb22bd8f8f56e178101435bf2c72d3ec287
QE,1156,51fe4a9c8bfa1ff4929b67a6dec6d9adc2f0039967241cf584fb017673259bc9
QE,1157,2adcf5409bce5183e72e8b984ce8e2382128829fbfa576109e27060de3e2d3f7
QE,1158,77fce87589513cf8e8c964d68a9d8c4196fd451417b9bb359ff2363025e7a8c0
