path,nominal_axial_amplitude_mpa,phase_radians,step,normal_traction_GPa,shear_traction_GPa,status,force_residual_ev_coordinate,substeps,a,s,energy_ev_cell,loaded_energy_ev_cell,min_hessian_eigenvalue,normal_strain,slip_over_period
direct_110,10.0,0.0,0,0.0,0.0,stable_local_equilibrium,5.57124027183705e-15,1,0.8164965809270465,-3.17911157653278e-17,2.2134694413818707e-15,2.2134694413818707e-15,4.945211215251898,-8.322968267679883e-13,-3.17911157653278e-17
direct_110,10.0,0.19634954084936207,1,0.0009754516100806413,0.0009754516100806413,stable_local_equilibrium,2.804424444405318e-15,1,0.8165019889908887,2.5042863409771235e-05,1.8855040541667786e-09,-1.8854093218022325e-09,4.944951661608741,6.623497622588362e-06,2.5042863409771235e-05
direct_110,10.0,0.39269908169872414,2,0.001913417161825449,0.001913417161825449,stable_local_equilibrium,8.159407394528473e-15,1,0.8165071908540111,4.912582290219569e-05,7.2556219705477785e-09,-7.254942057945361e-09,4.944701819071816,1.2994452803517737e-05,4.912582290219569e-05
direct_110,10.0,0.5890486225480862,3,0.002777851165098011,0.002777851165098011,stable_local_equilibrium,1.0438373256038691e-14,1,0.816511986332348,7.132295912008879e-05,1.5293612182447108e-08,-1.529152550039782e-08,4.944471334173528,1.8867690302471178e-05,7.132295912008879e-05
direct_110,10.0,0.7853981633974483,4,0.003535533905932738,0.003535533905932738,stable_local_equilibrium,1.0163094324444621e-14,1,0.8165161907198203,9.078061153905064e-05,2.4776172918199797e-08,-2.4771885609025134e-08,4.944269132039699,2.4016992296494216e-05,9.078061153905064e-05
direct_110,10.0,0.9817477042468103,5,0.004157348061512726,0.004157348061512726,stable_local_equilibrium,2.40616988139708e-15,1,0.8165196419501985,0.00010675028111523239,3.425968611563151e-08,-3.425271864134324e-08,4.944103063092936,2.8243869002258604e-05,0.00010675028111523239
direct_110,10.0,1.1780972450961724,6,0.004619397662556434,0.004619397662556434,stable_local_equilibrium,1.1556294116088495e-14,1,0.8165222069004584,0.00011861750936651707,4.230005677830269e-08,-4.229049586056591e-08,4.943979589196251,3.138527867838868e-05,0.00011861750936651707
direct_110,10.0,1.3744467859455345,7,0.004903926402016152,0.004903926402016152,stable_local_equilibrium,4.19152559882896e-16,1,0.8165237865819395,0.00012592560657243533,4.767275235379569e-08,-4.766131363412165e-08,4.943903523151697,3.331998547075846e-05,0.00012592560657243533
direct_110,10.0,1.5707963267948966,8,0.005,0.005,stable_local_equilibrium,4.1644205445168225e-16,1,0.8165243200083097,0.00012839329965264534,4.95594423992268e-08,-4.95473223047051e-08,4.943877833421691,3.3973296681908995e-05,0.00012839329965264534
direct_110,10.0,1.7671458676442586,9,0.004903926402016152,0.004903926402016152,stable_local_equilibrium,4.19152559882896e-16,1,0.8165237865819395,0.00012592560657238134,4.767275235379569e-08,-4.7661313634088033e-08,4.943903523151697,3.331998547075846e-05,0.00012592560657238134
direct_110,10.0,1.9634954084936207,10,0.004619397662556434,0.004619397662556434,stable_local_equilibrium,1.4419888894057209e-15,1,0.8165222069004583,0.00011861750936654853,4.230005708123356e-08,-4.2290495557588375e-08,4.943979589196248,3.138527867825271e-05,0.00011861750936654853
direct_110,10.0,2.1598449493429825,11,0.004157348061512727,0.004157348061512727,stable_local_equilibrium,5.020615000128625e-15,1,0.8165196419501983,0.00010675028111537086,3.425968673370159e-08,-3.425271802322907e-08,4.944103063092952,2.8243869001986656e-05,0.00010675028111537086
direct_110,10.0,2.356194490192345,12,0.003535533905932738,0.003535533905932738,stable_local_equilibrium,5.333515747107942e-15,1,0.8165161907198205,9.078061153908384e-05,2.477617203329103e-08,-2.477188649404847e-08,4.944269132039696,2.4016992296766164e-05,9.078061153908384e-05
direct_110,10.0,2.552544031041707,13,0.002777851165098011,0.002777851165098011,stable_local_equilibrium,7.41973756740455e-15,1,0.8165119863323476,7.132295912021034e-05,1.5293612463309433e-08,-1.5291525219421754e-08,4.944471334173547,1.8867690301927284e-05,7.132295912021034e-05
direct_110,10.0,2.748893571891069,14,0.0019134171618254495,0.0019134171618254495,stable_local_equilibrium,8.28756009131626e-15,1,0.8165071908540112,4.9125822902313634e-05,7.2556223299433626e-09,-7.2549416986053965e-09,4.944701819071813,1.2994452803653711e-05,4.9125822902313634e-05
direct_110,10.0,2.945243112740431,15,0.000975451610080643,0.000975451610080643,stable_local_equilibrium,5.2918552786301865e-15,1,0.8165019889908884,2.5042863409826083e-05,1.885503606220664e-09,-1.8854097697276487e-09,4.9449516616087585,6.6234976223164145e-06,2.5042863409826083e-05
direct_110,10.0,3.141592653589793,16,6.123233995736766e-19,6.123233995736766e-19,stable_local_equilibrium,6.910445472535796e-16,1,0.8164965809270467,7.354021918262963e-17,2.283838450521491e-15,2.283838450521491e-15,4.945211215251891,-8.320248787768862e-13,7.354021918262963e-17
direct_110,10.0,3.3379421944391554,17,-0.0009754516100806418,-0.0009754516100806418,stable_local_equilibrium,4.036620213435094e-15,1,0.8164911745891003,-2.5040236169434094e-05,1.8851531941658166e-09,-1.885221276205279e-09,4.94547048965274,-6.621385504929891e-06,-2.5040236169434094e-05
direct_110,10.0,3.5342917352885173,18,-0.0019134171618254484,-0.0019134171618254484,stable_local_equilibrium,1.0836329663449495e-15,1,0.8164859776409131,-4.911571391373939e-05,7.252921530553631e-09,-7.253574086411147e-09,4.945719536974819,-1.2986321143999071e-05,-4.911571391373939e-05
direct_110,10.0,3.730641276137879,19,-0.00277785116509801,-0.00277785116509801,stable_local_equilibrium,2.8595290198218937e-15,1,0.8164811895182975,-7.130165290201879e-05,1.5285314669995648e-08,-1.5287373815319084e-08,4.945948831749947,-1.88505497610709e-05,-7.130165290201879e-05
direct_110,10.0,3.9269908169872414,20,-0.0035355339059327372,-0.0035355339059327372,stable_local_equilibrium,7.924867359565546e-15,1,0.8164769938074908,-9.074609728454087e-05,2.4759064577142923e-08,-2.4763326312237745e-08,4.946149630037734,-2.398922505338949e-05,-9.074609728454087e-05
direct_110,10.0,4.123340357836604,21,-0.004157348061512726,-0.004157348061512726,stable_local_equilibrium,2.031903291455084e-15,1,0.8164735512537814,-0.0001067025588208016,3.423186602050417e-08,-3.4238806375472584e-08,4.946314295138297,-2.8205475053506185e-05,-0.0001067025588208016
direct_110,10.0,4.319689898685965,22,-0.004619397662556432,-0.004619397662556432,stable_local_equilibrium,5.819021479946951e-15,1,0.8164709936592464,-0.00011855858983339312,4.226189270591542e-08,-4.227140916589815e-08,4.946436578911635,-3.1337875843403474e-05,-0.00011855858983339312
direct_110,10.0,4.516039439535327,23,-0.0049039264020161516,-0.0049039264020161516,stable_local_equilibrium,6.260508604583048e-15,1,0.8164694188927045,-0.00012585920528205172,4.7627088271383005e-08,-4.763848288493291e-08,4.946511849741123,-3.3266563089153975e-05,-0.00012585920528205172
direct_110,10.0,4.71238898038469,24,-0.005,-0.005,stable_local_equilibrium,9.002130638147143e-16,1,0.8164688871922313,-0.00012832427111838154,4.9511046591984915e-08,-4.9523118182690346e-08,4.946537260228736,-3.391776051682862e-05,-0.00012832427111838154
direct_110,10.0,4.908738521234052,25,-0.004903926402016152,-0.004903926402016152,stable_local_equilibrium,4.035834166860042e-15,1,0.8164694188927044,-0.00012585920528208143,4.762708817984267e-08,-4.763848297656088e-08,4.946511849741123,-3.326656308928995e-05,-0.00012585920528208143
direct_110,10.0,5.105088062083414,26,-0.004619397662556433,-0.004619397662556433,stable_local_equilibrium,5.818804639512454e-15,1,0.8164709936592464,-0.00011855858983336521,4.2261892705915535e-08,-4.227140916588169e-08,4.946436578911635,-3.1337875843403474e-05,-0.00011855858983336521
direct_110,10.0,5.301437602932776,27,-0.004157348061512727,-0.004157348061512727,stable_local_equilibrium,2.791820594150174e-16,1,0.8164735512537812,-0.00010670255882076269,3.423186538954592e-08,-3.4238807006527515e-08,4.946314295138304,-2.820547505377813e-05,-0.00010670255882076269
direct_110,10.0,5.497787143782138,28,-0.0035355339059327385,-0.0035355339059327385,stable_local_equilibrium,4.4054928975689744e-15,1,0.816476993807491,-9.074609728460366e-05,2.4759064898969405e-08,-2.4763325990389623e-08,4.946149630037734,-2.3989225053253513e-05,-9.074609728460366e-05
direct_110,10.0,5.6941366846315,29,-0.002777851165098011,-0.002777851165098011,stable_local_equilibrium,3.4606107042478573e-15,1,0.8164811895182971,-7.130165290196189e-05,1.528531483977818e-08,-1.5287373645673115e-08,4.945948831749977,-1.8850549761614793e-05,-7.130165290196189e-05
direct_110,10.0,5.890486225480862,30,-0.001913417161825452,-0.001913417161825452,stable_local_equilibrium,7.232468747161991e-15,1,0.8164859776409127,-4.911571391388656e-05,7.2529227638227165e-09,-7.253572853285711e-09,4.9457195369748455,-1.2986321144542968e-05,-4.911571391388656e-05
direct_110,10.0,6.086835766330224,31,-0.0009754516100806437,-0.0009754516100806437,stable_local_equilibrium,9.203521191686326e-16,1,0.8164911745891,-2.5040236169524737e-05,1.8851565378532935e-09,-1.8852179325565315e-09,4.945470489652759,-6.621385505201839e-06,-2.5040236169524737e-05
direct_110,10.0,6.283185307179586,32,-1.2246467991473532e-18,-1.2246467991473532e-18,stable_local_equilibrium,6.219600920295987e-16,1,0.8164965809270466,-7.179403449888044e-17,2.1740052827550873e-15,2.1740052827550873e-15,4.9452112152518914,-8.321608527724372e-13,-7.179403449888044e-17
direct_110,10.0,6.4795348480289485,33,0.0009754516100806413,0.0009754516100806413,stable_local_equilibrium,3.3945014767805537e-15,1,0.8165019889908883,2.5042863409731134e-05,1.8855045715417845e-09,-1.8854088043810145e-09,4.944951661608761,6.62349762218044e-06,2.5042863409731134e-05
direct_110,10.0,6.675884388878311,34,0.0019134171618254497,0.0019134171618254497,stable_local_equilibrium,9.929936647251614e-15,1,0.8165071908540107,4.9125822902158736e-05,7.255623465484728e-09,-7.254940562891567e-09,4.944701819071834,1.299445280297384e-05,4.9125822902158736e-05
direct_110,10.0,6.872233929727672,35,0.002777851165098009,0.002777851165098009,stable_local_equilibrium,2.421348711811877e-15,1,0.8165119863323479,7.132295912004843e-05,1.52936130872204e-08,-1.5291524595571126e-08,4.944471334173531,1.8867690302335205e-05,7.132295912004843e-05
direct_110,10.0,7.0685834705770345,36,0.003535533905932737,0.003535533905932737,stable_local_equilibrium,4.740077687998001e-15,1,0.8165161907198205,9.078061153901234e-05,2.4776172056101012e-08,-2.477188647120638e-08,4.944269132039696,2.4016992296766164e-05,9.078061153901234e-05
direct_110,10.0,7.264933011426397,37,0.004157348061512726,0.004157348061512726,stable_local_equilibrium,1.946468160263226e-15,1,0.8165196419501985,0.00010675028111535306,3.4259686201037906e-08,-3.4252718556000525e-08,4.944103063092935,2.8243869002258604e-05,0.00010675028111535306
direct_110,10.0,7.461282552275758,38,0.004619397662556432,0.004619397662556432,stable_local_equilibrium,1.1556510956522992e-14,1,0.8165222069004584,0.00011861750936651905,4.230005677830269e-08,-4.2290495860567024e-08,4.943979589196251,3.138527867838868e-05,0.00011861750936651905
direct_110,10.0,7.6576320931251205,39,0.0049039264020161516,0.0049039264020161516,stable_local_equilibrium,4.1904413966564746e-16,1,0.8165237865819395,0.00012592560657243726,4.767275235379569e-08,-4.766131363412284e-08,4.943903523151697,3.331998547075846e-05,0.00012592560657243726
direct_110,10.0,7.853981633974483,40,0.005,0.005,stable_local_equilibrium,4.1644205445168225e-16,1,0.8165243200083097,0.00012839329965264726,4.95594423992268e-08,-4.9547322304706316e-08,4.943877833421691,3.3973296681908995e-05,0.00012839329965264726
direct_110,10.0,8.050331174823844,41,0.004903926402016153,0.004903926402016153,stable_local_equilibrium,4.1926098010014456e-16,1,0.8165237865819395,0.00012592560657238332,4.767275235379569e-08,-4.7661313634089304e-08,4.943903523151697,3.331998547075846e-05,0.00012592560657238332
direct_110,10.0,8.246680715673207,42,0.004619397662556434,0.004619397662556434,stable_local_equilibrium,1.4419888894057209e-15,1,0.8165222069004583,0.0001186175093665505,4.230005708123356e-08,-4.229049555758954e-08,4.943979589196248,3.138527867825271e-05,0.0001186175093665505
direct_110,10.0,8.443030256522569,43,0.004157348061512728,0.004157348061512728,stable_local_equilibrium,5.020723420345874e-15,1,0.8165196419501983,0.00010675028111537288,3.425968673370159e-08,-3.4252718023230155e-08,4.944103063092952,2.8243869001986656e-05,0.00010675028111537288
direct_110,10.0,8.63937979737193,44,0.003535533905932742,0.003535533905932742,stable_local_equilibrium,5.3340036380855604e-15,1,0.8165161907198205,9.078061153908605e-05,2.477617203329103e-08,-2.4771886494049514e-08,4.944269132039696,2.4016992296766164e-05,9.078061153908605e-05
direct_110,10.0,8.835729338221293,45,0.0027778511650980117,0.0027778511650980117,stable_local_equilibrium,8.307915987104675e-15,1,0.8165119863323476,7.132295912001402e-05,1.5293612486140554e-08,-1.52915251965214e-08,4.944471334173549,1.8867690301927284e-05,7.132295912001402e-05
direct_110,10.0,9.032078879070655,46,0.0019134171618254525,0.0019134171618254525,stable_local_equilibrium,8.28718062055589e-15,1,0.8165071908540112,4.9125822902247424e-05,7.255622329943363e-09,-7.254941698589337e-09,4.944701819071813,1.2994452803653711e-05,4.9125822902247424e-05
direct_110,10.0,9.228428419920018,47,0.0009754516100806399,0.0009754516100806399,stable_local_equilibrium,5.2922618544448685e-15,1,0.8165019889908884,2.50428634098835e-05,1.885503606220664e-09,-1.8854097697347468e-09,4.9449516616087585,6.6234976223164145e-06,2.50428634098835e-05
direct_110,10.0,9.42477796076938,48,1.8369701987210296e-18,1.8369701987210296e-18,stable_local_equilibrium,1.5839271649285018e-15,1,0.8164965809270467,1.6729229719361075e-17,2.303676270631682e-15,2.303676270631682e-15,4.945211215251887,-8.320248787768862e-13,1.6729229719361075e-17
direct_110,10.0,9.62112750161874,49,-0.0009754516100806363,-0.0009754516100806363,stable_local_equilibrium,2.218684220720024e-15,1,0.8164911745891001,-2.504023616944489e-05,1.8851547661420207e-09,-1.8852197042441394e-09,4.945470489652744,-6.621385505065865e-06,-2.504023616944489e-05
direct_110,10.0,9.817477042468104,50,-0.0019134171618254492,-0.0019134171618254492,stable_local_equilibrium,1.083714281507886e-15,1,0.8164859776409131,-4.911571391374843e-05,7.252921530553631e-09,-7.253574086413347e-09,4.945719536974819,-1.2986321143999071e-05,-4.911571391374843e-05
direct_110,10.0,10.013826583317465,51,-0.0027778511650980086,-0.0027778511650980086,stable_local_equilibrium,2.859366389496021e-15,1,0.8164811895182975,-7.130165290202777e-05,1.5285314669995648e-08,-1.528737381532224e-08,4.945948831749947,-1.88505497610709e-05,-7.130165290202777e-05
direct_110,10.0,10.210176124166829,52,-0.0035355339059327394,-0.0035355339059327394,stable_local_equilibrium,7.924487888805176e-15,1,0.8164769938074908,-9.074609728455002e-05,2.4759064577142923e-08,-2.4763326312241894e-08,4.946149630037734,-2.398922505338949e-05,-9.074609728455002e-05
direct_110,10.0,10.40652566501619,53,-0.004157348061512725,-0.004157348061512725,stable_local_equilibrium,1.5880309220395183e-15,1,0.8164735512537814,-0.00010670255882081075,3.423186610588527e-08,-3.4238806290096315e-08,4.946314295138296,-2.8205475053506185e-05,-0.00010670255882081075
direct_110,10.0,10.602875205865551,54,-0.004619397662556432,-0.004619397662556432,stable_local_equilibrium,5.819021479946951e-15,1,0.8164709936592464,-0.00011855858983337421,4.226189270591542e-08,-4.227140916588706e-08,4.946436578911635,-3.1337875843403474e-05,-0.00011855858983337421
direct_110,10.0,10.799224746714915,55,-0.004903926402016152,-0.004903926402016152,stable_local_equilibrium,6.260617024800297e-15,1,0.8164694188927045,-0.00012585920528203286,4.762708827137339e-08,-4.763848288493081e-08,4.946511849741126,-3.3266563089153975e-05,-0.00012585920528203286
direct_110,10.0,10.995574287564276,56,-0.005,-0.005,stable_local_equilibrium,9.002130638147143e-16,1,0.8164688871922313,-0.00012832427111836108,4.9511046591984915e-08,-4.9523118182677376e-08,4.946537260228736,-3.391776051682862e-05,-0.00012832427111836108
direct_110,10.0,11.191923828413637,57,-0.004903926402016153,-0.004903926402016153,stable_local_equilibrium,4.035725746642793e-15,1,0.8164694188927044,-0.00012585920528206102,4.762708817984267e-08,-4.7638482976548203e-08,4.946511849741123,-3.326656308928995e-05,-0.00012585920528206102
direct_110,10.0,11.388273369263,58,-0.004619397662556434,-0.004619397662556434,stable_local_equilibrium,5.818804639512454e-15,1,0.8164709936592464,-0.0001185585898333448,4.2261892705915535e-08,-4.227140916586973e-08,4.946436578911635,-3.1337875843403474e-05,-0.0001185585898333448
direct_110,10.0,11.584622910112362,59,-0.004157348061512728,-0.004157348061512728,stable_local_equilibrium,8.615070462569818e-16,1,0.8164735512537812,-0.00010670255882074231,3.423186543220358e-08,-3.423880696385912e-08,4.946314295138304,-2.820547505377813e-05,-0.00010670255882074231
direct_110,10.0,11.780972450961723,60,-0.0035355339059327424,-0.0035355339059327424,stable_local_equilibrium,4.4048965863741074e-15,1,0.816476993807491,-9.074609728458329e-05,2.4759064898969405e-08,-2.476332599038055e-08,4.946149630037734,-2.3989225053253513e-05,-9.074609728458329e-05
direct_110,10.0,11.977321991811086,61,-0.002777851165098012,-0.002777851165098012,stable_local_equilibrium,4.779271596533352e-15,1,0.8164811895182972,-7.130165290204504e-05,1.528531503214753e-08,-1.5287373453293933e-08,4.945948831749969,-1.885054976147882e-05,-7.130165290204504e-05
direct_110,10.0,12.173671532660448,62,-0.0019134171618254532,-0.0019134171618254532,stable_local_equilibrium,5.728436388435787e-15,1,0.8164859776409128,-4.9115713913851145e-05,7.2529210744752066e-09,-7.253574542597659e-09,4.94571953697484,-1.2986321144406994e-05,-4.9115713913851145e-05
direct_110,10.0,12.370021073509811,63,-0.0009754516100806404,-0.0009754516100806404,stable_local_equilibrium,4.036457583109221e-15,1,0.8164911745891003,-2.504023616947433e-05,1.8851531941658166e-09,-1.885221276210257e-09,4.94547048965274,-6.621385504929891e-06,-2.504023616947433e-05
direct_110,10.0,12.566370614359172,64,-2.4492935982947064e-18,-2.4492935982947064e-18,stable_local_equilibrium,5.487907847249817e-16,1,0.8164965809270466,-1.2489734568505766e-16,2.259378464005913e-15,2.2593784640059125e-15,4.94521121525189,-8.321608527724372e-13,-1.2489734568505766e-16
direct_110,20.0,0.0,0,0.0,0.0,stable_local_equilibrium,5.57124027183705e-15,1,0.8164965809270465,-3.17911157653278e-17,2.2134694413818707e-15,2.2134694413818707e-15,4.945211215251898,-8.322968267679883e-13,-3.17911157653278e-17
direct_110,20.0,0.19634954084936207,1,0.0019509032201612826,0.0019509032201612826,stable_local_equilibrium,1.2377685681963513e-14,1,0.8165073987811184,5.0088355716981606e-05,7.542727166672523e-09,-7.542005185501803e-09,4.944691828677224,1.3249110461818528e-05,5.0088355716981606e-05
direct_110,20.0,0.39269908169872414,2,0.003826834323650898,0.003826834323650898,stable_local_equilibrium,7.438873735748919e-15,1,0.8165178074255272,9.826176731371886e-05,2.90279208367739e-08,-2.9022480980943434e-08,4.944191348086696,2.599704431952529e-05,9.826176731371886e-05
direct_110,20.0,0.5890486225480862,3,0.005555702330196022,0.005555702330196022,stable_local_equilibrium,4.366624249685369e-15,1,0.8165274057455915,0.00014266726278144298,6.119105607631169e-08,-6.117442955072598e-08,4.943729187450093,3.7752537592261425e-05,0.00014266726278144298
direct_110,20.0,0.7853981633974483,4,0.007071067811865476,0.007071067811865476,stable_local_equilibrium,2.4356601804886857e-15,1,0.8165358232093037,0.0001815958163635216,9.9138978321711e-08,-9.910468492604948e-08,4.943323378205459,4.8061783103993306e-05,0.0001815958163635216
direct_110,20.0,0.9817477042468103,5,0.008314696123025453,0.008314696123025453,stable_local_equilibrium,8.443766519317109e-16,1,0.8165427343614382,0.00021354841304139163,1.3709451635386087e-07,-1.3703874552940302e-07,4.942989835091138,5.65261812360925e-05,0.00021354841304139163
direct_110,20.0,1.1780972450961724,6,0.009238795325112868,0.009238795325112868,stable_local_equilibrium,3.5459916253310908e-15,1,0.8165478716318973,0.00023729411459380372,1.692767532849015e-07,-1.6920022948502143e-07,4.942741695846239,6.281802688387999e-05,0.00023729411459380372
direct_110,20.0,1.3744467859455345,7,0.009807852804032305,0.009807852804032305,stable_local_equilibrium,3.7344259629090715e-15,1,0.8165510359201001,0.0002519178254096718,1.9078257831167382e-07,-1.906910186222061e-07,4.942588767579645,6.669347263185796e-05,0.0002519178254096718
direct_110,20.0,1.5707963267948966,8,0.01,0.01,stable_local_equilibrium,4.2825985813177425e-15,1,0.8165521045024983,0.0002568558514645976,1.983348429672875e-07,-1.9823778658660917e-07,4.9425371085258885,6.800221344361804e-05,0.0002568558514645976
direct_110,20.0,1.7671458676442586,9,0.009807852804032305,0.009807852804032305,stable_local_equilibrium,7.548215524844082e-15,1,0.8165510359201004,0.0002519178254097266,1.9078257844145893e-07,-1.906910184927657e-07,4.942588767579633,6.66934726321299e-05,0.0002519178254097266
direct_110,20.0,1.9634954084936207,10,0.009238795325112868,0.009238795325112868,stable_local_equilibrium,6.051149165076097e-15,1,0.8165478716318972,0.00023729411459381735,1.692767541396981e-07,-1.692002286301106e-07,4.942741695846235,6.2818026883744e-05,0.00023729411459381735
direct_110,20.0,2.1598449493429825,11,0.008314696123025454,0.008314696123025454,stable_local_equilibrium,5.05693577290689e-15,1,0.8165427343614389,0.00021354841304161527,1.3709451771258435e-07,-1.3703874417161884e-07,4.942989835091101,5.652618123690835e-05,0.00021354841304161527
direct_110,20.0,2.356194490192345,12,0.007071067811865476,0.007071067811865476,stable_local_equilibrium,1.0311955282726881e-14,1,0.8165358232093036,0.00018159581636408104,9.913897821033169e-08,-9.910468503783135e-08,4.943323378205461,4.8061783103857333e-05,0.00018159581636408104
direct_110,20.0,2.552544031041707,13,0.005555702330196022,0.005555702330196022,stable_local_equilibrium,8.988036009904832e-16,1,0.8165274057455916,0.00014266726278242713,6.119105708057166e-08,-6.117442854723845e-08,4.943729187450092,3.77525375923974e-05,0.00014266726278242713
direct_110,20.0,2.748893571891069,14,0.003826834323650899,0.003826834323650899,stable_local_equilibrium,6.151763126682752e-16,1,0.8165178074255275,9.826176731501384e-05,2.9027921293127046e-08,-2.902248052538124e-08,4.944191348086682,2.599704431993321e-05,9.826176731501384e-05
direct_110,20.0,2.945243112740431,15,0.001950903220161286,0.001950903220161286,stable_local_equilibrium,6.200985905313594e-15,1,0.8165073987811194,5.0088355718695275e-05,7.542726850264952e-09,-7.542005502581299e-09,4.944691828677177,1.3249110463042294e-05,5.0088355718695275e-05
direct_110,20.0,3.141592653589793,16,1.2246467991473532e-18,1.2246467991473532e-18,stable_local_equilibrium,9.251532112513508e-16,1,0.8164965809270466,2.3687622131462556e-16,2.1740052827547414e-15,2.1740052827547414e-15,4.945211215251892,-8.321608527724372e-13,2.3687622131462556e-16
direct_110,20.0,3.3379421944391554,17,-0.0019509032201612837,-0.0019509032201612837,stable_local_equilibrium,6.10329928957265e-15,1,0.8164857699765565,-5.007784675615649e-05,7.53986234019028e-09,-7.540557757940765e-09,4.945729484857356,-1.324065699971524e-05,-5.007784675615649e-05
direct_110,20.0,3.5342917352885173,18,-0.0038268343236508968,-0.0038268343236508968,stable_local_equilibrium,6.323717591238953e-15,1,0.8164753809918939,-9.82213313477984e-05,2.900621772499338e-08,-2.9011634812366613e-08,4.946226784588249,-2.5964512684270316e-05,-9.82213313477984e-05
direct_110,20.0,3.730641276137879,19,-0.00555570233019602,-0.00555570233019602,stable_local_equilibrium,5.8569685559839435e-15,1,0.8164658120947347,-0.0001425820378517623,6.112466304899381e-08,-6.114122606535674e-08,4.94668418473111,-3.76839704048687e-05,-0.0001425820378517623
direct_110,20.0,3.9269908169872414,20,-0.0070710678118654745,-0.0070710678118654745,stable_local_equilibrium,7.142723912334503e-16,1,0.8164574293377275,-0.0001814577591936749,9.900208905541613e-08,-9.903622923427626e-08,4.947084378589269,-4.795070905756878e-05,-0.0001814577591936749
direct_110,20.0,4.123340357836604,21,-0.008314696123025453,-0.008314696123025453,stable_local_equilibrium,3.657664449097098e-15,1,0.8164505528923227,-0.00021335752357200821,1.3687194343069763e-07,-1.3692745482616465e-07,4.947412306315731,-5.6372600300449935e-05,-0.00021335752357200821
direct_110,20.0,4.319689898685965,22,-0.009238795325112865,-0.009238795325112865,stable_local_equilibrium,4.76593590981178e-15,1,0.8164454450448283,-0.000237058436016879,1.6897141770475742e-07,-1.6904755340766993e-07,4.947655685063593,-6.262841032308163e-05,-0.000237058436016879
direct_110,20.0,4.516039439535327,23,-0.009807852804032303,-0.009807852804032303,stable_local_equilibrium,2.669305748659312e-15,1,0.8164423004164314,-0.0002516522196840532,1.9041727774892716e-07,-1.9050835446107141e-07,4.947805432467212,-6.647977782461793e-05,-0.0002516522196840532
direct_110,20.0,4.71238898038469,24,-0.01,-0.01,stable_local_equilibrium,5.8883019987687746e-15,1,0.8164412387376403,-0.0002565797367173749,1.9794764160659207e-07,-1.9804418224049576e-07,4.9478559745503565,-6.778006347908693e-05,-0.0002565797367173749
direct_110,20.0,4.908738521234052,25,-0.009807852804032305,-0.009807852804032305,stable_local_equilibrium,1.6304232269837016e-15,1,0.8164423004164317,-0.00025165221968411746,1.9041727649679501e-07,-1.9050835571286893e-07,4.947805432467194,-6.647977782421001e-05,-0.00025165221968411746
direct_110,20.0,5.105088062083414,26,-0.009238795325112866,-0.009238795325112866,stable_local_equilibrium,1.139279642847768e-15,1,0.8164454450448281,-0.0002370584360169277,1.6897141701143943e-07,-1.690475541013056e-07,4.947655685063606,-6.262841032335358e-05,-0.0002370584360169277
direct_110,20.0,5.301437602932776,27,-0.008314696123025454,-0.008314696123025454,stable_local_equilibrium,3.657881289531595e-15,1,0.8164505528923227,-0.0002133575235721343,1.3687194343077712e-07,-1.3692745482621835e-07,4.947412306315731,-5.6372600300449935e-05,-0.0002133575235721343
direct_110,20.0,5.497787143782138,28,-0.007071067811865477,-0.007071067811865477,stable_local_equilibrium,1.219239553068574e-14,1,0.8164574293377276,-0.0001814577591939976,9.900208920948264e-08,-9.903622908039981e-08,4.9470843785892615,-4.7950709057432804e-05,-0.0001814577591939976
direct_110,20.0,5.6941366846315,29,-0.005555702330196022,-0.005555702330196022,stable_local_equilibrium,5.863148508367111e-15,1,0.8164658120947347,-0.00014258203785245073,6.11246631345769e-08,-6.114122598025929e-08,4.946684184731105,-3.76839704048687e-05,-0.00014258203785245073
direct_110,20.0,5.890486225480862,30,-0.003826834323650904,-0.003826834323650904,stable_local_equilibrium,8.514456500963163e-15,1,0.8164753809918942,-9.822133134891122e-05,2.9006218854827267e-08,-2.9011633682911656e-08,4.946226784588227,-2.5964512683862395e-05,-9.822133134891122e-05
direct_110,20.0,6.086835766330224,31,-0.0019509032201612873,-0.0019509032201612873,stable_local_equilibrium,6.548418491486574e-15,1,0.8164857699765569,-5.0077846757641484e-05,7.539862583050862e-09,-7.540557515365511e-09,4.94572948485734,-1.324065699930732e-05,-5.0077846757641484e-05
direct_110,20.0,6.283185307179586,32,-2.4492935982947064e-18,-2.4492935982947064e-18,stable_local_equilibrium,7.493592226166562e-15,1,0.8164965809270464,-1.4579471919640614e-15,9.82187080679056e-16,9.821870806790558e-16,4.945211215251913,-8.324328007635393e-13,-1.4579471919640614e-15
direct_110,20.0,6.4795348480289485,33,0.0019509032201612826,0.0019509032201612826,stable_local_equilibrium,7.39209041200617e-15,1,0.8165073987811188,5.0088355716964435e-05,7.542726340062257e-09,-7.542006012190307e-09,4.94469182867722,1.324911046222645e-05,5.0088355716964435e-05
direct_110,20.0,6.675884388878311,34,0.0038268343236508994,0.0038268343236508994,stable_local_equilibrium,6.2826263289017525e-15,1,0.8165178074255275,9.826176731369446e-05,2.9027921378219076e-08,-2.9022480439648243e-08,4.94419134808668,2.599704431993321e-05,9.826176731369446e-05
direct_110,20.0,6.872233929727672,35,0.005555702330196018,0.005555702330196018,stable_local_equilibrium,4.384188324879634e-15,1,0.8165274057455912,0.00014266726278140855,6.119105551055387e-08,-6.117443011630283e-08,4.9437291874500975,3.775253759198948e-05,0.00014266726278140855
direct_110,20.0,7.0685834705770345,36,0.007071067811865474,0.007071067811865474,stable_local_equilibrium,3.0429218172978167e-15,1,0.8165358232093037,0.00018159581636349075,9.913897823629711e-08,-9.91046850114356e-08,4.94332337820546,4.8061783103993306e-05,0.00018159581636349075
direct_110,20.0,7.264933011426397,37,0.008314696123025453,0.008314696123025453,stable_local_equilibrium,1.6390968443635856e-15,1,0.8165427343614382,0.00021354841304135712,1.370945163537851e-07,-1.3703874552944235e-07,4.942989835091139,5.65261812360925e-05,0.00021354841304135712
direct_110,20.0,7.461282552275758,38,0.009238795325112865,0.009238795325112865,stable_local_equilibrium,1.2240642527361345e-15,1,0.8165478716318975,0.0002372941145938352,1.692767526685274e-07,-1.692002301015625e-07,4.942741695846224,6.281802688401596e-05,0.0002372941145938352
direct_110,20.0,7.6576320931251205,39,0.009807852804032303,0.009807852804032303,stable_local_equilibrium,3.7346428033435686e-15,1,0.8165510359201001,0.0002519178254097051,1.9078257831167382e-07,-1.9069101862224746e-07,4.942588767579645,6.669347263185796e-05,0.0002519178254097051
direct_110,20.0,7.853981633974483,40,0.01,0.01,stable_local_equilibrium,4.2739249639378585e-15,1,0.8165521045024983,0.00025685585146452964,1.9833484296719991e-07,-1.9823778658661047e-07,4.9425371085258885,6.800221344361804e-05,0.00025685585146452964
direct_110,20.0,8.050331174823844,41,0.009807852804032307,0.009807852804032307,stable_local_equilibrium,7.547998684409585e-15,1,0.8165510359201004,0.0002519178254096705,1.9078257844145893e-07,-1.9069101849269591e-07,4.942588767579633,6.66934726321299e-05,0.0002519178254096705
direct_110,20.0,8.246680715673207,42,0.009238795325112868,0.009238795325112868,stable_local_equilibrium,6.051149165076097e-15,1,0.8165478716318972,0.00023729411459385956,1.692767541396981e-07,-1.692002286301601e-07,4.942741695846235,6.2818026883744e-05,0.00023729411459385956
direct_110,20.0,8.443030256522569,43,0.008314696123025456,0.008314696123025456,stable_local_equilibrium,5.056718932472393e-15,1,0.8165427343614389,0.00021354841304165755,1.3709451771258435e-07,-1.3703874417166352e-07,4.942989835091101,5.652618123690835e-05,0.00021354841304165755
direct_110,20.0,8.63937979737193,44,0.007071067811865484,0.007071067811865484,stable_local_equilibrium,2.3834016357748844e-15,1,0.8165358232093035,0.00018159581636409137,9.913897805201653e-08,-9.910468519605632e-08,4.943323378205469,4.806178310372136e-05,0.00018159581636409137
direct_110,20.0,8.835729338221293,45,0.005555702330196023,0.005555702330196023,stable_local_equilibrium,1.2222211090429091e-15,1,0.8165274057455917,0.00014266726278243177,6.119105637873236e-08,-6.117442924915933e-08,4.943729187450078,3.7752537592533376e-05,0.00014266726278243177
direct_110,20.0,9.032078879070655,46,0.003826834323650905,0.003826834323650905,stable_local_equilibrium,6.159352541890151e-16,1,0.8165178074255275,9.826176731501593e-05,2.9027921293127046e-08,-2.9022480525382344e-08,4.944191348086682,2.599704431993321e-05,9.826176731501593e-05
direct_110,20.0,9.228428419920018,47,0.0019509032201612798,0.0019509032201612798,stable_local_equilibrium,6.201799056942958e-15,1,0.8165073987811194,5.008835571869703e-05,7.542726850264952e-09,-7.542005502581686e-09,4.944691828677177,1.3249110463042294e-05,5.008835571869703e-05
direct_110,20.0,9.42477796076938,48,3.673940397442059e-18,3.673940397442059e-18,stable_local_equilibrium,9.248503032384132e-16,1,0.8164965809270466,2.3875351267789833e-16,2.1740052827547414e-15,2.1740052827547418e-15,4.945211215251892,-8.321608527724372e-13,2.3875351267789833e-16
direct_110,20.0,9.62112750161874,49,-0.0019509032201612726,-0.0019509032201612726,stable_local_equilibrium,6.104654542288257e-15,1,0.8164857699765565,-5.007784675615406e-05,7.53986234019028e-09,-7.54055775794008e-09,4.945729484857356,-1.324065699971524e-05,-5.007784675615406e-05
direct_110,20.0,9.817477042468104,50,-0.0038268343236508985,-0.0038268343236508985,stable_local_equilibrium,6.32355496091308e-15,1,0.8164753809918939,-9.822133134779602e-05,2.900621772499338e-08,-2.9011634812365475e-08,4.946226784588249,-2.5964512684270316e-05,-9.822133134779602e-05
direct_110,20.0,10.013826583317465,51,-0.005555702330196017,-0.005555702330196017,stable_local_equilibrium,5.856643295332198e-15,1,0.8164658120947347,-0.0001425820378517598,6.112466304899381e-08,-6.114122606535494e-08,4.94668418473111,-3.76839704048687e-05,-0.0001425820378517598
direct_110,20.0,10.210176124166829,52,-0.007071067811865479,-0.007071067811865479,stable_local_equilibrium,7.150313327541902e-16,1,0.8164574293377275,-0.0001814577591936727,9.900208905541613e-08,-9.903622923427446e-08,4.947084378589269,-4.795070905756878e-05,-0.0001814577591936727
direct_110,20.0,10.40652566501619,53,-0.00831469612302545,-0.00831469612302545,stable_local_equilibrium,3.657664449097098e-15,1,0.8164505528923227,-0.00021335752357200602,1.3687194343069763e-07,-1.3692745482616232e-07,4.947412306315731,-5.6372600300449935e-05,-0.00021335752357200602
direct_110,20.0,10.602875205865551,54,-0.009238795325112865,-0.009238795325112865,stable_local_equilibrium,4.76593590981178e-15,1,0.8164454450448283,-0.0002370584360168768,1.6897141770475742e-07,-1.6904755340766733e-07,4.947655685063593,-6.262841032308163e-05,-0.0002370584360168768
direct_110,20.0,10.799224746714915,55,-0.009807852804032305,-0.009807852804032305,stable_local_equilibrium,2.669088908224815e-15,1,0.8164423004164314,-0.0002516522196840511,1.9041727774892716e-07,-1.9050835446106887e-07,4.947805432467212,-6.647977782461793e-05,-0.0002516522196840511
direct_110,20.0,10.995574287564276,56,-0.01,-0.01,stable_local_equilibrium,5.8883019987687746e-15,1,0.8164412387376403,-0.00025657973671737276,1.9794764160659207e-07,-1.9804418224049306e-07,4.9478559745503565,-6.778006347908693e-05,-0.00025657973671737276
direct_110,20.0,11.191923828413637,57,-0.009807852804032307,-0.009807852804032307,stable_local_equilibrium,1.6306400674181987e-15,1,0.8164423004164317,-0.00025165221968411546,1.9041727649679501e-07,-1.905083557128665e-07,4.947805432467194,-6.647977782421001e-05,-0.00025165221968411546
direct_110,20.0,11.388273369263,58,-0.009238795325112868,-0.009238795325112868,stable_local_equilibrium,1.139279642847768e-15,1,0.8164454450448281,-0.0002370584360169257,1.6897141701143943e-07,-1.6904755410130317e-07,4.947655685063606,-6.262841032335358e-05,-0.0002370584360169257
direct_110,20.0,11.584622910112362,59,-0.008314696123025456,-0.008314696123025456,stable_local_equilibrium,3.657664449097098e-15,1,0.8164505528923227,-0.0002133575235721324,1.3687194343077712e-07,-1.369274548262164e-07,4.947412306315731,-5.6372600300449935e-05,-0.0002133575235721324
direct_110,20.0,11.780972450961723,60,-0.007071067811865485,-0.007071067811865485,stable_local_equilibrium,1.2193588153075474e-14,1,0.8164574293377276,-0.00018145775919399618,9.900208920948264e-08,-9.90362290803988e-08,4.9470843785892615,-4.7950709057432804e-05,-0.00018145775919399618
direct_110,20.0,11.977321991811086,61,-0.005555702330196024,-0.005555702330196024,stable_local_equilibrium,5.8632569285843594e-15,1,0.8164658120947347,-0.0001425820378524494,6.11246631345769e-08,-6.114122598025837e-08,4.946684184731105,-3.76839704048687e-05,-0.0001425820378524494
direct_110,20.0,12.173671532660448,62,-0.0038268343236509063,-0.0038268343236509063,stable_local_equilibrium,8.514131240311418e-15,1,0.8164753809918942,-9.822133134891003e-05,2.9006218854827267e-08,-2.9011633682911113e-08,4.946226784588227,-2.5964512683862395e-05,-9.822133134891003e-05
direct_110,20.0,12.370021073509811,63,-0.0019509032201612808,-0.0019509032201612808,stable_local_equilibrium,6.549231643115938e-15,1,0.8164857699765569,-5.0077846757639966e-05,7.539862583050862e-09,-7.540557515365087e-09,4.94572948485734,-1.324065699930732e-05,-5.0077846757639966e-05
direct_110,20.0,12.566370614359172,64,-4.898587196589413e-18,-4.898587196589413e-18,stable_local_equilibrium,7.493261956661329e-15,1,0.8164965809270464,-1.456557078548719e-15,9.82187080679056e-16,9.821870806790556e-16,4.945211215251913,-8.324328007635393e-13,-1.456557078548719e-15
direct_110,30.0,0.0,0,0.0,0.0,stable_local_equilibrium,5.57124027183705e-15,1,0.8164965809270465,-3.17911157653278e-17,2.2134694413818707e-15,2.2134694413818707e-15,4.945211215251898,-8.322968267679883e-13,-3.17911157653278e-17
direct_110,30.0,0.19634954084936207,1,0.0029263548302419238,0.0029263548302419238,stable_local_equilibrium,2.655699011394619e-15,2,0.8165128102982311,7.513647858508272e-05,1.6972755419162586e-08,-1.6970320331417438e-08,4.944431716411156,1.9876838291973666e-05,7.513647858508272e-05
direct_110,30.0,0.39269908169872414,2,0.005740251485476347,0.005740251485476347,stable_local_equilibrium,1.022456858762455e-14,2,0.8165284306453229,0.00014740784577267122,6.532504458692366e-08,-6.530669869511681e-08,4.943679801948259,3.9007778282004545e-05,0.00014740784577267122
direct_110,30.0,0.5890486225480862,3,0.008333553495294032,0.008333553495294032,stable_local_equilibrium,1.5005358067199381e-15,2,0.8165428391781918,0.00021403294936909027,1.3771732203570307e-07,-1.3766117610797773e-07,4.942984774015492,5.665455501751222e-05,0.00021403294936909027
direct_110,30.0,0.7853981633974483,4,0.010606601717798213,0.010606601717798213,stable_local_equilibrium,1.3253287356462806e-15,2,0.81655547841905,0.0002724456936594949,2.2313996441081971e-07,-2.2302413088566204e-07,4.942373951550034,7.213440043681166e-05,0.0002724456936594949
direct_110,30.0,0.9817477042468103,5,0.012472044184538178,0.012472044184538178,stable_local_equilibrium,5.80265002714242e-15,1,0.8165658581990893,0.0003203945245871074,3.0858835193111334e-07,-3.083999472847226e-07,4.941871527669407,8.484698280620436e-05,0.0003203945245871074
direct_110,30.0,1.1780972450961724,6,0.0138581929876693,0.0138581929876693,stable_local_equilibrium,4.011331197761869e-15,1,0.8165735751739661,0.00035602999245632595,3.810452002550322e-07,-3.8078665081418436e-07,4.941497530293087,9.429830820920008e-05,0.00035602999245632595
direct_110,30.0,1.3744467859455345,7,0.014711779206048456,0.014711779206048456,stable_local_equilibrium,6.218116299638865e-15,1,0.8165783290044826,0.0003779768680543282,4.294672503036754e-07,-4.2915785341390446e-07,4.941266942661779,0.00010012053775369609,0.0003779768680543282
direct_110,30.0,1.5707963267948966,8,0.015,0.015,stable_local_equilibrium,8.468920009718772e-15,1,0.8165799344763484,0.00038538787967365553,4.4647223013254963e-07,-4.4614427332718933e-07,4.94118903433798,0.0001020868311874789,0.00038538787967365553
direct_110,30.0,1.7671458676442586,9,0.014711779206048456,0.014711779206048456,stable_local_equilibrium,9.085614205428527e-15,1,0.8165783290044824,0.0003779768680544068,4.2946725019922154e-07,-4.2915785351809036e-07,4.94126694266179,0.00010012053775342414,0.0003779768680544068
direct_110,30.0,1.9634954084936207,10,0.0138581929876693,0.0138581929876693,stable_local_equilibrium,7.574236376983734e-15,1,0.8165735751739664,0.00035602999245673393,3.8104520113495776e-07,-3.807866499355625e-07,4.941497530293071,9.429830820960799e-05,0.00035602999245673393
direct_110,30.0,2.1598449493429825,11,0.01247204418453818,0.01247204418453818,stable_local_equilibrium,1.2483720654432595e-14,1,0.8165658581990899,0.00032039452458837604,3.0858835319784524e-07,-3.0839994602087825e-07,4.941871527669386,8.484698280688424e-05,0.00032039452458837604
direct_110,30.0,2.356194490192345,12,0.010606601717798213,0.010606601717798213,stable_local_equilibrium,8.244056479145279e-15,1,0.8165554784190501,0.00027244569365998537,2.2313996477250723e-07,-2.2302413052478444e-07,4.942373951550031,7.213440043694764e-05,0.00027244569365998537
direct_110,30.0,2.552544031041707,13,0.008333553495294032,0.008333553495294032,stable_local_equilibrium,8.982831839476901e-15,2,0.8165428391781925,0.0002140329493694,1.3771732322888042e-07,-1.3766117491583285e-07,4.942984774015458,5.665455501832806e-05,0.0002140329493694
direct_110,30.0,2.748893571891069,14,0.005740251485476348,0.005740251485476348,stable_local_equilibrium,4.010030155154887e-15,2,0.8165284306453232,0.00014740784577313928,6.532504389916475e-08,-6.530669938345957e-08,4.9436798019482495,3.900777828241247e-05,0.00014740784577313928
direct_110,30.0,2.945243112740431,15,0.002926354830241929,0.002926354830241929,stable_local_equilibrium,2.119994717969531e-15,2,0.8165128102982312,7.513647858565804e-05,1.697275564831427e-08,-1.6970320102520797e-08,4.944431716411145,1.9876838292109642e-05,7.513647858565804e-05
direct_110,30.0,3.141592653589793,16,1.8369701987210296e-18,1.8369701987210296e-18,stable_local_equilibrium,2.6784301638525927e-15,2,0.8164965809270468,1.4877583436619285e-16,2.6541767792316434e-15,2.6541767792316434e-15,4.945211215251884,-8.318889047813351e-13,1.4877583436619285e-16
direct_110,30.0,3.3379421944391554,17,-0.0029263548302419255,-0.0029263548302419255,stable_local_equilibrium,2.1378298437069176e-15,2,0.8164803670889249,-7.511283341745887e-05,1.696305106420897e-08,-1.6965470194382793e-08,4.945988200911724,-1.9857815917250013e-05,-7.511283341745887e-05
direct_110,30.0,3.5342917352885173,18,-0.005740251485476345,-0.005740251485476345,stable_local_equilibrium,1.1117734337318108e-14,2,0.816464790976281,-0.00014731686479841393,6.525181454546552e-08,-6.527007362361811e-08,4.946732958439347,-3.8934579994098115e-05,-0.00014731686479841393
direct_110,30.0,3.730641276137879,19,-0.008333553495294029,-0.008333553495294029,stable_local_equilibrium,5.644573350394033e-15,2,0.8164504486450165,-0.00021384119305786897,1.3749323055335833e-07,-1.3754912723454694e-07,4.947417275257407,-5.6500276654113746e-05,-0.00021384119305786897
direct_110,30.0,3.9269908169872414,20,-0.010606601717798212,-0.010606601717798212,stable_local_equilibrium,5.287437154777308e-15,2,0.8164378874943926,-0.0002721350644546888,2.2267793444232243e-07,-2.227931182407489e-07,4.9480154630951,-7.188448145947426e-05,-0.0002721350644546888
direct_110,30.0,4.123340357836604,21,-0.012472044184538178,-0.012472044184538178,stable_local_equilibrium,3.1860365040659033e-15,1,0.8164275858047132,-0.0003199650221879696,3.078371578223965e-07,-3.080243465106847e-07,4.948505252341016,-8.450142306100548e-05,-0.0003199650221879696
direct_110,30.0,4.319689898685965,22,-0.013858192987669297,-0.013858192987669297,stable_local_equilibrium,8.255765862608122e-15,1,0.8164199350317455,-0.000355499713991515,3.800146683367997e-07,-3.8027138624425693e-07,4.948868538585736,-9.387166801539651e-05,-0.000355499713991515
direct_110,30.0,4.516039439535327,23,-0.014711779206048454,-0.014711779206048454,stable_local_equilibrium,2.2588268061563e-15,1,0.8164152254359811,-0.00037737925305460744,4.282343239544585e-07,-4.2854139004209977e-07,4.949091969264947,-9.9639721274141e-05,-0.00037737925305460744
direct_110,30.0,4.71238898038469,24,-0.015,-0.015,stable_local_equilibrium,5.22672183311812e-15,1,0.8164136354973045,-0.0003847666192045704,4.451654119264604e-07,-4.4549086285799366e-07,4.949167364400837,-0.00010158699051414004,-0.0003847666192045704
direct_110,30.0,4.908738521234052,25,-0.014711779206048456,-0.014711779206048456,stable_local_equilibrium,4.617183371746769e-15,1,0.8164152254359812,-0.00037737925305463314,4.282343243903682e-07,-4.2854138960603075e-07,4.949091969264941,-9.963972127400503e-05,-0.00037737925305463314
direct_110,30.0,5.105088062083414,26,-0.013858192987669299,-0.013858192987669299,stable_local_equilibrium,4.602004541331972e-15,1,0.8164199350317453,-0.0003554997139915848,3.800146688373971e-07,-3.802713857441729e-07,4.948868538585756,-9.387166801566845e-05,-0.0003554997139915848
direct_110,30.0,5.301437602932776,27,-0.012472044184538181,-0.012472044184538181,stable_local_equilibrium,3.9514832378406695e-15,1,0.8164275858047134,-0.00031996502218854,3.0783715689964596e-07,-3.080243474339871e-07,4.948505252340999,-8.450142306073354e-05,-0.00031996502218854
direct_110,30.0,5.497787143782138,28,-0.010606601717798215,-0.010606601717798215,stable_local_equilibrium,1.1065801053256052e-14,1,0.8164378874943924,-0.0002721350644559661,2.2267793410738128e-07,-2.22793118577709e-07,4.948015463095115,-7.188448145974621e-05,-0.0002721350644559661
direct_110,30.0,5.6941366846315,29,-0.008333553495294032,-0.008333553495294032,stable_local_equilibrium,1.0835082830951137e-14,2,0.8164504486450164,-0.0002138411930580667,1.3749323049886952e-07,-1.3754912728936244e-07,4.947417275257416,-5.650027665424972e-05,-0.0002138411930580667
direct_110,30.0,5.890486225480862,30,-0.005740251485476355,-0.005740251485476355,stable_local_equilibrium,9.75998795671451e-16,2,0.8164647909762807,-0.0001473168647987561,6.52518152441584e-08,-6.527007292541752e-08,4.946732958439362,-3.893457999450604e-05,-0.0001473168647987561
direct_110,30.0,6.086835766330224,31,-0.0029263548302419307,-0.0029263548302419307,stable_local_equilibrium,6.233132499727789e-15,2,0.8164803670889247,-7.511283341795025e-05,1.696304965337433e-08,-1.6965471605482535e-08,4.9459882009117315,-1.985781591752196e-05,-7.511283341795025e-05
direct_110,30.0,6.283185307179586,32,-3.673940397442059e-18,-3.673940397442059e-18,stable_local_equilibrium,5.5163348807694346e-15,2,0.8164965809270465,-4.843920863454389e-16,2.2134694413818336e-15,2.2134694413818332e-15,4.9452112152518986,-8.322968267679883e-13,-4.843920863454389e-16
direct_110,30.0,6.4795348480289485,33,0.0029263548302419238,0.0029263548302419238,stable_local_equilibrium,2.655699011394619e-15,2,0.8165128102982311,7.513647858506475e-05,1.6972755419162586e-08,-1.697032033141076e-08,4.944431716411156,1.9876838291973666e-05,7.513647858506475e-05
direct_110,30.0,6.675884388878311,34,0.005740251485476349,0.005740251485476349,stable_local_equilibrium,8.86031699398604e-15,2,0.8165284306453231,0.00014740784577264518,6.532504363533334e-08,-6.530669964685002e-08,4.943679801948259,3.90077782822765e-05,0.00014740784577264518
direct_110,30.0,6.872233929727672,35,0.008333553495294027,0.008333553495294027,stable_local_equilibrium,7.747708724581415e-15,2,0.816542839178192,0.00021403294936908916,1.3771732132189302e-07,-1.376611768220214e-07,4.942984774015485,5.665455501778416e-05,0.00021403294936908916
direct_110,30.0,7.0685834705770345,36,0.01060660171779821,0.01060660171779821,stable_local_equilibrium,1.3253287356462806e-15,2,0.81655547841905,0.00027244569365949644,2.2313996441081971e-07,-2.230241308856641e-07,4.942373951550034,7.213440043681166e-05,0.00027244569365949644
direct_110,30.0,7.264933011426397,37,0.012472044184538178,0.012472044184538178,stable_local_equilibrium,5.80265002714242e-15,1,0.8165658581990893,0.00032039452458710894,3.0858835193111334e-07,-3.0839994728472494e-07,4.941871527669407,8.484698280620436e-05,0.00032039452458710894
direct_110,30.0,7.461282552275758,38,0.013858192987669297,0.013858192987669297,stable_local_equilibrium,4.010680676458378e-15,1,0.8165735751739661,0.0003560299924563272,3.810452002550322e-07,-3.8078665081418637e-07,4.941497530293087,9.429830820920008e-05,0.0003560299924563272
direct_110,30.0,7.6576320931251205,39,0.014711779206048454,0.014711779206048454,stable_local_equilibrium,6.218333140073362e-15,1,0.8165783290044826,0.0003779768680543294,4.294672503036754e-07,-4.291578534139066e-07,4.941266942661779,0.00010012053775369609,0.0003779768680543294
direct_110,30.0,7.853981633974483,40,0.015,0.015,stable_local_equilibrium,8.468920009718772e-15,1,0.8165799344763484,0.00038538787967365673,4.4647223013254963e-07,-4.4614427332719155e-07,4.94118903433798,0.0001020868311874789,0.00038538787967365673
direct_110,30.0,8.050331174823844,41,0.014711779206048459,0.014711779206048459,stable_local_equilibrium,9.086047886297521e-15,1,0.8165783290044824,0.0003779768680544082,4.2946725019922154e-07,-4.291578535180932e-07,4.94126694266179,0.00010012053775342414,0.0003779768680544082
direct_110,30.0,8.246680715673207,42,0.0138581929876693,0.0138581929876693,stable_local_equilibrium,7.574236376983734e-15,1,0.8165735751739664,0.00035602999245673534,3.8104520113495776e-07,-3.80786649935565e-07,4.941497530293071,9.429830820960799e-05,0.00035602999245673534
direct_110,30.0,8.443030256522569,43,0.012472044184538183,0.012472044184538183,stable_local_equilibrium,1.2483070133129104e-14,1,0.8165658581990899,0.0003203945245883777,3.0858835319784524e-07,-3.083999460208811e-07,4.941871527669386,8.484698280688424e-05,0.0003203945245883777
direct_110,30.0,8.63937979737193,44,0.010606601717798226,0.010606601717798226,stable_local_equilibrium,8.245791202621255e-15,1,0.8165554784190501,0.0002724456936599878,2.2313996477250723e-07,-2.230241305247883e-07,4.942373951550031,7.213440043694764e-05,0.0002724456936599878
direct_110,30.0,8.835729338221293,45,0.008333553495294034,0.008333553495294034,stable_local_equilibrium,8.982614999042404e-15,2,0.8165428391781925,0.00021403294936940293,1.3771732322888042e-07,-1.3766117491583598e-07,4.942984774015458,5.665455501832806e-05,0.00021403294936940293
direct_110,30.0,9.032078879070655,46,0.005740251485476357,0.005740251485476357,stable_local_equilibrium,4.00905437319965e-15,2,0.8165284306453232,0.00014740784577314283,6.532504389916475e-08,-6.530669938346232e-08,4.9436798019482495,3.900777828241247e-05,0.00014740784577314283
direct_110,30.0,9.228428419920018,47,0.0029263548302419194,0.0029263548302419194,stable_local_equilibrium,2.1212415504678894e-15,2,0.8165128102982312,7.513647858566108e-05,1.697275564831427e-08,-1.6970320102521816e-08,4.944431716411145,1.9876838292109642e-05,7.513647858566108e-05
direct_110,30.0,9.42477796076938,48,5.510910596163089e-18,5.510910596163089e-18,stable_local_equilibrium,2.6779346530943827e-15,2,0.8164965809270468,1.5187117399686833e-16,2.6541767792316434e-15,2.654176779231644e-15,4.945211215251884,-8.318889047813351e-13,1.5187117399686833e-16
direct_110,30.0,9.62112750161874,49,-0.0029263548302419086,-0.0029263548302419086,stable_local_equilibrium,2.135715649470571e-15,2,0.8164803670889249,-7.511283341745437e-05,1.696305106420897e-08,-1.6965470194380927e-08,4.945988200911724,-1.9857815917250013e-05,-7.511283341745437e-05
direct_110,30.0,9.817477042468104,50,-0.0057402514854763475,-0.0057402514854763475,stable_local_equilibrium,1.1117951177752605e-14,2,0.816464790976281,-0.0001473168647984092,6.525181454546552e-08,-6.52700736236147e-08,4.946732958439347,-3.8934579994098115e-05,-0.0001473168647984092
direct_110,30.0,10.013826583317465,51,-0.008333553495294025,-0.008333553495294025,stable_local_equilibrium,5.6215882643373405e-15,2,0.8164504486450165,-0.00021384119305786057,1.3749323055334075e-07,-1.3754912723455546e-07,4.9474172752574095,-5.6500276654113746e-05,-0.00021384119305786057
direct_110,30.0,10.210176124166829,52,-0.010606601717798219,-0.010606601717798219,stable_local_equilibrium,5.28656979303932e-15,2,0.8164378874943926,-0.00027213506445469224,2.2267793444232243e-07,-2.2279311824075382e-07,4.9480154630951,-7.188448145947426e-05,-0.00027213506445469224
direct_110,30.0,10.40652566501619,53,-0.012472044184538176,-0.012472044184538176,stable_local_equilibrium,3.1862533445004004e-15,1,0.8164275858047132,-0.00031996502218797294,3.078371578223965e-07,-3.0802434651069e-07,4.948505252341016,-8.450142306100548e-05,-0.00031996502218797294
direct_110,30.0,10.602875205865551,54,-0.013858192987669295,-0.013858192987669295,stable_local_equilibrium,8.255982703042619e-15,1,0.8164199350317455,-0.0003554997139915183,3.800146683367997e-07,-3.8027138624426265e-07,4.948868538585736,-9.387166801539651e-05,-0.0003554997139915183
direct_110,30.0,10.799224746714915,55,-0.014711779206048457,-0.014711779206048457,stable_local_equilibrium,2.2581762848528086e-15,1,0.8164152254359811,-0.00037737925305461096,4.282343239544585e-07,-4.2854139004210655e-07,4.949091969264947,-9.9639721274141e-05,-0.00037737925305461096
direct_110,30.0,10.995574287564276,56,-0.015,-0.015,stable_local_equilibrium,5.22672183311812e-15,1,0.8164136354973045,-0.00038476661920457394,4.451654119264604e-07,-4.4549086285800033e-07,4.949167364400837,-0.00010158699051414004,-0.00038476661920457394
direct_110,30.0,11.191923828413637,57,-0.014711779206048459,-0.014711779206048459,stable_local_equilibrium,4.616749690877775e-15,1,0.8164152254359812,-0.0003773792530546369,4.282343243903682e-07,-4.2854138960603784e-07,4.949091969264941,-9.963972127400503e-05,-0.0003773792530546369
direct_110,30.0,11.388273369263,58,-0.0138581929876693,-0.0138581929876693,stable_local_equilibrium,4.601354020028481e-15,1,0.8164199350317453,-0.00035549971399158873,3.800146688373971e-07,-3.802713857441801e-07,4.948868538585756,-9.387166801566845e-05,-0.00035549971399158873
direct_110,30.0,11.584622910112362,59,-0.012472044184538183,-0.012472044184538183,stable_local_equilibrium,3.9514832378406695e-15,1,0.8164275858047134,-0.00031996502218854393,3.0783715689964596e-07,-3.0802434743399334e-07,4.948505252340999,-8.450142306073354e-05,-0.00031996502218854393
direct_110,30.0,11.780972450961723,60,-0.010606601717798227,-0.010606601717798227,stable_local_equilibrium,1.1064283170214573e-14,1,0.8164378874943924,-0.0002721350644559707,2.2267793410738128e-07,-2.2279311857771573e-07,4.948015463095115,-7.188448145974621e-05,-0.0002721350644559707
direct_110,30.0,11.977321991811086,61,-0.008333553495294035,-0.008333553495294035,stable_local_equilibrium,1.0834432309647646e-14,2,0.8164504486450164,-0.00021384119305807204,1.3749323049886952e-07,-1.3754912728936826e-07,4.947417275257416,-5.650027665424972e-05,-0.00021384119305807204
direct_110,30.0,12.173671532660448,62,-0.005740251485476359,-0.005740251485476359,stable_local_equilibrium,9.754566945852083e-16,2,0.8164647909762807,-0.00014731686479876194,6.52518152441584e-08,-6.527007292542186e-08,4.946732958439362,-3.893457999450604e-05,-0.00014731686479876194
direct_110,30.0,12.370021073509811,63,-0.002926354830241921,-0.002926354830241921,stable_local_equilibrium,6.234325122117523e-15,2,0.8164803670889247,-7.511283341795545e-05,1.696304965337433e-08,-1.696547160548436e-08,4.9459882009117315,-1.985781591752196e-05,-7.511283341795545e-05
direct_110,30.0,12.566370614359172,64,-7.347880794884118e-18,-7.347880794884118e-18,stable_local_equilibrium,4.429036187735409e-15,2,0.8164965809270465,-4.1206779764104873e-16,2.1479340802408264e-15,2.1479340802408257e-15,4.945211215251896,-8.322968267679883e-13,-4.1206779764104873e-16
direct_110,50.0,0.0,0,0.0,0.0,stable_local_equilibrium,5.57124027183705e-15,1,0.8164965809270465,-3.17911157653278e-17,2.2134694413818707e-15,2.2134694413818707e-15,4.945211215251898,-8.322968267679883e-13,-3.17911157653278e-17
direct_110,50.0,0.19634954084936207,1,0.0048772580504032065,0.0048772580504032065,stable_local_equilibrium,3.97761251019757e-15,3,0.8165236385150753,0.00012524062263666568,4.715553767648412e-08,-4.714427875217284e-08,4.943910653691028,3.3138641338189356e-05,0.00012524062263666568
direct_110,50.0,0.39269908169872414,2,0.009567085809127246,0.009567085809127246,stable_local_equilibrium,7.853960537484994e-15,3,0.8165496970446839,0.0002457304550307946,1.8152645833363484e-07,-1.814414776623931e-07,4.942653482817275,6.505369183243305e-05,0.0002457304550307946
direct_110,50.0,0.5890486225480862,3,0.013889255825490054,0.013889255825490054,stable_local_equilibrium,3.0578838072781167e-15,3,0.8165737481472428,0.0003568286251391449,3.8275648672092116e-07,-3.824961993589189e-07,4.941489142741629,9.451015634272859e-05,0.0003568286251391449
direct_110,50.0,0.7853981633974483,4,0.01767766952966369,0.01767766952966369,stable_local_equilibrium,8.2199871909161e-15,2,0.816594857093871,0.00045424978317015616,6.202633271901561e-07,-6.197261634460518e-07,4.940464070961153,0.00012036323046611023,0.00045424978317015616
direct_110,50.0,0.9817477042468103,5,0.020786740307563632,0.020786740307563632,stable_local_equilibrium,5.008580356014036e-15,2,0.8166122003075342,0.0005342312032529171,8.578898169265005e-07,-8.570157786460539e-07,4.939619660223914,0.00014160424245356448,0.0005342312032529171
direct_110,50.0,1.1780972450961724,6,0.02309698831278217,0.02309698831278217,stable_local_equilibrium,1.2516029879172663e-15,2,0.8166250989013382,0.0005936802754342849,1.059419800528962e-06,-1.0582200440145448e-06,4.938990362890664,0.00015740172906309583,0.0005936802754342849
direct_110,50.0,1.3744467859455345,7,0.024519632010080762,0.024519632010080762,stable_local_equilibrium,2.409530908131785e-15,1,0.8166330466649171,0.0006302962737910529,1.1941147077026827e-06,-1.192678811035901e-06,4.938602061226973,0.00016713571174542375,0.0006302962737910529
direct_110,50.0,1.5707963267948966,8,0.025,0.025,stable_local_equilibrium,1.1641295566411358e-14,1,0.816635731131252,0.0006426612653257237,1.241419881257547e-06,-1.2398977406562234e-06,4.938470813109278,0.00017042349812150387,0.0006426612653257237
direct_110,50.0,1.7671458676442586,9,0.024519632010080762,0.024519632010080762,stable_local_equilibrium,3.7903707950093235e-16,1,0.8166330466649169,0.0006302962737914943,1.1941147081840686e-06,-1.1926788105551977e-06,4.938602061226993,0.0001671357117451518,0.0006302962737914943
direct_110,50.0,1.9634954084936207,10,0.02309698831278217,0.02309698831278217,stable_local_equilibrium,1.5061736580168628e-14,1,0.8166250989013388,0.0005936802754344716,1.0594198008883908e-06,-1.0582200436576167e-06,4.93899036289063,0.00015740172906391167,0.0005936802754344716
direct_110,50.0,2.1598449493429825,11,0.020786740307563636,0.020786740307563636,stable_local_equilibrium,1.2357302681120785e-14,2,0.8166122003075348,0.0005342312032535117,8.578898170493279e-07,-8.57015778526261e-07,4.939619660223895,0.00014160424245424435,0.0005342312032535117
direct_110,50.0,2.356194490192345,12,0.01767766952966369,0.01767766952966369,stable_local_equilibrium,1.7650811368064012e-15,2,0.8165948570938713,0.00045424978317156915,6.20263328152413e-07,-6.197261624874643e-07,4.940464070961145,0.00012036323046638217,0.00045424978317156915
direct_110,50.0,2.552544031041707,13,0.013889255825490054,0.013889255825490054,stable_local_equilibrium,1.874000087054295e-14,2,0.8165737481472424,0.0003568286251396879,3.827564863438835e-07,-3.8249619973613105e-07,4.941489142741646,9.45101563421847e-05,0.0003568286251396879
direct_110,50.0,2.748893571891069,14,0.009567085809127247,0.009567085809127247,stable_local_equilibrium,5.327552635159272e-15,3,0.8165496970446842,0.0002457304550314669,1.815264578107141e-07,-1.8144147818640016e-07,4.942653482817259,6.5053691832705e-05,0.0002457304550314669
direct_110,50.0,2.945243112740431,15,0.004877258050403215,0.004877258050403215,stable_local_equilibrium,9.577950411954195e-15,3,0.8165236385150754,0.0001252406226375358,4.715553743944247e-08,-4.7144278989822166e-08,4.943910653691028,3.313864133832533e-05,0.0001252406226375358
direct_110,50.0,3.141592653589793,16,3.061616997868383e-18,3.061616997868383e-18,stable_local_equilibrium,5.8042137572198394e-15,3,0.8164965809270464,1.3239509935441796e-16,9.821870806790748e-16,9.82187080679075e-16,4.945211215251913,-8.324328007635393e-13,1.3239509935441796e-16
direct_110,50.0,3.3379421944391554,17,-0.004877258050403209,-0.004877258050403209,stable_local_equilibrium,3.8829616605395856e-15,3,0.816469566486427,-0.00012517494158593097,4.7110614496808686e-08,-4.7121818502723343e-08,4.94650479575398,-3.3085798434514175e-05,-0.00012517494158593097
direct_110,50.0,3.5342917352885173,18,-0.009567085809127242,-0.009567085809127242,stable_local_equilibrium,5.756463014594537e-15,3,0.8164436308304542,-0.0002454777296661291,1.811873975873308e-07,-1.812719462378817e-07,4.947742086242591,-6.48503600733201e-05,-0.0002454777296661291
direct_110,50.0,3.730641276137879,19,-0.01388925582549005,-0.01388925582549005,stable_local_equilibrium,1.1470858984896637e-15,3,0.8164197636218703,-0.00035629596678133236,3.8171901436241176e-07,-3.8197745725960064e-07,4.948876673186973,-9.408160138093227e-05,-0.00035629596678133236
direct_110,50.0,3.9269908169872414,20,-0.017677669529663688,-0.017677669529663688,stable_local_equilibrium,4.70760583293206e-15,2,0.8163988715938725,-0.00045338691918390885,6.181242947923061e-07,-6.18656643627796e-07,4.949866648706515,-0.00011966900552423285,-0.00045338691918390885
direct_110,50.0,4.123340357836604,21,-0.020786740307563632,-0.020786740307563632,stable_local_equilibrium,2.6385144069607236e-15,2,0.8163817452998113,-0.0005330381313097596,8.544120251548003e-07,-8.55276884694446e-07,4.950675963128982,-0.00014064434634156168,-0.0005330381313097596
direct_110,50.0,4.319689898685965,22,-0.023096988312782164,-0.023096988312782164,stable_local_equilibrium,3.164135620181696e-15,2,0.8163690306023275,-0.0005922072648801587,1.054648769113168e-06,-1.0558345415281796e-06,4.951275507201114,-0.00015621660687623092,-0.0005922072648801587
direct_110,50.0,4.516039439535327,23,-0.02451963201008076,-0.02451963201008076,stable_local_equilibrium,2.3540197569005272e-15,1,0.8163612057147309,-0.0006286362133053265,1.188406639134938e-06,-1.1898247995880379e-06,4.951643928349699,-0.0001658000978293107,-0.0006286362133053265
direct_110,50.0,4.71238898038469,24,-0.025,-0.025,stable_local_equilibrium,3.034898721221424e-15,1,0.8163585643967768,-0.0006409355214611849,1.2353697100625247e-06,-1.2368726799229335e-06,4.9517681953548065,-0.00016903503844734952,-0.0006409355214611849
direct_110,50.0,4.908738521234052,25,-0.024519632010080762,-0.024519632010080762,stable_local_equilibrium,6.4791921827733745e-16,1,0.8163612057147308,-0.0006286362133053783,1.1884066388252708e-06,-1.1898247998982125e-06,4.951643928349707,-0.00016580009782944668,-0.0006286362133053783
direct_110,50.0,5.105088062083414,26,-0.023096988312782167,-0.023096988312782167,stable_local_equilibrium,2.2425637735690174e-15,1,0.8163690306023272,-0.0005922072648805843,1.0546487685331536e-06,-1.0558345421100936e-06,4.951275507201128,-0.00015621660687650286,-0.0005922072648805843
direct_110,50.0,5.301437602932776,27,-0.02078674030756364,-0.02078674030756364,stable_local_equilibrium,6.067195357228883e-15,2,0.8163817452998114,-0.0005330381313100605,8.544120265215961e-07,-8.552768833281516e-07,4.950675963128978,-0.0001406443463414257,-0.0005330381313100605
direct_110,50.0,5.497787143782138,28,-0.01767766952966369,-0.01767766952966369,stable_local_equilibrium,6.423681031542117e-15,2,0.8163988715938727,-0.000453386919184669,6.181242941841987e-07,-6.186566442371111e-07,4.949866648706504,-0.00011966900552396091,-0.000453386919184669
direct_110,50.0,5.6941366846315,29,-0.013889255825490054,-0.013889255825490054,stable_local_equilibrium,6.255412854372366e-15,2,0.81641976362187,-0.00035629596678268236,3.8171901437688395e-07,-3.8197745724809624e-07,4.948876673187,-9.408160138134019e-05,-0.00035629596678268236
direct_110,50.0,5.890486225480862,30,-0.009567085809127261,-0.009567085809127261,stable_local_equilibrium,1.1912562949967231e-14,3,0.8164436308304538,-0.00024547772966658434,1.8118739649784338e-07,-1.8127194732846212e-07,4.947742086242616,-6.4850360073864e-05,-0.00024547772966658434
direct_110,50.0,6.086835766330224,31,-0.004877258050403219,-0.004877258050403219,stable_local_equilibrium,2.9807970328143973e-15,3,0.8164695664864267,-0.00012517494158660616,4.7110614211645694e-08,-4.712181878851081e-08,4.946504795753994,-3.308579843492209e-05,-0.00012517494158660616
direct_110,50.0,6.283185307179586,32,-6.123233995736766e-18,-6.123233995736766e-18,stable_local_equilibrium,3.806366392133617e-15,3,0.8164965809270467,-7.28407647278728e-16,2.283838450521492e-15,2.2838384505214914e-15,4.945211215251891,-8.320248787768862e-13,-7.28407647278728e-16
direct_110,50.0,6.4795348480289485,33,0.0048772580504032065,0.0048772580504032065,stable_local_equilibrium,3.65896549170408e-15,3,0.816523638515075,0.00012524062263672824,4.715553680445629e-08,-4.7144279624101924e-08,4.943910653691039,3.3138641337917405e-05,0.00012524062263672824
direct_110,50.0,6.675884388878311,34,0.009567085809127249,0.009567085809127249,stable_local_equilibrium,7.854394218353988e-15,3,0.8165496970446839,0.00024573045503085826,1.8152645833363484e-07,-1.8144147766247056e-07,4.942653482817275,6.505369183243305e-05,0.00024573045503085826
direct_110,50.0,6.872233929727672,35,0.013889255825490048,0.013889255825490048,stable_local_equilibrium,2.2627299339772478e-15,3,0.8165737481472428,0.00035682862513913285,3.8275648663541964e-07,-3.8249619944439903e-07,4.9414891427416325,9.451015634272859e-05,0.00035682862513913285
direct_110,50.0,7.0685834705770345,36,0.017677669529663684,0.017677669529663684,stable_local_equilibrium,8.219119829178112e-15,2,0.816594857093871,0.000454249783170134,6.202633271901561e-07,-6.197261634460014e-07,4.940464070961153,0.00012036323046611023,0.000454249783170134
direct_110,50.0,7.264933011426397,37,0.020786740307563632,0.020786740307563632,stable_local_equilibrium,2.768618667658984e-15,2,0.8166122003075343,0.0005342312032529273,8.578898176205015e-07,-8.570157779523729e-07,4.939619660223914,0.00014160424245370044,0.0005342312032529273
direct_110,50.0,7.461282552275758,38,0.023096988312782164,0.023096988312782164,stable_local_equilibrium,5.3572597746853745e-15,2,0.8166250989013386,0.0005936802754342897,1.0594198005897884e-06,-1.0582200439550333e-06,4.938990362890647,0.00015740172906363972,0.0005936802754342897
direct_110,50.0,7.6576320931251205,39,0.02451963201008076,0.02451963201008076,stable_local_equilibrium,8.84535500400574e-15,1,0.816633046664917,0.0006302962737910541,1.194114708469588e-06,-1.192678810268653e-06,4.938602061226979,0.0001671357117452878,0.0006302962737910541
direct_110,50.0,7.853981633974483,40,0.025,0.025,stable_local_equilibrium,3.738329090730019e-15,1,0.8166357311312518,0.000642661265325729,1.2414198808039512e-06,-1.2398977411091315e-06,4.938470813109283,0.0001704234981212319,0.000642661265325729
direct_110,50.0,8.050331174823844,41,0.02451963201008077,0.02451963201008077,stable_local_equilibrium,5.7827007071686864e-15,1,0.8166330466649172,0.0006302962737915067,1.1941147086678178e-06,-1.1926788100725247e-06,4.938602061226971,0.00016713571174555974,0.0006302962737915067
direct_110,50.0,8.246680715673207,42,0.02309698831278217,0.02309698831278217,stable_local_equilibrium,2.573028595742599e-15,1,0.8166250989013385,0.0005936802754344818,1.0594198002954648e-06,-1.0582200442495958e-06,4.938990362890645,0.00015740172906350373,0.0005936802754344818
direct_110,50.0,8.443030256522569,43,0.02078674030756364,0.02078674030756364,stable_local_equilibrium,4.888450755302642e-15,2,0.8166122003075345,0.0005342312032535173,8.578898181708223e-07,-8.570157774039026e-07,4.939619660223902,0.00014160424245383642,0.0005342312032535173
direct_110,50.0,8.63937979737193,44,0.01767766952966371,0.01767766952966371,stable_local_equilibrium,1.958069123508821e-15,2,0.8165948570938715,0.00045424978317143617,6.202633288459832e-07,-6.19726161794095e-07,4.940464070961131,0.00012036323046665412,0.00045424978317143617
direct_110,50.0,8.835729338221293,45,0.013889255825490058,0.013889255825490058,stable_local_equilibrium,1.701893834193946e-14,2,0.8165737481472424,0.0003568286251397326,3.827564863441425e-07,-3.8249619973595127e-07,4.941489142741645,9.45101563421847e-05,0.0003568286251397326
direct_110,50.0,9.032078879070655,46,0.009567085809127263,0.009567085809127263,stable_local_equilibrium,5.329721039504243e-15,3,0.8165496970446842,0.0002457304550315447,1.815264578107141e-07,-1.814414781864953e-07,4.942653482817259,6.5053691832705e-05,0.0002457304550315447
direct_110,50.0,9.228428419920018,47,0.0048772580504032,0.0048772580504032,stable_local_equilibrium,9.571987300005524e-15,3,0.8165236385150754,0.00012524062263758219,4.715553743947672e-08,-4.71442789898163e-08,4.943910653691026,3.313864133832533e-05,0.00012524062263758219
direct_110,50.0,9.42477796076938,48,9.184850993605149e-18,9.184850993605149e-18,stable_local_equilibrium,9.519744033765207e-16,3,0.8164965809270466,1.3221530254929283e-16,2.196854053270457e-15,2.196854053270458e-15,4.945211215251895,-8.321608527724372e-13,1.3221530254929283e-16
direct_110,50.0,9.62112750161874,49,-0.004877258050403181,-0.004877258050403181,stable_local_equilibrium,4.82730175277446e-15,3,0.8164695664864269,-0.0001251749415859322,4.711061416913669e-08,-4.7121818830464306e-08,4.946504795753984,-3.308579843465015e-05,-0.0001251749415859322
direct_110,50.0,9.817477042468104,50,-0.009567085809127247,-0.009567085809127247,stable_local_equilibrium,3.3193933712816204e-15,3,0.8164436308304543,-0.0002454777296661308,1.8118739736811743e-07,-1.8127194645696247e-07,4.947742086242585,-6.485036007318412e-05,-0.0002454777296661308
direct_110,50.0,10.013826583317465,51,-0.013889255825490044,-0.013889255825490044,stable_local_equilibrium,1.6566609195578508e-15,3,0.8164197636218701,-0.00035629596678139785,3.8171901362772947e-07,-3.8197745799478956e-07,4.948876673186986,-9.408160138120422e-05,-0.00035629596678139785
direct_110,50.0,10.210176124166829,52,-0.0176776695296637,-0.0176776695296637,stable_local_equilibrium,3.3328374782204406e-15,2,0.8163988715938723,-0.0004533869191838402,6.181242944589062e-07,-6.186566439615404e-07,4.949866648706527,-0.00011966900552450481,-0.0004533869191838402
direct_110,50.0,10.40652566501619,53,-0.02078674030756363,-0.02078674030756363,stable_local_equilibrium,7.782403194100951e-15,2,0.8163817452998111,-0.0005330381313098401,8.544120253407244e-07,-8.552768845093197e-07,4.950675963128984,-0.00014064434634183362,-0.0005330381313098401
direct_110,50.0,10.602875205865551,54,-0.02309698831278216,-0.02309698831278216,stable_local_equilibrium,3.647256108241237e-15,2,0.8163690306023275,-0.0005922072648800958,1.0546487689423332e-06,-1.0558345416988299e-06,4.951275507201118,-0.00015621660687623092,-0.0005922072648800958
direct_110,50.0,10.799224746714915,55,-0.024519632010080766,-0.024519632010080766,stable_local_equilibrium,2.200930410145574e-15,1,0.8163612057147308,-0.0006286362133053095,1.1884066389532332e-06,-1.1898247997700358e-06,4.951643928349704,-0.00016580009782944668,-0.0006286362133053095
direct_110,50.0,10.995574287564276,56,-0.025,-0.025,stable_local_equilibrium,1.8127860323957634e-15,1,0.8163585643967767,-0.0006409355214613032,1.2353697098924172e-06,-1.2368726800937686e-06,4.951768195354807,-0.00016903503844748548,-0.0006409355214613032
direct_110,50.0,11.191923828413637,57,-0.02451963201008077,-0.02451963201008077,stable_local_equilibrium,5.3746070094451426e-15,1,0.816361205714731,-0.0006286362133053465,1.1884066389983082e-06,-1.1898247997243852e-06,4.951643928349704,-0.00016580009782917474,-0.0006286362133053465
direct_110,50.0,11.388273369263,58,-0.02309698831278217,-0.02309698831278217,stable_local_equilibrium,1.811484989788781e-15,1,0.8163690306023271,-0.0005922072648805753,1.0546487682754118e-06,-1.0558345423681352e-06,4.951275507201134,-0.00015621660687663885,-0.0005922072648805753
direct_110,50.0,11.584622910112362,59,-0.02078674030756364,-0.02078674030756364,stable_local_equilibrium,3.2009984940462033e-15,2,0.8163817452998112,-0.0005330381313100496,8.544120253670927e-07,-8.552768844832124e-07,4.9506759631289805,-0.00014064434634169763,-0.0005330381313100496
direct_110,50.0,11.780972450961723,60,-0.017677669529663712,-0.017677669529663712,stable_local_equilibrium,7.5842110369706e-15,2,0.8163988715938726,-0.00045338691918468145,6.181242943178761e-07,-6.186566441037124e-07,4.949866648706509,-0.00011966900552409688,-0.00045338691918468145
direct_110,50.0,11.977321991811086,61,-0.013889255825490061,-0.013889255825490061,stable_local_equilibrium,6.254328652199881e-15,2,0.81641976362187,-0.0003562959667826847,3.8171901437688395e-07,-3.819774572481009e-07,4.948876673187,-9.408160138134019e-05,-0.0003562959667826847
direct_110,50.0,12.173671532660448,62,-0.009567085809127266,-0.009567085809127266,stable_local_equilibrium,1.191191242866374e-14,3,0.8164436308304538,-0.00024547772966658764,1.8118739649784338e-07,-1.812719473284663e-07,4.947742086242616,-6.4850360073864e-05,-0.00024547772966658764
direct_110,50.0,12.370021073509811,63,-0.004877258050403202,-0.004877258050403202,stable_local_equilibrium,2.9828570169421198e-15,3,0.8164695664864267,-0.00012517494158658442,4.7110614211645694e-08,-4.712181878849703e-08,4.946504795753994,-3.308579843492209e-05,-0.00012517494158658442
direct_110,50.0,12.566370614359172,64,-1.2246467991473533e-17,-1.2246467991473533e-17,stable_local_equilibrium,3.805596746274413e-15,3,0.8164965809270467,-7.05918163177324e-16,2.283838450521492e-15,2.2838384505214906e-15,4.945211215251891,-8.320248787768862e-13,-7.05918163177324e-16
shockley_112,10.0,0.0,0,0.0,0.0,stable_local_equilibrium,5.5712402718338185e-15,1,0.8164965809270465,-4.3216771230546325e-17,2.2134694413818707e-15,2.2134694413818707e-15,4.945211215251899,-8.322968267679883e-13,-2.4951214503462397e-17
shockley_112,10.0,0.19634954084936207,1,0.0009754516100806413,0.0009754516100806413,stable_local_equilibrium,2.855652997055258e-15,1,0.8165019889909451,2.5044719377576893e-05,1.8856577687280337e-09,-1.8854854493932044e-09,4.9442187588336735,6.623497691663152e-06,1.4459575474422657e-05
shockley_112,10.0,0.39269908169872414,2,0.001913417161825449,0.001913417161825449,stable_local_equilibrium,1.5096702100231285e-15,1,0.8165071908544365,4.913296586418866e-05,7.2567808917776755e-09,-7.255518355248569e-09,4.94326409519159,1.2994453324434114e-05,2.836693106777402e-05
shockley_112,10.0,0.5890486225480862,3,0.002777851165098011,0.002777851165098011,stable_local_equilibrium,8.84562605454886e-15,1,0.8165119863336501,7.133801718470616e-05,1.5297152327940942e-08,-1.5293296106585023e-08,4.942383971028146,1.88676918971742e-05,4.118702342504425e-05
shockley_112,10.0,0.7853981633974483,4,0.003535533905932738,0.003535533905932738,stable_local_equilibrium,7.627579123870021e-15,1,0.8165161907225065,9.080500885555406e-05,2.478347359580592e-08,-2.4775536723617064e-08,4.941612298166909,2.401699558638504e-05,5.2426296306520494e-05
shockley_112,10.0,0.9817477042468103,5,0.004157348061512726,0.004157348061512726,stable_local_equilibrium,6.255087593720621e-15,1,0.8165196419545662,0.0001067840200354568,3.427156110722675e-08,-3.425865283685693e-08,4.940978836770171,2.824387435147559e-05,6.165178271262138e-05
shockley_112,10.0,1.1780972450961724,6,0.004619397662556434,0.004619397662556434,stable_local_equilibrium,4.485994908876023e-15,1,0.8165222069064509,0.00011865916928626539,4.231634882136031e-08,-4.2298638492097175e-08,4.94050803564795,3.138528601772107e-05,6.85079033292427e-05
shockley_112,10.0,1.3744467859455345,7,0.004903926402016152,0.004903926402016152,stable_local_equilibrium,3.905296225292787e-16,1,0.8165237865891097,0.0001259725598585901,4.769224227976414e-08,-4.767105961483947e-08,4.940218076666984,3.331999425250299e-05,7.273029134486324e-05
shockley_112,10.0,1.5707963267948966,8,0.005,0.005,stable_local_equilibrium,1.7619369505061933e-15,1,0.8165243200159098,0.00012844211185158994,4.958010228676177e-08,-4.955765132756603e-08,4.94012016242871,3.397330599014484e-05,7.415608785279947e-05
shockley_112,10.0,1.7671458676442586,9,0.004903926402016152,0.004903926402016152,stable_local_equilibrium,3.293155678707471e-15,1,0.81652378658911,0.0001259725598586586,4.7692243530588574e-08,-4.767105836419593e-08,4.940218076666973,3.3319994252774936e-05,7.27302913449028e-05
shockley_112,10.0,1.9634954084936207,10,0.004619397662556434,0.004619397662556434,stable_local_equilibrium,3.819969514318178e-15,1,0.8165222069064509,0.00011865916928633212,4.231634873599436e-08,-4.2298638577502263e-08,4.94050803564795,3.138528601772107e-05,6.850790332928122e-05
shockley_112,10.0,2.1598449493429825,11,0.004157348061512727,0.004157348061512727,stable_local_equilibrium,2.152900253904466e-15,1,0.8165196419545658,0.0001067840200355526,3.427156240742884e-08,-3.4258651536529635e-08,4.940978836770187,2.824387435106767e-05,6.165178271267669e-05
shockley_112,10.0,2.356194490192345,12,0.003535533905932738,0.003535533905932738,stable_local_equilibrium,9.020128394210403e-15,1,0.8165161907225063,9.080500885559567e-05,2.4783475092972706e-08,-2.4775535226369287e-08,4.941612298166918,2.401699558611309e-05,5.2426296306544516e-05
shockley_112,10.0,2.552544031041707,13,0.002777851165098011,0.002777851165098011,stable_local_equilibrium,5.259464738727182e-16,1,0.8165119863336503,7.133801718487717e-05,1.5297152508198867e-08,-1.5293295926465707e-08,4.942383971028132,1.8867691897446147e-05,4.118702342514298e-05
shockley_112,10.0,2.748893571891069,14,0.0019134171618254495,0.0019134171618254495,stable_local_equilibrium,4.1258229471763386e-15,1,0.8165071908544363,4.9132965864381405e-05,7.256780484630194e-09,-7.255518762415903e-09,4.943264095191589,1.299445332429814e-05,2.83669310678853e-05
shockley_112,10.0,2.945243112740431,15,0.000975451610080643,0.000975451610080643,stable_local_equilibrium,2.4109674760103283e-15,1,0.8165019889909451,2.5044719377833466e-05,1.8856577687419018e-09,-1.8854854494111157e-09,4.9442187588336655,6.623497691663152e-06,1.445957547457079e-05
shockley_112,10.0,3.141592653589793,16,6.123233995736766e-19,6.123233995736766e-19,stable_local_equilibrium,5.804164014845847e-16,1,0.8164965809270466,2.1390291555062654e-17,2.2593784640059342e-15,2.2593784640059342e-15,4.9452112152518914,-8.321608527724372e-13,1.2349690587360003e-17
shockley_112,10.0,3.3379421944391554,17,-0.0009754516100806418,-0.0009754516100806418,stable_local_equilibrium,5.7968766505739344e-15,1,0.816491174589044,-2.503838108954188e-05,1.884998976467839e-09,-1.885145775661216e-09,4.946203304069783,-6.621385573868707e-06,-1.4455916062119442e-05
shockley_112,10.0,3.5342917352885173,18,-0.0019134171618254484,-0.0019134171618254484,stable_local_equilibrium,3.985689816382587e-15,1,0.8164859776404879,-4.910857765433237e-05,7.25176670978995e-09,-7.25299552339137e-09,4.947156920874645,-1.2986321664779474e-05,-2.8352850528248436e-05
shockley_112,10.0,3.730641276137879,19,-0.00277785116509801,-0.00277785116509801,stable_local_equilibrium,7.159908516768398e-15,1,0.8164811895169973,-7.12866153462014e-05,1.5281779344000766e-08,-1.528560653984664e-08,4.948035478335205,-1.885055135346236e-05,-4.1157346559746686e-05
shockley_112,10.0,3.9269908169872414,20,-0.0035355339059327372,-0.0035355339059327372,stable_local_equilibrium,3.3140807806364414e-15,1,0.816476993804811,-9.072174225247577e-05,2.4751782225918876e-08,-2.4759678258890357e-08,4.948805303144065,-2.3989228335529792e-05,-5.237822231081873e-05
shockley_112,10.0,4.123340357836604,21,-0.004157348061512726,-0.004157348061512726,stable_local_equilibrium,6.655917136888512e-15,1,0.8164735512494247,-0.0001066688886494086,3.4220024576741596e-08,-3.4232879521279406e-08,4.949436916488073,-2.8205480389397717e-05,-6.158531157589428e-05
shockley_112,10.0,4.319689898685965,22,-0.004619397662556432,-0.004619397662556432,stable_local_equilibrium,2.558608706848542e-15,1,0.8164709936532711,-0.00011851702422662104,4.2245644622783276e-08,-4.2263284902014846e-08,4.949906150906543,-3.1337883161523915e-05,-6.842583584079306e-05
shockley_112,10.0,4.516039439535327,23,-0.0049039264020161516,-0.0049039264020161516,stable_local_equilibrium,8.775532384097673e-16,1,0.8164694188855556,-0.00012581236483199555,4.760765743901127e-08,-4.7628756972983766e-08,4.950195063049416,-3.326657184479149e-05,-7.263780270313605e-05
shockley_112,10.0,4.71238898038469,24,-0.005,-0.005,stable_local_equilibrium,5.434129708714597e-15,1,0.8164688871846547,-0.0001282755785182038,4.949044716407475e-08,-4.9512814250461966e-08,4.950292609687004,-3.391776979623797e-05,-7.405993978793994e-05
shockley_112,10.0,4.908738521234052,25,-0.004903926402016152,-0.004903926402016152,stable_local_equilibrium,2.7386946876983842e-15,1,0.8164694188855558,-0.00012581236483190586,4.760765491632765e-08,-4.762875949547334e-08,4.9501950630494065,-3.326657184451955e-05,-7.263780270308426e-05
shockley_112,10.0,5.105088062083414,26,-0.004619397662556433,-0.004619397662556433,stable_local_equilibrium,4.617725472833012e-15,1,0.8164709936532709,-0.00011851702422667322,4.224564778064633e-08,-4.226328174431263e-08,4.949906150906548,-3.133788316179587e-05,-6.842583584082319e-05
shockley_112,10.0,5.301437602932776,27,-0.004157348061512727,-0.004157348061512727,stable_local_equilibrium,6.656133977323009e-15,1,0.8164735512494247,-0.0001066688886493951,3.4220024576741596e-08,-3.423287952127231e-08,4.949436916488073,-2.8205480389397717e-05,-6.158531157588647e-05
shockley_112,10.0,5.497787143782138,28,-0.0035355339059327385,-0.0035355339059327385,stable_local_equilibrium,5.535827872493737e-15,1,0.8164769938048109,-9.07217422525694e-05,2.475178213896927e-08,-2.4759678345931834e-08,4.948805303144073,-2.3989228335665768e-05,-5.2378222310872794e-05
shockley_112,10.0,5.6941366846315,29,-0.002777851165098011,-0.002777851165098011,stable_local_equilibrium,5.45369955792796e-15,1,0.8164811895169972,-7.128661534627522e-05,1.528177965949405e-08,-1.528560622441856e-08,4.948035478335203,-1.8850551353598334e-05,-4.115734655978931e-05
shockley_112,10.0,5.890486225480862,30,-0.001913417161825452,-0.001913417161825452,stable_local_equilibrium,4.986327106423771e-15,1,0.8164859776404878,-4.910857765443633e-05,7.251766273938487e-09,-7.252995959295079e-09,4.947156920874662,-1.2986321664915448e-05,-2.8352850528308457e-05
shockley_112,10.0,6.086835766330224,31,-0.0009754516100806437,-0.0009754516100806437,stable_local_equilibrium,6.945453327050766e-15,1,0.8164911745890442,-2.503838108964985e-05,1.884999433793457e-09,-1.885145318321479e-09,4.946203304069773,-6.621385573596758e-06,-1.4455916062181777e-05
shockley_112,10.0,6.283185307179586,32,-1.2246467991473532e-18,-1.2246467991473532e-18,stable_local_equilibrium,1.6434897111178897e-15,1,0.8164965809270466,-2.871367079500826e-16,2.174005282755072e-15,2.174005282755072e-15,4.945211215251902,-8.321608527724372e-13,-1.6577845562920314e-16
shockley_112,10.0,6.4795348480289485,33,0.0009754516100806413,0.0009754516100806413,stable_local_equilibrium,3.016006498365864e-15,1,0.8165019889909447,2.5044719377590154e-05,1.8856582527936476e-09,-1.8854849652879867e-09,4.944218758833699,6.62349769125523e-06,1.4459575474430312e-05
shockley_112,10.0,6.675884388878311,34,0.0019134171618254497,0.0019134171618254497,stable_local_equilibrium,1.415236200799641e-15,1,0.8165071908544365,4.913296586420278e-05,7.256780806394708e-09,-7.255518440634972e-09,4.94326409519159,1.2994453324434114e-05,2.836693106778217e-05
shockley_112,10.0,6.872233929727672,35,0.002777851165098009,0.002777851165098009,stable_local_equilibrium,8.84535500400574e-15,1,0.8165119863336501,7.133801718470105e-05,1.5297152327940942e-08,-1.5293296106583196e-08,4.942383971028146,1.88676918971742e-05,4.11870234250413e-05
shockley_112,10.0,7.0685834705770345,36,0.003535533905932737,0.003535533905932737,stable_local_equilibrium,7.627470703652772e-15,1,0.8165161907225065,9.080500885554891e-05,2.478347359580592e-08,-2.4775536723614742e-08,4.941612298166909,2.401699558638504e-05,5.242629630651752e-05
shockley_112,10.0,7.264933011426397,37,0.004157348061512726,0.004157348061512726,stable_local_equilibrium,6.255087593720621e-15,1,0.8165196419545662,0.00010678402003545165,3.427156110722675e-08,-3.42586528368542e-08,4.940978836770171,2.824387435147559e-05,6.16517827126184e-05
shockley_112,10.0,7.461282552275758,38,0.004619397662556432,0.004619397662556432,stable_local_equilibrium,4.285417506966205e-15,1,0.8165222069064509,0.00011865916928626016,4.2316348735937004e-08,-4.2298638577517384e-08,4.940508035647951,3.138528601772107e-05,6.850790332923968e-05
shockley_112,10.0,7.6576320931251205,39,0.0049039264020161516,0.0049039264020161516,stable_local_equilibrium,3.9063804274652725e-16,1,0.8165237865891097,0.00012597255985857936,4.769224227976414e-08,-4.7671059614832774e-08,4.940218076666984,3.331999425250299e-05,7.273029134485704e-05
shockley_112,10.0,7.853981633974483,40,0.005,0.005,stable_local_equilibrium,1.7619369505061933e-15,1,0.8165243200159098,0.0001284421118515792,4.958010228676177e-08,-4.9557651327559225e-08,4.94012016242871,3.397330599014484e-05,7.415608785279328e-05
shockley_112,10.0,8.050331174823844,41,0.004903926402016153,0.004903926402016153,stable_local_equilibrium,3.0422712959943254e-16,1,0.8165237865891101,0.00012597255985865322,4.769224384930119e-08,-4.7671058045549093e-08,4.940218076666968,3.3319994252910916e-05,7.273029134489968e-05
shockley_112,10.0,8.246680715673207,42,0.004619397662556434,0.004619397662556434,stable_local_equilibrium,8.944667923005412e-16,1,0.816522206906451,0.00011865916928630686,4.231634902557476e-08,-4.229863828797214e-08,4.940508035647941,3.138528601785704e-05,6.850790332926664e-05
shockley_112,10.0,8.443030256522569,43,0.004157348061512728,0.004157348061512728,stable_local_equilibrium,2.8425612558224955e-15,1,0.8165196419545658,0.00010678402003553329,3.427156257815538e-08,-3.425865136579292e-08,4.940978836770186,2.824387435106767e-05,6.165178271266554e-05
shockley_112,10.0,8.63937979737193,44,0.003535533905932742,0.003535533905932742,stable_local_equilibrium,9.020616285188021e-15,1,0.8165161907225063,9.080500885559948e-05,2.4783475092972706e-08,-2.4775535226371054e-08,4.941612298166918,2.401699558611309e-05,5.242629630654671e-05
shockley_112,10.0,8.835729338221293,45,0.0027778511650980117,0.0027778511650980117,stable_local_equilibrium,5.258922637640939e-16,1,0.8165119863336503,7.1338017184881e-05,1.5297152508198867e-08,-1.5293295926467063e-08,4.942383971028132,1.8867691897446147e-05,4.1187023425145196e-05
shockley_112,10.0,9.032078879070655,46,0.0019134171618254525,0.0019134171618254525,stable_local_equilibrium,4.1262024179367085e-15,1,0.8165071908544363,4.913296586438539e-05,7.256780484630194e-09,-7.255518762416892e-09,4.943264095191589,1.299445332429814e-05,2.83669310678876e-05
shockley_112,10.0,9.228428419920018,47,0.0009754516100806399,0.0009754516100806399,stable_local_equilibrium,2.4113740518250104e-15,1,0.8165019889909451,2.5044719377837284e-05,1.8856577687419018e-09,-1.8854854494115756e-09,4.9442187588336655,6.623497691663152e-06,1.4459575474572993e-05
shockley_112,10.0,9.42477796076938,48,1.8369701987210296e-18,1.8369701987210296e-18,stable_local_equilibrium,5.805678075479777e-16,1,0.8164965809270466,2.5273253746652193e-17,2.2593784640059342e-15,2.2593784640059342e-15,4.9452112152518914,-8.321608527724372e-13,1.4591519853927363e-17
shockley_112,10.0,9.62112750161874,49,-0.0009754516100806363,-0.0009754516100806363,stable_local_equilibrium,5.796199024216131e-15,1,0.816491174589044,-2.503838108953772e-05,1.884998976467839e-09,-1.88514577566068e-09,4.946203304069783,-6.621385573868707e-06,-1.445591606211704e-05
shockley_112,10.0,9.817477042468104,50,-0.0019134171618254492,-0.0019134171618254492,stable_local_equilibrium,3.9857711315455235e-15,1,0.8164859776404879,-4.9108577654328245e-05,7.25176670978995e-09,-7.252995523390374e-09,4.947156920874645,-1.2986321664779474e-05,-2.8352850528246054e-05
shockley_112,10.0,10.013826583317465,51,-0.0027778511650980086,-0.0027778511650980086,stable_local_equilibrium,7.159745886442526e-15,1,0.8164811895169973,-7.128661534619721e-05,1.5281779344000766e-08,-1.5285606539845152e-08,4.948035478335205,-1.885055135346236e-05,-4.1157346559744266e-05
shockley_112,10.0,10.210176124166829,52,-0.0035355339059327394,-0.0035355339059327394,stable_local_equilibrium,3.3137013098760715e-15,1,0.816476993804811,-9.072174225247173e-05,2.4751782225918876e-08,-2.4759678258888584e-08,4.948805303144065,-2.3989228335529792e-05,-5.23782223108164e-05
shockley_112,10.0,10.40652566501619,53,-0.004157348061512725,-0.004157348061512725,stable_local_equilibrium,6.655917136888512e-15,1,0.8164735512494247,-0.00010666888864940457,3.4220024576741596e-08,-3.4232879521277275e-08,4.949436916488073,-2.8205480389397717e-05,-6.158531157589195e-05
shockley_112,10.0,10.602875205865551,54,-0.004619397662556432,-0.004619397662556432,stable_local_equilibrium,2.558608706848542e-15,1,0.8164709936532711,-0.000118517024226617,4.2245644622783276e-08,-4.2263284902012477e-08,4.949906150906543,-3.1337883161523915e-05,-6.842583584079073e-05
shockley_112,10.0,10.799224746714915,55,-0.004903926402016152,-0.004903926402016152,stable_local_equilibrium,8.774448181925187e-16,1,0.8164694188855556,-0.00012581236483199157,4.760765743901127e-08,-4.7628756972981304e-08,4.950195063049416,-3.326657184479149e-05,-7.263780270313374e-05
shockley_112,10.0,10.995574287564276,56,-0.005,-0.005,stable_local_equilibrium,5.434129708714597e-15,1,0.8164688871846547,-0.0001282755785181998,4.949044716407475e-08,-4.951281425045944e-08,4.950292609687004,-3.391776979623797e-05,-7.405993978793763e-05
shockley_112,10.0,11.191923828413637,57,-0.004903926402016153,-0.004903926402016153,stable_local_equilibrium,2.7388031079156328e-15,1,0.8164694188855558,-0.00012581236483190193,4.760765491632765e-08,-4.7628759495470905e-08,4.9501950630494065,-3.326657184451955e-05,-7.263780270308198e-05
shockley_112,10.0,11.388273369263,58,-0.004619397662556434,-0.004619397662556434,stable_local_equilibrium,4.617725472833012e-15,1,0.8164709936532709,-0.00011851702422666929,4.224564778064633e-08,-4.226328174431033e-08,4.949906150906548,-3.133788316179587e-05,-6.842583584082091e-05
shockley_112,10.0,11.584622910112362,59,-0.004157348061512728,-0.004157348061512728,stable_local_equilibrium,6.656242397540257e-15,1,0.8164735512494247,-0.00010666888864939122,3.4220024576741596e-08,-3.4232879521270274e-08,4.949436916488073,-2.8205480389397717e-05,-6.158531157588423e-05
shockley_112,10.0,11.780972450961723,60,-0.0035355339059327424,-0.0035355339059327424,stable_local_equilibrium,5.53523156129887e-15,1,0.8164769938048109,-9.072174225256575e-05,2.475178213896927e-08,-2.4759678345930265e-08,4.948805303144073,-2.3989228335665768e-05,-5.2378222310870686e-05
shockley_112,10.0,11.977321991811086,61,-0.002777851165098012,-0.002777851165098012,stable_local_equilibrium,5.453645347819336e-15,1,0.8164811895169972,-7.12866153462716e-05,1.528177965949405e-08,-1.528560622441729e-08,4.948035478335203,-1.8850551353598334e-05,-4.1157346559787214e-05
shockley_112,10.0,12.173671532660448,62,-0.0019134171618254532,-0.0019134171618254532,stable_local_equilibrium,4.986489736749644e-15,1,0.8164859776404878,-4.910857765443278e-05,7.251766273938487e-09,-7.252995959294229e-09,4.947156920874662,-1.2986321664915448e-05,-2.835285052830641e-05
shockley_112,10.0,12.370021073509811,63,-0.0009754516100806404,-0.0009754516100806404,stable_local_equilibrium,6.945046751236084e-15,1,0.8164911745890442,-2.5038381089646144e-05,1.884999433793457e-09,-1.8851453183210075e-09,4.946203304069773,-6.621385573596758e-06,-1.4455916062179637e-05
shockley_112,10.0,12.566370614359172,64,-2.4492935982947064e-18,-2.4492935982947064e-18,stable_local_equilibrium,1.6433247269197165e-15,1,0.8164965809270466,-2.83493947634645e-16,2.174005282755072e-15,2.1740052827550715e-15,4.945211215251902,-8.321608527724372e-13,-1.63675306980492e-16
shockley_112,20.0,0.0,0,0.0,0.0,stable_local_equilibrium,5.5712402718338185e-15,1,0.8164965809270465,-4.3216771230546325e-17,2.2134694413818707e-15,2.2134694413818707e-15,4.945211215251899,-8.322968267679883e-13,-2.4951214503462397e-17
shockley_112,20.0,0.19634954084936207,1,0.0019509032201612826,0.0019509032201612826,stable_local_equilibrium,1.3417272935051239e-14,1,0.8165073987815693,5.009578136592374e-05,7.543952980642246e-09,-7.542618604831894e-09,4.943225934723191,1.3249111014008925e-05,2.892281285688071e-05
shockley_112,20.0,0.39269908169872414,2,0.003826834323650898,0.003826834323650898,stable_local_equilibrium,1.0072726073367955e-14,1,0.8165178074289334,9.829035259315829e-05,2.9037179814964665e-08,-2.9027111104678987e-08,4.941315559998629,2.5997048491343447e-05,5.6747961528403174e-05
shockley_112,20.0,0.5890486225480862,3,0.005555702330196022,0.005555702330196022,stable_local_equilibrium,1.8049364086669684e-14,1,0.8165274057560195,0.00014272753617417997,6.12194060833882e-08,-6.1188598250967e-08,4.939553743536126,3.775255036389091e-05,8.240378143093486e-05
shockley_112,20.0,0.7853981633974483,4,0.007071067811865476,0.007071067811865476,stable_local_equilibrium,9.609500695173523e-15,1,0.8165358232308148,0.00018169349050479859,9.919745261225563e-08,-9.91339108293316e-08,4.938008547500429,4.806180944949884e-05,0.00010490078565294818
shockley_112,20.0,0.9817477042468103,5,0.008314696123025453,0.008314696123025453,stable_local_equilibrium,8.993023339898265e-15,1,0.8165427343964257,0.0002136835068062842,1.371896371091809e-07,-1.3708626251855403e-07,4.93673977390537,5.6526224086801483e-05,0.00012337023017599142
shockley_112,20.0,1.1780972450961724,6,0.009238795325112868,0.009238795325112868,stable_local_equilibrium,5.784218590210166e-15,1,0.8165478716799088,0.0002374609437935821,1.6940728148441302e-07,-1.692654291661474e-07,4.935796602300969,6.281808568569839e-05,0.0001370981398212472
shockley_112,20.0,1.3744467859455345,7,0.009807852804032305,0.009807852804032305,stable_local_equilibrium,1.0162010122272136e-14,1,0.8165510359775509,0.00025210586536266437,1.9093876993578217e-07,-1.9076903247913132e-07,4.935215635575902,6.669354299432143e-05,0.00014555338923141783
shockley_112,20.0,1.5707963267948966,8,0.01,0.01,stable_local_equilibrium,3.591744957009979e-15,1,0.8165521045633967,0.00025705134068525697,1.9850040332239457e-07,-1.983204814570723e-07,4.935019438795732,6.800228802861798e-05,0.00014840866074018733
shockley_112,20.0,1.7671458676442586,9,0.009807852804032305,0.009807852804032305,stable_local_equilibrium,1.2364241575024693e-15,1,0.8165510359775512,0.0002521058653626921,1.9093877154394677e-07,-1.9076903087141596e-07,4.935215635575887,6.669354299472936e-05,0.00014555338923143385
shockley_112,20.0,1.9634954084936207,10,0.009238795325112868,0.009238795325112868,stable_local_equilibrium,6.335643815136294e-15,1,0.8165478716799092,0.0002374609437936234,1.6940728170448362e-07,-1.6926542894651587e-07,4.935796602300953,6.28180856861063e-05,0.00013709813982127106
shockley_112,20.0,2.1598449493429825,11,0.008314696123025454,0.008314696123025454,stable_local_equilibrium,8.987602329035838e-15,1,0.8165427343964257,0.00021368350680667637,1.37189637066666e-07,-1.3708626256148304e-07,4.9367397739053605,5.6526224086801483e-05,0.00012337023017621783
shockley_112,20.0,2.356194490192345,12,0.007071067811865476,0.007071067811865476,stable_local_equilibrium,8.738669510233166e-16,1,0.8165358232308146,0.0001816934905056204,9.919745437331446e-08,-9.913390906891085e-08,4.938008547500404,4.806180944936287e-05,0.00010490078565342267
shockley_112,20.0,2.552544031041707,13,0.005555702330196022,0.005555702330196022,stable_local_equilibrium,1.4995166566778018e-14,1,0.8165274057560197,0.00014272753617553812,6.121940536959797e-08,-6.118859896587174e-08,4.939553743536083,3.7752550364162854e-05,8.240378143171899e-05
shockley_112,20.0,2.748893571891069,14,0.003826834323650899,0.003826834323650899,stable_local_equilibrium,1.5827183313943394e-15,1,0.8165178074289338,9.829035259476896e-05,2.90371801957755e-08,-2.9027110724812467e-08,4.94131555999856,2.5997048491751367e-05,5.6747961529333094e-05
shockley_112,20.0,2.945243112740431,15,0.001950903220161286,0.001950903220161286,stable_local_equilibrium,2.2630551946289934e-15,1,0.8165073987815699,5.009578136788551e-05,7.543952466981778e-09,-7.542619119115748e-09,4.943225934723099,1.3249111014688795e-05,2.892281285801334e-05
shockley_112,20.0,3.141592653589793,16,1.2246467991473532e-18,1.2246467991473532e-18,stable_local_equilibrium,5.313676441275515e-15,1,0.8164965809270465,-4.865581646585275e-16,2.1280962601313736e-15,2.1280962601313736e-15,4.945211215251913,-8.322968267679883e-13,-2.809144873420111e-16
shockley_112,20.0,3.3379421944391554,17,-0.0019509032201612837,-0.0019509032201612837,stable_local_equilibrium,5.826936155806095e-15,1,0.8164857699761061,-5.007042821129965e-05,7.538639677151624e-09,-7.539943170380224e-09,4.947195025379346,-1.324065755136174e-05,-2.890817520623369e-05
shockley_112,20.0,3.5342917352885173,18,-0.0038268343236508968,-0.0038268343236508968,stable_local_equilibrium,7.867025173663444e-15,1,0.8164753809884959,-9.819279968911851e-05,2.8996983195198722e-08,-2.900700959621031e-08,4.949101212753707,-2.5964516845890424e-05,-5.669163933299558e-05
shockley_112,20.0,3.730641276137879,19,-0.00555570233019602,-0.00555570233019602,stable_local_equilibrium,4.553757544656367e-15,1,0.8164658120843423,-0.0001425219285305178,6.109641368108602e-08,-6.112708713178141e-08,4.950856762400368,-3.7683983132850525e-05,-8.228507380251906e-05
shockley_112,20.0,3.9269908169872414,20,-0.0070710678118654745,-0.0070710678118654745,stable_local_equilibrium,3.1626177371402164e-15,1,0.8164574293163109,-0.00018136042332932023,9.894386113587441e-08,-9.900709916259039e-08,4.952394566217506,-4.795073528736044e-05,-0.00010470848922952752
shockley_112,20.0,4.123340357836604,21,-0.008314696123025453,-0.008314696123025453,stable_local_equilibrium,3.799911774127196e-15,1,0.8164505528575158,-0.00021322297980036722,1.3677731797726357e-07,-1.368800967638544e-07,4.953655947588336,-5.6372642930065206e-05,-0.00012310434478515615
shockley_112,20.0,4.319689898685965,22,-0.009238795325112865,-0.009238795325112865,stable_local_equilibrium,4.1988981736018616e-15,1,0.8164454449970916,-0.0002368923613274762,1.6884163647064152e-07,-1.68982604017186e-07,4.954592852363205,-6.26284687883644e-05,-0.0001367698685813845
shockley_112,20.0,4.516039439535327,23,-0.009807852804032303,-0.009807852804032303,stable_local_equilibrium,2.628973427842851e-15,1,0.8164423003593297,-0.00025146508242688707,1.9026204030374358e-07,-1.904306530301714e-07,4.955169631724398,-6.647984775957917e-05,-0.0001451834330309547
shockley_112,20.0,4.71238898038469,24,-0.01,-0.01,stable_local_equilibrium,2.660632131279428e-15,1,0.8164412386771203,-0.0002563852042935425,1.9778310792342776e-07,-1.979618295163413e-07,4.955364358097459,-6.778013760068748e-05,-0.00014802406671511397
shockley_112,20.0,4.908738521234052,25,-0.009807852804032305,-0.009807852804032305,stable_local_equilibrium,9.003214840319629e-16,1,0.81644230035933,-0.00025146508242694215,1.902620409193347e-07,-1.9043065241437244e-07,4.955169631724392,-6.647984775930722e-05,-0.00014518343303098648
shockley_112,20.0,5.105088062083414,26,-0.009238795325112866,-0.009238795325112866,stable_local_equilibrium,7.0531688128872005e-15,1,0.8164454449970918,-0.00023689236132751087,1.6884163714122504e-07,-1.6898260334638284e-07,4.954592852363187,-6.262846878809245e-05,-0.0001367698685814045
shockley_112,20.0,5.301437602932776,27,-0.008314696123025454,-0.008314696123025454,stable_local_equilibrium,7.800184109729713e-15,1,0.8164505528575161,-0.00021322297980050714,1.367773176269056e-07,-1.3688009711400854e-07,4.953655947588331,-5.637264292965728e-05,-0.00012310434478523695
shockley_112,20.0,5.497787143782138,28,-0.007071067811865477,-0.007071067811865477,stable_local_equilibrium,1.9939562154180912e-15,1,0.816457429316311,-0.0001813604233295676,9.894386105384349e-08,-9.900709924474379e-08,4.952394566217507,-4.7950735287224465e-05,-0.00010470848922967034
shockley_112,20.0,5.6941366846315,29,-0.005555702330196022,-0.005555702330196022,stable_local_equilibrium,7.776873763021275e-15,1,0.8164658120843421,-0.00014252192853102952,6.109641312815562e-08,-6.11270876852294e-08,4.950856762400393,-3.768398313312248e-05,-8.22850738028145e-05
shockley_112,20.0,5.890486225480862,30,-0.003826834323650904,-0.003826834323650904,stable_local_equilibrium,6.925883477837402e-15,1,0.816475380988496,-9.819279969017473e-05,2.8996983239793333e-08,-2.9007009552075004e-08,4.949101212753736,-2.596451684575445e-05,-5.669163933360538e-05
shockley_112,20.0,6.086835766330224,31,-0.0019509032201612873,-0.0019509032201612873,stable_local_equilibrium,1.0098584295181734e-14,1,0.8164857699761059,-5.007042821289823e-05,7.538641151707747e-09,-7.53994169627505e-09,4.947195025379404,-1.3240657551633689e-05,-2.890817520715663e-05
shockley_112,20.0,6.283185307179586,32,-2.4492935982947064e-18,-2.4492935982947064e-18,stable_local_equilibrium,1.377484917928529e-14,1,0.816496580927046,-2.3486092843191036e-15,2.3875908160668244e-15,2.387590816066824e-15,4.945211215251996,-8.328407227501925e-13,-1.3559702025228888e-15
shockley_112,20.0,6.4795348480289485,33,0.0019509032201612826,0.0019509032201612826,stable_local_equilibrium,1.3417272935051239e-14,1,0.8165073987815693,5.0095781365934954e-05,7.543952980642246e-09,-7.54261860483467e-09,4.943225934723191,1.3249111014008925e-05,2.8922812856887186e-05
shockley_112,20.0,6.675884388878311,34,0.0038268343236508994,0.0038268343236508994,stable_local_equilibrium,1.0428507016269073e-14,1,0.8165178074289334,9.829035259304457e-05,2.9037179814943264e-08,-2.9027111104645165e-08,4.941315559998631,2.5997048491343447e-05,5.674796152833752e-05
shockley_112,20.0,6.872233929727672,35,0.005555702330196018,0.005555702330196018,stable_local_equilibrium,1.873035147120783e-14,1,0.8165274057560195,0.0001427275361742443,6.12194060833796e-08,-6.118859825102086e-08,4.939553743536125,3.775255036389091e-05,8.240378143097199e-05
shockley_112,20.0,7.0685834705770345,36,0.007071067811865474,0.007071067811865474,stable_local_equilibrium,4.407823932239818e-15,1,0.8165358232308144,0.00018169349050485865,9.919745496390419e-08,-9.913390847743793e-08,4.938008547500438,4.806180944909092e-05,0.00010490078565298286
shockley_112,20.0,7.264933011426397,37,0.008314696123025453,0.008314696123025453,stable_local_equilibrium,4.792390442820427e-15,1,0.8165427343964258,0.00021368350680630354,1.371896372405414e-07,-1.3708626238733118e-07,4.936739773905378,5.652622408693746e-05,0.00012337023017600259
shockley_112,20.0,7.461282552275758,38,0.009238795325112865,0.009238795325112865,stable_local_equilibrium,3.410900034639397e-15,1,0.8165478716799089,0.00023746094379345633,1.69407281339664e-07,-1.69265429310879e-07,4.9357966023009725,6.281808568583436e-05,0.00013709813982117462
shockley_112,20.0,7.6576320931251205,39,0.009807852804032303,0.009807852804032303,stable_local_equilibrium,1.2362073170679722e-15,1,0.8165510359775512,0.0002521058653626977,1.9093877154394677e-07,-1.907690308714229e-07,4.935215635575887,6.669354299472936e-05,0.00014555338923143707
shockley_112,20.0,7.853981633974483,40,0.01,0.01,stable_local_equilibrium,3.591744957009979e-15,1,0.8165521045633967,0.0002570513406852117,1.9850040332239457e-07,-1.9832048145701487e-07,4.935019438795732,6.800228802861798e-05,0.0001484086607401612
shockley_112,20.0,8.050331174823844,41,0.009807852804032307,0.009807852804032307,stable_local_equilibrium,1.079149790361722e-14,1,0.8165510359775511,0.00025210586536266377,1.9093877053472475e-07,-1.9076903188046456e-07,4.935215635575893,6.669354299459339e-05,0.00014555338923141748
shockley_112,20.0,8.246680715673207,42,0.009238795325112868,0.009238795325112868,stable_local_equilibrium,1.4886095828225976e-15,1,0.816547871679909,0.0002374609437936087,1.6940728172113523e-07,-1.6926542892971677e-07,4.935796602300959,6.281808568597033e-05,0.00013709813982126258
shockley_112,20.0,8.443030256522569,43,0.008314696123025456,0.008314696123025456,stable_local_equilibrium,5.532683686193529e-15,1,0.8165427343964259,0.0002136835068066632,1.3718963783321843e-07,-1.3708626179515115e-07,4.936739773905355,5.6526224087073435e-05,0.00012337023017621024
shockley_112,20.0,8.63937979737193,44,0.007071067811865484,0.007071067811865484,stable_local_equilibrium,1.965550118498971e-15,1,0.8165358232308146,0.0001816934905057072,9.919745437335554e-08,-9.913390906894788e-08,4.938008547500401,4.806180944936287e-05,0.00010490078565347277
shockley_112,20.0,8.835729338221293,45,0.005555702330196023,0.005555702330196023,stable_local_equilibrium,1.483860777307111e-14,1,0.8165274057560197,0.00014272753617557246,6.12194054123281e-08,-6.118859892316586e-08,4.939553743536079,3.7752550364162854e-05,8.240378143173882e-05
shockley_112,20.0,9.032078879070655,46,0.003826834323650905,0.003826834323650905,stable_local_equilibrium,1.455812467104911e-15,1,0.8165178074289339,9.829035259481108e-05,2.903718039262253e-08,-2.9027110528039924e-08,4.941315559998553,2.599704849188734e-05,5.674796152935741e-05
shockley_112,20.0,9.228428419920018,47,0.0019509032201612798,0.0019509032201612798,stable_local_equilibrium,1.5941566643140614e-15,1,0.8165073987815699,5.0095781367901344e-05,7.54395238161206e-09,-7.542619204489337e-09,4.943225934723098,1.3249111014688795e-05,2.892281285802248e-05
shockley_112,20.0,9.42477796076938,48,3.673940397442059e-18,3.673940397442059e-18,stable_local_equilibrium,6.0511012510181045e-15,1,0.8164965809270464,-5.347559548410335e-16,1.0675602619306216e-15,1.067560261930622e-15,4.9452112152519305,-8.324328007635393e-13,-3.0874149447822604e-16
shockley_112,20.0,9.62112750161874,49,-0.0019509032201612726,-0.0019509032201612726,stable_local_equilibrium,6.946429109006003e-15,1,0.8164857699761061,-5.0070428211315975e-05,7.538639719833056e-09,-7.539943127702752e-09,4.947195025379349,-1.324065755136174e-05,-2.890817520624311e-05
shockley_112,20.0,9.817477042468104,50,-0.0038268343236508985,-0.0038268343236508985,stable_local_equilibrium,3.3828734084806467e-15,1,0.816475380988496,-9.819279968915577e-05,2.8996983259380516e-08,-2.9007009531992703e-08,4.949101212753704,-2.596451684575445e-05,-5.6691639333017086e-05
shockley_112,20.0,10.013826583317465,51,-0.005555702330196017,-0.005555702330196017,stable_local_equilibrium,9.597357630841685e-15,1,0.8164658120843422,-0.0001425219285304428,6.109641344634386e-08,-6.112708736654893e-08,4.9508567624003685,-3.7683983132986504e-05,-8.228507380247576e-05
shockley_112,20.0,10.210176124166829,52,-0.007071067811865479,-0.007071067811865479,stable_local_equilibrium,8.044780119842443e-16,1,0.816457429316311,-0.00018136042332929305,9.894386111926735e-08,-9.900709917907357e-08,4.952394566217499,-4.7950735287224465e-05,-0.00010470848922951183
shockley_112,20.0,10.40652566501619,53,-0.00831469612302545,-0.00831469612302545,stable_local_equilibrium,2.682316174729138e-15,1,0.8164505528575158,-0.00021322297980036102,1.367773180000956e-07,-1.3688009674101579e-07,4.953655947588336,-5.6372642930065206e-05,-0.00012310434478515257
shockley_112,20.0,10.602875205865551,54,-0.009238795325112865,-0.009238795325112865,stable_local_equilibrium,5.493652407984051e-15,1,0.8164454449970915,-0.0002368923613274826,1.6884163638359658e-07,-1.689826041043687e-07,4.954592852363209,-6.262846878850037e-05,-0.00013676986858138817
shockley_112,20.0,10.799224746714915,55,-0.009807852804032305,-0.009807852804032305,stable_local_equilibrium,2.6291902682773483e-15,1,0.8164423003593297,-0.00025146508242690653,1.902620403037436e-07,-1.9043065303019562e-07,4.955169631724398,-6.647984775957917e-05,-0.00014518343303096594
shockley_112,20.0,10.995574287564276,56,-0.01,-0.01,stable_local_equilibrium,3.5436063805516227e-15,1,0.8164412386771202,-0.00025638520429340373,1.9778310778325738e-07,-1.9796182965647647e-07,4.955364358097463,-6.778013760082345e-05,-0.00014802406671503385
shockley_112,20.0,11.191923828413637,57,-0.009807852804032307,-0.009807852804032307,stable_local_equilibrium,9.0053832446646e-16,1,0.81644230035933,-0.00025146508242693673,1.902620409193347e-07,-1.9043065241436577e-07,4.955169631724392,-6.647984775930722e-05,-0.00014518343303098337
shockley_112,20.0,11.388273369263,58,-0.009238795325112868,-0.009238795325112868,stable_local_equilibrium,7.0531688128872005e-15,1,0.8164454449970918,-0.00023689236132750545,1.6884163714122504e-07,-1.6898260334637648e-07,4.954592852363187,-6.262846878809245e-05,-0.00013676986858140137
shockley_112,20.0,11.584622910112362,59,-0.008314696123025456,-0.008314696123025456,stable_local_equilibrium,7.80040095016421e-15,1,0.8164505528575161,-0.0002132229798005018,1.367773176269056e-07,-1.3688009711400298e-07,4.953655947588331,-5.637264292965728e-05,-0.00012310434478523386
shockley_112,20.0,11.780972450961723,60,-0.007071067811865485,-0.007071067811865485,stable_local_equilibrium,1.992763593028357e-15,1,0.816457429316311,-0.0001813604233295627,9.894386105384349e-08,-9.900709924473963e-08,4.952394566217507,-4.7950735287224465e-05,-0.00010470848922966751
shockley_112,20.0,11.977321991811086,61,-0.005555702330196024,-0.005555702330196024,stable_local_equilibrium,7.776765342804026e-15,1,0.8164658120843421,-0.00014252192853102805,6.109641312815562e-08,-6.11270876852284e-08,4.950856762400393,-3.768398313312248e-05,-8.228507380281366e-05
shockley_112,20.0,12.173671532660448,62,-0.0038268343236509063,-0.0038268343236509063,stable_local_equilibrium,6.925558217185657e-15,1,0.816475380988496,-9.81927996901734e-05,2.8996983239793333e-08,-2.9007009552074395e-08,4.949101212753736,-2.596451684575445e-05,-5.6691639333604615e-05
shockley_112,20.0,12.370021073509811,63,-0.0019509032201612808,-0.0019509032201612808,stable_local_equilibrium,1.0099397446811098e-14,1,0.8164857699761059,-5.007042821289657e-05,7.538641151707747e-09,-7.53994169627459e-09,4.947195025379404,-1.3240657551633689e-05,-2.890817520715567e-05
shockley_112,20.0,12.566370614359172,64,-4.898587196589413e-18,-4.898587196589413e-18,stable_local_equilibrium,1.3774518838779817e-14,1,0.816496580927046,-2.347083642323478e-15,2.3875908160668244e-15,2.387590816066824e-15,4.945211215251996,-8.328407227501925e-13,-1.3550893727060276e-15
shockley_112,30.0,0.0,0,0.0,0.0,stable_local_equilibrium,5.5712402718338185e-15,1,0.8164965809270465,-4.3216771230546325e-17,2.2134694413818707e-15,2.2134694413818707e-15,4.945211215251899,-8.322968267679883e-13,-2.4951214503462397e-17
shockley_112,30.0,0.19634954084936207,1,0.0029263548302419238,0.0029263548302419238,stable_local_equilibrium,7.069865526343477e-15,2,0.8165128102997539,7.515319029974827e-05,1.697689697550749e-08,-1.6972387864030452e-08,4.942232742827967,1.9876840156992988e-05,4.338971465001884e-05
shockley_112,30.0,0.39269908169872414,2,0.005740251485476347,0.005740251485476347,stable_local_equilibrium,7.606437181506553e-15,2,0.816528430656826,0.00014747219291325514,6.535631764703676e-08,-6.532232620458536e-08,4.939365608976441,3.90077923704062e-05,8.514311027645228e-05
shockley_112,30.0,0.5890486225480862,3,0.008333553495294032,0.008333553495294032,stable_local_equilibrium,6.415007414162233e-15,2,0.8165428392134183,0.00021416865723252634,1.378130942258542e-07,-1.3770901510506807e-07,4.93672053064226,5.665459816097321e-05,0.00012365033190517977
shockley_112,30.0,0.7853981633974483,4,0.010606601717798213,0.010606601717798213,stable_local_equilibrium,8.728911690680796e-15,2,0.8165554784917297,0.00027266565191020524,2.2333754976012296e-07,-2.231228241546484e-07,4.934399958849057,7.213448945096408e-05,0.0001574235875291218
shockley_112,30.0,0.9817477042468103,5,0.012472044184538178,0.012472044184538178,stable_local_equilibrium,1.0787811616230769e-14,1,0.8165658583173258,0.00032069879713118464,3.0890979855152167e-07,-3.08560458947947e-07,4.932494019492022,8.484712761565416e-05,0.00018515553685247865
shockley_112,30.0,1.1780972450961724,6,0.0138581929876693,0.0138581929876693,stable_local_equilibrium,1.0117124152331236e-14,1,0.816573575336239,0.00035640578592596907,3.8148636539002554e-07,-3.810069153028418e-07,4.931076905374511,9.429850695205534e-05,0.0002057709764450984
shockley_112,30.0,1.3744467859455345,7,0.014711779206048456,0.014711779206048456,stable_local_equilibrium,4.2457357074532354e-16,1,0.8165783291986778,0.0003784004699816444,4.299952002078346e-07,-4.294214246002824e-07,4.930203880205465,0.00010012077559329027,0.0002184696132053833
shockley_112,30.0,1.5707963267948966,8,0.015,0.015,stable_local_equilibrium,3.0958308833151094e-15,1,0.8165799346822009,0.00038582827323030785,4.4703186944762785e-07,-4.464236601368228e-07,4.929909031872563,0.00010208708330434262,0.00022275805741048672
shockley_112,30.0,1.7671458676442586,9,0.014711779206048456,0.014711779206048456,stable_local_equilibrium,6.988767203841562e-16,1,0.8165783291986776,0.0003784004699818069,4.299951994110111e-07,-4.2942142539699473e-07,4.9302038802054735,0.00010012077559301833,0.00021846961320547714
shockley_112,30.0,1.9634954084936207,10,0.0138581929876693,0.0138581929876693,stable_local_equilibrium,1.8815244501313444e-15,1,0.8165735753362395,0.00035640578592651594,3.814863643928462e-07,-3.8100691630195987e-07,4.931076905374456,9.429850695273521e-05,0.0002057709764454141
shockley_112,30.0,2.1598449493429825,11,0.01247204418453818,0.01247204418453818,stable_local_equilibrium,1.1421419365831298e-14,1,0.8165658583173258,0.0003206987971331845,3.0890979855309085e-07,-3.0856045894954423e-07,4.932494019491958,8.484712761565416e-05,0.00018515553685363327
shockley_112,30.0,2.356194490192345,12,0.010606601717798213,0.010606601717798213,stable_local_equilibrium,2.3095674678286215e-15,1,0.8165554784917299,0.0002726656519101873,2.2333754963858316e-07,-2.23122824276463e-07,4.934399958849053,7.213448945123602e-05,0.00015742358752911145
shockley_112,30.0,2.552544031041707,13,0.008333553495294032,0.008333553495294032,stable_local_equilibrium,4.02173953861773e-15,2,0.8165428392134186,0.0002141686572330084,1.378130929926033e-07,-1.377090163391813e-07,4.936720530642236,5.6654598161381134e-05,0.0001236503319054581
shockley_112,30.0,2.748893571891069,14,0.005740251485476348,0.005740251485476348,stable_local_equilibrium,6.954614835408268e-15,2,0.8165284306568263,0.00014747219291391965,6.535631831708757e-08,-6.532232553526157e-08,4.939365608976393,3.900779237081412e-05,8.514311027683593e-05
shockley_112,30.0,2.945243112740431,15,0.002926354830241929,0.002926354830241929,stable_local_equilibrium,7.339886077400992e-15,2,0.8165128102997541,7.515319030051232e-05,1.697689701019571e-08,-1.6972387829708634e-08,4.942232742827927,1.9876840157264937e-05,4.338971465045996e-05
shockley_112,30.0,3.141592653589793,16,1.8369701987210296e-18,1.8369701987210296e-18,stable_local_equilibrium,2.159784982245183e-15,2,0.8164965809270468,-2.0480350653684053e-16,2.739549960482871e-15,2.739549960482871e-15,4.945211215251887,-8.318889047813351e-13,-1.1824335963002417e-16
shockley_112,30.0,3.3379421944391554,17,-0.0029263548302419255,-0.0029263548302419255,stable_local_equilibrium,7.37105688985995e-15,2,0.8164803670874046,-7.509614567979748e-05,1.69589239883068e-08,-1.696339821949967e-08,4.94818637927239,-1.985781777927791e-05,-4.335677992333443e-05
shockley_112,30.0,3.5342917352885173,18,-0.005740251485476345,-0.005740251485476345,stable_local_equilibrium,1.0745527731503834e-15,2,0.8164647909648186,-0.0001472526986289816,6.522065230399633e-08,-6.525448391184415e-08,4.951044091581671,-3.893459403259731e-05,-8.501638519234138e-05
shockley_112,30.0,3.730641276137879,19,-0.008333553495294029,-0.008333553495294029,stable_local_equilibrium,2.506241741917492e-15,2,0.8164504486099724,-0.00021370603893835187,1.373979585241719e-07,-1.3750144826082439e-07,4.953675069564148,-5.6500319574169466e-05,-0.0001233832391085061
shockley_112,30.0,3.9269908169872414,20,-0.010606601717798212,-0.010606601717798212,stable_local_equilibrium,4.0007060164715114e-16,2,0.8164378874221908,-0.0002719162478964706,2.224816447264041e-07,-2.2269486175108468e-07,4.955979008831917,-7.188456988825863e-05,-0.0001569909189200603
shockley_112,30.0,4.123340357836604,21,-0.012472044184538178,-0.012472044184538178,stable_local_equilibrium,2.5866895431159165e-15,1,0.8164275856873905,-0.00031966260588868353,3.075182013264454e-07,-3.078646567885814e-07,4.957868315634789,-8.45015667513893e-05,-0.0001845572915596887
shockley_112,30.0,4.319689898685965,22,-0.013858192987669297,-0.013858192987669297,stable_local_equilibrium,5.210458800530837e-15,1,0.8164199348708654,-0.0003551264670230927,3.7957729031172065e-07,-3.800523833098305e-07,4.95927132933111,-9.3871865052458e-05,-0.00020503236133214334
shockley_112,30.0,4.516039439535327,23,-0.014711779206048454,-0.014711779206048454,stable_local_equilibrium,9.285541086034854e-15,1,0.8164152252435549,-0.00037695869776493805,4.2771118444745444e-07,-4.2827942073277475e-07,4.960134932888389,-9.963995694712554e-05,-0.00021763720562795777
shockley_112,30.0,4.71238898038469,24,-0.015,-0.015,stable_local_equilibrium,1.6562272386888566e-15,1,0.8164136352933637,-0.0003843294548810438,4.4461096575894545e-07,-4.4521321263829656e-07,4.960426472789008,-0.00010158724028953156,-0.0002218927142330728
shockley_112,30.0,4.908738521234052,25,-0.014711779206048456,-0.014711779206048456,stable_local_equilibrium,2.0387337651417425e-15,1,0.8164152252435553,-0.00037695869776495166,4.2771118477544883e-07,-4.2827942040418383e-07,4.960134932888374,-9.963995694671763e-05,-0.00021763720562796563
shockley_112,30.0,5.105088062083414,26,-0.013858192987669299,-0.013858192987669299,stable_local_equilibrium,9.244341403480405e-15,1,0.816419934870865,-0.00035512646702285695,3.795772878145498e-07,-3.80052385807368e-07,4.959271329331124,-9.38718650530019e-05,-0.00020503236133200724
shockley_112,30.0,5.301437602932776,27,-0.012472044184538181,-0.012472044184538181,stable_local_equilibrium,3.7281375903086555e-15,1,0.8164275856873906,-0.0003196626058887884,3.075182013525626e-07,-3.0786465676245465e-07,4.957868315634783,-8.450156675125333e-05,-0.00018455729155974923
shockley_112,30.0,5.497787143782138,28,-0.010606601717798215,-0.010606601717798215,stable_local_equilibrium,1.52657834290304e-14,1,0.8164378874221901,-0.0002719162478984307,2.224816438348047e-07,-2.2269486264622055e-07,4.955979008831997,-7.188456988907448e-05,-0.000156990918921192
shockley_112,30.0,5.6941366846315,29,-0.008333553495294032,-0.008333553495294032,stable_local_equilibrium,3.0533301581536776e-15,2,0.8164504486099725,-0.00021370603893857364,1.3739795866429994e-07,-1.3750144812081355e-07,4.953675069564147,-5.6500319574033494e-05,-0.00012338323910863415
shockley_112,30.0,5.890486225480862,30,-0.005740251485476355,-0.005740251485476355,stable_local_equilibrium,4.411184958974523e-15,2,0.8164647909648188,-0.00014725269862930876,6.52206528372097e-08,-6.525448337870757e-08,4.951044091581672,-3.893459403232537e-05,-8.501638519253026e-05
shockley_112,30.0,6.086835766330224,31,-0.0029263548302419307,-0.0029263548302419307,stable_local_equilibrium,4.263841883733743e-15,2,0.8164803670874047,-7.509614568020507e-05,1.6958923906598903e-08,-1.696339830131781e-08,4.9481863792724,-1.9857817779141933e-05,-4.3356779923569754e-05
shockley_112,30.0,6.283185307179586,32,-3.673940397442059e-18,-3.673940397442059e-18,stable_local_equilibrium,3.775806773166918e-15,2,0.8164965809270466,-7.263665559561963e-16,2.1968540532705083e-15,2.196854053270508e-15,4.9452112152519145,-8.321608527724372e-13,-4.1936792661165134e-16
shockley_112,30.0,6.4795348480289485,33,0.0029263548302419238,0.0029263548302419238,stable_local_equilibrium,9.313730342519477e-15,2,0.8165128102997539,7.51531902997292e-05,1.6976897146242926e-08,-1.697238769328793e-08,4.942232742827965,1.9876840156992988e-05,4.3389714650007826e-05
shockley_112,30.0,6.675884388878311,34,0.005740251485476349,0.005740251485476349,stable_local_equilibrium,6.590431325670387e-15,2,0.8165284306568263,0.0001474721929132648,6.535631827415157e-08,-6.532232557772038e-08,4.939365608976417,3.900779237081412e-05,8.514311027645785e-05
shockley_112,30.0,6.872233929727672,35,0.008333553495294027,0.008333553495294027,stable_local_equilibrium,4.2611313783025295e-15,2,0.816542839213418,0.000214168657232467,1.3781309432851052e-07,-1.3770901500199644e-07,4.9367205306422814,5.665459816056529e-05,0.00012365033190514554
shockley_112,30.0,7.0685834705770345,36,0.01060660171779821,0.01060660171779821,stable_local_equilibrium,8.294146619514109e-16,2,0.8165554784917298,0.0002726656519103238,2.2333754965093282e-07,-2.2312282426414765e-07,4.934399958849049,7.213448945110005e-05,0.00015742358752919024
shockley_112,30.0,7.264933011426397,37,0.012472044184538178,0.012472044184538178,stable_local_equilibrium,1.1604649532981348e-14,1,0.8165658583173255,0.00032069879713118567,3.0890979892420277e-07,-3.0856045857491596e-07,4.9324940194920375,8.484712761538222e-05,0.00018515553685247925
shockley_112,30.0,7.461282552275758,38,0.013858192987669297,0.013858192987669297,stable_local_equilibrium,1.0116473631027745e-14,1,0.816573575336239,0.0003564057859259429,3.8148636539002554e-07,-3.810069153027954e-07,4.931076905374511,9.429850695205534e-05,0.00020577097644508327
shockley_112,30.0,7.6576320931251205,39,0.014711779206048454,0.014711779206048454,stable_local_equilibrium,8.378714388967978e-16,1,0.8165783291986778,0.0003784004699816182,4.2999520012234164e-07,-4.2942142468572634e-07,4.930203880205469,0.00010012077559329027,0.0002184696132053682
shockley_112,30.0,7.853981633974483,40,0.015,0.015,stable_local_equilibrium,5.93275428784068e-16,1,0.8165799346822008,0.0003858282732302597,4.4703186957971327e-07,-4.4642366000443426e-07,4.929909031872577,0.00010208708330420665,0.00022275805741045894
shockley_112,30.0,8.050331174823844,41,0.014711779206048459,0.014711779206048459,stable_local_equilibrium,4.185020385794047e-17,1,0.8165783291986776,0.00037840046998175364,4.299951994763742e-07,-4.294214253315323e-07,4.930203880205478,0.00010012077559301833,0.00021846961320544638
shockley_112,30.0,8.246680715673207,42,0.0138581929876693,0.0138581929876693,stable_local_equilibrium,3.799694933692699e-15,1,0.8165735753362393,0.0003564057859265687,3.814863641757698e-07,-3.810069165187384e-07,4.931076905374467,9.429850695246327e-05,0.00020577097644544458
shockley_112,30.0,8.443030256522569,43,0.012472044184538183,0.012472044184538183,stable_local_equilibrium,3.892285799222961e-15,1,0.8165658583173259,0.00032069879713307646,3.089097986491294e-07,-3.0856045885351076e-07,4.93249401949196,8.484712761579015e-05,0.0001851555368535709
shockley_112,30.0,8.63937979737193,44,0.010606601717798226,0.010606601717798226,stable_local_equilibrium,2.364428097756388e-15,1,0.8165554784917298,0.0002726656519101378,2.233375495227691e-07,-2.2312282439206148e-07,4.934399958849059,7.213448945110005e-05,0.00015742358752908285
shockley_112,30.0,8.835729338221293,45,0.008333553495294034,0.008333553495294034,stable_local_equilibrium,4.021522698183233e-15,2,0.8165428392134186,0.00021416865723296384,1.378130929926033e-07,-1.3770901633913424e-07,4.936720530642236,5.6654598161381134e-05,0.00012365033190543236
shockley_112,30.0,9.032078879070655,46,0.005740251485476357,0.005740251485476357,stable_local_equilibrium,5.867160056405307e-15,2,0.8165284306568263,0.0001474721929138422,6.535631831705574e-08,-6.532232553523712e-08,4.939365608976398,3.900779237081412e-05,8.514311027679122e-05
shockley_112,30.0,9.228428419920018,47,0.0029263548302419194,0.0029263548302419194,stable_local_equilibrium,4.086357988097866e-16,2,0.816512810299754,7.515319030053453e-05,1.6976896823791164e-08,-1.6972388016080073e-08,4.9422327428279385,1.9876840157128964e-05,4.3389714650472786e-05
shockley_112,30.0,9.42477796076938,48,5.510910596163089e-18,5.510910596163089e-18,stable_local_equilibrium,1.0702909525801111e-15,2,0.8164965809270466,-2.2402305634131625e-16,2.174005282754736e-15,2.1740052827547363e-15,4.945211215251897,-8.321608527724372e-13,-1.2933977188334165e-16
shockley_112,30.0,9.62112750161874,49,-0.0029263548302419086,-0.0029263548302419086,stable_local_equilibrium,7.36547324867165e-15,2,0.8164803670874046,-7.509614567969037e-05,1.6958923902934543e-08,-1.6963398304831946e-08,4.94818637927239,-1.985781777927791e-05,-4.335677992327259e-05
shockley_112,30.0,9.817477042468104,50,-0.0057402514854763475,-0.0057402514854763475,stable_local_equilibrium,1.5997403055023618e-15,2,0.8164647909648186,-0.00014725269862897396,6.522065230397312e-08,-6.525448391186181e-08,4.951044091581672,-3.893459403259731e-05,-8.501638519233696e-05
shockley_112,30.0,10.013826583317465,51,-0.008333553495294025,-0.008333553495294025,stable_local_equilibrium,2.5066754227864863e-15,2,0.8164504486099724,-0.00021370603893834734,1.373979585241719e-07,-1.3750144826081946e-07,4.953675069564148,-5.6500319574169466e-05,-0.0001233832391085035
shockley_112,30.0,10.210176124166829,52,-0.010606601717798219,-0.010606601717798219,stable_local_equilibrium,4.0093796338513954e-16,2,0.8164378874221908,-0.00027191624789646657,2.224816447264041e-07,-2.226948617510796e-07,4.955979008831917,-7.188456988825863e-05,-0.000156990918920058
shockley_112,30.0,10.40652566501619,53,-0.012472044184538176,-0.012472044184538176,stable_local_equilibrium,2.5869063835504136e-15,1,0.8164275856873905,-0.00031966260588867947,3.075182013264454e-07,-3.078646567885748e-07,4.957868315634789,-8.45015667513893e-05,-0.00018455729155968635
shockley_112,30.0,10.602875205865551,54,-0.013858192987669295,-0.013858192987669295,stable_local_equilibrium,5.21024196009634e-15,1,0.8164199348708654,-0.00035512646702308854,3.7957729031172065e-07,-3.800523833098231e-07,4.95927132933111,-9.3871865052458e-05,-0.00020503236133214092
shockley_112,30.0,10.799224746714915,55,-0.014711779206048457,-0.014711779206048457,stable_local_equilibrium,9.284890564731363e-15,1,0.8164152252435549,-0.00037695869776490656,4.2771118444745444e-07,-4.282794207327163e-07,4.960134932888389,-9.963995694712554e-05,-0.00021763720562793958
shockley_112,30.0,10.995574287564276,56,-0.015,-0.015,stable_local_equilibrium,1.6395305252325798e-15,1,0.8164136352933637,-0.0003843294548810123,4.4461096580157705e-07,-4.4521321259560504e-07,4.960426472789003,-0.00010158724028953156,-0.0002218927142330546
shockley_112,30.0,11.191923828413637,57,-0.014711779206048459,-0.014711779206048459,stable_local_equilibrium,3.0834709785487746e-15,1,0.8164152252435551,-0.0003769586977648774,4.2771118469791583e-07,-4.2827942048178576e-07,4.9601349328883755,-9.96399569468536e-05,-0.00021763720562792275
shockley_112,30.0,11.388273369263,58,-0.0138581929876693,-0.0138581929876693,stable_local_equilibrium,8.77726710757365e-15,1,0.816419934870865,-0.0003551264670229029,3.7957728764385703e-07,-3.800523859781419e-07,4.959271329331131,-9.38718650530019e-05,-0.00020503236133203378
shockley_112,30.0,11.584622910112362,59,-0.012472044184538183,-0.012472044184538183,stable_local_equilibrium,3.5841555418025806e-15,1,0.8164275856873905,-0.0003196626058887417,3.075182014118431e-07,-3.07864656703276e-07,4.957868315634787,-8.45015667513893e-05,-0.0001845572915597223
shockley_112,30.0,11.780972450961723,60,-0.010606601717798227,-0.010606601717798227,stable_local_equilibrium,1.448407366266835e-14,1,0.8164378874221903,-0.0002719162478983592,2.2248164389701916e-07,-2.2269486258376076e-07,4.95597900883199,-7.188456988893851e-05,-0.0001569909189211507
shockley_112,30.0,11.977321991811086,61,-0.008333553495294035,-0.008333553495294035,stable_local_equilibrium,3.464676462394678e-15,2,0.8164504486099727,-0.00021370603893858738,1.3739795915846473e-07,-1.3750144762642853e-07,4.953675069564133,-5.650031957376155e-05,-0.0001233832391086421
shockley_112,30.0,12.173671532660448,62,-0.005740251485476359,-0.005740251485476359,stable_local_equilibrium,2.7367431237879103e-15,2,0.8164647909648186,-0.00014725269862929242,6.522065226140826e-08,-6.525448395465902e-08,4.951044091581683,-3.893459403259731e-05,-8.501638519252082e-05
shockley_112,30.0,12.370021073509811,63,-0.002926354830241921,-0.002926354830241921,stable_local_equilibrium,9.8131138631663e-15,2,0.8164803670874045,-7.509614568019402e-05,1.6958924594387784e-08,-1.6963397613607206e-08,4.9481863792724186,-1.985781777941388e-05,-4.335677992356337e-05
shockley_112,30.0,12.566370614359172,64,-7.347880794884118e-18,-7.347880794884118e-18,stable_local_equilibrium,3.383513139295982e-15,2,0.8164965809270466,-7.058667009626947e-16,2.2593784640063105e-15,2.2593784640063097e-15,4.945211215251913,-8.321608527724372e-13,-4.0753232981280485e-16
shockley_112,50.0,0.0,0,0.0,0.0,stable_local_equilibrium,5.5712402718338185e-15,1,0.8164965809270465,-4.3216771230546325e-17,2.2134694413818707e-15,2.2134694413818707e-15,4.945211215251899,-8.322968267679883e-13,-2.4951214503462397e-17
shockley_112,50.0,0.19634954084936207,1,0.0048772580504032065,0.0048772580504032065,stable_local_equilibrium,5.429250798938412e-15,3,0.8165236385221292,0.00012528706632725003,4.7174709470444005e-08,-4.7153868272475806e-08,4.940245255315107,3.3138649977433136e-05,7.233452147001631e-05
shockley_112,50.0,0.39269908169872414,2,0.009567085809127246,0.009567085809127246,stable_local_equilibrium,5.690109841638424e-15,3,0.8165496970980035,0.00024590936553201757,1.8167141802398328e-07,-1.8151388077536965e-07,4.935461456653039,6.505375713530415e-05,0.00014197583838616043
shockley_112,50.0,0.5890486225480862,3,0.013889255825490054,0.013889255825490054,stable_local_equilibrium,5.824767751461124e-15,3,0.816573748310611,0.0003572061080565102,3.832006290546926e-07,-3.827179501160181e-07,4.931045140087697,9.45103564271033e-05,0.00020623304264260473
shockley_112,50.0,0.7853981633974483,4,0.01767766952966369,0.01767766952966369,stable_local_equilibrium,1.1237538677377756e-14,2,0.8165948574310968,0.00045486184568962047,6.211801293607224e-07,-6.201837207044695e-07,4.927168249904678,0.00012036364348168275,0.00026261460905299244
shockley_112,50.0,0.9817477042468103,5,0.020786740307563632,0.020786740307563632,stable_local_equilibrium,6.057220697242016e-15,2,0.816612200856353,0.0005350781431398742,8.593818723068031e-07,-8.577601806322846e-07,4.923982407215774,0.00014160491461653616,0.0003089275099792915
shockley_112,50.0,1.1780972450961724,6,0.02309698831278217,0.02309698831278217,stable_local_equilibrium,2.0448052973076614e-15,2,0.816625099654782,0.0005947265339973886,1.0614681534583415e-06,-1.059241754390629e-06,4.921612681220942,0.00015740265183960273,0.00034336552449760544
shockley_112,50.0,1.3744467859455345,7,0.024519632010080762,0.024519632010080762,stable_local_equilibrium,4.576200529626817e-15,1,0.8166330475667387,0.0006314758048184126,1.1965664485528044e-06,-1.1939015473154377e-06,4.92015237925966,0.00016713681624682455,0.0003645827258986461
shockley_112,50.0,1.5707963267948966,8,0.025,0.025,stable_local_equilibrium,1.9168694409543718e-16,1,0.8166357320872661,0.000643887611914299,1.2440189569557196e-06,-1.2411938848376626e-06,4.919659117937133,0.0001704246689949393,0.0003717486860665858
shockley_112,50.0,1.7671458676442586,9,0.024519632010080762,0.024519632010080762,stable_local_equilibrium,5.309121198227018e-15,1,0.8166330475667383,0.0006314758048192227,1.196566448744157e-06,-1.1939015471252244e-06,4.920152379259656,0.00016713681624628066,0.00036458272589911384
shockley_112,50.0,1.9634954084936207,10,0.02309698831278217,0.02309698831278217,stable_local_equilibrium,2.6836172173361206e-15,1,0.8166250996547818,0.0005947265339976307,1.061468154235274e-06,-1.0592417536137557e-06,4.921612681220942,0.00015740265183933078,0.0003433655244977452
shockley_112,50.0,2.1598449493429825,11,0.020786740307563636,0.020786740307563636,stable_local_equilibrium,1.2563734774762025e-15,2,0.8166122008563529,0.0005350781431408617,8.593818723249178e-07,-8.577601806164832e-07,4.923982407215752,0.00014160491461640018,0.00030892750997986164
shockley_112,50.0,2.356194490192345,12,0.01767766952966369,0.01767766952966369,stable_local_equilibrium,9.935628708657163e-16,2,0.8165948574310973,0.00045486184569166474,6.211801298228869e-07,-6.201837202478893e-07,4.927168249904592,0.00012036364348222664,0.00026261460905417265
shockley_112,50.0,2.552544031041707,13,0.013889255825490054,0.013889255825490054,stable_local_equilibrium,3.904645703989296e-15,2,0.8165737483106111,0.00035720610805680054,3.832006295196706e-07,-3.827179496517478e-07,4.9310451400876785,9.451035642723929e-05,0.00020623304264277234
shockley_112,50.0,2.748893571891069,14,0.009567085809127247,0.009567085809127247,stable_local_equilibrium,4.722134142043366e-15,3,0.8165496970980034,0.0002459093655331333,1.8167141906448035e-07,-1.81513879736093e-07,4.9354614566530035,6.505375713516818e-05,0.0001419758383868046
shockley_112,50.0,2.945243112740431,15,0.004877258050403215,0.004877258050403215,stable_local_equilibrium,1.3410605091690453e-14,3,0.8165236385221288,0.00012528706632822435,4.717470961605377e-08,-4.715386812726326e-08,4.940245255315094,3.313864997702521e-05,7.233452147057882e-05
shockley_112,50.0,3.141592653589793,16,3.061616997868383e-18,3.061616997868383e-18,stable_local_equilibrium,1.074422112425094e-15,3,0.8164965809270467,-2.1750751430209428e-16,2.2183030893804993e-15,2.2183030893804997e-15,4.945211215251895,-8.320248787768862e-13,-1.2557802193308052e-16
shockley_112,50.0,3.3379421944391554,17,-0.004877258050403209,-0.004877258050403209,stable_local_equilibrium,8.77195451692847e-15,3,0.8164695664793942,-0.00012512860890046096,4.709149822392984e-08,-4.711225091555319e-08,4.95016798517625,-3.3085807047922895e-05,-7.224303603200455e-05
shockley_112,50.0,3.5342917352885173,18,-0.009567085809127242,-0.009567085809127242,stable_local_equilibrium,3.5581346896629285e-15,3,0.8164436307774516,-0.0002452996569995795,1.810432985029802e-07,-1.811998292567119e-07,4.954925612848771,-6.485042498798545e-05,-0.0001416238230008301
shockley_112,50.0,3.730641276137879,19,-0.01388925582549005,-0.01388925582549005,stable_local_equilibrium,5.190726320991601e-15,3,0.816419763459907,-0.0003559210475274713,3.8127868806778666e-07,-3.817569845471915e-07,4.9593027616273275,-9.408179974469204e-05,-0.00020549111260023917
shockley_112,50.0,3.9269908169872414,20,-0.017677669529663688,-0.017677669529663688,stable_local_equilibrium,7.679620828149325e-15,2,0.8163988712603342,-0.0004527801423909703,6.172175133640866e-07,-6.182024332992645e-07,4.963133450050558,-0.0001196694140235651,-0.0002614127370931438
shockley_112,50.0,4.123340357836604,21,-0.020786740307563632,-0.020786740307563632,stable_local_equilibrium,8.990204414249803e-15,2,0.8163817447580434,-0.0005321997854050168,8.529391423612241e-07,-8.545388669524122e-07,4.966273090757523,-0.00014064500986909684,-0.0003072656893662475
shockley_112,50.0,4.319689898685965,22,-0.023096988312782164,-0.023096988312782164,stable_local_equilibrium,2.873569437955581e-15,2,0.8163690298596314,-0.0005911727961076982,1.0526296332424165e-06,-1.0548225712854595e-06,4.9686036484294815,-0.00015621751648936728,-0.00034131377297036327
shockley_112,50.0,4.516039439535327,23,-0.02451963201008076,-0.02451963201008076,stable_local_equilibrium,1.3695641842836892e-15,1,0.8163612048265594,-0.000627470787666051,1.1859920085164027e-06,-1.1886144325664732e-06,4.970037778865234,-0.00016580118561284474,-0.00036227042816762103
shockley_112,50.0,4.71238898038469,24,-0.025,-0.025,stable_local_equilibrium,2.959438250016433e-15,1,0.8163585634555144,-0.0006397241256694704,1.2328107459472367e-06,-1.2355898966684605e-06,4.970521849953194,-0.0001690361912536482,-0.0003693448961623668
shockley_112,50.0,4.908738521234052,25,-0.024519632010080762,-0.024519632010080762,stable_local_equilibrium,7.402932433731024e-16,1,0.8163612048265597,-0.0006274707876659525,1.185992008388638e-06,-1.1886144326928958e-06,4.97003777886522,-0.0001658011856124368,-0.0003622704281675642
shockley_112,50.0,5.105088062083414,26,-0.023096988312782167,-0.023096988312782167,stable_local_equilibrium,7.817531344489481e-15,1,0.8163690298596311,-0.0005911727961083189,1.052629633828434e-06,-1.0548225707022394e-06,4.968603648429509,-0.0001562175164897752,-0.00034131377297072165
shockley_112,50.0,5.301437602932776,27,-0.02078674030756364,-0.02078674030756364,stable_local_equilibrium,5.864232710539596e-15,2,0.8163817447580433,-0.0005321997854052312,8.529391420857471e-07,-8.54538867228749e-07,4.966273090757545,-0.00014064500986923282,-0.0003072656893663713
shockley_112,50.0,5.497787143782138,28,-0.01767766952966369,-0.01767766952966369,stable_local_equilibrium,1.2107068819711131e-14,2,0.816398871260334,-0.0004527801423914882,6.172175151634798e-07,-6.182024315015319e-07,4.963133450050588,-0.00011966941402383705,-0.0002614127370934428
shockley_112,50.0,5.6941366846315,29,-0.013889255825490054,-0.013889255825490054,stable_local_equilibrium,1.178549445535193e-14,2,0.8164197634599066,-0.00035592104752952804,3.812786871719083e-07,-3.8175698544728387e-07,4.959302761627412,-9.408179974509997e-05,-0.0002054911126014266
shockley_112,50.0,5.890486225480862,30,-0.009567085809127261,-0.009567085809127261,stable_local_equilibrium,7.987534245135208e-15,3,0.8164436307774515,-0.0002452996570000051,1.8104329960909926e-07,-1.8119982815124532e-07,4.954925612848781,-6.485042498812143e-05,-0.00014162382300107583
shockley_112,50.0,6.086835766330224,31,-0.004877258050403219,-0.004877258050403219,stable_local_equilibrium,6.9282687226168704e-15,3,0.8164695664793941,-0.00012512860890117792,4.709149782053322e-08,-4.711225131946264e-08,4.950167985176285,-3.308580704805887e-05,-7.224303603241848e-05
shockley_112,50.0,6.283185307179586,32,-6.123233995736766e-18,-6.123233995736766e-18,stable_local_equilibrium,5.8188199934989895e-15,3,0.8164965809270466,-1.2235598810119915e-15,2.259378464005673e-15,2.2593784640056727e-15,4.945211215251927,-8.321608527724372e-13,-7.064226266718998e-16
shockley_112,50.0,6.4795348480289485,33,0.0048772580504032065,0.0048772580504032065,stable_local_equilibrium,5.542549925963147e-15,3,0.8165236385221292,0.0001252870663272765,4.7174709470443965e-08,-4.7153868272492244e-08,4.940245255315107,3.3138649977433136e-05,7.23345214700316e-05
shockley_112,50.0,6.675884388878311,34,0.009567085809127249,0.009567085809127249,stable_local_equilibrium,5.87594209400244e-15,3,0.8165496970980034,0.0002459093655320782,1.8167141906389103e-07,-1.815138797354008e-07,4.935461456653036,6.505375713516818e-05,0.00014197583838619542
shockley_112,50.0,6.872233929727672,35,0.013889255825490048,0.013889255825490048,stable_local_equilibrium,7.409437646765937e-15,3,0.8165737483106107,0.00035720610805655117,3.832006300642261e-07,-3.827179491059694e-07,4.931045140087703,9.451035642669538e-05,0.0002062330426426284
shockley_112,50.0,7.0685834705770345,36,0.017677669529663684,0.017677669529663684,stable_local_equilibrium,1.1236671315639768e-14,2,0.8165948574310968,0.00045486184568962085,6.211801293607224e-07,-6.201837207044697e-07,4.927168249904678,0.00012036364348168275,0.00026261460905299265
shockley_112,50.0,7.264933011426397,37,0.020786740307563632,0.020786740307563632,stable_local_equilibrium,6.057220697242016e-15,2,0.816612200856353,0.0005350781431398747,8.593818723068031e-07,-8.577601806322857e-07,4.923982407215774,0.00014160491461653616,0.0003089275099792918
shockley_112,50.0,7.461282552275758,38,0.023096988312782164,0.023096988312782164,stable_local_equilibrium,2.046106339914644e-15,2,0.816625099654782,0.0005947265339973885,1.0614681534583415e-06,-1.059241754390628e-06,4.921612681220942,0.00015740265183960273,0.0003433655244976054
shockley_112,50.0,7.6576320931251205,39,0.02451963201008076,0.02451963201008076,stable_local_equilibrium,4.5770678913648055e-15,1,0.8166330475667387,0.0006314758048184122,1.1965664485528044e-06,-1.1939015473154356e-06,4.92015237925966,0.00016713681624682455,0.00036458272589864584
shockley_112,50.0,7.853981633974483,40,0.025,0.025,stable_local_equilibrium,1.9168694409543718e-16,1,0.8166357320872661,0.0006438876119142985,1.2440189569557196e-06,-1.2411938848376613e-06,4.919659117937133,0.0001704246689949393,0.0003717486860665856
shockley_112,50.0,8.050331174823844,41,0.02451963201008077,0.02451963201008077,stable_local_equilibrium,5.309554879096012e-15,1,0.8166330475667383,0.0006314758048192223,1.196566448744157e-06,-1.1939015471252231e-06,4.920152379259656,0.00016713681624628066,0.00036458272589911356
shockley_112,50.0,8.246680715673207,42,0.02309698831278217,0.02309698831278217,stable_local_equilibrium,2.6836172173361206e-15,1,0.8166250996547818,0.0005947265339976303,1.061468154235274e-06,-1.0592417536137545e-06,4.921612681220942,0.00015740265183933078,0.000343365524497745
shockley_112,50.0,8.443030256522569,43,0.02078674030756364,0.02078674030756364,stable_local_equilibrium,3.4850594632374055e-15,2,0.8166122008563529,0.0005350781431408398,8.593818721967777e-07,-8.577601807445657e-07,4.923982407215755,0.00014160491461640018,0.000308927509979849
shockley_112,50.0,8.63937979737193,44,0.01767766952966371,0.01767766952966371,stable_local_equilibrium,9.957312752106873e-16,2,0.8165948574310973,0.00045486184569167937,6.211801298228869e-07,-6.201837202479232e-07,4.927168249904592,0.00012036364348222664,0.0002626146090541811
shockley_112,50.0,8.835729338221293,45,0.013889255825490058,0.013889255825490058,stable_local_equilibrium,4.7618159415563355e-15,2,0.816573748310611,0.0003572061080568154,3.832006290976413e-07,-3.827179500736079e-07,4.931045140087686,9.45103564271033e-05,0.00020623304264278094
shockley_112,50.0,9.032078879070655,46,0.009567085809127263,0.009567085809127263,stable_local_equilibrium,4.724302546388337e-15,3,0.8165496970980034,0.0002459093655331375,1.8167141906448035e-07,-1.8151387973609871e-07,4.9354614566530035,6.505375713516818e-05,0.00014197583838680702
shockley_112,50.0,9.228428419920018,47,0.0048772580504032,0.0048772580504032,stable_local_equilibrium,1.340854510756273e-14,3,0.8165236385221288,0.00012528706632822763,4.717470961605377e-08,-4.715386812726498e-08,4.940245255315094,3.313864997702521e-05,7.233452147058072e-05
shockley_112,50.0,9.42477796076938,48,9.184850993605149e-18,9.184850993605149e-18,stable_local_equilibrium,1.0751930651067751e-15,3,0.8164965809270467,-2.1441072048790193e-16,2.2183030893804993e-15,2.2183030893805e-15,4.945211215251895,-8.320248787768862e-13,-1.237900871908318e-16
shockley_112,50.0,9.62112750161874,49,-0.004877258050403181,-0.004877258050403181,stable_local_equilibrium,7.183598334237207e-15,3,0.8164695664793943,-0.0001251286089004837,4.709149934113232e-08,-4.7112249798295514e-08,4.950167985176245,-3.308580704778692e-05,-7.224303603201767e-05
shockley_112,50.0,9.817477042468104,50,-0.009567085809127247,-0.009567085809127247,stable_local_equilibrium,6.8144274945058925e-15,3,0.8164436307774517,-0.0002452996569994557,1.81043298572802e-07,-1.811998291866051e-07,4.954925612848769,-6.485042498784947e-05,-0.00014162382300075862
shockley_112,50.0,10.013826583317465,51,-0.013889255825490044,-0.013889255825490044,stable_local_equilibrium,2.3501166290795794e-15,3,0.8164197634599071,-0.0003559210475274472,3.8127868757765e-07,-3.8175698503708953e-07,4.95930276162732,-9.408179974455607e-05,-0.00020549111260022523
shockley_112,50.0,10.210176124166829,52,-0.0176776695296637,-0.0176776695296637,stable_local_equilibrium,7.701304871599035e-15,2,0.8163988712603342,-0.0004527801423909295,6.172175134066991e-07,-6.182024332565608e-07,4.963133450050554,-0.0001196694140235651,-0.00026141273709312025
shockley_112,50.0,10.40652566501619,53,-0.02078674030756363,-0.02078674030756363,stable_local_equilibrium,8.514456500963163e-15,2,0.8163817447580434,-0.0005321997854051223,8.529391423613523e-07,-8.54538866952562e-07,4.966273090757527,-0.00014064500986909684,-0.00030726568936630843
shockley_112,50.0,10.602875205865551,54,-0.02309698831278216,-0.02309698831278216,stable_local_equilibrium,2.925177461365891e-15,2,0.8163690298596314,-0.0005911727961077499,1.0526296333279044e-06,-1.0548225712001228e-06,4.968603648429481,-0.00015621751648936728,-0.00034131377297039314
shockley_112,50.0,10.799224746714915,55,-0.024519632010080766,-0.024519632010080766,stable_local_equilibrium,1.3686968225457008e-15,1,0.8163612048265594,-0.000627470787666053,1.1859920085164027e-06,-1.1886144325664804e-06,4.970037778865234,-0.00016580118561284474,-0.0003622704281676222
shockley_112,50.0,10.995574287564276,56,-0.025,-0.025,stable_local_equilibrium,2.959438250016433e-15,1,0.8163585634555144,-0.0006397241256694725,1.2328107459472367e-06,-1.2355898966684668e-06,4.970521849953194,-0.0001690361912536482,-0.00036934489616236797
shockley_112,50.0,11.191923828413637,57,-0.02451963201008077,-0.02451963201008077,stable_local_equilibrium,7.407269242420966e-16,1,0.8163612048265597,-0.0006274707876659548,1.185992008388638e-06,-1.188614432692903e-06,4.97003777886522,-0.0001658011856124368,-0.0003622704281675655
shockley_112,50.0,11.388273369263,58,-0.02309698831278217,-0.02309698831278217,stable_local_equilibrium,7.817097663620487e-15,1,0.8163690298596311,-0.0005911727961083212,1.052629633828434e-06,-1.054822570702247e-06,4.968603648429509,-0.0001562175164897752,-0.00034131377297072306
shockley_112,50.0,11.584622910112362,59,-0.02078674030756364,-0.02078674030756364,stable_local_equilibrium,5.864232710539596e-15,2,0.8163817447580433,-0.0005321997854052336,8.529391420857471e-07,-8.545388672287549e-07,4.966273090757545,-0.00014064500986923282,-0.0003072656893663727
shockley_112,50.0,11.780972450961723,60,-0.017677669529663712,-0.017677669529663712,stable_local_equilibrium,1.2104466734497166e-14,2,0.816398871260334,-0.000452780142391492,6.172175151634798e-07,-6.182024315015419e-07,4.963133450050588,-0.00011966941402383705,-0.000261412737093445
shockley_112,50.0,11.977321991811086,61,-0.013889255825490061,-0.013889255825490061,stable_local_equilibrium,1.1784410253179445e-14,2,0.8164197634599066,-0.00035592104752953313,3.812786871719083e-07,-3.817569854472934e-07,4.959302761627412,-9.408179974509997e-05,-0.00020549111260142957
shockley_112,50.0,12.173671532660448,62,-0.009567085809127266,-0.009567085809127266,stable_local_equilibrium,7.986883723831717e-15,3,0.8164436307774515,-0.00024529965700001454,1.8104329960909926e-07,-1.8119982815125697e-07,4.954925612848781,-6.485042498812143e-05,-0.00014162382300108128
shockley_112,50.0,12.370021073509811,63,-0.004877258050403202,-0.004877258050403202,stable_local_equilibrium,8.71438338156949e-15,3,0.8164695664793941,-0.000125128608901186,4.709149786322556e-08,-4.7112251276775e-08,4.950167985176284,-3.308580704805887e-05,-7.224303603242315e-05
shockley_112,50.0,12.566370614359172,64,-1.2246467991473533e-17,-1.2246467991473533e-17,stable_local_equilibrium,5.830007863129865e-15,3,0.8164965809270465,-1.2190901030385816e-15,2.1906206708660304e-15,2.1906206708660292e-15,4.945211215251933,-8.322968267679883e-13,-7.038419991557337e-16
