j,l,ux,uy,uz,gx,gy,gz
-19,3,0.48538669129396667,3.942551757922918e-05,0.00017030687143615577,5.397066501393669e-12,2.083061501068073e-11,-7.888110002289344e-11
-19,4,0.47832040574333246,0.000122487902338801,0.00024832685152561927,-4.181027757083761e-12,-5.261208135820539e-13,2.4022746933241666e-11
-19,5,0.4711849058024753,0.0001918088285830558,0.0002675083085739614,-1.3162544513535546e-11,-9.299269687623735e-12,-5.854088471846184e-11
-19,6,0.46403422409558903,0.00024456420381890626,0.00024832018419009493,2.023894664056683e-11,9.457351568542549e-12,3.321584421221843e-11
-19,7,0.4569166827079143,0.00027985861570302526,0.00020310439783124997,3.6703803299627247e-11,1.2583281638889332e-11,-8.329795570481951e-11
-19,8,0.4498768529096358,0.00029719703528698635,0.00014131163980775688,4.3935172340525686e-11,4.6613435333853204e-11,5.04478643532199e-11
-19,9,0.4429535958146807,0.0002965762025307872,7.148139244267527e-05,1.2492251157125711e-11,2.412514632510465e-13,-5.930696018446456e-11
-19,10,0.43617368227864184,0.00027726584375984916,2.3438595442929725e-06,1.3480009317980157e-11,4.888447979745081e-11,3.8030715648071714e-11
-19,11,0.4295300120875648,0.00023338209014872485,-5.2297025430640264e-05,2.7226603675593875e-11,7.224429388053011e-12,-3.956542809580108e-11
-18,0,-0.49402671522712555,-8.450619841732777e-05,0.0001995083502121959,3.807651438410471e-11,-1.6188855811449798e-12,3.047470911417879e-11
-18,1,0.4988819491444893,-1.705260369448907e-05,0.00032831871455633063,1.9220119921070818e-11,-6.912155570137912e-11,-7.808810443697602e-11
-18,2,0.49161328549897637,3.5728441064698064e-05,0.0004451091035265797,2.029454612717009e-11,-1.0345446721515827e-11,5.18563318641866e-11
-18,3,0.4842213741857188,0.00014157774158724814,0.0005007207993342743,4.167691349367744e-11,-4.406415510249673e-11,-1.5196136121903119e-10
-18,4,0.4767237499648572,0.00028205616697498623,0.000507143206424422,4.3754802244496543e-11,-2.867275861184737e-12,2.0691838758905845e-11
-18,5,0.4691676102208271,0.0004125125635051154,0.00047034094922835306,1.834414337011786e-11,-2.4827362388180063e-13,-6.051313283469452e-11
-18,6,0.4616056056340561,0.0005176696749725077,0.0003951823676344196,2.5437830769754755e-11,-3.2834485130806e-11,2.926248523008046e-11
-18,7,0.45408925837624253,0.0005897587669474821,0.0002914984507127451,4.482106732203034e-11,-5.496193777876357e-11,1.7784055139440612e-12
-18,8,0.44666609692654596,0.0006250255960727056,0.000172712682493377,5.6133717465933763e-11,-9.712805559836113e-11,9.173311269665765e-11
-18,9,0.43937665014475563,0.0006223830159050306,5.517664055167947e-05,4.013574672265263e-11,-2.1073615075195562e-11,-7.189391855959683e-11
-18,10,0.4322513360530823,0.0005800147594954412,-4.04052326956288e-05,4.113175349363535e-11,-3.3839639423938195e-11,2.6647088419010697e-11
-18,11,0.42531203917505156,0.00046117083353688963,-7.775734863944546e-05,5.4804177905889984e-11,-7.19194703791004e-11,5.728772026935202e-12
-18,12,0.4185843891518413,0.00028441383219082424,-0.00011737777891849285,4.905997949469082e-11,-5.973006811377246e-11,1.0643962084335226e-11
-18,13,0.41214764093199346,0.0002079146172111799,-0.00012854794296331481,6.440164786007674e-11,2.805811138983927e-11,1.1634622789930688e-11
-17,-3,-0.4729317492369595,-0.00016972226506131762,0.00013349964399055704,4.1489794022284143e-11,2.3229751455744463e-12,-9.387624968289383e-12
-17,-2,-0.47964289820199096,-0.00016149826634504708,0.0002577548730382126,7.335063963555613e-11,2.978149671317709e-11,9.750010705484452e-11
-17,-1,-0.48665345078743527,-0.00017114516064974865,0.00042984138240353297,5.203794819640291e-11,4.6056353175671916e-12,-4.8146771983235796e-11
-17,0,-0.4939434116783135,-0.00015970107514362328,0.0005662389026935515,6.60338927262812e-11,5.684079595891234e-11,4.578071515631832e-11
-17,1,0.4985303670342853,-5.4482279237538045e-05,0.0006703588273054564,1.4697299421332494e-11,2.16895668092576e-11,-1.2208191891487172e-10
-17,2,0.49081023209550306,8.561410991551438e-05,0.000728199740611694,1.9809080753756952e-11,8.580219867937444e-12,-1.7785765617445506e-11
-17,3,0.4829398821421758,0.00027158785946442617,0.0007299546557683209,5.0442145143984873e-11,-1.3621853645062743e-11,-2.6271293503805047e-11
-17,4,0.4749649181953332,0.0004788493172158236,0.0006790840346470456,7.30566620654044e-11,4.614686410775448e-11,5.90246104759367e-11
-17,5,0.4669393981953654,0.0006715652997295912,0.0005806744558107041,5.2951161792942625e-11,2.789808661862736e-11,-6.923711866964506e-11
-17,6,0.4589211039077398,0.00082684580640476,0.00044304364117770686,1.4283361819689144e-12,7.187749007098176e-11,7.06569396903816e-11
-17,7,0.45096721710765536,0.0009302787257931828,0.0002803194768473226,2.964027927179064e-11,2.0284357526989538e-11,-1.073015983588132e-10
-17,8,0.4431308839641749,0.0009742956652596823,0.00011119601003588418,4.626850985678388e-11,4.845909784556568e-11,1.0458664885743332e-10
-17,9,0.43545861696261146,0.0009560381221634137,-4.296720961844054e-05,2.40007081049598e-11,8.39182334733124e-11,-6.022355469946072e-11
-17,10,0.42798894321050174,0.0008694910195420691,-0.00015983924087162175,2.5204457661590074e-11,4.399726416526306e-11,8.630512775118946e-11
-17,11,0.42075531544735745,0.0007189385369897614,-0.00024022725164984674,1.3081144240728593e-11,6.803002605693109e-12,-5.82489048856806e-11
-17,12,0.4137951193058238,0.0005404815394716143,-0.0002870339617137082,-2.879650294260183e-11,1.0513918902166353e-10,7.857030201826503e-11
-17,13,0.40713411772206404,0.00035837430639995473,-0.0002660792568082129,5.002418401386932e-12,-6.547831721270825e-12,-4.969145499808883e-11
-17,14,0.4007815882306576,0.00018602222359172807,-0.0002455650875391477,4.333127216413213e-11,2.8550703468077643e-11,4.721760797025271e-12
-17,15,0.39482496458159966,0.00012614259247975253,-0.00018408695829820728,1.78153039195883e-11,2.050169756184772e-11,-1.1478217600566568e-11
-16,-4,-0.46474397471878115,-0.00028455753475226895,0.00022075423695315768,1.1530068187107917e-11,1.925598569485487e-12,6.786454440809364e-11
-16,-3,-0.4715373555715014,-0.00038960735204851603,0.0003933198330218858,3.181305620412328e-11,-6.012644548913926e-11,-4.0531696874929624e-11
-16,-2,-0.4786558446513074,-0.0003893806502026109,0.0005612380020378183,4.233644394801596e-11,-6.566636123750413e-11,5.3564902256016296e-11
-16,-1,-0.4860989897647272,-0.0003508860825253558,0.0007155531587991225,5.549671076962755e-11,-4.9826046066847596e-11,8.018025384804763e-12
-16,0,-0.4938448366937713,-0.0002537661696039931,0.0008333747245459139,6.74486309191417e-11,-7.824819958646145e-11,4.913749757833128e-11
-16,1,0.4981435374007455,-7.682721370214523e-05,0.0009041103283159562,5.652025206095545e-11,-5.601746844163813e-11,3.2556874852832964e-11
-16,2,0.48991296896255637,0.00015616274861182707,0.0009179580714183332,5.195070431783175e-11,1.8115578481747718e-11,7.299750159808077e-12
-16,3,0.4815156785211728,0.00043129518613496,0.0008685023719154872,7.356903102126097e-11,-4.862560354368384e-11,2.313348507708684e-11
-16,4,0.4730108384083141,0.0007170507104543013,0.0007581426286008499,5.158322879082744e-11,-1.847935693355396e-11,3.65239440390042e-11
-16,5,0.4644634734744838,0.0009761520454502206,0.0005947051414205721,3.226488022069207e-11,-4.074685033828018e-11,-1.1158817197088472e-12
-16,6,0.4559409808760146,0.0011786784463755332,0.0003922091690193988,-4.731534608559684e-12,-3.196971853913766e-11,1.194897262190263e-10
-16,7,0.44750933546725896,0.0013045391107325294,0.00017078887147584394,1.099898958804163e-11,-1.1887336948124272e-10,-8.947993463125385e-11
-16,8,0.4392296265827134,0.0013438725070917007,-4.597669292416623e-05,4.318696756547974e-11,-7.819839220601921e-11,1.3404080890209742e-10
-16,9,0.4311555846363568,0.0012948955030280319,-0.00023493106483836825,1.5757290329314333e-11,-4.2614259343487504e-11,-1.881713967315842e-11
-16,10,0.4233328894190063,0.0011644454117528008,-0.00038115241573360883,3.2732167020224634e-11,-1.0979372966346546e-10,8.117514938973057e-11
-16,11,0.41580020971078757,0.0009718147851124472,-0.00047814079993767534,-1.0944078976393712e-11,-8.298750575619351e-12,7.163468543390852e-11
-16,12,0.4085900664217431,0.0007448800371325099,-0.000520304091672719,-3.980526802269124e-11,-5.277422943095189e-11,6.232400464716839e-11
-16,13,0.40172388635049383,0.0005193832380463815,-0.0005163192998598478,-1.7927411508425473e-11,-3.9209288593688996e-11,1.2508429757468811e-12
-16,14,0.39522413472191664,0.0003246042902612632,-0.00046646566277371975,1.7584942616638566e-11,-8.656227123982063e-11,4.157527784770607e-11
-16,15,0.38909370374024294,0.00016924089220994611,-0.00034818726271487944,2.1863722637904814e-11,-8.383758964836119e-11,1.5123089819281052e-12
-16,16,0.38328638982519847,7.204068054542868e-05,-0.00022008008791705796,2.2236925842356037e-11,6.883341119312547e-12,7.506396085222786e-12
-15,-6,-0.44978254293014497,-0.00025361501549868714,0.00010380336004904186,-3.774416304676287e-11,9.672276868322172e-12,4.0916139115612475e-11
-15,-5,-0.45608760193677006,-0.0003847510157200932,0.0002831392730386888,8.818607736410522e-12,6.988354339654279e-12,-8.953718889497539e-11
-15,-4,-0.46284771302872324,-0.0005802442802327667,0.00046600237887804675,4.9028865657056026e-11,-1.4809126147596885e-11,7.555405060540466e-11
-15,-3,-0.47000759999233377,-0.0006520002294683985,0.0006291668181090444,2.4551728055113853e-11,-2.8030577858828565e-11,-9.594760661706721e-11
-15,-2,-0.4775528618582555,-0.0006300709355435736,0.0007848242569872164,3.821078089355501e-11,5.3366519536801604e-11,-1.8027714791899602e-11
-15,-1,-0.48546823051992577,-0.0005335819408176327,0.0009196225120331504,5.816207609391118e-11,4.995187596890105e-11,-3.550885215204691e-11
-15,0,-0.49372580774882685,-0.0003529821054846371,0.0010131883953395132,7.200763237362375e-11,2.6915469852895058e-11,-2.1648674714859484e-11
-15,1,0.4977158707561807,-8.49711216854547e-05,0.001051000828367431,6.342162342173885e-11,2.121580688907443e-12,2.3086854327694813e-11
-15,2,0.48891073041955824,0.0002515702772175873,0.0010211393691404505,4.192614831699526e-11,1.7177051447880842e-11,-6.566176241780668e-11
-15,3,0.479922740374913,0.0006285104350916902,0.0009174671348774708,4.524946709645247e-11,-8.964495812335826e-12,2.5227052326444455e-11
-15,4,0.47082481759489075,0.0010042896771476778,0.0007430056023250511,4.408170464938188e-11,-1.528564774755381e-11,1.2645212296973768e-12
-15,5,0.46169583400699865,0.0013335883076241884,0.0005100474076442217,4.0920854595463685e-11,4.7911327683003435e-11,1.9806243450881666e-11
-15,6,0.452616256790814,0.0015785936157857994,0.00023964740363627586,3.9932308111209625e-11,2.8396771045713365e-11,8.00778563603147e-11
-15,7,0.44366362611513077,0.0017150534483948618,-4.109868269589502e-05,4.4222217901457306e-11,-2.594570391867279e-11,-8.012396668588767e-11
-15,8,0.4349086251196822,0.0017340948547300606,-0.0003038428362899229,5.757778401196262e-11,-8.304759657740135e-12,5.485665139368448e-11
-15,9,0.4264124340395996,0.0016413006294693933,-0.0005247620741297716,4.493240350102179e-11,3.773012458019309e-11,-4.2187488399870413e-11
-15,10,0.4182256398547811,0.0014548460708914102,-0.0006881709867949787,6.354605925663892e-11,2.406280730227195e-11,7.141816706166676e-13
-15,11,0.41038817753706197,0.0012026575584468471,-0.0007866149054103872,2.5846749870592212e-11,5.35217287156442e-11,-1.29377133463969e-11
-15,12,0.40292939776512504,0.0009199599817419656,-0.0008210737863981935,5.234213214765082e-11,1.1873584060406728e-10,-4.1491443324181455e-11
-15,13,0.3958680642098595,0.0006419370823715605,-0.0007943351972014678,3.421953931152799e-11,6.403950980615747e-11,-1.6195551379893014e-11
-15,14,0.38921447611437326,0.0003928090185064824,-0.0007085216123332496,-6.795487566754743e-12,6.832776011655994e-11,-4.355346068334303e-11
-15,15,0.3829637241292861,0.0001956342312401213,-0.0005781584089429536,-2.4136785669107153e-11,8.592755673664243e-11,-2.065531291606292e-11
-15,16,0.3771126334878221,4.901407664381393e-05,-0.00040068438006209063,-2.0415678262525327e-11,2.9503677279052454e-11,-3.5530550656043096e-11
-15,17,0.37163772682759,4.688973660016142e-06,-0.00023268688382717783,1.5527331807471678e-11,1.8445772687059048e-11,3.282811105202385e-11
-14,-7,-0.4407546321000171,-0.00035610266970594203,0.00013830519969811934,1.0010355174991381e-11,-2.376587815433595e-11,-2.6774032941883838e-11
-14,-6,-0.4469740379735387,-0.0006003425184779839,0.0002850613666185623,-2.7636336361741565e-11,-1.3696058176471126e-11,1.4982076734079892e-10
-14,-5,-0.45362241805222164,-0.0007702885745437654,0.00045184224392733497,3.104307013269275e-11,-4.823988430935344e-11,-5.54444913036258e-11
-14,-4,-0.4607300071383651,-0.0009095829169890697,0.0006193772625239736,5.4831470310337527e-11,-1.2539400073841023e-11,1.2364874445516816e-10
-14,-3,-0.4682956903619768,-0.0009494440690605238,0.0007767541270357455,2.7190642857936875e-11,-7.227821119393241e-11,2.1655433129759254e-11
-14,-2,-0.4763085672081932,-0.0008884661615738735,0.0009218674580148125,8.098409155733385e-11,-8.300575504716079e-11,7.552409388253845e-11
-14,-1,-0.484748448734321,-0.0007255110822526249,0.0010396941401183174,8.55717448939794e-11,-1.2840160878990758e-10,7.819254159359846e-11
-14,0,-0.49358158146462533,-0.0004540181874573037,0.001110452004366609,4.794429484227935e-11,-1.1189796311761313e-10,-2.627228946547322e-12
-14,1,0.4972413072174433,-7.803487700843004e-05,0.001115626306344523,2.4108057076251826e-11,-7.777822830234982e-11,5.991756313924578e-11
-14,2,0.48778507717967506,0.0003785001879759456,0.0010401248499819814,2.6412952445868665e-11,9.200085138161285e-12,-2.3020021679880445e-11
-14,3,0.4781286039958691,0.0008737362134450218,0.0008768944803916716,5.114492217326433e-11,-3.8863356977003605e-11,5.96337602914868e-11
-14,4,0.4683620531428338,0.0013514561358162617,0.0006312669464233927,5.273647935444964e-11,-2.9637195475551437e-11,5.950253576534129e-11
-14,5,0.4585821324344377,0.0017533589138835624,0.0003221770078061297,7.620451253527449e-11,1.3043580104898922e-11,1.3813377077918042e-11
-14,6,0.44888606231727046,0.002032922178876819,-2.022349968249789e-05,5.903602801927976e-11,9.827957891950234e-12,7.230932417775799e-11
-14,7,0.43936557382425595,0.002164193544533293,-0.00036036619881657804,6.968172751049134e-11,1.5725892810181108e-12,-6.007691071778076e-11
-14,8,0.430102140646334,0.002143930402900329,-0.0006645202739593911,3.9574488434543365e-11,-5.4587973030706394e-11,8.621645058445133e-11
-14,9,0.4211639417549199,0.0019885575278839646,-0.0009067410005508716,-1.5226877701432495e-11,2.9545518809293014e-11,8.231582116510847e-12
-14,10,0.4126045913743328,0.001728538828793018,-0.0010718285003377963,-3.2086393004365776e-12,-7.17026160668155e-11,7.067499967964956e-11
-14,11,0.40446319658148905,0.001402586059983275,-0.0011554316666402152,-2.4071675859202446e-11,-1.6533358015990984e-11,2.2521696394764076e-11
-14,12,0.3967651453437191,0.0010514876575374694,-0.0011608140469506006,1.4200918652812478e-11,-1.068552191174632e-11,2.4260251780031626e-11
-14,13,0.38952347342014376,0.0007113060830725381,-0.0010956270722903808,5.826323798419075e-11,-5.1215018337380513e-11,8.848764038535016e-11
-14,14,0.38274040861500747,0.0004108792309642133,-0.0009723049632437132,1.1369412139181079e-11,-1.4035962669911584e-10,-2.0279709193134123e-11
-14,15,0.3764084967950438,0.00016903269410879494,-0.0008026655340821656,-1.4838872318401197e-11,-9.88467224738443e-11,1.054210660620899e-10
-14,16,0.37051787524419544,6.248749275850175e-06,-0.0006103348715033631,-5.199989310672448e-12,-8.715704546968794e-11,4.2996342868462795e-11
-14,17,0.365064333924611,-7.385036041388033e-05,-0.0003953218898682008,1.4471374836302897e-11,-4.904687767037785e-12,-1.7621139261820608e-11
-14,18,0.360030017411995,-4.679228258055927e-05,-0.00020850040180366743,3.576222673030982e-11,2.6967317268145052e-11,-2.8566228294510734e-11
-13,-8,-0.4313840180777438,-0.00041624041947685436,0.00012052930500236261,8.159653118108845e-11,1.1052533888111782e-11,2.1383634317732273e-11
-13,-7,-0.4374082798939278,-0.000742370238891461,0.0002448379651132497,3.5169515086655445e-11,7.260854417712181e-11,1.88675737156801e-11
-13,-6,-0.4438850718600233,-0.0009868220742913266,0.00037924783568893936,-5.858239240930097e-13,1.6977794170536242e-11,9.202123455863843e-11
-13,-5,-0.4508562146921662,-0.0011643468860730946,0.0005287563582668902,2.0354653401145895e-11,1.1023905399643041e-10,-4.107602422803204e-11
-13,-4,-0.45834497471258423,-0.0012738516591318536,0.0006831441119075324,1.6048014913477848e-11,3.844993767820881e-11,6.357749763664152e-11
-13,-3,-0.46635891773272053,-0.0012814434669387272,0.0008335484320929054,4.146209525886235e-11,8.790100591848926e-11,8.847366058089418e-11
-13,-2,-0.4748911889779224,-0.001171968710564401,0.0009702690302827392,9.747716826422059e-11,8.367916082274718e-11,1.0623797658650472e-11
-13,-1,-0.4839198779368817,-0.0009333136097665071,0.001075582780194219,9.299144727902345e-11,1.1726872251038856e-10,1.0822201129494745e-10
-13,0,-0.49340539530872707,-0.0005577497451049583,0.0011266644853217623,2.419917104158273e-11,-6.217248937900877e-13,-5.837156214112682e-11
-13,1,0.49671165117603344,-5.350713339307508e-05,0.0010997180305993743,-8.651342852826135e-13,2.0114979126795163e-11,6.612963312797177e-11
-13,2,0.48651103906314647,0.000545898356615455,0.0009750264053528526,2.278666909024188e-11,-8.529418837888159e-11,-1.6269327763251615e-11
-13,3,0.4760913575794022,0.00118056589264596,0.0007443814245812426,5.698708399701907e-11,2.930350406771254e-12,1.1816214849570857e-10
-13,4,0.46556560985680673,0.0017730689829525686,0.00041758204034932506,9.88576560022325e-12,-6.463071744455817e-11,9.270392880265672e-11
-13,5,0.4550538580045302,0.002247343842908721,2.3637052124766357e-05,3.4369319022731215e-11,-4.547709431257374e-12,-3.971442222121518e-11
-13,6,0.4446744651986429,0.0025481850993657345,-0.0003948194819878575,4.0615366863998303e-11,2.1013718543017035e-11,1.9836511472586145e-10
-13,7,0.4345359992640727,0.002652058540409922,-0.0007915451747804907,4.657169008076556e-11,4.937036890417801e-12,-1.1451435938012681e-10
-13,8,0.42473141815360266,0.0025669673673640444,-0.0011266658250486962,8.808210237576386e-12,4.1954051344106347e-11,1.4175578130759797e-10
-13,9,0.4153348565187946,0.0023248197970418202,-0.0013731809942892751,-6.770035617179038e-11,8.43275865802795e-11,-9.24026306926601e-11
-13,10,0.4064008217412373,0.0019712804957003767,-0.0015189647059685864,-3.049072409486153e-11,9.485079388582562e-11,1.1535513614203269e-10
-13,11,0.3979650940401441,0.001556385585092311,-0.0015648116354962378,-6.545827118190073e-11,4.709584111584064e-11,-8.004658855919515e-11
-13,12,0.3900467376032765,0.0011270853662389763,-0.0015205369789470376,-7.359994796778124e-11,8.884086521998569e-11,1.1080453693251488e-11
-13,13,0.3826506914193445,0.0007225956173763761,-0.0014014583867981668,-6.408671336666227e-12,-9.49525180704569e-12,-5.731339265891344e-11
-13,14,0.37577053868737836,0.0003722190552811376,-0.0012249046543565047,7.998216889140708e-12,8.071292245670492e-11,2.996132612435908e-11
-13,15,0.3693916269621992,9.809395897882834e-05,-0.0010100997751691448,-8.299270992662144e-12,7.935835322214757e-11,-1.2508067654271992e-11
-13,16,0.3634939159409506,-8.564363725966807e-05,-0.0007708425619866028,1.291761814702086e-11,6.057918056079359e-12,9.210856117538788e-12
-13,17,0.3580511859302516,-0.0001644229517662358,-0.0005230948595041296,-3.437760015892466e-11,-2.098650420112591e-11,3.181945145195285e-12
-13,18,0.3530120137795217,-0.00014364124353138767,-0.000254286175328965,-4.092585168327667e-11,-1.7091578152772513e-11,3.8538740124507975e-11
-12,-10,-0.41683523667548944,-0.00029076465295846594,-2.7516854520630378e-05,5.726979361662249e-11,-3.114894453482009e-11,2.014474070682285e-11
-12,-9,-0.42186736224787263,-0.00048615323216060754,3.748710807388283e-05,2.3248172375915643e-11,-1.7720699907464166e-11,4.077533867871035e-11
-12,-8,-0.42752154422854965,-0.0008483945967653852,0.0001451542115905687,5.206870535862801e-11,3.68288594065902e-11,9.332456155926967e-11
-12,-7,-0.4337095742270334,-0.0011589675733288437,0.00025167475827786586,6.04663160904198e-11,-8.327971645627485e-11,3.86254345700757e-11
-12,-6,-0.4404402048066509,-0.0014073892195168483,0.0003705149098812854,6.674041874710213e-11,-3.6282213344840386e-11,1.495013624480462e-10
-12,-5,-0.4477426835361032,-0.001585531892728465,0.0005049143017646744,5.644470893288733e-11,-5.4382429115484854e-11,1.7776402203538433e-11
-12,-4,-0.4556412917414298,-0.0016769620867585187,0.0006491929965168542,2.651176283716139e-11,-4.17838402766435e-11,1.2719748151079294e-10
-12,-3,-0.4641485439357457,-0.0016532072591579578,0.0007945396810054227,4.002214250113656e-11,-7.197886731091785e-11,8.186509062064074e-11
-12,-2,-0.47326115670432267,-0.0014896742852581757,0.000927326770260327,4.577135214898706e-11,5.976785732997314e-11,1.2251321638223015e-10
-12,-1,-0.4829563546775186,-0.0011649182694086861,0.0010259450184230668,4.88422875549125e-11,-3.8856112771767926e-11,2.5419571504127492e-11
-12,0,-0.493188143095583,-0.0006671178626324682,0.001061802842525105,-2.2587747454784826e-11,-3.4912628343874985e-11,6.093661046677884e-11
-12,1,0.49611576513317135,-7.568839756814868e-06,0.0010032737152584203,2.6613229035885727e-12,-6.689925002856256e-11,6.354355228306054e-11
-12,2,0.48505527075569455,0.0007660467321247168,0.0008238763578344338,5.709085726954624e-11,3.9364428383592553e-11,1.0799054719575797e-10
-12,3,0.4737558803868588,0.0015673186871679322,0.0005144006249785675,5.157950217112017e-11,-3.267223991354484e-11,-5.452535994866954e-11
-12,4,0.46236167080871665,0.0022880190290744794,9.270084896559447e-05,-1.5748567597576035e-11,-2.482357375210853e-11,1.3415603983344803e-10
-12,5,0.45102359225712846,0.0028292460019630396,-0.0003965270824524924,-3.547386516478124e-11,-1.1190617876799536e-11,-1.5857194539652814e-10
-12,6,0.43988643756537305,0.0031291727256592167,-0.0008931729575231498,1.4927213978777054e-11,2.5806343173506718e-11,2.0542765940742818e-10
-12,7,0.42907812711964677,0.003173764108221076,-0.001337944748959096,6.872959232989695e-12,-3.4707139939804676e-11,-1.4808568217158924e-10
-12,8,0.4187029689237068,0.002990384800482242,-0.00168555424581709,1.3190992785919176e-11,1.151836959145669e-11,1.6375592595390407e-10
-12,9,0.408838946339115,0.002632608416708841,-0.0019109858270354408,-1.0408381188181659e-11,3.607465715038671e-11,-9.920554152741557e-11
-12,10,0.3995381785894612,0.0021643411347807254,-0.002009114906665817,-6.545796456952635e-12,-5.8019977711154525e-11,1.248701658295836e-10
-12,11,0.39082943831564737,0.0016476287431870997,-0.001990101775818272,-1.465776632014748e-11,1.1655898468632131e-11,-6.094648632884274e-11
-12,12,0.38272189172168425,0.001135354752120806,-0.0018734570736963702,-9.379229250899845e-11,-4.337252779151868e-12,4.482618528483303e-11
-12,13,0.3752092173578653,0.0006681170425624562,-0.0016826543311482922,-4.9050104906564473e-11,-1.0790972282403999e-10,-3.7373143073121326e-11
-12,14,0.36827358847471076,0.0002747538135539858,-0.0014416778667127514,2.1316488071215778e-11,-1.637429775103172e-10,1.1405097288271328e-10
-12,15,0.36188926554899437,-2.5923464602827106e-05,-0.0011718943714364714,-3.3619698604908654e-11,-6.792487405871128e-11,-5.419201707794778e-11
-12,16,0.3560251986072694,-0.0002218692059073492,-0.0008923778291468187,-2.8778282708252778e-11,5.99949256940846e-12,5.332141863055627e-11
-12,17,0.3506472251448331,-0.0003096045052377703,-0.0006164740049590478,-7.613082039781283e-12,4.247566187665086e-11,-7.186821426738649e-11
-12,18,0.3457295726063454,-0.00028619282284906574,-0.00036724802819082183,-3.446578244158116e-11,6.15023310057694e-11,1.2378074910543435e-12
-12,19,0.3412656388330356,-0.00013130773678910113,-0.00017059047316773796,-3.5990045145484206e-11,6.794620421857189e-12,-3.807696562566076e-12
-11,-11,-0.4074941020029724,-0.00033470687857302395,-5.575887617477289e-05,7.285087550573666e-11,3.773953372032679e-12,2.6191002898369106e-12
-11,-10,-0.4122057960623942,-0.0006556759669896848,-5.228133773747585e-05,2.2790082104470755e-11,-2.875245874722765e-11,1.0195586264355808e-11
-11,-9,-0.41742154543313303,-0.0009495055961961,-2.2477681799890767e-06,-2.576727806818946e-11,5.931491409150169e-12,3.286506023515755e-11
-11,-8,-0.42320296567655363,-0.0012935477378705534,7.045465278260914e-05,1.657762468965096e-13,7.928360745701468e-11,5.052375621279921e-11
-11,-7,-0.42957372158912926,-0.0016057523817695173,0.0001528444685385194,6.65004660496335e-11,1.1828259205426406e-10,-6.590445366088521e-12
-11,-6,-0.43656486727772076,-0.0018627507685466597,0.0002525790282572554,1.0039099304463839e-10,4.0199552020503404e-11,-2.31953007148733e-11
-11,-5,-0.4442135404879945,-0.0020449157703746348,0.0003723282600624503,1.1527704864896376e-10,3.3065911120289115e-11,7.84140023014435e-11
-11,-4,-0.4525526325677006,-0.002126609425009731,0.0005086345226481018,1.0560650216730888e-10,1.3831658041141282e-11,7.603559971859804e-11
-11,-3,-0.461603136354487,-0.0020745854922517458,0.0006526320715622142,4.7861098005815006e-11,1.1144472844559772e-10,-1.65489675457188e-11
-11,-2,-0.47136753084717875,-0.0018537065578255248,0.000787867380716184,2.438855974812304e-12,6.225582549479469e-11,2.299424431244368e-11
-11,-1,-0.4818234726731153,-0.001431022965693324,0.0008875642557168303,-4.713405935084097e-12,5.823971860330346e-11,-1.5978487250770806e-11
-11,0,-0.49291782915583887,-0.0007868406510033424,0.000914350421820025,-6.15568287803351e-11,-1.2612619282315052e-11,5.865598704988227e-11
-11,1,0.4954383283123357,6.534033812370102e-05,0.0008247228043941399,1.2038843609073896e-11,4.1077530266164786e-11,3.3876316465550338e-12
-11,2,0.4833725406250794,0.0010565653536646752,0.0005820797532819345,3.047821820227267e-11,-3.0355315483454604e-11,5.826889835978781e-11
-11,3,0.4710482896268189,0.002059322282715696,0.00017703369123428517,4.9670105268379006e-11,4.271112630238605e-11,-1.0001030114736159e-10
-11,4,0.45865298696020207,0.0029203343324838388,-0.000357973985357951,-5.475354761599882e-12,2.6358720761621157e-11,1.3336094160682366e-10
-11,5,0.44637864728211035,0.0035132051502735624,-0.0009534902066280788,9.230448436842176e-12,1.0762289670562808e-10,-1.3568430121048847e-10
-11,6,0.43440260789344926,0.003776031426047686,-0.0015253550283399024,3.1151861038664075e-11,-6.2915367360361074e-12,1.6040074917432218e-10
-11,7,0.4228739081311288,0.0037165327885599828,-0.0019998785099234456,-4.088596041590398e-11,7.205716578972954e-11,-1.174747652399246e-10
-11,8,0.4119064944282815,0.0033929566188602408,-0.0023297237827238602,-5.03229604254668e-11,2.3607379939782902e-11,1.846721094458676e-10
-11,9,0.40157815352289544,0.0028877333808637728,-0.0024977321985720086,-9.65771213001787e-12,6.616809877790786e-11,-1.6029158705107953e-10
-11,10,0.39193338737396766,0.002285457731823433,-0.0025119347839446526,-2.540682052763754e-11,9.550472912511765e-11,1.4740033207948176e-10
-11,11,0.382988583508063,0.0016593515303830846,-0.0023966625691917987,-1.9069689187120598e-11,5.997465024609738e-11,-8.735116410307341e-11
-11,12,0.37473809021812304,0.001065649817138609,-0.002183650591971768,-8.649487332965111e-11,6.211949010737072e-11,8.146601226726932e-11
-11,13,0.3671602003184523,0.0005434906757923007,-0.0019054327667934526,-9.063775619801151e-11,-3.763710176851731e-11,-1.0569366334835933e-10
-11,14,0.3602223698149121,0.00011768727147648376,-0.0015912924644547264,1.917592517067246e-11,3.8415950975867474e-11,3.228770129406512e-11
-11,15,0.3538854487225881,-0.00019736718569144727,-0.0012657565357931126,-1.8137611421456534e-11,-1.6387738388523587e-11,-1.1242979102235335e-10
-11,16,0.3481069780578023,-0.0003947177523285922,-0.0009479152706851389,-4.656122297615195e-11,-1.0063054556308515e-10,3.4388090302834434e-11
-11,17,0.3428439841992283,-0.0004706097284435257,-0.0006542026371974574,1.505376769420086e-12,-1.0840880970697242e-10,-9.836464576076873e-12
-11,18,0.33805710501697667,-0.00041888669456968035,-0.00039675172139429026,-1.3727031230453823e-11,-4.5613152144241553e-11,-5.177654879411639e-11
-11,19,0.33371600973729304,-0.0002562364068572853,-0.00016497095083886602,-1.0518827779290585e-11,7.204291330165091e-11,6.598095394973625e-12
-10,-12,-0.3980711397308043,-0.00030410854196735927,-0.00011373075975045989,2.004735353416942e-11,-1.83757176142052e-11,7.61566534119261e-12
-10,-11,-0.4023543853466582,-0.0006961175585886909,-0.00012808074562076316,8.496925797511767e-11,-8.423839403803868e-11,5.360194571730516e-11
-10,-10,-0.40714041975764265,-0.0010470148268912351,-0.00014251802233156374,4.0647759463885436e-11,-9.566045178210913e-11,3.741798016926117e-11
-10,-9,-0.4124600166999527,-0.0013940142668317685,-0.00013495785029371137,4.831418013058475e-11,-1.1281137135554786e-10,3.425757474326578e-11
-10,-8,-0.41836940178103993,-0.0017507912905578972,-0.00010652176906284736,5.6642361157335785e-11,-6.422501419578452e-13,8.980870866046823e-11
-10,-7,-0.42492318166112036,-0.0020798057618747045,-5.7748794852638945e-05,7.347107991440005e-11,-5.969376382086722e-11,7.81386130658309e-11
-10,-6,-0.4321763281202049,-0.0023555105938979225,1.6792959521874073e-05,6.784477992426152e-11,2.849692704032236e-12,6.059863269275607e-11
-10,-5,-0.4401836541975495,-0.002551373757346124,0.00011992635896892832,1.17174643794217e-10,-4.353228888476224e-11,2.0881015287081e-11
-10,-4,-0.44899406038043865,-0.0026336735302738617,0.00024958431401976046,1.256695574426009e-10,5.217562493164962e-12,4.896566553375288e-11
-10,-3,-0.45864287313922214,-0.002559852500400403,0.00039697439522184437,-2.551098546819952e-12,2.793275333257128e-11,-1.6297637764621682e-10
-10,-2,-0.46914291348054343,-0.0022808031733010845,0.0005430776428405652,-4.1986597358600886e-11,4.663408548211123e-12,8.300875419431537e-11
-10,-1,-0.48047495094840825,-0.0017468839860039253,0.000654447696197583,-4.936278274157713e-11,-7.006616120630582e-11,-4.650079125467603e-11
-10,0,-0.49257827703605883,-0.0009241562973160527,0.0006808865358289699,-2.5871573641560695e-11,-5.6353144373133546e-11,1.149780473196256e-10
-10,1,0.494657763661199,0.0001736043289775786,0.0005604967915920601,3.3848543813750492e-12,-1.9898249714600524e-12,-6.470682144396264e-11
-10,2,0.48139994609981335,0.0014437418110634856,0.00024107701234703835,4.1764237901364965e-11,4.526400088078475e-11,1.6056806836288288e-10
-10,3,0.46786740188030473,0.002692079914178678,-0.00028437556573254123,2.217589989677443e-11,-1.0010793582981847e-10,-6.978730196808766e-11
-10,4,0.45430941749308745,0.0036994843166541806,-0.0009565839760492313,1.5107649506407306e-11,-5.555363113973755e-11,2.2391032646442485e-10
-10,5,0.44097247855205335,0.004310793652420743,-0.001667122048003475,2.5076360259113084e-13,-4.213891735549424e-11,-1.945640304277423e-10
-10,6,0.4280726386645401,0.004479628169022664,-0.0023004077731154115,2.877843037658867e-11,8.577667742759587e-11,2.025470672396357e-10
-10,7,0.41577987216531814,0.0042555632898273466,-0.0027702193158529276,-7.016834444213693e-11,9.491907260184007e-12,-2.1917684865386394e-10
-10,8,0.4042131069327905,0.0037427531122234616,-0.0030352927782955432,-1.4019809618792678e-10,2.48428777549492e-11,2.2897098691902762e-10
-10,9,0.3934427137144745,0.003059259039984581,-0.0030962284356523518,-9.656075331682112e-11,-5.2056997601468424e-11,-6.090026199263507e-11
-10,10,0.3834975441394646,0.002310239857280053,-0.0029824364168781034,-4.7686078176456537e-11,-7.711431493362397e-11,1.9162469788031045e-10
-10,11,0.37437402594455726,0.0015761020014809144,-0.002737236467950939,-3.893932485482532e-11,-3.1673580425106707e-11,1.4285108482941546e-11
-10,12,0.36604537012777844,0.0009113941122886703,-0.00240610665330777,-7.700470035926221e-11,-7.261058421192956e-11,1.19335750374365e-10
-10,13,0.3584696311924446,0.000349184658564625,-0.0020296632507500858,-9.141195135911606e-11,-6.328064461325056e-11,-6.863602320229898e-11
-10,14,0.3515960872827997,-9.289408278157287e-05,-0.0016407572132665848,-4.251082602255152e-11,-3.158483197207573e-11,1.5245391347994477e-12
-10,15,0.3453698635027619,-0.00040717913252780516,-0.001263980621783607,-5.33748475105289e-11,2.5184992979987442e-11,-8.167794523681552e-11
-10,16,0.3397349625032112,-0.000591368480050974,-0.0009167964242915741,5.984953851956298e-12,4.6846276857692715e-11,-7.821755472047637e-11
-10,17,0.33463560900826167,-0.0006448435605600376,-0.000610147704914928,4.264378693913384e-11,5.690277415926204e-11,-3.672578280849775e-11
-10,18,0.3300139201903787,-0.000570605699024622,-0.0003464853216202995,-2.0091742505834453e-11,7.931766354829506e-12,-4.5725311923860805e-11
-10,19,0.32580022675938675,-0.000370277218749892,-0.00013359904695917953,-6.68246640748299e-11,-2.5925372959534343e-12,-4.0592096836058154e-11
-9,-12,-0.3923859827514946,-0.0006072900101253235,-0.00011685413144951008,8.262425032351528e-11,1.251110604005845e-10,-4.6549498251228366e-11
-9,-11,-0.39675765063304763,-0.0010373439242484979,-0.00023757528218161148,9.519102606853069e-11,3.9320616207483283e-11,2.068611767137526e-11
-9,-10,-0.4015779980136254,-0.001437613504863513,-0.0003234318869811685,5.83541793445358e-11,1.1484563300356854e-12,-9.16599668344606e-13
-9,-9,-0.4069511626177705,-0.0018314168554940662,-0.0003770332215097975,6.25570415781207e-11,5.5516508057351643e-11,1.0500575712088121e-10
-9,-8,-0.4129572668734456,-0.002220150895900636,-0.00040131048569058757,7.630006414009738e-11,4.591897695416236e-11,-4.1258897164118784e-11
-9,-7,-0.4196731057440073,-0.002581583280202046,-0.0003946855026200657,3.809370614088481e-11,1.2414874683841504e-10,1.0776286795826122e-10
-9,-6,-0.4271768755234207,-0.002890291150387897,-0.00035188176848726196,3.0417094407445e-11,3.6794706170795166e-11,-7.888013396487644e-12
-9,-5,-0.435546893476808,-0.003114614100484694,-0.00026871326202460195,4.077546113256947e-11,1.0002543238130102e-10,-1.3033647965966007e-10
-9,-4,-0.4448559324298194,-0.0032124244089279234,-0.00014518008849120228,1.7470940276084757e-11,9.121453592442208e-12,5.78604646698155e-11
-9,-3,-0.45516198348698933,-0.003128482253001309,1.0963845788673883e-05,-1.0971888220016879e-10,7.125704193367e-11,-8.875852062063903e-11
-9,-2,-0.46649588396807096,-0.0027944187797548288,0.00017869759850209105,-4.8218484326872924e-11,7.703379600876303e-11,1.7003056720834436e-10
-9,-1,-0.4788467662553732,-0.0021350134730697685,0.0003163588544167782,-3.7246356172915274e-14,1.1310000158637479e-10,-5.275359906938351e-11
-9,0,-0.4921469635444586,-0.0010904949187340199,0.0003552405890715735,2.120994693896247e-11,3.478364818398916e-11,1.2660713726323977e-10
-9,1,0.49374274351333436,0.00033058003690497026,0.0002040547181980923,8.352308943212691e-12,-8.008801954950684e-12,-6.650331311032834e-11
-9,2,0.4790472843804479,0.0019682708792034508,-0.00021428834387932777,6.197349523753143e-11,-1.7987278333464474e-11,7.477591278375745e-11
-9,3,0.4640713394397194,0.003515496386822637,-0.0008973264289413818,3.434017555991459e-11,2.1833049257402593e-11,-1.5669250730374236e-10
-9,4,0.4491541619623849,0.004658968457737115,-0.0017356915939159459,2.8678812146257227e-11,3.014045957261402e-11,3.6300787964222044e-11
-9,5,0.43461307561852974,0.005224807184473212,-0.002560943159611941,3.716023799435475e-12,6.020682563612212e-11,-2.1020769777884297e-10
-9,6,0.4207071825963702,0.005214234729495469,-0.0032207662446607265,5.0717686777765336e-11,1.3277087762553208e-11,1.655143193725686e-10
-9,7,0.4076230183959137,0.0047489436677844955,-0.003625807321822594,-2.4195214191544134e-11,1.6786072531971286e-11,-1.759532190900772e-10
-9,8,0.3954747075525651,0.003995746450182703,-0.0037568474785288006,-6.621883900589931e-11,-1.6562681781628896e-11,1.493927805627012e-10
-9,9,0.3843131112402721,0.0031113574845161598,-0.0036470664338008737,-8.38420582960353e-11,1.9092089020844583e-11,-7.503132807445446e-11
-9,10,0.37413953952865037,0.0022158433079960244,-0.003356501841712122,-1.3358360468132546e-10,9.428936798006049e-11,5.365874395204043e-11
-9,11,0.3649204390671346,0.0013882329955896573,-0.0029505580778609397,-9.292981878808448e-11,6.281723752277202e-11,-1.0053219178353737e-10
-9,12,0.3566003603044766,0.0006737003685306848,-0.0024871591454322904,-5.444614550875748e-11,3.273079030030601e-11,1.647836741732779e-11
-9,13,0.34911199599440706,9.389747698621923e-05,-0.002011718542171656,-5.989516109645987e-11,-2.1260743165996132e-11,-9.830757198960385e-11
-9,14,0.34238328099032517,-0.0003439663641064905,-0.001556771219645255,-5.6458239992840387e-11,-2.5071431042356096e-11,-5.330681967889717e-12
-9,15,0.33634196750478096,-0.0006404001770606576,-0.0011437796544903883,-7.556329281906138e-11,-6.827292897693127e-11,-5.3682943629133374e-11
-9,16,0.33091807290380576,-0.0007991142966240698,-0.0007854204958187582,-2.7204413201309396e-11,-6.224787352238081e-11,-4.227621032382948e-11
-9,17,0.32604401582252496,-0.0008248637254800786,-0.00048745537304627733,2.6223137810504893e-11,-1.4920209512325755e-10,-5.217616989909536e-11
-9,18,0.32165006629182386,-0.0007204236296124724,-0.00025305881927751943,-1.1734585742342873e-11,-3.604593012962454e-11,-4.176611439105126e-12
-9,19,0.3176430445806748,-0.00047463873976414056,-8.667472617476122e-05,-5.088169902772721e-11,3.9226941139780536e-11,-5.316509524424607e-11
-8,-13,-0.38258585760285774,-0.0004219002379862555,-0.00016833572917444124,-2.5214632682138416e-11,-2.4261148645621233e-13,9.335262498731591e-11
-8,-12,-0.38642173185145007,-0.0009335547746470459,-0.0003309956343419951,5.943032611172017e-11,-7.75610131675819e-11,3.1790114160892835e-13
-8,-11,-0.39068966330870564,-0.0013886946919029726,-0.0004932258228976089,6.028420080836372e-11,-8.470499301971302e-11,1.6878303905199085e-10
-8,-10,-0.39546260823885915,-0.0018308182370922158,-0.0006349274229855853,1.9980256598522983e-11,-1.1043431447088636e-10,8.714338215739864e-11
-8,-9,-0.4008301502041454,-0.002270331431565698,-0.0007493304065985251,3.8533181636810077e-11,-1.3991961755888127e-10,1.0448983477371948e-10
-8,-8,-0.4068840919792741,-0.0027037291577426434,-0.0008318582926075754,7.885107584232331e-11,-3.0378477511305846e-14,3.414518306635436e-11
-8,-7,-0.413721625821394,-0.0031132077761174227,-0.0008760222081286358,4.7986106841563236e-11,-5.916815648543405e-11,-3.230864722622833e-11
-8,-6,-0.421446897258326,-0.003472695248569484,-0.0008734045457994102,1.693985099762707e-11,6.472669622503702e-12,3.709026622888533e-11
-8,-5,-0.43016881167733256,-0.0037456848988758717,-0.0008162216201815493,-4.573135164824549e-11,2.0110191290001467e-11,-1.3956861151011041e-10
-8,-4,-0.43999445185360603,-0.0038807188762646568,-0.0007004365771065153,-8.981235351777916e-11,-2.972644352894349e-11,1.9442858777238715e-10
-8,-3,-0.4510171726463651,-0.003806402447817684,-0.0005306289241427645,-1.2067995669613751e-10,-3.6627395560984155e-11,2.44448667037489e-13
-8,-2,-0.46329885362917966,-0.003427693615300408,-0.0003281832827211905,-2.1872564089781e-11,-3.8877193131447996e-11,1.1357451190998659e-10
-8,-1,-0.4768472476777972,-0.002629613512361289,-0.00014396944706416783,2.01011852562355e-11,-1.0854757370726276e-10,-4.919133595468819e-11
-8,0,-0.4915911397925747,-0.001304861441013162,-7.318993355607283e-05,-3.2298852692879895e-11,-2.050899727823463e-11,6.890760423199083e-11
-8,1,0.49264584666502775,0.0005590299195218398,-0.00025604521488817143,-3.0880093946326903e-12,-2.3848645280821756e-11,-1.1059032417040301e-10
-8,2,0.47618030258479327,0.002695430346027259,-0.0008109827822455764,7.309686590826342e-11,-3.1492503049790344e-11,1.9296598769823897e-11
-8,3,0.45945614917804206,0.0045985367092843754,-0.0017070503931036517,7.535003697378695e-11,-4.031920630698238e-11,-1.4181454179918764e-10
-8,4,0.4429436941522821,0.005830372412221712,-0.002740902225667835,3.2143236423226584e-11,-7.587694361710362e-12,3.197716746884856e-11
-8,5,0.4270476601208706,0.006237338407944775,-0.0036566547366041835,-7.998556027580261e-12,-5.257347335252405e-11,-1.9196875935666852e-10
-8,6,0.4120689170413694,0.005926957700799511,-0.004269784443964251,3.769093630950904e-11,-1.0603712352619254e-11,1.416700200890502e-10
-8,7,0.3981980534644977,0.005132996008570977,-0.004512280638023535,2.974323998899964e-11,-7.368623766712545e-11,-1.513056137629129e-10
-8,8,0.38552608341470473,0.004097595280381429,-0.004414373020645513,-1.6060010959995097e-11,-2.360110717969377e-11,9.98501495244955e-11
-8,9,0.37406505713468785,0.0030091560703668055,-0.004060544484758329,-8.971894885009823e-11,-1.2218516476369956e-10,-2.4828712653565677e-11
-8,10,0.36377219142160405,0.0019879325030702105,-0.0035481548353885027,-1.8529383062626525e-10,-1.2282591610457416e-10,3.471989861413005e-11
-8,11,0.3545717619248337,0.0010979457745101554,-0.0029625269182913866,-1.7345987927269713e-10,-5.172816341936226e-11,-1.9696191319628145e-11
-8,12,0.34637169402711226,0.0003658999054909897,-0.002368083043663655,-1.198401686046402e-10,-2.745149940697189e-11,-2.5382307909140034e-11
-8,13,0.3390746896383687,-0.00020286110306336186,-0.001808529530553022,-7.463741473826002e-11,1.8687718039700485e-11,-8.049286915169998e-11
-8,14,0.332585149242228,-0.0006135217925692104,-0.0013106213206360326,-9.639869198024842e-12,5.745059983297551e-11,-4.9515464103054574e-11
-8,15,0.3268130956462632,-0.0008751955634887837,-0.0008886826687808154,-4.0755856588886585e-11,6.236088034849985e-11,-3.163648756485636e-11
-8,16,0.32167606876430105,-0.000997309078729922,-0.0005488090122216804,-3.459890425376588e-11,1.8868004381111803e-11,-2.7498040458962935e-11
-8,17,0.3170999872204609,-0.0009874392106726563,-0.0002931073623961029,-1.4407931661977735e-11,9.70846736336739e-11,-5.916559042283727e-11
-8,18,0.31302199254739244,-0.0008485926808306,-0.00012343505043462756,-2.4943513834280173e-11,5.2135795680641195e-12,-8.460519177605486e-12
-8,19,0.30940940219450724,-0.0005682963892570361,-4.256237736802201e-05,-1.7899117301170553e-11,-2.7524357792962917e-11,-3.186455361180694e-11
-8,20,0.3062842866023471,-0.00021002323522905717,1.539617912748352e-05,1.9838210935096967e-12,-1.513078551340641e-11,-9.464573340957653e-12
-7,-14,-0.3731715644614802,-0.0003557386762043696,-0.00023231631072436534,7.024817381441617e-11,1.6667889290999938e-11,5.498765071748624e-12
-7,-13,-0.376336401063056,-0.000787249975141478,-0.0004339758454205525,3.580706456167426e-11,2.3541391058756744e-11,-2.7184852933732732e-11
-7,-12,-0.3799599875301442,-0.0012649470347612596,-0.0006463440759712786,1.0035167835598102e-10,9.755586616311263e-11,3.628777864268318e-11
-7,-11,-0.3840670374393232,-0.0017405514398551455,-0.0008655174363053436,5.0203512571081466e-11,1.0087999879893061e-11,1.0255308465634142e-10
-7,-10,-0.3887227191447944,-0.0022213395019999643,-0.0010737178682438332,2.5706048617860078e-11,-9.202610895542307e-12,-3.8976889912226836e-11
-7,-9,-0.394015672188631,-0.002709947458870845,-0.001259306919211271,1.3100594827702983e-11,1.1894248086452563e-10,-1.3196384082865813e-11
-7,-8,-0.40005030890451115,-0.0032000665038249476,-0.0014122221844809352,2.0299224324019094e-11,8.049419464306595e-11,-5.842698327647271e-11
-7,-7,-0.4069462645740004,-0.0036748766142517646,-0.0015210252547152696,5.297794104450193e-12,1.1488134055159804e-10,-1.2178648401436985e-10
-7,-6,-0.4148389136370501,-0.004107220642270623,-0.0015724853653817233,-7.021491222648779e-11,6.683582853828085e-11,3.132703451302291e-11
-7,-5,-0.4238774767522299,-0.004456007524315216,-0.0015530229486292863,-7.251871412400357e-11,4.6828554922662136e-11,-5.073159911096487e-11
-7,-4,-0.4342182172057452,-0.004659732479104338,-0.0014517361435299548,-6.024149126586387e-11,-8.331101086778148e-11,7.105804218144642e-11
-7,-3,-0.4460097849931719,-0.004627369843380245,-0.0012663402815067083,-6.404908374502138e-11,2.267416809864642e-11,-7.996725747945813e-11
-7,-2,-0.45936798329025297,-0.0042276747983119225,-0.0010147849265282553,-2.0997198120834004e-11,1.163110580071347e-10,-4.599297131297961e-11
-7,-1,-0.47433967950322686,-0.0032841302528995166,-0.0007562369531935834,-6.937625604205855e-12,7.609990415602397e-11,-9.523974490999176e-11
-7,0,-0.4908605735559962,-0.0016011426484684912,-0.0006227656045920778,-5.170765606053035e-11,8.212694413423094e-12,-3.6159971501456556e-12
-7,1,0.4912909941574384,0.0009012925419182036,-0.0008401383985796474,-1.46328408916728e-11,-5.5783322405744684e-11,-1.5538030942192221e-10
-7,2,0.47259000672719526,0.0037329501772431807,-0.0015984636429967785,2.5170871355111035e-11,-9.520927102268928e-11,-1.7856283834362385e-11
-7,3,0.45372133858542235,0.006031006891728372,-0.002787368755556298,2.664635569485374e-11,-1.77264453116166e-11,-1.7038327693175148e-10
-7,4,0.43533872987062483,0.007226902978874184,-0.0040295805847740465,4.1307362478454346e-11,-1.3672826759680845e-11,-1.3737601144538439e-11
-7,5,0.417943452050108,0.007289071598562505,-0.004957532922420821,-3.2130032141808318e-12,3.937557224720223e-11,-1.3594383501932053e-10
-7,6,0.40186437885771287,0.006525374744108236,-0.005386177648182378,-5.631291006419348e-12,-3.440303597557204e-12,4.2148819319725445e-11
-7,7,0.38726883047479915,0.00532245621904474,-0.005319734547869356,4.700542906299621e-11,5.748546083594874e-11,-6.082641356743024e-11
-7,8,0.37419231261165464,0.0039929266739323135,-0.004877760111702735,-2.8362989040742193e-12,-3.9011877062122835e-11,-2.871219099065056e-11
-7,9,0.3625791968534764,0.00273083226900903,-0.0042115748712372066,-1.0766801296011042e-10,6.647513095536794e-11,-6.526607992116476e-11
-7,10,0.3523218396383432,0.0016310368595682957,-0.0034518919396075913,-1.5234999416538497e-10,6.430068977270054e-11,-5.349772396454934e-11
-7,11,0.3432895453164249,0.0007263995502526124,-0.0026925310833158605,-1.5192162892280203e-10,3.822681060583477e-11,7.436553217839148e-12
-7,12,0.33534668791780436,1.746584164582287e-05,-0.0019926818443964794,-1.3873062117489288e-10,-3.738336029623923e-11,-1.8634509598358315e-11
-7,13,0.3283629646863488,-0.0005091481848812948,-0.001384897462622955,-9.670785179605179e-11,-3.972454309941753e-11,-2.0771123400908573e-11
-7,14,0.3222186922559388,-0.0008706992572390052,-0.00088338000661539,-2.7108440926043587e-11,-4.027832234410056e-11,-1.5551859333749057e-11
-7,15,0.3168071859432453,-0.0010832919670276564,-0.0004908465391414776,5.010709729080798e-13,-3.489260269606831e-11,-3.225219573290035e-11
-7,16,0.312035749474762,-0.0011595212149081296,-0.00020372567869531488,-1.2919815607984053e-11,-1.5605919334582552e-11,6.71220416555607e-11
-7,17,0.30782692757372765,-0.001107331455118671,-1.5560381274199072e-05,-6.854274526429949e-12,-3.513327129223143e-11,-4.1485634331571604e-11
-7,18,0.304122113711247,-0.0009290846882274737,8.233061412732555e-05,-5.5658693799698344e-12,-1.7109674788073903e-11,4.846058721409002e-12
-7,19,0.30088953183296757,-0.0006410492568565123,0.00011349560441568357,-7.279579716801265e-12,6.028737231655867e-11,-7.123859616155214e-11
-7,20,0.29812964207257475,-0.00029998185740036577,9.034905724667357e-05,-6.0512836061454855e-12,-1.3507334140072658e-11,-3.449963188392746e-12
-6,-15,-0.36407967755456117,-0.0002871240967452927,-0.00025454060621788756,7.532555785713657e-11,2.782118979638426e-11,-2.428593274834273e-11
-6,-14,-0.36657750663377053,-0.0006705711799536332,-0.0004904587717107906,8.960473921008905e-11,1.875435917675361e-11,8.45841295903137e-12
-6,-13,-0.3695263859563684,-0.0011002252831768828,-0.0007570284561745912,8.21531831278477e-11,-3.0202784717658915e-11,3.7332657805259645e-11
-6,-12,-0.37292421835609324,-0.001575411164472766,-0.0010465723409046083,6.764580584052438e-11,-1.2114412251129636e-10,6.147929992243555e-11
-6,-11,-0.37681788724523774,-0.0020745881651780527,-0.0013454655508935035,2.8893087792095096e-11,-1.3050528713254295e-10,4.310344136194792e-11
-6,-10,-0.3812827774072545,-0.0025969917262289675,-0.0016386687290661014,2.4284613599559468e-11,-5.604008923576487e-11,9.894046684917092e-11
-6,-9,-0.3864172475275294,-0.003141826919984672,-0.0019132955837714322,-6.03742604955021e-11,-1.0399360539370406e-10,-2.2086707896634694e-11
-6,-8,-0.39234213299552606,-0.0037021619057934106,-0.002156044460739221,-4.93258600197527e-11,-1.867409005207321e-12,5.301997735166278e-11
-6,-7,-0.399202909859417,-0.0042622106495997705,-0.0023511438033377904,-8.017989896157152e-11,-7.866461648742273e-11,-4.243378805073809e-11
-6,-6,-0.40717257470213997,-0.004794662191910875,-0.002479612043456097,-9.677057506013442e-11,-4.4849568503479986e-11,1.4460298658079598e-10
-6,-5,-0.41645273247389264,-0.0052551307638562215,-0.00251986885403378,-2.775429625706538e-12,-7.020531378465478e-11,-4.0553782906663574e-11
-6,-4,-0.42726937703027107,-0.005572590569239482,-0.0024502907395163595,-2.0470969103875136e-11,-1.8315418626180247e-11,3.603196186514543e-11
-6,-3,-0.43985763209979123,-0.005633937050153138,-0.0022558206152533764,-1.0432748458535923e-10,-5.864420060675002e-11,-7.828340186917353e-11
-6,-2,-0.45442810990662597,-0.00526093322639407,-0.0019432830008492884,-6.148137229357309e-11,-8.9732568597789e-11,6.453573379904334e-11
-6,-1,-0.47110911616660806,-0.004184231783867982,-0.0015741611300279955,-1.974770433982309e-11,-7.272131508084811e-11,-1.560987991427662e-10
-6,0,-0.4898715466453408,-0.002045672192419338,-0.0013276499254806055,-4.8811730102727574e-11,5.074604625399104e-11,2.3261501340583746e-11
-6,1,0.48954557425208,0.0014446678201237414,-0.0015870059870961239,3.9592190637094404e-11,-1.540730043547711e-11,-1.8029959686707842e-10
-6,2,0.4679355623839297,0.005259566213024631,-0.0026718732719965364,7.226287797312825e-11,-2.3243212909918043e-12,7.142595271746738e-11
-6,3,0.4464152789925845,0.00791137883739025,-0.004254487758633634,-1.5180126036393182e-11,-1.8214194041910048e-11,-1.254457827220591e-10
-6,4,0.4258633182358107,0.008805861991914937,-0.005654254115384833,1.668532022616742e-11,2.762878814621672e-11,1.0849480894855462e-10
-6,5,0.40686622830775343,0.008248640099799661,-0.006406249149443875,-5.5944040198985245e-11,-6.66828259276997e-11,-1.1438743723925227e-10
-6,6,0.38974202042017997,0.006870929955352778,-0.006416658389386178,-3.9486564192003915e-11,-1.0901834990306725e-12,5.0686203931921137e-11
-6,7,0.3745794270140115,0.005225228115682973,-0.0058508719065230915,-6.855414977011143e-11,-7.743969354656599e-11,-7.772405885130701e-11
-6,8,0.36130477582737297,0.003647571394466457,-0.004956858992128682,-9.036652415944646e-11,-1.1388734399986333e-10,2.987233691745944e-11
-6,9,0.34975684571349286,0.0022861623309516767,-0.003944666721056108,-1.0056117613968518e-10,-8.499996539956811e-11,8.12388177562351e-12
-6,10,0.339741687747039,0.0011802945369852572,-0.002954798867799148,-1.1954507479414178e-10,-5.508837830348057e-11,6.210493176585924e-11
-6,11,0.3310633485162755,0.00031944049725033535,-0.0020675333230306568,-1.3943403636557106e-10,-3.726755015698302e-11,5.46893667505155e-11
-6,12,0.3235389355716431,-0.000324526399947932,-0.0013205415260719162,-1.19640042664515e-10,8.034975462756222e-12,-5.283037389177715e-11
-6,13,0.31700511423694333,-0.000781953455080745,-0.000724540054355394,-9.391175294012899e-11,-1.2095907608866696e-11,8.828579848522283e-12
-6,14,0.31131996480159907,-0.0010789786043353777,-0.0002748392158219552,1.0162023132698206e-12,-2.4729690517588665e-11,-5.626157733326729e-11
-6,15,0.3063625774018034,-0.001235404531316168,4.094459243440081e-05,5.6301311703033097e-11,1.3064951898122956e-11,-7.198398053033603e-11
-6,16,0.3020319143444028,-0.0012644870079847972,0.00023831682519042616,2.3964716062280234e-11,6.70605654340406e-11,-2.1820652543972502e-11
-6,17,0.2982460991783717,-0.0011737469953617774,0.0003339591143438637,-1.6920623539459778e-11,1.1866452265252292e-11,-1.3813415537279605e-10
-6,18,0.2949434312441139,-0.0009700176999692026,0.00034704489286691036,-1.1951911248891944e-11,2.9869481887878635e-11,8.371007865356985e-11
-6,19,0.2920859373842218,-0.0006677445150848957,0.00029308540187748865,-8.654119955375794e-12,1.2099543589272344e-11,-7.518808317143503e-11
-6,20,0.28966757453693975,-0.00029177748601002347,0.00016799656168082258,-2.4623981022611763e-11,4.197764358337963e-11,1.2355532219630698e-11
-5,-15,-0.35709733299130025,-0.00048401087095123534,-0.00038333640671319656,7.307514294195572e-11,2.8628932557950293e-11,-2.1080638753709358e-11
-5,-14,-0.35945675218361894,-0.000903788704395568,-0.0007643426320156187,7.428385489192946e-11,2.3315141484125945e-11,5.855856520308811e-11
-5,-13,-0.36215720274166074,-0.0013532725534473016,-0.0011428670027380805,-2.216061644084999e-11,7.212812291879089e-11,-3.902182633822634e-12
-5,-12,-0.36527684763344437,-0.0018437098196773763,-0.0015327112223594609,-2.8851231299864555e-11,4.904840422703671e-11,6.839877548083049e-12
-5,-11,-0.36888566417290225,-0.002372725860029474,-0.0019315046482892696,4.092521026927143e-12,1.235356261730658e-10,-5.835786503561105e-11
-5,-10,-0.3730703769045351,-0.002941830029088472,-0.002329943814187945,-5.1628690255281495e-11,1.7248744099696012e-11,-7.756635593970506e-11
-5,-9,-0.37794097600833,-0.0035511485772090462,-0.0027162010144271753,-1.0429568103251241e-10,8.49353087861715e-11,9.829593790398189e-12
-5,-8,-0.383635694593691,-0.004195812367210003,-0.003075523171441508,-1.2981661752509144e-11,8.598444178886666e-11,-3.25813691212087e-11
-5,-7,-0.39032748528693123,-0.004863017267254963,-0.003388704739194599,-4.599947332761811e-11,8.317858901651931e-11,1.3858315496139036e-11
-5,-6,-0.39823197666233695,-0.005527913891060045,-0.00363068304586086,-1.9091940701987387e-11,1.8124668432761837e-11,6.335567647223171e-11
-5,-5,-0.4076154386600549,-0.006146103654698706,-0.0037698565165651243,-3.03960277087123e-11,1.4207343634886627e-11,-5.988274280740655e-11
-5,-4,-0.4187990313672543,-0.006640280749089176,-0.0037692005239166244,-3.632536285658183e-11,2.3592558462404156e-11,1.0204323448509064e-10
-5,-3,-0.4321506872036437,-0.006876123235136054,-0.0035921858684668006,-3.816020112748508e-11,8.436389087318474e-11,-1.2298369942331973e-10
-5,-2,-0.4480485426968645,-0.006619481751696348,-0.003220857495417953,-1.3029318943202917e-11,3.7944675179701903e-11,1.199436220917366e-12
-5,-1,-0.4667926101617591,-0.00546889770172537,-0.0027025660676083287,-2.854192533360833e-11,1.8661433509592484e-11,-1.6026995258277416e-10
-5,0,-0.4884662952907856,-0.0027838167117476874,-0.0022595939804217176,-5.7196149400896845e-11,-5.739390906978059e-11,6.404194644211991e-11
-5,1,0.48714311496580776,0.002390245391529716,-0.0025776505577715697,8.791200926949738e-11,-8.505737780772904e-12,-8.47073073576704e-11
-5,2,0.46163605597108526,0.007558934665873022,-0.0042179633491588415,8.293782739580979e-11,-5.735037444942748e-11,5.7518288526167693e-11
-5,3,0.4368469547145942,0.010293383002546216,-0.006267550998005754,-3.441516863156302e-11,3.77512743288122e-11,-7.242035183346873e-11
-5,4,0.41384866193722564,0.010397502751598548,-0.0075964305261818025,-2.8688293494255612e-11,-3.5039998680375106e-11,5.320126555009158e-11
-5,5,0.39326519042138536,0.008883647501027176,-0.007788015046726798,-5.0996326952934545e-11,4.3769154967066015e-13,-3.7019455643300114e-11
-5,6,0.37530897089696685,0.006801630586488641,-0.007044922138868113,-8.457045046900147e-11,2.6529223262627966e-11,2.54350722341673e-11
-5,7,0.3598827525000697,0.004786210481976329,-0.005800774205382716,-1.5414189065768302e-10,9.615964968734403e-11,-8.588362009412376e-11
-5,8,0.34672867930133927,0.003083745036105085,-0.004413204550638802,-1.5245098499566678e-10,7.954209513272303e-11,1.974416984074079e-11
-5,9,0.3355423399912169,0.0017366266021705049,-0.0030982465621811396,-1.3344668425840922e-10,8.198616785470847e-11,-2.010028553106266e-11
-5,10,0.3260284895989898,0.0007097507978419555,-0.0019629095965769333,-9.42952898923266e-11,5.3332102623038224e-11,4.015682751601357e-12
-5,11,0.31792239423479174,-5.1602388434297346e-05,-0.0010454457973009103,-8.269876146729804e-11,6.907130423172703e-11,2.5720659461861764e-11
-5,12,0.3109959384050134,-0.0005987421619028798,-0.00034543380073728184,-1.1141545151749366e-10,2.0984436410742546e-11,-2.6742534185372757e-11
-5,13,0.30505721128040053,-0.0009723471458112274,0.00015647916149675334,-1.0452927932946832e-10,-2.6597252178461872e-11,1.2534838252542709e-11
-5,14,0.2999471225666618,-0.0012017074432653962,0.0004868323131744512,1.332595665759495e-11,-4.6022519128996464e-11,-3.2317077995874105e-11
-5,15,0.29553505370364,-0.0013061835839387667,0.0006730899368701074,9.045395769208264e-11,-3.650894864204446e-11,3.0758746989863715e-12
-5,16,0.2917145092561452,-0.0012973096413124777,0.0007409271570872388,3.2812193717299265e-11,2.4855992264427584e-11,-3.527737039391455e-11
-5,17,0.2883990448635515,-0.0011815434832961789,0.0007138906672125358,-2.8030002581155844e-11,9.517774068878992e-11,-5.5919911591344705e-11
-5,18,0.28551840178914784,-0.0009629052087962077,0.0006127684567078243,-4.420802916446642e-12,5.524831980796563e-11,1.9728451411375075e-11
-5,19,0.28301985875577385,-0.0006421799151713401,0.0004524291904285955,-1.8340317762752245e-11,5.552454329649237e-11,-6.380610009261694e-11
-5,20,0.28092229878068203,-0.00018862975852723402,0.00022439826925770636,-2.93062418950385e-11,1.0707337794180205e-11,1.6226432686654996e-11
-4,-16,-0.3481102837835299,-0.0002803095876704857,-0.00033508762410262085,2.0487717859035692e-11,2.5942262227296453e-11,-2.6887859126689673e-11
-4,-15,-0.34981687035973413,-0.0006814641326975041,-0.0007126196908153457,3.761278051170325e-11,5.387257306921356e-11,-6.93020365825415e-11
-4,-14,-0.3518524984322785,-0.001094153241346951,-0.0011460775763168652,-4.319199078256508e-12,-2.3460289266807877e-11,4.04827530547415e-11
-4,-13,-0.35422379062490206,-0.00155065735887535,-0.0016131088641725938,-4.2658656988769916e-11,-5.6754573263262387e-11,-4.4575194867147415e-11
-4,-12,-0.35698960299038834,-0.0020571902287469506,-0.002106009828099539,-1.3013659594385274e-11,-9.965747671536462e-11,8.00880013416866e-11
-4,-11,-0.36022406770217147,-0.0026173684927297543,-0.0026182404512184025,-3.8972053882646573e-11,-6.968951804520174e-11,3.544180053605128e-11
-4,-10,-0.3640199970516969,-0.003235692697412001,-0.00314163813794118,-8.973113137938915e-11,-2.0961787861040193e-11,-1.86874183120099e-11
-4,-9,-0.3684958855022387,-0.003915489768727564,-0.0036656546744638814,-1.4847058478484332e-11,-6.359011928136482e-11,7.44392716548305e-11
-4,-8,-0.37380422087342596,-0.004656530995369826,-0.004175800124640291,6.266762976603335e-11,-6.010766884223528e-11,4.957531340467596e-11
-4,-7,-0.38014268715664934,-0.005452210450481807,-0.00465132107921428,-2.5016131093708038e-11,-9.592451832851623e-11,-3.4890509833509706e-11
-4,-6,-0.3877692811635154,-0.006284747790716683,-0.005062366245927666,-3.967062789378417e-12,-5.41328232239735e-11,4.196531376522358e-11
-4,-5,-0.3970218803365707,-0.007116198565659827,-0.005366906157237724,-2.09663419438455e-11,-6.106731786914565e-11,-6.430607627882882e-11
-4,-4,-0.4083406726531039,-0.007871359406203432,-0.005508485937564488,4.282699802432566e-11,-5.2223669833040276e-11,1.2169413651156973e-10
-4,-3,-0.42228540537675635,-0.008403021342480834,-0.0054186975988777895,1.1161975857487683e-11,4.418902743719144e-11,-1.2718497381571797e-10
-4,-2,-0.4395217737126325,-0.008421797184757945,-0.00503437659938968,-1.8142644504781646e-11,5.322531304585709e-11,9.534114350871065e-11
-4,-1,-0.46070964942860565,-0.007359288969747776,-0.004350419002737926,-6.303838180621302e-11,-3.151050254057708e-11,-9.646101593267092e-11
-4,0,-0.4862469341335744,-0.004170520508208506,-0.0035779725726727348,-7.401367322842911e-11,1.6585927076206985e-11,4.78562736314081e-11
-4,1,0.48345505384656223,0.004243027565313896,-0.0039934156152018965,2.7357644686969163e-11,-7.88826365338835e-11,-7.002599021477263e-11
-4,2,0.4526783648207252,0.011009232406011928,-0.006592341238339312,9.765964100773294e-11,-7.58706986125901e-12,7.210112091789525e-11
-4,3,0.42394342438492133,0.01303314406330695,-0.008946730628521317,4.1980125972673754e-11,-4.569275513510718e-12,-1.213543141843909e-10
-4,4,0.39837543162408173,0.01160538012685589,-0.009561378892343347,9.93607800203744e-12,1.0441646158820816e-10,1.5854750888902314e-11
-4,5,0.3764979191867514,0.008890516626388551,-0.0085571906121893,-2.387371637185831e-11,-3.478885235441709e-11,-9.527485094265598e-11
-4,6,0.3581862914885172,0.0062268040844185414,-0.006748559839455034,-3.774459911287664e-11,1.4566681194594366e-11,4.122110422097314e-12
-4,7,0.3429912568176164,0.004058665395164907,-0.00478710238950842,-9.700322186126376e-11,-7.970449300565008e-11,4.288533222117363e-11
-4,8,0.3304017148189095,0.002414980176200514,-0.003011751447498534,-9.518124222812618e-11,-1.233946139711506e-10,6.05745285745321e-11
-4,9,0.3199503778486796,0.0012061702794416834,-0.0015560699601230915,-1.4813343997624462e-10,-1.167122509748708e-10,1.8879426993100024e-11
-4,10,0.3112405447650077,0.00032981636351510005,-0.00044357872015359764,-1.131242955212941e-10,-3.042113783102707e-11,-5.302760254554187e-11
-4,11,0.30394646819009047,-0.0002985516187039538,0.0003542593152863614,-9.058448002113861e-11,-1.0404098416127994e-10,1.2390333279776317e-11
-4,12,0.2978050544266522,-0.0007398473714105278,0.0008851230862189183,-7.53532336354723e-11,-7.006828450784042e-11,4.597878364663837e-11
-4,13,0.29260598375835895,-0.0010348520710079612,0.0011989275748812498,-5.487509405210922e-11,7.718714556403938e-12,-2.305477119976529e-11
-4,14,0.28818184663835905,-0.0012092054480539517,0.0013404043625159876,2.137632605647699e-11,1.8262544254632473e-11,-4.9560824899336914e-11
-4,15,0.28439935831065377,-0.0012777861570212796,0.0013466849443370492,2.8574982657847414e-11,-1.5659043506310866e-11,-3.4148802289060178e-12
-4,16,0.28115165495838534,-0.0012482512378060799,0.0012471313134960202,1.7623938333016786e-11,3.990147101617936e-11,-1.6903616561223054e-11
-4,17,0.27835088163357374,-0.0011236670015197427,0.0010631901977908513,4.806282455360744e-11,-5.520930934643786e-12,-4.761033517232979e-11
-4,18,0.27591628730684836,-0.0009030929506384191,0.0008058502342880127,5.551405754360139e-11,3.41232597733665e-11,3.910523312366512e-11
-4,19,0.2737380216165232,-0.0005749114095962179,0.00046711761193606185,2.1221073509547494e-11,5.620007237361335e-11,-4.494208125224372e-11
-3,-16,-0.34064846488635325,-0.00041219712561333305,-0.0005082894334399309,1.201605373361836e-11,-8.359798964185927e-12,3.0084885700287084e-11
-3,-15,-0.34208134276547253,-0.000803822478716834,-0.001028104856507149,2.1771688401769906e-11,-6.803071994632148e-12,-6.917383311459886e-11
-3,-14,-0.3437493630067358,-0.0012177269083612327,-0.0015678920192176927,1.0016756955139039e-11,6.984060552106541e-11,9.064066168365092e-12
-3,-13,-0.3457164024818739,-0.0016785034458830883,-0.0021399170178946826,-1.0008220814594626e-11,1.1303143143681638e-10,-8.144926633781068e-11
-3,-12,-0.3480418602213915,-0.002198599476582011,-0.002746443037744027,-5.363748919844091e-11,7.92859528031542e-11,-5.311040487471696e-11
-3,-11,-0.3507983413537242,-0.002786892979464755,-0.0033856080904376283,-5.4603580771500626e-11,4.240659212673137e-11,9.822153108755317e-11
-3,-10,-0.35407854125188665,-0.00345204722788816,-0.004053337923068083,-6.168592026067898e-11,2.86237977764614e-11,-2.3431502791109067e-11
-3,-9,-0.3580029356787815,-0.004202520213294512,-0.004743130274399915,-8.691840216318303e-12,8.952293073516415e-11,3.5935414800097876e-13
-3,-8,-0.3627303431139103,-0.005045476647656324,-0.005444320814280268,2.9688692476659284e-11,-6.628572690736689e-12,-7.09921211443712e-11
-3,-7,-0.36847343838190716,-0.005984722052061964,-0.006139069993962495,-4.066463832330669e-11,3.461890496492259e-11,-6.304339185024196e-11
-3,-6,-0.37552175816716193,-0.007016415409403476,-0.0067977540633195836,-4.271053562904248e-12,-2.386837949508447e-11,5.203722050700979e-11
-3,-5,-0.3842761666652505,-0.008119955428661304,-0.007372338243126744,7.299338130456468e-11,8.847561572267182e-12,-4.2496302131564065e-11
-3,-4,-0.3952996958068065,-0.009239111261914765,-0.007787727353103401,9.208500195007074e-11,3.8868699925309613e-11,6.518103569906619e-11
-3,-3,-0.40938864890994653,-0.010236117268047866,-0.007935560699974488,-8.253818635506338e-12,1.2868586751757505e-10,-6.635273179424889e-11
-3,-2,-0.4276426264983044,-0.01079491833127595,-0.007682272783120513,-2.187471037640165e-11,-3.113126423315293e-11,1.1999354309656651e-11
-3,-1,-0.4514353889344491,-0.010173000265795616,-0.0069130866338352175,2.3299101363505326e-11,1.0440601161398888e-10,-1.8209668798882528e-11
-3,0,-0.48188227518580656,-0.007104425535099317,-0.005688394828774771,2.4258677532029704e-11,5.970517136244524e-11,-1.214867035095879e-10
-3,1,0.4768065315965787,0.008262892977228053,-0.006313300977885475,5.887968796336115e-11,1.1393053167552125e-11,7.102026432226349e-12
-3,2,0.4392860953382414,0.015830030631383586,-0.010323235398511228,3.789132636128345e-11,-7.154642156503854e-11,-7.304441860395139e-11
-3,3,0.40604766665636,0.01547788543692369,-0.011913095056226208,4.1648060868093584e-11,-6.369121896554475e-11,5.4247395638029605e-11
-3,4,0.37830714581609465,0.011820694775856198,-0.010514513892964797,2.4426194573934357e-11,-9.032201375713811e-11,-6.2874944400243e-11
-3,5,0.35595335888872803,0.008119085741977122,-0.007746866619632542,-5.691348434200272e-12,-9.65678925712865e-12,2.774476308420315e-11
-3,6,0.338111994548792,0.005280573699111254,-0.004886557285394017,-9.098538762686292e-12,5.052737395150331e-11,-1.0930392246692733e-10
-3,7,0.32384796294106977,0.003263599083189598,-0.0024685387414477714,-4.143281377710917e-11,9.87002146679572e-11,-4.288740586624873e-13
-3,8,0.31238066346728915,0.0018552139558890158,-0.000626645502287229,-4.454355764446638e-11,1.6336564045982271e-10,-1.0642252552296727e-10
-3,9,0.30309433117108603,0.0008674325267736416,0.0006729802130145399,-8.682696445508342e-11,1.4351575483573242e-10,-1.6555658211535318e-11
-3,10,0.29551316465914435,0.00016558290983792793,0.0015227275271533927,-1.2388957047748672e-10,4.517286544825083e-11,-9.962827608798845e-11
-3,11,0.28927294720531005,-0.00033783778712782175,0.002022222311292127,-8.551229255943094e-11,-2.3990809339125008e-12,1.9742141271371014e-11
-3,12,0.28409550660916977,-0.0006961112283702778,0.0022582045885007744,-5.937214999154894e-11,-5.135143699153133e-11,-3.128366375627564e-11
-3,13,0.2797681686989692,-0.0009401864947674789,0.002299301939871534,-2.8016141490061486e-11,-4.557870747490256e-11,-2.148385309442332e-11
-3,14,0.27612751912843475,-0.0010868606864299641,0.0021970333877382375,3.0947451198914955e-11,-4.1670347727951196e-11,-7.296694235696226e-11
-3,15,0.2730467671128981,-0.0011439625217676413,0.001988660369113153,1.5030249614356173e-11,-1.982761177465875e-11,-2.982798116303847e-11
-3,16,0.27042599819216645,-0.0011134413022271257,0.0016997479527773886,1.06140992262721e-11,4.127745367732416e-11,-5.589509548433033e-11
-3,17,0.268184281062251,-0.0009924018529014267,0.0013452595027206673,4.412163429751148e-11,9.28732785121511e-11,-5.540385819293944e-11
-3,18,0.2662534020326474,-0.0007712763663312554,0.000928931731539182,5.108259670295878e-11,8.381856320127667e-11,2.0247575165300733e-12
-3,19,0.2645764477670297,-0.0004150763235868748,0.0004412543820287697,1.83903753770559e-11,2.3877858024157206e-11,-3.0902190474493135e-11
-2,-17,-0.3321566989492683,-0.00022206036231782917,-0.00039241092917980736,-1.0523920493735184e-11,-2.9922370137214216e-11,3.0570215955004476e-12
-2,-16,-0.3329091976362074,-0.0005341361537961477,-0.000857643462320161,4.5230297372050865e-12,-3.996480923973422e-11,-1.2971950269047121e-11
-2,-15,-0.3339157229509961,-0.0008777556407905488,-0.0014116443455573274,2.035323732468841e-11,2.138261789852436e-11,5.3838967836630346e-11
-2,-14,-0.33514607811925745,-0.0012710914426101105,-0.002030101551943128,8.99668859376257e-12,-7.152924086373247e-11,-3.961884894590137e-11
-2,-13,-0.33663244576583395,-0.0017248082109424846,-0.0027016567972134166,-4.3998869001318774e-11,-3.2745750555562836e-11,7.252855449199885e-11
-2,-12,-0.3384252603898454,-0.002249566119617176,-0.003423699506225201,-2.9185324946709446e-11,-1.7253157236218897e-11,-3.174591619854554e-11
-2,-11,-0.34059037773162704,-0.0028564414504720524,-0.0041968992399676365,7.447107167046774e-12,-2.842746871234425e-11,7.478160810454578e-11
-2,-10,-0.3432134024386135,-0.003558065223114407,-0.005022745186572552,-3.804192117567995e-11,3.506221701865542e-11,3.9729171070600894e-11
-2,-9,-0.3464073752499471,-0.004369099057202982,-0.00590213137734445,5.421555478862805e-11,-6.261401119811438e-11,-1.471151716073149e-11
-2,-8,-0.3503244395403128,-0.005306324552841238,-0.006833551104775829,7.281258885757924e-11,1.4158590966317774e-11,5.3605860053066064e-11
-2,-7,-0.35517384609290625,-0.006388239453223082,-0.007809932903110117,-3.386397282381659e-11,-7.455609740691926e-11,-8.444489790586374e-12
-2,-6,-0.3612505655570753,-0.007633105245923652,-0.008813018392874428,6.032445506662376e-11,-5.673549130502664e-11,8.540042539242551e-11
-2,-5,-0.3689820010293858,-0.009052928993695909,-0.009803236301057254,9.705323524011877e-11,-4.067929326723174e-11,-1.0674297659966567e-10
-2,-4,-0.37900738331258094,-0.010638712253817755,-0.010702179792220674,3.538773527683725e-11,-1.2963630169338103e-11,6.696644134400812e-11
-2,-3,-0.39232807975683764,-0.012306234214635527,-0.011374446638213548,-4.6688472532530056e-11,2.7613827890959897e-11,-3.515698783528379e-11
-2,-2,-0.41052423244902936,-0.013792580183533892,-0.011604927850699363,5.452389581495076e-11,5.528222324358012e-11,-4.2637030950136434e-11
-2,-1,-0.4360846556747338,-0.014226374779007853,-0.011120214571215677,1.1447475094044333e-10,-6.150712252885049e-11,4.217692926682115e-11
-2,0,-0.47084155396544985,-0.013635772533887378,-0.009802906956384467,7.125367483540312e-11,-3.1980348924598445e-11,-5.7019129001689706e-11
-2,1,0.4630426139726708,0.017007644006067035,-0.010701515607924778,1.0572762977612005e-10,-6.806927244085159e-11,1.11020255488814e-10
-2,2,0.418357569139909,0.021188388928956785,-0.014923568285377551,-3.6132013180034672e-12,2.624339634493822e-11,-4.1758563620875044e-11
-2,3,0.3809085366397487,0.016368440082183067,-0.012931255796199255,-3.635065599222331e-11,2.1700904961896583e-11,9.760154663640552e-11
-2,4,0.3525889303836677,0.01080937872233645,-0.008503811214668212,-2.0100503726749874e-11,8.293943309922724e-11,-7.38823863200011e-11
-2,5,0.33127005069852195,0.006922996836306542,-0.004239981706448259,-1.0457868772351109e-10,2.813284327718435e-11,8.012345517963149e-11
-2,6,0.31507225975038233,0.00441435198320749,-0.0009912131534844553,-7.570804486795035e-11,-1.1463879845408087e-10,-1.1212415045903923e-10
-2,7,0.30260658127760703,0.0027769242448491796,0.0012241598204168205,-2.619178311735748e-11,-7.612399599565833e-11,5.583029622380914e-11
-2,8,0.29288668484798797,0.0016705693052844123,0.0026029907986748176,-2.9057959597539318e-11,-7.879645547159697e-11,-4.4130993130664375e-11
-2,9,0.28520794206712147,0.0008884475777173312,0.003368585096964717,-8.449318328329625e-11,-5.4516724468101074e-11,-2.338719699130319e-11
-2,10,0.27906557383249836,0.00031243777131863563,0.003706346154043179,-1.4030423871325137e-10,-3.511904655972842e-11,2.918508609697085e-11
-2,11,0.2740958606167484,-0.00012235181972152973,0.0037530961096653498,-1.1180388472670222e-10,1.4119178048943581e-11,-3.326763081050281e-11
-2,12,0.27003401282625794,-0.00045001974678729174,0.003604229664617707,-6.134555276954279e-11,1.6506115918524245e-11,-3.772961565569333e-11
-2,13,0.26668518091208787,-0.0006876106750265377,0.003324181497117732,3.0365141390903405e-11,2.5128760183790178e-11,-4.9057648290613386e-11
-2,14,0.2639038578848922,-0.0008423787485862167,0.0029555862699839008,5.327215404915542e-11,5.755354526293388e-12,-9.322610486183066e-11
-2,15,0.261579510297823,-0.0009155839902098443,0.0025260551070637833,-1.4434924176104369e-11,2.6453617074650992e-11,6.23964594592295e-13
-2,16,0.2596267992914103,-0.0009040355460731754,0.0020528378108899672,-1.3142900613313802e-11,3.8884617747925176e-11,-5.399618474105595e-11
-2,17,0.25798015795878215,-0.0007996647342574808,0.0015462982835858568,6.199709669252318e-11,7.23657522794241e-11,-3.300169671060702e-11
-2,18,0.2565967144084866,-0.0005863590459936055,0.0010133956317165296,5.2800471243494296e-11,8.565864684229041e-11,5.467102160252365e-12
-2,19,0.2554780047379625,-0.0002629144909250119,0.00047558697561068497,1.5632322476408222e-11,7.572402427324931e-11,-4.923426201236189e-11
-1,-17,-0.3243323402025887,-0.000286097969707358,-0.0005099099590761786,7.41135494988776e-12,1.477264144345014e-11,-6.528114637402438e-13
-1,-16,-0.3247462848925069,-0.0005535843028184933,-0.0011160415092113009,-9.671601193528279e-12,6.546926889505755e-11,-1.7749372545322996e-11
-1,-15,-0.3253185213904146,-0.0008669934143213697,-0.001775434768743053,-1.1152633937888679e-11,-8.37260816233254e-13,-2.2791989551517204e-11
-1,-14,-0.32605406607550214,-0.001237454632804609,-0.0024877864938599816,-7.57398655511915e-11,9.473864748255068e-11,-6.966212715453935e-11
-1,-13,-0.3269834729525285,-0.0016750638969168453,-0.0032570372507886554,-8.446135826324641e-11,7.223548148527215e-11,9.067724719827091e-11
-1,-12,-0.3281490646271583,-0.0021914842214875974,-0.004089264692847729,3.6879463892469655e-11,5.264982894104264e-12,-1.2303982089905893e-10
-1,-11,-0.3296049642754651,-0.002800135929071057,-0.0049924396905143475,5.1284363908332686e-11,-2.1803059357949905e-11,9.130922459918336e-11
-1,-10,-0.3314216341985134,-0.0035174224513398545,-0.005976508500076395,2.0932784585564468e-11,7.046710437386139e-12,-4.629896841617815e-11
-1,-9,-0.33369300824420606,-0.004364100199202002,-0.007053448149070681,8.832117762841429e-11,1.1176778946797583e-10,3.7403327722389246e-11
-1,-8,-0.3365472967482494,-0.005367013345971282,-0.008236890610287522,2.2719323818087833e-11,-6.67726846037553e-11,-9.981861623614523e-12
-1,-7,-0.3401641481812393,-0.00656137902532508,-0.009540740855007257,1.2278611287441787e-11,-5.2917517590067575e-11,-1.8439957135026053e-12
-1,-6,-0.3448028148688201,-0.007993557332756208,-0.010975412255251919,1.21810731206623e-10,6.665418217366437e-12,-4.1531065695862845e-12
-1,-5,-0.3508508088781634,-0.009723517352256461,-0.01253842778865432,1.1721359429936462e-10,-2.8769014948082372e-11,-8.159306138177079e-11
-1,-4,-0.3589140167179493,-0.011822210181932654,-0.014194413197602538,9.585736371331421e-11,1.472445776418141e-11,3.893973858637434e-11
-1,-3,-0.3700172800922872,-0.014325815517220007,-0.015844345418748726,9.644890008181362e-11,9.691353275442793e-11,-1.9335546184995334e-11
-1,-2,-0.3859312616148632,-0.017161977311828683,-0.01724652376080728,5.452482042256346e-11,3.1611491202454545e-11,-1.9141387053948217e-10
-1,-1,-0.41003010404726964,-0.01941433570965084,-0.018088317566125126,-1.3256015697019757e-11,1.0257789474603374e-10,3.27991817733464e-11
-1,0,-0.4421356643234286,-0.026672574879713393,-0.018969768560885017,-7.031272265811683e-11,-1.6783338607773146e-11,-1.495743216783918e-10
-1,1,0.43443402966901895,0.03316819332544955,-0.016723499984878647,-4.354601748635112e-12,1.1790277087975198e-11,9.453452604057944e-11
-1,2,0.38517460668467346,0.024548286116675345,-0.014870315796688967,-7.735401815617271e-11,-5.0329018730366215e-11,1.6777100542153534e-12
-1,3,0.3464553185905468,0.015444968065146204,-0.00774460084507704,-6.077835673981569e-11,-1.3173670487809375e-11,1.3921471093969462e-10
-1,4,0.32073377597065117,0.00952392349286563,-0.0015720746839523107,-9.993338621894221e-12,-4.229727679216921e-12,-3.244778621139255e-11
-1,5,0.30258837434402885,0.006255209728981987,0.0024270121769785252,-4.952017008258425e-11,4.374582640576108e-11,5.77564892613458e-11
-1,6,0.28944754635081893,0.004277372190679975,0.004689271742041335,-6.759948763951362e-11,1.2935222337695507e-10,-5.0592812274666277e-11
-1,7,0.2797063647078901,0.0029780214191106325,0.005781804241694441,-7.439221417701591e-11,1.317511932885651e-10,-9.775302041350326e-11
-1,8,0.2723328207519576,0.002050742468939576,0.006147188984461654,-6.315494915226649e-11,1.5575429834768784e-10,7.180183639494964e-13
-1,9,0.2666466956971936,0.0013441900764873435,0.006077501658060988,-6.744815079715027e-11,5.5903323636918856e-11,-1.3911470304710238e-10
-1,10,0.2621912764999275,0.0007830807579266514,0.005753582524407487,-5.604576308257392e-11,3.2885569267726567e-11,9.291582419104511e-11
-1,11,0.2586532867368803,0.00033039321113069166,0.00528422615503754,-7.932459853907114e-11,-6.533135143982349e-11,-5.7472198942737536e-11
-1,12,0.2558130628250807,-3.143234030629947e-05,0.004733795784685869,-3.5376656031677056e-11,-8.671249829284022e-11,5.2363727354285024e-11
-1,13,0.25351339138473294,-0.0003100339134964762,0.004139747588991031,1.1119625012434575e-10,-1.1492481966079993e-10,9.335680964178347e-12
-1,14,0.25163909974813964,-0.0005074376017736367,0.00352338922992659,1.0644105128548853e-10,-7.988411321324662e-11,-2.0019608055186523e-11
-1,15,0.25010382963741634,-0.0006220663018686797,0.0028965360062182485,2.0601301914391357e-11,-8.1015333330825e-12,-2.964725316170779e-11
-1,16,0.24884127961724883,-0.0006493376729009693,0.0022662124964228664,4.5218150838272075e-11,9.352213448110547e-11,-4.0331474735578543e-11
-1,17,0.24779980322826647,-0.0005811364721468706,0.0016396515620625935,7.987794085027866e-11,3.0899810488094204e-11,-2.6806706695723086e-11
-1,18,0.246946500743706,-0.0004079805609216693,0.0010330673093161722,5.377602161314721e-11,1.8634774279213673e-11,7.735739936262035e-11
-1,19,0.2463349444676748,-0.00010921053554037937,0.0004617532864564167,2.8129371228147182e-11,-4.1704834030653615e-12,-3.43276531332426e-11
0,-17,-0.31618256436578324,-0.0002431004180922551,-0.0006989042211535598,3.390171476880255e-11,-3.3359218165607274e-11,2.492338047098766e-11
0,-16,-0.31623831239191086,-0.0004928703620224691,-0.0014032274416331287,1.765543874293618e-11,-5.0572213083910356e-11,2.8142010511484575e-12
0,-15,-0.3163247610297798,-0.0007765979317795641,-0.00213275826441855,-4.2534080858108725e-11,-4.5529136016853045e-12,1.0618142442839315e-10
0,-14,-0.31650148878039785,-0.0011146715440048085,-0.0029133775536094144,-9.462662901513208e-11,-3.045738661278108e-11,-7.717802245676758e-11
0,-13,-0.31679815520033855,-0.0015217918901452986,-0.0037578668437873016,-3.9641915835011976e-11,2.1102564140562663e-13,1.1815596389819672e-10
0,-12,-0.31724409790053165,-0.0020109703466376933,-0.0046777625914768,6.704299832308025e-11,-3.4658248493357746e-11,-2.0362406198844423e-11
0,-11,-0.3178752983738027,-0.0025968364810343416,-0.005687099392617561,3.638343923015319e-11,-3.855013530618123e-12,8.56423647074161e-11
0,-10,-0.3187383187018377,-0.0032978200631384627,-0.006804129493413599,4.0692434231243135e-11,5.4953527839352034e-11,-5.511291066801014e-11
0,-9,-0.31989531839272906,-0.004138448118286855,-0.00805282882471036,1.031042104991664e-10,-9.384444610294196e-11,-7.17397360050151e-12
0,-8,-0.3214315531902707,-0.005152599352085786,-0.009464757637485851,7.272842094188658e-11,-6.886019532359455e-12,-7.410876179760918e-11
0,-7,-0.3234674876361012,-0.006388738002975982,-0.011081335611386082,1.5168528585962626e-10,2.7733579321953528e-11,-4.7783926419636344e-11
0,-6,-0.32617915966091476,-0.00791877566352094,-0.012956135843585518,2.1839552518873595e-10,-4.796654740069073e-11,-7.217232909396964e-11
0,-5,-0.32983313291207067,-0.00985258463222966,-0.015156138369808716,1.9050208893006682e-10,-8.283575214651506e-11,-2.0930197679180917e-11
0,-4,-0.33486079808236124,-0.012356024083666777,-0.017761167580764216,1.0374242524063826e-10,-2.965833134638274e-11,-1.6520646948983003e-10
0,-3,-0.3420444153277042,-0.015645248985241528,-0.02085719204669099,1.0414123209623316e-10,-1.3128692577524248e-11,-4.760826346865421e-11
0,-2,-0.3528061970219145,-0.019985395869843898,-0.024490995467731206,2.2423399942406164e-12,-6.195373380979419e-11,-3.4401060776054204e-11
0,-1,-0.369680115111037,-0.02458409765445632,-0.029092304321298803,-6.05888349474587e-11,-8.454285362058389e-11,-3.2176216552270986e-11
0,0,-0.3870246143532161,-0.044706008013872006,-0.03365725186384661,1.4057803532363522e-11,3.4022895611940385e-11,2.5280257054394184e-11
0,1,0.36566648157865594,0.05815845274219497,-0.009479742555925767,8.770113389851286e-11,-6.262849266969184e-11,-6.943679485560406e-11
0,2,0.3311305891526835,0.026903727693874523,-0.0004374263195897664,6.466625585704877e-11,-2.2537527399890678e-14,8.195605652461246e-11
0,3,0.3019549896620549,0.015206117854117277,0.006562410650403212,-9.085127615493516e-12,-8.574557730511856e-12,-5.4690377226940257e-11
0,4,0.28341471155991405,0.009951463876341106,0.009698829677691777,3.4167499558812597e-12,3.9438646792788745e-11,-1.9358694985580072e-11
0,5,0.2708936915315988,0.007082880161708894,0.0107522621809103,5.2258794947662723e-11,2.8759022940860746e-11,-1.8140280564574868e-11
0,6,0.2621605051487107,0.00525694666885706,0.010670804203998284,3.157519558316668e-11,-6.218572878857742e-11,-7.721222218450702e-11
0,7,0.25590101735842286,0.003954571342969958,0.010045009158552295,-4.491399873546298e-11,-4.9693027470709694e-11,-7.588970920321784e-11
0,8,0.251301635816802,0.0029531970914197054,0.009185751775394782,-1.2025814632304899e-10,-6.5221994471897915e-12,4.8463058598732095e-11
0,9,0.24785273027898436,0.0021473063676426436,0.00824621375155979,-7.107394230446151e-11,5.156518267934729e-11,-9.301887339270391e-11
0,10,0.24522609784411392,0.0014837827944925012,0.00729931334997793,-3.441027931344598e-11,5.371120215258429e-13,6.902840541463291e-11
0,11,0.24320304641846274,0.0009352895371001367,0.006377441394083232,-4.156562117066387e-11,4.986912272020305e-11,-7.246170327722228e-11
0,12,0.24163361760830676,0.00048753099223947105,0.005492634160481689,1.1066542213861164e-11,7.006277502608071e-11,-1.2812765375048128e-11
0,13,0.24041200154606332,0.00013333257970376,0.004646849673803919,9.112935623126206e-11,7.671199786507543e-11,-5.622256239940556e-11
0,14,0.2394614594832065,-0.0001301843538996641,0.0038371835958307537,5.7915400773767e-11,3.3232527840709736e-11,-5.836536484828516e-11
0,15,0.23872470363935525,-0.00030307761438615064,0.0030583922567125697,3.2161540357983354e-11,7.744509200602323e-11,-7.245273358455788e-11
0,16,0.2381569436885725,-0.0003836250260770811,0.002303573438526091,8.99311979052353e-11,1.4247492075014634e-10,-3.641006510098641e-11
0,17,0.23771622265960873,-0.00037023489919149334,0.0015620343905182184,8.840628901683745e-11,8.032571829907909e-11,-6.460476704184281e-11
0,18,0.23732591463050207,-0.00026266718969707045,0.0008076402178789344,4.363719368488672e-11,6.79662853775298e-11,3.183642206198295e-11
1,-18,-0.308531243707689,-0.00011206243188515772,-0.00046297419778840165,2.4838644595986947e-11,-4.85868290045488e-12,-3.616139462522816e-11
1,-17,-0.3079396086368028,-0.00022896231444762105,-0.0010344653448492362,1.854127550278417e-11,5.5641977136922094e-11,-3.319789527913425e-11
1,-16,-0.3074405110820531,-0.00039604598068542266,-0.0016999277287488691,-3.526021835620341e-11,5.5476429006162675e-11,-4.8529341933821707e-11
1,-15,-0.30696958442009675,-0.0006194461487437088,-0.0024440136498735834,-5.2814143900251076e-11,-2.735600634906632e-11,2.4153174291269524e-11
1,-14,-0.30652748794460977,-0.0009065438985262356,-0.003256553000147869,-4.298408655921404e-11,9.693286451284422e-11,-4.55428983168007e-11
1,-13,-0.3061226267519338,-0.0012649265742720565,-0.004140744012000321,-2.770736765023152e-12,3.3142558142351675e-11,3.376761785228895e-11
1,-12,-0.30576506276746723,-0.0017045508036580453,-0.005107442690830918,5.092771039952315e-11,-2.748865024493341e-11,3.823188093828077e-11
1,-11,-0.30546668075394123,-0.002238414938310098,-0.006173299447044354,7.102315090212752e-11,-1.9522591876430795e-11,5.707199604132029e-11
1,-10,-0.30524208689200105,-0.0028838529877994188,-0.0073612762177087164,8.995148029211641e-11,-3.990127672715005e-11,-1.5030795712082674e-10
1,-9,-0.305109959248397,-0.003664731799859009,-0.008702655364497961,1.1314333844825164e-10,1.7320464507086797e-11,2.3268813362665314e-11
1,-8,-0.30509503585923853,-0.0046152495996312735,-0.010240454635881106,9.889356694658957e-11,-4.1355016633382036e-11,-1.4152048150441014e-10
1,-7,-0.3052315092276059,-0.005786789751960473,-0.01203464755482897,1.2533467449657443e-10,-3.249300828400692e-11,-9.540382763309485e-11
1,-6,-0.3055682380696626,-0.007260448724318735,-0.01417028246235531,1.4835463109721947e-10,9.807585299448363e-12,-6.640313093223688e-11
1,-5,-0.3061774120476262,-0.009169844163739739,-0.016770683987366173,1.534319624477143e-10,5.7687882248913525e-12,-2.929147809721533e-11
1,-4,-0.3071859204476451,-0.011739194100655504,-0.020020947720636933,1.3235432281405446e-10,4.768942185595648e-11,-8.09865024434947e-11
1,-3,-0.30889601395329125,-0.015332555789411574,-0.024208292499669975,1.381431310489012e-10,2.2261442689242017e-11,-2.5587633574464252e-11
1,-2,-0.3120139976683903,-0.020543931515008745,-0.029778187048567432,-1.5760009183102275e-11,4.299489930748024e-11,-9.143742945964817e-12
1,-1,-0.3183832139435501,-0.02731163578741979,-0.03745222640183594,-8.96997380886444e-11,2.956228491168833e-11,-1.9441570228706517e-10
1,0,-0.32300070290188376,-0.0636049934273027,-0.03665732899113296,-9.342186529578966e-12,-3.1539937328517453e-11,8.930606254509144e-12
1,1,0.2672781692628526,0.0765760525018918,0.006943680632394662,1.826781987398357e-10,-6.12342685238354e-11,-1.230066916380057e-10
1,2,0.26251525052888597,0.027237068492948005,0.022151616547725538,1.846052009174537e-10,4.404490661080729e-12,3.2125638954605407e-11
1,3,0.25202874518621676,0.017286842523125776,0.021971006370249263,2.459190056453009e-11,4.348973958734348e-11,-1.2169009376561402e-10
1,4,0.2437489822107309,0.012281970073728065,0.019665329244895696,-9.827228440728586e-11,3.9607747637226964e-11,1.997933741192115e-11
1,5,0.23825905066275435,0.009135685106534308,0.017142664096304452,-5.953527254520807e-11,5.4885651579184014e-11,-1.3484106734830414e-11
1,6,0.23459743567263502,0.006957752590761004,0.014821551369966888,-5.0769802424632804e-11,1.1577283576258424e-10,-3.3775553968246053e-13
1,7,0.23212269025995536,0.005342960232688694,0.012785533187490884,-1.4819091483445068e-10,7.990490213938273e-11,-1.975305081178616e-11
1,8,0.23043489835727868,0.004086621503258887,0.011016146815202146,-1.6341086426716056e-10,6.449252243356796e-11,8.370789483661337e-11
1,9,0.2292810626039243,0.003076453030673427,0.009472383264270535,-7.767470477579308e-11,-7.62578472590647e-11,-6.768458889064646e-11
1,10,0.2285023279371553,0.002249665633669657,0.008112645532701347,-7.1106115787089585e-12,-6.779253547417596e-11,1.271373338367337e-10
1,11,0.22799468061216663,0.0015699190553401011,0.0069007153997031395,-3.6014796180039443e-11,-1.232056678901472e-10,1.930465222356112e-11
1,12,0.22768756497254483,0.001015653282743386,0.00580667818564197,-4.383435021210191e-12,-1.7437655486229886e-10,4.858690245924599e-11
1,13,0.2275316374415991,0.0005740537955261124,0.004806280314133361,4.3213690438526076e-11,-1.1361768470496969e-10,-4.843571911280521e-11
1,14,0.2274913814889099,0.00023792717468050165,0.003879917727042104,3.4370065387506754e-11,-6.185284229243138e-11,-3.028767102571106e-11
1,15,0.22754034959786912,4.095220123044545e-06,0.003011550112444741,6.090724886248511e-11,3.929981340355937e-12,-5.009675336172556e-11
1,16,0.2276584028789555,-0.00012742463223465347,0.0021876160421476806,6.781979621992007e-11,3.419201033416641e-11,-5.433439163410282e-12
1,17,0.22783351300645144,-0.00015296932992727474,0.0013958183057622975,3.820969517349948e-11,2.6903909655651148e-11,-5.729938987614766e-12
1,18,0.2280800288468939,-5.624973662189296e-05,0.0006240415377724281,3.271991748723946e-11,-6.420683429375629e-12,-2.2217231689363598e-11
2,-18,-0.30041427523867736,-8.030897028969224e-05,-0.0005424118501851848,2.2611327523888725e-11,9.267503431331647e-12,-1.208906564263701e-13
2,-17,-0.29937893854139097,-0.0001286786759393141,-0.0011793587953712091,-3.4026917351479e-11,-4.8538298380584877e-11,5.3164901653171906e-11
2,-16,-0.29835167882486235,-0.0002276713442791807,-0.0018854935162355138,-9.35250915341107e-11,-6.954420372906611e-11,-4.619804326144294e-11
2,-15,-0.2972916235399717,-0.0003917435912607732,-0.002644997443750077,-4.1195991279732724e-11,-6.38365749150438e-11,6.442208787894231e-11
2,-14,-0.2961846592345791,-0.0006195588703144959,-0.00345999189117289,-2.126949658065591e-12,-7.169490001679435e-11,3.872904073316677e-11
2,-13,-0.29502182162371626,-0.0009149479100739266,-0.004338475902514196,1.5410153188233355e-11,-6.728520518528569e-12,8.018244156474379e-11
2,-12,-0.2937917332420672,-0.0012851099769372034,-0.005292242133748167,8.895813773113215e-11,-4.3354445034005096e-11,-4.919195495281352e-11
2,-11,-0.29247799283444514,-0.0017401024293795151,-0.006336712693394446,9.849825772720311e-11,7.086488340579677e-11,8.187472320128966e-12
2,-10,-0.2910571380245701,-0.0022934605960141996,-0.007491920995703417,1.348100619850967e-10,7.152553549438778e-11,-1.5950642290817572e-10
2,-9,-0.2894954603477306,-0.0029639144011126954,-0.008784101845178856,1.78334150831988e-10,-3.296726780455117e-11,-3.0692736384136526e-11
2,-8,-0.2877438899681982,-0.003778750424797377,-0.010247767685848206,1.5167479425204355e-10,1.1710271641263148e-11,-3.0028904493203945e-11
2,-7,-0.285729492752513,-0.0047801344290727184,-0.011928223191581856,1.098134508673021e-10,-7.49569850633236e-12,-5.04414300042319e-11
2,-6,-0.28334014817814124,-0.006037006672931106,-0.0138841130073431,8.49038630200416e-11,2.6921437301652418e-11,4.518979808409984e-12
2,-5,-0.280396419857022,-0.0076682713886288565,-0.016188052078028977,7.1349795863207e-11,9.057268823831066e-12,-6.093299042414513e-11
2,-4,-0.2766048835611478,-0.009888190003447548,-0.018916133070870846,1.161448801717535e-11,2.9519164890245975e-12,1.7761332118601536e-11
2,-3,-0.2715163488198965,-0.01309309027112037,-0.022095071392298868,1.0817062176537995e-10,-5.3477194894568925e-11,3.674854582962073e-11
2,-2,-0.2645233529042604,-0.018087070357571663,-0.02550534235332054,1.7618950265765876e-10,-6.794158291523189e-11,8.94507636364783e-11
2,-1,-0.256767346968223,-0.027326089905045325,-0.02761686934669625,1.0431310199301991e-10,3.007492865858552e-11,-1.9170234843990386e-11
2,0,-0.25366949158029484,-0.07631280947281197,-0.01380431782305285,1.2511922921343288e-11,-6.322914414269576e-12,5.7434387107369034e-11
2,1,0.1962430906178224,0.06766491178172791,0.032069712721449546,7.484580056421608e-11,-5.122786309735838e-12,-1.0445797699043524e-10
2,2,0.1986535277685886,0.02736122770462019,0.036015007548615426,6.27200765282443e-11,1.060176946232616e-11,2.6758831261908256e-11
2,3,0.20308854992739397,0.020059665554851565,0.028887156348008484,-3.295797055408167e-11,-1.1566997359935272e-11,-1.4474463977658808e-10
2,4,0.20525404602288946,0.014761706588831268,0.02342857125754869,-5.780053345671998e-11,-8.905140513881804e-12,9.577931546836393e-12
2,5,0.20676957242985244,0.011132565086764109,0.019291709839263163,1.8391389973448913e-11,5.616999920743382e-11,1.291513640824804e-11
2,6,0.2080407773246393,0.008536873618114747,0.016081092826682318,1.4461409500454714e-11,4.4849388092238485e-11,1.3130722312411358e-11
2,7,0.20920275231910046,0.006596461180790661,0.013521846560230045,-1.1378984126481084e-10,3.852375363155858e-11,3.985990389750865e-11
2,8,0.21029675785313262,0.005092208471986464,0.01142686171831688,-1.2288370928453807e-10,-2.080369210233357e-11,4.001980783438844e-11
2,9,0.21133084448618839,0.0038915346486784264,0.009671424818771687,-3.3267251366847495e-11,7.375305921542008e-11,-2.332312020922843e-11
2,10,0.21231265068821797,0.0029162953854537663,0.008168854208909788,1.6758562419727507e-11,8.768472059550447e-12,2.5223005243680055e-11
2,11,0.2132488966421111,0.00211908980866614,0.006857424488986916,-1.4796634403846376e-11,1.6502119115635594e-11,-3.0823035936751106e-11
2,12,0.21414515903403625,0.0014703860160040552,0.0056922540852288005,5.5716609711348175e-11,1.288804341026406e-10,-3.794768192982422e-11
2,13,0.21500619111942726,0.0009515062205404269,0.0046402429632114986,9.11150161396479e-11,7.46515210758858e-11,-9.745460123974535e-11
2,14,0.2158359975073234,0.0005509785642362604,0.0036768449019036952,6.45127471408935e-11,4.380990015206976e-11,-3.768685066980488e-11
2,15,0.2166378952873627,0.00026249027747416635,0.0027844463208573714,4.1837482697010264e-11,5.895514632037191e-11,-6.721857508676593e-11
2,16,0.2174157213002517,8.35030515582374e-05,0.001953354339185214,2.2346064885644945e-11,7.487448161480614e-11,2.0519527178482818e-11
2,17,0.2181824404402922,1.5967145646665208e-05,0.0011874309568075043,1.9425316823834526e-11,3.910050061506354e-11,2.9059275290428156e-11
2,18,0.21902477163202588,4.264307459683445e-05,0.0005215568338037549,2.7796642808677885e-11,4.165084943608122e-12,-4.226100155588219e-12
3,-18,-0.2920316260033508,1.8248319361890007e-05,-0.0005875076462006674,1.9621560452820486e-11,4.9363915732847374e-11,-2.2720745098715744e-11
3,-17,-0.2905809166931757,4.3465246634170265e-05,-0.0012809081588209125,-2.282876470326156e-11,1.7284798592420714e-11,2.6990433199192756e-11
3,-16,-0.28902298648551317,-6.074723870732957e-06,-0.001986257406069262,-4.7069264067986505e-11,1.0530409877418379e-11,-4.2177834101296725e-11
3,-15,-0.2873479594292262,-0.00011289071727045359,-0.0027169662707231296,-1.8541183996120814e-11,-3.734818010414642e-12,3.695962619104881e-11
3,-14,-0.2855413728652404,-0.0002760209629205401,-0.003484313147771706,-2.3161058574500126e-12,-1.952789319137338e-11,-1.6756688657487305e-11
3,-13,-0.2835796143191095,-0.0004990801635994951,-0.004296917378741432,9.958539765389518e-11,5.7342325332498945e-12,6.918835715127598e-11
3,-12,-0.2814285384204959,-0.0007876184766893949,-0.005161789831698172,1.4887946084285453e-10,-2.943310872804972e-11,-9.057367729496625e-11
3,-11,-0.2790410469471211,-0.0011485263997809158,-0.006085319804593584,1.3804634518832515e-10,-7.868219964457523e-12,3.8542492602437056e-11
3,-10,-0.27635238927590383,-0.0015906846236787844,-0.007073273507265482,1.8844935594647394e-10,-9.757351870920417e-11,-1.3206906397764551e-10
3,-9,-0.27327215969044305,-0.00212647932683798,-0.008129432911091923,1.6541670767519778e-10,-3.789432656553515e-11,3.4451559985902713e-12
3,-8,-0.2696713469357977,-0.002774707940345098,-0.009252126149794445,8.693935285228327e-11,-1.8465035056536294e-11,-7.66277163249951e-11
3,-7,-0.2653609312626976,-0.0035664308602925687,-0.010426742163512338,3.94055846980601e-11,1.5698276012443557e-12,-5.1831340705955214e-11
3,-6,-0.2600555835000199,-0.004557033102355005,-0.011610068164501585,3.3508979011692697e-11,1.1443720970838456e-11,-7.430197548809886e-11
3,-5,-0.25330897049299295,-0.005852097136737348,-0.012697086970087224,3.126338424253028e-11,7.491410269899745e-12,-8.305218405363357e-11
3,-4,-0.2443965725358147,-0.007669265808156078,-0.01345154748295798,-3.8748019549894597e-11,1.942508653929309e-11,-5.2251051901007484e-11
3,-3,-0.2321377890995317,-0.010505648773799925,-0.013379484382178933,2.0344888967960273e-12,-2.3137866622668923e-11,-9.76067140523798e-11
3,-2,-0.21454019830195128,-0.015637767703613466,-0.011583110387445689,9.297284817022522e-11,8.800005169007363e-11,-8.429917527918995e-11
3,-1,-0.1881640254982411,-0.02716213253866625,-0.006039192311738452,4.612740701556706e-11,5.369280020595113e-11,-4.6129735448152687e-11
3,0,-0.15944884060166734,-0.06461435163213862,0.00550392332588555,1.724417830750724e-11,-2.5169977213579386e-11,-5.93579005392364e-12
3,1,0.12825926314891392,0.04952473370646019,0.035266536146907744,4.497410386813949e-11,2.1237005209950865e-11,-6.351418002648046e-11
3,2,0.14386429266286563,0.025458833754463644,0.03104551661553972,-2.277211405554702e-12,6.398037655230837e-11,8.780295240873315e-11
3,3,0.15996544639393806,0.020268524058492665,0.025329992679851115,-4.7297563435244605e-11,9.488160257475897e-12,1.1193652775520757e-11
3,4,0.17050575566506762,0.015532815633516307,0.021097227607346846,-6.585627529420712e-11,5.817138437613778e-12,1.2445055901609547e-10
3,5,0.17788553122586898,0.01202108335930363,0.017677020469035493,-1.0531266136926121e-10,4.888035809447189e-11,-1.1189620302380632e-11
3,6,0.18340549726894445,0.009374893766925662,0.01489505097499623,-1.4368060040348407e-10,7.190610606944148e-11,2.4086327821571524e-11
3,7,0.18775778728443895,0.007336682652897864,0.012600409674670352,-1.2218193340754469e-10,-2.7751134723530413e-11,7.05194886860272e-12
3,8,0.19132229674720133,0.005729257322229683,0.010675310624091185,-9.462608908245018e-11,-3.319362840148443e-11,7.874416326240571e-11
3,9,0.19431948170403804,0.004433577028511884,0.009033520373670653,-1.0011364133533096e-11,-8.678049945309851e-11,2.6238667732688195e-11
3,10,0.19689469415172345,0.003375199242528242,0.007609913067818552,1.1678084280847267e-11,-1.744876326759126e-10,8.843634651629559e-11
3,11,0.19914738719721523,0.0025065770628702614,0.00635530954879895,1.4487613365921082e-11,-8.726019906646343e-11,9.849139166458014e-11
3,12,0.20114794569800276,0.001796501508858977,0.00523263245151447,1.0864198082827237e-10,-1.2388109982275353e-10,5.1048871903204736e-11
3,13,0.20294776910353554,0.00122419006421259,0.004213910344521715,1.0763596004076392e-10,-8.70163247013167e-11,-2.4387695076561692e-11
3,14,0.20458528778576,0.0007760031499147079,0.0032779040447588814,4.632875658626412e-11,-3.9372796689640666e-11,-1.4137227900921229e-11
3,15,0.20608942596113866,0.00044287516198463547,0.0024077968043991357,3.555367740666615e-11,4.1019812546672085e-11,-6.556944296196151e-11
3,16,0.20748034166222176,0.00021621198197018754,0.001587550419823865,-1.770618417509806e-11,-1.5240517181602797e-11,1.0941032490261772e-12
3,17,0.20875273562411803,7.924906357302855e-05,0.0007931072826483817,-3.857689124739383e-11,-1.7792337048128104e-11,2.954743996133255e-11
4,-18,-0.28355999939047705,0.00018092706574890263,-0.000710070569819,6.536162626760711e-11,-2.6771862504659794e-11,9.839760842060563e-14
4,-17,-0.2816486654646969,0.00022966729661710503,-0.0013588367175616943,2.50922318947161e-11,6.612266290062507e-12,4.904802146978851e-11
4,-16,-0.27952192085374894,0.00023021254625041736,-0.0019925243027865912,-2.982670794376974e-11,-7.182332506516786e-11,3.5318591851992006e-11
4,-15,-0.2772061878121302,0.00018505661826828253,-0.00263773811121219,-3.242046409980548e-11,-6.461468859964015e-11,6.825574104535196e-11
4,-14,-0.27467857126025147,9.00553352618297e-05,-0.003302450281868307,1.1202543667016007e-11,2.2984836256512153e-11,-1.2025212856731082e-11
4,-13,-0.2718967113563818,-5.951365932672167e-05,-0.003986302259746382,8.27661294534876e-11,3.3252844922060376e-11,8.909712797731083e-12
4,-12,-0.2688024041138895,-0.00026805536975575597,-0.004684142976305416,1.476960723861831e-10,3.873117104813417e-11,-1.2135381690151197e-10
4,-11,-0.2653179002642106,-0.0005403894969571087,-0.005385976740311598,1.3269364296589203e-10,4.253383756314122e-11,-3.755076027141431e-11
4,-10,-0.2613382616258601,-0.0008831937625400128,-0.00607408186317968,1.3574578830791162e-10,6.499031868223426e-11,-7.485836790396307e-11
4,-9,-0.2567190862215981,-0.0013071135183348867,-0.006717371791533047,9.806251036886815e-11,8.215698954483486e-11,-7.482906639157474e-11
4,-8,-0.25125731136586504,-0.0018308771621721928,-0.007261488151136721,5.3946314429453857e-11,2.525472886372171e-11,-3.414371885809668e-11
4,-7,-0.24466103458281657,-0.0024899177471284627,-0.007611857864466353,2.9328966772573795e-11,5.046218998217e-11,-2.5697677655516643e-11
4,-6,-0.23649986174561535,-0.003353600759597107,-0.007605145239815473,3.643364646435665e-11,4.86990586745506e-11,-4.7642710902708746e-11
4,-5,-0.2261230988092235,-0.0045615682057234385,-0.006964439438679427,-6.604766213114122e-11,4.8079651371324417e-11,9.956207462202132e-12
4,-4,-0.2125250666962968,-0.006403024861591397,-0.0052420026887506285,-6.377050883882296e-11,-1.1423703649704464e-10,-1.1530268059778415e-10
4,-3,-0.1941094174811985,-0.009485136328673602,-0.0017994719992141142,-5.3046522036082067e-11,-8.967154796479804e-11,4.712213865637471e-11
4,-2,-0.16825967855633286,-0.015236112494436946,0.004001335695449973,3.6811143543091784e-11,-7.33034466460225e-12,-1.6896239442287797e-10
4,-1,-0.12903689295105764,-0.025223836119649096,0.011827190239527687,-2.5487319286338073e-11,-1.9665699624304978e-11,3.2303756891671753e-11
4,0,-0.07936587987962368,-0.03879040982673341,0.015590942886190408,-1.9951151408043044e-10,-1.5564489974639883e-10,-6.06489745577643e-11
4,1,0.06905737395916882,0.030947845727118322,0.021569454593670326,-7.152319535241869e-12,6.019562626136121e-11,2.436471163713705e-12
4,2,0.09981522975570944,0.02064189402342787,0.019564768787141622,6.481705189936848e-11,3.410843829598775e-11,1.1499275490156613e-11
4,3,0.1243326766165876,0.017793570050963204,0.018050456893889618,4.6452409627195657e-11,7.066208729256118e-12,2.673232902400402e-11
4,4,0.14072538535478848,0.014487411849073182,0.016215007816065847,-2.1073268130500367e-11,2.3991017505942125e-11,-2.6984002001167323e-11
4,5,0.15245791569085893,0.01167803477062197,0.014270222447278423,-9.446778689164992e-11,1.0912716563726832e-10,1.6429414252672192e-13
4,6,0.16128681792959632,0.00936609780055127,0.012422726942427026,-6.039385051087587e-11,4.0280126456515575e-11,-2.824921150950885e-12
4,7,0.16821231104382178,0.007480225209893168,0.010737720712592628,-9.434566322630289e-11,4.8226284077301784e-12,-1.1333626338859773e-11
4,8,0.1738221262846347,0.00593367696847918,0.009224328350760062,-2.3874900754311534e-11,-2.4729690517588665e-11,8.095535060457376e-11
4,9,0.1784795201061647,0.004653653205661047,0.007869614184051283,7.137176656971111e-11,-4.8631140781019155e-11,5.2630596305809976e-11
4,10,0.18242604239861665,0.0035889133488171505,0.006652018252343459,3.74691952811923e-11,1.9073201351638147e-11,7.756134287346256e-11
4,11,0.18582828410391972,0.002703291049247092,0.005549424668778992,3.886159449795201e-11,5.994532648045947e-11,-6.287913001693998e-11
4,12,0.1888050189968605,0.0019709941705661578,0.004542205967091306,1.2279338960571873e-10,1.2133398452629507e-10,-1.6426355352425377e-11
4,13,0.19144357405593848,0.0013736475649835768,0.0036142226518821492,1.1900977577548877e-10,-2.8748114999643803e-11,-8.602024585121831e-11
4,14,0.19380980149412985,0.0008989371859020242,0.0027529508543958363,6.742437749611419e-11,1.6732504271033122e-11,-5.62524503160914e-11
4,15,0.19595290631290785,0.0005398210603382048,0.0019494445371155819,-1.248503145485913e-11,1.3941320320398631e-11,-4.551515630726475e-11
4,16,0.1979108980017296,0.0002898602783602691,0.0012016776849563327,-4.290322871275398e-12,4.769920569636099e-11,-9.49100531171909e-11
4,17,0.19977194699538794,0.0001381677134249088,0.0005239875930990634,1.5671478871548405e-11,1.2541856442283006e-11,-3.0104966317143905e-11
5,-19,-0.277609177986393,5.715493873890545e-05,-0.00040359069441774884,3.3205432761057585e-12,-3.506436807576563e-11,-4.12956436624326e-11
5,-18,-0.2751679138335842,0.0002627226379715631,-0.0008749908165462625,2.665797227061062e-11,5.706848882347515e-11,1.0594792259493741e-10
5,-17,-0.27262969368753426,0.0003823950856891582,-0.0013620275905869227,-8.550725665718018e-12,7.137200552786993e-11,-7.634736366265884e-11
5,-16,-0.26990076153601883,0.0004515299382114075,-0.001870151710222246,-4.4397905707774243e-11,6.491636395100642e-11,1.1942988952803142e-11
5,-15,-0.2669367475322499,0.0004724188843561785,-0.0023905287320110198,-2.9518892972341115e-11,5.5318263858517014e-11,8.815034391042005e-11
5,-14,-0.26368695031686407,0.00044105304760552993,-0.0029110542956140577,-1.4780339712555657e-11,-7.948128266654919e-12,-6.726785452173655e-11
5,-13,-0.2600878547124608,0.0003534961473490335,-0.003416177359156152,7.067597548870985e-11,-7.559244896704342e-12,1.1960389700394012e-10
5,-12,-0.2560587941208425,0.00020595993576001345,-0.0038861809291288385,1.3026764649620715e-10,-1.2024672924049185e-11,-6.91465710102139e-11
5,-11,-0.25149520196016417,-7.286792343168944e-06,-0.004293282255398367,1.0852696952917684e-10,-1.1102604946522376e-11,-8.063322565524632e-12
5,-10,-0.2462586760171708,-0.0002961405614771364,-0.004596373887805341,1.287451720753674e-10,-4.898849381707038e-11,2.380751872770384e-11
5,-9,-0.24016255574082931,-0.0006782977568391224,-0.004733548517990812,4.819897952978991e-11,-9.936450273695385e-11,-8.317695910828836e-11
5,-8,-0.23295118901424394,-0.0011863412813897004,-0.004611650212855003,-3.595056934438401e-11,-2.403244270254845e-11,9.372929052364233e-11
5,-7,-0.22426934410404442,-0.0018807915373007644,-0.00409277503486875,-4.0082166752331005e-11,-8.73638661413878e-12,-1.7873172831073952e-11
5,-6,-0.21361661866651413,-0.002872902057179871,-0.00298059347054164,1.8408061967095657e-11,9.408845924596676e-11,3.8691358385418984e-11
5,-5,-0.2002817533479934,-0.004363913178501791,-0.00101843757592876,-1.8054010543500087e-11,6.233233373897917e-11,1.0542696967166809e-10
5,-4,-0.18324781338854146,-0.006703448406232429,0.002067924730831563,-2.039018086319455e-11,4.4921261155295156e-11,-4.14142684989488e-11
5,-3,-0.16104424631909856,-0.01045572712087939,0.006407887310948157,7.867265866545736e-13,-1.5791007390575373e-11,4.2064188070234376e-11
5,-2,-0.13157915361038003,-0.016265084758458063,0.011459336906601258,1.2716203524193448e-11,-1.4180642771144392e-11,-1.150245367703695e-10
5,-1,-0.09196145594154194,-0.022283892296920092,0.014703168763845153,-1.8580543353907686e-11,-5.871356179021348e-11,5.1301098785705435e-11
5,0,-0.044522333766079863,-0.020425732355732678,0.011356287724933,-6.525581897759425e-11,-1.500577995194874e-10,-4.7141143419415776e-11
5,1,0.033747303389504706,0.016255284266500303,0.01063732165707683,1.6116336433794065e-10,1.758332368595461e-11,9.381937761399062e-11
5,2,0.07007047315128578,0.015305008747603502,0.011676439382964901,1.6637555656090486e-10,-2.66154182027023e-11,2.2914418192770958e-11
5,3,0.09720217957547385,0.014412032812995202,0.01196466948232131,4.704832226934408e-11,1.7925466666568468e-11,6.931809417914589e-11
5,4,0.11657130069069559,0.012525988346969427,0.011535048716702558,-3.634539370855894e-11,4.957394217353084e-11,-5.0427563329496355e-11
5,5,0.1309527077016916,0.010558921464436957,0.010692260067919021,-1.7746876451035787e-11,5.7280152843119936e-11,4.5058394325782694e-11
5,6,0.14201910064500392,0.0087433983862306,0.00966289244682758,-1.0892489080843726e-10,1.4328399577934192e-11,7.121160006617021e-11
5,7,0.15081227855085746,0.007147749603641544,0.008576320017898226,-1.4419829176201548e-10,-3.8287359394040266e-11,5.569480242121651e-11
5,8,0.1579829648556508,0.005768886754546575,0.0075030813194229525,4.5946389054529746e-11,-8.292913578067385e-11,6.468160580167144e-11
5,9,0.1639561208273052,0.004585316549886026,0.006475631653240562,8.134529118006273e-11,-1.5453852086899644e-10,5.2184853687646873e-11
5,10,0.1690217954635506,0.0035747645858413943,0.005505152924788739,3.6983745059504525e-12,-6.932225626865574e-11,2.186069322795709e-11
5,11,0.17338420322492817,0.002717510339717872,0.004592563571308462,3.714773020441209e-11,3.4245245528197188e-12,-3.3814102207282634e-11
5,12,0.17719140544971138,0.0019968627963625587,0.003734456429860392,1.3994305454040346e-10,-4.803364650474151e-11,-8.036949988713456e-11
5,13,0.18055457226037427,0.0013992610318683512,0.0029263576597427818,9.079351073054687e-11,1.890923528868882e-11,-2.2864049324352372e-11
5,14,0.1835609651128261,0.0009155500327535499,0.002163304719509829,-1.1558231368530292e-11,-4.117003959969168e-11,-1.256946470531658e-10
5,15,0.18627855942020694,0.0005423999566667921,0.0014351544428667336,-1.7244998614870943e-11,2.975800161841846e-12,5.45819280614937e-11
5,16,0.18873044768850405,0.0002646672353342763,0.0007158504043143511,3.394248532413713e-11,-5.6650517610279394e-11,-6.429459880621068e-11
6,-19,-0.26956941522883265,0.00014878927177085867,-0.0003971442230203486,9.782536759816995e-12,3.2295180418806524e-11,-9.641960127993073e-11
6,-18,-0.26660839410698756,0.0003531756847420933,-0.0008057994692959452,4.6562841906835906e-11,-2.580118063644221e-11,8.092555527536532e-11
6,-17,-0.2635163440991035,0.0005230023792105562,-0.00120335117175164,4.195209197394023e-11,-2.485507633043227e-11,-5.015347045070448e-11
6,-16,-0.260209599936928,0.0006513711957617844,-0.0016004916748950544,2.189758053702806e-11,3.1367547448368782e-12,-2.7761023602796645e-11
6,-15,-0.25661639851403384,0.0007264466196896088,-0.001987851096264334,8.259152693354532e-12,5.026426497245495e-11,7.76906060304442e-11
6,-14,-0.25266581161258367,0.0007408370561696639,-0.002343220741911878,-9.7987043826131e-12,6.024847287733337e-11,-9.371256513303859e-11
6,-13,-0.24827777516876134,0.0006910666078239077,-0.0026430242006014776,7.644316169647114e-11,4.8148499076638984e-11,4.124356374002672e-11
6,-12,-0.2433547493442945,0.0005712650034151961,-0.002857905214525003,1.2306085577645787e-10,5.754884069286703e-11,-9.179558716344675e-11
6,-11,-0.2377731254823925,0.00037088041296592066,-0.0029486963715334045,1.3054532888717718e-10,6.043293643287484e-11,-3.6120857647699116e-11
6,-10,-0.23137287408945922,7.161509192991913e-05,-0.0028620712011964778,1.4615631101222437e-10,7.32009591830618e-11,2.2580467362457238e-11
6,-9,-0.2239441697156864,-0.0003575871608487685,-0.002526048831518842,7.2461916241634e-11,6.850529865598531e-11,-5.953024526236458e-11
6,-8,-0.21521000761051842,-0.0009692275922932537,-0.0018466120540432246,1.149680611128856e-12,-6.951286768419607e-12,8.68355864644399e-12
6,-7,-0.20480278552517933,-0.001849986828414464,-0.0007090328811793486,-4.1926961034943755e-11,6.632736027079034e-12,-1.4964475839041036e-11
6,-6,-0.19223441899579033,-0.003137303738686211,0.001007705839367892,1.5912215121927087e-11,-9.330758388159666e-12,-2.0750076570180687e-11
6,-5,-0.17686069491052922,-0.005034382371877451,0.003386790084467954,-1.3029300728606419e-11,4.828631938735839e-11,5.269223599113637e-11
6,-4,-0.15784465416121915,-0.0078005326221765765,0.006370158488702859,-2.4673297693150742e-11,-3.1768893071770776e-12,-4.1936855897650727e-11
6,-3,-0.134135025002511,-0.011617783097739136,0.009534170009343451,-3.650702526739047e-11,9.364439779169231e-12,4.29495718504147e-12
6,-2,-0.10463081196541753,-0.015837281021285964,0.011619367905779178,-2.3821993423017718e-11,9.903762532292859e-11,-1.803618018825226e-13
6,-1,-0.06890326615740246,-0.017171464925052293,0.010638617278860906,-1.6806289216200754e-11,-2.6161364741206228e-11,-2.5402861671824928e-11
6,0,-0.028306642304732375,-0.009982034333427894,0.00634554484297356,-3.488300631421942e-11,-2.991794312290352e-11,5.482753140384489e-12
6,1,0.01902482088281103,0.008293160902728351,0.005616549380998793,8.551009455636666e-11,1.878953936884642e-11,4.4379288438589626e-11
6,2,0.05215802131535943,0.010922283396516397,0.006914259257333719,6.601641629189192e-11,1.760630530256435e-11,-6.064573832269965e-11
6,3,0.07802610197265988,0.011250272632379536,0.007661330481554076,-6.092207424299168e-11,-7.722172901125646e-11,-1.9748486700110757e-12
6,4,0.09788845837997268,0.010390439490517583,0.007850242845966231,-1.8052507405608154e-11,2.193370485237267e-12,1.8520392115533788e-11
6,5,0.11335318771841223,0.009134062570793113,0.00762771885127136,1.4987370719476978e-11,-3.9932099293871204e-11,8.43616324529544e-11
6,6,0.12564008768017237,0.007797730394454066,0.007143209620631671,-2.0924898966323546e-11,-6.438824473598004e-11,8.360203200834422e-11
6,7,0.1356131201214076,0.006518502924733801,0.006509093660408235,4.920838953328954e-11,-3.652481095350879e-11,1.209197689894248e-10
6,8,0.14386429458398448,0.005346975647306591,0.005801750230953239,1.4105747125903179e-10,-9.135564527085194e-11,-4.46238885144605e-11
6,9,0.15080703516796998,0.004299544165952767,0.005067137425593905,8.256472979265017e-11,-4.70302408128731e-11,-2.4513336429081087e-11
6,10,0.1567355548291262,0.0033782442188389416,0.004331223845017569,5.468148937121109e-12,-2.1149679230170193e-11,-8.125903052378421e-11
6,11,0.1618633266117113,0.0025787875618397313,0.003607843307614881,4.8188492909537195e-11,-3.325446862323389e-11,-4.8099984661497536e-11
6,12,0.16634867914973753,0.001893361309808951,0.0029044836886603083,9.958181588359816e-11,2.283336020258986e-11,-5.339847411901105e-11
6,13,0.17031372046889173,0.0013131736676163252,0.0022272447602943203,5.484375974196265e-13,3.79396930538789e-11,1.1052107952512057e-11
6,14,0.17386177529015984,0.0008343054656213644,0.0015846587395939153,-1.2881149922747137e-11,5.0867046685887374e-11,-1.0443905315631009e-10
6,15,0.17709656315582684,0.000472031668281466,0.000986227410566033,2.112908676146774e-11,4.220572502600106e-11,4.224321901395017e-12
6,16,0.18016590618513312,0.00021840626778937968,0.00044507208385799316,1.49171545341803e-11,5.0695017628221706e-11,-4.6035450191467264e-11
7,-19,-0.26135323348993944,0.00019567463245246321,-0.0003388661928209875,-1.7320116911870298e-11,-2.754091399381764e-11,-7.874504951636656e-11
7,-18,-0.2579328862077175,0.0004168815055273215,-0.0006498283883515721,4.407688775596996e-11,-2.4785173913244307e-11,6.692482893279166e-11
7,-17,-0.2543550045246802,0.0006377657699483427,-0.0009433375064216729,2.6459561104641427e-11,4.6072673454133906e-11,-5.241904372181973e-11
7,-16,-0.2505161730855325,0.000815432287941931,-0.0012331524173253318,1.1458108767348207e-12,5.631108079828806e-11,-5.521737282904518e-11
7,-15,-0.24633123421228142,0.0009228013076601602,-0.001482120633395959,9.953827042122332e-12,-8.712683352563033e-12,5.59886633650958e-11
7,-14,-0.24172016873846944,0.0009581036251877549,-0.0016665337454184533,9.610906471710368e-12,6.850414679959727e-11,-1.908866741431349e-11
7,-13,-0.23659464251505685,0.0009161062242638687,-0.0017605964269675504,6.345160291285068e-11,-3.654387903395673e-11,1.6670450095216185e-11
7,-12,-0.2308482525405029,0.0007864439221448626,-0.0017324339861175453,1.1298572190690526e-10,-1.2318090991669806e-11,-5.355506289090803e-11
7,-11,-0.2243483461193035,0.0005516582707820139,-0.0015418341720431932,1.3214914232340114e-10,-1.9519746929930193e-11,2.7115387016339414e-11
7,-10,-0.21692749387353272,0.0001840632516232002,-0.0011392818799304681,1.1768529293437746e-10,-9.376227572133189e-11,-3.42421394787084e-11
7,-9,-0.20837353017045193,-0.00035892436585094735,-0.00046702273435892777,7.125577211608558e-11,-6.38957081688929e-11,5.311311758243384e-11
7,-8,-0.1984182447739276,-0.001141090195957083,0.0005352709817382429,-2.292240225756914e-11,-3.024734629430981e-11,3.5745697851349845e-12
7,-7,-0.18672457205259002,-0.0022529933252409618,0.001915812616059718,-6.589539504331388e-11,-7.224386366910807e-11,6.267444777139503e-11
7,-6,-0.17287447295565023,-0.0038113817246525914,0.0036796488591148467,-6.024300459525622e-11,4.581146573201522e-11,1.5378546526501058e-11
7,-5,-0.15636344307233616,-0.005937411000313544,0.005730492532002355,-2.5503738444038193e-11,3.564910866504789e-11,-2.268467813766606e-11
7,-4,-0.13661764284179367,-0.008669943225016514,0.007769850148727912,-1.2028841768138565e-10,4.3908987557017554e-11,1.953336971338704e-11
7,-3,-0.11308258580981494,-0.01167182446675507,0.009143489330925913,-1.2952210484695748e-10,-2.4731036663006023e-11,4.942791076607833e-11
7,-2,-0.08550010249941171,-0.013630901830354526,0.008880948400798637,-1.526551584793423e-11,-5.782177514568332e-11,6.363694900896055e-11
7,-1,-0.05431716573552183,-0.012064473464635258,0.0065649573194347865,-3.955485049743357e-11,-9.090221630980722e-11,6.234882342403061e-11
7,0,-0.020629028572322006,-0.005016809189380601,0.0036253686670931116,1.536894266365718e-11,-7.390946188401415e-11,-2.8310176685558686e-11
7,1,0.013244417334197003,0.00466248188357816,0.0031570477816145357,2.7861329291844344e-11,-2.3643031976661177e-11,5.2970362904997126e-11
7,2,0.04137275299104675,0.007806237816667294,0.00403103581430408,-7.264904389875371e-12,2.933218945511129e-11,-1.21246669822217e-10
7,3,0.0646889132792143,0.008689448091340576,0.004755002472960377,-6.977318397528853e-11,4.0620784513833996e-11,1.3500221670821946e-10
7,4,0.08369899221208225,0.008445965962816996,0.005140858820871053,-2.7483349797352563e-12,3.122926917065172e-11,1.3679643274264533e-11
7,5,0.09918937342992674,0.007695305475858987,0.0052127407269913885,4.734603421124861e-11,4.309376466782311e-11,4.839858491734704e-11
7,6,0.11191648703059094,0.0067435988683779945,0.005045219302973642,3.813712583580764e-11,9.073829188022131e-11,-6.0510053727629715e-12
7,7,0.12249973265815459,0.005744713097544156,0.0047128940572035705,6.899406913840611e-11,-8.283815300380581e-11,3.4770726242369134e-11
7,8,0.1314130482921716,0.00477436383062237,0.004274972657367522,7.246607567484853e-11,-1.8390095002374096e-11,-1.1109248964540422e-12
7,9,0.13901284586225676,0.0038703842451659047,0.003773371484449151,-7.756268717573622e-12,-2.986139113758668e-11,-8.394231162489434e-11
7,10,0.14556650433355559,0.0030511563043894045,0.003235916772674923,7.635055565211046e-12,-2.0706825143435026e-11,-3.833919921987505e-11
7,11,0.15127500864197993,0.0023239444076317553,0.002680055479867656,3.4984605490340215e-11,-5.689750059989507e-11,-5.493276416157402e-11
7,12,0.15628995371432675,0.001686335550984819,0.0021173373505197646,2.8541734080345105e-11,-1.4821061045111605e-11,-1.7770531763770456e-11
7,13,0.16072889633409249,0.0011297008931849758,0.0015593400705034904,-1.047031320151881e-11,-4.298993105944504e-11,6.683513402547421e-11
7,14,0.16470042089910217,0.0006460585673556674,0.0010232835495352715,1.0089966188953081e-11,-2.852139358022754e-11,-3.026794884609246e-11
7,15,0.16834118076841337,0.0002743673878155382,0.0005128120670293281,3.8464550771930006e-11,1.698752249978952e-12,3.9260574771684403e-11
8,-19,-0.25300356280775704,0.00016107692119783477,-0.00024710518065412394,3.553617469731485e-12,4.7328668761892345e-12,-1.0160707914147818e-11
8,-18,-0.249210186661129,0.0004323926829638488,-0.00041547107877501157,4.7711016344306745e-11,6.293356114017712e-11,9.31746795722262e-11
8,-17,-0.24521935118712215,0.000725952732252202,-0.0006459707786204391,3.8200652060019213e-11,-1.7264870089128692e-11,3.998967733424277e-11
8,-16,-0.24090231937954917,0.0009246969267508249,-0.0008275248027095951,2.954183295558743e-11,1.7633977611453133e-11,2.7376329122478366e-11
8,-15,-0.23617215095653854,0.001041195796013478,-0.0009393026882104519,1.6539823113545515e-11,7.435720095205767e-11,4.603432196391031e-11
8,-14,-0.2309541790385968,0.0010734268776330267,-0.0009628512955040013,3.343978956585336e-12,3.096947698288943e-11,-3.1510960846387916e-11
8,-13,-0.22516103112277866,0.001012278897828381,-0.000875584374731852,5.048025365772535e-11,3.0537669615249285e-11,9.564339619773377e-11
8,-12,-0.21868546623424379,0.0008422947271873419,-0.0006497674626047671,8.05077866351811e-11,1.6788057055627803e-11,-6.220308227105221e-11
8,-11,-0.2113955668639409,0.0005404046009755949,-0.0002536925405591842,6.432851126780825e-11,2.3780713509502505e-11,4.291731030346517e-11
8,-10,-0.2031295889958465,7.36090890801329e-05,0.0003457219639617879,7.917696533132901e-11,1.0434596242614447e-10,-1.2854042396454046e-10
8,-9,-0.19369049085507617,-0.0006032988870729112,0.0011772594665677566,5.573484729293199e-11,1.9051676902748227e-11,1.2938198310028654e-11
8,-8,-0.18284115804326392,-0.0015485844979046227,0.0022542355591352223,9.883832901430578e-12,-3.166392148479247e-11,-8.6985279276839e-11
8,-7,-0.1703017298029463,-0.0028288338877900396,0.003554881018606247,-5.905978484044283e-11,-1.3756384920071696e-11,1.4545314713960977e-11
8,-6,-0.15575286498163085,-0.004500004859696078,0.0049908777855329186,-1.1697399906335226e-10,-5.176958861596859e-11,-8.23959831570617e-11
8,-5,-0.13885340763185108,-0.006555292509040249,0.0063617436087720376,-4.6479449195696576e-11,-4.824224353328077e-12,5.441479200823246e-11
8,-4,-0.11929252167673937,-0.008797241125672314,0.007303269557540777,-6.867113605188435e-11,-2.9672445056583285e-11,-8.804172386793485e-11
8,-3,-0.0969069513275241,-0.010611305397869196,0.007314882296147311,-1.2677418251456907e-10,4.9484943920319324e-11,1.1575786856843351e-10
8,-2,-0.07185649777442034,-0.010850482192348269,0.00606552789357285,-6.398813054940555e-11,5.289946258812961e-11,-3.386033857813442e-11
8,-1,-0.04475398694358929,-0.008249248605927238,0.003892196366928118,-4.604853195804004e-11,3.609836041196246e-11,6.376613408305698e-11
8,0,-0.01667760447796641,-0.002753428389603036,0.0020416377768794646,6.237269782691929e-11,-1.8339177398907225e-11,-1.2009990202864473e-10
8,1,0.01037591514473714,0.0029780929897876146,0.0016981784896991804,3.205151362416572e-11,2.6682975273750742e-11,1.2675304924582298e-10
8,2,0.0343636326585149,0.005694488280538977,0.0022131739075836984,2.25036856553798e-11,1.584665731968471e-11,-1.0707731619777339e-10
8,3,0.055142784908024246,0.006722606731567983,0.0027846524339786424,-2.216200747223729e-11,-7.894734865843134e-11,2.154742916211927e-10
8,4,0.07283561656109094,0.006800591559695568,0.0031860721660036755,2.3534141866191072e-11,-1.4565901262919567e-10,-4.958267276573489e-12
8,5,0.0877985401902834,0.006375553817075738,0.003376682507656748,2.7877423026262393e-11,-8.982378729704976e-11,7.130967329485333e-11
8,6,0.10046630243521298,0.005703246646422795,0.0033798146834924754,-2.5903288194961682e-11,-1.3867110237875124e-10,-2.939837715171083e-11
8,7,0.1112495078851372,0.004927647241243716,0.003236258716000212,3.0710371311942763e-11,-3.2876368294409986e-11,-2.7554702578891713e-11
8,8,0.12049809707407769,0.004130267033766624,0.0029853053876148727,8.076262532005773e-12,-6.852210465702058e-11,-2.353562478371249e-11
8,9,0.1284968364675604,0.00335824221068696,0.0026587882487695163,1.2273156666312013e-11,-8.239096904727461e-11,-2.8180446081586645e-11
8,10,0.1354720397284421,0.002639599285942958,0.002279899449203868,2.6838356407057895e-11,-8.67511618096728e-11,-1.070194362409781e-11
8,11,0.14159979934343586,0.0019900219055625093,0.0018630715657221146,2.7000987817132893e-11,-2.001454557643001e-11,-4.541949164726033e-11
8,12,0.1470113986118753,0.0014079753722979445,0.0014168542726036575,1.9398450294000336e-11,-1.1778744646306905e-11,-6.645819302725708e-11
8,13,0.15179512664713268,0.0008789989176668965,0.0009504055022025199,-1.9801689151235924e-11,1.2816178673880074e-11,2.95946945471021e-13
8,14,0.1560266978223843,0.0003629567011992257,0.00048184067775788343,-7.544332563183542e-12,5.097922084473794e-11,-6.84769941217047e-11
9,-18,-0.24052320936701513,0.0004648435873659656,-0.0002236160674086305,1.4895541614393104e-11,2.995136083594474e-11,1.1771365396914379e-11
9,-17,-0.23621893790455695,0.0007634231567745718,-0.0003712538972244429,2.7743517335906964e-11,1.0010582640607169e-10,4.4129483297824026e-11
9,-16,-0.23145817556603304,0.0009623550739565891,-0.0004382804044018315,3.2159032598358395e-11,4.579178702890374e-11,-1.7017712400661713e-11
9,-15,-0.22622613958135937,0.0010716339999384081,-0.00042151063038645294,2.2917811095049534e-11,3.995263841982677e-11,1.2903477765446869e-11
9,-14,-0.2204627253948353,0.0010841825292968012,-0.00030894557270226634,3.0325446580964366e-11,6.410817710023053e-11,2.0715449077250356e-12
9,-13,-0.21408482698260015,0.0009865954754666112,-8.262541025557048e-05,5.1938919961788677e-11,-1.8827231440532444e-11,3.262514355352984e-11
9,-12,-0.20698965662951097,0.0007605272541430487,0.000276803904071264,4.293853423861793e-11,-6.623730730570543e-11,-8.714517654587542e-11
9,-11,-0.19905365296164945,0.0003812797167272273,0.0007870083766453438,5.615061367258978e-11,-4.6256623531526486e-11,1.0246659258388545e-10
9,-10,-0.19013058462185675,-0.00018273855314250204,0.0014596297189151894,8.53691744032159e-11,-8.832135023340015e-11,-1.7932114972606106e-10
9,-9,-0.18005020522865625,-0.0009687204360449282,0.0022925792533505986,5.6929137619288195e-11,-2.356154160665369e-11,3.157046038438846e-11
9,-8,-0.16861900796568935,-0.0020143947793855037,0.0032581215667949813,4.730486965684455e-11,-6.705408450713435e-11,-8.053243960364984e-11
9,-7,-0.15562530687335208,-0.003344438819483366,0.004285902422826981,1.4061940847853727e-11,-2.9565253023555726e-11,-3.341375581170786e-11
9,-6,-0.1408527568363453,-0.004939899695535121,0.00524195682126335,-8.63062225853195e-11,6.971855037729568e-11,-1.0154072699851413e-10
9,-5,-0.12411010243851545,-0.0066771833620819345,0.005911143208861197,-5.471464730941178e-11,-4.22892554308163e-11,8.109356502278287e-12
9,-4,-0.10528851442499738,-0.008233468542386692,0.006014743441842455,-3.0219104128759167e-12,-4.1365869063447747e-11,-9.414014717507718e-11
9,-3,-0.08444450817164514,-0.00902454794521981,0.0053285209551534474,-2.7599484329898782e-11,-5.825796789427073e-11,6.116898535000331e-11
9,-2,-0.061880047368128174,-0.008319486880152733,0.0038934782288105436,-8.047345927651717e-11,-5.570163774670789e-11,-6.91930200879794e-11
9,-1,-0.03818945248745462,-0.005673275874234353,0.002181286344667002,-9.692755712636947e-12,2.1829676954965294e-11,9.285079454433853e-11
9,0,-0.014292828126822296,-0.0016320091857192243,0.000973254586214886,3.262459920272409e-11,-7.59044216369631e-12,-5.450348462485155e-11
9,1,0.00855224283478671,0.002106299743877313,0.0007025502820087258,1.8585541553027898e-11,-8.044678811991446e-11,1.6440710490055188e-10
9,2,0.029409403041700765,0.004256928153867013,0.0010010227956081554,4.375474451073086e-11,-3.176932328319282e-11,-4.8254203855336436e-11
9,3,0.04801208715639164,0.0052291148684201995,0.0014249699295370284,2.4599511446940503e-11,8.670453244263854e-12,6.625806825942548e-11
9,4,0.06434190044053896,0.005446725215178967,0.001781189351215949,5.4957272023134496e-11,1.8721107997166087e-10,-7.460907662081712e-11
9,5,0.07855214028976396,0.005215460310704762,0.0020066409552093305,2.5986069199235295e-11,6.278128017456197e-11,-1.0613960760102147e-10
9,6,0.09088408390367524,0.004733406750784255,0.0020966071605718977,6.24974425510183e-11,4.251052287962409e-11,-8.843270638881663e-12
9,7,0.1016003380873934,0.004124357263928359,0.0020684374672800183,3.1252617898117063e-11,-6.870271018755147e-11,-1.0630122567508848e-10
9,8,0.11094874532383851,0.003465361854173997,0.0019451278271180813,-1.5139696137381198e-11,2.8682639596766535e-11,-2.579535840301333e-11
9,9,0.11914757725578476,0.0028054336816048346,0.0017485616779992774,5.748358169674339e-12,-3.083316935104108e-11,-6.964728683914786e-11
9,10,0.1263815832039675,0.00217853256759518,0.0014959020148354483,1.1812950791167953e-11,-7.58806351086605e-11,-2.0825048161073577e-12
9,11,0.13280039807260902,0.00161011045321645,0.0011948222213694314,2.5164835276356157e-11,-1.1356954265906438e-10,4.826644861105579e-11
9,12,0.13851263523825327,0.001094326410218639,0.0008440967427442121,-4.606129280076976e-12,-3.45446865557264e-11,-5.7756838171157433e-11
9,13,0.1435529202827062,0.0006045799414587529,0.00043749404909885527,-1.3704343866313695e-11,5.2344517609270724e-12,1.5519234958542502e-11
10,-18,-0.23219359964280734,0.00043918354390087014,-0.00011812840208990615,-1.9817259378634988e-11,-3.657059377548677e-11,-1.1145792134289317e-12
10,-17,-0.22745067381434292,0.0007296721364599023,-0.00014659040202711344,2.977010435042948e-11,2.367578355588762e-12,4.9819221746008266e-11
10,-16,-0.2222521169040158,0.0009235607311192487,-9.934973616601529e-05,5.3853555295746425e-11,3.394082237484497e-11,3.3997066500954937e-12
10,-15,-0.21656410974848872,0.0010194099523249617,2.368326238064957e-05,3.5222636222617676e-11,3.374113488607833e-11,7.147807022103107e-11
10,-14,-0.21032436612229552,0.001004355029416857,0.0002365270373762363,2.8444253029336064e-11,1.7594217749383745e-11,1.338077114116775e-11
10,-13,-0.2034528448190318,0.0008647984817257979,0.0005519670348223248,5.249367867471433e-11,4.872434400393644e-11,3.378840732052614e-12
10,-12,-0.19585452870950854,0.000583156911661679,0.0009783987654526686,5.219723264726639e-11,7.431241733080185e-11,-1.2218469947833724e-10
10,-11,-0.1874194561761411,0.00013748207693750974,0.0015186504953705235,6.186173643653314e-11,2.951003330586843e-11,-1.2623043452522631e-11
10,-10,-0.17802292195028363,-0.0004960998768036499,0.002164691293192068,6.233424063376014e-11,9.857975546978537e-11,-1.1197252245418246e-10
10,-9,-0.16752717910240889,-0.0013389838716942513,0.002890469928074331,8.85857880106311e-12,2.6753071979968013e-11,3.343838606614108e-12
10,-8,-0.15578606125456976,-0.002400752839118331,0.003642658922844829,2.3130209119565093e-11,-4.457664792845151e-11,-1.3671397212011369e-10
10,-7,-0.1426546610529194,-0.0036612956224023716,0.004330698412984011,4.016254321302648e-11,-4.175478018897394e-11,5.806526104119164e-12
10,-6,-0.1280072187943658,-0.005039715007023209,0.004820742307613256,-1.6678839082420738e-11,-7.751831121449726e-11,-1.4350877582634813e-11
10,-5,-0.11176714439509199,-0.006350578854389175,0.004946566026559582,-3.849318758707143e-11,-6.975038602252681e-11,-1.1463933318259234e-11
10,-4,-0.09395008849135723,-0.007271177728508228,0.00456008597819996,9.491613007714395e-12,4.8544918085369204e-12,-3.730705355102851e-11
10,-3,-0.07471028112361994,-0.007373426881378059,0.0036258776600970725,1.960097644089498e-11,-2.263732257201667e-11,1.3004947162567615e-11
10,-2,-0.054375907297568825,-0.006279911180888451,0.0023167467001077736,-2.968655930888492e-11,2.0688409319014056e-11,6.015752539124605e-12
10,-1,-0.0334656967036982,-0.003961174866653042,0.0010281181961454015,1.9764654539747295e-11,1.9436882658929733e-11,9.427649177821962e-11
10,0,-0.012679832721219744,-0.001006820995052594,0.00020100651786538617,2.0131304365482092e-11,3.0083921465084984e-11,-4.7835248891299476e-11
10,1,0.007213156282946956,0.001591671835280849,-1.5359797688166812e-05,2.8124133637187285e-11,3.1597127692073457e-11,1.0390171394699527e-10
10,2,0.0256769984336153,0.003248478963027288,0.0001621327086457885,3.356846007759873e-11,-1.9355100855378282e-11,-5.0392272440361735e-11
10,3,0.04247634646514173,0.004085869510450931,0.00047421485649313703,-1.970148729487503e-11,1.7328971591012987e-11,9.875798545914624e-11
10,4,0.05754717418636259,0.004339449936636544,0.0007750358252553382,-4.4581495613205124e-12,-1.2832254703276647e-10,-2.3847342720331732e-11
10,5,0.07094719785433048,0.004212462848723856,0.001001310110554282,9.840324301929604e-12,-3.970453132939866e-11,5.980432213901002e-11
10,6,0.08280849907939165,0.0038527447231284048,0.0011347456094805155,-3.072069508502917e-13,-3.29158228451476e-11,4.077815536141557e-11
10,7,0.09329683116699782,0.0033619645515708305,0.0011782890603716412,-4.8152794902486806e-11,1.1938811050882236e-11,-5.291051836031277e-11
10,8,0.10258459701707207,0.002807899537382982,0.001143648941253118,-4.896329392281573e-11,-7.041858762768527e-11,-2.4122610484643425e-11
10,9,0.1108368021116651,0.0022368558003828527,0.0010460865616349953,-6.460375203548585e-12,-3.749295318655754e-11,-3.81326701036919e-12
10,10,0.11820549122861974,0.0016874173436855508,0.0009006423530161276,2.3940332355421035e-11,-6.346660696987527e-11,-1.0888492168857232e-10
10,11,0.12482356275145885,0.0012065664408727184,0.0007120315677316357,5.878381071841576e-11,1.4360387878831204e-11,1.452245440602181e-11
10,12,0.13079691923287548,0.0007708720307136109,0.0004853936259634564,2.5458174630899055e-11,-4.5245043822639275e-11,-7.271335503451618e-11
10,13,0.13625138693774655,0.00034308845065858187,0.00025920692969482844,3.132094323482493e-11,-1.5567297451113404e-11,5.573618769207783e-12
11,-18,-0.22410633740985272,0.00036115711425213203,-2.819860395174047e-05,-3.758690017216515e-11,-5.926162338631968e-12,-1.7760603643161843e-11
11,-17,-0.21892234572126798,0.0006344569054556778,4.274269379926436e-05,2.972129530334766e-11,5.924918888844388e-11,6.62749077216503e-12
11,-16,-0.2133236355671212,0.0008245265242066035,0.00016862712368755425,6.055669420773624e-11,3.6782021872738824e-11,1.1139531612132207e-11
11,-15,-0.20723914259366064,0.0009025916872005941,0.000362957443075071,1.92586246429427e-11,2.789293795935066e-11,-8.060731173254593e-12
11,-14,-0.20059917019135717,0.0008586899197953334,0.0006380394701003179,-5.156297264163889e-12,9.506131992687017e-12,6.942091048062551e-11
11,-13,-0.1933283525593213,0.0006826867784254172,0.0009946302100628931,4.444261582012277e-12,-1.0204405376246228e-10,4.761137225575349e-11
11,-12,-0.18534252443373958,0.0003589996588657666,0.0014311346110777836,-3.02844730629831e-11,-9.70296204494403e-11,-3.139812850905602e-11
11,-11,-0.17654852053958295,-0.000127934320814921,0.0019379416909251065,-8.889107548995523e-12,-5.413575143720095e-11,7.877901892568324e-11
11,-10,-0.16684573169992123,-0.0007903919007582461,0.0024930158037518276,3.649220790997998e-11,-4.151139154640049e-11,-4.4069883674410434e-11
11,-9,-0.1561297197771559,-0.0016309560645187881,0.0030566187654890594,3.157324792238403e-11,9.586970106667536e-12,2.0541237385086203e-11
11,-8,-0.1442989366178465,-0.0026317111995394285,0.0035665065488045323,-3.0093836493952364e-11,-6.016118159202222e-12,-5.5686462656790586e-11
11,-7,-0.1312659896132511,-0.0037375157086956914,0.003935806653146584,5.049118024721966e-12,6.099329374897877e-12,9.116177918881002e-12
11,-6,-0.11697492565104275,-0.0048342347157861905,0.004059590637553445,1.2495787824612359e-12,6.967237897725909e-11,-4.7635931386524194e-11
11,-5,-0.10142481523869437,-0.005730967589725976,0.0038388742839143954,1.863524330507349e-11,1.2875409072243826e-11,-6.436879973264684e-11
11,-4,-0.08469677593822182,-0.006167962328461308,0.0032256628635424145,3.3226617204146214e-11,5.489150800563891e-12,8.993506216440836e-12
11,-3,-0.06697802100291371,-0.005877109215083751,0.0022758711833797155,7.361515119274492e-11,-6.141336050813351e-11,-1.0161652227134998e-11
11,-2,-0.048575867340292546,-0.004710284819848624,0.001178562565776869,3.117262231764478e-11,1.0372341874287372e-11,2.1980056609440662e-11
11,-1,-0.029915134486396436,-0.002801954185677728,0.00021629857522867168,4.1097145543449176e-11,-2.7351038101031122e-11,-9.070863363821319e-12
11,0,-0.011503682653214982,-0.0006229691577195706,-0.0003720728193311856,5.215800214690772e-11,-5.360947796795301e-11,-4.655236157495579e-12
11,1,0.006166876961446956,0.001250171845149776,-0.000541808238373862,6.233282078970011e-11,-1.0121573024157726e-10,-3.164005282817531e-11
11,2,0.022747548822050226,0.0025123576069287505,-0.0004273532863657672,8.394526176611072e-12,-1.5953252607836532e-11,-3.318159706418647e-11
11,3,0.03804933881824759,0.0031942644776870865,-0.00018884216994755122,-1.7755444792384723e-11,5.698364002881817e-11,-1.6670100087649853e-11
11,4,0.051998219119924305,0.0034279734433967615,6.728726020337276e-05,-3.237764093291795e-11,1.7125979800969304e-10,-2.99611493926287e-12
11,5,0.06460607988043462,0.0033474579146158616,0.00028507796934110587,-3.965506308739597e-13,1.4843015705423568e-11,2.480609833754692e-11
11,6,0.07594312027039937,0.003060879078056856,0.00044153049179089645,-2.805035804326339e-11,4.169271872189739e-11,-3.860737550237959e-11
11,7,0.0861128286617365,0.0026502732360695396,0.0005315279935941782,3.150107561952775e-12,-6.342606995168865e-12,-2.1744461428923473e-12
11,8,0.09523346619835116,0.0021714437522664803,0.0005591208191589997,2.7297654371302715e-11,-1.481582911910806e-11,-1.0771933627203023e-10
11,9,0.10342940644745756,0.001663189778238617,0.0005360212922667527,2.127484733521756e-11,-9.077825990910782e-11,5.7660580154409065e-11
11,10,0.11083504228422625,0.0011649359902081492,0.0004785350581476597,-1.2053340747372743e-11,-4.419652144260766e-11,-9.387559219559138e-11
11,11,0.11759441577078504,0.0007804942139399093,0.0003763159474746312,-2.6094096501616537e-12,-3.2063462995779446e-11,1.3618590406587732e-12
11,12,0.12376180490367338,0.0003900022026681216,0.00021172861356941696,-5.6134402681706774e-12,-2.381254915473363e-11,-1.0384855356291439e-11
12,-18,-0.21616524218230596,0.00021560395315731897,4.0597195476926906e-05,-8.673110406948181e-12,-3.057407105266918e-11,2.7781623865896278e-11
12,-17,-0.21063078445223288,0.0005005933204116153,0.0001641006509500961,1.378702317242353e-11,-3.398883952066001e-11,-2.2633117507443214e-11
12,-16,-0.20470241656697208,0.0006831841858347194,0.00033386785090356295,-4.7273671522490845e-12,2.6382354634257865e-11,4.644761364533314e-11
12,-15,-0.19829211409502157,0.0007402703999365662,0.0005783607904535793,-2.940597917076848e-11,5.056673135772627e-11,-3.062127787933303e-11
12,-14,-0.1913299264067244,0.0006762009108051593,0.0008816355235428879,2.5207884607816866e-11,1.5432988220709376e-10,-4.323609651996508e-11
12,-13,-0.18375170965498153,0.0004771712921374467,0.00124067682372426,3.851546707435427e-11,8.738867962598817e-11,3.669589231005549e-11
12,-12,-0.17548693226049106,0.00013267479854611996,0.0016463009877051504,-2.4223119820740435e-11,1.0682220386026842e-10,-3.4522417341259146e-11
12,-11,-0.1664604087739161,-0.0003644985841611298,0.0020809904842848206,-6.497459037815845e-11,9.299302994314473e-11,-2.078855542027823e-11
12,-10,-0.15659539720538218,-0.0010139664441022943,0.0025150826185110615,-5.6294475374654707e-11,1.0578679598971519e-10,-1.642215443492523e-12
12,-9,-0.14581811454202537,-0.0018010804210200036,0.002905097746468458,8.474724177628956e-12,1.568478680269436e-11,-6.417752193934624e-11
12,-8,-0.13406506551945988,-0.002686948976530025,0.003192772055798806,-1.5356909971106503e-11,-6.75810796213483e-11,-3.337147290276288e-11
12,-7,-0.12129370038240218,-0.0035970736694625333,0.0033089324575086222,1.182356534727702e-11,-7.346419306220042e-11,-1.1658547174539513e-11
12,-6,-0.10749643913008881,-0.004411740436371369,0.0031858214941974674,-2.1069649280489045e-11,-1.1586467896229635e-10,-8.105203338462826e-11
12,-5,-0.09271685525597931,-0.004967069627806068,0.0027801237748368785,-3.009990997768219e-11,-4.021101507323266e-11,1.4546874989307401e-12
12,-4,-0.0770652295738831,-0.005079485204467853,0.0021023728922481763,4.9285690546102545e-12,-3.7431030497359075e-11,-7.116931928497199e-11
12,-3,-0.060729731976079025,-0.004603497844636619,0.001240122048186142,-2.1880319930021874e-11,-1.1835463165077442e-11,-2.2036869589325478e-11
12,-2,-0.04397867409378164,-0.003517284651113282,0.0003552416086561668,1.0273231917934389e-12,-2.175781776969643e-11,-5.035419962397779e-11
12,-1,-0.027147857965671672,-0.0019936449976147705,-0.0003641264539247349,3.5276365108107693e-11,-7.388298306487684e-12,-1.3169947933860254e-11
12,0,-0.01060366509838334,-0.0003728341210116405,-0.00078977521234875,3.2407451383358564e-11,-5.2249066184728576e-11,3.400240131774465e-11
12,1,0.005320669330740376,0.001000801334084667,-0.0009150397861336464,-1.7656801910327646e-11,-3.804052906009048e-11,-1.4050657284794127e-11
12,2,0.020380318717141768,0.0019515841209277584,-0.0008274004173534483,-2.7333769362508642e-11,-6.455377898895165e-12,-3.9581284782966644e-11
12,3,0.03442600049342047,0.002481804630676082,-0.0006310931809380738,-2.447356607735568e-11,6.70032085370309e-12,4.04558635127162e-11
12,4,0.04738626298792324,0.0026679195417495297,-0.00040424499444037933,-5.806435996076609e-11,-5.5541779508949674e-11,-9.651590898024365e-11
12,5,0.05925093426030892,0.002597896882439175,-0.00019397406308372723,-1.3035371068149948e-11,4.6915998863639174e-11,3.80356189117392e-11
12,6,0.07005445987017435,0.002349544752302136,-2.3157800026189507e-05,1.2455267394718972e-11,2.8348698388747096e-11,-1.5940678844191675e-10
12,7,0.07985947783245828,0.001991550498687016,9.837677178907844e-05,5.3652035722148717e-11,9.31549282157107e-11,1.1873652754101124e-10
12,8,0.08874237298451775,0.0015643001438103543,0.00016791319167598588,3.831015084158895e-11,4.4883097238823666e-11,-1.616398934866552e-10
12,9,0.09678816623220841,0.0010914695315449286,0.00019594225298471285,-2.4015479275357743e-12,5.292344340546151e-11,7.507867796159497e-11
12,10,0.10412198138963916,0.0006006418193943042,0.00020382376913087,-5.593812999610259e-11,-3.337186083030019e-11,9.319064579938656e-12
12,11,0.11105684165853942,0.0003683879155198567,0.00014345294206238027,-1.2061348447778286e-11,-1.7659568252170743e-11,4.573465725869665e-11
13,-17,-0.202596047801341,0.0003388022392227979,0.0001585064059898468,4.78787263741981e-11,3.1286126467300335e-11,1.1965281616530508e-11
13,-16,-0.1964340504880418,0.0005021798339597615,0.00040081680677316105,3.8860611343422e-11,-9.208009354999547e-12,-2.684268428463244e-11
13,-15,-0.18975544859932372,0.0005570516245429621,0.0006681277018513804,1.3089649806771742e-11,-3.5183508884095716e-11,7.547707021827912e-11
13,-14,-0.1825426770046896,0.00048500585601133034,0.0009723175415246581,6.654789002843997e-11,-3.2186475706907913e-11,-3.6607331898338806e-11
13,-13,-0.1747423627578385,0.00028017979989183,0.0013061610550310014,8.384961236625188e-11,-1.1028780666499927e-10,7.92766027520389e-11
13,-12,-0.16629617467665841,-6.191374292209941e-05,0.0016578943912347011,4.7907158708809794e-11,-6.703237964700293e-11,4.33559165674037e-11
13,-11,-0.15714619135490346,-0.0005391332815845764,0.002004255846447587,5.08005768527775e-12,-4.6009113185974115e-11,-1.2852099741974925e-11
13,-10,-0.14723746290120293,-0.0011407283808437148,0.0023143527200991634,-7.031454997245834e-11,-1.777268610059224e-11,2.476224059784135e-11
13,-9,-0.13652218641458297,-0.0018390489864303248,0.0025481417499038793,-2.6624704611150074e-11,-2.2915544461987736e-11,-3.896721985884033e-11
13,-8,-0.12496677572878749,-0.002582981946710544,0.002658823800910193,4.1026008545247405e-12,4.1949874129976195e-11,-4.7633627294277336e-11
13,-7,-0.1125608851966571,-0.0032930887654192605,0.002598906346501641,8.545551419270048e-12,-1.7680329422731234e-11,-6.446967330646369e-11
13,-6,-0.0993277149258685,-0.0038617518807229413,0.0023328687194928265,2.6785322007269463e-11,1.986558140210093e-11,-4.307780537447445e-11
13,-5,-0.08533418335016936,-0.004163358145062905,0.0018543511887876322,1.5626329657320026e-11,-1.7614895653217388e-11,-1.5632383760936022e-11
13,-4,-0.07069897908217462,-0.004080847811439731,0.001201901981091454,3.340744109299465e-11,-2.3313226349408467e-11,-3.645686280396047e-11
13,-3,-0.055596199602226386,-0.003549812136725526,0.0004646844524999678,1.7994968579473913e-12,-7.109909883062926e-12,1.1103559749165576e-12
13,-2,-0.04025144632647758,-0.002607451830482918,-0.00023223021960563914,3.579165934984585e-11,9.629533281874103e-12,2.910675991679365e-11
13,-1,-0.024926488538222796,-0.0014136063898796268,-0.0007673407788630364,5.384385634837202e-11,-2.7150115489149584e-11,-9.92613266971934e-12
13,0,-0.009889815444799858,-0.0002057313281160152,-0.0010716816828095798,8.840435572173358e-12,1.304988062056367e-11,2.906178726488906e-11
13,1,0.004621024293282116,0.0008033005827851942,-0.0011517829908461808,-5.224092886795331e-11,-8.344168411777986e-11,-2.7500109394534844e-12
13,2,0.018425831680840516,0.0015056200402676961,-0.0010671613754976756,-2.0543356295602e-11,-3.652134150655684e-12,-2.799635577619558e-11
13,3,0.03140596501340648,0.0018970087431875334,-0.0008892049294682209,-4.201321994294627e-11,5.524067314688352e-12,1.906252074051172e-11
13,4,0.04349663979615195,0.0020243365431741288,-0.0006769847138774312,-2.8639403782532158e-11,3.6107547507491233e-11,-6.47423970174827e-11
13,5,0.05467743376052712,0.0019434133299114232,-0.0004697233063115834,1.5885340785837254e-11,2.163266787924556e-11,8.538116380899484e-11
13,6,0.06496237922261244,0.0017075011291505897,-0.00028655933978459296,3.335515251588067e-11,4.334171910258533e-11,-9.81606158525659e-11
13,7,0.07438787257453512,0.0013872308228853741,-0.00014102625279282033,2.582959074490937e-11,-2.783116792581808e-11,8.23950376378996e-11
13,8,0.08299201547911914,0.0009966858343243884,-4.6398627794406675e-05,1.5524372694482313e-11,5.904290945046853e-12,1.924591025149981e-11
13,9,0.09080067753167138,0.0005287741736318853,3.313348726542284e-06,-6.294215441817602e-11,-5.2865073429941845e-11,1.6437411368554027e-11
14,-17,-0.19499891367312627,0.00016433486558999015,0.00016569330519193825,-1.2641016705616792e-13,-5.662914581705536e-12,2.4927352662486996e-11
14,-16,-0.1885402679215595,0.00032505157775173234,0.0003784621506436065,5.47518478038328e-11,4.4737130666661074e-11,-6.014384864162607e-11
14,-15,-0.18163821720712328,0.0003762319606607203,0.0006422154787186191,-1.2717531021333439e-11,1.1483955453250871e-10,5.420304309555757e-11
14,-14,-0.17424641255434195,0.0003088511097631301,0.0009235608606470242,-4.874154638928596e-11,1.5591776481027608e-10,-8.542821944366574e-11
14,-13,-0.16630256295018733,0.00011384111719027458,0.0012212914263705717,1.1590153966775651e-11,8.153482056183492e-11,-7.396125419468873e-12
14,-12,-0.15775908150187842,-0.0002031015305874729,0.0015108443382707713,3.115746527969365e-11,8.474757007270739e-11,-6.610679268803741e-11
14,-11,-0.14857627870689724,-0.000635536136009578,0.0017704035515327262,4.499535466440108e-11,1.2270014171367194e-10,-6.9261809964660595e-12
14,-10,-0.13871767628010317,-0.0011651196770626497,0.0019708262011750416,2.489073400516184e-11,7.96762933408246e-11,-3.938742660204806e-11
14,-9,-0.12815580663881374,-0.0017565850728140544,0.002080962676622504,1.5645065755062748e-11,4.0248748778282106e-11,9.067003712507488e-11
14,-8,-0.11687885316043446,-0.0023536767434616497,0.0020675341831312265,4.569723093851563e-11,-1.9953733110256167e-11,4.071294083113353e-12
14,-7,-0.1048979864292451,-0.0028818670185808753,0.0019017912339945506,1.6252637256852775e-11,4.4914016950059477e-11,3.763621692401929e-11
14,-6,-0.09225450964173264,-0.0032539740137151325,0.0015715397952109022,8.664866242048819e-11,-3.387377878194542e-11,9.542480100912555e-12
14,-5,-0.0790254551838027,-0.0033818645092454926,0.0010915950610290138,8.368081358053892e-11,-2.1987828224823147e-11,5.876626270974244e-11
14,-4,-0.06532670829484966,-0.0031985618059169126,0.0005101855594826346,6.316835195110254e-11,3.341379950505541e-11,-2.280310472781502e-11
14,-3,-0.05131241792002513,-0.002687468077135714,-9.426234719600953e-05,5.901447071906402e-11,2.023076151047576e-12,6.172382307416228e-11
14,-2,-0.03716861446498645,-0.0019066385628564865,-0.0006299319791933477,6.022437648404988e-11,-8.828780762026867e-11,9.869955587961214e-11
14,-1,-0.023099453696468417,-0.0009876786852595777,-0.0010193444285482608,3.732653883247242e-11,1.7310583522167633e-11,6.07155831416472e-11
14,0,-0.009306277131537671,-9.520432454389869e-05,-0.0012252522339289125,-1.844279442434881e-11,-7.687292469249485e-11,2.298454634085123e-11
14,1,0.00403465262108718,0.0006354883296924682,-0.001258022111368427,-4.212144625063627e-11,5.325898055907885e-11,7.93984795174462e-11
14,2,0.016786045895070132,0.0011356206012242851,-0.0011599094105869407,-1.947141943124328e-11,7.843460603229602e-11,-5.938155414435264e-11
14,3,0.0288525706078646,0.0014035634680223117,-0.0009822275116939257,-1.8262386286375942e-11,9.192147043535215e-11,-1.5414959266728603e-11
14,4,0.04017670676232831,0.0014716195791827946,-0.0007724523189567279,6.578623713490717e-12,4.5342882226684367e-11,-8.260641965655933e-11
14,5,0.05073330430728592,0.0013679217108682144,-0.0005635284598997292,1.9124779125807845e-11,7.847117400316961e-11,3.712839564062268e-11
14,6,0.060527274160134995,0.0011189202059247113,-0.00036416609843404116,2.358933935773383e-11,4.1352102297942395e-11,-6.63425383829212e-11
14,7,0.06959031566829862,0.0008414149284507412,-0.0001923080321844838,-1.4791272373582132e-11,6.005738961700757e-11,8.884593452921589e-12
14,8,0.07791682702848213,0.0004776052824126798,-7.534957579628988e-05,-3.0994415367580075e-11,8.227044046016374e-12,-1.0567914748046796e-11
15,-16,-0.18095971022808435,0.0001332323546057081,0.0002484180507091409,3.881833830071679e-11,-1.9618862090453604e-11,2.532194750106201e-12
15,-15,-0.17395054179415084,0.0002133487384189694,0.0004910511283294734,2.0675110928847218e-12,-1.5660014951457413e-11,8.827871429467529e-11
15,-14,-0.16644385374831647,0.00015647410963214405,0.0007648579041012032,-4.486506305356741e-11,-7.881686969746227e-11,-2.6380918201904593e-11
15,-13,-0.15842151387975548,-7.079519541127999e-06,0.001021122291561373,-3.736545296263716e-11,5.132755331871408e-12,6.524684614751981e-12
15,-12,-0.14984956748858164,-0.0002808567374937697,0.001254952700312311,-2.4189727478030054e-11,-6.795008999915808e-11,-3.342264292204803e-11
15,-11,-0.14070755537025717,-0.000649657544051946,0.001438098612323415,-4.69893286607348e-12,-7.284547964836463e-11,7.560698782002086e-11
15,-10,-0.13097116971281697,-0.001095627483955576,0.0015526105593265526,-3.23799299005445e-12,-4.258177144222941e-11,-8.561936424601735e-14
15,-9,-0.12062780350412555,-0.001576879319817917,0.0015782519753789767,-2.6261443757460978e-11,-2.920069741563225e-11,4.207686255626106e-11
15,-8,-0.10967980392897125,-0.002036189927794188,0.0014906735318796966,-4.3789627306167755e-11,8.408473917143056e-11,1.673168296078241e-11
15,-7,-0.09815187473257865,-0.0024105814205166347,0.001275957917682917,-4.392508839295983e-11,4.346374649077944e-11,5.028053987027976e-11
15,-6,-0.08609526921411202,-0.0026353331273120226,0.0009366712004805231,-5.261523638652732e-12,-8.31311408600044e-12,-4.3440474247001103e-11
15,-5,-0.07358948298701976,-0.0026541227147272835,0.0004980611167043901,2.6664664183259634e-11,-3.8546249525595044e-12,8.064931526969611e-11
15,-4,-0.06074210825059914,-0.0024340866609794437,8.921785667642859e-06,6.095315224774467e-13,2.2869137139558404e-11,2.4783875310092213e-12
15,-3,-0.047686168703148964,-0.0019831005404084548,-0.000466439037958556,-1.7356633708401348e-12,1.59199875504612e-11,-3.2189672910694356e-11
15,-2,-0.03457371544562252,-0.0013606169624163023,-0.0008626847346281899,-4.0944558507560735e-11,4.5306008944479004e-11,1.0358704104445997e-10
15,-1,-0.021565301758188896,-0.0006698916273515688,-0.0011308637413034734,-4.1567662560724333e-11,-3.160721684380974e-11,-5.925488851215958e-11
15,0,-0.008815859769775275,-2.6234656727413895e-05,-0.0012507908912086393,-6.107838369730396e-11,1.9443863186197063e-11,8.50064852222273e-11
15,1,0.0035395674402455674,0.00048440623466409046,-0.0012333567141767005,-8.941413202293719e-12,-9.661779709624341e-11,-7.022074000290028e-11
15,2,0.015393878445816503,0.0008155112147962601,-0.0011098885990540376,-1.64301789675695e-11,-4.3321235487780996e-11,4.5410582846100445e-13
15,3,0.026670016623637164,0.0009754365879195501,-0.0009186227169004661,-2.2737195644068758e-11,-6.174948052883877e-11,-5.267595113898037e-11
15,4,0.037316268636431386,0.0009934651665320696,-0.0007030452847409995,-2.5652936589196096e-11,2.6697921651219758e-11,-4.324573944119222e-11
15,5,0.04730129084749714,0.0008604890244075576,-0.0004912864614519711,1.1396392401823163e-11,-3.8812425495748926e-12,-7.055965231853815e-11
15,6,0.056626249396971626,0.0005544697553189526,-0.00027169874590687453,-2.2283176822832096e-12,1.9822685159986975e-11,4.552632720138984e-11
15,7,0.0654036858372246,0.00036026369497728784,-7.823266728436242e-05,-5.073257580093943e-11,-6.942418862010413e-11,-2.5717458747970788e-11
16,-15,-0.1666729751706282,5.5463992934919135e-05,0.00028619992452282185,2.5083784008228527e-11,4.990807767057959e-11,-3.7366334527423606e-12
16,-14,-0.15914050945827912,4.6747436269325304e-05,0.0005180988031880405,5.557062991191908e-11,1.0163354879910713e-10,-3.411776605319588e-11
16,-13,-0.15107467225975368,-7.869627262677595e-05,0.0007554272611561862,2.621451384958451e-11,7.691075554205895e-11,-3.594198444184689e-11
16,-12,-0.1425302303397471,-0.000288930922114563,0.0009330277365034482,-2.032643389542066e-11,4.885450377578593e-11,-6.717133114650647e-11
16,-11,-0.1334892106730534,-0.0005870449463046699,0.0010543367547858828,-3.203294313830485e-11,-8.525860573094235e-12,2.677985884804758e-12
16,-10,-0.12392981294966159,-0.0009501881724740908,0.001117740491738249,-2.943721807112387e-11,9.311690307711729e-12,-1.0832882093664504e-10
16,-9,-0.11384970623027478,-0.0013257679075500662,0.0010955114321662492,-3.55197377586991e-11,7.568143334246713e-11,3.944055664202063e-11
16,-8,-0.10325800693593343,-0.0016636177006419746,0.0009767510028432787,-6.263701146300149e-11,-1.9697091180326254e-11,-8.229969892972581e-11
16,-7,-0.09218867173324781,-0.0019136231484733251,0.0007562817801835204,-6.356360099726843e-11,3.779959678595901e-11,1.2026349860226994e-10
16,-6,-0.08069863866271823,-0.0020336291285182576,0.00044384614320866023,-4.6862682246025245e-11,1.8081036667894068e-11,-7.367943232321227e-11
16,-5,-0.06886594838735974,-0.001992736169289336,7.114326762869398e-05,-4.7204529131025796e-11,4.511167828180618e-11,9.12047260699417e-11
16,-4,-0.05678760524938908,-0.0017781135823046344,-0.00031667553319449267,-5.99790811635359e-11,-1.680712513607574e-11,2.6139382542159084e-11
16,-3,-0.04457627592945537,-0.0014067930253311804,-0.000669173616521483,-7.959519501832268e-11,4.238956408109118e-12,7.261707673979906e-12
16,-2,-0.03235541209921791,-0.0009306950301122939,-0.0009414186922480844,-7.840148213804354e-11,4.056907587646208e-12,5.2971602825706635e-11
16,-1,-0.020252926355243957,-0.00043047473681124214,-0.0011032171619410162,-6.726877841106531e-11,8.481586266650964e-11,1.9983257941186966e-12
16,0,-0.00839233326826904,1.004187560072106e-05,-0.0011431351783861652,-2.9259502860954495e-11,-2.616337702043836e-11,-5.945081769541047e-11
16,1,0.0031203372170718856,0.000343407682546788,-0.001072495309372848,2.187066310390187e-12,9.422559954508358e-11,-3.061803496287249e-11
16,2,0.014201450335636304,0.0005263830709121351,-0.0009158473074342388,-4.50503778162345e-12,7.166414683901223e-11,-8.189909877663257e-11
16,3,0.02479020155991208,0.0005933667087731311,-0.0007018547293400671,-5.567269578286502e-11,6.192465984433682e-11,-2.962298165283279e-11
16,4,0.0348392301324322,0.0005844491394136074,-0.000475222882895114,-2.3990998857664758e-11,-2.6830537791511233e-11,-4.647871486556515e-11
16,5,0.04429712445409989,0.0004141524025894544,-0.0002576233641712081,2.1506813853693768e-11,3.307305818101014e-11,-2.7281421411773192e-12
17,-14,-0.1523182267318717,-4.0718513798513425e-05,0.0002748621437238765,4.112761823812927e-11,-2.4844126755851903e-11,-1.2097256220843997e-11
17,-13,-0.14419942358094406,-7.626737448554195e-05,0.0004456355386833627,4.18767733163794e-11,-3.183592278688252e-12,-2.4551598249008752e-11
17,-12,-0.13576507342137822,-0.00023285408951008985,0.000556951673753366,-3.5043255190020384e-12,-7.354855613428413e-11,-2.4834318182085334e-11
17,-11,-0.12686807699897815,-0.0004671292122035593,0.000677844880266708,-1.777468818832395e-11,-7.015724112768851e-11,8.448908444343064e-11
17,-10,-0.11752871304808288,-0.0007446153985960106,0.0007094956184931177,1.0058657682818217e-11,-7.377685962151048e-11,-3.217072099573294e-11
17,-9,-0.10774077187539408,-0.0010288277329500344,0.0006727521646429811,2.2070398893875298e-13,-1.5650813978140832e-11,6.2583808977995e-11
17,-8,-0.0975141974102534,-0.0012619194333366428,0.0005613369440905542,-1.915433089916263e-12,6.119856010844416e-11,-3.2947768801173515e-11
17,-7,-0.08689285325202539,-0.0014118756143403648,0.00036168075436844376,-3.660059419170053e-11,1.771083280033281e-11,8.681247137237833e-11
17,-6,-0.07593873411605745,-0.0014634265070543923,9.864237606882035e-05,-3.9911195008623945e-11,4.539951747872806e-11,5.088103131504302e-11
17,-5,-0.06472681699268998,-0.0014002344024533588,-0.00019354288823536267,-6.478749210291762e-11,5.2799042915552263e-11,9.161590763643885e-11
17,-4,-0.05334228904045634,-0.001218524074422377,-0.00047566352020733503,-8.544454824666731e-11,2.4596963354994728e-11,5.437711797496008e-11
17,-3,-0.04187819217675162,-0.0009346843949498872,-0.0007099717957942662,-7.702392310115005e-11,2.6909599548652352e-11,6.352058337872127e-11
17,-2,-0.0304326583008687,-0.0005892440402163954,-0.0008674084802828906,-5.4226636473243134e-11,-2.2895865758876255e-11,6.155534667596531e-11
17,-1,-0.019108940696267177,-0.00024897134813759835,-0.000930416416096818,-8.393902188445247e-11,-3.838808437794938e-11,9.78208433851345e-11
17,0,-0.008016372952702593,1.7923678775337008e-05,-0.0008908757738184968,-3.9869720413056135e-11,-8.191100575594135e-12,7.1785019226632e-11
17,1,0.002764215384692199,0.0002135816101061823,-0.0007632575959489379,-7.812284734322762e-12,-2.8257535200637562e-11,4.3264505828833136e-11
17,2,0.013171743846532037,0.0002532456673608163,-0.000576156406427498,-1.654755350214039e-11,-3.0512398163651255e-12,2.8775102011444412e-11
17,3,0.02316241008339191,0.00024509216981053676,-0.00033598260753723273,-1.360251982666233e-11,2.674738208696681e-11,2.7290547222774166e-11
17,4,0.03270190144843201,0.0002529139905476341,-0.00016886989048630764,5.008692028837802e-12,1.3950507415927405e-11,4.7624776416618515e-11
18,-12,-0.12953031145501306,-0.00018066069935924849,0.00025641434166934847,2.9298528880783437e-11,2.708626378744583e-11,4.349863663168606e-11
18,-11,-0.12078402420630716,-0.0002686861546985136,0.0003380686750045011,9.900139735785629e-12,8.357342595743944e-12,4.044458013939198e-11
18,-10,-0.11171892235991289,-0.0005020370508023127,0.0003500928945814621,9.842211681071467e-12,4.12304634878069e-11,2.60217475009112e-11
18,-9,-0.10223180752846389,-0.0007124791019870009,0.00035786199812908455,-3.102587522833822e-11,-1.6302237337839642e-13,1.3144121199310443e-10
18,-8,-0.09236034361525548,-0.0008410626143252062,0.00026138004340782575,-6.094247144688286e-11,-2.7828267468166246e-11,4.482662390729224e-11
18,-7,-0.08216332923634578,-0.0009175131477212762,9.931917482609711e-05,-4.177521653256355e-11,7.858717843145513e-11,6.87999520669494e-11
18,-6,-0.07170976146753354,-0.0009319324463628368,-9.763199401751385e-05,-2.7312189619307925e-11,3.150345262437071e-11,3.04455218292656e-11
18,-5,-0.061069235427557426,-0.000874791055524504,-0.0002981989885425481,-6.124036726947585e-11,4.303660205984272e-11,2.211347898957265e-12
18,-4,-0.05031353276944378,-0.0007440533887883763,-0.0004713548366089711,-8.008294347756559e-11,1.0137807260335308e-11,2.1814413787174004e-11
18,-3,-0.03951579192056171,-0.0005494674557179009,-0.0005899693646166357,-6.915735621974492e-11,5.441656847349208e-11,3.694243359570609e-11
18,-2,-0.02874706120554795,-0.00031720458625045543,-0.0006360430874677053,-3.8118381118657646e-11,1.0104937719912499e-10,-1.1051975442677789e-11
18,-1,-0.01808286255302302,-0.00011076306035950084,-0.0005974198890024483,-7.651351657833073e-11,9.492280572676037e-11,8.208772710508426e-11
18,0,-0.0076751034583101485,-2.230333290562197e-06,-0.00045721222587197664,-4.8206617930606713e-11,4.211232751405447e-11,5.4727544598984906e-11
18,1,0.002455207681119164,0.00011169528463504267,-0.0002814487445319582,-1.738827387875704e-11,9.53748191534487e-12,1.8160764070958985e-11
19,-10,-0.10646779068479015,-0.00028545685433970235,0.0001615624947464245,-3.2160198115693817e-11,-2.8756164116572336e-11,-5.571588817480239e-12
19,-9,-0.09726980283290297,-0.0003570656475949706,0.0001473654340810979,-4.36806840697912e-12,-1.5600160052642309e-12,2.1673373246924518e-11
19,-8,-0.08771214502008917,-0.00040946851944617674,7.325621097154457e-05,-3.99318899344317e-11,-6.807596153457496e-12,-2.128734455418904e-11
19,-7,-0.0779072073926603,-0.0004398012155506311,-2.9680967789034544e-05,-1.2611613142698985e-11,-2.628046391617289e-11,-4.209791138259857e-11
19,-6,-0.06792074820187441,-0.0004419882049167246,-0.0001405281860048918,2.275234037632523e-13,8.03530852966361e-12,-3.0305662377358206e-11
19,-5,-0.057810042683618626,-0.0004105945584829825,-0.00023936443214397525,-8.837801367470033e-12,3.502836909419216e-11,-2.1359810228600666e-11
19,-4,-0.04763163214146736,-0.0003429840743444351,-0.00030476624299262693,-2.319739241191457e-11,-5.3739429572985387e-11,-2.060984038597044e-11
19,-3,-0.03743956410877561,-0.00023980961292738052,-0.0003119825050580552,-4.731000725725909e-11,-3.2222460810693576e-11,5.887996253756134e-11
19,-2,-0.027271943754239202,-0.00010624769319498823,-0.000226895301826918,-1.3723400074747844e-11,-5.301833971849135e-11,-5.243303553381477e-12
