candidate,path,a_over_h,s_over_period,energy_ev_cell,energy_J_m2,normal_traction_GPa,shear_traction_GPa,min_hessian_eigenvalue,coordinate_length_scale_m
angular_even_odd,direct_110,0.9,0.0,0.11595283366184186,0.2615658715389346,-27.22133545099626,7.008641919834055e-15,13.23192352884447,2.863782463805517e-10
angular_even_odd,direct_110,0.9,0.05,0.13252534398726515,0.29895006449017464,-29.05106490944941,5.23138833480792,11.933914855204852,2.863782463805517e-10
angular_even_odd,direct_110,0.9,0.1,0.18255310282477993,0.411802453933594,-34.66934330860515,10.544762209326263,8.627209047468217,2.863782463805517e-10
angular_even_odd,direct_110,0.9,0.15000000000000002,0.26637957105595544,0.6008978173540548,-44.36905468416776,15.840574380406462,4.162727721972561,2.863782463805517e-10
angular_even_odd,direct_110,0.9,0.2,0.3827578885401803,0.8634234933523776,-58.33871887521879,20.701021485302892,-1.03544030229639,2.863782463805517e-10
angular_even_odd,direct_110,0.9,0.25,0.526647356442522,1.1880086965644934,-76.27752194316669,24.354316554225292,-6.733127758884463,2.863782463805517e-10
angular_even_odd,direct_110,0.9,0.30000000000000004,0.6872624166182814,1.5503234142855846,-97.01575010453809,25.798172101982505,-12.621134884110829,2.863782463805517e-10
angular_even_odd,direct_110,0.9,0.35000000000000003,0.8474845419523619,1.9117517513890065,-118.32815595970904,24.103101901432133,-18.219786539261825,2.863782463805517e-10
angular_even_odd,direct_110,0.9,0.4,0.9856163014762549,2.223348742390043,-137.1315276515439,18.826052912352623,-22.909064675022737,2.863782463805517e-10
angular_even_odd,direct_110,0.9,0.45,1.0796681464080102,2.4355104637772373,-150.13712546213267,10.35889842514677,-26.050552935439747,2.863782463805517e-10
angular_even_odd,direct_110,0.9,0.5,1.113077667111408,2.510875507687829,-154.79383058644675,4.667723029451941e-15,-27.158421338300567,2.863782463805517e-10
angular_even_odd,direct_110,0.9,0.55,1.07966814640801,2.4355104637772365,-150.13712546213273,-10.358898425146757,-26.05055293543975,2.863782463805517e-10
angular_even_odd,direct_110,0.9,0.6000000000000001,0.985616301476255,2.2233487423900433,-137.13152765154393,-18.82605291235263,-22.90906467502273,2.863782463805517e-10
angular_even_odd,direct_110,0.9,0.65,0.847484541952362,1.911751751389007,-118.3281559597091,-24.103101901432133,-18.219786539261854,2.863782463805517e-10
angular_even_odd,direct_110,0.9,0.7000000000000001,0.6872624166182814,1.5503234142855846,-97.01575010453797,-25.798172101982534,-12.621134884110846,2.863782463805517e-10
angular_even_odd,direct_110,0.9,0.75,0.5266473564425219,1.188008696564493,-76.27752194316672,-24.354316554225292,-6.733127758884471,2.863782463805517e-10
angular_even_odd,direct_110,0.9,0.8,0.3827578885401803,0.8634234933523776,-58.33871887521879,-20.701021485302892,-1.0354403022963954,2.863782463805517e-10
angular_even_odd,direct_110,0.9,0.8500000000000001,0.26637957105595533,0.6008978173540546,-44.36905468416768,-15.840574380406462,4.162727721972559,2.863782463805517e-10
angular_even_odd,direct_110,0.9,0.9,0.1825531028247805,0.41180245393359516,-34.66934330860518,-10.544762209326311,8.62720904746814,2.863782463805517e-10
angular_even_odd,direct_110,0.9,0.9500000000000001,0.13252534398726484,0.298950064490174,-29.051064909449362,-5.231388334807927,11.933914855204831,2.863782463805517e-10
angular_even_odd,direct_110,0.9,1.0,0.11595283366184231,0.2615658715389357,-27.22133545099626,-8.123790105189837e-15,13.231923528844472,2.863782463805517e-10
angular_even_odd,direct_110,0.9500000000000001,0.0,0.023448868786794606,0.05289585090009283,-9.986563713770037,2.856502084710918e-15,7.6781745894941835,2.863782463805517e-10
angular_even_odd,direct_110,0.9500000000000001,0.05,0.03304160784767078,0.07453510777432455,-10.947081702952461,3.020672347778304,6.972912403252261,2.863782463805517e-10
angular_even_odd,direct_110,0.9500000000000001,0.1,0.06172539321317922,0.13923985953610893,-13.869648012584967,6.004875083434432,5.148869047951445,2.863782463805517e-10
angular_even_odd,direct_110,0.9500000000000001,0.15000000000000002,0.10896840619025673,0.2458104320113982,-18.834564453131534,8.839756562680144,2.671844624039648,2.863782463805517e-10
angular_even_odd,direct_110,0.9500000000000001,0.2,0.17313019304754812,0.3905462971802167,-25.84279047790987,11.283375453684288,-0.1762911981673989,2.863782463805517e-10
angular_even_odd,direct_110,0.9500000000000001,0.25,0.2505976879714694,0.5652971177147703,-34.65332580799016,12.960849511682715,-3.2234106764075343,2.863782463805517e-10
angular_even_odd,direct_110,0.9500000000000001,0.30000000000000004,0.3351099826854608,0.7559395653766166,-44.635410277763114,13.430034470325138,-6.28663415618889,2.863782463805517e-10
angular_even_odd,direct_110,0.9500000000000001,0.35000000000000003,0.4177308025648399,0.942315232762509,-54.714604114085695,12.31735009353632,-9.12558956850088,2.863782463805517e-10
angular_even_odd,direct_110,0.9500000000000001,0.4,0.4878214657856266,1.1004254300997578,-63.48307531661874,9.487695857618721,-11.454365345856283,2.863782463805517e-10
angular_even_odd,direct_110,0.9500000000000001,0.45,0.5350145079667966,1.2068832786823207,-69.48895980189305,5.175789222601871,-12.991950516553288,2.863782463805517e-10
angular_even_odd,direct_110,0.9500000000000001,0.5,0.5516830868316247,1.244484182605111,-71.62865987658314,2.5368652449885613e-15,-13.53016567516848,2.863782463805517e-10
angular_even_odd,direct_110,0.9500000000000001,0.55,0.5350145079667963,1.2068832786823198,-69.48895980189305,-5.1757892226018605,-12.991950516553285,2.863782463805517e-10
angular_even_odd,direct_110,0.9500000000000001,0.6000000000000001,0.4878214657856266,1.1004254300997578,-63.48307531661873,-9.487695857618727,-11.45436534585628,2.863782463805517e-10
angular_even_odd,direct_110,0.9500000000000001,0.65,0.41773080256484024,0.9423152327625096,-54.714604114085745,-12.317350093536325,-9.125589568500896,2.863782463805517e-10
angular_even_odd,direct_110,0.9500000000000001,0.7000000000000001,0.33510998268546077,0.7559395653766166,-44.635410277763086,-13.430034470325152,-6.286634156188894,2.863782463805517e-10
angular_even_odd,direct_110,0.9500000000000001,0.75,0.2505976879714697,0.5652971177147709,-34.653325807990164,-12.960849511682715,-3.2234106764075325,2.863782463805517e-10
angular_even_odd,direct_110,0.9500000000000001,0.8,0.1731301930475483,0.3905462971802171,-25.84279047790989,-11.28337545368429,-0.17629119816740424,2.863782463805517e-10
angular_even_odd,direct_110,0.9500000000000001,0.8500000000000001,0.1089684061902565,0.24581043201139766,-18.834564453131517,-8.839756562680147,2.6718446240396476,2.863782463805517e-10
angular_even_odd,direct_110,0.9500000000000001,0.9,0.061725393213179616,0.13923985953610982,-13.869648012585001,-6.0048750834344515,5.148869047951407,2.863782463805517e-10
angular_even_odd,direct_110,0.9500000000000001,0.9500000000000001,0.03304160784767023,0.07453510777432332,-10.947081702952431,-3.0206723477783073,6.97291240325226,2.863782463805517e-10
angular_even_odd,direct_110,0.9500000000000001,1.0,0.023448868786794672,0.052895850900092974,-9.98656371377003,-4.768416899162872e-15,7.6781745894941835,2.863782463805517e-10
angular_even_odd,direct_110,1.0,0.0,3.0059387745587798e-40,6.780782931559234e-40,6.995963871122158e-15,1.277575630683373e-15,4.723978381524975,2.863782463805517e-10
angular_even_odd,direct_110,1.0,0.05,0.005888799645360219,0.013283927291064599,-0.5183874895826475,1.8502501913433915,4.290545360501775,2.863782463805517e-10
angular_even_odd,direct_110,1.0,0.1,0.02334736837235869,0.05266688672970507,-2.0817845318184838,3.632367869549117,3.1770491252704494,2.863782463805517e-10
angular_even_odd,direct_110,1.0,0.15000000000000002,0.0516549730828211,0.11652305189135376,-4.6961577790904565,5.248545470198258,1.6896726967834248,2.863782463805517e-10
angular_even_odd,direct_110,1.0,0.2,0.08932297997966322,0.2014943694689893,-8.314232704664265,6.553189948825018,0.023376456386657196,2.863782463805517e-10
angular_even_odd,direct_110,1.0,0.25,0.13379099485914975,0.30180511393496845,-12.768571400444642,7.357283343749353,-1.704981025454892,2.863782463805517e-10
angular_even_odd,direct_110,1.0,0.30000000000000004,0.1812425751120992,0.40884617151670233,-17.715904895556665,7.462257035744099,-3.3897436614190237,2.863782463805517e-10
angular_even_odd,direct_110,1.0,0.35000000000000003,0.22672600947797977,0.5114474946132207,-22.62572114138779,6.720632857046199,-4.909298837922685,2.863782463805517e-10
angular_even_odd,direct_110,1.0,0.4,0.26470272030224085,0.5971151850976048,-26.83890372146014,5.105921735803666,-6.129212605991957,2.863782463805517e-10
angular_even_odd,direct_110,1.0,0.45,0.28999080655535536,0.6541599343414033,-29.69748817869091,2.7616900918744345,-6.922808260987852,2.863782463805517e-10
angular_even_odd,direct_110,1.0,0.5,0.298871879708611,0.6741938185180243,-30.711000271393615,1.6025227544813446e-15,-7.1985102225031286,2.863782463805517e-10
angular_even_odd,direct_110,1.0,0.55,0.28999080655535536,0.6541599343414033,-29.697488178690925,-2.761690091874432,-6.922808260987854,2.863782463805517e-10
angular_even_odd,direct_110,1.0,0.6000000000000001,0.26470272030224073,0.5971151850976045,-26.83890372146014,-5.105921735803668,-6.1292126059919525,2.863782463805517e-10
angular_even_odd,direct_110,1.0,0.65,0.22672600947797955,0.5114474946132201,-22.62572114138781,-6.7206328570462,-4.909298837922691,2.863782463805517e-10
angular_even_odd,direct_110,1.0,0.7000000000000001,0.18124257511209907,0.40884617151670205,-17.71590489555666,-7.4622570357441065,-3.3897436614190224,2.863782463805517e-10
angular_even_odd,direct_110,1.0,0.75,0.13379099485914978,0.3018051139349685,-12.768571400444635,-7.357283343749354,-1.7049810254548923,2.863782463805517e-10
angular_even_odd,direct_110,1.0,0.8,0.08932297997966308,0.201494369468989,-8.314232704664258,-6.553189948825018,0.023376456386656308,2.863782463805517e-10
angular_even_odd,direct_110,1.0,0.8500000000000001,0.05165497308282094,0.1165230518913534,-4.696157779090442,-5.248545470198261,1.6896726967834266,2.863782463805517e-10
angular_even_odd,direct_110,1.0,0.9,0.02334736837235862,0.05266688672970491,-2.0817845318184927,-3.632367869549129,3.1770491252704334,2.863782463805517e-10
angular_even_odd,direct_110,1.0,0.9500000000000001,0.00588879964536019,0.013283927291064531,-0.5183874895826253,-1.8502501913433904,4.290545360501774,2.863782463805517e-10
angular_even_odd,direct_110,1.0,1.0,-1.4450105453939762e-16,-3.259648175491797e-16,-5.950621483401856e-15,-2.9949665144205466e-15,4.723978381524971,2.863782463805517e-10
angular_even_odd,direct_110,1.05,0.0,0.015808846188456585,0.035661522885829994,5.531170357904229,6.154255780925448e-16,3.093564981496127,2.863782463805517e-10
angular_even_odd,direct_110,1.05,0.05,0.019658200161735084,0.04434487796293659,5.237525047407345,1.2072738443751925,2.786834834104687,2.863782463805517e-10
angular_even_odd,direct_110,1.05,0.1,0.030990396162748204,0.06990799384244499,4.3596294486821074,2.345646946149695,2.0249333485620666,2.863782463805517e-10
angular_even_odd,direct_110,1.05,0.15000000000000002,0.04912581830899707,0.11081779612674333,2.9144797873857873,3.3365807631262627,1.0502402272065807,2.863782463805517e-10
angular_even_odd,direct_110,1.05,0.2,0.07284203102515191,0.1643167202392398,0.954018661477768,4.087563823081956,0.0030281607726603266,2.863782463805517e-10
angular_even_odd,direct_110,1.05,0.25,0.10029642503794362,0.22624821661363467,-1.4085997545482205,4.497611084096209,-1.041810189185633,2.863782463805517e-10
angular_even_odd,direct_110,1.05,0.30000000000000004,0.1290217824044941,0.29104674630512356,-3.979679325387951,4.474795508010602,-2.0255951981494675,2.863782463805517e-10
angular_even_odd,direct_110,1.05,0.35000000000000003,0.15606664981207208,0.35205443443759565,-6.48619792140659,3.963469811216114,-2.8874315421179837,2.863782463805517e-10
angular_even_odd,direct_110,1.05,0.4,0.17831897476479858,0.40225112723254636,-8.606910055188969,2.9729502032714112,-3.5638758210911057,2.863782463805517e-10
angular_even_odd,direct_110,1.05,0.45,0.192983805212287,0.4353319846452645,-10.031831382701931,1.5951757336055388,-3.997216753580412,2.863782463805517e-10
angular_even_odd,direct_110,1.05,0.5,0.198106582163241,0.44688792144784045,-10.534536264797138,1.0386895136324972e-15,-4.146597981989121,2.863782463805517e-10
angular_even_odd,direct_110,1.05,0.55,0.19298380521228695,0.43533198464526435,-10.031831382701931,-1.595175733605536,-3.9972167535804144,2.863782463805517e-10
angular_even_odd,direct_110,1.05,0.6000000000000001,0.17831897476479855,0.4022511272325463,-8.606910055188976,-2.972950203271412,-3.5638758210911057,2.863782463805517e-10
angular_even_odd,direct_110,1.05,0.65,0.15606664981207213,0.3520544344375958,-6.486197921406632,-3.9634698112161164,-2.887431542117989,2.863782463805517e-10
angular_even_odd,direct_110,1.05,0.7000000000000001,0.12902178240449433,0.29104674630512406,-3.9796793253879588,-4.4747955080106046,-2.0255951981494675,2.863782463805517e-10
angular_even_odd,direct_110,1.05,0.75,0.10029642503794368,0.22624821661363484,-1.4085997545482176,-4.497611084096208,-1.0418101891856337,2.863782463805517e-10
angular_even_odd,direct_110,1.05,0.8,0.0728420310251518,0.16431672023923954,0.9540186614777467,-4.0875638230819575,0.003028160772657218,2.863782463805517e-10
angular_even_odd,direct_110,1.05,0.8500000000000001,0.049125818308997087,0.11081779612674335,2.914479787385787,-3.3365807631262636,1.0502402272065798,2.863782463805517e-10
angular_even_odd,direct_110,1.05,0.9,0.030990396162748176,0.06990799384244493,4.359629448682096,-2.345646946149702,2.0249333485620578,2.863782463805517e-10
angular_even_odd,direct_110,1.05,0.9500000000000001,0.01965820016173515,0.044344877962936735,5.237525047407336,-1.207273844375191,2.7868348341046847,2.863782463805517e-10
angular_even_odd,direct_110,1.05,1.0,0.01580884618845664,0.03566152288583012,5.531170357904222,-1.9427442456888303e-15,3.093564981496126,2.863782463805517e-10
angular_even_odd,direct_110,1.1,0.0,0.052752764340947125,0.11899944438760762,8.388892773016364,2.7813705892399003e-16,2.140152731660522,2.863782463805517e-10
angular_even_odd,direct_110,1.1,0.05,0.05541220703969811,0.12499860305703112,8.210896431131584,0.832966937048813,1.8795995303066695,2.863782463805517e-10
angular_even_odd,direct_110,1.1,0.1,0.06320068247361464,0.1425678102984266,7.683137658658811,1.6059552804785393,1.2907800126505355,2.863782463805517e-10
angular_even_odd,direct_110,1.1,0.15000000000000002,0.0755432907038717,0.17041020946070967,6.827382890994338,2.2574989882801177,0.6019588854792387,2.863782463805517e-10
angular_even_odd,direct_110,1.1,0.2,0.09147137259422919,0.20634070369722887,5.688910853657198,2.7254238649062628,-0.09328566479779965,2.863782463805517e-10
angular_even_odd,direct_110,1.1,0.25,0.10963083538945863,0.24730473676748027,4.345782288476218,2.9516528219331084,-0.7554624324625893,2.863782463805517e-10
angular_even_odd,direct_110,1.1,0.30000000000000004,0.12833562640178264,0.28949891873426575,2.914084320838673,2.8915664137037216,-1.356298233514568,2.863782463805517e-10
angular_even_odd,direct_110,1.1,0.35000000000000003,0.14569174565365461,0.3286507731157558,1.5436499649199626,2.5264185303729434,-1.8673224311001189,2.863782463805517e-10
angular_even_odd,direct_110,1.1,0.4,0.15980020432825373,0.3604765696293168,0.40100475043443323,1.8749925773510865,-2.259523631629982,2.863782463805517e-10
angular_even_odd,direct_110,1.1,0.45,0.1690178485214641,0.38126968921761617,-0.3589902251264993,0.9993000170832597,-2.507001627917902,2.863782463805517e-10
angular_even_odd,direct_110,1.1,0.5,0.1722233186795947,0.3885005741311204,-0.6257252394032926,7.470743356542308e-16,-2.59166426866702,2.863782463805517e-10
angular_even_odd,direct_110,1.1,0.55,0.1690178485214641,0.38126968921761617,-0.35899022512650625,-0.9993000170832583,-2.507001627917902,2.863782463805517e-10
angular_even_odd,direct_110,1.1,0.6000000000000001,0.15980020432825373,0.3604765696293168,0.4010047504344352,-1.8749925773510876,-2.2595236316299823,2.863782463805517e-10
angular_even_odd,direct_110,1.1,0.65,0.14569174565365456,0.3286507731157557,1.5436499649199602,-2.526418530372942,-1.8673224311001215,2.863782463805517e-10
angular_even_odd,direct_110,1.1,0.7000000000000001,0.12833562640178264,0.28949891873426575,2.9140843208386693,-2.8915664137037234,-1.3562982335145684,2.863782463805517e-10
angular_even_odd,direct_110,1.1,0.75,0.1096308353894588,0.24730473676748066,4.345782288476227,-2.9516528219331093,-0.75546243246259,2.863782463805517e-10
angular_even_odd,direct_110,1.1,0.8,0.0914713725942292,0.20634070369722893,5.688910853657197,-2.7254238649062645,-0.0932856647978012,2.863782463805517e-10
angular_even_odd,direct_110,1.1,0.8500000000000001,0.07554329070387159,0.17041020946070942,6.8273828909943335,-2.2574989882801173,0.6019588854792406,2.863782463805517e-10
angular_even_odd,direct_110,1.1,0.9,0.0632006824736149,0.1425678102984272,7.683137658658818,-1.6059552804785444,1.2907800126505313,2.863782463805517e-10
angular_even_odd,direct_110,1.1,0.9500000000000001,0.055412207039697896,0.12499860305703063,8.210896431131577,-0.8329669370488112,1.879599530306669,2.863782463805517e-10
angular_even_odd,direct_110,1.1,1.0,0.052752764340947125,0.11899944438760762,8.388892773016364,-1.3057283701866127e-15,2.140152731660522,2.863782463805517e-10
angular_even_odd,direct_110,1.15,0.0,0.10010139941892512,0.22580827871474934,9.690860623147932,1.3137564887923918e-16,1.5403300333587895,2.863782463805517e-10
angular_even_odd,direct_110,1.15,0.05,0.10201375638738526,0.23012216481267433,9.574411334733753,0.5984336605479694,1.2202624734735112,2.863782463805517e-10
angular_even_odd,direct_110,1.15,0.1,0.10759469624602545,0.24271162340571598,9.231581564345966,1.14778400797517,0.7154849184584278,2.863782463805517e-10
angular_even_odd,direct_110,1.15,0.15000000000000002,0.1163803219927398,0.2625301977594575,8.682939802787093,1.600460737741322,0.22242013276631356,2.863782463805517e-10
angular_even_odd,direct_110,1.15,0.2,0.12761528465884847,0.2878739751270578,7.965583787955317,1.9127277334204638,-0.2361585364999898,2.863782463805517e-10
angular_even_odd,direct_110,1.15,0.25,0.14028852588949722,0.31646221469854724,7.135499033165621,2.0485220160981648,-0.6522665020695344,2.863782463805517e-10
angular_even_odd,direct_110,1.15,0.30000000000000004,0.15319807712009725,0.34558352128650033,6.267569198848159,1.9847215192405223,-1.0169541204779353,2.863782463805517e-10
angular_even_odd,direct_110,1.15,0.35000000000000003,0.16505180739216915,0.3723231117879636,5.451109389505532,1.7169763775257545,-1.3190090020430563,2.863782463805517e-10
angular_even_odd,direct_110,1.15,0.4,0.17460247196531345,0.3938674572253154,4.779920416205005,1.2643333305061646,-1.546285965284311,2.863782463805517e-10
angular_even_odd,direct_110,1.15,0.45,0.1808025030565611,0.40785345898772307,4.3379088816056175,0.6704819461969049,-1.6878049358818168,2.863782463805517e-10
angular_even_odd,direct_110,1.15,0.5,0.18295137003722473,0.412700863288835,4.183566325738364,5.183723135234404e-16,-1.7358962906808502,2.863782463805517e-10
angular_even_odd,direct_110,1.15,0.55,0.1808025030565611,0.40785345898772307,4.3379088816056175,-0.670481946196904,-1.6878049358818161,2.863782463805517e-10
angular_even_odd,direct_110,1.15,0.6000000000000001,0.17460247196531337,0.39386745722531524,4.779920416205005,-1.2643333305061657,-1.546285965284311,2.863782463805517e-10
angular_even_odd,direct_110,1.15,0.65,0.16505180739216943,0.3723231117879643,5.451109389505536,-1.7169763775257563,-1.3190090020430598,2.863782463805517e-10
angular_even_odd,direct_110,1.15,0.7000000000000001,0.15319807712009723,0.3455835212865003,6.267569198848163,-1.9847215192405239,-1.0169541204779355,2.863782463805517e-10
angular_even_odd,direct_110,1.15,0.75,0.1402885258894974,0.31646221469854763,7.135499033165619,-2.0485220160981648,-0.6522665020695355,2.863782463805517e-10
angular_even_odd,direct_110,1.15,0.8,0.12761528465884864,0.2878739751270582,7.965583787955309,-1.9127277334204649,-0.2361585364999903,2.863782463805517e-10
angular_even_odd,direct_110,1.15,0.8500000000000001,0.1163803219927398,0.2625301977594575,8.682939802787097,-1.600460737741323,0.22242013276631423,2.863782463805517e-10
angular_even_odd,direct_110,1.15,0.9,0.10759469624602533,0.24271162340571567,9.231581564345964,-1.1477840079751733,0.7154849184584249,2.863782463805517e-10
angular_even_odd,direct_110,1.15,0.9500000000000001,0.10201375638738527,0.23012216481267436,9.574411334733753,-0.598433660547969,1.2202624734735117,2.863782463805517e-10
angular_even_odd,direct_110,1.15,1.0,0.10010139941892512,0.22580827871474934,9.690860623147941,-9.763184394786915e-16,1.540330033358789,2.863782463805517e-10
angular_even_odd,direct_110,1.2,0.0,0.15171781961790104,0.34224436318715484,10.12331777274445,5.0502470550179094e-17,0.471049799592298,2.863782463805517e-10
angular_even_odd,direct_110,1.2,0.05,0.15312484904834367,0.34541833373735253,10.041724579032957,0.4400544053298489,0.329378710966994,2.863782463805517e-10
angular_even_odd,direct_110,1.2,0.1,0.15722205909773576,0.3546608014166914,9.80279392835552,0.8412646551308478,0.07227118725369164,2.863782463805517e-10
angular_even_odd,direct_110,1.2,0.15000000000000002,0.16364503987901008,0.3691497320695756,9.42424028589586,1.1670865381114202,-0.190889329742634,2.863782463805517e-10
angular_even_odd,direct_110,1.2,0.2,0.17181137801961996,0.3875713202755152,8.9359081592553,1.385833304424032,-0.43727307024178214,2.863782463805517e-10
angular_even_odd,direct_110,1.2,0.25,0.18096061233699823,0.408210121178977,8.37947931865878,1.4736101740109129,-0.6590365257490082,2.863782463805517e-10
angular_even_odd,direct_110,1.2,0.30000000000000004,0.19021369723034248,0.42908318773645104,7.80675091394938,1.4174717488345632,-0.8507795087937728,2.863782463805517e-10
angular_even_odd,direct_110,1.2,0.35000000000000003,0.1986519484780276,0.44811815628497387,7.275739074334235,1.2182864558101298,-1.0073484203056096,2.863782463805517e-10
angular_even_odd,direct_110,1.2,0.4,0.20541108988515333,0.46336539653928044,6.844416604256851,0.892474263291556,-1.123726682454895,2.863782463805517e-10
angular_even_odd,direct_110,1.2,0.45,0.20978030614838483,0.47322145459101495,6.56278390905135,0.4717085292372732,-1.1955622216955661,2.863782463805517e-10
angular_even_odd,direct_110,1.2,0.5,0.21129124369793736,0.4766298206007856,6.464877349567861,3.7334606491992737e-16,-1.2198635845940928,2.863782463805517e-10
angular_even_odd,direct_110,1.2,0.55,0.2097803061483849,0.4732214545910151,6.562783909051354,-0.4717085292372725,-1.1955622216955661,2.863782463805517e-10
angular_even_odd,direct_110,1.2,0.6000000000000001,0.20541108988515333,0.46336539653928044,6.844416604256853,-0.8924742632915564,-1.1237266824548948,2.863782463805517e-10
angular_even_odd,direct_110,1.2,0.65,0.1986519484780276,0.44811815628497387,7.275739074334231,-1.2182864558101296,-1.0073484203056104,2.863782463805517e-10
angular_even_odd,direct_110,1.2,0.7000000000000001,0.19021369723034248,0.42908318773645104,7.806750913949384,-1.4174717488345636,-0.8507795087937722,2.863782463805517e-10
angular_even_odd,direct_110,1.2,0.75,0.18096061233699823,0.408210121178977,8.379479318658774,-1.4736101740109129,-0.659036525749009,2.863782463805517e-10
angular_even_odd,direct_110,1.2,0.8,0.17181137801962018,0.3875713202755157,8.9359081592553,-1.385833304424032,-0.4372730702417844,2.863782463805517e-10
angular_even_odd,direct_110,1.2,0.8500000000000001,0.1636450398790101,0.36914973206957563,9.424240285895861,-1.1670865381114204,-0.19088932974263412,2.863782463805517e-10
angular_even_odd,direct_110,1.2,0.9,0.1572220590977358,0.35466080141669143,9.802793928355515,-0.8412646551308497,0.07227118725368747,2.863782463805517e-10
angular_even_odd,direct_110,1.2,0.9500000000000001,0.15312484904834378,0.34541833373735276,10.041724579032964,-0.44005440532984824,0.3293787109669932,2.863782463805517e-10
angular_even_odd,direct_110,1.2,1.0,0.15171781961790115,0.3422443631871551,10.123317772744446,-6.594146013244772e-16,0.471049799592298,2.863782463805517e-10
angular_even_odd,direct_110,1.25,0.0,0.2042508681441813,0.4607481736455234,10.095787916813816,-5.943118399342849e-17,-0.5239204381730334,2.863782463805517e-10
angular_even_odd,direct_110,1.25,0.05,0.2052948586225831,0.4631032025890841,10.035747030939751,0.3264027382723201,-0.5381772493225183,2.863782463805517e-10
angular_even_odd,direct_110,1.25,0.1,0.2083309220316398,0.4699519405332842,9.860556327287979,0.6227738162505546,-0.576562739939215,2.863782463805517e-10
angular_even_odd,direct_110,1.25,0.15000000000000002,0.21307846289117438,0.4806614214780308,9.584862330134698,0.8613295437979881,-0.6291996441729835,2.863782463805517e-10
angular_even_odd,direct_110,1.25,0.2,0.21909363589354156,0.4942304212095088,9.232487461296794,1.0187931530423493,-0.6862860446420652,2.863782463805517e-10
angular_even_odd,direct_110,1.25,0.25,0.2258050462050658,0.5093699898767895,8.835261874188063,1.0786126736245518,-0.7408568135263545,2.863782463805517e-10
angular_even_odd,direct_110,1.25,0.30000000000000004,0.23256298883507204,0.5246145259351558,8.430932683431198,1.0329692411135256,-0.7887847689097395,2.863782463805517e-10
angular_even_odd,direct_110,1.25,0.35000000000000003,0.2386999933504753,0.5384583526362025,8.059958351154947,0.8842692036582785,-0.8277954246322425,2.863782463805517e-10
angular_even_odd,direct_110,1.25,0.4,0.24359814288576465,0.5495075759424856,7.761270177401558,0.6457162790376858,-0.8565588613301178,2.863782463805517e-10
angular_even_odd,direct_110,1.25,0.45,0.2467560647386136,0.5566312016065309,7.567473577750403,0.3405833615743951,-0.8741940632953743,2.863782463805517e-10
angular_even_odd,direct_110,1.25,0.5,0.24784660417961635,0.5590912354869046,7.500325112686796,3.1652743469599037e-16,-0.8801390736187947,2.863782463805517e-10
angular_even_odd,direct_110,1.25,0.55,0.2467560647386136,0.5566312016065309,7.567473577750402,-0.34058336157439456,-0.8741940632953739,2.863782463805517e-10
angular_even_odd,direct_110,1.25,0.6000000000000001,0.24359814288576465,0.5495075759424856,7.761270177401558,-0.6457162790376856,-0.8565588613301174,2.863782463805517e-10
angular_even_odd,direct_110,1.25,0.65,0.23869999335047482,0.5384583526362013,8.059958351154942,-0.8842692036582781,-0.8277954246322421,2.863782463805517e-10
angular_even_odd,direct_110,1.25,0.7000000000000001,0.23256298883507204,0.5246145259351558,8.430932683431198,-1.0329692411135265,-0.7887847689097389,2.863782463805517e-10
angular_even_odd,direct_110,1.25,0.75,0.2258050462050658,0.5093699898767895,8.835261874188063,-1.0786126736245523,-0.7408568135263547,2.863782463805517e-10
angular_even_odd,direct_110,1.25,0.8,0.21909363589354156,0.4942304212095088,9.23248746129679,-1.0187931530423493,-0.6862860446420672,2.863782463805517e-10
angular_even_odd,direct_110,1.25,0.8500000000000001,0.21307846289117438,0.4806614214780308,9.584862330134698,-0.8613295437979883,-0.6291996441729832,2.863782463805517e-10
angular_even_odd,direct_110,1.25,0.9,0.20833092203163983,0.4699519405332843,9.860556327287979,-0.6227738162505562,-0.5765627399392164,2.863782463805517e-10
angular_even_odd,direct_110,1.25,0.9500000000000001,0.2052948586225831,0.4631032025890841,10.035747030939755,-0.3264027382723195,-0.5381772493225199,2.863782463805517e-10
angular_even_odd,direct_110,1.25,1.0,0.20425086814418142,0.4607481736455237,10.09578791681382,-4.724721697592527e-16,-0.5239204381730351,2.863782463805517e-10
angular_even_odd,direct_110,1.3,0.0,0.25598391019251393,0.5774473331520107,9.843137584058175,-1.9630559437030307e-17,-0.9837495092694457,2.863782463805517e-10
angular_even_odd,direct_110,1.3,0.05,0.25675684040410596,0.5791909055861563,9.797747653118513,0.2416082911652643,-0.9785464813346083,2.863782463805517e-10
angular_even_odd,direct_110,1.3,0.1,0.2590028901965438,0.5842575344293303,9.665596474687467,0.4604570515873827,-0.9624975673758016,2.863782463805517e-10
angular_even_odd,direct_110,1.3,0.15000000000000002,0.2625098936939039,0.59216861686956,9.458498644743152,0.6356893191210883,-0.9347266818173198,2.863782463805517e-10
angular_even_odd,direct_110,1.3,0.2,0.26694420201000224,0.6021715092762705,9.19531455963221,0.7501791878974609,-0.8950123465214854,2.863782463805517e-10
angular_even_odd,direct_110,1.3,0.25,0.27187974271697957,0.613305079416534,8.900627326504358,0.7921861999870574,-0.8449624601432387,2.863782463805517e-10
angular_even_odd,direct_110,1.3,0.30000000000000004,0.2768366597444781,0.6244868701628045,8.602789787275277,0.7566914467151521,-0.7886985803162188,2.863782463805517e-10
angular_even_odd,direct_110,1.3,0.35000000000000003,0.28132693441318446,0.6346160112116093,8.331357518132716,0.646227034347442,-0.7326992734345041,2.863782463805517e-10
angular_even_odd,direct_110,1.3,0.4,0.28490312096473874,0.6426831564688876,8.11406322083933,0.47099558154379895,-0.6847656788553191,2.863782463805517e-10
angular_even_odd,direct_110,1.3,0.45,0.28720514493777705,0.6478760516125053,7.97366199567617,0.24812186824388735,-0.6523774563433306,2.863782463805517e-10
angular_even_odd,direct_110,1.3,0.5,0.28799945630786117,0.6496678555661305,7.925120607423019,2.5904701216875976e-16,-0.6409268507169221,2.863782463805517e-10
angular_even_odd,direct_110,1.3,0.55,0.28720514493777705,0.6478760516125053,7.97366199567617,-0.2481218682438869,-0.6523774563433304,2.863782463805517e-10
angular_even_odd,direct_110,1.3,0.6000000000000001,0.28490312096473874,0.6426831564688876,8.114063220839327,-0.47099558154379917,-0.68476567885532,2.863782463805517e-10
angular_even_odd,direct_110,1.3,0.65,0.28132693441318446,0.6346160112116093,8.33135751813271,-0.6462270343474418,-0.732699273434503,2.863782463805517e-10
angular_even_odd,direct_110,1.3,0.7000000000000001,0.27683665974447796,0.6244868701628044,8.602789787275277,-0.7566914467151524,-0.7886985803162182,2.863782463805517e-10
angular_even_odd,direct_110,1.3,0.75,0.27187974271697957,0.613305079416534,8.900627326504358,-0.7921861999870574,-0.8449624601432387,2.863782463805517e-10
angular_even_odd,direct_110,1.3,0.8,0.26694420201000224,0.6021715092762705,9.19531455963221,-0.7501791878974609,-0.8950123465214854,2.863782463805517e-10
angular_even_odd,direct_110,1.3,0.8500000000000001,0.2625098936939039,0.59216861686956,9.458498644743152,-0.6356893191210885,-0.9347266818173214,2.863782463805517e-10
angular_even_odd,direct_110,1.3,0.9,0.2590028901965438,0.5842575344293303,9.665596474687462,-0.46045705158738376,-0.9624975673758015,2.863782463805517e-10
angular_even_odd,direct_110,1.3,0.9500000000000001,0.25675684040410596,0.5791909055861563,9.797747653118513,-0.24160829116526408,-0.9785464813346091,2.863782463805517e-10
angular_even_odd,direct_110,1.3,1.0,0.25598391019251393,0.5774473331520107,9.843137584058178,-3.9877226279448977e-16,-0.9837495092694457,2.863782463805517e-10
angular_even_odd,direct_110,1.35,0.0,0.30611512396823626,0.6905330957715973,9.492412058120605,2.069182658103018e-17,-1.1665027577917062,2.863782463805517e-10
angular_even_odd,direct_110,1.35,0.05,0.3066819861745016,0.6918118209423567,9.457783283376743,0.17717345470138787,-1.1564974517228335,2.863782463805517e-10
angular_even_odd,direct_110,1.35,0.1,0.3083284777431501,0.6955259690880676,9.357091693916798,0.33742897617109824,-1.1263155457083984,2.863782463805517e-10
angular_even_odd,direct_110,1.35,0.15000000000000002,0.3108970951034682,0.7013202443746985,9.199679608671127,0.4653477545023995,-1.0756878178612543,2.863782463805517e-10
angular_even_odd,direct_110,1.35,0.2,0.3141409839490566,0.7086377939875546,9.00031083225564,0.5484180130451982,-1.0048477675235268,2.863782463805517e-10
angular_even_odd,direct_110,1.35,0.25,0.3177463833754891,0.7167708375142962,8.777965931306788,0.5782517495887037,-0.9153274391000511,2.863782463805517e-10
angular_even_odd,direct_110,1.35,0.30000000000000004,0.3213618917867427,0.7249266848427354,8.554189766961567,0.5514976835900793,-0.8107850814525861,2.863782463805517e-10
angular_even_odd,direct_110,1.35,0.35000000000000003,0.32463224700444016,0.7323039371766767,8.351073726843833,0.4703309585531514,-0.697929363281068,2.863782463805517e-10
angular_even_odd,direct_110,1.35,0.4,0.3272335800122591,0.7381720122712234,8.189029433959895,0.34241241808784134,-0.5881195509935554,2.863782463805517e-10
angular_even_odd,direct_110,1.35,0.45,0.32890654023845023,0.7419458682934903,8.084590038795662,0.18025351012152618,-0.5008058012697767,2.863782463805517e-10
angular_even_odd,direct_110,1.35,0.5,0.3294835128420247,0.7432474004522314,8.048529665679794,1.5942894140588372e-16,-0.4654988169224069,2.863782463805517e-10
angular_even_odd,direct_110,1.35,0.55,0.32890654023845023,0.7419458682934903,8.084590038795662,-0.18025351012152582,-0.5008058012697761,2.863782463805517e-10
angular_even_odd,direct_110,1.35,0.6000000000000001,0.3272335800122591,0.7381720122712234,8.189029433959895,-0.34241241808784173,-0.5881195509935555,2.863782463805517e-10
angular_even_odd,direct_110,1.35,0.65,0.3246322470044402,0.7323039371766769,8.351073726843826,-0.4703309585531511,-0.6979293632810677,2.863782463805517e-10
angular_even_odd,direct_110,1.35,0.7000000000000001,0.32136189178674257,0.7249266848427351,8.554189766961567,-0.5514976835900791,-0.8107850814525861,2.863782463805517e-10
angular_even_odd,direct_110,1.35,0.75,0.3177463833754892,0.7167708375142964,8.777965931306788,-0.578251749588704,-0.9153274391000512,2.863782463805517e-10
angular_even_odd,direct_110,1.35,0.8,0.3141409839490566,0.7086377939875546,9.00031083225564,-0.5484180130451982,-1.004847767523528,2.863782463805517e-10
angular_even_odd,direct_110,1.35,0.8500000000000001,0.3108970951034682,0.7013202443746985,9.199679608671127,-0.46534775450239974,-1.0756878178612543,2.863782463805517e-10
angular_even_odd,direct_110,1.35,0.9,0.3083284777431501,0.6955259690880676,9.357091693916797,-0.33742897617109924,-1.126315545708396,2.863782463805517e-10
angular_even_odd,direct_110,1.35,0.9500000000000001,0.3066819861745016,0.6918118209423567,9.457783283376747,-0.17717345470138768,-1.1564974517228344,2.863782463805517e-10
angular_even_odd,direct_110,1.35,1.0,0.30611512396823626,0.6905330957715973,9.492412058120605,-3.229811359875197e-16,-1.1665027577917062,2.863782463805517e-10
angular_even_odd,direct_110,1.4,0.0,0.3543192464298428,0.7992717346237577,9.106198740873198,4.9405706480479156e-17,-1.2229597218832309,2.863782463805517e-10
angular_even_odd,direct_110,1.4,0.05,0.35472899587188145,0.8001960455399704,9.079858884658877,0.12805877682958666,-1.2117335574194126,2.863782463805517e-10
angular_even_odd,direct_110,1.4,0.1,0.3559188190427478,0.8028800432038179,9.003325441482314,0.2437908393958131,-1.1781284903680604,2.863782463805517e-10
angular_even_odd,direct_110,1.4,0.15000000000000002,0.3577740451815228,0.8070650538375871,8.883847325457616,0.3359984008563885,-1.122463510208653,2.863782463805517e-10
angular_even_odd,direct_110,1.4,0.2,0.3601153109017531,0.8123464703349383,8.732816480823784,0.3956590956472913,-1.0455597569478625,2.863782463805517e-10
angular_even_odd,direct_110,1.4,0.25,0.36271527299939377,0.8182114529365786,8.5647665432835,0.4168062471046217,-0.9490538417860966,2.863782463805517e-10
angular_even_odd,direct_110,1.4,0.30000000000000004,0.3653201588671527,0.8240875425563189,8.396046214032369,0.3971591023730954,-0.8356482730063974,2.863782463805517e-10
angular_even_odd,direct_110,1.4,0.35000000000000003,0.3676743153918606,0.8293980380714182,8.24326021216787,0.3384255191214064,-0.7092124306881418,2.863782463805517e-10
angular_even_odd,direct_110,1.4,0.4,0.36954547585523034,0.8336189932816882,8.121612504602446,0.24621802737480566,-0.5747535216849164,2.863782463805517e-10
angular_even_odd,direct_110,1.4,0.45,0.3707481905004022,0.8363320714742787,8.043323745800972,0.1295588963549706,-0.4388460211735104,2.863782463805517e-10
angular_even_odd,direct_110,1.4,0.5,0.37116286412652666,0.8372674903424174,8.016313399982721,5.769782667482368e-17,-0.3345318739692722,2.863782463805517e-10
angular_even_odd,direct_110,1.4,0.55,0.3707481905004022,0.8363320714742787,8.043323745800972,-0.1295588963549703,-0.4388460211735101,2.863782463805517e-10
angular_even_odd,direct_110,1.4,0.6000000000000001,0.36954547585523034,0.8336189932816882,8.121612504602446,-0.24621802737480583,-0.5747535216849163,2.863782463805517e-10
angular_even_odd,direct_110,1.4,0.65,0.3676743153918606,0.8293980380714182,8.243260212167874,-0.33842551912140617,-0.7092124306881384,2.863782463805517e-10
angular_even_odd,direct_110,1.4,0.7000000000000001,0.3653201588671527,0.8240875425563189,8.396046214032369,-0.39715910237309576,-0.8356482730063975,2.863782463805517e-10
angular_even_odd,direct_110,1.4,0.75,0.36271527299939377,0.8182114529365786,8.5647665432835,-0.4168062471046217,-0.949053841786098,2.863782463805517e-10
angular_even_odd,direct_110,1.4,0.8,0.3601153109017531,0.8123464703349383,8.732816480823788,-0.39565909564729146,-1.0455597569478625,2.863782463805517e-10
angular_even_odd,direct_110,1.4,0.8500000000000001,0.35777404518152284,0.8070650538375872,8.883847325457616,-0.33599840085638844,-1.1224635102086522,2.863782463805517e-10
angular_even_odd,direct_110,1.4,0.9,0.3559188190427478,0.8028800432038179,9.003325441482323,-0.24379083939581386,-1.1781284903680511,2.863782463805517e-10
angular_even_odd,direct_110,1.4,0.9500000000000001,0.35472899587188145,0.8001960455399704,9.079858884658877,-0.12805877682958655,-1.2117335574194135,2.863782463805517e-10
angular_even_odd,direct_110,1.4,1.0,0.3543192464298428,0.7992717346237577,9.106198740873198,-2.2142670639106005e-16,-1.2229597218832309,2.863782463805517e-10
angular_even_odd,direct_110,1.45,0.0,0.40049086320719013,0.9034254564547307,8.71038116999673,-2.3673759350696233e-17,-1.235894090803081,2.863782463805517e-10
angular_even_odd,direct_110,1.45,0.05,0.4007816473114721,0.9040814059064534,8.690555522912614,0.09087469968909061,-1.2248381422078394,2.863782463805517e-10
angular_even_odd,direct_110,1.45,0.1,0.40162587932789984,0.9059858206256485,8.632974199895523,0.17295872320134614,-1.1919459089512783,2.863782463805517e-10
angular_even_odd,direct_110,1.45,0.15000000000000002,0.4029418221475697,0.9089543184161049,8.543155228167173,0.23828258006267344,-1.1380845387712317,2.863782463805517e-10
angular_even_odd,direct_110,1.45,0.2,0.40460178357248616,0.9126988518019429,8.429743088581052,0.2804532001013108,-1.0648197487236533,2.863782463805517e-10
angular_even_odd,direct_110,1.45,0.25,0.40644419122583175,0.9168549465549419,8.303718159292933,0.29527868037433824,-0.974557892767417,2.863782463805517e-10
angular_even_odd,direct_110,1.45,0.30000000000000004,0.4082890576275121,0.9210165877411826,8.177368324975964,0.28120224650700876,-0.8707068150287716,2.863782463805517e-10
angular_even_odd,direct_110,1.45,0.35000000000000003,0.4099554561999802,0.9247756420150091,8.063105558623416,0.2394945791885196,-0.7579410602516627,2.863782463805517e-10
angular_even_odd,direct_110,1.45,0.4,0.411279355893323,0.9277620888846839,7.97223512567241,0.17417074282411998,-0.6430957007862521,2.863782463805517e-10
angular_even_odd,direct_110,1.45,0.45,0.41213002525424713,0.9296810249361348,7.913803129425497,0.0916237792595136,-0.5395953335978455,2.863782463805517e-10
angular_even_odd,direct_110,1.45,0.5,0.412423268228574,0.9303425210956523,7.89365254859659,1.138792227230931e-16,-0.48823105435514913,2.863782463805517e-10
angular_even_odd,direct_110,1.45,0.55,0.41213002525424713,0.9296810249361348,7.913803129425493,-0.09162377925951343,-0.5395953335978462,2.863782463805517e-10
angular_even_odd,direct_110,1.45,0.6000000000000001,0.411279355893323,0.9277620888846839,7.97223512567241,-0.1741707428241202,-0.6430957007862514,2.863782463805517e-10
angular_even_odd,direct_110,1.45,0.65,0.4099554561999802,0.9247756420150091,8.063105558623414,-0.2394945791885196,-0.7579410602516619,2.863782463805517e-10
angular_even_odd,direct_110,1.45,0.7000000000000001,0.40828905762751233,0.9210165877411831,8.177368324975964,-0.2812022465070092,-0.8707068150287719,2.863782463805517e-10
angular_even_odd,direct_110,1.45,0.75,0.40644419122583175,0.9168549465549419,8.303718159292933,-0.29527868037433813,-0.974557892767417,2.863782463805517e-10
angular_even_odd,direct_110,1.45,0.8,0.40460178357248616,0.9126988518019429,8.429743088581052,-0.2804532001013108,-1.0648197487236533,2.863782463805517e-10
angular_even_odd,direct_110,1.45,0.8500000000000001,0.4029418221475697,0.9089543184161049,8.543155228167173,-0.23828258006267355,-1.1380845387712304,2.863782463805517e-10
angular_even_odd,direct_110,1.45,0.9,0.40162587932789984,0.9059858206256485,8.632974199895523,-0.17295872320134667,-1.1919459089512783,2.863782463805517e-10
angular_even_odd,direct_110,1.45,0.9500000000000001,0.4007816473114721,0.9040814059064534,8.690555522912618,-0.09087469968909066,-1.2248381422078376,2.863782463805517e-10
angular_even_odd,direct_110,1.45,1.0,0.40049086320719,0.9034254564547304,8.710381169996722,-1.6202478169934836e-16,-1.235894090803081,2.863782463805517e-10
angular_even_odd,direct_110,1.5,0.0,0.44460287121642583,1.0029331222519937,8.311539070598748,-5.835731110548972e-18,-1.2460722198144687,2.863782463805517e-10
angular_even_odd,direct_110,1.5,0.05,0.4448047246932988,1.003388462401381,8.296839640049924,0.0630807001500664,-1.2359454275276955,2.863782463805517e-10
angular_even_odd,direct_110,1.5,0.1,0.4453907013140283,1.0047103057808153,8.254157514282372,0.12003996543866405,-1.2059767036980797,2.863782463805517e-10
angular_even_odd,direct_110,1.5,0.15000000000000002,0.4463039006772287,1.0067702967252445,8.187611069605621,0.16533545041019526,-1.1574191439441166,2.863782463805517e-10
angular_even_odd,direct_110,1.5,0.2,0.44745550216457997,1.0093680740903326,8.103640160266044,0.19453377856356077,-1.092423322592742,2.863782463805517e-10
angular_even_odd,direct_110,1.5,0.25,0.4487332431022931,1.0122503962502947,8.010403797629648,0.20474413409420897,-1.0141446067762903,2.863782463805517e-10
angular_even_odd,direct_110,1.5,0.30000000000000004,0.45001223025404546,1.0151355296141833,7.917004710702743,0.19491343154189317,-0.9269572016212038,2.863782463805517e-10
angular_even_odd,direct_110,1.5,0.35000000000000003,0.4511670943900523,1.0177406668471778,7.8326077794149365,0.16594974672020746,-0.8369416823355609,2.863782463805517e-10
angular_even_odd,direct_110,1.5,0.4,0.4520843266446378,1.019809755169538,7.765534734200654,0.120654267789534,-0.7530342466101007,2.863782463805517e-10
angular_even_odd,direct_110,1.5,0.45,0.45267356597206365,1.0211389585478068,7.7224265728131165,0.06346036290271172,-0.6891703181919742,2.863782463805517e-10
angular_even_odd,direct_110,1.5,0.5,0.4528766656988531,1.0215971099820522,7.707564409524095,6.362419325074577e-17,-0.6642596913905772,2.863782463805517e-10
angular_even_odd,direct_110,1.5,0.55,0.45267356597206365,1.0211389585478068,7.722426572813113,-0.06346036290271162,-0.6891703181919742,2.863782463805517e-10
angular_even_odd,direct_110,1.5,0.6000000000000001,0.4520843266446378,1.019809755169538,7.765534734200654,-0.12065426778953406,-0.7530342466101007,2.863782463805517e-10
angular_even_odd,direct_110,1.5,0.65,0.4511670943900523,1.0177406668471778,7.832607779414941,-0.16594974672020726,-0.8369416823355595,2.863782463805517e-10
angular_even_odd,direct_110,1.5,0.7000000000000001,0.45001223025404546,1.0151355296141833,7.917004710702743,-0.19491343154189322,-0.9269572016212038,2.863782463805517e-10
angular_even_odd,direct_110,1.5,0.75,0.4487332431022931,1.0122503962502947,8.010403797629644,-0.20474413409420888,-1.0141446067762903,2.863782463805517e-10
angular_even_odd,direct_110,1.5,0.8,0.44745550216457963,1.009368074090332,8.10364016026604,-0.19453377856356088,-1.0924233225927402,2.863782463805517e-10
angular_even_odd,direct_110,1.5,0.8500000000000001,0.4463039006772287,1.0067702967252445,8.187611069605621,-0.1653354504101952,-1.1574191439441173,2.863782463805517e-10
angular_even_odd,direct_110,1.5,0.9,0.4453907013140283,1.0047103057808153,8.254157514282372,-0.12003996543866444,-1.20597670369808,2.863782463805517e-10
angular_even_odd,direct_110,1.5,0.9500000000000001,0.4448047246932988,1.003388462401381,8.296839640049924,-0.06308070015006637,-1.2359454275276942,2.863782463805517e-10
angular_even_odd,direct_110,1.5,1.0,0.44460287121642583,1.0029331222519937,8.311539070598752,-1.3374748605426831e-16,-1.246072219814467,2.863782463805517e-10
angular_even_odd,direct_110,1.75,0.0,0.6328892466009026,1.427668666188552,6.16059671017587,-1.4699719290327767e-17,-1.4543418688356746,2.863782463805517e-10
angular_even_odd,direct_110,1.75,0.05,0.6329069467251521,1.427708594047833,6.1582164644238615,0.005531071918894964,-1.451209752631166,2.863782463805517e-10
angular_even_odd,direct_110,1.75,0.1,0.6329583172332369,1.4278244754048837,6.151307936729711,0.010521560883224949,-1.4420930927148974,2.863782463805517e-10
angular_even_odd,direct_110,1.75,0.15000000000000002,0.6330383368164028,1.4280049832143953,6.140545324656732,0.014483481233842304,-1.42781213860549,2.863782463805517e-10
angular_even_odd,direct_110,1.75,0.2,0.6331391815014549,1.4282324681934397,6.126979602549451,0.017029014287899234,-1.4096710190711352,2.863782463805517e-10
angular_even_odd,direct_110,1.75,0.25,0.6332509871208754,1.4284846787980718,6.1119366156432635,0.017908469348899766,-1.389362590759728,2.863782463805517e-10
angular_even_odd,direct_110,1.75,0.30000000000000004,0.633362812130109,1.428736933142156,6.096888085058915,0.017034921292778143,-1.3688343809393944,2.863782463805517e-10
angular_even_odd,direct_110,1.75,0.35000000000000003,0.6334637075784021,1.4289645326326872,6.083307849404388,0.014493038979301051,-1.3501170575934163,2.863782463805517e-10
angular_even_odd,direct_110,1.75,0.4,0.6335437899084686,1.42914518198637,6.072527297581566,0.010531118642024436,-1.3351222523503181,2.863782463805517e-10
angular_even_odd,direct_110,1.75,0.45,0.6335952111799151,1.4292611778551798,6.065604256309639,0.005536978945359806,-1.3254267534408175,2.863782463805517e-10
angular_even_odd,direct_110,1.75,0.5,0.6336129306940577,1.4293011494540928,6.063218466860618,2.522892216802337e-17,-1.3220732270739681,2.863782463805517e-10
angular_even_odd,direct_110,1.75,0.55,0.6335952111799151,1.4292611778551798,6.065604256309639,-0.005536978945359771,-1.3254267534408175,2.863782463805517e-10
angular_even_odd,direct_110,1.75,0.6000000000000001,0.6335437899084686,1.42914518198637,6.072527297581566,-0.010531118642024436,-1.3351222523503181,2.863782463805517e-10
angular_even_odd,direct_110,1.75,0.65,0.6334637075784021,1.4289645326326872,6.083307849404388,-0.014493038979300956,-1.3501170575934163,2.863782463805517e-10
angular_even_odd,direct_110,1.75,0.7000000000000001,0.633362812130109,1.428736933142156,6.096888085058915,-0.017034921292778143,-1.3688343809393944,2.863782463805517e-10
angular_even_odd,direct_110,1.75,0.75,0.6332509871208754,1.4284846787980718,6.1119366156432635,-0.017908469348899794,-1.389362590759728,2.863782463805517e-10
angular_even_odd,direct_110,1.75,0.8,0.6331391815014549,1.4282324681934397,6.126979602549451,-0.017029014287899314,-1.4096710190711348,2.863782463805517e-10
angular_even_odd,direct_110,1.75,0.8500000000000001,0.6330383368164028,1.4280049832143953,6.140545324656732,-0.01448348123384229,-1.42781213860549,2.863782463805517e-10
angular_even_odd,direct_110,1.75,0.9,0.6329583172332369,1.4278244754048837,6.151307936729711,-0.010521560883225005,-1.4420930927148978,2.863782463805517e-10
angular_even_odd,direct_110,1.75,0.9500000000000001,0.632906946725152,1.427708594047833,6.1582164644238615,-0.005531071918894943,-1.451209752631166,2.863782463805517e-10
angular_even_odd,direct_110,1.75,1.0,0.6328892466009026,1.427668666188552,6.16059671017587,-2.2624177604009287e-17,-1.4543418688356744,2.863782463805517e-10
angular_even_odd,direct_110,2.0,0.0,0.7614104094494094,1.7175861171902669,3.7552028919342315,-4.898403078310489e-19,-1.4644559258991163,2.863782463805517e-10
angular_even_odd,direct_110,2.0,0.05,0.7614059094122126,1.7175759660269518,3.755134530143345,-0.001406218547160935,-1.464065518738046,2.863782463805517e-10
angular_even_odd,direct_110,2.0,0.1,0.7613928486599799,1.7175465036418356,3.7549361853560668,-0.0026751325917657017,-1.4629324786154638,2.863782463805517e-10
angular_even_odd,direct_110,2.0,0.15000000000000002,0.7613725026969337,1.7175006073115053,3.7546274008598397,-0.0036827458308358574,-1.4611676253691595,2.863782463805517e-10
angular_even_odd,direct_110,2.0,0.2,0.761346859452374,1.7174427613977787,3.754238560769276,-0.004330426106113205,-1.4589436040328425,2.863782463805517e-10
angular_even_odd,direct_110,2.0,0.25,0.7613184260920468,1.7173786215536722,3.753807855427769,-0.004554560168959329,-1.4564780276814902,2.863782463805517e-10
angular_even_odd,direct_110,2.0,0.30000000000000004,0.7612899847351398,1.7173144636709177,3.753377494188891,-0.004332862220662623,-1.4540122101592976,2.863782463805517e-10
angular_even_odd,direct_110,2.0,0.35000000000000003,0.761264320555274,1.7172565705314236,3.7529895549706995,-0.0036866875469599293,-1.45178755743013,2.863782463805517e-10
angular_even_odd,direct_110,2.0,0.4,0.7612439487147549,1.7172106158268083,3.7526818840139162,-0.0026790743078682214,-1.450021923740545,2.863782463805517e-10
angular_even_odd,direct_110,2.0,0.45,0.7612308670272083,1.7171811062159068,3.7524844400989488,-0.001408654661675517,-1.4488882522270667,2.863782463805517e-10
angular_even_odd,direct_110,2.0,0.5,0.7612263589934285,1.717170937013936,3.752416422410668,2.992613442517549e-18,-1.4484976038963646,2.863782463805517e-10
angular_even_odd,direct_110,2.0,0.55,0.7612308670272083,1.7171811062159068,3.7524844400989488,0.0014086546616755256,-1.4488882522270667,2.863782463805517e-10
angular_even_odd,direct_110,2.0,0.6000000000000001,0.7612439487147549,1.7172106158268083,3.7526818840139162,0.0026790743078682145,-1.450021923740545,2.863782463805517e-10
angular_even_odd,direct_110,2.0,0.65,0.761264320555274,1.7172565705314236,3.7529895549706995,0.003686687546959953,-1.4517875574301309,2.863782463805517e-10
angular_even_odd,direct_110,2.0,0.7000000000000001,0.7612899847351398,1.7173144636709177,3.753377494188891,0.004332862220662651,-1.4540122101592976,2.863782463805517e-10
angular_even_odd,direct_110,2.0,0.75,0.7613184260920468,1.7173786215536722,3.753807855427769,0.004554560168959329,-1.4564780276814902,2.863782463805517e-10
angular_even_odd,direct_110,2.0,0.8,0.761346859452374,1.7174427613977787,3.754238560769276,0.004330426106113199,-1.4589436040328425,2.863782463805517e-10
angular_even_odd,direct_110,2.0,0.8500000000000001,0.7613725026969337,1.7175006073115053,3.7546274008598397,0.0036827458308358574,-1.4611676253691595,2.863782463805517e-10
angular_even_odd,direct_110,2.0,0.9,0.7613928486599799,1.7175465036418356,3.7549361853560668,0.0026751325917656983,-1.4629324786154638,2.863782463805517e-10
angular_even_odd,direct_110,2.0,0.9500000000000001,0.7614059094122126,1.7175759660269518,3.755134530143345,0.0014062185471609297,-1.464065518738046,2.863782463805517e-10
angular_even_odd,direct_110,2.0,1.0,0.7614104094494094,1.7175861171902669,3.7552028919342315,-3.2300790703078647e-19,-1.4644559258991163,2.863782463805517e-10
angular_even_odd,shockley_112,0.9,0.0,0.11595283366184186,0.2615658715389346,-27.22133545099626,6.872553609710032e-15,13.231923528844476,2.863782463805517e-10
angular_even_odd,shockley_112,0.9,0.016666666666666666,0.12106910477303742,0.2731071324979562,-27.77697198379463,2.6847053149881703,10.033064526138036,2.863782463805517e-10
angular_even_odd,shockley_112,0.9,0.03333333333333333,0.13485533689314827,0.3042060518245093,-29.251465966751944,4.73459053209517,6.654365000275205,2.863782463805517e-10
angular_even_odd,shockley_112,0.9,0.05,0.15501691648783786,0.3496864508086872,-31.372624005918006,6.1666041650799075,3.5009916020553966,2.863782463805517e-10
angular_even_odd,shockley_112,0.9,0.06666666666666667,0.17932004997262596,0.4045093481051386,-33.885413213095525,6.998029821107063,0.7250555818882005,2.863782463805517e-10
angular_even_odd,shockley_112,0.9,0.08333333333333333,0.2056051788423176,0.46380322152064146,-36.54928556141887,7.253282860753533,-1.6387199083215935,2.863782463805517e-10
angular_even_odd,shockley_112,0.9,0.1,0.2318258711481667,0.5229517392303096,-39.13973589811664,6.970740237205746,-3.5944833425960296,2.863782463805517e-10
angular_even_odd,shockley_112,0.9,0.11666666666666667,0.25611040548958697,0.5777326806642671,-41.453701309975195,6.208062087319815,-5.151935028201876,2.863782463805517e-10
angular_even_odd,shockley_112,0.9,0.13333333333333333,0.27683821858267016,0.6244903865828645,-43.3176635224636,5.044824806382529,-6.31594960783009,2.863782463805517e-10
angular_even_odd,shockley_112,0.9,0.15,0.292719992345918,0.6603164191581699,-44.59680759844563,3.5818174957212556,-7.085961079867791,2.863782463805517e-10
angular_even_odd,shockley_112,0.9,0.16666666666666666,0.30286893284304145,0.6832103526869412,-45.20340031494691,1.9369922580220187,-7.458523096164378,2.863782463805517e-10
angular_even_odd,shockley_112,0.9,0.18333333333333332,0.30685195224730766,0.6921952296315762,-45.10271965740064,0.23870086617338962,-7.429871449309292,2.863782463805517e-10
angular_even_odd,shockley_112,0.9,0.2,0.3047127978184014,0.687369734860271,-44.31536781393897,-1.3826254819360082,-6.997047330432116,2.863782463805517e-10
angular_even_odd,shockley_112,0.9,0.21666666666666667,0.2969640388901259,0.6698901199305457,-42.91553829586594,-2.8028987972737704,-6.157146991052647,2.863782463805517e-10
angular_even_odd,shockley_112,0.9,0.23333333333333334,0.284550259037074,0.641887172147265,-41.02563306577955,-3.911437755336609,-4.9050607294524955,2.863782463805517e-10
angular_even_odd,shockley_112,0.9,0.25,0.2687897182729549,0.6063346164165953,-38.80836680763255,-4.615494897329725,-3.231015628656444,2.863782463805517e-10
angular_even_odd,shockley_112,0.9,0.26666666666666666,0.2513051788834983,0.5668930724764314,-36.45800202890367,-4.841583529366279,-1.1207981867440935,2.863782463805517e-10
angular_even_odd,shockley_112,0.9,0.2833333333333333,0.23395587845926352,0.5277565999751203,-34.19253422129726,-4.533574406621473,1.4355085973769426,2.863782463805517e-10
angular_even_odd,shockley_112,0.9,0.3,0.2187815633059246,0.4935264492945015,-32.24846480675891,-3.6481668001141863,4.41494440552309,2.863782463805517e-10
angular_even_odd,shockley_112,0.9,0.31666666666666665,0.20796626121854517,0.4691293403399042,-30.879299477210587,-2.1488705302604973,7.6945729935004,2.863782463805517e-10
angular_even_odd,shockley_112,0.9,0.3333333333333333,0.2038245825134881,0.4597865604706184,-30.358170824180363,1.496823457396749e-14,10.934189683675664,2.863782463805517e-10
angular_even_odd,shockley_112,0.9500000000000001,0.0,0.023448868786794606,0.05289585090009283,-9.986563713770037,3.066152317048544e-15,7.678174589494182,2.863782463805517e-10
angular_even_odd,shockley_112,0.9500000000000001,0.016666666666666666,0.026438764343862612,0.05964044361505502,-10.280389664409167,1.5744454265245504,5.993351452993645,2.863782463805517e-10
angular_even_odd,shockley_112,0.9500000000000001,0.03333333333333333,0.034567915381018895,0.07797814532320353,-11.064743802526463,2.8043172740439095,4.163354276410088,2.863782463805517e-10
angular_even_odd,shockley_112,0.9500000000000001,0.05,0.046571050582003795,0.10505476277958636,-12.199785816447202,3.688695273893833,2.401265564136683,2.863782463805517e-10
angular_even_odd,shockley_112,0.9500000000000001,0.06666666666666667,0.0611858454641637,0.1380227501930144,-13.552284951444875,4.230558161483694,0.8048897094897737,2.863782463805517e-10
angular_even_odd,shockley_112,0.9500000000000001,0.08333333333333333,0.07717247340924777,0.17408531235186125,-14.995449961937119,4.439713745554801,-0.5886264708393942,2.863782463805517e-10
angular_even_odd,shockley_112,0.9500000000000001,0.1,0.0933440599278422,0.21056510321440605,-16.41051161776582,4.335691240497036,-1.7665281564162285,2.863782463805517e-10
angular_even_odd,shockley_112,0.9500000000000001,0.11666666666666667,0.1086065586624807,0.24499417801416543,-17.689906042504663,3.9498832284382437,-2.723190781555248,2.863782463805517e-10
angular_even_odd,shockley_112,0.9500000000000001,0.13333333333333333,0.12200423886904187,0.2752166037122649,-18.741557128071836,3.326394416748728,-3.453786845263844,2.863782463805517e-10
angular_even_odd,shockley_112,0.9500000000000001,0.15,0.1327654231503262,0.2994916339675324,-19.49351949693331,2.521304644032167,-3.9530848673298618,2.863782463805517e-10
angular_even_odd,shockley_112,0.9500000000000001,0.16666666666666666,0.14034257754995053,0.316584144186841,-19.898155544944768,1.6003497362465924,-4.216173807186558,2.863782463805517e-10
angular_even_odd,shockley_112,0.9500000000000001,0.18333333333333332,0.14444141626625884,0.3258302858055561,-19.935095469330108,0.63531739089761,-4.239465103026659,2.863782463805517e-10
angular_even_odd,shockley_112,0.9500000000000001,0.2,0.14503523238257937,0.3271698134832688,-19.61245358399001,-0.3003073195940496,-4.021191083212107,2.863782463805517e-10
angular_even_odd,shockley_112,0.9500000000000001,0.21666666666666667,0.14236290913721603,0.3211415989357424,-18.96610363434171,-1.1357773618280875,-3.5611513427781474,2.863782463805517e-10
angular_even_odd,shockley_112,0.9500000000000001,0.23333333333333334,0.13691157047340552,0.3088444941249031,-18.057183777694302,-1.806925425015579,-2.8598839792548043,2.863782463805517e-10
angular_even_odd,shockley_112,0.9500000000000001,0.25,0.12938711010011258,0.29187085084904907,-16.968333480732166,-2.2588622473031053,-1.9179223536988994,2.863782463805517e-10
angular_even_odd,shockley_112,0.9500000000000001,0.26666666666666666,0.12067745846338007,0.27222365854492386,-15.799393061440183,-2.4472109940778957,-0.7365257548919875,2.863782463805517e-10
angular_even_odd,shockley_112,0.9500000000000001,0.2833333333333333,0.11181410502708297,0.25222974642472706,-14.663377453923474,-2.337844518520444,0.6774993741212749,2.863782463805517e-10
angular_even_odd,shockley_112,0.9500000000000001,0.3,0.10393697220676257,0.2344605462568049,-13.683454070102236,-1.905384987517251,2.298340021978711,2.863782463805517e-10
angular_even_odd,shockley_112,0.9500000000000001,0.31666666666666665,0.09826630970151996,0.2216686917281557,-12.991424154395139,-1.1309748920951617,4.052832963361296,2.863782463805517e-10
angular_even_odd,shockley_112,0.9500000000000001,0.3333333333333333,0.09608307063429056,0.21674375103146587,-12.727862714796307,2.7693628360786087e-15,5.776112662715051,2.863782463805517e-10
angular_even_odd,shockley_112,1.0,0.0,3.0059387745587798e-40,6.780782931559234e-40,6.995963871122158e-15,1.7383531427159461e-15,4.723978381524971,2.863782463805517e-10
angular_even_odd,shockley_112,1.0,0.016666666666666666,0.0018527473791814387,0.0041794190592217405,-0.15988658085293903,0.9791317230131303,3.786820122455392,2.863782463805517e-10
angular_even_odd,shockley_112,1.0,0.03333333333333333,0.006936584481951829,0.015647515530465728,-0.5898735923961275,1.7618640986962868,2.7337788124785227,2.863782463805517e-10
angular_even_odd,shockley_112,1.0,0.05,0.014517937034002257,0.032749495922805,-1.2170140353684162,2.341274290968485,1.689419789839802,2.863782463805517e-10
angular_even_odd,shockley_112,1.0,0.06666666666666667,0.023845357056397197,0.05379024732421139,-1.9704331517980838,2.7147428005962335,0.7188891587803684,2.863782463805517e-10
angular_even_odd,shockley_112,1.0,0.08333333333333333,0.03416772114765041,0.07707538900298148,-2.7818557686606584,2.8852926259255067,-0.14691548664627485,2.863782463805517e-10
angular_even_odd,shockley_112,1.0,0.1,0.04475727665089304,0.10096325984616811,-3.5868671002927064,2.862837176760462,-0.8927276421737333,2.863782463805517e-10
angular_even_odd,shockley_112,1.0,0.11666666666666667,0.05493658586203021,0.12392569898103507,-4.326839165174744,2.6650105291220885,-1.509359211394416,2.863782463805517e-10
angular_even_odd,shockley_112,1.0,0.13333333333333333,0.06410735486256461,0.14461307772421123,-4.951293286875777,2.317333480162502,-1.9898136233487536,2.863782463805517e-10
angular_even_odd,shockley_112,1.0,0.15,0.07177843695902894,0.16191746961220968,-5.420360178436113,1.8525868625140067,-2.3282269390407397,2.863782463805517e-10
angular_even_odd,shockley_112,1.0,0.16666666666666666,0.07759008032592893,0.17502734812341428,-5.706959018995593,1.309401996333243,-2.519971902074554,2.863782463805517e-10
angular_even_odd,shockley_112,1.0,0.18333333333333332,0.08133177932722345,0.18346785560738135,-5.798351407939701,0.7302141459092978,-2.5620404729369444,2.863782463805517e-10
angular_even_odd,shockley_112,1.0,0.2,0.082951835656917,0.18712237126203332,-5.696827788823934,0.1588342768079124,-2.453275361355013,2.863782463805517e-10
angular_even_odd,shockley_112,1.0,0.21666666666666667,0.08255780233960741,0.18623351270806274,-5.4194326905011545,-0.3620430600273571,-2.194306216347458,2.863782463805517e-10
angular_even_odd,shockley_112,1.0,0.23333333333333334,0.08040817409253768,0.18138439114567578,-4.996801280184928,-0.7930740506907382,-1.7872706642818783,2.863782463805517e-10
angular_even_odd,shockley_112,1.0,0.25,0.07689678216473393,0.17346340930413395,-4.471330059865606,-1.0999756835272554,-1.2356440098466592,2.863782463805517e-10
angular_even_odd,shockley_112,1.0,0.26666666666666666,0.07253215133701661,0.16361769505684792,-3.895009223504722,-1.2545482043272973,-0.5448433220334065,2.863782463805517e-10
angular_even_odd,shockley_112,1.0,0.2833333333333333,0.06791444002929646,0.15320108302094482,-3.3272827064003194,-1.2349778090541443,0.27520040269948703,2.863782463805517e-10
angular_even_odd,shockley_112,1.0,0.3,0.06371245168369093,0.14372225694050508,-2.8332665220107844,-1.0255229019573062,1.2035842428506613,2.863782463805517e-10
angular_even_odd,shockley_112,1.0,0.31666666666666665,0.0606426038073743,0.13679730814966798,-2.4825518040857313,-0.6158042456666615,2.1958049796737065,2.863782463805517e-10
angular_even_odd,shockley_112,1.0,0.3333333333333333,0.059450772601616984,0.13410878076990285,-2.3486617710778797,4.280915852252823e-16,3.16540344120974,2.863782463805517e-10
angular_even_odd,shockley_112,1.05,0.0,0.015808846188456585,0.035661522885829994,5.531170357904229,9.486133648730739e-16,3.0935649814961255,2.863782463805517e-10
angular_even_odd,shockley_112,1.05,0.016666666666666666,0.017029994995396654,0.03841618477617689,5.439770494405128,0.6474267465901682,2.532126046046764,2.863782463805517e-10
angular_even_odd,shockley_112,1.05,0.03333333333333333,0.020408621782522823,0.0460376756209519,5.191796700556396,1.1757723794690016,1.8760252238022703,2.863782463805517e-10
angular_even_odd,shockley_112,1.05,0.05,0.025492372434284604,0.05750557707640629,4.826659938629196,1.5769087896805756,1.2100265166084934,2.863782463805517e-10
angular_even_odd,shockley_112,1.05,0.06666666666666667,0.03180582199777841,0.07174742770946942,4.383553035854437,1.8464853677538033,0.5804809185020723,2.863782463805517e-10
angular_even_odd,shockley_112,1.05,0.08333333333333333,0.0388655499613233,0.0876727297421707,3.9008228217423464,1.984596155624131,0.010997834363275227,2.863782463805517e-10
angular_even_odd,shockley_112,1.05,0.1,0.04619750610948976,0.10421212286794235,3.415027856584758,1.9963358910556734,-0.4856250454969956,2.863782463805517e-10
angular_even_odd,shockley_112,1.05,0.11666666666666667,0.05335597836373471,0.12036017181972096,2.9597195957530236,1.8920959362173746,-0.9012596953902957,2.863782463805517e-10
angular_even_odd,shockley_112,1.05,0.13333333333333333,0.059942991982223075,0.13521912699612842,2.5640587389515996,1.6874896288332224,-1.2298651259418705,2.863782463805517e-10
angular_even_odd,shockley_112,1.05,0.15,0.06562666407874437,0.14804032850124826,2.251428063032471,1.40285320081666,-1.4666655653876128,2.863782463805517e-10
angular_even_odd,shockley_112,1.05,0.16666666666666666,0.07015695948232033,0.15825974814062468,2.038220736518011,1.0623342643793723,-1.608075241207228,2.863782463805517e-10
angular_even_odd,shockley_112,1.05,0.18333333333333332,0.07337745794751205,0.1655245338404233,1.9329665800452007,0.6926441518594213,-1.651847564319595,2.863782463805517e-10
angular_even_odd,shockley_112,1.05,0.2,0.07523212238522806,0.16970827739151426,1.9359115530048443,0.3216020590896479,-1.597199388333011,2.863782463805517e-10
angular_even_odd,shockley_112,1.05,0.21666666666666667,0.07576658919715647,0.1709139251799796,2.039097170822526,-0.023371156989837893,-1.4448237641735822,2.863782463805517e-10
angular_even_odd,shockley_112,1.05,0.23333333333333334,0.07512409412294849,0.1694645877318342,2.226909952810222,-0.31664881401124373,-1.1968263665487922,2.863782463805517e-10
angular_even_odd,shockley_112,1.05,0.25,0.07353669910086061,0.165883749305411,2.477001267815895,-0.5355475801431222,-0.8567472250893067,2.863782463805517e-10
angular_even_odd,shockley_112,1.05,0.26666666666666666,0.0713129049235414,0.16086732457697314,2.761428571521536,-0.6611405746060258,-0.4300009921391418,2.863782463805517e-10
angular_even_odd,shockley_112,1.05,0.2833333333333333,0.06882295377135257,0.15525050416263966,3.047849503295605,-0.678705536860833,0.07467472951663358,2.863782463805517e-10
angular_even_odd,shockley_112,1.05,0.3,0.06648311441490956,0.14997230525019237,3.300614517281129,-0.5778426311683509,0.6418393203210032,2.863782463805517e-10
angular_even_odd,shockley_112,1.05,0.31666666666666665,0.06474001050649451,0.14604021943056358,3.4816496089459883,-0.35235200287424273,1.2429925725421713,2.863782463805517e-10
angular_even_odd,shockley_112,1.05,0.3333333333333333,0.06405564482259575,0.14449643045269034,3.5510910845093537,-1.9878939712150266e-15,1.827619616331313,2.863782463805517e-10
angular_even_odd,shockley_112,1.1,0.0,0.052752764340947125,0.11899944438760762,8.388892773016364,1.1163679356133138e-16,2.14015273166052,2.863782463805517e-10
angular_even_odd,shockley_112,1.1,0.016666666666666666,0.05360194148458372,0.12091501430213007,8.332969988265917,0.4513755581722284,1.770077082522973,2.863782463805517e-10
angular_even_odd,shockley_112,1.1,0.03333333333333333,0.055967062069005195,0.1262502424929566,8.179834886627795,0.8258097256840393,1.3191187574926782,2.863782463805517e-10
angular_even_odd,shockley_112,1.1,0.05,0.059551465266097774,0.13433592282163836,7.952058593355701,1.1157663118976329,0.8590889387203091,2.863782463805517e-10
angular_even_odd,shockley_112,1.1,0.06666666666666667,0.06403638213859981,0.14445297777828423,7.6726798930204625,1.3167829518082228,0.4247823163250196,2.863782463805517e-10
angular_even_odd,shockley_112,1.1,0.08333333333333333,0.06909289871640428,0.1558594447343371,7.3646435527309,1.4278402907082457,0.03223857709910438,2.863782463805517e-10
angular_even_odd,shockley_112,1.1,0.1,0.07439509568868719,0.1678201163999462,7.050098279348226,1.4516225001813237,-0.31031561909677147,2.863782463805517e-10
angular_even_odd,shockley_112,1.1,0.11666666666666667,0.0796338372055925,0.17963764553970604,6.749580247339827,1.394600956557397,-0.5977480981363167,2.863782463805517e-10
angular_even_odd,shockley_112,1.1,0.13333333333333333,0.08453046417421074,0.19068343424706014,6.4811416705978795,1.266892480606561,-0.8262497460295418,2.863782463805517e-10
angular_even_odd,shockley_112,1.1,0.15,0.08884951878062382,0.2004263378628987,6.259506073909817,1.0818716245895867,-0.9928035298967791,2.863782463805517e-10
angular_even_odd,shockley_112,1.1,0.16666666666666666,0.09240961042111479,0.20845717629345564,6.095339239752643,0.8555487725799364,-1.0951349516823985,2.863782463805517e-10
angular_even_odd,shockley_112,1.1,0.18333333333333332,0.09509163484135146,0.2145072747068657,5.994716219709068,0.6057571397102532,-1.1318087438771474,2.863782463805517e-10
angular_even_odd,shockley_112,1.1,0.2,0.0968437649635009,0.21845972181812987,5.958842023875839,0.35121696549347925,-1.1023269912606788,2.863782463805517e-10
angular_even_odd,shockley_112,1.1,0.21666666666666667,0.09768291309980065,0.22035266834379763,5.984050909654865,0.11056009000308967,-1.0071814778066228,2.863782463805517e-10
angular_even_odd,shockley_112,1.1,0.23333333333333334,0.09769267710383685,0.2203746939394194,6.062072680795287,-0.09859975338462104,-0.847879668087911,2.863782463805517e-10
angular_even_odd,shockley_112,1.1,0.25,0.09701807974525077,0.21885294030508373,6.180520863622119,-0.2604763662203932,-0.6270320525087818,2.863782463805517e-10
angular_even_odd,shockley_112,1.1,0.26666666666666666,0.09585764710431373,0.21623524166415078,6.323533231846402,-0.36174724096712274,-0.3486854186260423,2.863782463805517e-10
angular_even_odd,shockley_112,1.1,0.2833333333333333,0.09445351528043591,0.21306780752158172,6.4724843343002805,-0.3919918705872035,-0.019241683694852255,2.863782463805517e-10
angular_even_odd,shockley_112,1.1,0.3,0.093080289039262,0.20997009005104272,6.606694365206031,-0.34393792837136516,0.35047091980501893,2.863782463805517e-10
angular_even_odd,shockley_112,1.1,0.31666666666666665,0.09203330374277684,0.20760830541055478,6.704078089641196,-0.21354811657047998,0.7412492743602132,2.863782463805517e-10
angular_even_odd,shockley_112,1.1,0.3333333333333333,0.09161678308175879,0.20666872000955552,6.741708312052195,-1.340315935625559e-15,1.1197157421252242,2.863782463805517e-10
angular_even_odd,shockley_112,1.15,0.0,0.10010139941892512,0.22580827871474934,9.690860623147932,7.711125248890755e-16,1.5403300333587886,2.863782463805517e-10
angular_even_odd,shockley_112,1.15,0.016666666666666666,0.10071491439424468,0.227192242988444,9.653968201746576,0.3267317885786867,1.2460481847773321,2.863782463805517e-10
angular_even_odd,shockley_112,1.15,0.03333333333333333,0.10243211311956593,0.23106589201459982,9.552096760079309,0.6010654534239005,0.8891883410586817,2.863782463805517e-10
angular_even_odd,shockley_112,1.15,0.05,0.10504856819651512,0.23696807940348724,9.399194944558255,0.8166147695155065,0.5484794046253634,2.863782463805517e-10
angular_even_odd,shockley_112,1.15,0.06666666666666667,0.10834079731591492,0.24439467478478713,9.20987170861399,0.9694109048864933,0.24025085937423687,2.863782463805517e-10
angular_even_odd,shockley_112,1.15,0.08333333333333333,0.11207556172314037,0.25281953924318795,8.998929988293884,1.0581291998622593,-0.03135151033074257,2.863782463805517e-10
angular_even_odd,shockley_112,1.15,0.1,0.11601983168558555,0.2617170053742923,8.78083385734066,1.084220537027462,-0.26467111220448125,2.863782463805517e-10
angular_even_odd,shockley_112,1.15,0.11666666666666667,0.11995100920320026,0.27058493762826313,8.569129204957077,1.0519158544774003,-0.45846417258158867,2.863782463805517e-10
angular_even_odd,shockley_112,1.15,0.13333333333333333,0.12366690098855071,0.2789672293126052,8.37585310249183,0.9680830084074221,-0.6114872091161226,2.863782463805517e-10
angular_even_odd,shockley_112,1.15,0.15,0.12699488445023568,0.2864744791756092,8.21097670646303,0.8419298368096043,-0.7225236371823547,2.863782463805517e-10
angular_even_odd,shockley_112,1.15,0.16666666666666666,0.12979971693985806,0.2928016074699325,8.081929140776607,0.6845637903694816,-0.7905209920165579,2.863782463805517e-10
angular_even_odd,shockley_112,1.15,0.18333333333333332,0.13198950622746083,0.2977413241237647,7.993244848309381,0.5084343997950737,-0.8147319397162036,2.863782463805517e-10
angular_even_odd,shockley_112,1.15,0.2,0.13351948125782878,0.3011926347956375,7.946365228577154,0.32669769713318336,-0.7948232582302824,2.863782463805517e-10
angular_even_odd,shockley_112,1.15,0.21666666666666667,0.13439336167986832,0.3031639302525315,7.939608984461147,0.15254951953740403,-0.7309488480118764,2.863782463805517e-10
angular_even_odd,shockley_112,1.15,0.23333333333333334,0.1346623015569498,0.30377060359650127,7.968307317378703,-0.0014237600027349234,-0.6238074189766153,2.863782463805517e-10
angular_even_odd,shockley_112,1.15,0.25,0.13442155380768434,0.30322752592544316,8.025083084809749,-0.12383322605273435,-0.47473870384042666,2.863782463805517e-10
angular_even_odd,shockley_112,1.15,0.26666666666666666,0.13380514557782147,0.30183703506139015,8.100240154631257,-0.2049803595358707,-0.28597248244923396,2.863782463805517e-10
angular_even_odd,shockley_112,1.15,0.2833333333333333,0.13297895428828205,0.29997331653134984,8.182222564918316,-0.23723478859191002,-0.06126669087235851,2.863782463805517e-10
angular_even_odd,shockley_112,1.15,0.3,0.13213262058748101,0.2980641608421634,8.258103695854627,-0.21529162224867976,0.19258460950603692,2.863782463805517e-10
angular_even_odd,shockley_112,1.15,0.31666666666666665,0.1314707277102234,0.29657106591866883,8.31407317988281,-0.13631688185308102,0.46249702947886406,2.863782463805517e-10
angular_even_odd,shockley_112,1.15,0.3333333333333333,0.1312036251034015,0.2959685370805428,8.335902231387108,-2.313559010039247e-15,0.7232639582700952,2.863782463805517e-10
angular_even_odd,shockley_112,1.2,0.0,0.15171781961790104,0.34224436318715484,10.12331777274445,3.867740276446787e-16,0.471049799592298,2.863782463805517e-10
angular_even_odd,shockley_112,1.2,0.016666666666666666,0.15217072905994622,0.343266034233869,10.09730200245943,0.2415367908631248,0.4108086668356479,2.863782463805517e-10
angular_even_odd,shockley_112,1.2,0.03333333333333333,0.1534430235258165,0.34613607026757254,10.025002161297767,0.4461592754741093,0.26538762715932374,2.863782463805517e-10
angular_even_odd,shockley_112,1.2,0.05,0.15538940716986,0.35052671358456206,9.915736781102812,0.6086971687760574,0.09726668719222747,2.863782463805517e-10
angular_even_odd,shockley_112,1.2,0.06666666666666667,0.15784898742846504,0.3560750234761357,9.779479345184336,0.7258399978910357,-0.06453261384026682,2.863782463805517e-10
angular_even_odd,shockley_112,1.2,0.08333333333333333,0.16065239015655072,0.3623989265209275,9.626479953271264,0.7962888255091547,-0.2100754723352785,2.863782463805517e-10
angular_even_odd,shockley_112,1.2,0.1,0.16362929216164854,0.36911420844081777,9.466852915281006,0.8208294615219712,-0.3354896754555459,2.863782463805517e-10
angular_even_odd,shockley_112,1.2,0.11666666666666667,0.16661605481170236,0.3758517339584745,9.310146483109857,0.8023124017748459,-0.43886240381909397,2.863782463805517e-10
angular_even_odd,shockley_112,1.2,0.13333333333333333,0.1694630990659589,0.38227408335828567,9.16491769270297,0.7455309924627509,-0.5189817063540688,2.863782463805517e-10
angular_even_odd,shockley_112,1.2,0.15,0.1720416455703231,0.38809075676261695,9.038339313887064,0.6569974321599319,-0.5749221651938143,2.863782463805517e-10
angular_even_odd,shockley_112,1.2,0.16666666666666666,0.17424945830721944,0.3930711306308849,8.935866427332604,0.5446251374435213,-0.6059062608149429,2.863782463805517e-10
angular_even_odd,shockley_112,1.2,0.18333333333333332,0.1760152774283113,0.39705445732331834,8.86098696840403,0.417334499834931,-0.6112630592665418,2.863782463805517e-10
angular_even_odd,shockley_112,1.2,0.2,0.17730170260684663,0.3999563693539853,8.81507410783985,0.284605967045778,-0.590422356755032,2.863782463805517e-10
angular_even_odd,shockley_112,1.2,0.21666666666666667,0.17810638481825203,0.4017715678040029,8.797349538625094,0.15600873063930193,-0.5429226076733238,2.863782463805517e-10
angular_even_odd,shockley_112,1.2,0.23333333333333334,0.17846149134289396,0.4025726154772147,8.804956953200831,0.040734525357639606,-0.4684292849582825,2.863782463805517e-10
angular_even_odd,shockley_112,1.2,0.25,0.17843151422134076,0.4025049932235994,8.833135722991125,-0.05283593966130531,-0.36677700699886523,2.863782463805517e-10
angular_even_odd,shockley_112,1.2,0.26666666666666666,0.178109585237489,0.40177878729507155,8.87547741865977,-0.11751117670410886,-0.2380812867198233,2.863782463805517e-10
angular_even_odd,shockley_112,1.2,0.2833333333333333,0.17761253193026433,0.4006575367193013,8.924243367827955,-0.14759574628130148,-0.083055006564963,2.863782463805517e-10
angular_even_odd,shockley_112,1.2,0.3,0.17707495388055527,0.3994448706148884,8.970720447591372,-0.1391173400588691,0.09604444315389485,2.863782463805517e-10
angular_even_odd,shockley_112,1.2,0.31666666666666665,0.17664261551224986,0.398469603702177,9.005594666419709,-0.08997308051551918,0.2923241103450697,2.863782463805517e-10
angular_even_odd,shockley_112,1.2,0.3333333333333333,0.1764654439123265,0.39806994081786096,9.019327151527115,-1.9870161243947133e-15,0.48355129667155866,2.863782463805517e-10
angular_even_odd,shockley_112,1.25,0.0,0.2042508681441813,0.4607481736455234,10.095787916813816,1.598177097110948e-16,-0.5239204381730334,2.863782463805517e-10
angular_even_odd,shockley_112,1.25,0.016666666666666666,0.2045877662980304,0.46150814695922776,10.076560621231605,0.1798669119512937,-0.5282920038552529,2.863782463805517e-10
angular_even_odd,shockley_112,1.25,0.03333333333333333,0.2055369391423011,0.4636492867176298,10.022893429894955,0.33335122326004557,-0.5390839729281415,2.863782463805517e-10
angular_even_odd,shockley_112,1.25,0.05,0.20699383667801508,0.466935749511487,9.941410380198016,0.45638355282864573,-0.5525827883089132,2.863782463805517e-10
angular_even_odd,shockley_112,1.25,0.06666666666666667,0.20884152338166453,0.4711037527220029,9.839313627732311,0.5462967006226023,-0.5652932075223688,2.863782463805517e-10
angular_even_odd,shockley_112,1.25,0.08333333333333333,0.21095603179416922,0.47587365112229707,9.72407985166192,0.6019333873667515,-0.5743969645807511,2.863782463805517e-10
angular_even_odd,shockley_112,1.25,0.1,0.2132120005088523,0.48096265502487995,9.603137574507297,0.6236922614061502,-0.5779394862908753,2.863782463805517e-10
angular_even_odd,shockley_112,1.25,0.11666666666666667,0.21548835617607393,0.4860976477217023,9.483538583161481,0.6135050145707541,-0.5748024932940841,2.863782463805517e-10
angular_even_odd,shockley_112,1.25,0.13333333333333333,0.2176737797806848,0.4910275162878201,9.371639619360398,0.5747413786851538,-0.5645463634306924,2.863782463805517e-10
angular_even_odd,shockley_112,1.25,0.15,0.21967169419379298,0.49553440247784525,9.272812015481223,0.5120435556682025,-0.5471834036218158,2.863782463805517e-10
angular_even_odd,shockley_112,1.25,0.16666666666666666,0.221404525028788,0.49944331434546585,9.191196634263255,0.4310967333315255,-0.5229193996472921,2.863782463805517e-10
angular_even_odd,shockley_112,1.25,0.18333333333333332,0.22281702020692506,0.5026296145042998,9.129519252605013,0.3383471494905746,-0.49189346574978476,2.863782463805517e-10
angular_even_odd,shockley_112,1.25,0.2,0.22387846320233643,0.5050240127558626,9.088977626049285,0.24068310004043295,-0.4539530319825442,2.863782463805517e-10
angular_even_odd,shockley_112,1.25,0.21666666666666667,0.22458367655110453,0.5066148298007428,9.06920635928561,0.1450968635789929,-0.4085104956907331,2.863782463805517e-10
angular_even_odd,shockley_112,1.25,0.23333333333333334,0.22495278030346738,0.5074474523561918,9.06832005104847,0.058346444463214686,-0.35452783968905344,2.863782463805517e-10
angular_even_odd,shockley_112,1.25,0.25,0.2250297384530185,0.5076210541977654,9.083029716264013,-0.013364740535184426,-0.2906651956277865,2.863782463805517e-10
angular_even_odd,shockley_112,1.25,0.26666666666666666,0.22487978899965488,0.507282798907082,9.108822903529237,-0.06467440919881443,-0.2156484046030866,2.863782463805517e-10
angular_even_odd,shockley_112,1.25,0.2833333333333333,0.22458590525381833,0.5066198572981253,9.14019475065607,-0.09130181618534644,-0.12912467867160954,2.863782463805517e-10
angular_even_odd,shockley_112,1.25,0.3,0.22424447400231956,0.5058496582434877,9.170915740516914,-0.09023370098746382,-0.03453670085802352,2.863782463805517e-10
angular_even_odd,shockley_112,1.25,0.31666666666666665,0.22396039897972322,0.5052088431075287,9.19432213726882,-0.05985159937023274,0.04852361815473438,2.863782463805517e-10
angular_even_odd,shockley_112,1.25,0.3333333333333333,0.22384184649046251,0.5049414129447867,9.203616729642397,-1.3533358029806815e-15,0.07739177467080172,2.863782463805517e-10
angular_even_odd,shockley_112,1.3,0.0,0.25598391019251393,0.5774473331520107,9.843137584058175,2.5427317044120765e-16,-0.9837495092694457,2.863782463805517e-10
angular_even_odd,shockley_112,1.3,0.016666666666666666,0.2562338806268406,0.5780112153138242,9.828561534167179,0.1335929989844871,-0.9817191738417133,2.863782463805517e-10
angular_even_odd,shockley_112,1.3,0.03333333333333333,0.2569400694403137,0.5796042328075218,9.787761563794124,0.24837022387161478,-0.9744307961520844,2.863782463805517e-10
angular_even_odd,shockley_112,1.3,0.05,0.2580274723319156,0.5820571912741108,9.725626804598917,0.34119430099268266,-0.960263395911341,2.863782463805517e-10
angular_even_odd,shockley_112,1.3,0.06666666666666667,0.25941145056213827,0.5851791630323416,9.647529185110887,0.40996162783693535,-0.9379433361812918,2.863782463805517e-10
angular_even_odd,shockley_112,1.3,0.08333333333333333,0.2610016785075904,0.5887663919543256,9.55908263211089,0.4536817670813313,-0.9066427225788409,2.863782463805517e-10
angular_even_odd,shockley_112,1.3,0.1,0.2627062979233613,0.5926116646315646,9.465890557759495,0.4725100608071632,-0.8660272015166743,2.863782463805517e-10
angular_even_odd,shockley_112,1.3,0.11666666666666667,0.26443610002970447,0.5965137443069527,9.373292239442259,0.4677297877510919,-0.816260134855052,2.863782463805517e-10
angular_even_odd,shockley_112,1.3,0.13333333333333333,0.26610854764022956,0.600286443973146,9.28611998052573,0.4416827682987629,-0.7579729187079705,2.863782463805517e-10
angular_even_odd,shockley_112,1.3,0.15,0.2676514508960027,0.6037669180767242,9.208479364287442,0.3976502909318444,-0.6922149493214713,2.863782463805517e-10
angular_even_odd,shockley_112,1.3,0.16666666666666666,0.26900612269019564,0.6068227805106744,9.143564323505482,0.3396893114096712,-0.620409545593829,2.863782463805517e-10
angular_even_odd,shockley_112,1.3,0.18333333333333332,0.2701298633895136,0.6093577096376166,9.093517123495456,0.27243174994326247,-0.5443990897443222,2.863782463805517e-10
angular_even_odd,shockley_112,1.3,0.2,0.27099765767333933,0.6113152760117799,9.059340818731306,0.20085708025557975,-0.46700708372429217,2.863782463805517e-10
angular_even_odd,shockley_112,1.3,0.21666666666666667,0.27160300689099537,0.6126808200067062,9.040868542054692,0.13005002066559312,-0.3969646055295145,2.863782463805517e-10
angular_even_odd,shockley_112,1.3,0.23333333333333334,0.271957865207472,0.6134813077730745,9.03679046110325,0.06495584555115191,-0.3790615816012852,2.863782463805517e-10
angular_even_odd,shockley_112,1.3,0.25,0.2720916935273122,0.613783197084531,9.044735767869868,0.010145593839255009,-0.40969280202818387,2.863782463805517e-10
angular_even_odd,shockley_112,1.3,0.26666666666666666,0.27204968837727794,0.6136884420593121,9.061404013510108,-0.030397664898014477,-0.4402938174722836,2.863782463805517e-10
angular_even_odd,shockley_112,1.3,0.2833333333333333,0.2718902806859528,0.6133288509187188,9.082737747077541,-0.053462158946798004,-0.4630875265158745,2.863782463805517e-10
angular_even_odd,shockley_112,1.3,0.3,0.27168202960779414,0.6128590790896288,9.104126934770424,-0.05675325067716789,-0.4775081273940065,2.863782463805517e-10
angular_even_odd,shockley_112,1.3,0.31666666666666665,0.27150005806723626,0.6124485885211955,9.120635061431326,-0.03899712395171473,-0.48467032340244265,2.863782463805517e-10
angular_even_odd,shockley_112,1.3,0.3333333333333333,0.2714221894208456,0.6122729327850182,9.127237051140005,-1.1684999613519847e-15,-0.4865339615533921,2.863782463805517e-10
angular_even_odd,shockley_112,1.35,0.0,0.30611512396823626,0.6905330957715973,9.492412058120605,1.7596096615517535e-16,-1.1665027577917062,2.863782463805517e-10
angular_even_odd,shockley_112,1.35,0.016666666666666666,0.30629885748342955,0.6909475609943498,9.48127099389431,0.09830084111081948,-1.1630265351345983,2.863782463805517e-10
angular_even_odd,shockley_112,1.35,0.03333333333333333,0.306819456727657,0.6921219263870576,9.450023546976084,0.18338503199324477,-1.15207014106096,2.863782463805517e-10
angular_even_odd,shockley_112,1.35,0.05,0.30762391458214355,0.6939366187337644,9.402331761214942,0.25287520020979576,-1.133018880648728,2.863782463805517e-10
angular_even_odd,shockley_112,1.35,0.06666666666666667,0.3086518485511907,0.6962554274770024,9.342248022850526,0.30513637940993316,-1.1055644025236868,2.863782463805517e-10
angular_even_odd,shockley_112,1.35,0.08333333333333333,0.3098383410302537,0.6989319117815221,9.27402702203211,0.33933576922472664,-1.0697789109654652,2.863782463805517e-10
angular_even_odd,shockley_112,1.35,0.1,0.311116936674111,0.7018161619836927,9.201929900544638,0.3554682347128241,-1.0261769253829427,2.863782463805517e-10
angular_even_odd,shockley_112,1.35,0.11666666666666667,0.31242266702543675,0.7047616225347939,9.130028959351058,0.3543454760830844,-0.9757770461169022,2.863782463805517e-10
angular_even_odd,shockley_112,1.35,0.13333333333333333,0.313694968085493,0.7076316734436321,9.06202182701723,0.3375485341343286,-0.9201886938015487,2.863782463805517e-10
angular_even_odd,shockley_112,1.35,0.15,0.3148803587511855,0.7103056722825928,9.001063981518664,0.30734520741964394,-0.8617681300921298,2.863782463805517e-10
angular_even_odd,shockley_112,1.35,0.16666666666666666,0.31593475738322047,0.7126841798914884,8.949627906794088,0.26657589298816,-0.8039069491836127,2.863782463805517e-10
angular_even_odd,shockley_112,1.35,0.18333333333333332,0.3168253299979039,0.71469312952016,8.909395953891941,0.21851315763673895,-0.7514614633574078,2.863782463805517e-10
angular_even_odd,shockley_112,1.35,0.2,0.3175317858764871,0.7162867494581109,8.881192238715744,0.16670184092398363,-0.7108913092983075,2.863782463805517e-10
angular_even_odd,shockley_112,1.35,0.21666666666666667,0.31804706340367705,0.7174491101458792,8.864956782302105,0.11478755233225153,-0.6885013410062206,2.863782463805517e-10
angular_even_odd,shockley_112,1.35,0.23333333333333334,0.3183773789197061,0.7181942343753133,8.859762769433457,0.06634196594540344,-0.6858304023490318,2.863782463805517e-10
angular_even_odd,shockley_112,1.35,0.25,0.31854164231592885,0.7185647789927933,8.863875472224732,0.024693306496084342,-0.6974934026207018,2.863782463805517e-10
angular_even_odd,shockley_112,1.35,0.26666666666666666,0.31857027304215907,0.7186293640540005,8.874849254719903,-0.007230110613684546,-0.715490251591716,2.863782463805517e-10
angular_even_odd,shockley_112,1.35,0.2833333333333333,0.318503477345887,0.7184786866280274,8.889657306038584,-0.02703639433224673,-0.7335347112927249,2.863782463805517e-10
angular_even_odd,shockley_112,1.35,0.3,0.31838907052743753,0.7182206082505295,8.904847452262931,-0.03298104915271154,-0.7478976895092413,2.863782463805517e-10
angular_even_odd,shockley_112,1.35,0.31666666666666665,0.31827994584725894,0.7179744452963703,8.916716614352548,-0.024048276921490072,-0.7567905797066423,2.863782463805517e-10
angular_even_odd,shockley_112,1.35,0.3333333333333333,0.3182313040563636,0.7178647193670682,8.921496187948856,-1.048336187418392e-15,-0.7597143054883047,2.863782463805517e-10
angular_even_odd,shockley_112,1.4,0.0,0.3543192464298428,0.7992717346237577,9.106198740873198,1.2536069731724179e-16,-1.2229597218832309,2.863782463805517e-10
angular_even_odd,shockley_112,1.4,0.016666666666666666,0.3544523960979701,0.7995720930357858,9.097712023980506,0.0713301166093513,-1.2191768441400774,2.863782463805517e-10
angular_even_odd,shockley_112,1.4,0.03333333333333333,0.3548310047147784,0.800426156620954,9.073868090535425,0.13361974112714836,-1.2077346106488331,2.863782463805517e-10
angular_even_odd,shockley_112,1.4,0.05,0.35541854285651364,0.8017515224723268,9.037403741719647,0.18509563843389476,-1.188662803890118,2.863782463805517e-10
angular_even_odd,shockley_112,1.4,0.06666666666666667,0.3561729116356445,0.8034532241120692,8.991364396329615,0.2245010941004958,-1.1622651852706076,2.863782463805517e-10
angular_even_odd,shockley_112,1.4,0.08333333333333333,0.35704842609191734,0.8054282056159089,8.938960098049796,0.2511414033752205,-1.1291736405501398,2.863782463805517e-10
angular_even_odd,shockley_112,1.4,0.1,0.3579979214658214,0.8075700729351819,8.883415940963516,0.26490513423879897,-1.0903989931633067,2.863782463805517e-10
angular_even_odd,shockley_112,1.4,0.11666666666666667,0.35897489082998996,0.8097739159559643,8.82782337861088,0.2662598523595016,-1.0473833428514818,2.863782463805517e-10
angular_even_odd,shockley_112,1.4,0.13333333333333333,0.3599355598487858,0.8119409887322502,8.774999085241225,0.25622216381994634,-1.0020581905566792,2.863782463805517e-10
angular_even_odd,shockley_112,1.4,0.15,0.36084080618662895,0.8139830392784742,8.727357887041238,0.2363031818745941,-0.9569015811450263,2.863782463805517e-10
angular_even_odd,shockley_112,1.4,0.16666666666666666,0.3616578374417534,0.8158260946448003,8.686805750261316,0.20843177255472145,-0.9149492975990975,2.863782463805517e-10
angular_even_odd,shockley_112,1.4,0.18333333333333332,0.3623615522717559,0.8174135313379067,8.654657912610917,0.1748590893467204,-0.8796288486773134,2.863782463805517e-10
angular_even_odd,shockley_112,1.4,0.2,0.3629355240946184,0.8187082943492501,8.631586021701112,0.13804888157137768,-0.8541883780603574,2.863782463805517e-10
angular_even_odd,shockley_112,1.4,0.21666666666666667,0.3633725645896749,0.8196941682979683,8.617596680597687,0.10055878068006947,-0.8406244201141262,2.863782463805517e-10
angular_even_odd,shockley_112,1.4,0.23333333333333334,0.3636748441524605,0.8203760491523768,8.612042200943998,0.06491818259778989,-0.8386357585278505,2.863782463805517e-10
angular_even_odd,shockley_112,1.4,0.25,0.36385356730467944,0.8207792120212608,8.613662745659916,0.03350843031132289,-0.8455869322860906,2.863782463805517e-10
angular_even_odd,shockley_112,1.4,0.26666666666666666,0.3639282216311055,0.8209476169091718,8.620657520714298,0.008450767318121166,-0.8576219332180164,2.863782463805517e-10
angular_even_odd,shockley_112,1.4,0.2833333333333333,0.3639254379945789,0.8209413375946338,8.630781348032468,-0.008492984708291998,-0.8709505488865471,2.863782463805517e-10
angular_even_odd,shockley_112,1.4,0.3,0.3638775166299978,0.8208332367997145,8.641461892090067,-0.016002814155190347,-0.882558345749352,2.863782463805517e-10
angular_even_odd,shockley_112,1.4,0.31666666666666665,0.36382068753458946,0.8207050419863597,8.649932061409315,-0.01326266328890801,-0.8903662599522261,2.863782463805517e-10
angular_even_odd,shockley_112,1.4,0.3333333333333333,0.36379318391724136,0.8206429994522109,8.653371669444951,-8.188139609424155e-16,-0.8931293037758001,2.863782463805517e-10
angular_even_odd,shockley_112,1.45,0.0,0.40049086320719013,0.9034254564547307,8.71038116999673,3.3682071884752024e-17,-1.235894090803081,2.863782463805517e-10
angular_even_odd,shockley_112,1.45,0.016666666666666666,0.40058565634995247,0.9036392903923718,8.703984181412551,0.050865415908520076,-1.2322314290564753,2.863782463805517e-10
angular_even_odd,shockley_112,1.45,0.03333333333333333,0.4008564073571708,0.9042500492754159,8.685978132749531,0.0957825629623746,-1.2214252462545707,2.863782463805517e-10
angular_even_odd,shockley_112,1.45,0.05,0.40127883146908255,0.9052029516539251,8.658380783609484,0.13344882454944704,-1.2039015465082448,2.863782463805517e-10
angular_even_odd,shockley_112,1.45,0.06666666666666667,0.40182448990396413,0.906433845454232,8.623449647477157,0.1629069266937843,-1.180316584447076,2.863782463805517e-10
angular_even_odd,shockley_112,1.45,0.08333333333333333,0.40246212406455567,0.9078722176756863,8.583574232812557,0.18357974602111038,-1.1515855294846404,2.863782463805517e-10
angular_even_odd,shockley_112,1.45,0.1,0.40315908754110485,0.909444424696569,8.541164084875103,0.19528865542468601,-1.1189057865450371,2.863782463805517e-10
angular_even_odd,shockley_112,1.45,0.11666666666666667,0.403882813632583,0.9110770027017346,8.498537499912127,0.19825446773415226,-1.0837723994364188,2.863782463805517e-10
angular_even_odd,shockley_112,1.45,0.13333333333333333,0.40460225406333095,0.9126999131330377,8.457815855947283,0.1930808125588347,-1.0479778482734186,2.863782463805517e-10
angular_even_odd,shockley_112,1.45,0.15,0.4052892254609159,0.9142495800679195,8.420828335084543,0.18072059900966722,-1.0135771930943853,2.863782463805517e-10
angular_even_odd,shockley_112,1.45,0.16666666666666666,0.40591960404980737,0.9156715852039367,8.389031392772656,0.16242702892403169,-0.9827815215228946,2.863782463805517e-10
angular_even_odd,shockley_112,1.45,0.18333333333333332,0.40647431579164073,0.9169229014126348,8.363446671379451,0.13969137985439647,-0.9577288513742548,2.863782463805517e-10
angular_even_odd,shockley_112,1.45,0.2,0.40694007856202186,0.9179735669385883,8.344620190409035,0.11417042462882149,-0.9401063002474812,2.863782463805517e-10
angular_even_odd,shockley_112,1.45,0.21666666666666667,0.4073098644234804,0.9188077281926137,8.332604623439913,0.08760685208452978,-0.9307009253257071,2.863782463805517e-10
angular_even_odd,shockley_112,1.45,0.23333333333333334,0.40758306302447306,0.9194240083464931,8.326965355431563,0.06174637059506115,-0.9290965304077747,2.863782463805517e-10
angular_even_odd,shockley_112,1.45,0.25,0.40776534092726,0.9198351900054409,8.326809873541553,0.038255295929005374,-0.9337337368163532,2.863782463805517e-10
angular_even_odd,shockley_112,1.45,0.26666666666666666,0.4078682055162118,0.9200672314744585,8.330838949954527,0.018642347301433024,-0.9423231048029924,2.863782463805517e-10
angular_even_odd,shockley_112,1.45,0.2833333333333333,0.4079082953597378,0.9201576659600212,8.337417089295432,0.004188114667345543,-0.9523716256733438,2.863782463805517e-10
angular_even_odd,shockley_112,1.45,0.3,0.4079064308684684,0.9201534600491481,8.344658886011652,-0.004114756922733362,-0.9615893035948984,2.863782463805517e-10
angular_even_odd,shockley_112,1.45,0.31666666666666665,0.40788646929910627,0.9201084308323313,8.350527302197499,-0.005608158753969948,-0.9681011110891347,2.863782463805517e-10
angular_even_odd,shockley_112,1.45,0.3333333333333333,0.40787401622187563,0.9200803392377035,8.35293944946615,-6.510162392672013e-16,-0.9705063641447684,2.863782463805517e-10
angular_even_odd,shockley_112,1.5,0.0,0.44460287121642583,1.0029331222519937,8.311539070598748,6.898558638921965e-17,-1.2460722198144687,2.863782463805517e-10
angular_even_odd,shockley_112,1.5,0.016666666666666666,0.4446689480755073,1.003082178128322,8.306788292758574,0.03553272541502311,-1.2427544914202415,2.863782463805517e-10
angular_even_odd,shockley_112,1.5,0.03333333333333333,0.44485878595367323,1.0035104135451327,8.293385654568398,0.06736694094684365,-1.233133562667949,2.863782463805517e-10
angular_even_odd,shockley_112,1.5,0.05,0.4451570417648799,1.0041832176391434,8.27278732545704,0.09456017719982092,-1.2178381180604694,2.863782463805517e-10
angular_even_odd,shockley_112,1.5,0.06666666666666667,0.44554530992877744,1.0050590711864302,8.24663293940717,0.11638887659478327,-1.1976788273456602,2.863782463805517e-10
angular_even_odd,shockley_112,1.5,0.08333333333333333,0.4460029766211049,1.0060914736165605,8.216667036024006,0.1323750744594156,-1.173654119255746,2.863782463805517e-10
angular_even_odd,shockley_112,1.5,0.1,0.4465081525960671,1.0072310472690411,8.184657225831412,0.14230243482578428,-1.1469481790017588,2.863782463805517e-10
angular_even_odd,shockley_112,1.5,0.11666666666666667,0.44703864406712873,1.0084277275017717,8.152312654732166,0.1462209014855538,-1.1189167791706374,2.863782463805517e-10
angular_even_odd,shockley_112,1.5,0.13333333333333333,0.44757291932395227,1.0096329431811082,8.121206369375221,0.14443972313446857,-1.0910533997252052,2.863782463805517e-10
angular_even_odd,shockley_112,1.5,0.15,0.44809102883728247,1.0108016922502516,8.092705044610609,0.13750913650924504,-1.0649240969898672,2.863782463805517e-10
angular_even_odd,shockley_112,1.5,0.16666666666666666,0.4485754386088344,1.0118944215961119,8.06790922492442,0.12619151530230938,-1.0420575137456538,2.863782463805517e-10
angular_even_odd,shockley_112,1.5,0.18333333333333332,0.4490117404009115,1.0128786291820298,8.047606763654379,0.11142328557646071,-1.0237825793978752,2.863782463805517e-10
angular_even_odd,shockley_112,1.5,0.2,0.4493892080634399,1.0137301190077543,8.03224153816567,0.09426934147900742,-1.0110282652847684,2.863782463805517e-10
angular_even_odd,shockley_112,1.5,0.21666666666666667,0.44970117619665473,1.0144338552949994,8.021898807417044,0.0758720428571248,-1.004135202891819,2.863782463805517e-10
angular_even_odd,shockley_112,1.5,0.23333333333333334,0.44994522549598387,1.014984380587582,8.016307799570674,0.05739711930783202,-1.0027541807684668,2.863782463805517e-10
angular_even_odd,shockley_112,1.5,0.25,0.4501231679120915,1.015385782275519,8.01486131498413,0.03997893114938483,-1.0058875008244206,2.863782463805517e-10
angular_even_odd,shockley_112,1.5,0.26666666666666666,0.45024083378566804,1.0156512124146582,8.0166513481689,0.024667542945535963,-1.0120647349906662,2.863782463805517e-10
angular_even_odd,shockley_112,1.5,0.2833333333333333,0.4503076719461609,1.0158019856312261,8.020519012110718,0.012379953829834252,-1.0195832859596454,2.863782463805517e-10
angular_even_odd,shockley_112,1.5,0.3,0.45033618198763115,1.0158662984523041,8.025116424447294,0.0038576123039251375,-1.0267330404841772,2.863782463805517e-10
angular_even_odd,shockley_112,1.5,0.31666666666666665,0.4503412051975858,1.0158776297863321,8.02897771360903,-0.0003679619017331334,-1.0319576139919011,2.863782463805517e-10
angular_even_odd,shockley_112,1.5,0.3333333333333333,0.450339106627134,1.0158728958407106,8.030595940770947,-4.1262103896520273e-16,-1.0339446258651241,2.863782463805517e-10
angular_even_odd,shockley_112,1.75,0.0,0.6328892466009026,1.427668666188552,6.16059671017587,-5.678455868925957e-17,-1.4543418688356746,2.863782463805517e-10
angular_even_odd,shockley_112,1.75,0.016666666666666666,0.6328955091887558,1.4276827933055718,6.15981194233161,0.0034984246871889385,-1.4533282242350873,2.863782463805517e-10
angular_even_odd,shockley_112,1.75,0.03333333333333333,0.6329154016925824,1.4277276667246697,6.157534836798075,0.007416025616903572,-1.4504591246261582,2.863782463805517e-10
angular_even_odd,shockley_112,1.75,0.05,0.6329502014070851,1.427806167761391,6.153915445711903,0.011607881727012123,-1.4460293639736699,2.863782463805517e-10
angular_even_odd,shockley_112,1.75,0.06666666666666667,0.6330006184839391,1.4279198983726342,6.14914359570495,0.015910493609628287,-1.4403725676616186,2.863782463805517e-10
angular_even_odd,shockley_112,1.75,0.08333333333333333,0.6330667403028647,1.428069055669173,6.143440282510249,0.02014870593700174,-1.4338469539974894,2.863782463805517e-10
angular_even_odd,shockley_112,1.75,0.1,0.6331480023892708,1.428252366311808,6.1370479157952245,0.024143219837037804,-1.426820178226297,2.863782463805517e-10
angular_even_odd,shockley_112,1.75,0.11666666666666667,0.6332431874481577,1.428467084332049,6.130219837599815,0.027718368440451398,-1.4196536887954643,2.863782463805517e-10
angular_even_odd,shockley_112,1.75,0.13333333333333333,0.6333504528573815,1.428709053151297,6.1232095678321095,0.03070981560072609,-1.4126870879471574,2.863782463805517e-10
angular_even_odd,shockley_112,1.75,0.15,0.6334673857162472,1.428972829759206,6.11626024086521,0.032971839580587074,-1.4062230627880397,2.863782463805517e-10
angular_even_odd,shockley_112,1.75,0.16666666666666666,0.6335910833320504,1.4292518662748568,6.109594687784452,0.03438388033999098,-1.4005135311989647,2.863782463805517e-10
angular_even_odd,shockley_112,1.75,0.18333333333333332,0.6337182559026211,1.4295387415775698,6.103406589533571,0.034856060283575664,-1.395747713521894,2.863782463805517e-10
angular_even_odd,shockley_112,1.75,0.2,0.6338453471668625,1.4298254334698375,6.097853078274503,0.03433343258103987,-1.39204287211765,2.863782463805517e-10
angular_even_odd,shockley_112,1.75,0.21666666666666667,0.6339686679925984,1.4301036200241788,6.093049099742028,0.03279876649049205,-1.3894384286652222,2.863782463805517e-10
angular_even_odd,shockley_112,1.75,0.23333333333333334,0.6340845372873753,1.4303649974490835,6.089063771048246,0.030273742993639507,-1.3878940491912575,2.863782463805517e-10
angular_even_odd,shockley_112,1.75,0.25,0.6341894242799333,1.430601601046901,6.08591887973221,0.026818503592032365,-1.3872920688572603,2.863782463805517e-10
angular_even_odd,shockley_112,1.75,0.26666666666666666,0.6342800861420825,1.4308061156606409,6.083589574800799,0.022529567159533245,-1.387444324487379,2.863782463805517e-10
angular_even_odd,shockley_112,1.75,0.2833333333333333,0.6343536951069889,1.4309721624268197,6.082007203304822,0.017536201045247495,-1.3881031093026366,2.863782463805517e-10
angular_even_odd,shockley_112,1.75,0.3,0.6344079496806276,1.4310945496457486,6.081064150970472,0.011995399984125795,-1.3889756156721818,2.863782463805517e-10
angular_even_odd,shockley_112,1.75,0.31666666666666665,0.6344411652193542,1.4311694771060035,6.080620456768367,0.006085686824760063,-1.3897409454459781,2.863782463805517e-10
angular_even_odd,shockley_112,1.75,0.3333333333333333,0.6344523400273401,1.4311946851867186,6.080511892953213,-1.0174390338109197e-16,-1.3900685878734458,2.863782463805517e-10
angular_even_odd,shockley_112,2.0,0.0,0.7614104094494094,1.7175861171902669,3.7552028919342315,-4.1248186356921337e-17,-1.4644559258991163,2.863782463805517e-10
angular_even_odd,shockley_112,2.0,0.016666666666666666,0.761409171052198,1.7175833236195046,3.7551719097072445,-0.000600354581026991,-1.4643251331284528,2.863782463805517e-10
angular_even_odd,shockley_112,2.0,0.03333333333333333,0.7614065668471313,1.7175774490656328,3.755047974632678,-0.0007449596728612471,-1.4639373227375403,2.863782463805517e-10
angular_even_odd,shockley_112,2.0,0.05,0.7614042564865076,1.7175722373647109,3.754788063946682,-0.0004436731241175142,-1.4633056731631318,2.863782463805517e-10
angular_even_odd,shockley_112,2.0,0.06666666666666667,0.7614038191514286,1.717571250826241,3.7543556670077596,0.00026964210010167104,-1.4624512639187193,2.863782463805517e-10
angular_even_odd,shockley_112,2.0,0.08333333333333333,0.7614066683833005,1.7175776781104588,3.7537229035738577,0.0013388268177490328,-1.461402138539245,2.863782463805517e-10
angular_even_odd,shockley_112,2.0,0.1,0.7614139750784795,1.7175941605200058,3.7528722528235305,0.0026881548652122824,-1.4601920960119914,2.863782463805517e-10
angular_even_odd,shockley_112,2.0,0.11666666666666667,0.7614266021743517,1.7176226446650888,3.7517978120723323,0.004225960397560655,-1.458859280131159,2.863782463805517e-10
angular_even_odd,shockley_112,2.0,0.13333333333333333,0.7614450540325248,1.7176642682823147,3.750506024856274,0.005849001313643809,-1.4574446414925601,2.863782463805517e-10
angular_even_odd,shockley_112,2.0,0.15,0.7614694428690446,1.7177192845081253,3.7490158414799515,0.007447364292733239,-1.4559903463096306,2.863782463805517e-10
angular_even_odd,shockley_112,2.0,0.16666666666666666,0.7614994738220962,1.717787028194588,3.747358300234343,0.0089096928883941,-1.454538200810548,2.863782463805517e-10
angular_even_odd,shockley_112,2.0,0.18333333333333332,0.7615344494169667,1.717865925981438,3.745575543175994,0.010128505680985476,-1.4531281510497303,2.863782463805517e-10
angular_even_odd,shockley_112,2.0,0.2,0.7615732933234562,1.7179535498879357,3.7437193054919486,0.011005367285278393,-1.4517969071741912,2.863782463805517e-10
angular_even_odd,shockley_112,2.0,0.21666666666666667,0.7616145924395933,1.7180467122451204,3.7418489409421185,0.01145568123442345,-1.4505767302007375,2.863782463805517e-10
angular_even_odd,shockley_112,2.0,0.23333333333333334,0.7616566555163815,1.7181415979412458,3.7400290666323737,0.011412890143976624,-1.4494944096649056,2.863782463805517e-10
angular_even_odd,shockley_112,2.0,0.25,0.7616975857960855,1.7182339282788925,3.738326927507913,0.01083189437763286,-1.4485704531560022,2.863782463805517e-10
angular_even_odd,shockley_112,2.0,0.26666666666666666,0.7617353645051281,1.7183191493178642,3.736809593709169,0.0096915345500934,-1.447818504201771,2.863782463805517e-10
angular_even_odd,shockley_112,2.0,0.2833333333333333,0.7617679415489815,1.718392636464306,3.7355411117406487,0.007996024107560961,-1.4472450029215738,2.863782463805517e-10
angular_even_odd,shockley_112,2.0,0.3,0.7617933294222224,1.7184499063125804,3.7345797329273163,0.0057752641223847824,-1.4468491032996829,2.863782463805517e-10
angular_even_odd,shockley_112,2.0,0.31666666666666665,0.7618096961875378,1.7184868263868793,3.733975339769246,0.003084021311340272,-1.4466228602172562,2.863782463805517e-10
angular_even_odd,shockley_112,2.0,0.3333333333333333,0.7618154533985756,1.7184998134771918,3.733767182688293,-1.8159672698971513e-17,-1.4465516966211056,2.863782463805517e-10
Mishin_source_rigid,direct_110,0.9,0.0,0.0820296635868549,0.18504213972652725,-18.422029463706654,8.270309567428364e-16,1.184238722225252,1e-10
Mishin_source_rigid,direct_110,0.9,0.05,0.09402568296280855,0.21210270533736877,-19.235160087942447,3.7263316218071774,1.0103373773781583,1e-10
Mishin_source_rigid,direct_110,0.9,0.1,0.12784525815276437,0.2883927482822046,-21.808658637064884,6.814075719271028,0.6612237278420614,1e-10
Mishin_source_rigid,direct_110,0.9,0.15000000000000002,0.17982702328999337,0.40565297619439183,-25.544929109697076,9.538076397884563,0.4824018474850208,1e-10
Mishin_source_rigid,direct_110,0.9,0.2,0.247966395376634,0.5593614599209361,-29.989007767051586,11.78368072759489,0.20109391962736278,1e-10
Mishin_source_rigid,direct_110,0.9,0.25,0.3267466588608553,0.737073617766186,-34.23059058368373,12.744887249367055,-0.20946458520505176,1e-10
Mishin_source_rigid,direct_110,0.9,0.30000000000000004,0.4059807174761911,0.9158094445914994,-37.51064395065706,11.948756575378107,-0.6162247716230513,1e-10
Mishin_source_rigid,direct_110,0.9,0.35000000000000003,0.4760659659153383,1.0739074272891058,-39.85540264419459,10.014056851197525,-0.7689885526019524,1e-10
Mishin_source_rigid,direct_110,0.9,0.4,0.5315370606324924,1.1990388688994542,-41.1659061116942,7.349177009067207,-0.92908584664459,1e-10
Mishin_source_rigid,direct_110,0.9,0.45,0.5682646946429466,1.2818888976234084,-41.61561156332883,4.106909371677219,-1.1353027311152533,1e-10
Mishin_source_rigid,direct_110,0.9,0.5,0.5816511128149726,1.312085918475542,-41.63713514203903,4.485763445371403e-17,-1.3307001821133104,1e-10
Mishin_source_rigid,direct_110,0.9,0.55,0.5682646946429465,1.281888897623408,-41.61561156332883,-4.106909371677231,-1.1353027311152526,1e-10
Mishin_source_rigid,direct_110,0.9,0.6000000000000001,0.5315370606324923,1.199038868899454,-41.165906111694206,-7.349177009067224,-0.9290858466445889,1e-10
Mishin_source_rigid,direct_110,0.9,0.65,0.47606596591533823,1.0739074272891056,-39.8554026441946,-10.014056851197525,-0.7689885526019522,1e-10
Mishin_source_rigid,direct_110,0.9,0.7000000000000001,0.40598071747619113,0.9158094445914996,-37.51064395065706,-11.948756575378116,-0.616224771623051,1e-10
Mishin_source_rigid,direct_110,0.9,0.75,0.3267466588608553,0.737073617766186,-34.230590583683735,-12.744887249367055,-0.20946458520505198,1e-10
Mishin_source_rigid,direct_110,0.9,0.8,0.24796639537663406,0.5593614599209362,-29.989007767051586,-11.783680727594893,0.201093919627363,1e-10
Mishin_source_rigid,direct_110,0.9,0.8500000000000001,0.1798270232899927,0.4056529761943904,-25.544929109697033,-9.538076397884538,0.482401847485022,1e-10
Mishin_source_rigid,direct_110,0.9,0.9,0.12784525815276432,0.2883927482822045,-21.808658637064887,-6.814075719271033,0.6612237278420612,1e-10
Mishin_source_rigid,direct_110,0.9,0.9500000000000001,0.09402568296280867,0.21210270533736902,-19.235160087942464,-3.7263316218071725,1.0103373773781616,1e-10
Mishin_source_rigid,direct_110,0.9,1.0,0.0820296635868549,0.18504213972652725,-18.422029463706654,8.270309567428364e-16,1.184238722225252,1e-10
Mishin_source_rigid,direct_110,0.9500000000000001,0.0,0.01764906045111414,0.03981266979815251,-7.193030369704925,-3.0118300381570427e-16,0.7791172354784404,1e-10
Mishin_source_rigid,direct_110,0.9500000000000001,0.05,0.02540882492473248,0.05731711098669744,-7.948173685961598,2.407877142292263,0.6577925432095888,1e-10
Mishin_source_rigid,direct_110,0.9500000000000001,0.1,0.04780971709601414,0.10784894103337604,-9.713356786117185,4.6143964078059225,0.5050151311930748,1e-10
Mishin_source_rigid,direct_110,0.9500000000000001,0.15000000000000002,0.08340099196659409,0.18813557600992697,-12.318396852675653,6.566220959613387,0.3617534284579501,1e-10
Mishin_source_rigid,direct_110,0.9500000000000001,0.2,0.13095208398417196,0.2954011117749135,-15.747011291009692,8.358376485304275,0.17840417276077475,1e-10
Mishin_source_rigid,direct_110,0.9500000000000001,0.25,0.18777461961918382,0.42358112762316064,-19.7141355225227,9.344714106929365,-0.20255594151281597,1e-10
Mishin_source_rigid,direct_110,0.9500000000000001,0.30000000000000004,0.24699351148338863,0.5571668328867659,-23.597980492488063,9.137842862460696,-0.4372191329397895,1e-10
Mishin_source_rigid,direct_110,0.9500000000000001,0.35000000000000003,0.301897059333893,0.6810180048725929,-26.810478141652826,8.039094202114352,-0.5657262773933401,1e-10
Mishin_source_rigid,direct_110,0.9500000000000001,0.4,0.34791287077063704,0.7848202617292458,-29.069712748633616,6.3592884569792965,-0.674275211885269,1e-10
Mishin_source_rigid,direct_110,0.9500000000000001,0.45,0.3805282695347331,0.8583939290033048,-30.261146961479888,3.7125818514130464,-1.0147542002103114,1e-10
Mishin_source_rigid,direct_110,0.9500000000000001,0.5,0.39275423804056564,0.8859732128090099,-30.70698376202272,1.6254781371227576e-16,-1.245806413556113,1e-10
Mishin_source_rigid,direct_110,0.9500000000000001,0.55,0.38052826953473307,0.8583939290033048,-30.261146961479888,-3.712581851413061,-1.0147542002103107,1e-10
Mishin_source_rigid,direct_110,0.9500000000000001,0.6000000000000001,0.34791287077063693,0.7848202617292455,-29.069712748633602,-6.359288456979306,-0.6742752118852683,1e-10
Mishin_source_rigid,direct_110,0.9500000000000001,0.65,0.3018970593338929,0.6810180048725928,-26.81047814165283,-8.039094202114352,-0.5657262773933401,1e-10
Mishin_source_rigid,direct_110,0.9500000000000001,0.7000000000000001,0.24699351148338863,0.5571668328867659,-23.59798049248806,-9.137842862460701,-0.4372191329397891,1e-10
Mishin_source_rigid,direct_110,0.9500000000000001,0.75,0.18777461961918376,0.42358112762316047,-19.71413552252269,-9.344714106929365,-0.20255594151281608,1e-10
Mishin_source_rigid,direct_110,0.9500000000000001,0.8,0.130952083984172,0.2954011117749136,-15.747011291009692,-8.358376485304275,0.17840417276077492,1e-10
Mishin_source_rigid,direct_110,0.9500000000000001,0.8500000000000001,0.08340099196659406,0.18813557600992692,-12.318396852675658,-6.56622095961339,0.3617534284579504,1e-10
Mishin_source_rigid,direct_110,0.9500000000000001,0.9,0.047809717096013865,0.1078489410333754,-9.713356786117156,-4.61439640780591,0.5050151311930748,1e-10
Mishin_source_rigid,direct_110,0.9500000000000001,0.9500000000000001,0.02540882492473237,0.057317110986697194,-7.948173685961606,-2.4078771422922665,0.6577925432095888,1e-10
Mishin_source_rigid,direct_110,0.9500000000000001,1.0,0.01764906045111414,0.03981266979815251,-7.193030369704925,-3.0118300381570427e-16,0.7791172354784404,1e-10
Mishin_source_rigid,direct_110,1.0,0.0,0.0,0.0,-0.0002726757163312677,-3.021849742174236e-21,0.5357223636791099,1e-10
Mishin_source_rigid,direct_110,1.0,0.05,0.00543870516809479,0.012268606229018524,-0.22778516248209077,1.687140665032684,0.48259900592867727,1e-10
Mishin_source_rigid,direct_110,1.0,0.1,0.021077812658419667,0.04754723333637894,-1.0669209374946502,3.2126326139169827,0.3850001927847555,1e-10
Mishin_source_rigid,direct_110,1.0,0.15000000000000002,0.045958915729129024,0.10367391177978678,-2.6421961191146703,4.597782715138331,0.2700213064602465,1e-10
Mishin_source_rigid,direct_110,1.0,0.2,0.07883105230771176,0.17782672704085462,-4.975429813061103,5.688302910296393,0.04330297010229367,1e-10
Mishin_source_rigid,direct_110,1.0,0.25,0.11722199654206494,0.26442884335606637,-8.064840175190925,6.328574015688163,-0.13545638188061387,1e-10
Mishin_source_rigid,direct_110,1.0,0.30000000000000004,0.15802809176196342,0.3564790462120054,-11.212625592012825,6.437222914934479,-0.24563845719574176,1e-10
Mishin_source_rigid,direct_110,1.0,0.35000000000000003,0.19770314889094726,0.4459778585184337,-13.867530129385933,5.971003822814739,-0.33136092218315866,1e-10
Mishin_source_rigid,direct_110,1.0,0.4,0.23266009552269998,0.5248335787567171,-15.872131757810523,4.919162699803614,-0.5117752061858917,1e-10
Mishin_source_rigid,direct_110,1.0,0.45,0.2580401702764176,0.5820858352392089,-17.380923299751263,2.876706700180379,-0.8381345294942337,1e-10
Mishin_source_rigid,direct_110,1.0,0.5,0.26732847628894085,0.6030383534361442,-18.021374975276903,2.5578863526251045e-17,-0.9225891962312247,1e-10
Mishin_source_rigid,direct_110,1.0,0.55,0.2580401702764177,0.582085835239209,-17.380923299751263,-2.876706700180389,-0.8381345294942328,1e-10
Mishin_source_rigid,direct_110,1.0,0.6000000000000001,0.23266009552269987,0.5248335787567169,-15.872131757810523,-4.919162699803623,-0.5117752061858907,1e-10
Mishin_source_rigid,direct_110,1.0,0.65,0.19770314889094726,0.4459778585184337,-13.867530129385933,-5.971003822814739,-0.3313609221831587,1e-10
Mishin_source_rigid,direct_110,1.0,0.7000000000000001,0.15802809176196336,0.35647904621200527,-11.21262559201283,-6.437222914934479,-0.24563845719574176,1e-10
Mishin_source_rigid,direct_110,1.0,0.75,0.11722199654206501,0.26442884335606653,-8.064840175190922,-6.328574015688166,-0.13545638188061396,1e-10
Mishin_source_rigid,direct_110,1.0,0.8,0.07883105230771181,0.17782672704085473,-4.975429813061103,-5.688302910296392,0.04330297010229367,1e-10
Mishin_source_rigid,direct_110,1.0,0.8500000000000001,0.04595891572912908,0.10367391177978692,-2.6421961191146726,-4.597782715138328,0.2700213064602475,1e-10
Mishin_source_rigid,direct_110,1.0,0.9,0.021077812658419667,0.04754723333637894,-1.066920937494648,-3.212632613916983,0.3850001927847552,1e-10
Mishin_source_rigid,direct_110,1.0,0.9500000000000001,0.005438705168094804,0.012268606229018554,-0.22778516248209577,-1.6871406650326768,0.4825990059286781,1e-10
Mishin_source_rigid,direct_110,1.0,1.0,0.0,0.0,-0.0002726757163312677,-3.021849742174236e-21,0.5357223636791099,1e-10
Mishin_source_rigid,direct_110,1.05,0.0,0.015251689524085829,0.03440469143206087,5.682257403554667,-1.5484619312614517e-16,0.4228189629750616,1e-10
Mishin_source_rigid,direct_110,1.05,0.05,0.019562362294330733,0.044128687340229095,5.4695545686087845,1.3489163172397831,0.3919414258445009,1e-10
Mishin_source_rigid,direct_110,1.05,0.1,0.03194767798488308,0.07206742579600395,4.829925832974537,2.489712941334451,0.2547425708390788,1e-10
Mishin_source_rigid,direct_110,1.05,0.15000000000000002,0.05038722400730448,0.11366326932840888,3.7888263749343767,3.2688046484003883,0.08747544553310399,1e-10
Mishin_source_rigid,direct_110,1.05,0.2,0.07296587975954547,0.1645960976475153,2.1674674553591085,3.8242218983729677,0.0034137082102927707,1e-10
Mishin_source_rigid,direct_110,1.05,0.25,0.09847221626787067,0.2221331748182385,0.2727205760744248,4.1755985323756875,-0.07078167560455842,1e-10
Mishin_source_rigid,direct_110,1.05,0.30000000000000004,0.12561836178406696,0.2833693256446524,-1.8324185891079465,4.339084830449297,-0.12965047158355278,1e-10
Mishin_source_rigid,direct_110,1.05,0.35000000000000003,0.1529910886209047,0.34511659757726415,-3.928727599816483,4.221035960409983,-0.23172516416016958,1e-10
Mishin_source_rigid,direct_110,1.05,0.4,0.17777755118058905,0.4010297863890056,-5.888882516362884,3.4371804980556986,-0.4825222370338753,1e-10
Mishin_source_rigid,direct_110,1.05,0.45,0.19478029951492168,0.4393845082718432,-7.553878433055258,1.8409555461281029,-0.5860404426461377,1e-10
Mishin_source_rigid,direct_110,1.05,0.5,0.2006777185526618,0.45268787914879344,-8.169466434392774,-3.1488974063707316e-17,-0.5800719533500451,1e-10
Mishin_source_rigid,direct_110,1.05,0.55,0.19478029951492148,0.43938450827184283,-7.553878433055252,-1.840955546128113,-0.586040442646137,1e-10
Mishin_source_rigid,direct_110,1.05,0.6000000000000001,0.17777755118058908,0.4010297863890056,-5.888882516362886,-3.4371804980557084,-0.4825222370338753,1e-10
Mishin_source_rigid,direct_110,1.05,0.65,0.15299108862090477,0.34511659757726426,-3.9287275998164803,-4.221035960409983,-0.23172516416016958,1e-10
Mishin_source_rigid,direct_110,1.05,0.7000000000000001,0.12561836178406693,0.2833693256446523,-1.8324185891079485,-4.339084830449297,-0.1296504715835533,1e-10
Mishin_source_rigid,direct_110,1.05,0.75,0.09847221626787056,0.22213317481823824,0.272720576074421,-4.1755985323756875,-0.0707816756045584,1e-10
Mishin_source_rigid,direct_110,1.05,0.8,0.07296587975954541,0.16459609764751515,2.1674674553591076,-3.8242218983729677,0.0034137082102930205,1e-10
Mishin_source_rigid,direct_110,1.05,0.8500000000000001,0.05038722400730448,0.11366326932840888,3.7888263749343727,-3.268804648400387,0.0874754455331056,1e-10
Mishin_source_rigid,direct_110,1.05,0.9,0.03194767798488302,0.07206742579600382,4.829925832974531,-2.4897129413344476,0.25474257083907986,1e-10
Mishin_source_rigid,direct_110,1.05,0.9500000000000001,0.019562362294330733,0.044128687340229095,5.469554568608778,-1.34891631723978,0.3919414258445009,1e-10
Mishin_source_rigid,direct_110,1.05,1.0,0.015251689524085829,0.03440469143206087,5.682257403554667,-1.5484619312614517e-16,0.4228189629750616,1e-10
Mishin_source_rigid,direct_110,1.1,0.0,0.05670265774764763,0.12790959585852854,10.052335279707442,5.139781488270266e-16,0.29708402511700566,1e-10
Mishin_source_rigid,direct_110,1.1,0.05,0.05966757360663051,0.134597839484865,9.721654173770906,0.9105297475795024,0.2170242087878492,1e-10
Mishin_source_rigid,direct_110,1.1,0.1,0.0679313454449023,0.15323921818010414,8.778597288328202,1.667694968357339,0.08021720817678449,1e-10
Mishin_source_rigid,direct_110,1.1,0.15000000000000002,0.08041447212589459,0.18139859822050056,7.5503746454124805,2.2347591399728732,0.021714678998544498,1e-10
Mishin_source_rigid,direct_110,1.1,0.2,0.09607128618242043,0.2167171677188665,6.30871523073609,2.677037547657696,-0.003095399160591178,1e-10
Mishin_source_rigid,direct_110,1.1,0.25,0.11406664159190175,0.25731100809935253,5.1673526778371,2.9538460870282637,-0.0500112914353745,1e-10
Mishin_source_rigid,direct_110,1.1,0.30000000000000004,0.13288053258645044,0.29975129730676575,3.9894474773659785,2.930159876769813,-0.15199405503937785,1e-10
Mishin_source_rigid,direct_110,1.1,0.35000000000000003,0.15078174354127122,0.34013276705726225,2.442409404702865,2.6584493115729417,-0.28227778588624675,1e-10
Mishin_source_rigid,direct_110,1.1,0.4,0.165599988179771,0.37355969549999385,0.6636822093292529,1.921965535335549,-0.40643072644499706,1e-10
Mishin_source_rigid,direct_110,1.1,0.45,0.17470516678291226,0.3940991157248921,-0.6825496439174171,0.9375189824682286,-0.3426311399682036,1e-10
Mishin_source_rigid,direct_110,1.1,0.5,0.1776499502579381,0.40074194481163017,-1.204848556819543,-7.791555306737331e-18,-0.28616900922789235,1e-10
Mishin_source_rigid,direct_110,1.1,0.55,0.17470516678291226,0.3940991157248921,-0.6825496439174114,-0.9375189824682344,-0.3426311399682048,1e-10
Mishin_source_rigid,direct_110,1.1,0.6000000000000001,0.16559998817977092,0.3735596954999936,0.6636822093292635,-1.9219655353355505,-0.40643072644499767,1e-10
Mishin_source_rigid,direct_110,1.1,0.65,0.15078174354127127,0.34013276705726236,2.4424094047028633,-2.6584493115729417,-0.28227778588624663,1e-10
Mishin_source_rigid,direct_110,1.1,0.7000000000000001,0.1328805325864505,0.29975129730676586,3.9894474773659825,-2.9301598767698125,-0.15199405503937652,1e-10
Mishin_source_rigid,direct_110,1.1,0.75,0.11406664159190169,0.2573110080993524,5.1673526778371,-2.9538460870282637,-0.05001129143537443,1e-10
Mishin_source_rigid,direct_110,1.1,0.8,0.09607128618242032,0.21671716771886623,6.308715230736094,-2.6770375476576977,-0.0030953991605911224,1e-10
Mishin_source_rigid,direct_110,1.1,0.8500000000000001,0.08041447212589448,0.1813985982205003,7.550374645412495,-2.2347591399728675,0.02171467899854676,1e-10
Mishin_source_rigid,direct_110,1.1,0.9,0.0679313454449023,0.15323921818010414,8.778597288328205,-1.6676949683573383,0.08021720817678533,1e-10
Mishin_source_rigid,direct_110,1.1,0.9500000000000001,0.05966757360663047,0.13459783948486492,9.721654173770911,-0.9105297475795038,0.2170242087878491,1e-10
Mishin_source_rigid,direct_110,1.1,1.0,0.05670265774764763,0.12790959585852854,10.052335279707442,5.139781488270266e-16,0.29708402511700566,1e-10
Mishin_source_rigid,direct_110,1.15,0.0,0.11615608939717341,0.26202437489653546,12.554650194900285,-3.296283036288022e-16,0.09244333671707887,1e-10
Mishin_source_rigid,direct_110,1.15,0.05,0.11710138536954476,0.26415676922504877,12.125380735524155,0.3021470310547018,0.009783165462924862,1e-10
Mishin_source_rigid,direct_110,1.15,0.1,0.12028102530560025,0.2713293864418029,11.183820814335338,0.7214258788407389,-0.02637577624636238,1e-10
Mishin_source_rigid,direct_110,1.15,0.15000000000000002,0.12642329821730364,0.28518509756711363,9.992964164798327,1.2190256913928421,-0.051898299921999444,1e-10
Mishin_source_rigid,direct_110,1.15,0.2,0.13566238602385733,0.30602658956026046,8.748422733674433,1.6877320364132558,-0.05841440659108496,1e-10
Mishin_source_rigid,direct_110,1.15,0.25,0.14762554914993853,0.3330130381929999,7.530093623598757,2.0352517446222285,-0.12990934722791714,1e-10
Mishin_source_rigid,direct_110,1.15,0.30000000000000004,0.16066371993614667,0.3624244841858915,6.357590530866943,1.997626296910943,-0.23477150327252025,1e-10
Mishin_source_rigid,direct_110,1.15,0.35000000000000003,0.17195448866317348,0.38789414861032534,5.226157284494876,1.4869849276586298,-0.34359387963649174,1e-10
Mishin_source_rigid,direct_110,1.15,0.4,0.17928843597779817,0.40443803340028134,4.132369507866219,0.8280700930924497,-0.2784132125083149,1e-10
Mishin_source_rigid,direct_110,1.15,0.45,0.1827081696957209,0.41215225307142944,3.322150532408015,0.2808582774479045,-0.1598635475990243,1e-10
Mishin_source_rigid,direct_110,1.15,0.5,0.18345415559028785,0.41383504463853504,3.0368695941316415,-6.128164544396762e-17,-0.05406302677418582,1e-10
Mishin_source_rigid,direct_110,1.15,0.55,0.1827081696957207,0.41215225307142894,3.3221505324080165,-0.2808582774479067,-0.15986354759902457,1e-10
Mishin_source_rigid,direct_110,1.15,0.6000000000000001,0.17928843597779817,0.40443803340028134,4.132369507866227,-0.8280700930924474,-0.2784132125083164,1e-10
Mishin_source_rigid,direct_110,1.15,0.65,0.17195448866317337,0.3878941486103251,5.226157284494875,-1.4869849276586298,-0.34359387963649185,1e-10
Mishin_source_rigid,direct_110,1.15,0.7000000000000001,0.16066371993614673,0.3624244841858916,6.357590530866942,-1.997626296910943,-0.23477150327252166,1e-10
Mishin_source_rigid,direct_110,1.15,0.75,0.14762554914993853,0.3330130381929999,7.530093623598759,-2.035251744622229,-0.1299093472279172,1e-10
Mishin_source_rigid,direct_110,1.15,0.8,0.13566238602385744,0.3060265895602607,8.748422733674431,-1.6877320364132564,-0.05841440659108478,1e-10
Mishin_source_rigid,direct_110,1.15,0.8500000000000001,0.12642329821730364,0.28518509756711363,9.992964164798336,-1.2190256913928381,-0.05189829992199989,1e-10
Mishin_source_rigid,direct_110,1.15,0.9,0.1202810253056002,0.27132938644180277,11.18382081433534,-0.7214258788407382,-0.026375776246362462,1e-10
Mishin_source_rigid,direct_110,1.15,0.9500000000000001,0.11710138536954476,0.26415676922504877,12.125380735524157,-0.30214703105470153,0.009783165462925347,1e-10
Mishin_source_rigid,direct_110,1.15,1.0,0.11615608939717341,0.26202437489653546,12.554650194900285,-3.296283036288022e-16,0.09244333671707887,1e-10
Mishin_source_rigid,direct_110,1.2,0.0,0.1829129464964322,0.412614187641353,12.928465594755615,-9.740106423459831e-17,-0.10769092783991424,1e-10
Mishin_source_rigid,direct_110,1.2,0.05,0.18231182507078253,0.4112581806802871,12.774416538914197,-0.15477684353404136,-0.12385769587257997,1e-10
Mishin_source_rigid,direct_110,1.2,0.1,0.1814922614365364,0.40940941278472714,12.234173682350729,-0.059104930073829366,-0.12087788040847028,1e-10
Mishin_source_rigid,direct_110,1.2,0.15000000000000002,0.1820230888168693,0.4106068507600545,11.313666313069161,0.2500786514823932,-0.1313870202862376,1e-10
Mishin_source_rigid,direct_110,1.2,0.2,0.18485940218930896,0.41700499348577086,10.094189954874754,0.6429402870700932,-0.2127381827769479,1e-10
Mishin_source_rigid,direct_110,1.2,0.25,0.18994954186929164,0.4284873072818478,8.642423402508818,0.9378031581476368,-0.3055870503570529,1e-10
Mishin_source_rigid,direct_110,1.2,0.30000000000000004,0.19629893453191744,0.44281023819344634,7.21935278840223,1.0047512179374871,-0.3332084715674931,1e-10
Mishin_source_rigid,direct_110,1.2,0.35000000000000003,0.20205559461435843,0.4557960856631886,6.231643330601812,0.7589273576667652,-0.22179096106056329,1e-10
Mishin_source_rigid,direct_110,1.2,0.4,0.2054857858462198,0.46353389534642264,5.773193323421165,0.3161802407477685,-0.1392192764231457,1e-10
Mishin_source_rigid,direct_110,1.2,0.45,0.20648192594703757,0.4657809836272072,5.676300739899996,0.055934987708082244,-0.025472665898926966,1e-10
Mishin_source_rigid,direct_110,1.2,0.5,0.20665060049111222,0.46616147889182474,5.714389460354341,4.7810420388493694e-17,-0.014848238475323319,1e-10
Mishin_source_rigid,direct_110,1.2,0.55,0.20648192594703746,0.46578098362720693,5.676300739899991,-0.05593498770808456,-0.025472665898927705,1e-10
Mishin_source_rigid,direct_110,1.2,0.6000000000000001,0.2054857858462198,0.46353389534642264,5.773193323421166,-0.3161802407477731,-0.13921927642314458,1e-10
Mishin_source_rigid,direct_110,1.2,0.65,0.20205559461435832,0.45579608566318836,6.231643330601809,-0.7589273576667647,-0.22179096106056329,1e-10
Mishin_source_rigid,direct_110,1.2,0.7000000000000001,0.19629893453191744,0.44281023819344634,7.21935278840223,-1.0047512179374885,-0.33320847156749334,1e-10
Mishin_source_rigid,direct_110,1.2,0.75,0.18994954186929164,0.4284873072818478,8.642423402508815,-0.9378031581476365,-0.30558705035705314,1e-10
Mishin_source_rigid,direct_110,1.2,0.8,0.1848594021893089,0.4170049934857708,10.094189954874754,-0.642940287070093,-0.21273818277694795,1e-10
Mishin_source_rigid,direct_110,1.2,0.8500000000000001,0.18202308881686924,0.41060685076005443,11.313666313069165,-0.2500786514823881,-0.13138702028623783,1e-10
Mishin_source_rigid,direct_110,1.2,0.9,0.18149226143653643,0.40940941278472726,12.234173682350729,0.05910493007382944,-0.12087788040847039,1e-10
Mishin_source_rigid,direct_110,1.2,0.9500000000000001,0.18231182507078258,0.41125818068028713,12.774416538914197,0.15477684353404103,-0.12385769587258016,1e-10
Mishin_source_rigid,direct_110,1.2,1.0,0.1829129464964322,0.412614187641353,12.928465594755615,-9.740106423459831e-17,-0.10769092783991424,1e-10
Mishin_source_rigid,direct_110,1.25,0.0,0.24853683654490835,0.5606482584978171,12.28876410039808,-5.144450842300629e-16,-0.3603016129009311,1e-10
Mishin_source_rigid,direct_110,1.25,0.05,0.24749667253340363,0.5583018612807717,12.255658208850836,-0.31489065902691526,-0.33617116608495634,1e-10
Mishin_source_rigid,direct_110,1.25,0.1,0.24488361245236684,0.5524073323081269,12.032397964335113,-0.4799245601853058,-0.313229030479358,1e-10
Mishin_source_rigid,direct_110,1.25,0.15000000000000002,0.24173197049160955,0.5452978727959231,11.485324258880224,-0.4964402609289159,-0.3730134653008689,1e-10
Mishin_source_rigid,direct_110,1.25,0.2,0.23863824738652914,0.5383190663733011,10.457993488930795,-0.4729439326905229,-0.4418906336191137,1e-10
Mishin_source_rigid,direct_110,1.25,0.25,0.2359598915921785,0.532277243629376,9.012639538279817,-0.3340251282544305,-0.39860058190072817,1e-10
Mishin_source_rigid,direct_110,1.25,0.30000000000000004,0.23496346188547534,0.5300295020569604,7.710677801694692,0.032158701910992474,-0.17718350703850763,1e-10
Mishin_source_rigid,direct_110,1.25,0.35000000000000003,0.23605647713431496,0.5324951208533225,6.902381970208871,0.2660429384274442,-0.04889754562458857,1e-10
Mishin_source_rigid,direct_110,1.25,0.4,0.23783988132130846,0.5365181158569423,6.661716042295748,0.27611956376966756,-0.005751177292491243,1e-10
Mishin_source_rigid,direct_110,1.25,0.45,0.23947220500407063,0.5402003041505073,6.819277562471538,0.2104686615635965,-0.06753444392401256,1e-10
Mishin_source_rigid,direct_110,1.25,0.5,0.24016879533533586,0.5417716694319661,6.944653218840638,6.355497680402987e-17,-0.07019607141693977,1e-10
Mishin_source_rigid,direct_110,1.25,0.55,0.23947220500407057,0.5402003041505072,6.819277562471539,-0.21046866156359859,-0.06753444392401303,1e-10
Mishin_source_rigid,direct_110,1.25,0.6000000000000001,0.2378398813213084,0.5365181158569421,6.661716042295749,-0.27611956376967084,-0.005751177292490473,1e-10
Mishin_source_rigid,direct_110,1.25,0.65,0.23605647713431496,0.5324951208533225,6.902381970208871,-0.2660429384274441,-0.04889754562458854,1e-10
Mishin_source_rigid,direct_110,1.25,0.7000000000000001,0.23496346188547523,0.5300295020569602,7.710677801694692,-0.032158701910991655,-0.1771835070385064,1e-10
Mishin_source_rigid,direct_110,1.25,0.75,0.23595989159217762,0.532277243629374,9.012639538279815,0.33402512825443026,-0.39860058190072845,1e-10
Mishin_source_rigid,direct_110,1.25,0.8,0.2386382473865292,0.5383190663733012,10.457993488930795,0.47294393269052276,-0.4418906336191135,1e-10
Mishin_source_rigid,direct_110,1.25,0.8500000000000001,0.24173197049160972,0.5452978727959236,11.485324258880226,0.49644026092891685,-0.37301346530086965,1e-10
Mishin_source_rigid,direct_110,1.25,0.9,0.24488361245236684,0.5524073323081269,12.032397964335114,0.47992456018530616,-0.3132290304793584,1e-10
Mishin_source_rigid,direct_110,1.25,0.9500000000000001,0.2474966725334028,0.5583018612807699,12.255658208850834,0.3148906590269191,-0.3361711660849601,1e-10
Mishin_source_rigid,direct_110,1.25,1.0,0.24853683654490835,0.5606482584978171,12.28876410039808,-5.144450842300629e-16,-0.3603016129009311,1e-10
Mishin_source_rigid,direct_110,1.3,0.0,0.3094251154000896,0.6979997592960442,11.137821303977423,1.9405214342906045e-16,-0.5119543303278065,1e-10
Mishin_source_rigid,direct_110,1.3,0.05,0.3082677767247852,0.6953890400086264,11.105603655293667,-0.3693423465288156,-0.5388217157044045,1e-10
Mishin_source_rigid,direct_110,1.3,0.1,0.30470325986433167,0.6873482191871291,10.922720173931786,-0.7439212251494337,-0.5751826753777495,1e-10
Mishin_source_rigid,direct_110,1.3,0.15000000000000002,0.29890283037864596,0.6742636368978495,10.436143585382174,-1.0829420945357167,-0.6241975378806963,1e-10
Mishin_source_rigid,direct_110,1.3,0.2,0.2910808525118591,0.6566188550217025,9.64818531048688,-1.34948641405254,-0.5232335273547528,1e-10
Mishin_source_rigid,direct_110,1.3,0.25,0.28260811665572083,0.637506096251243,8.89893102115206,-1.2403247505511232,-0.26231011102117535,1e-10
Mishin_source_rigid,direct_110,1.3,0.30000000000000004,0.27623880238595283,0.6231382262694205,8.166175805545409,-0.7156029892846059,-0.09290303247917894,1e-10
Mishin_source_rigid,direct_110,1.3,0.35000000000000003,0.2735936915397903,0.617171397327479,7.533687048944357,-0.14572684571951935,-0.0021820076104228092,1e-10
Mishin_source_rigid,direct_110,1.3,0.4,0.2738902747086681,0.6178404282825789,7.151506916203373,0.18806459047528123,-0.03733852305959675,1e-10
Mishin_source_rigid,direct_110,1.3,0.45,0.2752923089191252,0.6210031306383929,6.87655647221352,0.2026689317404803,-0.16120670035511486,1e-10
Mishin_source_rigid,direct_110,1.3,0.5,0.27599546934471775,0.6225893167085684,6.741553528770993,-3.072888533456607e-17,-0.15915120251342552,1e-10
Mishin_source_rigid,direct_110,1.3,0.55,0.27529230891912515,0.6210031306383927,6.87655647221352,-0.2026689317404804,-0.16120670035511553,1e-10
Mishin_source_rigid,direct_110,1.3,0.6000000000000001,0.2738902747086681,0.6178404282825789,7.1515069162033775,-0.18806459047528298,-0.03733852305959713,1e-10
Mishin_source_rigid,direct_110,1.3,0.65,0.27359369153979024,0.6171713973274789,7.533687048944354,0.14572684571951947,-0.0021820076104227953,1e-10
Mishin_source_rigid,direct_110,1.3,0.7000000000000001,0.2762388023859528,0.6231382262694204,8.166175805545413,0.7156029892846056,-0.09290303247918022,1e-10
Mishin_source_rigid,direct_110,1.3,0.75,0.28260811665572083,0.637506096251243,8.89893102115206,1.2403247505511232,-0.26231011102117535,1e-10
Mishin_source_rigid,direct_110,1.3,0.8,0.2910808525118591,0.6566188550217025,9.64818531048688,1.3494864140525398,-0.5232335273547528,1e-10
Mishin_source_rigid,direct_110,1.3,0.8500000000000001,0.2989028303786459,0.6742636368978493,10.43614358538218,1.0829420945357158,-0.6241975378806932,1e-10
Mishin_source_rigid,direct_110,1.3,0.9,0.30470325986433155,0.6873482191871287,10.922720173931786,0.7439212251494344,-0.5751826753777494,1e-10
Mishin_source_rigid,direct_110,1.3,0.9500000000000001,0.3082677767247852,0.6953890400086264,11.105603655293669,0.3693423465288165,-0.5388217157044041,1e-10
Mishin_source_rigid,direct_110,1.3,1.0,0.3094251154000896,0.6979997592960442,11.137821303977423,1.9405214342906045e-16,-0.5119543303278065,1e-10
Mishin_source_rigid,direct_110,1.35,0.0,0.36322448896051995,0.8193601399713599,9.52986975531364,-4.9289782348402396e-18,-0.7085443048674688,1e-10
Mishin_source_rigid,direct_110,1.35,0.05,0.3617204709727599,0.8159673830774146,9.448132639343797,-0.47708765451255897,-0.7026000613526473,1e-10
Mishin_source_rigid,direct_110,1.35,0.1,0.35704234690917974,0.8054144922233096,9.199210510983596,-1.0151545348536934,-0.7400157440392671,1e-10
Mishin_source_rigid,direct_110,1.35,0.15000000000000002,0.34887076602369244,0.7869810774574679,8.832202899603118,-1.5266848506694422,-0.5996728861501273,1e-10
Mishin_source_rigid,direct_110,1.35,0.2,0.33831702672515623,0.7631740006449522,8.586168368774338,-1.733468371850481,-0.3896572013754498,1e-10
Mishin_source_rigid,direct_110,1.35,0.25,0.32766828961034916,0.7391526281932316,8.451726087078546,-1.569142898623801,-0.22026980747058375,1e-10
Mishin_source_rigid,direct_110,1.35,0.30000000000000004,0.31890685947457603,0.7193886341879248,8.220763163666883,-1.1575901892257465,-0.11565576324375182,1e-10
Mishin_source_rigid,direct_110,1.35,0.35000000000000003,0.3132925667701614,0.7067239383980178,7.70876470079271,-0.610326734810436,-0.15182737013225933,1e-10
Mishin_source_rigid,direct_110,1.35,0.4,0.3108811031563014,0.7012841698134638,7.102563714118069,-0.19442113377670364,-0.12282248662569034,1e-10
Mishin_source_rigid,direct_110,1.35,0.45,0.31023157557468073,0.6998189684672796,6.681915333287058,-0.044119424231635666,-0.06882570942218992,1e-10
Mishin_source_rigid,direct_110,1.35,0.5,0.310103799863949,0.6995307326037515,6.522794292777665,-8.686293445241955e-17,0.011372239641329362,1e-10
Mishin_source_rigid,direct_110,1.35,0.55,0.3102315755746807,0.6998189684672795,6.681915333287059,0.0441194242316349,-0.06882570942218974,1e-10
Mishin_source_rigid,direct_110,1.35,0.6000000000000001,0.31088110315630146,0.7012841698134639,7.102563714118069,0.19442113377670292,-0.12282248662569356,1e-10
Mishin_source_rigid,direct_110,1.35,0.65,0.3132925667701614,0.7067239383980178,7.70876470079271,0.6103267348104358,-0.1518273701322593,1e-10
Mishin_source_rigid,direct_110,1.35,0.7000000000000001,0.31890685947457603,0.7193886341879248,8.220763163666886,1.1575901892257474,-0.11565576324375179,1e-10
Mishin_source_rigid,direct_110,1.35,0.75,0.3276682896103493,0.7391526281932318,8.451726087078548,1.5691428986238014,-0.2202698074705838,1e-10
Mishin_source_rigid,direct_110,1.35,0.8,0.33831702672515634,0.7631740006449524,8.586168368774336,1.733468371850481,-0.3896572013754497,1e-10
Mishin_source_rigid,direct_110,1.35,0.8500000000000001,0.3488707660236934,0.78698107745747,8.832202899603125,1.5266848506694386,-0.5996728861501264,1e-10
Mishin_source_rigid,direct_110,1.35,0.9,0.3570423469091797,0.8054144922233096,9.199210510983596,1.015154534853694,-0.740015744039267,1e-10
Mishin_source_rigid,direct_110,1.35,0.9500000000000001,0.3617204709727599,0.8159673830774146,9.4481326393438,0.4770876545125604,-0.7026000613526475,1e-10
Mishin_source_rigid,direct_110,1.35,1.0,0.36322448896051995,0.8193601399713599,9.52986975531364,-4.9289782348402396e-18,-0.7085443048674688,1e-10
Mishin_source_rigid,direct_110,1.4,0.0,0.40762823010968485,0.9195258960506156,7.604612181660582,-6.641631558693641e-17,-0.7244118403039344,1e-10
Mishin_source_rigid,direct_110,1.4,0.05,0.4057337358361593,0.9152523045381789,7.537861548869764,-0.6009101437267855,-0.6780379742496989,1e-10
Mishin_source_rigid,direct_110,1.4,0.1,0.4000541129682181,0.9024402372643595,7.478643450439239,-1.1782590039811285,-0.567908295604023,1e-10
Mishin_source_rigid,direct_110,1.4,0.15000000000000002,0.39105251938410635,0.8821344836513514,7.512528767456691,-1.6136830634715456,-0.4443612648517112,1e-10
Mishin_source_rigid,direct_110,1.4,0.2,0.38030439390193177,0.8578889113753545,7.640478955817485,-1.7147132203619373,-0.32440557035288264,1e-10
Mishin_source_rigid,direct_110,1.4,0.25,0.36983936477975815,0.8342819465727127,7.817582774014563,-1.5593156611962946,-0.21684116809848214,1e-10
Mishin_source_rigid,direct_110,1.4,0.30000000000000004,0.360583465536194,0.8134025314168922,7.826216836431719,-1.3537301100418282,-0.17237443768438232,1e-10
Mishin_source_rigid,direct_110,1.4,0.35000000000000003,0.35295367607200384,0.79619128725981,7.583913887395287,-1.0178586303696318,-0.10943526623016153,1e-10
Mishin_source_rigid,direct_110,1.4,0.4,0.34791259204041025,0.7848196329708755,7.198945277216049,-0.5777172599986966,-0.04545307057397931,1e-10
Mishin_source_rigid,direct_110,1.4,0.45,0.3453679897383884,0.7790795307428492,6.909902370469452,-0.24319786412515448,0.03896624167463125,1e-10
Mishin_source_rigid,direct_110,1.4,0.5,0.3446241503645872,0.7774015812874637,6.820287283699348,0.0,0.06936840898655326,1e-10
Mishin_source_rigid,direct_110,1.4,0.55,0.3453679897383885,0.7790795307428493,6.909902370469454,0.24319786412515576,0.03896624167463128,1e-10
Mishin_source_rigid,direct_110,1.4,0.6000000000000001,0.34791259204041025,0.7848196329708755,7.198945277216052,0.5777172599986973,-0.045453070573981395,1e-10
Mishin_source_rigid,direct_110,1.4,0.65,0.35295367607200384,0.79619128725981,7.583913887395287,1.0178586303696318,-0.10943526623016159,1e-10
Mishin_source_rigid,direct_110,1.4,0.7000000000000001,0.360583465536194,0.8134025314168922,7.826216836431723,1.3537301100418275,-0.17237443768438226,1e-10
Mishin_source_rigid,direct_110,1.4,0.75,0.3698393647797582,0.8342819465727129,7.817582774014565,1.5593156611962946,-0.21684116809848206,1e-10
Mishin_source_rigid,direct_110,1.4,0.8,0.3803043939019318,0.8578889113753547,7.640478955817486,1.7147132203619377,-0.32440557035288264,1e-10
Mishin_source_rigid,direct_110,1.4,0.8500000000000001,0.3910525193841064,0.8821344836513516,7.5125287674566925,1.6136830634715458,-0.4443612648517113,1e-10
Mishin_source_rigid,direct_110,1.4,0.9,0.4000541129682181,0.9024402372643595,7.4786434504392405,1.178259003981129,-0.5679082956040229,1e-10
Mishin_source_rigid,direct_110,1.4,0.9500000000000001,0.40573373583615924,0.9152523045381786,7.5378615488697625,0.6009101437267859,-0.678037974249697,1e-10
Mishin_source_rigid,direct_110,1.4,1.0,0.40762823010968485,0.9195258960506156,7.604612181660582,-6.641631558693641e-17,-0.7244118403039344,1e-10
Mishin_source_rigid,direct_110,1.45,0.0,0.44247651880679123,0.9981365062171755,6.010055772862513,9.957377490525264e-17,-0.41436932293263573,1e-10
Mishin_source_rigid,direct_110,1.45,0.05,0.440679886224845,0.9940836706607586,6.0542357736427,-0.5640039382217145,-0.44037611267186155,1e-10
Mishin_source_rigid,direct_110,1.45,0.1,0.4353835506999318,0.9821362212213024,6.239323699193208,-1.0850381262626578,-0.4191016500087947,1e-10
Mishin_source_rigid,direct_110,1.45,0.15000000000000002,0.4273418642255766,0.963995821673656,6.560518440451488,-1.4051894070361142,-0.35666167708566643,1e-10
Mishin_source_rigid,direct_110,1.45,0.2,0.4181442836212544,0.9432479614373536,7.006054160280489,-1.4528895932386359,-0.2732826265780973,1e-10
Mishin_source_rigid,direct_110,1.45,0.25,0.4090357218556815,0.9227009094901244,7.307283532562196,-1.4222268258482071,-0.22261595758711172,1e-10
Mishin_source_rigid,direct_110,1.45,0.30000000000000004,0.4000959321706242,0.9025345728297699,7.431842143660687,-1.3803164124972094,-0.14801103065342225,1e-10
Mishin_source_rigid,direct_110,1.45,0.35000000000000003,0.39182434543729555,0.8838755653300248,7.417285026191158,-1.1930290997604467,-0.06904897584190316,1e-10
Mishin_source_rigid,direct_110,1.45,0.4,0.3853808743754502,0.8693404127959983,7.255415209160424,-0.8075730592113263,-0.0031930256365173618,1e-10
Mishin_source_rigid,direct_110,1.45,0.45,0.3817206507565646,0.861083697106813,7.087312035428122,-0.3570708079363104,0.04264943159148326,1e-10
Mishin_source_rigid,direct_110,1.45,0.5,0.38063085101581723,0.8586253318388903,7.048901595019134,-1.7715100695164708e-17,0.04077522821749294,1e-10
Mishin_source_rigid,direct_110,1.45,0.55,0.3817206507565646,0.861083697106813,7.087312035428122,0.35707080793631163,0.04264943159148353,1e-10
Mishin_source_rigid,direct_110,1.45,0.6000000000000001,0.3853808743754502,0.8693404127959983,7.255415209160427,0.8075730592113275,-0.0031930256365169767,1e-10
Mishin_source_rigid,direct_110,1.45,0.65,0.3918243454372955,0.8838755653300248,7.417285026191158,1.1930290997604465,-0.06904897584190323,1e-10
Mishin_source_rigid,direct_110,1.45,0.7000000000000001,0.4000959321706242,0.9025345728297699,7.431842143660687,1.3803164124972094,-0.14801103065342255,1e-10
Mishin_source_rigid,direct_110,1.45,0.75,0.4090357218556814,0.9227009094901241,7.307283532562196,1.422226825848207,-0.2226159575871118,1e-10
Mishin_source_rigid,direct_110,1.45,0.8,0.4181442836212544,0.9432479614373536,7.00605416028049,1.4528895932386359,-0.2732826265780953,1e-10
Mishin_source_rigid,direct_110,1.45,0.8500000000000001,0.4273418642255766,0.963995821673656,6.56051844045149,1.405189407036115,-0.3566616770856661,1e-10
Mishin_source_rigid,direct_110,1.45,0.9,0.43538355069993173,0.9821362212213022,6.239323699193208,1.0850381262626585,-0.4191016500087946,1e-10
Mishin_source_rigid,direct_110,1.45,0.9500000000000001,0.440679886224845,0.9940836706607586,6.054235773642704,0.5640039382217161,-0.4403761126718613,1e-10
Mishin_source_rigid,direct_110,1.45,1.0,0.44247651880679123,0.9981365062171755,6.010055772862513,9.957377490525264e-17,-0.41436932293263573,1e-10
Mishin_source_rigid,direct_110,1.5,0.0,0.4710312483934005,1.0625501345435178,5.024927131548182,-1.0786605900926605e-16,-0.36659967427642326,1e-10
Mishin_source_rigid,direct_110,1.5,0.05,0.4694353111331879,1.0589500265754248,5.077082710173904,-0.49127172370807776,-0.34608435007146066,1e-10
Mishin_source_rigid,direct_110,1.5,0.1,0.4651066293017746,1.0491854059094878,5.291537503384167,-0.83650671786653,-0.3274011756033658,1e-10
Mishin_source_rigid,direct_110,1.5,0.15000000000000002,0.4592570437078509,1.0359899374961983,5.742029846919169,-0.9827044383990399,-0.3789503798915941,1e-10
Mishin_source_rigid,direct_110,1.5,0.2,0.45271245595538595,1.0212266863942128,6.268798338445167,-1.0895955980088496,-0.41689324273337114,1e-10
Mishin_source_rigid,direct_110,1.5,0.25,0.4453790680081799,1.0046840634227199,6.685587852142512,-1.2110299279608179,-0.3214629210293057,1e-10
Mishin_source_rigid,direct_110,1.5,0.30000000000000004,0.4375195217257294,0.9869545348864434,6.983990649330358,-1.2495870226300223,-0.23378745727261077,1e-10
Mishin_source_rigid,direct_110,1.5,0.35000000000000003,0.42975010429033844,0.9694283185909065,7.195696083596387,-1.1732699002060771,-0.13601503393319658,1e-10
Mishin_source_rigid,direct_110,1.5,0.4,0.42304067126488154,0.9542932102764881,7.246572988276434,-0.9036377731174305,-0.06369244960879954,1e-10
Mishin_source_rigid,direct_110,1.5,0.45,0.4186665129648784,0.9444260040008201,7.133910391027412,-0.45795779722013,-0.04161944812130712,1e-10
Mishin_source_rigid,direct_110,1.5,0.5,0.4172414891515637,0.9412114418040876,7.045240913603372,-6.334865518703769e-17,-0.032903434752307004,1e-10
Mishin_source_rigid,direct_110,1.5,0.55,0.4186665129648784,0.9444260040008201,7.133910391027414,0.45795779722012986,-0.04161944812130812,1e-10
Mishin_source_rigid,direct_110,1.5,0.6000000000000001,0.4230406712648815,0.9542932102764878,7.246572988276437,0.9036377731174319,-0.06369244960879958,1e-10
Mishin_source_rigid,direct_110,1.5,0.65,0.42975010429033833,0.9694283185909064,7.195696083596387,1.1732699002060776,-0.13601503393319664,1e-10
Mishin_source_rigid,direct_110,1.5,0.7000000000000001,0.4375195217257295,0.9869545348864435,6.983990649330357,1.2495870226300223,-0.23378745727261124,1e-10
Mishin_source_rigid,direct_110,1.5,0.75,0.44537906800817983,1.0046840634227197,6.685587852142512,1.2110299279608183,-0.3214629210293057,1e-10
Mishin_source_rigid,direct_110,1.5,0.8,0.45271245595538595,1.0212266863942128,6.268798338445167,1.0895955980088494,-0.41689324273337114,1e-10
Mishin_source_rigid,direct_110,1.5,0.8500000000000001,0.4592570437078509,1.0359899374961983,5.742029846919167,0.9827044383990393,-0.37895037989158964,1e-10
Mishin_source_rigid,direct_110,1.5,0.9,0.4651066293017746,1.0491854059094878,5.291537503384166,0.8365067178665302,-0.32740117560336596,1e-10
Mishin_source_rigid,direct_110,1.5,0.9500000000000001,0.46943531113318804,1.058950026575425,5.077082710173906,0.4912717237080774,-0.34608435007146265,1e-10
Mishin_source_rigid,direct_110,1.5,1.0,0.4710312483934005,1.0625501345435178,5.024927131548182,-1.0786605900926605e-16,-0.36659967427642326,1e-10
Mishin_source_rigid,direct_110,1.75,0.0,0.5809646514669581,1.3105374021081466,4.531351509241665,-1.62115603523823e-16,0.07696449797046764,1e-10
Mishin_source_rigid,direct_110,1.75,0.05,0.581680776244192,1.3121528331034262,4.481123177849035,0.20460859059217043,0.029735146920751618,1e-10
Mishin_source_rigid,direct_110,1.75,0.1,0.5831941476808508,1.3155666894645928,4.4175064441625596,0.24186340468544776,-0.01579895968819866,1e-10
Mishin_source_rigid,direct_110,1.75,0.15000000000000002,0.5844596372460911,1.3184213750345966,4.463971317803095,0.14348403064406992,-0.06218043856836296,1e-10
Mishin_source_rigid,direct_110,1.75,0.2,0.5849220754921265,1.3194645411137451,4.613352126037077,0.0007782997187622193,-0.0919843308315841,1e-10
Mishin_source_rigid,direct_110,1.75,0.25,0.5845105331136141,1.31853618569964,4.825943230034096,-0.12400991590829316,-0.09672202692729627,1e-10
Mishin_source_rigid,direct_110,1.75,0.30000000000000004,0.5834459604581455,1.3161347275752422,5.070556448722894,-0.20044732653684755,-0.09192390735769551,1e-10
Mishin_source_rigid,direct_110,1.75,0.35000000000000003,0.5821563138660911,1.3132255486947013,5.366920164369401,-0.18864869704872048,-0.08395620218280922,1e-10
Mishin_source_rigid,direct_110,1.75,0.4,0.5812265582135301,1.311128210148499,5.697095429955367,-0.09807373651299732,-0.07581786371864968,1e-10
Mishin_source_rigid,direct_110,1.75,0.45,0.5808710638808696,1.3103262876597337,5.942224818478172,-0.02121572216239568,-0.039886585714547125,1e-10
Mishin_source_rigid,direct_110,1.75,0.5,0.5808295170619499,1.3102325665357453,6.01610376246667,-6.163430828456609e-17,-0.012608456425990407,1e-10
Mishin_source_rigid,direct_110,1.75,0.55,0.5808710638808696,1.3103262876597337,5.942224818478169,0.02121572216239477,-0.03988658571454747,1e-10
Mishin_source_rigid,direct_110,1.75,0.6000000000000001,0.5812265582135302,1.3111282101484991,5.697095429955366,0.09807373651299749,-0.07581786371864804,1e-10
Mishin_source_rigid,direct_110,1.75,0.65,0.5821563138660911,1.3132255486947013,5.366920164369402,0.18864869704872045,-0.08395620218280922,1e-10
Mishin_source_rigid,direct_110,1.75,0.7000000000000001,0.5834459604581455,1.3161347275752422,5.070556448722895,0.20044732653684844,-0.09192390735769647,1e-10
Mishin_source_rigid,direct_110,1.75,0.75,0.5845105331136141,1.31853618569964,4.825943230034096,0.12400991590829306,-0.09672202692729626,1e-10
Mishin_source_rigid,direct_110,1.75,0.8,0.5849220754921265,1.3194645411137451,4.613352126037077,-0.0007782997187619942,-0.0919843308315841,1e-10
Mishin_source_rigid,direct_110,1.75,0.8500000000000001,0.5844596372460911,1.3184213750345966,4.463971317803095,-0.14348403064406917,-0.06218043856836365,1e-10
Mishin_source_rigid,direct_110,1.75,0.9,0.5831941476808508,1.3155666894645928,4.4175064441625596,-0.24186340468544756,-0.015798959688198663,1e-10
Mishin_source_rigid,direct_110,1.75,0.9500000000000001,0.5816807762441921,1.3121528331034265,4.481123177849034,-0.2046085905921701,0.02973514692075164,1e-10
Mishin_source_rigid,direct_110,1.75,1.0,0.5809646514669581,1.3105374021081466,4.531351509241665,-1.62115603523823e-16,0.07696449797046764,1e-10
Mishin_source_rigid,direct_110,2.0,0.0,0.7060534019484037,1.5927120330000084,4.37078698724459,0.0,-0.20942631443355375,1e-10
Mishin_source_rigid,direct_110,2.0,0.05,0.7060716015269594,1.5927530875260272,4.397957197952169,0.00915746910524627,-0.19888318925992876,1e-10
Mishin_source_rigid,direct_110,2.0,0.1,0.7062391901311572,1.5931311331324403,4.484141489132976,0.04919949391678301,-0.184029042114436,1e-10
Mishin_source_rigid,direct_110,2.0,0.15000000000000002,0.706766168834915,1.5943198892807624,4.600802353224033,0.12195472567968917,-0.175379754107917,1e-10
Mishin_source_rigid,direct_110,2.0,0.2,0.7078355162011379,1.5967321181758292,4.62966756601931,0.21685486723505393,-0.1771691327474703,1e-10
Mishin_source_rigid,direct_110,2.0,0.25,0.7095060163634972,1.6005004247973622,4.491493794599406,0.30488976254977906,-0.20080370188876132,1e-10
Mishin_source_rigid,direct_110,2.0,0.30000000000000004,0.7116148711571666,1.6052575697901603,4.2844139471382885,0.3492753993582642,-0.20528987432520562,1e-10
Mishin_source_rigid,direct_110,2.0,0.35000000000000003,0.7137927643849247,1.610170451366635,4.137798837487478,0.32598729229726525,-0.20797740007652804,1e-10
Mishin_source_rigid,direct_110,2.0,0.4,0.7156291780018277,1.6143130247996573,4.071719200103732,0.2444326895356786,-0.2183364334880403,1e-10
Mishin_source_rigid,direct_110,2.0,0.45,0.716823403852025,1.6170069540073917,4.0526839854956975,0.1281681646168723,-0.22833158692435943,1e-10
Mishin_source_rigid,direct_110,2.0,0.5,0.717231544235519,1.617927635216703,4.052262224776051,-3.913181278486025e-17,-0.22541693958682846,1e-10
Mishin_source_rigid,direct_110,2.0,0.55,0.716823403852025,1.6170069540073917,4.052683985495695,-0.12816816461687283,-0.22833158692435956,1e-10
Mishin_source_rigid,direct_110,2.0,0.6000000000000001,0.7156291780018277,1.6143130247996573,4.071719200103732,-0.2444326895356783,-0.2183364334880403,1e-10
Mishin_source_rigid,direct_110,2.0,0.65,0.7137927643849247,1.610170451366635,4.137798837487478,-0.3259872922972652,-0.2079774000765281,1e-10
Mishin_source_rigid,direct_110,2.0,0.7000000000000001,0.7116148711571666,1.6052575697901603,4.284413947138289,-0.3492753993582635,-0.20528987432520546,1e-10
Mishin_source_rigid,direct_110,2.0,0.75,0.7095060163634972,1.6005004247973622,4.491493794599406,-0.30488976254977895,-0.20080370188876132,1e-10
Mishin_source_rigid,direct_110,2.0,0.8,0.7078355162011379,1.5967321181758292,4.62966756601931,-0.21685486723505393,-0.1771691327474703,1e-10
Mishin_source_rigid,direct_110,2.0,0.8500000000000001,0.706766168834915,1.5943198892807624,4.600802353224031,-0.12195472567968776,-0.17537975410791723,1e-10
Mishin_source_rigid,direct_110,2.0,0.9,0.7062391901311572,1.5931311331324403,4.484141489132976,-0.04919949391678293,-0.18402904211443602,1e-10
Mishin_source_rigid,direct_110,2.0,0.9500000000000001,0.7060716015269594,1.5927530875260272,4.39795719795217,-0.009157469105245834,-0.19888318925992876,1e-10
Mishin_source_rigid,direct_110,2.0,1.0,0.7060534019484037,1.5927120330000084,4.37078698724459,0.0,-0.20942631443355375,1e-10
Mishin_source_rigid,shockley_112,0.9,0.0,0.0820296635868549,0.18504213972652725,-18.422029463706654,-1.070837198189842e-15,1.184238722225252,1e-10
Mishin_source_rigid,shockley_112,0.9,0.016666666666666666,0.0857287873093735,0.193386606091469,-18.67846280136765,1.9190638808574187,0.8473404308922344,1e-10
Mishin_source_rigid,shockley_112,0.9,0.03333333333333333,0.09532251982223133,0.2150281039901346,-19.42464161508776,3.2088181639206987,0.45924141667309104,1e-10
Mishin_source_rigid,shockley_112,0.9,0.05,0.10853002897154385,0.24482154268757322,-20.579793694634468,3.9355351700648047,0.21873624873883346,1e-10
Mishin_source_rigid,shockley_112,0.9,0.06666666666666667,0.12392878818920738,0.279557993261371,-21.920054459071665,4.466648473308268,0.17321327327071234,1e-10
Mishin_source_rigid,shockley_112,0.9,0.08333333333333333,0.1412510860675749,0.3186335535432866,-23.45379489416721,4.973575574020039,0.1236404201420537,1e-10
Mishin_source_rigid,shockley_112,0.9,0.1,0.16023089265188512,0.36144811437880364,-24.96528479965963,5.347194175200854,0.032385253421487306,1e-10
Mishin_source_rigid,shockley_112,0.9,0.11666666666666667,0.17998643844329418,0.4060125841676756,-26.19513302880683,5.344679381606323,-0.19840591723454565,1e-10
Mishin_source_rigid,shockley_112,0.9,0.13333333333333333,0.19870348072942987,0.44823440250185986,-26.98077524549746,4.773939176583844,-0.47272306043808776,1e-10
Mishin_source_rigid,shockley_112,0.9,0.15,0.2143092842836484,0.48343790274256054,-27.349204219500887,3.659124346341891,-0.7284479254869006,1e-10
Mishin_source_rigid,shockley_112,0.9,0.16666666666666666,0.2250444224295023,0.5076541782447191,-27.308199938815513,2.1633973619189617,-0.8559459101003238,1e-10
Mishin_source_rigid,shockley_112,0.9,0.18333333333333332,0.23000101338033827,0.5188352334287466,-26.808885034877804,0.5332811046957954,-0.8915072401443712,1e-10
Mishin_source_rigid,shockley_112,0.9,0.2,0.22912928872043772,0.5168688009302203,-25.969169809193854,-0.9622768756037103,-0.7640818068708434,1e-10
Mishin_source_rigid,shockley_112,0.9,0.21666666666666667,0.22339468020466416,0.5039326972836516,-24.84884620707292,-2.094192896780115,-0.5639740123630171,1e-10
Mishin_source_rigid,shockley_112,0.9,0.23333333333333334,0.214374833977771,0.4835857694425869,-23.460242715570445,-2.745195391426109,-0.3439451730892856,1e-10
Mishin_source_rigid,shockley_112,0.9,0.25,0.20373146691961344,0.45957651074008127,-21.946833927423548,-3.0193245939773536,-0.21681369319596488,1e-10
Mishin_source_rigid,shockley_112,0.9,0.26666666666666666,0.19248891206987043,0.43421560695938277,-20.489763290964227,-3.0860774616995705,-0.10861936855194261,1e-10
Mishin_source_rigid,shockley_112,0.9,0.2833333333333333,0.18126540581380235,0.4088976729091241,-19.231571776985984,-3.019182580230922,-0.005842317593278135,1e-10
Mishin_source_rigid,shockley_112,0.9,0.3,0.17071496543456374,0.38509803778366297,-18.141822393915984,-2.6620290985171384,0.27653978601011375,1e-10
Mishin_source_rigid,shockley_112,0.9,0.31666666666666665,0.1625652864535706,0.3667140292337494,-17.41526920165203,-1.6677627510822763,0.6996383327296172,1e-10
Mishin_source_rigid,shockley_112,0.9,0.3333333333333333,0.15931861398385216,0.3593902003343197,-17.157239137537587,-4.637437828325164e-16,1.0548299710231026,1e-10
Mishin_source_rigid,shockley_112,0.9500000000000001,0.0,0.01764906045111414,0.03981266979815251,-7.193030369704925,7.530248209371092e-17,0.7791172354784407,1e-10
Mishin_source_rigid,shockley_112,0.9500000000000001,0.016666666666666666,0.020026207614027597,0.045175027489703964,-7.439469901429578,1.2242523819260835,0.536194301559205,1e-10
Mishin_source_rigid,shockley_112,0.9500000000000001,0.03333333333333333,0.026190424341149626,0.05908023937341448,-7.9113571367564095,2.083739234865052,0.3481581396540039,1e-10
Mishin_source_rigid,shockley_112,0.9500000000000001,0.05,0.034917358565818346,0.0787664176603158,-8.482274264180493,2.6324551202666657,0.19423816959561543,1e-10
Mishin_source_rigid,shockley_112,0.9500000000000001,0.06666666666666667,0.045203636002637715,0.10197015522915755,-9.139959571703354,2.9506168742658363,0.08919336184859579,1e-10
Mishin_source_rigid,shockley_112,0.9500000000000001,0.08333333333333333,0.05645796751140683,0.12735762474339352,-9.926154938608605,3.2151272708014695,0.12866725305892213,1e-10
Mishin_source_rigid,shockley_112,0.9500000000000001,0.1,0.06890556291635166,0.15543685349388403,-10.900918453022497,3.578669647843757,0.11226718114187434,1e-10
Mishin_source_rigid,shockley_112,0.9500000000000001,0.11666666666666667,0.08252246850053699,0.18615380679558607,-11.994893946513814,3.807498329085698,-0.03636019630836127,1e-10
Mishin_source_rigid,shockley_112,0.9500000000000001,0.13333333333333333,0.09634657697445101,0.21733816742771464,-13.07471250398322,3.6541482122471147,-0.26812204430802966,1e-10
Mishin_source_rigid,shockley_112,0.9500000000000001,0.15,0.10879797196503561,0.2454259672661033,-13.873755715609995,3.0847216449075354,-0.41278534362089125,1e-10
Mishin_source_rigid,shockley_112,0.9500000000000001,0.16666666666666666,0.1186084483704772,0.2675563950457733,-14.267793915787612,2.232208013600928,-0.5122023620831402,1e-10
Mishin_source_rigid,shockley_112,0.9500000000000001,0.18333333333333332,0.12497755218627246,0.28192379028648723,-14.226683091630425,1.2318652320542673,-0.5520054995571155,1e-10
Mishin_source_rigid,shockley_112,0.9500000000000001,0.2,0.12765267508712763,0.28795832028405993,-13.746616562457566,0.2439823968641345,-0.5275188793860335,1e-10
Mishin_source_rigid,shockley_112,0.9500000000000001,0.21666666666666667,0.1270311620075383,0.28655631392335534,-12.910963082788877,-0.5260289484318108,-0.3844202881885594,1e-10
Mishin_source_rigid,shockley_112,0.9500000000000001,0.23333333333333334,0.12415027598443817,0.2800576244162571,-11.95742622400908,-1.0058206711212103,-0.26650489072841965,1e-10
Mishin_source_rigid,shockley_112,0.9500000000000001,0.25,0.11986007834276817,0.27037981620942764,-11.025147105541077,-1.323181262796653,-0.21886247016108,1e-10
Mishin_source_rigid,shockley_112,0.9500000000000001,0.26666666666666666,0.11446200133759021,0.25820285880439015,-10.2006859682594,-1.6234273995418367,-0.18971163234398172,1e-10
Mishin_source_rigid,shockley_112,0.9500000000000001,0.2833333333333333,0.10821084973284313,0.24410153962157344,-9.469300845783389,-1.7376625824232972,-0.021192042783006564,1e-10
Mishin_source_rigid,shockley_112,0.9500000000000001,0.3,0.10212489023803684,0.23037286004439186,-8.833651452214038,-1.5253576978774401,0.17446311369261996,1e-10
Mishin_source_rigid,shockley_112,0.9500000000000001,0.31666666666666665,0.09747097168545032,0.21987457187121456,-8.327855378645205,-0.9538478577338129,0.3824942289969432,1e-10
Mishin_source_rigid,shockley_112,0.9500000000000001,0.3333333333333333,0.09558409875606577,0.21561817255201354,-8.07707662512788,7.935156103857298e-16,0.6393794630333512,1e-10
Mishin_source_rigid,shockley_112,1.0,0.0,0.0,0.0,-0.0002726757163312677,1.565432669430745e-16,0.5357223636791101,1e-10
Mishin_source_rigid,shockley_112,1.0,0.016666666666666666,0.0017670939987451395,0.003986202555609468,-0.07859034552041606,0.9435156320611271,0.45927519449010407,1e-10
Mishin_source_rigid,shockley_112,1.0,0.03333333333333333,0.006650068917137,0.015001195030538839,-0.2201795883441192,1.6775194644598779,0.3175499466661514,1e-10
Mishin_source_rigid,shockley_112,1.0,0.05,0.013715574532912389,0.03093953026470142,-0.3652721147388999,2.1293316859788223,0.16149375955011827,1e-10
Mishin_source_rigid,shockley_112,1.0,0.06666666666666667,0.021935908431716653,0.04948292185487493,-0.5439871872250694,2.327701668152435,0.062247744768115995,1e-10
Mishin_source_rigid,shockley_112,1.0,0.08333333333333333,0.030635651784651247,0.06910776309775209,-0.823642473140616,2.402992209493189,-0.0016018925943484443,1e-10
Mishin_source_rigid,shockley_112,1.0,0.1,0.03944019297561403,0.08896900682406646,-1.300067546809458,2.4007919876454418,-0.04332788930085181,1e-10
Mishin_source_rigid,shockley_112,1.0,0.11666666666666667,0.0482052740830341,0.10874123667450651,-2.0571594410013163,2.3764016093781968,-0.0905000770417548,1e-10
Mishin_source_rigid,shockley_112,1.0,0.13333333333333333,0.05678221567399237,0.12808906226469574,-2.9126236365699834,2.2865819499513327,-0.14722008469247805,1e-10
Mishin_source_rigid,shockley_112,1.0,0.15,0.06481546553286242,0.14621043053373914,-3.744170405176975,2.071962624971082,-0.2107078586907174,1e-10
Mishin_source_rigid,shockley_112,1.0,0.16666666666666666,0.0717731071150184,0.1619054465744817,-4.393030891863946,1.7043550255612274,-0.25014108784936007,1e-10
Mishin_source_rigid,shockley_112,1.0,0.18333333333333332,0.07721445814688761,0.17418002133089427,-4.761291118759406,1.2608193057066723,-0.244604625346149,1e-10
Mishin_source_rigid,shockley_112,1.0,0.2,0.08103358356877126,0.18279518698009942,-4.799989025517458,0.8282355563483681,-0.22774973048427843,1e-10
Mishin_source_rigid,shockley_112,1.0,0.21666666666666667,0.0833117795818701,0.18793433112072963,-4.542764680549282,0.41913356888911946,-0.23017174253125453,1e-10
Mishin_source_rigid,shockley_112,1.0,0.23333333333333334,0.08409946531239179,0.18971118898695088,-4.080503854421007,0.007758120970997844,-0.24821736369697667,1e-10
Mishin_source_rigid,shockley_112,1.0,0.25,0.0833416126053767,0.18800162831863082,-3.6416154299784407,-0.4257463678652146,-0.2474070620021147,1e-10
Mishin_source_rigid,shockley_112,1.0,0.26666666666666666,0.08106284114679221,0.1828611860907075,-3.2397833789855772,-0.8018004993936585,-0.19347163352063357,1e-10
Mishin_source_rigid,shockley_112,1.0,0.2833333333333333,0.07761619303585171,0.1750862530549584,-2.891361407572817,-1.0464793199981384,-0.08027749465201033,1e-10
Mishin_source_rigid,shockley_112,1.0,0.3,0.07375153692262848,0.16636837948059172,-2.6130373528339668,-1.007058316236959,0.10161970736684464,1e-10
Mishin_source_rigid,shockley_112,1.0,0.31666666666666665,0.07064736489190868,0.15936600241932972,-2.3950647958764106,-0.6337121296898259,0.27778900808918255,1e-10
Mishin_source_rigid,shockley_112,1.0,0.3333333333333333,0.06943467959307995,0.15663043247184877,-2.293246353004221,3.161165504269454e-16,0.3804910191595867,1e-10
Mishin_source_rigid,shockley_112,1.05,0.0,0.015251689524085829,0.03440469143206087,5.682257403554667,-1.3675657310602705e-15,0.4228189629750619,1e-10
Mishin_source_rigid,shockley_112,1.05,0.016666666666666666,0.01665249296763338,0.03756461742951265,5.61535715507191,0.7514743570096284,0.3769963425121696,1e-10
Mishin_source_rigid,shockley_112,1.05,0.03333333333333333,0.020639292572489115,0.046558021733338145,5.40535459737314,1.4017192888947936,0.287507840731235,1e-10
Mishin_source_rigid,shockley_112,1.05,0.05,0.026614455748995923,0.06003676748273742,5.099181451477384,1.8078320317259642,0.1226608345907408,1e-10
Mishin_source_rigid,shockley_112,1.05,0.06666666666666667,0.0335769614671147,0.07574275601912507,4.731160842045863,1.951925289632714,-0.015241981668710816,1e-10
Mishin_source_rigid,shockley_112,1.05,0.08333333333333333,0.040642954413581525,0.09168219057163123,4.279252807446891,1.8714462071217113,-0.12568918693449813,1e-10
Mishin_source_rigid,shockley_112,1.05,0.1,0.04718072365400138,0.10643006050534902,3.8052513230049474,1.6903350796953067,-0.14354530591619752,1e-10
Mishin_source_rigid,shockley_112,1.05,0.11666666666666667,0.052991985611098115,0.1195390786340649,3.33865166620396,1.482950211754941,-0.14212101775196093,1e-10
Mishin_source_rigid,shockley_112,1.05,0.13333333333333333,0.058104060798417526,0.1310708744472085,2.8163238275350824,1.3080603831789446,-0.14020496394875948,1e-10
Mishin_source_rigid,shockley_112,1.05,0.15,0.06255503884358454,0.1411113703524664,2.2878356597850096,1.1175109413703552,-0.14637107557024287,1e-10
Mishin_source_rigid,shockley_112,1.05,0.16666666666666666,0.06630795460732394,0.14957718055782532,1.776614135226634,0.9383100903194697,-0.11803069152923779,1e-10
Mishin_source_rigid,shockley_112,1.05,0.18333333333333332,0.0694672528750142,0.1567039111321708,1.3272453266946056,0.7870375111344152,-0.1007206316966326,1e-10
Mishin_source_rigid,shockley_112,1.05,0.2,0.07211678200054861,0.1626807068084999,0.9759499940907985,0.6660172794379109,-0.0663884437702856,1e-10
Mishin_source_rigid,shockley_112,1.05,0.21666666666666667,0.07436241461183049,0.16774639457633145,0.7636148237164225,0.5514157544585341,-0.08495480785505476,1e-10
Mishin_source_rigid,shockley_112,1.05,0.23333333333333334,0.07601267763022584,0.17146905034112198,0.6898642940358622,0.33025383411140236,-0.14276643209176043,1e-10
Mishin_source_rigid,shockley_112,1.05,0.25,0.07667719227241869,0.17296805942995938,0.8252197695693869,0.016579541054790297,-0.20214745824001848,1e-10
Mishin_source_rigid,shockley_112,1.05,0.26666666666666666,0.07608408474940669,0.17163013019378942,1.113002214934176,-0.3290116130946357,-0.18032634739532744,1e-10
Mishin_source_rigid,shockley_112,1.05,0.2833333333333333,0.07441271698921664,0.16785986644904013,1.455723708880284,-0.5560497916778655,-0.10061978954971597,1e-10
Mishin_source_rigid,shockley_112,1.05,0.3,0.07225733327601011,0.16299776173248054,1.8229199989668357,-0.5735344657068038,0.04313849410167049,1e-10
Mishin_source_rigid,shockley_112,1.05,0.31666666666666665,0.07051551863139438,0.15906858422823017,2.1065988091024637,-0.3518787576929329,0.14775121463848204,1e-10
Mishin_source_rigid,shockley_112,1.05,0.3333333333333333,0.06983493284906021,0.15753332193500838,2.2049845380753683,-1.782664471923766e-15,0.21955885053296623,1e-10
Mishin_source_rigid,shockley_112,1.1,0.0,0.05670265774764763,0.12790959585852854,10.052335279707442,-7.511449360163522e-16,0.29708402511700566,1e-10
Mishin_source_rigid,shockley_112,1.1,0.016666666666666666,0.057659922532509636,0.13006898937948533,9.937146740932985,0.5034631996812055,0.2218075005372469,1e-10
Mishin_source_rigid,shockley_112,1.1,0.03333333333333333,0.06021559052264433,0.13583405353611683,9.576541695565558,0.8637500550813534,0.09541937132529824,1e-10
Mishin_source_rigid,shockley_112,1.1,0.05,0.06384422917195139,0.14401951999546914,9.000517185713527,1.098435032241426,-0.01484725538361463,1e-10
Mishin_source_rigid,shockley_112,1.1,0.06666666666666667,0.06806828640732386,0.1535481289764512,8.362422515326317,1.1794468100602515,-0.08312893021913488,1e-10
Mishin_source_rigid,shockley_112,1.1,0.08333333333333333,0.07232279885393256,0.1631454386835676,7.787019340915454,1.125806585544457,-0.11821346843147157,1e-10
Mishin_source_rigid,shockley_112,1.1,0.1,0.0762519706080026,0.17200884634531327,7.273455811351926,1.0157910452673726,-0.11306346468874984,1e-10
Mishin_source_rigid,shockley_112,1.1,0.11666666666666667,0.07976661161456677,0.1799371574438541,6.836148115967114,0.9023794401822982,-0.09611411793173849,1e-10
Mishin_source_rigid,shockley_112,1.1,0.13333333333333333,0.08283237804720622,0.18685289933272214,6.509915848315003,0.7597258018991846,-0.1061215969973309,1e-10
Mishin_source_rigid,shockley_112,1.1,0.15,0.0853185148366559,0.1924611153250443,6.242904126240681,0.5953162998067281,-0.1120436282194635,1e-10
Mishin_source_rigid,shockley_112,1.1,0.16666666666666666,0.08714399693821898,0.19657902949578873,5.969739683300617,0.3977688297610727,-0.1223020023018157,1e-10
Mishin_source_rigid,shockley_112,1.1,0.18333333333333332,0.08828203047753456,0.19914620034578912,5.66965612259736,0.23907701345496987,-0.07765377562575823,1e-10
Mishin_source_rigid,shockley_112,1.1,0.2,0.08902745360956965,0.20082772243575078,5.322987870743565,0.177608189135585,-0.04937163981418925,1e-10
Mishin_source_rigid,shockley_112,1.1,0.21666666666666667,0.08963394584850311,0.20219584485284386,4.979974073779271,0.16547442604600646,-0.010771742008026098,1e-10
Mishin_source_rigid,shockley_112,1.1,0.23333333333333334,0.09025334426252862,0.20359308096064702,4.708799722619623,0.16500481621038285,-0.026196386321241452,1e-10
Mishin_source_rigid,shockley_112,1.1,0.25,0.09076329747048392,0.20474343107345153,4.536353994584012,0.10276354822078154,-0.051057595517252426,1e-10
Mishin_source_rigid,shockley_112,1.1,0.26666666666666666,0.09095923710679439,0.20518543080836127,4.524440171867377,0.0027957631532959486,-0.05538655476928233,1e-10
Mishin_source_rigid,shockley_112,1.1,0.2833333333333333,0.09081011401854613,0.2048490396283235,4.716551422268366,-0.0762998710142289,-0.049225648465062284,1e-10
Mishin_source_rigid,shockley_112,1.1,0.3,0.09046189643511668,0.20406353199717295,5.0001710342289565,-0.11263284877499773,-0.037490050694703,1e-10
Mishin_source_rigid,shockley_112,1.1,0.31666666666666665,0.0900271915100503,0.2030829266165502,5.20725258957803,-0.10790045266516433,0.024148322770452948,1e-10
Mishin_source_rigid,shockley_112,1.1,0.3333333333333333,0.08979885694516625,0.2025678505500132,5.279621350135838,9.25528910051692e-17,0.0838964437765582,1e-10
Mishin_source_rigid,shockley_112,1.15,0.0,0.11615608939717341,0.26202437489653546,12.554650194900285,-1.0393861678107649e-15,0.09244333671707891,1e-10
Mishin_source_rigid,shockley_112,1.15,0.016666666666666666,0.11640360529769264,0.26258272013221867,12.39941987377871,0.11410765343350636,-0.02241111031362133,1e-10
Mishin_source_rigid,shockley_112,1.15,0.03333333333333333,0.11692686200954057,0.2637630802282233,12.031587115025603,0.1740119335760693,-0.04208099169889431,1e-10
Mishin_source_rigid,shockley_112,1.15,0.05,0.11769314363795137,0.2654916548188545,11.561883893845499,0.24601100504511375,-0.05562576459101855,1e-10
Mishin_source_rigid,shockley_112,1.15,0.06666666666666667,0.11874310984986754,0.26786016379473016,11.023987287003077,0.3267828024329203,-0.06480228227725221,1e-10
Mishin_source_rigid,shockley_112,1.15,0.08333333333333333,0.12004723089121948,0.27080199407175715,10.481566370363394,0.3702029770774675,-0.08233219619235388,1e-10
Mishin_source_rigid,shockley_112,1.15,0.1,0.12137372579903288,0.27379429521435833,10.000021203513937,0.3478563039281335,-0.0831368110548558,1e-10
Mishin_source_rigid,shockley_112,1.15,0.11666666666666667,0.12259266269333888,0.27654396748230764,9.55807096807954,0.32184057747102607,-0.06122519393897912,1e-10
Mishin_source_rigid,shockley_112,1.15,0.13333333333333333,0.12375709061050129,0.27917067864906614,9.134663865438084,0.31012187133765123,-0.07104638029361779,1e-10
Mishin_source_rigid,shockley_112,1.15,0.15,0.12478774874195674,0.28149563254539817,8.773462481702294,0.23485550403098157,-0.1028291214602998,1e-10
Mishin_source_rigid,shockley_112,1.15,0.16666666666666666,0.1253507193554127,0.2827655790789073,8.532835083070982,0.06771066471511995,-0.10889050376274177,1e-10
Mishin_source_rigid,shockley_112,1.15,0.18333333333333332,0.12528177170724786,0.2826100472897024,8.341327332324699,-0.10119110507036247,-0.08211200003675334,1e-10
Mishin_source_rigid,shockley_112,1.15,0.2,0.12473571749150272,0.2813782606887348,8.223144645033967,-0.1789625202903792,-0.020027959851168172,1e-10
Mishin_source_rigid,shockley_112,1.15,0.21666666666666667,0.124058488393545,0.2798505703887682,8.090924098771408,-0.1836916545635864,-0.0034654761499790096,1e-10
Mishin_source_rigid,shockley_112,1.15,0.23333333333333334,0.12339386013807088,0.2783513050116108,7.902825225754986,-0.17983623873130955,-0.009061846253740248,1e-10
Mishin_source_rigid,shockley_112,1.15,0.25,0.12276563429729997,0.2769341560349524,7.6944234791478126,-0.1548959067470445,0.017201494757168576,1e-10
Mishin_source_rigid,shockley_112,1.15,0.26666666666666666,0.12234471337010122,0.2759846445336397,7.525936919261345,-0.06204977318764368,0.05770636413511692,1e-10
Mishin_source_rigid,shockley_112,1.15,0.2833333333333333,0.12231750213401685,0.2759232615518074,7.399699081311361,0.03999500889541445,0.03698168726183107,1e-10
Mishin_source_rigid,shockley_112,1.15,0.3,0.12255661998555852,0.2764626625070391,7.32544761448991,0.07803184890897034,-0.0004276806176430512,1e-10
Mishin_source_rigid,shockley_112,1.15,0.31666666666666665,0.12279490472509233,0.27700018413201605,7.338089513802022,0.0388577287667568,-0.04422333636138405,1e-10
Mishin_source_rigid,shockley_112,1.15,0.3333333333333333,0.12284033615226216,0.27710266813751766,7.370633275479934,1.7163816683794598e-15,0.0008090558414156762,1e-10
Mishin_source_rigid,shockley_112,1.2,0.0,0.1829129464964322,0.412614187641353,12.928465594755615,-2.4356827997153163e-15,-0.10769092783991424,1e-10
Mishin_source_rigid,shockley_112,1.2,0.016666666666666666,0.18265778851369174,0.4120386034315677,12.883058340529512,-0.1340802439196311,-0.11989220311766263,1e-10
Mishin_source_rigid,shockley_112,1.2,0.03333333333333333,0.18197306994482726,0.4104940184174037,12.759127058239518,-0.23229544826527657,-0.12412684257307194,1e-10
Mishin_source_rigid,shockley_112,1.2,0.05,0.18100985723706348,0.40832120759918455,12.562353321954909,-0.2861643663109201,-0.12420554974183652,1e-10
Mishin_source_rigid,shockley_112,1.2,0.06666666666666667,0.17992648244928916,0.4058773357107759,12.294499039490182,-0.29850140208510123,-0.11360910856311104,1e-10
Mishin_source_rigid,shockley_112,1.2,0.08333333333333333,0.1788535023475491,0.40345691210755413,11.946091959361034,-0.28581891341392396,-0.11522417627057394,1e-10
Mishin_source_rigid,shockley_112,1.2,0.1,0.1778353543722835,0.40116017856430497,11.525943696820322,-0.27694824156012354,-0.15273982937380437,1e-10
Mishin_source_rigid,shockley_112,1.2,0.11666666666666667,0.1767478849810834,0.39870707008822653,11.065498281287212,-0.3211888623214709,-0.18068515880899666,1e-10
Mishin_source_rigid,shockley_112,1.2,0.13333333333333333,0.17550022187773062,0.3958925973693694,10.573741494963109,-0.3509519799690628,-0.1740523827321523,1e-10
Mishin_source_rigid,shockley_112,1.2,0.15,0.1742555461842818,0.39308486363610223,10.086162750598701,-0.31910886711973685,-0.14157766247533035,1e-10
Mishin_source_rigid,shockley_112,1.2,0.16666666666666666,0.17321673460801312,0.39074151723627315,9.731647314228319,-0.23780852465147448,-0.0022523227996819398,1e-10
Mishin_source_rigid,shockley_112,1.2,0.18333333333333332,0.1724941268890049,0.38911146205060715,9.658502020926983,-0.1706999055351028,0.012008528777487561,1e-10
Mishin_source_rigid,shockley_112,1.2,0.2,0.17188583299045174,0.3877392754579889,9.734765165603664,-0.1728706014023542,-0.029909264204563246,1e-10
Mishin_source_rigid,shockley_112,1.2,0.21666666666666667,0.17113790667021472,0.3860521066875367,9.825551213997588,-0.2439946967708327,-0.05206907484478162,1e-10
Mishin_source_rigid,shockley_112,1.2,0.23333333333333334,0.17008939302545395,0.38368687440600285,9.886597347032692,-0.32055966527221036,-0.024099146804233765,1e-10
Mishin_source_rigid,shockley_112,1.2,0.25,0.16889645922456714,0.3809958597971904,9.902122916578127,-0.3175765149050386,0.015739849016712985,1e-10
Mishin_source_rigid,shockley_112,1.2,0.26666666666666666,0.1678079476652276,0.3785404004029924,9.843014535909496,-0.27005264428430814,0.03026286588543168,1e-10
Mishin_source_rigid,shockley_112,1.2,0.2833333333333333,0.16694594059465262,0.376595888797996,9.717208793801786,-0.1979414288388523,0.0324952593217412,1e-10
Mishin_source_rigid,shockley_112,1.2,0.3,0.16636870257158903,0.37529375790718594,9.567172075187528,-0.11685787789451958,0.03538079085849142,1e-10
Mishin_source_rigid,shockley_112,1.2,0.31666666666666665,0.16607705553876864,0.3746358618652153,9.446054973810186,-0.045717319225583634,0.02929233506471253,1e-10
Mishin_source_rigid,shockley_112,1.2,0.3333333333333333,0.16600357021637108,0.37447009401124204,9.401284345048921,1.5358252488476482e-15,0.016629901502093238,1e-10
Mishin_source_rigid,shockley_112,1.25,0.0,0.24853683654490835,0.5606482584978171,12.28876410039808,-2.969650806474552e-15,-0.3603016129009311,1e-10
Mishin_source_rigid,shockley_112,1.25,0.016666666666666666,0.24818300931651496,0.5598500966552283,12.283398309552448,-0.1931507719309709,-0.3525817895209599,1e-10
Mishin_source_rigid,shockley_112,1.25,0.03333333333333333,0.24713407864173428,0.5574839236392839,12.255352103141915,-0.37349025932799984,-0.33375701902587124,1e-10
Mishin_source_rigid,shockley_112,1.25,0.05,0.24548427854139673,0.5537623121229297,12.169976191634698,-0.5215070068939619,-0.31658267139285645,1e-10
Mishin_source_rigid,shockley_112,1.25,0.06666666666666667,0.24334680475055598,0.5489406085272817,12.00445945944823,-0.643541602232466,-0.352408356155949,1e-10
Mishin_source_rigid,shockley_112,1.25,0.08333333333333333,0.24076746838958413,0.5431221533680294,11.729335128302758,-0.7644861267881196,-0.3966870192113652,1e-10
Mishin_source_rigid,shockley_112,1.25,0.1,0.23772803661415745,0.5362658170783865,11.356500620806298,-0.8957448707733976,-0.4325577599960615,1e-10
Mishin_source_rigid,shockley_112,1.25,0.11666666666666667,0.23422523278791457,0.5283642082370439,10.896729840680184,-1.0063560370832503,-0.44815158613724054,1e-10
Mishin_source_rigid,shockley_112,1.25,0.13333333333333333,0.23043729959997739,0.5198194058864299,10.423889986714965,-1.0378158955686947,-0.34521038847240937,1e-10
Mishin_source_rigid,shockley_112,1.25,0.15,0.2268838396723592,0.5118035272434227,10.081678798656407,-0.8617148833385344,-0.17228955633099177,1e-10
Mishin_source_rigid,shockley_112,1.25,0.16666666666666666,0.22436394269600485,0.5061191551759779,9.885602123666837,-0.49358707343573066,-0.04390937258311471,1e-10
Mishin_source_rigid,shockley_112,1.25,0.18333333333333332,0.22326947274324338,0.5036502548651661,9.843112730887553,-0.12261156080302571,0.008524097935212575,1e-10
Mishin_source_rigid,shockley_112,1.25,0.2,0.22323100130482257,0.5035634711704334,9.966236500773551,0.06330351555527162,-0.07888013410846885,1e-10
Mishin_source_rigid,shockley_112,1.25,0.21666666666666667,0.22347719710269626,0.50411883852461,10.264517237464498,0.048781839294252845,-0.17228117631736423,1e-10
Mishin_source_rigid,shockley_112,1.25,0.23333333333333334,0.22351414589228658,0.5042021874350789,10.618550849457227,-0.035624632933768094,-0.15560663706624542,1e-10
Mishin_source_rigid,shockley_112,1.25,0.25,0.22321951656961653,0.5035375639573133,10.958541803552203,-0.11881957933868847,-0.10916577016610533,1e-10
Mishin_source_rigid,shockley_112,1.25,0.26666666666666666,0.22270266098224212,0.5023716434886025,11.26595424502159,-0.1557604667912416,-0.05168166681437352,1e-10
Mishin_source_rigid,shockley_112,1.25,0.2833333333333333,0.2221357865094707,0.5010928906471148,11.509634953038681,-0.14654778031033916,-0.006645958203096564,1e-10
Mishin_source_rigid,shockley_112,1.25,0.3,0.2216563964241811,0.5000114846865535,11.690173680224406,-0.11211227077214973,0.013560788431310955,1e-10
Mishin_source_rigid,shockley_112,1.25,0.31666666666666665,0.2213305690075188,0.49927648469113206,11.796010234816562,-0.06466391742163115,0.02687108969852044,1e-10
Mishin_source_rigid,shockley_112,1.25,0.3333333333333333,0.22120695399765597,0.4989976345175834,11.829927699223235,2.2838577020429332e-15,0.036588071812426834,1e-10
Mishin_source_rigid,shockley_112,1.3,0.0,0.3094251154000896,0.6979997592960442,11.137821303977423,-7.172408858325541e-16,-0.5119543303278065,1e-10
Mishin_source_rigid,shockley_112,1.3,0.016666666666666666,0.3090400428421479,0.6971311143820486,11.127276407305136,-0.2110281447641902,-0.5171189500638601,1e-10
Mishin_source_rigid,shockley_112,1.3,0.03333333333333333,0.3078566926676397,0.6944617184737634,11.079283243123543,-0.4398606767100189,-0.5538753662356135,1e-10
Mishin_source_rigid,shockley_112,1.3,0.05,0.3057772187253535,0.6897708506710597,10.97601952457331,-0.6980521310022546,-0.586089388457526,1e-10
Mishin_source_rigid,shockley_112,1.3,0.06666666666666667,0.30273689767505035,0.68291250835922,10.791324320630475,-0.9612966917211813,-0.6155757024220383,1e-10
Mishin_source_rigid,shockley_112,1.3,0.08333333333333333,0.2987397817355851,0.673895832514993,10.523171481208744,-1.2174751271300883,-0.6252648444532696,1e-10
Mishin_source_rigid,shockley_112,1.3,0.1,0.2938512788591535,0.6628683700976152,10.201483356427284,-1.4371892553709895,-0.5552390271782524,1e-10
Mishin_source_rigid,shockley_112,1.3,0.11666666666666667,0.28836306170893655,0.6504880749659074,9.955541789382252,-1.5302404490418644,-0.39486194139558806,1e-10
Mishin_source_rigid,shockley_112,1.3,0.13333333333333333,0.2828895662138486,0.6381409888764688,9.819727423469539,-1.4160410138854858,-0.2178833433450464,1e-10
Mishin_source_rigid,shockley_112,1.3,0.15,0.2782983134831123,0.6277840619774434,9.774380430359308,-1.052146228765252,-0.07251414217603282,1e-10
Mishin_source_rigid,shockley_112,1.3,0.16666666666666666,0.27536237608269215,0.6211611878253185,9.815412738987424,-0.5352346836020792,0.014978885493040574,1e-10
Mishin_source_rigid,shockley_112,1.3,0.18333333333333332,0.2743952209556166,0.6189794837156575,9.91853315129312,-0.001991346663028971,0.05475444263250731,1e-10
Mishin_source_rigid,shockley_112,1.3,0.2,0.27520280589293544,0.6208012301215071,10.120624681167875,0.410657968618095,-0.012863109002720342,1e-10
Mishin_source_rigid,shockley_112,1.3,0.21666666666666667,0.27712928794842445,0.6251469795261111,10.434553677940077,0.6049645580411729,-0.14712304437798973,1e-10
Mishin_source_rigid,shockley_112,1.3,0.23333333333333334,0.27941766043701044,0.6303090797135745,10.882078086110102,0.6206154238300857,-0.27329660214383844,1e-10
Mishin_source_rigid,shockley_112,1.3,0.25,0.2815491634508607,0.6351173144578115,11.423753069413209,0.532326899715783,-0.3113926859136733,1e-10
Mishin_source_rigid,shockley_112,1.3,0.26666666666666666,0.28329247617165015,0.639049871315439,11.925828496303136,0.4172386205651103,-0.2779333663310051,1e-10
Mishin_source_rigid,shockley_112,1.3,0.2833333333333333,0.28460070430954354,0.642000966362049,12.336354803776352,0.29662552374164236,-0.22476431432881333,1e-10
Mishin_source_rigid,shockley_112,1.3,0.3,0.28546568107270426,0.64395217698599,12.627908209422232,0.17763301082818514,-0.1616203453074609,1e-10
Mishin_source_rigid,shockley_112,1.3,0.31666666666666665,0.28593422585948436,0.6450091181718051,12.799710056505733,0.08216638528141347,-0.08833492904468936,1e-10
Mishin_source_rigid,shockley_112,1.3,0.3333333333333333,0.2860841082932797,0.6453472222800529,12.853451209306858,1.7460706709244159e-15,-0.04268406916038611,1e-10
Mishin_source_rigid,shockley_112,1.35,0.0,0.36322448896051995,0.8193601399713599,9.52986975531364,-6.605701362887022e-16,-0.7085443048674688,1e-10
Mishin_source_rigid,shockley_112,1.35,0.016666666666666666,0.36271607971907516,0.8182132727311441,9.502391371672033,-0.2806267447290301,-0.7113118349126362,1e-10
Mishin_source_rigid,shockley_112,1.35,0.03333333333333333,0.3611402755627654,0.8146585809266997,9.421653758817891,-0.5834790551700538,-0.7092504714329311,1e-10
Mishin_source_rigid,shockley_112,1.35,0.05,0.3584076132388426,0.8084942537618891,9.292359724467959,-0.9120935744735469,-0.6947817295144211,1e-10
Mishin_source_rigid,shockley_112,1.35,0.06666666666666667,0.354439721745036,0.799543502288439,9.148832891642067,-1.2476986925020181,-0.5969442141674116,1e-10
Mishin_source_rigid,shockley_112,1.35,0.08333333333333333,0.34936477451874715,0.7880954595598791,9.071381849849272,-1.5019087152808563,-0.45973356464742343,1e-10
Mishin_source_rigid,shockley_112,1.35,0.1,0.34360863786887486,0.7751107928469299,9.084356302446192,-1.6102167098277735,-0.31788728268878425,1e-10
Mishin_source_rigid,shockley_112,1.35,0.11666666666666667,0.33780476530537473,0.7620184436784732,9.215465461193817,-1.5231941875603512,-0.20140550061806006,1e-10
Mishin_source_rigid,shockley_112,1.35,0.13333333333333333,0.332676169248054,0.750449380162385,9.473459871456265,-1.246720123287281,-0.12600608726223045,1e-10
Mishin_source_rigid,shockley_112,1.35,0.15,0.3288451478465918,0.7418073796168863,9.794816074755326,-0.8245863900836774,-0.0327948603241599,1e-10
Mishin_source_rigid,shockley_112,1.35,0.16666666666666666,0.3267466410469304,0.7370735775816158,10.078182309701312,-0.30911565738650265,0.0756951793731862,1e-10
Mishin_source_rigid,shockley_112,1.35,0.18333333333333332,0.32659668395879027,0.7367353050684385,10.236599303185132,0.22039724172766978,0.08564274070526828,1e-10
Mishin_source_rigid,shockley_112,1.35,0.2,0.328280000688911,0.7405325232448753,10.337534279595857,0.6828987952407991,0.01084194270026697,1e-10
Mishin_source_rigid,shockley_112,1.35,0.21666666666666667,0.3314499718244074,0.7476833296255756,10.464152626281537,1.0211603557507059,-0.10885029853088665,1e-10
Mishin_source_rigid,shockley_112,1.35,0.23333333333333334,0.3355507291111145,0.7569337991466164,10.665956886974516,1.1846394220843015,-0.2749274421026808,1e-10
Mishin_source_rigid,shockley_112,1.35,0.25,0.33989948461538777,0.7667437019119278,10.924548657593467,1.160027133241358,-0.4330941579314113,1e-10
Mishin_source_rigid,shockley_112,1.35,0.26666666666666666,0.34387637699954965,0.7757147575526504,11.207593122997125,0.9899180397564465,-0.5699492768193463,1e-10
Mishin_source_rigid,shockley_112,1.35,0.2833333333333333,0.3470471739898918,0.7828674268929324,11.492168112015268,0.7338085877314324,-0.6649660908527035,1e-10
Mishin_source_rigid,shockley_112,1.35,0.3,0.34926012682835805,0.787859395778799,11.70714356781806,0.4761048107666789,-0.6854519215773558,1e-10
Mishin_source_rigid,shockley_112,1.35,0.31666666666666665,0.3505527817011761,0.79077536072532,11.835530695146588,0.23154958361193959,-0.6988311522812963,1e-10
Mishin_source_rigid,shockley_112,1.35,0.3333333333333333,0.350973300877173,0.79172396595811,11.87848528185069,1.8132832325314e-15,-0.7005175028058337,1e-10
Mishin_source_rigid,shockley_112,1.4,0.0,0.40762823010968485,0.9195258960506156,7.604612181660582,-5.513121248570737e-16,-0.7244118403039344,1e-10
Mishin_source_rigid,shockley_112,1.4,0.016666666666666666,0.4069955084595275,0.9180986054477175,7.582701868420122,-0.34743600796373664,-0.7114048724809465,1e-10
Mishin_source_rigid,shockley_112,1.4,0.03333333333333333,0.40510247707656505,0.9138283139171183,7.575218750729372,-0.6798759747259985,-0.6268122793461757,1e-10
Mishin_source_rigid,shockley_112,1.4,0.05,0.40206451756943484,0.906975298763561,7.625422054650732,-0.9691220125256821,-0.548903934564421,1e-10
Mishin_source_rigid,shockley_112,1.4,0.06666666666666667,0.3980832287821645,0.8979943257368255,7.753510804704032,-1.1889726565964427,-0.4876640491686465,1e-10
Mishin_source_rigid,shockley_112,1.4,0.08333333333333333,0.3934853004775649,0.8876223401088288,7.986753312045567,-1.2977114548852873,-0.44392111136028223,1e-10
Mishin_source_rigid,shockley_112,1.4,0.1,0.3887643677979214,0.8769728817745133,8.345740603162298,-1.2480735282985607,-0.40312485094309836,1e-10
Mishin_source_rigid,shockley_112,1.4,0.11666666666666667,0.3845708182506342,0.8675130918967016,8.799973431691313,-1.0120612688532964,-0.3612836681571625,1e-10
Mishin_source_rigid,shockley_112,1.4,0.13333333333333333,0.38150222302308023,0.8605909688252107,9.289864867588191,-0.6519008043471733,-0.32327575419377086,1e-10
Mishin_source_rigid,shockley_112,1.4,0.15,0.3797681658968439,0.8566792906954199,9.698725011534204,-0.30473528655121274,-0.331197658412942,1e-10
Mishin_source_rigid,shockley_112,1.4,0.16666666666666666,0.3791964244462474,0.8553895589476272,9.949003654111001,-0.013655799400858483,-0.3387947741539913,1e-10
Mishin_source_rigid,shockley_112,1.4,0.18333333333333332,0.3796673726202789,0.8564519216834052,10.020556245015856,0.2768550168501297,-0.3750865721347594,1e-10
Mishin_source_rigid,shockley_112,1.4,0.2,0.3812966678923138,0.8601272785019107,9.919709061878828,0.6224768844274596,-0.42300959177026903,1e-10
Mishin_source_rigid,shockley_112,1.4,0.21666666666666667,0.3842537298456207,0.8667978053237649,9.712029325889125,0.9805869066086274,-0.5448059623268601,1e-10
Mishin_source_rigid,shockley_112,1.4,0.23333333333333334,0.3883283764321123,0.8759893744467504,9.505396011924807,1.2147652772244377,-0.6699942247156463,1e-10
Mishin_source_rigid,shockley_112,1.4,0.25,0.3929254141464309,0.8863593510852668,9.354282267175385,1.2636662567665253,-0.7891829326423103,1e-10
Mishin_source_rigid,shockley_112,1.4,0.26666666666666666,0.3974001437236079,0.8964534255877386,9.287493394036852,1.1561860646630349,-0.890518785525217,1e-10
Mishin_source_rigid,shockley_112,1.4,0.2833333333333333,0.40126766397473035,0.9051777600712712,9.285337963130047,0.9403209798844504,-0.9782053551342615,1e-10
Mishin_source_rigid,shockley_112,1.4,0.3,0.40421210026239507,0.9118198059743489,9.322965078578461,0.6581598480904644,-1.0588301328727066,1e-10
Mishin_source_rigid,shockley_112,1.4,0.31666666666666665,0.4060430930656391,0.9159501511607266,9.383072857499977,0.33573716529847636,-1.1348314178656878,1e-10
Mishin_source_rigid,shockley_112,1.4,0.3333333333333333,0.40665447494333207,0.9173293036025569,9.424095048446896,2.014229772428765e-15,-1.1406189268433748,1e-10
Mishin_source_rigid,shockley_112,1.45,0.0,0.44247651880679123,0.9981365062171755,6.010055772862513,-2.483125868895524e-15,-0.41436932293263573,1e-10
Mishin_source_rigid,shockley_112,1.45,0.016666666666666666,0.4419076926608273,0.9968533508002319,6.022908011798091,-0.30063310570355745,-0.4181769015741935,1e-10
Mishin_source_rigid,shockley_112,1.45,0.03333333333333333,0.44033241353739616,0.9932998433625524,6.084573568067544,-0.5514981813290474,-0.456453464513369,1e-10
Mishin_source_rigid,shockley_112,1.45,0.05,0.4379396630953227,0.9879022878652771,6.223409100273968,-0.7411411014740411,-0.5027746943807008,1e-10
Mishin_source_rigid,shockley_112,1.45,0.06666666666666667,0.43502345624399014,0.9813239217954909,6.4600217727759786,-0.8297349433482845,-0.5584409763731066,1e-10
Mishin_source_rigid,shockley_112,1.45,0.08333333333333333,0.432032040814872,0.9745759005601136,6.812326457406235,-0.7770467877438756,-0.6052441537164764,1e-10
Mishin_source_rigid,shockley_112,1.45,0.1,0.4295091211705532,0.9688847099721071,7.265426122909366,-0.5799190652024789,-0.6430253927195512,1e-10
Mishin_source_rigid,shockley_112,1.45,0.11666666666666667,0.42784717573731673,0.9651357010693802,7.712493718578815,-0.32726154960184584,-0.697915127680764,1e-10
Mishin_source_rigid,shockley_112,1.45,0.13333333333333333,0.4270610581041072,0.9633623805098998,8.062394155801076,-0.11160876975205507,-0.7444725773952816,1e-10
Mishin_source_rigid,shockley_112,1.45,0.15,0.4269400894384266,0.9630894999474467,8.26797915685532,0.031512181271158415,-0.7994569195903315,1e-10
Mishin_source_rigid,shockley_112,1.45,0.16666666666666666,0.42720941232695764,0.9636970372868916,8.344847178836456,0.10905567779941126,-0.8566656749497927,1e-10
Mishin_source_rigid,shockley_112,1.45,0.18333333333333332,0.4277348172764312,0.9648822433675012,8.301980840436027,0.1828420643385564,-0.8844491883102378,1e-10
Mishin_source_rigid,shockley_112,1.45,0.2,0.4286234339735607,0.9668867808463055,8.132232787279058,0.3150636815852449,-0.9088346660839322,1e-10
Mishin_source_rigid,shockley_112,1.45,0.21666666666666667,0.43012568164863463,0.9702755442769949,7.821344905064795,0.5137234533821866,-0.9317858224341078,1e-10
Mishin_source_rigid,shockley_112,1.45,0.23333333333333334,0.43243261225358265,0.9754795077784202,7.416931039903071,0.744832141472682,-0.9397055553032592,1e-10
Mishin_source_rigid,shockley_112,1.45,0.25,0.43551588933527874,0.9824347501092963,7.0095575375861845,0.917627085124216,-0.9662500937472323,1e-10
Mishin_source_rigid,shockley_112,1.45,0.26666666666666666,0.43897606489136265,0.9902401982938941,6.704465300669685,0.9449281141978562,-0.9818758083423629,1e-10
Mishin_source_rigid,shockley_112,1.45,0.2833333333333333,0.4422668810911824,0.9976636064176713,6.51072951653732,0.8299907494892813,-0.9916367285455565,1e-10
Mishin_source_rigid,shockley_112,1.45,0.3,0.44493358392949767,1.0036791424766993,6.402651260795154,0.6118426870338419,-0.9972614950019221,1e-10
Mishin_source_rigid,shockley_112,1.45,0.31666666666666665,0.44667542508633584,1.0076083797870996,6.35847586269336,0.33102019580229075,-0.9905597346122235,1e-10
Mishin_source_rigid,shockley_112,1.45,0.3333333333333333,0.4472998754410613,1.0090170120396145,6.350884752972621,1.4535054917589264e-15,-0.9955757368985381,1e-10
Mishin_source_rigid,shockley_112,1.5,0.0,0.4710312483934005,1.0625501345435178,5.024927131548182,-1.751655769824297e-15,-0.36659967427642326,1e-10
Mishin_source_rigid,shockley_112,1.5,0.016666666666666666,0.4705243574346171,1.0614066922383816,5.041207799869348,-0.26533280269728066,-0.35430875654599436,1e-10
Mishin_source_rigid,shockley_112,1.5,0.03333333333333333,0.4691891154804061,1.0583946595485456,5.097757609111061,-0.44629759001287805,-0.34182142149867256,1e-10
Mishin_source_rigid,shockley_112,1.5,0.05,0.4674009950128783,1.05436102558088,5.2188398157018225,-0.5081057174280433,-0.3284144529993877,1e-10
Mishin_source_rigid,shockley_112,1.5,0.06666666666666667,0.46561925203220444,1.0503417779188737,5.433385798933153,-0.4453109698304721,-0.35933174387634675,1e-10
Mishin_source_rigid,shockley_112,1.5,0.08333333333333333,0.4642577552677113,1.0472705197481538,5.697161062195617,-0.2851374194472167,-0.39573978896864986,1e-10
Mishin_source_rigid,shockley_112,1.5,0.1,0.463573248278352,1.0457264120140692,5.956856893759626,-0.08978996138274319,-0.4394696174410976,1e-10
Mishin_source_rigid,shockley_112,1.5,0.11666666666666667,0.4635414823975196,1.0456547546854578,6.1517529145145575,0.05955479917089657,-0.4968568690104993,1e-10
Mishin_source_rigid,shockley_112,1.5,0.13333333333333333,0.46390225901236715,1.0464685929222073,6.256006334524067,0.12293409465148944,-0.5491924970301261,1e-10
Mishin_source_rigid,shockley_112,1.5,0.15,0.46435413938075026,1.0474879425892638,6.284797570591093,0.11457875319721977,-0.6008475959377237,1e-10
Mishin_source_rigid,shockley_112,1.5,0.16666666666666666,0.46470458050507213,1.048278466073784,6.259051308912457,0.07462311801168654,-0.6133227604122684,1e-10
Mishin_source_rigid,shockley_112,1.5,0.18333333333333332,0.4648994528060965,1.04871805811864,6.190815987315001,0.03332977917660634,-0.6117199577409491,1e-10
Mishin_source_rigid,shockley_112,1.5,0.2,0.4649831758258788,1.0489069201235226,6.071904620603079,0.02103360168943732,-0.571890563415183,1e-10
Mishin_source_rigid,shockley_112,1.5,0.21666666666666667,0.46513782196630904,1.0492557701793974,5.881687474272836,0.07702493356967653,-0.5434126146010055,1e-10
Mishin_source_rigid,shockley_112,1.5,0.23333333333333334,0.46564985737236897,1.0504108173051576,5.604653421166438,0.21458855028258822,-0.5064418162118709,1e-10
Mishin_source_rigid,shockley_112,1.5,0.25,0.46676377131596847,1.0529235792815201,5.269385778395406,0.3940364081604231,-0.47752421048363536,1e-10
Mishin_source_rigid,shockley_112,1.5,0.26666666666666666,0.46848978612587394,1.056817115590936,4.939399541150528,0.5348344105694761,-0.4497951188126263,1e-10
Mishin_source_rigid,shockley_112,1.5,0.2833333333333333,0.47056012613030235,1.0614873790984198,4.670644373597655,0.5757612038703245,-0.4232961580946998,1e-10
Mishin_source_rigid,shockley_112,1.5,0.3,0.4725540085366624,1.0659851699060743,4.509572235343803,0.49083835950274113,-0.4382966285572233,1e-10
Mishin_source_rigid,shockley_112,1.5,0.31666666666666665,0.47401010673829114,1.0692698295657599,4.428755383106738,0.2868821897687851,-0.45115605069320586,1e-10
Mishin_source_rigid,shockley_112,1.5,0.3333333333333333,0.4745558602001167,1.0705009377274122,4.404455148009516,1.3702821548601575e-15,-0.4631125808932146,1e-10
Mishin_source_rigid,shockley_112,1.75,0.0,0.5809646514669581,1.3105374021081466,4.531351509241665,-7.128152161278962e-17,0.07696449797046764,1e-10
Mishin_source_rigid,shockley_112,1.75,0.016666666666666666,0.5812062969093359,1.3110825047912196,4.5090266758942255,0.12418166795863969,0.044675236424190336,1e-10
Mishin_source_rigid,shockley_112,1.75,0.03333333333333333,0.5818065887292243,1.3124366403314058,4.4445567346903205,0.19491935166130206,0.0035138014696565883,1e-10
Mishin_source_rigid,shockley_112,1.75,0.05,0.5825749457425328,1.3141698965657915,4.358162689864474,0.21698843192573788,-0.01986440273565179,1e-10
Mishin_source_rigid,shockley_112,1.75,0.06666666666666667,0.5833537607394313,1.315926743871701,4.290246435106798,0.20385206061014421,-0.02104899094638993,1e-10
Mishin_source_rigid,shockley_112,1.75,0.08333333333333333,0.5840511176310251,1.317499838356441,4.264145319334067,0.17580908160970873,-0.015926811243560306,1e-10
Mishin_source_rigid,shockley_112,1.75,0.1,0.5846369051382669,1.318821255134535,4.27629786496658,0.14259801925112253,-0.021960939161192652,1e-10
Mishin_source_rigid,shockley_112,1.75,0.11666666666666667,0.5850920872629599,1.3198480528883656,4.309441117171628,0.10591254508028099,-0.02578949810007536,1e-10
Mishin_source_rigid,shockley_112,1.75,0.13333333333333333,0.5854173951272194,1.3205818808798542,4.352278952285714,0.07185958072343049,-0.02450178728891865,1e-10
Mishin_source_rigid,shockley_112,1.75,0.15,0.5856162823498098,1.3210305297664053,4.38247444976073,0.03640408777761697,-0.02158972609798722,1e-10
Mishin_source_rigid,shockley_112,1.75,0.16666666666666666,0.5856831094318403,1.3211812779922287,4.393029130636682,5.238042070965197e-17,-0.019699532948284217,1e-10
Mishin_source_rigid,shockley_112,1.75,0.18333333333333332,0.5856162823498098,1.3210305297664053,4.382474449760732,-0.03640408777761722,-0.021589726097986997,1e-10
Mishin_source_rigid,shockley_112,1.75,0.2,0.5854173951272194,1.3205818808798542,4.352278952285718,-0.07185958072343046,-0.024501787288917914,1e-10
Mishin_source_rigid,shockley_112,1.75,0.21666666666666667,0.58509208726296,1.3198480528883658,4.309441117171627,-0.10591254508028089,-0.025789498100075362,1e-10
Mishin_source_rigid,shockley_112,1.75,0.23333333333333334,0.5846369051382669,1.318821255134535,4.27629786496658,-0.14259801925112242,-0.021960939161192725,1e-10
Mishin_source_rigid,shockley_112,1.75,0.25,0.5840511176310252,1.3174998383564411,4.2641453193340695,-0.1758090816097081,-0.015926811243560417,1e-10
Mishin_source_rigid,shockley_112,1.75,0.26666666666666666,0.5833537607394312,1.3159267438717006,4.290246435106801,-0.20385206061014388,-0.021048990946389866,1e-10
Mishin_source_rigid,shockley_112,1.75,0.2833333333333333,0.5825749457425328,1.3141698965657915,4.358162689864474,-0.21698843192573783,-0.019864402735651786,1e-10
Mishin_source_rigid,shockley_112,1.75,0.3,0.5818065887292243,1.3124366403314058,4.4445567346903205,-0.19491935166130392,0.0035138014696558216,1e-10
Mishin_source_rigid,shockley_112,1.75,0.31666666666666665,0.5812062969093359,1.3110825047912196,4.5090266758942255,-0.12418166795864044,0.044675236424190065,1e-10
Mishin_source_rigid,shockley_112,1.75,0.3333333333333333,0.5809646514669581,1.3105374021081466,4.531351509241666,-1.9007071153991925e-16,0.07696449797046764,1e-10
Mishin_source_rigid,shockley_112,2.0,0.0,0.7060534019484037,1.5927120330000084,4.37078698724459,-5.645260102442049e-17,-0.20942631443355375,1e-10
Mishin_source_rigid,shockley_112,2.0,0.016666666666666666,0.7060475167852236,1.5926987572758389,4.378916035406654,-0.0051332221076122175,-0.205978091118958,1e-10
Mishin_source_rigid,shockley_112,2.0,0.03333333333333333,0.7060061495178706,1.5926054411834532,4.400921602205753,-0.018190700798869662,-0.19442375360276376,1e-10
Mishin_source_rigid,shockley_112,2.0,0.05,0.7059121157023331,1.5923933201326914,4.435581593957232,-0.03308991208358788,-0.17840067590236214,1e-10
Mishin_source_rigid,shockley_112,2.0,0.06666666666666667,0.705762873823258,1.5920566609848497,4.487211473739106,-0.048293667098382294,-0.16624717474361372,1e-10
Mishin_source_rigid,shockley_112,2.0,0.08333333333333333,0.7055612821485796,1.591601911407655,4.555785641197006,-0.06094813446694402,-0.15296740487696855,1e-10
Mishin_source_rigid,shockley_112,2.0,0.1,0.7053239903301434,1.591066629609546,4.634817777193987,-0.06723788111180393,-0.1380701363354473,1e-10
Mishin_source_rigid,shockley_112,2.0,0.11666666666666667,0.705079051002635,1.5905140965954696,4.712916449446157,-0.06494684093771923,-0.12240099719772596,1e-10
Mishin_source_rigid,shockley_112,2.0,0.13333333333333333,0.7048586040517268,1.5900168133724433,4.776635070085622,-0.053563853317858956,-0.10231953656083126,1e-10
Mishin_source_rigid,shockley_112,2.0,0.15,0.7047015224400985,1.5896624693917856,4.821846955274444,-0.03041693947752467,-0.08173188554253938,1e-10
Mishin_source_rigid,shockley_112,2.0,0.16666666666666666,0.7046446212762496,1.589534112006772,4.838450051760117,0.0,-0.07328302057290964,1e-10
Mishin_source_rigid,shockley_112,2.0,0.18333333333333332,0.7047015224400985,1.5896624693917856,4.821846955274445,0.03041693947752348,-0.08173188554253927,1e-10
Mishin_source_rigid,shockley_112,2.0,0.2,0.7048586040517268,1.5900168133724433,4.776635070085622,0.053563853317858276,-0.10231953656083098,1e-10
Mishin_source_rigid,shockley_112,2.0,0.21666666666666667,0.705079051002635,1.5905140965954696,4.712916449446157,0.06494684093771923,-0.12240099719772596,1e-10
Mishin_source_rigid,shockley_112,2.0,0.23333333333333334,0.7053239903301434,1.591066629609546,4.634817777193987,0.06723788111180362,-0.13807013633544718,1e-10
Mishin_source_rigid,shockley_112,2.0,0.25,0.7055612821485796,1.591601911407655,4.555785641197006,0.060948134466943714,-0.15296740487696855,1e-10
Mishin_source_rigid,shockley_112,2.0,0.26666666666666666,0.705762873823258,1.5920566609848497,4.487211473739106,0.048293667098381766,-0.16624717474361378,1e-10
Mishin_source_rigid,shockley_112,2.0,0.2833333333333333,0.7059121157023331,1.5923933201326914,4.435581593957232,0.03308991208358788,-0.17840067590236214,1e-10
Mishin_source_rigid,shockley_112,2.0,0.3,0.7060061495178704,1.592605441183453,4.400921602205753,0.018190700798869777,-0.19442375360276204,1e-10
Mishin_source_rigid,shockley_112,2.0,0.31666666666666665,0.7060475167852236,1.5926987572758389,4.378916035406652,0.005133222107612254,-0.20597809111895796,1e-10
Mishin_source_rigid,shockley_112,2.0,0.3333333333333333,0.7060534019484037,1.5927120330000084,4.37078698724459,-1.7320788239560248e-17,-0.20942631443355375,1e-10
