j,l,ux,uy,uz,gx,gy,gz
-24,4,0.476835726593334,4.0967294461853646e-05,0.00011787324712235085,4.5004266670733636e-10,2.9825214659107147e-09,-1.1984014352026768e-09
-24,5,0.4700465445162279,9.594125211637579e-05,0.0001739128269338928,-2.547328537341742e-11,1.8778824467657884e-09,-1.3314337339856896e-09
-24,6,0.46322202322778705,0.0001401044838826891,0.00019095066530030785,7.998639717145956e-11,-1.0436676939340472e-09,1.0991671486465786e-09
-24,7,0.4563873241865007,0.0001737863791523764,0.00018368468537543356,1.8703806130846226e-10,-6.719989148473715e-10,-2.3884322232970887e-09
-24,8,0.4495675015561394,0.00019766697366333335,0.0001600893061128406,1.910658729755571e-11,1.7396881157871746e-09,1.019356877026369e-09
-24,9,0.4427870719317069,0.00021202720529151306,0.00012543652277101884,9.76755084691576e-11,3.6142996928667515e-10,-1.1600694706059772e-09
-24,10,0.43606953057707926,0.00021704229977564018,8.396132599517663e-05,5.020240509108834e-10,1.7635152088635309e-09,1.614681926440922e-09
-24,11,0.42943667973784205,0.0002127930140288543,3.943108435974824e-05,-5.55979606320714e-10,-1.2133944266023988e-09,-5.888468453007947e-10
-24,12,0.4229075262280451,0.00019828131625955603,-4.112146691690262e-06,3.2046232095912786e-11,-2.2291544998775947e-10,-8.764281273241975e-10
-24,13,0.4164954363242305,0.00016833311679048768,-3.863249728982938e-05,-3.852581141475589e-10,-1.1723130799445869e-09,-4.3379492959706983e-10
-23,1,0.4966205714250596,-3.4117294070485416e-05,0.00014829851916955565,1.0673756870629427e-09,2.6019233989593715e-10,-2.4159253667705924e-09
-23,2,0.4897835333754874,1.7209188801992087e-05,0.00024015476408367417,-8.154700792531227e-10,2.8925130762802453e-09,-5.141675236142455e-10
-23,3,0.4828388690311854,5.4238993196514565e-05,0.00031847492408773457,5.590201955041427e-10,1.0799729305288608e-09,9.167860395674224e-10
-23,4,0.475810652102259,0.00012850128285308727,0.0003568940028456536,6.028186481346794e-10,-2.816711863751209e-10,1.6515315687156687e-09
-23,5,0.4687240821601545,0.0002173692232662686,0.0003657437739091198,4.584344911605538e-10,-1.844969427233778e-09,-2.6512061201874318e-09
-23,6,0.4616054376699937,0.0002981027519710585,0.0003486207448474093,-1.6909077707894654e-11,-7.269167490164818e-10,1.9694738008686503e-09
-23,7,0.4544824457517804,0.0003641259252273866,0.000308266425720524,1.1023413438570467e-09,8.028224057765598e-10,-1.7204565669589667e-09
-23,8,0.4473830921105444,0.0004126830800668721,0.00024947450255680267,7.217080498218668e-10,2.4707261792045188e-09,1.024460241248401e-09
-23,9,0.440334672870264,0.0004424329015144382,0.0001783631443089568,1.6592627174582403e-10,2.5248146628964463e-10,-3.063055901527176e-09
-23,10,0.4333630284169376,0.00045296210890306506,0.00010200799703174461,-2.465569593108896e-10,-1.113985584333399e-09,7.996064375167709e-10
-23,11,0.42649181049334306,0.00044413436693591785,2.8835817721352827e-05,-4.0379539805162484e-10,-1.4421834976241499e-09,-1.973350671459362e-09
-23,12,0.4197418639426496,0.0004138250441123778,-2.9656905736424665e-05,8.611664686474646e-10,1.6340273301107544e-09,2.733816326713152e-09
-23,13,0.4131306345869365,0.00033375728772932226,-5.050204405316697e-05,2.3884178228933406e-10,-1.631088902831479e-09,-3.9189629113482033e-10
-23,14,0.40667637125415845,0.00021396097913832022,-8.047332421778844e-05,4.5912505351394794e-11,-2.3562805040455714e-09,1.6368243588597755e-09
-23,15,0.40040211731179015,0.00016930837317740877,-0.00010432469119600573,2.2258032797515398e-10,9.377380955077896e-10,-1.699197622721544e-09
-23,16,0.3943087434334057,0.00013156353731285685,-9.539146658897004e-05,2.6638770269510337e-10,-5.7731180946873906e-12,-6.383002450433082e-10
-22,-2,-0.48303480869213045,-0.00010193410851705445,0.00012752803095265097,3.1843452972125236e-10,3.290743788575412e-10,-1.892860842466458e-09
-22,-1,-0.4896981254365918,-7.761249590727326e-05,0.00022548927604442706,4.2640884458089705e-10,-1.0676011741317382e-09,9.672771010673991e-10
-22,0,-0.4965416682751665,-7.269910550079903e-05,0.0003443738244754068,-3.829841527430483e-10,-2.6454499840733448e-09,-1.945906405410522e-09
-22,1,0.4964510303432366,-4.842332518908185e-05,0.00043307670787199253,7.953246632238717e-10,-1.6993910723073213e-09,8.244102214858672e-10
-22,2,0.4893040331280196,2.761129463435484e-05,0.0004985992597062548,4.684142052236101e-10,1.9884027757655076e-10,-7.352687470579453e-10
-22,3,0.48204211205834613,0.00011947216891260005,0.0005334005597887014,4.232141521997093e-10,-1.7352955045124574e-09,2.1622739349350627e-10
-22,4,0.4746916215739809,0.00023687378331083172,0.00053482693758751,1.4033777539037597e-10,-6.858797974018671e-10,1.7796210581905365e-09
-22,5,0.4672818238986596,0.00036281156140881786,0.0005065766237313436,5.428646439168718e-10,-3.5282694821336946e-10,-3.9271811031680844e-10
-22,6,0.45984353094819597,0.00047921904214684663,0.000451311842369728,7.637309082679164e-10,2.0614666085272404e-09,2.2023044075715546e-09
-22,7,0.45240836398096423,0.0005759312378826672,0.0003725772575810715,4.978757121203506e-10,1.7151113029800769e-09,-4.147055037379357e-09
-22,8,0.44500792207131756,0.0006469006375966287,0.0002763294150510318,1.567571796543335e-09,-5.370339034582727e-10,1.0858145548661648e-09
-22,9,0.4376727979033673,0.0006887094972063792,0.0001706010776396924,9.218163574045007e-10,1.585604023079945e-09,-5.65546766325743e-10
-22,10,0.43043170638438655,0.0006997748507330936,6.498143645918983e-05,9.242260494250754e-12,2.2164075297315122e-09,5.114384448308114e-10
-22,11,0.42331077235742365,0.0006789688862252414,-2.975713564183453e-05,1.2249999395939903e-09,2.3427718237600814e-09,-3.2736052437044052e-09
-22,12,0.41633294555339734,0.0006205130118242268,-0.00010201473718420217,7.158735218113985e-10,-1.7773112981345207e-09,-2.1049355656394507e-09
-22,13,0.4095185508087886,0.0005245807576269724,-0.00015626714588247534,1.500302972351833e-09,2.142453520148635e-09,-2.3551918779250345e-10
-22,14,0.40288641624502386,0.000414893713253293,-0.00019847073214297427,1.309188730948957e-09,2.664542475550036e-10,6.857315693364386e-11
-22,15,0.3964493468107909,0.00032914935562928697,-0.0002127236769128155,-9.271446458876745e-10,-1.3832075207442784e-09,-2.4715666699742203e-09
-22,16,0.3902143641570452,0.00022511618358061797,-0.00017452741077590787,2.6861546396483166e-10,-7.275324509503633e-10,-7.261714521190963e-10
-22,17,0.38418283526800723,0.0001214641692580573,-0.00012869439345660925,7.102497619985298e-10,-1.446691502704489e-09,-9.522355348624747e-10
-21,-4,-0.46903336818469865,-0.00014282868915415451,0.00012210722819710638,-8.77067840826095e-10,-1.2189685372199222e-10,2.091646085371527e-09
-21,-3,-0.47554840142686344,-0.0001782772522589545,0.0002562737945897207,5.735475973008605e-10,-8.369900744709113e-10,-1.9221946496799595e-10
-21,-2,-0.4822917683502768,-0.00021800252909677309,0.00037409150325277285,5.387300108783671e-10,2.1341838712940486e-09,-1.7751982334471023e-09
-21,-1,-0.48924892160131794,-0.00019144452689991503,0.0004840024766456677,1.275145309993981e-09,4.1020187246942896e-10,1.0393232510310193e-09
-21,0,-0.49640347072601715,-0.00014619780978673765,0.0005797193829529694,-6.668173698891897e-10,-1.095539090001374e-09,-1.6149912559072603e-09
-21,1,0.4962642282503136,-6.715468256832487e-05,0.0006483924488107544,7.024593445513765e-10,-2.174554841749554e-09,1.247866106507487e-10
-21,2,0.48877876536788134,5.316514829877598e-05,0.0006859543898655089,3.1177118626026824e-11,3.2122937643208616e-10,-7.371396363995602e-10
-21,3,0.48116877276485437,0.0001994399387071444,0.0006888953383141458,8.748303012453933e-11,2.6107794953711405e-09,2.5481119214076377e-09
-21,4,0.4734653576900187,0.00036505303825729154,0.0006561226578163322,1.3890489330048612e-09,1.9772597725786767e-09,-7.060369812734069e-10
-21,5,0.4657025227537499,0.0005333606476399013,0.000590298771756696,7.328288410672103e-10,1.4753045590731872e-09,-9.84727297181345e-10
-21,6,0.4579160284613933,0.0006870860587949409,0.0004951985439196716,6.191789924205916e-10,-7.987650818552794e-11,2.9728366889028514e-09
-21,7,0.4501422881940637,0.0008133131456773381,0.0003765696596702356,1.6875118473815356e-10,-6.521722190067081e-10,1.188146136856037e-10
-21,8,0.4424173111248993,0.0009032185568153552,0.00024268015309105925,8.637226943863582e-10,8.437132381633461e-10,-7.747482991588461e-10
-21,9,0.4347755978969346,0.0009516066030020558,0.00010376618260763326,7.402291154166851e-10,4.630827082907629e-09,-3.941452348486395e-10
-21,10,0.427249158683482,0.0009562171211779488,-2.8996086880138007e-05,6.824148222417739e-10,1.6084042708808255e-09,5.922907660847905e-10
-21,11,0.41986673534237634,0.0009162561625976375,-0.0001449109851893386,-4.1127932223078423e-10,1.989501785537584e-09,-1.1049269221132646e-09
-21,12,0.4126534413326494,0.0008338238826761017,-0.00023820287803960394,6.312943102299018e-10,1.3044404029161072e-09,-1.6975685989014094e-09
-21,13,0.40563075028768186,0.0007184740503852869,-0.0003074177157297921,8.613986801414217e-10,2.5088500166248195e-09,-2.2576535590590875e-09
-21,14,0.3988161119073233,0.0005889499458704087,-0.00034966952473767843,1.0762368516997398e-09,1.3163191231457816e-09,-1.3861110440489051e-09
-21,15,0.3922213775889493,0.00045746220077771537,-0.0003547832798829082,1.342813228774782e-09,-3.1100122060978563e-09,1.4482008522820485e-10
-21,16,0.3858550863062697,0.0003220981559579399,-0.0003274258854914125,1.0327515654728198e-10,-2.0855702165256673e-09,-2.2690519518105308e-10
-21,17,0.3797237171016204,0.00017992604554568296,-0.00026403833079824364,8.659714591458326e-10,-2.0790559551731036e-10,-5.453690497860268e-10
-21,18,0.37383221235266284,8.27646124797976e-05,-0.00021737257110092406,1.738094225836595e-10,-6.116967349312219e-10,-3.229928497648334e-10
-21,19,0.3681941951053307,5.771600436246423e-05,-0.00014509696865842563,-5.855882783886712e-10,1.9997757616518896e-10,-1.5650192883981656e-09
-20,-6,-0.45487455416162076,-0.00016459833940412217,8.767027727350238e-05,1.5748832956599852e-09,-8.486104319249677e-10,-3.0423436860727406e-09
-20,-5,-0.4611303399097283,-0.000230911038888852,0.00021195322261857052,-9.974756914540861e-11,-1.4767377043423124e-09,1.012331098763637e-09
-20,-4,-0.46765648065303256,-0.00032839796140845943,0.00034174856756578024,1.0346838783437291e-09,2.4322653613406686e-10,-1.5186024322809757e-09
-20,-3,-0.4744431403789322,-0.0003602807580839445,0.0004641654737694774,-4.126106541125444e-10,2.6104856193365222e-09,-4.999126808585656e-10
-20,-2,-0.48148061855105256,-0.00035962445234122834,0.0005780430325205398,6.681206037636306e-10,-4.939832987105319e-10,-2.764390940685141e-09
-20,-1,-0.4887559365125819,-0.00030759736887266354,0.0006779653533201467,1.5098635425150712e-09,1.6615216286153256e-09,1.5663235377024799e-09
-20,0,-0.4962503847299107,-0.00021676426157286877,0.000756710565326445,7.157142108179105e-10,6.199507018855854e-10,-1.1806659217731674e-09
-20,1,0.4960591323705088,-8.289959327260985e-05,0.0008045127490907242,5.309154962586599e-10,7.130500218055502e-10,3.378620053949002e-09
-20,2,0.4882007833423253,9.223032190694933e-05,0.0008162187534056345,-9.967260312731489e-10,-1.4387932373294277e-09,7.871801205934937e-10
-20,3,0.4802075040720048,0.000296547059157395,0.0007884361123973191,8.097720048216676e-10,2.77431608242118e-09,-2.4650520647195038e-09
-20,4,0.4721159269910409,0.0005161187152576268,0.0007206548836577484,7.401610516437514e-10,2.9479078900163103e-10,1.764281137288002e-09
-20,5,0.4639658360930864,0.0007319561637657175,0.0006157184403511964,2.127593389498767e-09,3.566671957777601e-11,2.443979695772075e-09
-20,6,0.455798909216247,0.0009248412912324349,0.00047919991434194843,1.2242695854487728e-10,1.9264183442890825e-09,1.3948528035725993e-09
-20,7,0.4476573089138869,0.0010789888876420308,0.00031955831036070735,4.658038854805924e-10,-9.419146712597026e-10,-1.897458843083048e-10
-20,8,0.4395822920867826,0.0011832934200250833,0.00014780337388204323,9.148700515692818e-10,2.066399537592467e-09,1.019703931718957e-10
-20,9,0.43161288083397703,0.0012316447359107172,-2.3630742822431318e-05,1.8563182718409066e-10,-4.79848910606151e-10,2.3025770354054395e-09
-20,10,0.4237847209613997,0.0012225207205629114,-0.00018248282641203435,3.391368054439514e-10,-1.878248293007978e-09,1.5274199826322769e-09
-20,11,0.4161292659208165,0.0011587171991885626,-0.00031884239660619435,-2.2688054776912048e-12,-4.4552010691756294e-10,1.9335675034766356e-09
-20,12,0.408673323589421,0.001047839665498027,-0.000426292593497299,-5.828641808569221e-10,-7.773079124806515e-10,2.7772837492506895e-10
-20,13,0.40143881015124866,0.0009028148675142688,-0.0005011482387084969,-9.18770763679369e-10,-2.872369439521627e-09,-6.877363744785942e-10
-20,14,0.39444247154613726,0.0007389199967938343,-0.0005400380534407341,4.784795871147496e-10,-6.387414069886077e-10,-1.719693279684869e-09
-20,15,0.38769604078430736,0.0005686002814708777,-0.0005420019774585055,1.5041623578192914e-10,-2.3957023864706883e-09,-5.309384533011498e-10
-20,16,0.3812074125249571,0.00039737332204028216,-0.0005090752492839947,3.7832173125588314e-10,4.147094195827705e-10,-4.9437303971828226e-11
-20,17,0.37498151038078853,0.0002439925269318396,-0.0004567807279368124,6.59667356872097e-10,-1.5425670463198315e-10,-4.391120542876427e-10
-20,18,0.36902128756678043,0.00013206536500065208,-0.0003825360733496869,6.827517574740927e-10,2.0536357336897737e-10,-7.186511489488902e-10
-20,19,0.36332406380348736,5.2999597386008295e-05,-0.0002716888994398841,1.0820881764413148e-09,-1.0505274150585109e-09,1.2497624743155523e-09
-20,20,0.3578783352855793,1.993889428570284e-05,-0.0001621376896889669,8.990607086936664e-10,-1.9469712370101533e-09,-4.05436154823067e-09
-19,-7,-0.44666292345001574,-0.00024365194074029995,0.0001314908142660976,1.847014965777015e-09,-2.3490481781962558e-09,1.4694405951939645e-09
-19,-6,-0.4528670180653001,-0.0003868670579835331,0.00025226059725509426,2.3183290790568245e-11,1.571799634891846e-11,-2.450823520432706e-09
-19,-5,-0.4593620042815663,-0.0004722332650709257,0.00037819459518115603,5.65795847673467e-10,1.886733963507581e-09,-1.8794537831088947e-09
-19,-4,-0.46615072125244256,-0.0005372701569639461,0.0005031311727604656,-2.8107856293131325e-10,-5.560584770414323e-10,-2.3917289820201727e-09
-19,-3,-0.4732294276003182,-0.0005507000817886354,0.0006211784831114453,-1.2473885265635795e-10,1.1962734691728372e-09,1.2889203706962734e-09
-19,-2,-0.48058819280394993,-0.0005161834911145623,0.0007280081881809325,3.880504535324486e-10,2.4933319575648483e-09,-1.010386495471768e-09
-19,-1,-0.4882123010710902,-0.0004270956277305029,0.0008169974101946225,9.450776764635942e-11,-5.551813175852516e-11,2.101753608351191e-09
-19,0,-0.4960808638848828,-0.0002857132636019144,0.0008796376698557279,3.230595695472016e-11,2.241210134146243e-09,5.251885416086757e-10
-19,1,0.49583288831747685,-9.261309019604962e-05,0.0009071393968671189,4.851530690789976e-10,1.3391133202311778e-09,-5.806366424449504e-10
-19,2,0.4875617951040039,0.00014561173812598622,0.00089314061138969,-8.314704504877764e-11,8.474784068956964e-10,4.227199580054074e-09
-19,3,0.4791443818926141,0.0004145413235015525,0.0008338150729612786,1.226111337649825e-09,-1.2391900006125667e-10,9.142238945590055e-10
-19,4,0.4706239200383635,0.0006947527298226531,0.0007288950095074646,1.7282768637440563e-09,1.912278085880459e-09,-5.118735626064973e-10
-19,5,0.4620473072345575,0.0009630237018899559,0.0005823000127579444,-1.4360785886738218e-09,6.059461682417222e-10,-3.4391461259166973e-09
-19,6,0.45346345235238,0.001196408935710347,0.0004020541857955771,8.400624476644428e-10,1.6456587065283301e-09,1.1364518798538453e-09
-19,7,0.4449214325352192,0.0013759585169784252,0.00019983368189308183,-8.142135818648907e-10,2.2795953458221163e-09,1.2998957058524946e-09
-19,8,0.4364686837212174,0.001488894125016703,-1.0212546831803695e-05,6.802312263812227e-10,-1.3081351002419694e-09,-3.2132674959244295e-09
-19,9,0.4281493641405421,0.0015294308714978366,-0.00021327454670193302,1.7061201142186747e-09,-5.96947685727045e-10,1.6295226783898077e-09
-19,10,0.4200030254667433,0.001498562943937118,-0.00039593518376370763,9.121587231201989e-10,1.8827779474372974e-09,-2.993848682893564e-10
-19,11,0.41206371974999106,0.001403323982589772,-0.0005477933075440041,-1.2731601905548173e-11,-1.0871804984047273e-09,-2.921036963301853e-10
-19,12,0.4043595257316089,0.0012558552130628358,-0.0006621260999444751,-1.1297833739506644e-09,-6.960191589744369e-10,-1.5043867518971005e-09
-19,13,0.39691238860091566,0.001071793590699711,-0.000735382344106402,-3.2187345551468877e-10,1.946908440020323e-09,1.7857470508378544e-09
-19,14,0.38973825217868674,0.0008677132388884664,-0.000766731918875205,-2.1011366485666066e-10,-5.367348371310143e-10,-1.555533763527851e-09
-19,15,0.3828476184889116,0.0006579773425916194,-0.0007578910685289258,2.1284977491480006e-10,2.2331539395459288e-10,-3.327801900383299e-10
-19,16,0.37624647604336825,0.00045668993645228164,-0.0007154300230479822,6.455321999599556e-10,-1.621018805297858e-09,3.0652993095113784e-10
-19,17,0.36993688082532017,0.0002800361725575164,-0.0006445409926134322,7.938881110662599e-10,-1.532281010407921e-09,-2.3995171901004678e-11
-19,18,0.3639171346992172,0.00013897625879458222,-0.0005463974524712643,8.895636462689926e-11,-2.3681614169657195e-09,1.162102770275715e-09
-19,19,0.3581814754898572,4.013363179142474e-05,-0.00042948917500635513,1.8499235390073698e-10,1.2722974063184012e-10,-1.5718736273702503e-09
-19,20,0.35272317868367015,-2.176812487977127e-05,-0.00029000072825209166,1.2574872816206034e-09,8.638401105542926e-11,-2.894963558764817e-10
-19,21,0.34753076192589594,-1.8666105210744353e-05,-0.00016266619116284928,3.0613242388115303e-10,4.019576338443187e-11,-4.861878908908428e-11
-18,-9,-0.43239791488872437,-0.00019427804832994306,4.2998494252112034e-05,-1.1717530591648373e-11,8.588370153939096e-10,2.826593811238614e-09
-18,-8,-0.43816638950747183,-0.00030743149125005105,0.00014502494039222243,4.4130236867123e-10,-1.5047174617421888e-10,-4.14763514484919e-09
-18,-7,-0.4442609680173782,-0.0005022328608977242,0.0002632162650124927,1.48740298994577e-09,-3.0608758583294815e-10,-1.4414483167057282e-10
-18,-6,-0.4506789410180981,-0.0006350107096828903,0.0003764921693559321,-3.598916090271839e-10,6.08932876344781e-10,9.202683221246218e-10
-18,-5,-0.45742322630843213,-0.0007203834438415835,0.0004947089826065317,8.533184595667549e-10,1.7552743980520091e-10,2.0722551631607725e-09
-18,-4,-0.4644951268923339,-0.0007646525071920417,0.0006129833188590014,1.344690127747395e-09,-1.806278182581167e-10,-2.6073970887252476e-09
-18,-3,-0.47189115430240147,-0.0007545011182078594,0.0007251341017340651,3.808615701463014e-10,-1.4685606619657676e-09,1.5515906926045022e-09
-18,-2,-0.479601479153671,-0.0006853405123027863,0.0008246776252511576,3.284440801471812e-10,2.0806537048834173e-11,1.496859163501547e-09
-18,-1,-0.4876097449956845,-0.0005520380602865549,0.000903282021449862,7.662200433053261e-10,-7.26872978473736e-10,3.0579249426268247e-09
-18,0,-0.4958923165055602,-0.0003540548214582832,0.0009512659431747092,2.184495544205894e-09,-3.386953772999135e-10,4.5342527796928423e-10
-18,1,0.49558191117790235,-9.457056151566485e-05,0.0009589837172236548,-3.201589663683318e-10,-1.603084498480456e-09,-5.729281123145486e-10
-18,2,0.48685156230417515,0.00021585786981411048,0.0009186822651096436,8.284501334726233e-10,-9.422029267902587e-10,-4.1242382980164003e-10
-18,3,0.4779622757204551,0.0005582183574986589,0.0008258183685285242,-3.2254715489222346e-10,2.4170027090875124e-10,4.915901057804626e-10
-18,4,0.46896557425147445,0.0009068181380930161,0.000680550646864891,1.0221476964529866e-09,-7.28165763796973e-10,-1.9238952356546253e-09
-18,5,0.4599172181296151,0.0012323533250970535,0.0004886743962605784,3.199316795645876e-10,1.810479877129012e-09,4.1909388351861867e-10
-18,6,0.45087502675188657,0.001506743387732008,0.00026152049479897594,-3.1863887852041917e-10,2.463532336460794e-09,1.6202070988151221e-09
-18,7,0.44189642198002765,0.0017076956253438004,1.4775379352536429e-05,6.517435396707558e-10,1.3668207260453258e-09,-8.941942516028489e-10
-18,8,0.4330360655537102,0.001821635197527753,-0.00023365327887664433,-7.596301506655051e-10,1.0723813365087764e-09,-6.333449605424365e-10
-18,9,0.4243438443231748,0.0018446513415900994,-0.0004662122191576324,-1.7626187868210325e-10,3.4646248786573963e-09,-6.624248617898617e-10
-18,10,0.4158633462336702,0.0017817485619345708,-0.0006680104538260098,1.530472709286232e-09,1.3377467883435301e-09,-9.403090504923385e-10
-18,11,0.40763094881235046,0.0016450694705200945,-0.0008283192657247289,-1.7535253967176229e-10,-2.0497510633266103e-10,-1.6687310670414834e-09
-18,12,0.3996754573461191,0.0014516191259846226,-0.0009410053342720654,-4.6312975026177594e-10,-2.047936431548436e-09,9.459522142240542e-10
-18,13,0.39201819773625574,0.0012207708744736768,-0.0010041537757740017,4.006762493406063e-10,-2.4500398931870393e-10,1.2164554612434917e-10
-18,14,0.3846734941384705,0.0009717313699412275,-0.0010193189337318106,4.126992196335638e-10,-9.834462411095757e-10,-1.2993877875397799e-09
-18,15,0.3776494896277754,0.0007221537340983313,-0.000991240176518827,1.2512881789744634e-11,-1.609230387833449e-10,-3.968291712269737e-09
-18,16,0.37094907388960385,0.000488033528206387,-0.0009262907051979419,-4.454007911190022e-10,1.2623066342198896e-09,-3.472505040675103e-10
-18,17,0.3645705998368227,0.0002832438735915135,-0.0008307103377096401,-4.662306255041188e-10,-5.387787438415614e-12,5.360596662133048e-10
-18,18,0.35850857874775155,0.0001183794439983953,-0.0007112093868385663,1.7506089635636185e-09,3.9347437807979446e-10,7.974437385959972e-10
-18,19,0.35275445884187673,-2.0203356774239896e-06,-0.0005729007563818084,1.1234577046870947e-09,-4.704798217680661e-10,-4.888395275694918e-10
-18,20,0.34729809859130895,-7.016166754403561e-05,-0.00042806697748494363,2.802089569490379e-10,-6.422828935370717e-10,8.962673332993908e-10
-18,21,0.34212935460961186,-8.832587953292099e-05,-0.000273710172211539,-2.5322507849270814e-10,-5.6886217958407315e-11,-1.2970022924451352e-09
-18,22,0.33723512567916714,-4.395314605349155e-05,-0.00014149803282596202,6.817560814931928e-10,1.2281109323941664e-09,-1.8118744343417759e-09
-17,-10,-0.42380285302086923,-0.0002534493018678537,5.791995778549734e-05,1.1406826336355508e-09,-1.1839868668817033e-09,-2.6098535687926207e-09
-17,-9,-0.42941001817216895,-0.00044962674033175283,0.00013068146109164393,2.2979241887143356e-09,6.309413963512256e-10,1.5601982308469174e-09
-17,-8,-0.4353487569985439,-0.0006106970285300775,0.0002272045099356581,3.815160784948618e-10,1.7092341431101943e-11,-7.643505406277967e-10
-17,-7,-0.44163523085858913,-0.0007798034126641894,0.0003332976680851664,1.3875928909579463e-09,2.7861357249081564e-09,2.8555640638270718e-09
-17,-6,-0.4482799792647575,-0.0009057779758603537,0.00044146644728399386,8.232423833343799e-10,-9.948785129054727e-10,-1.5484798184634777e-09
-17,-5,-0.4552894759747163,-0.000984501623368312,0.0005539977523630319,1.0648389435290694e-09,7.681022484717914e-10,6.184323074869273e-10
-17,-4,-0.4626664761211775,-0.0010111619376522581,0.0006670031457554324,5.202204731444629e-11,9.620410024169246e-11,2.367395710551972e-09
-17,-3,-0.4704081952303261,-0.0009752176822263737,0.0007742865715727142,1.073684519547688e-09,3.757133770765364e-10,-1.0513146920200695e-09
-17,-2,-0.4785047479247114,-0.0008685728832369204,0.0008679383606325215,1.936321708333709e-09,3.080140448252777e-10,-3.403874493330744e-11
-17,-1,-0.48693814087926823,-0.0006849715547373588,0.0009379968162496188,3.8106365946814075e-10,-6.94802479439538e-10,-1.437823890927236e-09
-17,0,-0.49568142657287356,-0.0004228408017386867,0.0009730165500693576,3.91231007219352e-10,1.9121838695790316e-09,-7.637548227862855e-10
-17,1,0.4953017746818584,-8.735070884290425e-05,0.0009614497572934777,-6.424466350888561e-10,1.4768197498238322e-09,-3.549829641797146e-09
-17,2,0.4860573265887861,0.00030663191045111784,0.0008936677741601833,7.157350261782509e-10,1.8458196082704603e-10,1.9902646598390743e-09
-17,3,0.47663991488768437,0.000733623977809199,0.000764240066064373,7.217578754711157e-10,1.0100340425145404e-09,-1.2402836250982423e-09
-17,4,0.46711152960883917,0.0011596695291233928,0.0005741730028598775,3.4224020064319363e-10,-9.087650076899934e-10,-9.78509684900191e-10
-17,5,0.4575391201564888,0.0015472181042737842,0.00033215984971031264,-9.136812942518724e-12,3.528946579400838e-11,6.748651642604782e-10
-17,6,0.44799156093416104,0.0018617536321324211,5.410984556810449e-05,-2.3800109799632096e-10,-3.30375768409219e-10,-1.0700141470700595e-10
-17,7,0.4385363490380618,0.002077768609900402,-0.00023908726617244872,-6.740381925567432e-10,-6.214724568298635e-11,-1.3370867258949025e-09
-17,8,0.4292365192493438,0.002182251184598754,-0.0005249310614767164,-1.1799923094841722e-09,2.1925521814791793e-09,2.2364741160364396e-09
-17,9,0.42014819474964804,0.002175120557384095,-0.0007827664693718698,-4.369940578017109e-10,1.9214696223013306e-09,3.617647260722263e-10
-17,10,0.41131892661597574,0.00206726482450152,-0.0009964199768586444,-8.045450293394513e-10,7.105407928698071e-11,-1.7679816111007378e-09
-17,11,0.40278687155574816,0.0018772974949430663,-0.001155553189677387,3.075517876396233e-10,2.3954041389329106e-09,-2.9612760177270673e-09
-17,12,0.3945806949263145,0.0016280262788912329,-0.0012557476903999225,-9.464336107357918e-10,3.5675061516027284e-09,-4.743243278990193e-10
-17,13,0.38672004319667536,0.001343252627171676,-0.0012976823254455265,5.012096148272055e-10,-8.524382588692703e-11,1.2659387621604507e-09
-17,14,0.3792164290343044,0.001045399691448242,-0.0012859921688869584,-1.6179583562682398e-10,-6.97215535305773e-10,-1.5421669271391508e-09
-17,15,0.3720743685590389,0.0007541635752960379,-0.0012278941088495895,-2.1530977044673105e-10,-2.9785902910806072e-09,8.89974881313762e-10
-17,16,0.36529255048732157,0.0004860407755923932,-0.0011318092691507027,-5.828342385539448e-10,2.2568933943922787e-09,-9.262053887994985e-10
-17,17,0.3588649188047236,0.0002542270509670554,-0.0010063464357819589,-3.311946285798617e-10,2.391565417925179e-10,-1.1729586535456742e-09
-17,18,0.3527817093497756,6.790720687064129e-05,-0.0008593193640030602,-4.983539368935003e-10,3.3982229530327146e-10,-7.877661331789291e-10
-17,19,0.34703048367398726,-6.620946185886986e-05,-0.0006989467373491345,1.1438928140209553e-09,-1.112744077436112e-09,-1.6897799087170658e-09
-17,20,0.3415969075890604,-0.00014426880635618177,-0.0005298815468852526,6.333639817040354e-10,4.204592229939408e-10,6.038603607357333e-10
-17,21,0.33646486731528885,-0.0001602641811990129,-0.00035857537454215936,5.9073494793754344e-12,2.7689981973999522e-09,2.446468616638898e-09
-17,22,0.33161351418525065,-0.00011932201312632158,-0.00017320197881722402,-6.096954696752782e-10,-1.8607583390783944e-09,-4.107805680081834e-09
-16,-11,-0.41502753832127753,-0.00027993932696311754,4.564867177918791e-05,1.1265524711007169e-10,5.805560476801475e-10,-7.946284001151258e-10
-16,-10,-0.4204245154653645,-0.0005245116333466149,0.00010123238756129635,1.8264337850286416e-11,-5.250366807985074e-10,4.3227469714877465e-10
-16,-9,-0.42616438615159424,-0.0007310927592704752,0.0001681332502297825,-8.477866923024477e-10,1.5952554971443433e-09,-1.2106617238122168e-09
-16,-8,-0.4322681040232625,-0.000912879726977712,0.00025125894396893874,5.557745833646363e-10,3.0738205036850985e-10,1.8026180215397272e-09
-16,-7,-0.43875423604609615,-0.0010759785204429303,0.0003450771290805316,1.1430763209889158e-09,1.600173910043523e-09,6.346565947475472e-10
-16,-6,-0.44563800903172385,-0.001198316398932808,0.0004461346221646878,-3.6196630848889244e-10,-3.262828202066359e-10,-8.498507184239606e-10
-16,-5,-0.4529302376214666,-0.0012697062794436477,0.00055333278811908,-4.83046044786814e-10,-1.0781410209048659e-09,3.552679567089649e-11
-16,-4,-0.46063657105689987,-0.0012799844493543227,0.0006624926331189951,-8.04468294117542e-10,4.852284962719722e-10,1.054986765028148e-09
-16,-3,-0.46875588442218474,-0.001216970551932716,0.0007668583315267178,-5.131489513908807e-10,1.4718694457682702e-09,-7.577575908664981e-10
-16,-2,-0.4772785436831196,-0.0010695079513721164,0.0008571244909933065,6.069674521021542e-11,1.2461916221173652e-10,-7.422946573544791e-10
-16,-1,-0.486184891820224,-0.0008291636504445457,0.0009213351028371401,1.3281606207633107e-10,5.749641596164423e-10,-9.031430283674849e-10
-16,0,-0.495444045354218,-0.0004934189362252064,0.00094548575618033,-8.826756104797343e-10,1.1613854322689576e-09,-1.2988237251389343e-09
-16,1,0.4949869038037692,-6.935278462738072e-05,0.000915118466100632,8.918113969606225e-10,-1.01519567752284e-09,-2.0790545968710694e-09
-16,2,0.4851630012402183,0.00042279024204668574,0.0008180246526277924,-1.439077886234352e-09,-1.2050755532344581e-09,1.6080034512581075e-09
-16,3,0.475150574313784,0.0009485606131793242,0.0006477354651831239,-6.022040640674478e-10,-7.426926712517101e-10,-8.241274718863087e-10
-16,4,0.46502511746511205,0.001462654581509394,0.0004068153147496012,-1.3132254778514159e-09,1.744057898100948e-09,-1.4780025351794927e-09
-16,5,0.4548678844372268,0.0019165465074505636,0.00010839477484982851,-9.724601758619514e-10,2.548084993003741e-09,1.2663141635814185e-09
-16,6,0.4447615563055581,0.002268064875036258,-0.00022514638607257293,-4.687787522527839e-10,-1.367668894802776e-10,1.2577091001761517e-09
-16,7,0.4347857665397154,0.00248921620324353,-0.0005660798112532238,-4.007006934375265e-10,6.32129876221299e-10,8.379497551971827e-10
-16,8,0.4250131035946264,0.0025697507469646047,-0.0008863897196331644,-1.3562876384053818e-09,-8.979370025308242e-11,5.61307506300368e-10
-16,9,0.41550623978631357,0.0025161716931751295,-0.0011622812189180317,-1.2100375146317788e-09,-1.724311970985326e-09,9.887788802114645e-10
-16,10,0.4063162561845483,0.00234772199511666,-0.0013770458769978523,-7.689398330307934e-10,1.7167644944526828e-09,1.3319113091896009e-09
-16,11,0.3974820888395292,0.0020912214358448614,-0.0015220021458971856,-4.666278329446688e-10,-9.991588945101881e-10,6.639595876207116e-10
-16,12,0.3890309107470771,0.001776227927275774,-0.0015958519762140108,-7.776278956699023e-10,-4.239196493838193e-11,1.595535253193941e-09
-16,13,0.3809791708149791,0.0014313221850656963,-0.0016031120939295966,-5.769540049709032e-10,-6.320504952750383e-10,-1.8141998493759193e-10
-16,14,0.3733340121421585,0.001081771706314672,-0.001552215259378086,-6.945192229483588e-11,5.259293972548207e-10,-7.744184847834372e-10
-16,15,0.3660948609396501,0.0007484593873898843,-0.001453694016197521,-9.675817501820366e-10,2.911181365417015e-09,-5.494393955107237e-10
-16,16,0.35925498959615504,0.0004477386449242884,-0.0013186803325155917,-2.913231945175093e-10,-4.2720425807996065e-10,-9.48612382913115e-10
-16,17,0.35280295915095894,0.000191624653012055,-0.001157747703180403,-3.1994577039812233e-10,1.078312647506685e-09,-2.1792228509944877e-09
-16,18,0.3467239058123286,-1.1625170765668602e-05,-0.0009805313661989156,-9.164048194332947e-10,-6.834182941783951e-10,-5.118127158524298e-10
-16,19,0.3410006379244574,-0.00015697352590197318,-0.0007949948860202292,3.1272485555983165e-10,1.9406839329993986e-09,7.495196738075153e-10
-16,20,0.33561441432429007,-0.00024109080277329555,-0.0006083326318759351,9.273130124019813e-10,-2.2080254014067435e-09,4.272226319186525e-10
-16,21,0.3305455453251358,-0.00026411736030454663,-0.00042510864342284354,3.1705185135275094e-10,-2.601943716040722e-09,1.29830776534614e-09
-16,22,0.3257753026657944,-0.00022271897071555249,-0.0002583923681765127,-1.3449359638137426e-10,-3.3829976320287614e-10,-9.438332141463814e-10
-16,23,0.32128711581297015,-0.00010055032625477618,-0.00012161752724144317,2.3162683815240726e-10,-1.3624997657890603e-09,1.3669865886624779e-09
-15,-12,-0.4061246431157114,-0.0002906352678143459,1.9218949611912235e-05,-9.995030959570467e-10,-7.932558360179698e-10,-6.959801498884906e-10
-15,-11,-0.4112663340894191,-0.0005636589654472555,5.068501248637734e-05,-3.029497382123214e-10,4.1779531223529176e-10,3.510181721433662e-10
-15,-10,-0.4167581034366367,-0.0008100649736623771,9.053185344416452e-05,1.0090590158145368e-10,-1.2691520334673356e-09,1.6155883805010903e-09
-15,-9,-0.42262500061219327,-0.0010301720406951846,0.0001432455411643286,3.1916244484526263e-10,-1.6761541737908559e-09,-1.8120310983268104e-09
-15,-8,-0.42889189605990435,-0.0012255101581114636,0.00021149063715570582,5.113051843898264e-10,-1.0145718987164543e-10,2.8796930281836794e-09
-15,-7,-0.43558202499346305,-0.001391773007863482,0.0002932426309044546,-4.981279230244218e-10,-3.692444766612013e-09,6.59941088931794e-11
-15,-6,-0.4427156723806796,-0.0015144350070249266,0.00038647143849283123,1.7501978024411086e-10,-9.270975931396919e-10,-8.491146414598772e-10
-15,-5,-0.4503086800301771,-0.001580491227161078,0.0004889627377474594,-6.663967496312734e-10,-3.4500957646343977e-10,-5.030103640945162e-10
-15,-4,-0.4583708023446548,-0.0015759045520295086,0.0005960919845615998,-1.0877029673001318e-09,-1.2645014341172711e-09,7.475477775860384e-10
-15,-3,-0.4669036632940084,-0.00148521237777829,0.0007003015866274848,1.4498877440988732e-09,-1.7444157229817847e-10,-1.1010530769870212e-09
-15,-2,-0.47589851821030077,-0.0012934601123468857,0.0007906604570101551,6.026622081153205e-10,-1.06881258010727e-09,-2.118622918322998e-09
-15,-1,-0.48533411113741937,-0.0009889526271729002,0.0008526140416635725,-1.0040718743909664e-09,-9.60734033994548e-10,7.099540903624836e-10
-15,0,-0.49517490302489986,-0.000567609494418149,0.0008685601212480285,8.659156650720444e-10,-1.7191383039349972e-10,-3.571409754981854e-10
-15,1,0.4946301747201533,-3.85261602590015e-05,0.0008198628793419526,-5.088828338345496e-10,3.430190159692259e-10,-1.5477741231007631e-09
-15,2,0.4841480160890308,0.0005708481753825076,0.0006907273677191316,1.1379359833704663e-09,-1.5684029075480055e-10,-2.9851007578881976e-10
-15,3,0.4734602149383402,0.0012133458420579687,0.00047351150761403953,6.13999951576405e-10,1.6631515609155656e-10,1.616096691718508e-09
-15,4,0.4626599777682929,0.0018277572183531393,0.0001735636671419937,-6.870416170657798e-10,8.827358149998688e-10,9.663942227564667e-10
-15,5,0.45184706896766935,0.0023510754731552756,-0.00018912972791540928,-9.40661902320769e-10,-1.6291040322302663e-09,-3.010820450851585e-10
-15,6,0.4411215125169765,0.0027325656349165045,-0.0005829620042245997,3.819342120131228e-10,2.9319871391875196e-09,-4.504653496327808e-10
-15,7,0.43057743914768476,0.002943625495888186,-0.0009712923960946647,-3.004703791548505e-10,3.2711811176477923e-09,-2.678079470154731e-10
-15,8,0.42029807344755854,0.00298036302654984,-0.0013198182460907894,-6.583424558542078e-10,2.173535379457192e-10,-1.495527588880473e-09
-15,9,0.41035253603586075,0.00285975825567067,-0.0016021824535963594,-5.009806939952621e-10,2.8866625756407416e-09,2.5300622989352615e-09
-15,10,0.40079438527736894,0.002612507716854834,-0.0018026842218563748,-3.6274932601991494e-10,2.4252800462365443e-09,8.361930709487042e-10
-15,11,0.3916616743141413,0.0022754865320383524,-0.001916262127172024,-8.700037923154574e-10,4.712473883339285e-10,-1.0712123849629732e-09
-15,12,0.38297809525912374,0.001885664968219696,-0.0019466352419261002,-1.952725544197148e-10,1.2571843566178131e-10,1.136223921766326e-09
-15,13,0.3747548211002569,0.0014761492523188257,-0.0019036182228492728,-2.2185307627445305e-10,6.359205800832157e-10,-1.3527132377151281e-10
-15,14,0.3669926453401558,0.0010742188553681318,-0.0018004397223083,3.966204057889722e-11,-4.5762275913130424e-10,1.9389383895787636e-09
-15,15,0.3596841637165748,0.0007008903851167448,-0.0016515006801916775,-2.786308317317271e-10,1.4971429512788959e-09,-8.468223039432383e-10
-15,16,0.3528158031146282,0.00037137735448721984,-0.0014707431908482433,7.796754715374415e-10,-6.665046153875309e-10,-8.817982002272623e-10
-15,17,0.3463696072739912,9.597181220734697e-05,-0.0012707017454446799,-4.1352398935656787e-10,-5.176503253823128e-10,1.057504263106098e-09
-15,18,0.3403247275552539,-0.00011900650360614362,-0.0010620027595640478,-1.4586253901764656e-09,4.154300098369035e-10,-1.1808732302003196e-09
-15,19,0.33465861749499537,-0.0002700542352418359,-0.0008534883668707582,-2.0959728072068862e-10,9.937181771890735e-10,4.93762748969681e-10
-15,20,0.32934795675159106,-0.000355721617312046,-0.0006521508251759125,1.0470416578027553e-09,9.355187458037761e-10,-3.522649973674056e-10
-15,21,0.32436938117376274,-0.0003743311200175894,-0.0004648533147527274,4.481846846773885e-10,1.3399075182718434e-09,2.214595423605687e-09
-15,22,0.3197001362345808,-0.0003207308617155663,-0.00029544121267545225,7.574722097388603e-10,2.183233746566593e-09,-3.166680939785247e-09
-15,23,0.3153163793145091,-0.00020318790714086727,-0.00013046763598693943,-4.4603417964292347e-10,2.0192083560743868e-09,7.486241449544836e-10
-14,-13,-0.39714874581083554,-0.000290908550319898,-1.5479871147232698e-05,-7.191019047586567e-10,1.4273914689111322e-09,-8.464674944725888e-10
-14,-12,-0.40199451118307905,-0.0005787225514692819,-1.52714043109578e-05,8.388310217873757e-11,1.369080612767526e-09,-1.4204100800368054e-09
-14,-11,-0.4071909489313083,-0.0008533085437507296,-5.999923764893525e-06,4.5884425165648723e-11,9.287995650364422e-10,-1.0387163893767204e-10
-14,-10,-0.41276702057938575,-0.001110067554588161,1.4288293516475395e-05,1.1000746463936395e-09,1.6579021905327451e-09,1.3546401040930359e-09
-14,-9,-0.4187529693374534,-0.0013451121302729757,4.971853190659338e-05,1.288454020342486e-09,8.6280653455173e-10,5.743250783094434e-10
-14,-8,-0.4251792528712031,-0.0015545257167017424,0.00010229563559247102,-5.926908102759504e-10,-9.212318824447507e-10,-1.062970818354117e-09
-14,-7,-0.4320753290722644,-0.0017299733936772936,0.00017174633885425031,-4.567090333305532e-10,1.4635683498465113e-09,-1.8069646439533961e-09
-14,-6,-0.43946808656258496,-0.0018577197080620236,0.00025700363927448025,7.203686357279068e-10,-1.1490292328719676e-09,1.4286586776543985e-09
-14,-5,-0.4473799128740287,-0.001922134481254168,0.00035576404376749067,1.70109901208651e-10,-5.813381304120568e-10,-6.220530706746268e-11
-14,-4,-0.45582633484747903,-0.0019052656505647299,0.000463157585931279,-1.917424053733685e-11,-1.2291763301641723e-09,-2.558072430665576e-09
-14,-3,-0.4648132462546742,-0.00178714031849827,0.0005707797709706404,5.68075562501838e-10,-1.112312547624228e-09,4.2761491218887716e-10
-14,-2,-0.47433382393911694,-0.0015476445958277855,0.0006657653277050946,7.401481012282718e-11,-1.1527441778902414e-09,-7.044206065350868e-10
-14,-1,-0.4843654877644576,-0.0011702033593116625,0.0007301590055965294,6.893536495214576e-10,-4.104020456807689e-10,1.916559307972251e-09
-14,0,-0.4948672401688222,-0.0006479326551405213,0.0007413716128311566,-2.108108308821995e-10,4.180668866649029e-10,1.4525687694360483e-09
-14,1,0.494222313873294,7.91923480435909e-06,0.0006747926096556444,-8.422259661607437e-10,-9.474958179156445e-10,1.6330571072937367e-09
-14,2,0.4829856460476727,0.0007597889487625287,0.0005095501262969869,-6.997992351613982e-10,-1.918337474982046e-09,4.64074774648212e-10
-14,3,0.47152480567987987,0.0015419120994494776,0.0002367809903969679,-2.163886620885555e-10,7.243610433693703e-10,-4.1658712445641084e-10
-14,4,0.4599567198877956,0.002270388589754881,-0.00013321783874301578,3.373396280197116e-10,-2.663070167163717e-09,3.2170352573805856e-09
-14,5,0.44840538767218285,0.002863340588000857,-0.000569745134045658,-1.966540540436143e-10,1.0713278597584974e-09,-8.475610649921013e-10
-14,6,0.4369926067069537,0.003261528283367286,-0.00102804307761814,-2.5375997451341364e-10,3.036420476165702e-09,-4.3922481448487255e-10
-14,7,0.4258295731602949,0.0034397060283099753,-0.0014601668562677795,1.3007572516928606e-09,1.5765521804711469e-09,1.115861130641829e-10
-14,8,0.41501085354364076,0.0034060573610969823,-0.0018253433229022105,1.12230757196366e-09,1.1255782278452031e-09,-1.8091614544359438e-09
-14,9,0.4046111253844105,0.003193305904468502,-0.0020963443288559785,1.788395209700866e-09,3.259992650828103e-09,-1.2141243370920873e-09
-14,10,0.3946844329571014,0.0028471546418472045,-0.002261190712766773,-2.5679889291418956e-10,3.2453627285544684e-10,-4.79624412641445e-10
-14,11,0.3852653299420024,0.0024161130719221346,-0.0023213108398621664,4.683041378728686e-10,2.767721607455087e-10,1.4143850927023386e-09
-14,12,0.3763711888428694,0.0019445275708544327,-0.0022878191604844464,1.088035420223829e-09,1.6390733076354636e-09,3.8749940264187505e-10
-14,13,0.36800515102920733,0.0014689859634065805,-0.002177428583434829,-9.85435397995657e-10,2.543923932618597e-09,5.336961231701106e-10
-14,14,0.3601592065981639,0.0010173124002684974,-0.002008970076234663,-1.237780397275734e-09,-1.0428693048014637e-09,-1.7260896919272422e-09
-14,15,0.3528170807295726,0.0006091772864767395,-0.0018008746763753258,-8.90606017102738e-10,-1.3695912459699144e-09,5.652349471652984e-10
-14,16,0.34595675186243013,0.00025747376941029186,-0.0015696577369728544,-7.714720323074437e-10,1.977454366919318e-09,8.948873370979863e-10
-14,17,0.3395525396447002,-3.0141642487470684e-05,-0.0013292070622191623,-6.774536999085146e-10,2.909354146485299e-09,2.414142074398315e-09
-14,18,0.3335767529072573,-0.00024976649295118823,-0.001090695468946505,-1.8808306184205092e-09,8.065334372586719e-10,-9.610084869877034e-10
-14,19,0.3280009520000111,-0.000399970866070593,-0.0008628105702635163,-3.026578161268584e-10,-5.463079238987589e-09,5.643569891738889e-10
-14,20,0.32279690213813017,-0.00048045727031363383,-0.0006524040449370632,8.895015297244457e-10,-3.744933529947758e-10,2.1771821675627893e-09
-14,21,0.31793736249259236,-0.0004909496830027923,-0.0004644542040254349,1.4096189493439937e-13,-1.6621874848743445e-09,1.4075562236348952e-09
-14,22,0.3133967848701629,-0.00043399319727830944,-0.0003006238311284736,2.3316880175781873e-10,-1.0278496248572466e-09,7.31920433708408e-10
-14,23,0.30915361355106563,-0.00030866944882509967,-0.00017032762307628285,1.0738293928103798e-09,2.0797899236146833e-09,1.9309350880592608e-09
-14,24,0.30519112282213384,-0.0001255576850547304,-6.736598303916403e-05,2.199884120354656e-10,-1.5046112133987322e-09,-1.979414669218087e-09
-13,-14,-0.38815638158876975,-0.00028303944902050243,-5.461810721732465e-05,-4.697623099975817e-10,-1.8369627902137253e-09,-2.680363636527487e-10
-13,-13,-0.392670996157994,-0.0005752821508126167,-9.026759375360163e-05,-5.462435985308101e-10,5.012114195901418e-10,2.8636906431536046e-09
-13,-12,-0.3975299369271852,-0.0008667739649584957,-0.00011563783787305794,1.1570308015721245e-09,-1.8679134627941352e-10,2.0963283793968234e-09
-13,-11,-0.4027650403338087,-0.0011515929752345605,-0.00013109164991483466,3.244285993282345e-10,-1.2425306061825125e-09,-7.018839068978489e-11
-13,-10,-0.4084108364401974,-0.001423282753912931,-0.00013293573055978,1.0493827951778625e-09,-3.770998097119005e-09,9.485571932447685e-10
-13,-9,-0.41450387298728153,-0.0016762414015807948,-0.00011745455295830897,-1.7468936975130814e-09,-1.9728382122385923e-09,1.713228312370124e-09
-13,-8,-0.4210818327085073,-0.0019034481721890888,-8.22036656124659e-05,-1.7138237565217374e-09,-1.6215363496385748e-09,-3.0184077541009144e-11
-13,-7,-0.4281822626985846,-0.0020940584150359546,-2.608341362970044e-05,9.246680797349999e-10,1.5255331164976127e-09,7.903399312566704e-10
-13,-6,-0.43584077497378804,-0.0022328685575342296,5.088105066879564e-05,-7.483486536615652e-10,3.3572060964548456e-09,-8.638293600595598e-10
-13,-5,-0.44408861235968955,-0.002301096028988648,0.00014689784082660707,-1.085825700078251e-09,-2.900053738819075e-09,-1.5855482215658195e-09
-13,-4,-0.4529495272826807,-0.002276175363042241,0.0002571877412880138,-7.658684702052665e-10,-1.558579446059305e-09,-8.676492463681375e-10
-13,-3,-0.4624359660400606,-0.002132168268571806,0.00037258514789822794,-9.230393455865807e-10,-2.906045334927221e-09,1.632830829367219e-10
-13,-2,-0.4725447301862763,-0.0018417619078000469,0.00047797554112779264,-1.8027021495025698e-09,-9.310631432501992e-11,1.0642098585423839e-09
-13,-1,-0.48325260339024767,-0.0013809836807111104,0.0005510026090918141,-4.797668166607941e-10,1.612810870965653e-09,1.2669885511020721e-09
-13,0,-0.4945122413897649,-0.0007379554754379475,0.0005621316136640038,-2.3111325344406285e-09,-2.832789558482318e-10,3.6586614044907713e-09
-13,1,0.4937509882843466,7.394099302957162e-05,0.00047805648369514815,-6.737217479187802e-10,8.739080986641667e-10,2.8503871919564362e-09
-13,2,0.48164048321060515,0.0010023658640458811,0.0002705592416436777,-1.1795537037894398e-09,5.197930280642638e-10,1.7078857240124604e-09
-13,3,0.46928641546650374,0.0019534043056932673,-7.02011025192688e-05,-3.1179391284542196e-10,1.7544950214887223e-09,4.6152038066888876e-10
-13,4,0.45683818490575634,0.0028102940860406426,-0.0005250631411731353,-5.7120262512977416e-11,1.5549826148930634e-09,1.5035739687541735e-09
-13,5,0.4444518442962417,0.00346726457018025,-0.0010464233011555184,8.177155673503439e-10,2.355898406913859e-09,2.4136297894342454e-09
-13,6,0.4322763590807043,0.003858984242346207,-0.0015709989534205319,9.196262089512797e-10,-6.209056047090655e-10,-3.249452758179671e-09
-13,7,0.4204424517188083,0.003971128650020546,-0.0020372955174530263,-7.712548330020275e-11,-3.011687982334976e-10,-7.70011493986028e-10
-13,8,0.40905580006613973,0.0038325876384634355,-0.002399286761960492,4.851106929354421e-12,-1.2077697175705282e-09,-3.7053621074607758e-09
-13,9,0.39819444133237314,0.0034984760334343594,-0.002632431238328915,1.918232107444434e-09,1.5869303371385257e-09,-4.885340430533635e-10
-13,10,0.38790949358199306,0.003033011727961079,-0.0027328311335320377,6.392662488773071e-10,-2.5540550785407845e-09,1.0947710213414855e-10
-13,11,0.3782280494184439,0.0024969698259992386,-0.0027122652067375786,8.633235615111701e-10,1.5381428214444881e-09,2.9951941186328376e-10
-13,12,0.36915723770294717,0.0019407994402035925,-0.002591926539687182,2.8895134939269096e-10,9.036204701162731e-10,1.0936941435916439e-09
-13,13,0.36068864833532016,0.001402429080022329,-0.0023968006058668486,-2.9180060060959856e-10,-6.612824871021772e-10,-1.0175699900478574e-09
-13,14,0.3528025338474974,0.0009079955738714306,-0.0021515986726994367,2.7031336782661064e-10,2.831980594475425e-09,-6.029359738801525e-10
-13,15,0.34547146201962964,0.00047394435569874337,-0.0018783347589925758,-1.3016758330930411e-09,-3.5387681673881843e-10,2.9118443833702715e-10
-13,16,0.33866327632285226,0.00010947817529267888,-0.001595232747784979,-4.2296280367004613e-10,-6.305281713414601e-10,-1.9605423071133478e-10
-13,17,0.3323434015717136,-0.00018123159731573633,-0.0013165365976737459,2.211733561054141e-10,1.0570157110700862e-09,-5.182810832116353e-10
-13,18,0.3264765527988242,-0.0003972165991975814,-0.001052844745193588,1.0589078708930083e-09,1.1214503214951321e-09,-2.3886380691185696e-09
-13,19,0.3210279583002057,-0.0005392347019426369,-0.0008117256633831973,-1.6555668186195305e-10,1.4947088983197077e-09,-1.240901212337729e-09
-13,20,0.3159642429591381,-0.0006086770743539075,-0.0005982437429607626,-3.9736962461831005e-10,-2.002132903911047e-10,8.657465518609252e-10
-13,21,0.3112540858918261,-0.0006074127082820751,-0.0004151625099389893,6.404747478899742e-11,-2.0420953816824294e-10,7.902899536835922e-10
-13,22,0.306868762128619,-0.0005366733507225606,-0.0002647253362050499,1.1347849014631262e-09,1.1301273666886047e-09,-1.2069516300701163e-09
-13,23,0.30278286399999954,-0.00039991658361255807,-0.00014443120115028283,2.0261090851944608e-10,5.206210046404536e-10,-1.5948884322724644e-10
-13,24,0.2989746920907794,-0.00021720560380355278,-4.702136099185476e-05,-3.5327021971794104e-10,1.062021498521304e-09,-2.4411401194972047e-09
-12,-15,-0.3792041097748784,-0.00026809230066336876,-9.482345540106587e-05,-1.0975531659733473e-10,1.2544768557276598e-09,2.0573827117187317e-09
-12,-14,-0.3833589420175513,-0.000556607677042805,-0.00016730556385458008,-2.782288895802898e-10,1.751738268329639e-09,5.995203325955315e-10
-12,-13,-0.38784525388047464,-0.0008547150534090741,-0.00022975016974084492,-2.2593987488231382e-10,4.350886456672143e-10,1.7746735689440428e-09
-12,-12,-0.39269615238490113,-0.001157218557272992,-0.0002842486586122686,9.178858942446994e-10,6.107873373739636e-10,2.1858478197836506e-09
-12,-11,-0.39794884922907336,-0.0014572413019730186,-0.00032762513160977013,8.951562683375686e-10,-9.066203898733249e-10,1.5876207593655653e-09
-12,-10,-0.40364428995875545,-0.0017484455429060727,-0.0003555273443221557,-1.3091825583691485e-10,7.618341513193627e-10,-6.30755340316145e-10
-12,-9,-0.4098267111699577,-0.0020239801208101127,-0.0003637514196845136,-1.990664965766803e-10,-9.083013785549099e-10,1.0388794971174673e-09
-12,-8,-0.4165428473754475,-0.002274717675567241,-0.0003488327343437825,5.462539097271513e-10,-2.8957587716593736e-10,-1.0069228777598999e-09
-12,-7,-0.42384064101824265,-0.002487706432325283,-0.00030824532412255433,-5.201888707111191e-10,2.7380913369956517e-09,-9.904863898063361e-10
-12,-6,-0.4317672327410517,-0.002645385472236449,-0.00024067093623645654,-5.353252725001992e-10,-6.141226138733913e-10,-1.612251467083387e-09
-12,-5,-0.44036598117386444,-0.002725167779288211,-0.00014683925903846606,3.098627835438142e-10,-1.8514771105149208e-09,1.9942674185077563e-09
-12,-4,-0.44967243060357404,-0.0026988304522691515,-3.095311547826034e-05,-7.430603688775295e-10,8.572096782399896e-10,1.1315411064735659e-10
-12,-3,-0.4597090745058162,-0.0025325768837983964,9.733135349142372e-05,-1.0794208989096596e-09,6.009327341294224e-10,1.7500409521325425e-10
-12,-2,-0.4704792070618351,-0.0021889459174320646,0.00022043253524429236,-5.036973434917671e-10,1.8488108266545566e-10,-1.6437232399301414e-09
-12,-1,-0.4819603814153971,-0.0016326197848548964,0.00031034282869786133,-1.3999287443795978e-09,2.9149785085724744e-09,-4.555305755543117e-11
-12,0,-0.494098104683475,-0.0008428633415594111,0.00032776634387804047,-1.0480315824841534e-09,3.455872796265247e-09,1.027235791328969e-09
-12,1,0.4931994256814448,0.0001653818575588105,0.00022643979300963354,-5.596865114377778e-10,3.2045802400570977e-09,1.0145393625953045e-09
-12,2,0.4800645242530835,0.0013172247590131306,-3.279999930658333e-05,2.7111163840168664e-10,3.2997237719989414e-09,8.049830413792841e-10
-12,3,0.4666672904332481,0.002474515487003879,-0.00045974618653841213,4.6370464510270964e-10,8.114228872146967e-10,-1.5650981512584181e-09
-12,4,0.45320258130214086,0.003472404807659638,-0.0010191244469724312,1.6863213386439369e-10,4.40608051432978e-09,6.509836878267668e-10
-12,5,0.4398691134649866,0.004176787722929756,-0.001636595003656738,-5.423378376164661e-10,-7.838758253608802e-10,1.136284793443491e-09
-12,6,0.42684914311168765,0.004523778562112829,-0.002223522973069384,9.081021446963322e-10,-1.0413699486067074e-09,-2.5617528296416076e-09
-12,7,0.41429451422703717,0.004523281211685879,-0.0027038894166931575,-4.2482608923755105e-10,-1.5123820251705666e-09,2.9969380189315276e-10
-12,8,0.40232002716081583,0.004237083233986618,-0.003030464720120226,9.239835322642082e-10,-2.4379175622701865e-09,5.533865946321e-10
-12,9,0.3910027306440499,0.003750168256813011,-0.0031878927429020475,6.85216224255783e-10,-1.0103863024024662e-09,-1.1072509746644192e-10
-12,10,0.38038527390656873,0.0031476174130074027,-0.0031867334839950933,9.390636833677551e-10,-3.7291694732211056e-10,-2.356995175978858e-09
-12,11,0.3704815740868697,0.002501127366265139,-0.0030537947689608046,1.4046324062644971e-09,6.7834626804597065e-12,-1.4759132837730655e-09
-12,12,0.3612833084304486,0.001864079171872793,-0.002822807264709383,1.7752617867492632e-09,-1.3226946066202672e-09,1.89144337207057e-09
-12,13,0.35276620050550134,0.001272258263022651,-0.0025275824815580343,1.823187129263229e-09,7.691479397831102e-11,-1.5803744081210923e-09
-12,14,0.34489543942380857,0.0007471533441549787,-0.0021979905002595,6.60590775873951e-10,2.5351028359876793e-09,-7.914280837129951e-10
-12,15,0.3376300395361292,0.00029986167603058075,-0.0018582685361232159,-7.431398452335813e-10,1.5792663704550236e-09,-1.1012382839122297e-10
-12,16,0.33092610238975373,-6.542921832071749e-05,-0.001526784594129518,1.4718862522029863e-10,8.232198811519709e-10,-4.110307842377552e-10
-12,17,0.3247391707437543,-0.0003487465538396261,-0.0012165968440470854,-6.622859066718334e-10,-8.499022458030581e-10,1.4055024627327752e-11
-12,18,0.31902582664769463,-0.0005523504790101546,-0.0009363538146097921,-1.452484693284517e-09,1.305948238439214e-09,-5.53077773615923e-10
-12,19,0.3137447307873795,-0.0006793556394377875,-0.0006912113747524035,-8.470133930175983e-10,6.409561215114934e-10,6.232268787482076e-10
-12,20,0.30885726530399965,-0.000732951120759112,-0.0004835729649177526,-5.120417917794939e-10,4.951610371728421e-10,-2.7488583686100855e-09
-12,21,0.3043278914707045,-0.0007158819704193213,-0.0003138537061912019,-3.6482609034466096e-10,-5.325974383740828e-10,-5.388957710146969e-10
-12,22,0.3001242783711172,-0.0006310025361038754,-0.00018017231660716755,8.409310880020532e-10,-1.1469786787010605e-09,1.3574413803192642e-09
-12,23,0.2962168912271903,-0.0004840416581144729,-7.904492052266989e-05,-8.39428808364559e-10,2.807235555124521e-10,-2.5601534312409544e-09
-12,24,0.29257783172812674,-0.00027952788934965247,-1.4594534401164215e-05,-5.883142423744603e-10,2.9684278368691253e-09,-3.780453682169843e-10
-11,-16,-0.3703456985867429,-0.0002455233829574051,-0.00013205556851843153,-4.5458329418421317e-10,-5.534879360391542e-10,-2.8150207664022486e-10
-11,-15,-0.37411976415917086,-0.0005246970013149641,-0.0002368824846481676,-9.450519230028154e-11,-3.5995131875132813e-10,-1.5936332672399534e-10
-11,-14,-0.3782070697962189,-0.0008199562783847523,-0.0003366974960508085,-1.2263223860865813e-09,3.0339866730066944e-10,2.073646188242758e-09
-11,-13,-0.38263984749309604,-0.0011295175026721303,-0.00043297347876601757,4.595923383619166e-10,-1.3407582127866746e-09,2.039853028020465e-09
-11,-12,-0.38745602750888897,-0.001447430548878835,-0.0005219924293339615,1.3692540809951553e-09,-3.7804391977980245e-09,1.2272047050948824e-09
-11,-11,-0.39269883710617937,-0.0017676653264950034,-0.0005989031276448162,3.8602417356398133e-10,-1.5849697942993402e-09,1.1977861453266072e-09
-11,-10,-0.3984167028071402,-0.0020838555905565883,-0.0006585451798381202,9.285413505796813e-10,-9.47728159839123e-10,1.494685688641171e-09
-11,-9,-0.40466304615310017,-0.002388194800438265,-0.0006958182773174177,2.7678304743636306e-10,1.5807936903922126e-10,-1.2577945336132777e-09
-11,-8,-0.41149573092379205,-0.0026700430482137663,-0.0007059570742125261,-1.063431259284292e-09,2.172585902848745e-09,8.663404591695116e-10
-11,-7,-0.4189759047418469,-0.0029145381462630953,-0.000684767156834543,-1.0906925518999744e-09,-1.6441776412579046e-09,3.6963728281149246e-10
-11,-6,-0.4271658858412818,-0.003101378647850005,-0.000629113913114295,-3.411148793985852e-10,-3.727170655443146e-10,-1.045607195729434e-09
-11,-5,-0.4361256836761131,-0.0032035509334780127,-0.0005379688978641347,3.4738271460776904e-10,-7.577470595432345e-10,-2.4389179284351457e-09
-11,-4,-0.44590784365007535,-0.003185921666240505,-0.00041419626056202793,4.5445057081632684e-10,-1.8264290080338696e-09,1.592203233881785e-09
-11,-3,-0.4565503388446846,-0.003004402681433862,-0.00026731012122094234,-2.1294205125328008e-10,-1.2753241240837099e-09,3.3356337603065306e-10
-11,-2,-0.4680677245701355,-0.00260718958366399,-0.00011734392605908474,-6.656752701145185e-10,-1.9825409369733649e-10,1.6567172059678455e-09
-11,-1,-0.4804411880691715,-0.0019413895620995977,5.849022603127251e-07,3.3323303540383833e-10,-1.6011799941484384e-09,9.427821621261698e-10
-11,0,-0.4936086746854601,-0.000970458567982783,3.333362724708722e-05,1.399200465207603e-09,1.9125364902894404e-09,6.172699006394469e-10
-11,1,0.49254415513419,0.00029124602199392735,-8.530736481735105e-05,6.777537043417027e-10,2.2547566869146607e-09,-4.5956410432788225e-10
-11,2,0.47819093410197105,0.0017325142080976408,-0.0004113405770643768,-6.895367185219548e-10,-1.026826165761996e-09,-9.367377456939545e-10
-11,3,0.4635607396586316,0.003142805029492666,-0.0009514434969682656,3.236619254944409e-10,-2.2791314668868523e-10,-5.868795481870064e-10
-11,4,0.44891354531852545,0.004287047483916368,-0.0016406047269160364,1.5755509787454547e-10,-1.0713396697559219e-09,-1.5219618787774619e-09
-11,5,0.4345045405338932,0.0050025637580174784,-0.002362489885108675,-4.265431172330303e-11,-1.6154113324784447e-09,3.2324427484730148e-09
-11,6,0.42055527463970027,0.0052445635902141,-0.0029957799215584633,-1.440710831884795e-12,-1.1224462886927355e-09,-1.0575545651063476e-09
-11,7,0.40723809357862223,0.005068842686203906,-0.0034526930089118623,-1.985577540927763e-09,-4.157877236954377e-10,-8.38422411467317e-11
-11,8,0.394671722588454,0.004585689467331712,-0.003693995685515619,-2.0303460926407446e-09,-1.369240693049889e-10,-1.5389353124630432e-09
-11,9,0.38292446254769946,0.003916514280860234,-0.0037241414814188183,-3.724451116439431e-10,-5.3994059223683166e-11,-5.482588908149906e-11
-11,10,0.3720219878024361,0.0031665112460062587,-0.003576556791348562,-2.946759548611705e-10,5.758285098744764e-10,-1.003048165929216e-09
-11,11,0.36195711213400755,0.0024135840670609933,-0.0032976911335395936,8.618664876832577e-10,1.2324981313316385e-10,-3.1045201363810986e-09
-11,12,0.3526994916382624,0.0017084209695196813,-0.0029349683797988972,1.711695650670475e-09,3.184055796801033e-10,2.5332276924196987e-09
-11,13,0.3442040142338565,0.0010798666315520442,-0.002529865182713559,3.978103829422458e-10,-7.649944844256851e-10,7.519300643151752e-10
-11,14,0.33641733200854623,0.000541416992216151,-0.002115194618050059,-2.2257509637441109e-10,-1.0123348548329858e-09,-2.006355691029399e-09
-11,15,0.3292826688661389,9.682450147075372e-05,-0.001714941885517992,-6.727306847437858e-10,2.7115948375566745e-11,-2.8023610320709836e-09
-11,16,0.3227430870436073,-0.00025573330266391516,-0.0013453200620209909,-9.950549668090447e-10,2.820570346728779e-09,4.119545262098838e-11
-11,17,0.3167436253072831,-0.0005208201821678369,-0.001016281824496561,-1.658350839029571e-09,1.5998236763126172e-09,1.0390482506512921e-10
-11,18,0.3112325670324938,-0.0007039217415447761,-0.0007330292245629192,-1.2148577597462934e-09,1.5622658444680582e-09,-5.037124541936279e-10
-11,19,0.3061621203643499,-0.0008103590329190985,-0.000497294016473063,-1.2972000158067987e-09,2.4622671956908704e-10,-1.3169362935501906e-09
-11,20,0.30148867937624285,-0.0008447259030974174,-0.00030837444481713694,2.951183496798654e-10,-3.216168609210257e-09,-8.938821731283497e-10
-11,21,0.29717278660163604,-0.0008108326859480143,-0.00016381986761018077,-6.829350735100548e-11,-2.186568717754689e-09,-1.154097206714069e-09
-11,22,0.2931787858834799,-0.0007121241316983024,-6.032580817052942e-05,5.889125528381334e-10,-1.3767795931096671e-09,2.3275688881564107e-10
-11,23,0.2894741273394707,-0.0005505294297808371,3.5198229710537004e-06,8.605634087277547e-11,-2.249633410111862e-09,3.397967782476941e-10
-11,24,0.2860284737010323,-0.0003205004358951875,2.4573973091609563e-05,1.5984338852526037e-11,-1.4192416686320541e-10,-4.949641212842991e-10
-10,-17,-0.36162714622017206,-0.00020680896009441023,-0.00015366675637062648,1.0891097030306385e-10,-7.168610566266054e-10,1.0632896314181732e-09
-10,-16,-0.36500856760901024,-0.00047735443479670096,-0.00027946954043540055,4.210259872943628e-10,-7.829813325477275e-10,-1.6509655567566867e-10
-10,-15,-0.36868163166889717,-0.0007620777163589673,-0.00041882168525285337,4.3997731543135576e-10,1.7937449303673247e-09,1.6494145478761668e-09
-10,-14,-0.3726738649757253,-0.0010695298930479317,-0.0005612504910317624,5.252190295092912e-10,-1.911115418695708e-09,-6.356348318243936e-10
-10,-13,-0.37702219379716406,-0.001394965765424402,-0.0007005455630576568,-4.5137423529753584e-11,-5.790284363094145e-10,-3.2571970780643437e-09
-10,-12,-0.3817701353237701,-0.0017333577750111352,-0.0008316644541882463,6.203458779649451e-10,1.3953123101373421e-09,2.741726319698131e-09
-10,-11,-0.38696766955807954,-0.002079459007335087,-0.0009494055867761477,8.384766711239805e-10,-4.701347089408614e-10,-1.6640842440861702e-09
-10,-10,-0.39267167790816654,-0.0024270408298924222,-0.0010480925392948497,7.661154729273617e-10,-1.1283549788965175e-09,1.3713889151137208e-09
-10,-9,-0.3989462623644067,-0.0027678395226124817,-0.001121663335361489,-1.012714124582273e-09,-9.38206498601879e-10,-2.0802822044320305e-10
-10,-8,-0.40586268821448895,-0.003090236797927392,-0.0011638274350193381,-1.5970325205512392e-09,4.5360408484906856e-10,2.392975893800815e-10
-10,-7,-0.4134986395020496,-0.003377742337947409,-0.00116832383590213,-5.731313657171555e-10,-6.987460055007944e-10,-1.1160940636452269e-09
-10,-6,-0.42193626969790915,-0.0036072380714234275,-0.0011295209436139105,1.279736806976406e-10,-1.4687704386062705e-09,-1.856495703071422e-09
-10,-5,-0.4312584342868883,-0.003746803703502185,-0.0010436372884362489,4.853795687858459e-10,2.20113795246224e-09,1.2615979078548054e-09
-10,-4,-0.4415423273037647,-0.0037530618263846593,-0.0009109665699184652,-7.703730988632002e-10,-4.113530807647869e-09,2.5719989863885523e-09
-10,-3,-0.4528499382598553,-0.0035686138376386936,-0.0007396491029993248,-7.469777329235233e-10,-4.236523770684286e-09,-2.625922002099366e-09
-10,-2,-0.46521515498005694,-0.0031214697150196836,-0.0005515657860854488,-8.022641769661609e-10,1.7506825988888863e-09,7.863020434143841e-10
-10,-1,-0.47862848027369564,-0.002331328370918303,-0.0003904004219089205,1.783526491641943e-10,8.811266993813405e-11,-7.211205807022922e-10
-10,0,-0.4930210554338005,-0.001133033585525495,-0.00032907728459811314,-5.820060197127795e-11,-1.989477749209101e-10,-1.3560693469831173e-10
-10,1,0.49175114281356846,0.00046612106628498575,-0.0004656903638856685,1.107378561461883e-09,-1.6944263908635904e-09,1.4074122835043557e-09
-10,2,0.4759235780956453,0.0022921842911893643,-0.0008831849500508013,-6.030771482245026e-10,-5.764809185571096e-10,-6.244324420056659e-10
-10,3,0.45981680280129666,0.004011067169038701,-0.0015767291849760623,5.371434767245317e-10,-3.8763867116209383e-10,1.990595526927359e-09
-10,4,0.44378559138345414,0.005288064235189312,-0.002425736646901045,7.574710199353962e-10,-1.452845205252018e-10,-2.4570559505049513e-09
-10,5,0.4281580521859872,0.005945017059624377,-0.003249619712502319,-8.508231029435986e-10,1.0477145540033206e-09,1.2765364768794465e-09
-10,6,0.4131987783981777,0.005991918251297876,-0.0038899788859326446,-5.633940753160815e-10,-3.7057751312019604e-10,2.1839533807712502e-09
-10,7,0.3990953750678161,0.0055625384227913814,-0.004258534440556592,-4.5506046673915446e-10,-1.0752271156766469e-09,-1.2986634819822998e-10
-10,8,0.3859597866229574,0.004832367820373026,-0.004341622445227037,-7.388526940873413e-10,6.073933023209577e-10,-5.011964007879677e-10
-10,9,0.37383865992161514,0.003961202334613172,-0.004179060943926187,-8.786606802389796e-10,-1.9916886334625516e-09,-6.94002490105863e-10
-10,10,0.36272819188453076,0.003067461520963053,-0.003836231265599592,-1.533809121379015e-10,3.470945059147468e-10,2.3114051216641465e-10
-10,11,0.3525897082816076,0.002225824215425688,-0.0033816962446469264,1.020745387953631e-09,5.751223108863002e-10,-1.5277280491826552e-09
-10,12,0.3433631543450711,0.0014762016874718432,-0.0028746484123311237,7.98190845450325e-10,8.546966467903871e-10,3.640370433214118e-10
-10,13,0.3349774042924454,0.0008350777001223463,-0.0023604437010632563,8.905806374477632e-10,-1.3015999805743306e-09,-2.754306167377361e-09
-10,14,0.32735740321004947,0.0003049319579609111,-0.0018707604511862088,-7.824245910458688e-10,-3.0680138429772796e-09,3.6184884088640706e-09
-10,15,0.3204288753059679,-0.00011915945093445441,-0.0014257269675692849,4.136860181670754e-10,5.303807393275406e-10,-6.066165698015089e-10
-10,16,0.3141211612912444,-0.00044531403179057575,-0.0010365598943358053,-5.765240637320423e-10,1.7553500319955617e-11,-7.781619678189295e-10
-10,17,0.30836877985069394,-0.0006823633705172347,-0.0007080573667242282,-3.695171015959814e-10,2.1868764438215393e-09,1.0032139102531348e-09
-10,18,0.30311209612861606,-0.0008385206570124291,-0.00044064594004841355,-3.9448858004005605e-10,2.2229009466467886e-09,2.1446252401600323e-09
-10,19,0.29829746199076596,-0.0009207233426974975,-0.0002319544397861079,-4.206132096264137e-10,2.1667775490508134e-09,-2.8380043630226543e-09
-10,20,0.29387697545905156,-0.0009344432591560248,-7.797462409608999e-05,1.5086915204545054e-09,-2.3365640255956777e-09,-3.5856086726717947e-09
-10,21,0.289808000035869,-0.0008837206009904415,2.5953244265059534e-05,5.442641337616294e-10,-5.786410239849715e-11,2.0554218322551003e-09
-10,22,0.2860524941984695,-0.0007707449629685826,8.390053154009824e-05,8.25120247517977e-10,1.3248107610941418e-09,5.1936415273844e-10
-10,23,0.2825762383443644,-0.0005938708994008213,9.807051306005415e-05,6.791876490472998e-10,2.189939063423907e-09,-7.675216583100694e-10
-10,24,0.27934814263829066,-0.00034346276160315684,6.848351100310643e-05,-2.411641407407128e-10,2.2974649960261218e-11,-2.5120773061474105e-09
-9,-17,-0.356062914354294,-0.0003689017398295049,-0.00022660607547324649,4.4890184169692204e-10,7.202395624350544e-11,7.572874641552287e-10
-9,-16,-0.3593276840525976,-0.0006664837100037608,-0.0004467973237827079,-2.673541054341866e-11,-1.0369793218556467e-09,8.280405918296746e-10
-9,-15,-0.3628705161138311,-0.0009737158628967881,-0.0006505384224222777,3.746780264518579e-10,-3.38237585162382e-09,-7.829889904811241e-10
-9,-14,-0.36673322006003833,-0.0013002440905677017,-0.0008467773922517574,-6.731395143979441e-10,2.4915812607551047e-09,-1.9547091216907584e-09
-9,-13,-0.37095904974904365,-0.001646619304406432,-0.0010366194305487374,-1.0517646410919401e-10,-8.478176494186584e-10,1.4785826731679224e-10
-9,-12,-0.37559719955074417,-0.0020105843091349196,-0.001217302265644958,3.287209306840344e-10,8.052297301164302e-10,1.5017280088661339e-09
-9,-11,-0.38070461008871503,-0.0023883152079796563,-0.0013840547827579774,3.367846463948193e-10,-1.6338705804974651e-09,-1.466752094977377e-09
-9,-10,-0.3863472521452758,-0.002774268707180372,-0.0015307885847491798,-5.917504821654346e-10,1.4069067993949247e-09,1.597427014477697e-10
-9,-9,-0.39260121060977693,-0.003160344238722326,-0.0016503445809029765,-2.0951629554552542e-09,-7.702620485883216e-10,-8.509324755646931e-10
-9,-8,-0.3995534510317372,-0.0035345695751520688,-0.0017346059007728224,-1.1280572630514851e-09,9.726297961476504e-10,1.028557991531484e-09
-9,-7,-0.4073019370343496,-0.0038793289965128913,-0.0017747045033474874,-9.263927903870733e-10,-9.39450184311852e-10,-1.9057491998332107e-09
-9,-6,-0.41595440938024736,-0.0041689657762410915,-0.0017615862585180161,-1.609592883023564e-09,-1.3272106746953227e-09,1.6655901484012624e-09
-9,-5,-0.425624873870762,-0.004366487884845976,-0.0016873025162348655,1.2467313403440733e-09,-8.922727695592769e-10,1.518332957571502e-09
-9,-4,-0.4364263048453704,-0.004419062627685791,-0.0015476688226049768,-2.7780420260199723e-10,1.3737150306170065e-10,-3.645894466457753e-10
-9,-3,-0.4484582000947569,-0.00425254571315947,-0.001347174820942709,-2.007579057205014e-09,1.458984752455983e-09,-1.6118833001471048e-09
-9,-2,-0.46178784124360234,-0.0037668619632244588,-0.00110772253691704,-7.755759261814793e-11,5.95895652266698e-10,-1.8430156246355533e-09
-9,-1,-0.4764262083056768,-0.0028389695126655057,-0.0008824019530092062,9.6873829010663e-10,1.7164962645699333e-09,-1.0351522375276305e-09
-9,0,-0.49230153219637407,-0.001351118150755325,-0.0007722676950749614,6.630779646329358e-10,7.346315222811484e-10,1.520436587883981e-09
-9,1,0.49076869593082223,0.0007152814997754697,-0.0009287447933529977,2.3747462546755416e-10,2.6509025946586107e-09,-1.4971315569103742e-09
-9,2,0.4731186549484138,0.0030671345082434118,-0.0014797002525467721,-6.697316147843968e-10,-1.7008722624778372e-09,-4.701261292153897e-10
-9,3,0.45521931954022454,0.00515185146023851,-0.0023863925849112477,-1.9395253610630936e-10,1.256205195421245e-09,1.542814403955508e-09
-9,4,0.4375629432884906,0.006505651897015342,-0.0034241087761829065,-7.3702132027606e-10,9.707200598896293e-10,4.3831395219080804e-11
-9,5,0.42056628109586325,0.006981179600003625,-0.004320070504736874,-1.5471278698268864e-09,4.203340175923387e-09,-1.484254521155401e-09
-9,6,0.40453434264102917,0.006707281247018709,-0.004886274003616831,-4.5777149215373014e-10,-5.029502508913097e-10,4.182943808494176e-10
-9,7,0.38965596647056244,0.005936820519372028,-0.005061840314388655,-4.51360496721287e-10,-5.282734805156508e-10,1.6909272704907982e-09
-9,8,0.3760165189301285,0.004921523890396541,-0.004888136076782162,-9.59026135415042e-11,1.411203293111285e-09,2.0745875368077468e-10
-9,9,0.36362049897571114,0.0038501937580391493,-0.004459172147533563,-1.3219537552296157e-09,1.545584535356248e-09,-3.921339547020321e-09
-9,10,0.35241741055241554,0.0028380120606220595,-0.003877833922554487,-1.8678892634016453e-10,-2.0573425046910288e-09,3.258842410172342e-09
-9,11,0.3423246850992549,0.0019421178412519179,-0.0032314037611287827,-4.476469468543687e-10,-1.1686684120437718e-09,-1.9540712655288263e-09
-9,12,0.3332445913894067,0.001182519996920225,-0.002584018482687383,1.3963489214723068e-09,-3.3692749701330627e-09,6.25818783811993e-10
-9,13,0.3250754151775173,0.0005587104643356255,-0.0019779182109368873,1.0013878910114515e-09,4.445180473711119e-10,1.933313119783977e-10
-9,14,0.3177181874748959,6.045958315470237e-05,-0.001437803779882242,4.5496793030057325e-10,1.9888023172764946e-09,-2.637125790715079e-09
-9,15,0.31108047409917255,-0.000325872017629083,-0.0009756000570916906,6.994376586157841e-10,-4.897331012942985e-10,6.82249816320521e-10
-9,16,0.30507818769391093,-0.0006139402212968778,-0.0005945909597715924,2.4481901098397096e-10,1.5084939963827537e-09,1.5810834927540082e-11
-9,17,0.2996361330420557,-0.0008158152502523455,-0.00029262920375734203,-7.592616747993663e-11,2.170221224950808e-10,2.0140972736186827e-09
-9,18,0.29468783121002284,-0.0009413858842001807,-6.4470644165264e-05,-1.8550842014863206e-09,1.080413980503181e-09,-1.2614063043536196e-09
-9,19,0.29017493858527976,-0.0009982589665785096,9.661574855839475e-05,-7.134541759462598e-10,2.3382583924647093e-09,-1.017729373689667e-09
-9,20,0.2860464015785925,-0.0009918809831726315,0.00019772068377234945,5.421413673892261e-10,-3.5926955854748144e-11,-1.7113816415707198e-09
-9,21,0.2822575442304481,-0.00092555529721079,0.00024541519816828595,-3.5451754162516e-11,-1.821909775823194e-09,-8.563249635141937e-10
-9,22,0.27876912023150247,-0.0007998706330632861,0.0002450767111505164,-1.1324952484039613e-09,-3.3159009843464204e-09,5.74237143988906e-10
-9,23,0.27554639568534134,-0.0006111807185674283,0.00020068048999552385,-1.3644139312297965e-10,-6.443757749607926e-10,-1.8478217978663543e-10
-9,24,0.2725584376523357,-0.00034946636685962204,0.00011537815165271088,-4.5475444568864043e-10,2.8115001021733477e-09,-9.356248280339074e-10
-8,-18,-0.347359895586483,-0.00023267820879616628,-0.00023120847742777985,-3.5103187717711037e-12,1.3243500740500735e-10,1.9479810451326907e-11
-8,-17,-0.3502034057526897,-0.0005414079817584907,-0.0004620828883339422,-9.605479345947687e-11,6.9326742957454e-10,2.3128000315848177e-09
-8,-16,-0.3532952372776179,-0.0008448966540318674,-0.0007052562669160936,-1.6638528057503349e-09,5.14004991347683e-10,-3.84803475796599e-09
-8,-15,-0.356667168314827,-0.0011663266882618048,-0.0009521840807058173,4.562687304799501e-10,2.4160875800038895e-09,2.179080387676056e-10
-8,-14,-0.3603590847733592,-0.0015110191173696866,-0.0011994369139553707,1.1621278917482714e-09,-7.382282424250874e-10,-1.2972260980993202e-09
-8,-13,-0.3644170630256835,-0.0018804217276437725,-0.001443847001852517,4.792438674638272e-10,1.244902111952051e-09,-1.949482321896728e-09
-8,-12,-0.3688950093932843,-0.002273674913656063,-0.0016813354103891525,3.9861298463395034e-10,-1.2027667334324477e-09,1.4337036585262606e-09
-8,-11,-0.3738564938860803,-0.002688232319317219,-0.0019065286384397548,-1.10340516324553e-09,-5.200588432119346e-10,-1.3425147813101238e-09
-8,-10,-0.3793767115846527,-0.003119618855994423,-0.002112611875610157,-2.0240825014325448e-09,-1.2112938013730812e-09,1.6669040268167787e-09
-8,-9,-0.3855445590771572,-0.0035605665644264017,-0.002291163293951282,-1.8787841287067064e-09,-1.291414100657029e-09,-2.027753665526837e-10
-8,-8,-0.3924646639192908,-0.003999576925994471,-0.0024319742230076227,-7.9191533907709e-10,-2.774406551719899e-09,8.182623458744941e-10
-8,-7,-0.4002590595918944,-0.00441878845826845,-0.0025229988426489244,-1.9418311728545967e-10,-1.905984453598464e-09,-1.7273952780054013e-09
-8,-6,-0.40906769999493264,-0.004790832156569389,-0.0025506521834540597,-6.548163209579849e-10,-1.0935577166026889e-09,1.6180751683458287e-09
-8,-5,-0.41904639737884225,-0.005074105479996621,-0.0025009634094681856,-6.271503130185485e-11,1.5766579430920302e-09,8.618284363882869e-10
-8,-4,-0.43035983117103727,-0.005205726787112008,-0.002362374718245924,-1.287160231915399e-09,3.7544084507956654e-10,-1.6825473455358946e-11
-8,-3,-0.44316642578575516,-0.005091392526323923,-0.0021318313122531294,-1.4887525511420724e-09,2.377765484506966e-10,-1.6937626206231038e-09
-8,-2,-0.45759173633138434,-0.004593008093271879,-0.0018270600203499205,5.256372980107227e-10,-6.630450355427087e-11,-1.2724539933826797e-09
-8,-1,-0.4736897201249618,-0.003521546335973289,-0.0015091875356861087,-5.819087137062112e-10,1.4888456578709963e-09,-1.142451113800378e-09
-8,0,-0.4913973685874309,-0.0016618228866127542,-0.001318064869875335,5.914894501924881e-10,1.2150597888949122e-09,2.212765965467836e-10
-8,1,0.4895133466900027,0.0010863792303161246,-0.0014988753402915506,7.52951771028007e-11,-1.8298201703847994e-09,-4.780047579543839e-10
-8,2,0.46955114912647405,0.004174528135718762,-0.0022577633872138876,-1.41105827857705e-09,5.328564256501522e-10,8.890389251604153e-10
-8,3,0.44944924763093447,0.006657879704358216,-0.003462212586605123,-1.5124666052999253e-09,4.066403047620071e-10,-1.6112240291965563e-09
-8,4,0.4298891166833969,0.007947232789468444,-0.004696021879942751,-2.270387485219655e-09,2.1913970082998446e-09,1.5164606935089663e-09
-8,5,0.41138287774676724,0.008042285897165654,-0.005573043720253728,-1.6243181105712878e-10,2.9061607564884184e-09,7.854267340678955e-10
-8,6,0.39425956936567236,0.007290720734410825,-0.005914353984104222,-1.2125691375465542e-09,7.052832901033312e-10,-3.147149125505566e-10
-8,7,0.3786792944163175,0.0061035615453996555,-0.0057428743859550815,-2.063000749830818e-09,-1.577425551291256e-09,8.008467886240489e-10
-8,8,0.364666019466968,0.004799006902459911,-0.005196109651715177,1.0698056286326252e-09,3.3326597037586225e-10,2.686308369433295e-09
-8,9,0.35215181159767045,0.0035649191981814666,-0.0044355893773066115,-2.6854574163362455e-10,2.025343767697585e-09,-3.376714123592972e-09
-8,10,0.3410183229953429,0.0024862706313768627,-0.003595142211726824,-1.4858621338528777e-09,8.124441952528372e-10,-3.4012291813827374e-09
-8,11,0.33112640242312474,0.0015866250008187558,-0.002767705176311553,-6.086927910493867e-10,-3.7463105534429886e-09,5.17386229020346e-10
-8,12,0.3223340019681333,0.000858953727972029,-0.0020098615519696028,1.1344385192520179e-09,2.982608882096116e-10,-1.0753283258952383e-09
-8,13,0.31450605692042805,0.0002838406938116547,-0.0013510017125163835,2.748879947452043e-10,-6.541832908713019e-10,2.155604874015237e-09
-8,14,0.30751930298977165,-0.00016097930809000718,-0.000802102012400031,-1.9568937702912903e-10,-2.0827971708436976e-09,-3.291924578606052e-09
-8,15,0.3012640958357876,-0.0004961472408214352,-0.00036267864898400316,6.955255536008481e-10,-1.1941131000670069e-09,-2.217876025249841e-11
-8,16,0.2956445255419871,-0.0007389343258023882,-2.5785082479059435e-05,2.627488920881049e-10,5.465270458415716e-10,1.141032910463493e-09
-8,17,0.29057753542473236,-0.0009028899144975216,0.00021863142177384683,-2.2262275139670051e-10,4.639630207803336e-10,1.251262025727686e-09
-8,18,0.2859916601056218,-0.000998116391817252,0.0003816004579811804,-8.798867693476931e-10,1.8871588042257414e-09,2.2419457962945754e-09
-8,19,0.28182558638617244,-0.0010317241705276306,0.00047383983410074197,-1.2866868733668602e-09,2.032809448548889e-09,-2.3831936521337242e-09
-8,20,0.27802667721212526,-0.0010082268795752268,0.0005049998132523732,7.544062401686202e-11,-8.934004785965399e-10,-1.340848468965128e-09
-8,21,0.2745496444980569,-0.0009296884072809141,0.0004832573692784289,-3.2162176242557516e-10,-1.0200988526110066e-09,-2.9273872417355116e-09
-8,22,0.271355315093759,-0.0007954118335829652,0.000415280643157704,-1.0264062419006875e-09,-1.579583061572798e-09,1.040600751438047e-10
-8,23,0.26840952533036333,-0.0006012502523838175,0.0003067265523784841,-2.7616932655669113e-10,-5.113399564882215e-10,-1.2877806886551775e-09
-8,24,0.2656822944247125,-0.00033899510652199476,0.0001631083394915603,-1.2364606788526494e-09,-5.529340041388053e-10,-1.7203045001165044e-09
-7,-19,-0.33894836596510564,-0.00018073937396230166,-0.0002199718015721311,1.3607325335951437e-11,-2.0811245782237364e-09,-1.526619836350173e-09
-7,-18,-0.34136442151180635,-0.00041655420398499163,-0.00045381057201278476,6.297463345066034e-10,-1.5164742656059715e-09,-2.528567203600833e-09
-7,-17,-0.3440064603236892,-0.0006965392744728929,-0.0007207581714699451,3.3917063949062687e-10,-1.4136675163811674e-10,1.3338586368003144e-09
-7,-16,-0.346891905829849,-0.0010014479823756623,-0.001009196789398651,-7.432064031039076e-10,-8.602386442069232e-10,1.554782990115228e-09
-7,-15,-0.3500520132770707,-0.0013337447788458977,-0.0013083188431536807,8.490642171548463e-10,-2.2300448571099807e-09,2.3942788690659326e-10
-7,-14,-0.3535267666521053,-0.0016959415896243017,-0.0016128739040571355,1.25810110961945e-09,-2.169097831905553e-09,2.9056118215674623e-11
-7,-13,-0.35736425250797316,-0.00208950622366173,-0.001918996466441001,-8.149195968639583e-10,4.790464830373153e-10,-7.751797840644314e-10
-7,-12,-0.36162207991623047,-0.0025146660058019917,-0.0022223964394151954,-4.592687896654013e-10,3.3683079520008263e-09,2.725302689941876e-09
-7,-11,-0.3663695567447807,-0.0029703466341605114,-0.0025175768775508047,-1.2493825819834964e-09,-4.0007222534832465e-10,-6.30966278479376e-10
-7,-10,-0.37169046482126444,-0.00345372244345922,-0.002797324874902413,-2.286540941830173e-09,1.0020983626235491e-09,-5.096166286682564e-10
-7,-9,-0.3776864062909355,-0.003959271732592678,-0.0030521978808166787,4.32922940118291e-11,1.858020154399398e-09,-2.833716492874191e-09
-7,-8,-0.38448064662489767,-0.004477177669770851,-0.0032699629160295074,4.0045429082133377e-10,2.566248186175457e-10,-1.5045526635134145e-09
-7,-7,-0.3922222962313535,-0.0049908255467125875,-0.003435070169644885,-2.2905159236322192e-10,-2.493208556275661e-10,-6.183588785327668e-10
-7,-6,-0.40109011084976126,-0.005472836474894956,-0.003528371428438783,-2.1483524399561194e-10,-1.1088454598962016e-09,4.47376431148179e-11
-7,-5,-0.4112942886275893,-0.0058786777274248605,-0.0035276402555690888,-1.0711206184163546e-10,-9.759347774362936e-10,4.0534150297052204e-10
-7,-4,-0.4230728370462383,-0.006136285962730708,-0.0034099799153281896,-3.715931733323796e-10,-3.1974271841317403e-10,1.3119188902821575e-09
-7,-3,-0.4366765666708975,-0.006129039767714261,-0.0031585246365751687,1.5099778114067292e-09,3.167848483531799e-10,2.995124637130038e-10
-7,-2,-0.4523340545640299,-0.005669867803485823,-0.0027784830495719668,4.429226961328442e-10,3.896476252762682e-09,-1.011495507686512e-09
-7,-1,-0.4701887757054814,-0.004470960631109837,-0.002332060547087262,-8.983920682034685e-11,4.3749867617570715e-10,9.95472826999938e-10
-7,0,-0.4902190299754355,-0.0021392368801619525,-0.002007089310131651,-7.900500086500777e-10,-1.664800242107134e-10,9.744221272965994e-10
-7,1,0.48783717278278477,0.0016790143852233404,-0.002222137468433303,-1.8190556619595427e-09,-4.288232685611959e-10,-6.619995092469605e-10
-7,2,0.4648521872325414,0.005807818493927096,-0.003325952660342776,-7.770063091203094e-10,6.72294289683073e-10,6.767614851767995e-10
-7,3,0.44202633143625014,0.00862558973196105,-0.00492988200380581,9.62049907836729e-10,1.4713276014211019e-09,3.5285423994561166e-09
-7,4,0.42026385912213376,0.009555461048515623,-0.006290771877114733,-2.0946199406034205e-09,-1.5433089112226739e-09,2.116924713974587e-09
-7,5,0.40015679501471985,0.008982160127440483,-0.006936072140878043,7.804958415680296e-11,-2.312926947189986e-09,-7.524922157825867e-10
-7,6,0.38201461362599115,0.0075969905006961855,-0.006802072950881916,-6.938733728215074e-10,7.289289588596759e-10,-1.7551756489181392e-10
-7,7,0.3659076632644667,0.005972452851079133,-0.006089987705591264,1.9451900160061264e-11,1.2091703333050319e-09,7.946516736734993e-10
-7,8,0.35174173221962496,0.004436592752913658,-0.005068124480387884,6.362136030675647e-10,-8.636086984425972e-10,3.462584662354204e-11
-7,9,0.3393378224698724,0.003121542604136192,-0.003951367670647859,-8.996027577382049e-10,-9.54636300565248e-10,-7.505079458835877e-10
-7,10,0.3284886867205798,0.0020525537271127627,-0.0028776391136733502,-1.6829881698335325e-09,-5.7890123250636805e-11,-1.5303547440783175e-09
-7,11,0.31898894959784135,0.001208755961437015,-0.0019222621432978088,-2.4611320186690433e-10,2.5208625048511735e-09,-6.060711774027311e-10
-7,12,0.31064919464915536,0.0005546304330873638,-0.0011176873954528998,4.826765419643775e-10,-8.060485751082425e-10,-9.813177340221944e-10
-7,13,0.3033015340737192,5.433340698204233e-05,-0.0004699685435944954,-1.6526251027382255e-10,3.5815393706339904e-10,-3.215828028158398e-09
-7,14,0.296800749515618,-0.0003228233373460117,2.9469259519032968e-05,-6.750358388582511e-10,2.5530985103827675e-09,-6.277272791328651e-10
-7,15,0.29102307442472514,-0.0006009980351203744,0.00039614764158697773,3.911488060531765e-10,1.0637714598082937e-09,1.0150165228309986e-09
-7,16,0.28586395998390285,-0.0007982013951796604,0.000647864983565361,-7.664516792505599e-10,-1.6860936952189931e-09,-5.471710115640608e-10
-7,17,0.2812354777736011,-0.0009272884514698338,0.0008020824482976004,-3.541909051208575e-10,2.0926983063107585e-09,4.604703398772671e-10
-7,18,0.27706380833183747,-0.0009970209955118148,0.0008745958524308349,-1.4702053682553312e-09,1.0229971036945784e-09,6.681554751342871e-10
-7,19,0.2732868991527565,-0.0010129498373909885,0.0008789758391906302,-7.342801510053232e-10,1.3904340456782904e-09,-3.824441876875513e-10
-7,20,0.2698524360220537,-0.0009780368690282299,0.0008264517767230285,4.863784017466316e-10,2.28896551712765e-09,-1.2858260842725055e-09
-7,21,0.26671613004034,-0.0008929886665426671,0.0007260854729987902,2.2929331870702452e-10,-1.7021719034282512e-09,-1.8128088751464036e-09
-7,22,0.2638402255207684,-0.0007563423195920766,0.0005852780922742967,8.160894291071863e-11,-7.94626808797716e-10,-1.3533101292613952e-09
-7,23,0.261192237069101,-0.0005646070511800429,0.00041068404725539163,-8.857090356279018e-10,-7.937391716117403e-10,-6.45017449165239e-10
-7,24,0.25874398738594573,-0.00031288819111530266,0.0002091758982422936,1.888507516600163e-10,2.6262866881232583e-10,-3.3656154917053108e-09
-6,-19,-0.33282879193334675,-0.00028129724475226117,-0.00033475894329964043,1.1110782519724305e-10,2.305961255277822e-10,-1.556774918598145e-09
-6,-18,-0.3350472190385758,-0.0005339413400905157,-0.0006692392595353786,1.1335770228309422e-09,7.933793205738837e-10,2.1625445514551137e-09
-6,-17,-0.3374622723181307,-0.0008145080833532719,-0.0010054123852324735,2.9957813638646635e-10,-2.219378777978953e-09,3.589457411450102e-10
-6,-16,-0.3401049205694608,-0.0011245836606794287,-0.0013527448772401311,4.3467258373404427e-10,-6.007247754791223e-10,-2.232355246606344e-09
-6,-15,-0.3430089684568997,-0.0014676158762694034,-0.001711397991464088,4.5961930398782935e-10,-1.967374527178656e-09,1.0941655111451946e-09
-6,-14,-0.34621497003102203,-0.0018467668587200119,-0.002079704915694993,-5.724424857744825e-10,3.6014134729978053e-10,3.8746728723182584e-10
-6,-13,-0.349772056975858,-0.0022645088271724583,-0.0024552617905435606,4.506099829208743e-10,2.325626663468583e-09,1.4124750815651854e-09
-6,-12,-0.35374005634635275,-0.0027226161286032853,-0.0028347068537287667,-8.092684718966764e-10,-2.4800227149679444e-09,-1.6772615831549893e-09
-6,-11,-0.3581923064357272,-0.003222024853712242,-0.003213255182129983,-2.695131290451208e-09,-1.7555194797846951e-09,1.0336166033454242e-09
-6,-10,-0.3632193754028595,-0.00376238891852025,-0.003584086149685616,-1.6049751907273174e-09,-1.7976631294658318e-09,-7.153711890711071e-10
-6,-9,-0.368933894530644,-0.004341154880250377,-0.003937550570296342,-6.409125829880125e-10,-2.2559668161337143e-09,-1.5021264844234262e-09
-6,-8,-0.3754767352011384,-0.004951915584918365,-0.00426013989563306,-2.6818685813778664e-10,-1.9106804610702355e-09,-1.18231076984927e-09
-6,-7,-0.3830247676723918,-0.005581673604851107,-0.004533211374570566,2.449175033787665e-10,-8.864681211306902e-10,1.1536380941653364e-09
-6,-6,-0.3918000089540445,-0.006206130126117391,-0.004731677383580464,-2.038984450031256e-10,7.759160675080423e-10,-1.7790824480387775e-10
-6,-5,-0.4020791028824835,-0.006781591304802382,-0.004823104390756149,2.1090878305971006e-10,9.69301583442217e-10,2.997732453355372e-09
-6,-4,-0.4141994546483112,-0.007230711204173025,-0.004768536706161948,1.4616191568693482e-09,5.660259400075418e-09,2.2572728922034928e-09
-6,-3,-0.42855338587783837,-0.007416047182790983,-0.004528446399145877,1.5975279259172748e-11,1.8473060997559188e-09,-2.4863069953285754e-09
-6,-2,-0.4455518724272605,-0.007093320107763656,-0.004081446360643325,1.3263190927481627e-09,-3.7080873094286204e-10,3.848472671726284e-11
-6,-1,-0.4655288962064517,-0.005836214482966198,-0.003471734691843336,-1.7444818562785402e-09,2.1776229430781058e-10,-1.7822059902080495e-09
-6,0,-0.48859092882816346,-0.0029498838717019883,-0.002924793525797073,-1.676411429162375e-09,1.5623068255754546e-09,2.5565026200592006e-09
-6,1,0.48543376819259365,0.0027258013471883765,-0.003193746073720974,-2.0641947613003753e-10,3.038664056487228e-09,1.444869627588441e-10
-6,2,0.4583906579667094,0.008268521298419236,-0.004893047302738521,2.154741337179883e-09,-5.292827010006107e-10,9.855187402913954e-10
-6,3,0.43221483002962924,0.01109113783790736,-0.006952871020524254,-4.1408149391991556e-10,-1.1359279905587272e-09,7.661019456621163e-10
-6,4,0.4079850267980228,0.011131203171255195,-0.008165675787061955,2.9284789393804744e-10,1.2029785639855461e-09,-1.9401018385139385e-09
-6,5,0.3863200602897461,0.009552324777376608,-0.008156463562358402,1.6803270103463164e-10,1.579084224490046e-09,-7.121751012268557e-10
-6,6,0.36740284857401784,0.0074668302315288185,-0.007203646278823735,1.1259136682879867e-09,-1.440055019674702e-10,-1.7885824671369857e-09
-6,7,0.3510977448679512,0.005500065746963269,-0.005784378678390375,7.90295021698556e-10,1.2082812250735486e-09,1.9743437224733e-09
-6,8,0.33711569054542856,0.0038683097284215226,-0.004263392279297357,5.3019181493058065e-11,-1.975199295789487e-09,-2.038872374968484e-10
-6,9,0.3251304392039364,0.0025904822846144356,-0.0028493507703737037,-6.110964559900844e-10,-3.602591835960567e-10,-3.8106685444931274e-10
-6,10,0.3148324405701658,0.0016166683457479781,-0.0016392497194082352,-1.1113932365559853e-09,2.651084324289954e-09,-1.291772801573221e-09
-6,11,0.3059478901465531,0.0008829507426167208,-0.0006622011733405938,-7.366135284202213e-10,1.6764991478401825e-09,-5.211490065176998e-10
-6,12,0.2982430692937416,0.0003320937815367903,8.94776843569882e-05,-1.2624565138945332e-09,-1.9165697917600255e-09,-8.351931483376301e-10
-6,13,0.29152257575368135,-8.080349591517403e-05,0.0006404978373990561,-1.594336377329364e-10,-9.536586381697632e-10,1.7757512427727176e-09
-6,14,0.28562508675569426,-0.00038868899216780163,0.001021133395219757,-4.5456498981577553e-10,1.3625767181224546e-11,8.036767212555966e-11
-6,15,0.28041823401151406,-0.0006146669783457935,0.001261202842064289,4.968205100791545e-12,-4.833048128372042e-10,-1.9834325344652735e-09
-6,16,0.275793662337961,-0.0007743637745557771,0.0013873154759268642,-2.207496223576716e-10,5.130392222163493e-10,2.203741938607874e-09
-6,17,0.27166259582500135,-0.0008779368388136157,0.0014219321983699425,-6.955756235750565e-10,9.416575852405629e-10,2.2386213947495136e-09
-6,18,0.26795210429622496,-0.0009316085957571476,0.001383351426585739,-1.2847681406160522e-09,2.8168784665938418e-09,-1.0875499027883828e-09
-6,19,0.2646020056118731,-0.0009387314761509087,0.0012861219050745018,-1.3582304525874833e-09,7.395806050913833e-10,-1.5344540187699836e-09
-6,20,0.26156240170594636,-0.0009005090349226519,0.0011416241354463843,-8.77695784974597e-11,-1.6800698332541941e-09,-1.6405846643422948e-10
-6,21,0.25879167396933167,-0.0008164652079525847,0.0009587583582605913,-1.1196625612341221e-09,-3.0581910615001817e-09,-5.039563301596669e-10
-6,22,0.25625486402437875,-0.0006849009236775375,0.0007448003464599364,-2.115926492178566e-10,-8.398831213840552e-10,-3.156455343069031e-09
-6,23,0.25392233524787455,-0.0005037907240916454,0.0005064751978759773,-2.539572243904359e-10,1.1064303362395833e-09,-5.827814483317322e-11
-6,24,0.2517686825042186,-0.0002727142129242423,0.00025091158580216414,-1.4201566745503102e-10,2.1563698465731918e-09,-2.839597395355763e-09
-5,-20,-0.32464777980766574,-0.00016244561041274332,-0.00026880703260475476,2.934787460794064e-11,6.862020118791889e-10,-2.811146142500361e-09
-5,-19,-0.32644980580835614,-0.0003805509849181067,-0.0005885421402325037,6.792958383294856e-10,-1.4469778431003277e-09,6.800790114096385e-10
-5,-18,-0.32841815660057744,-0.0006208236629417309,-0.0009476567683221921,-4.362118574338658e-10,-1.942773664165287e-09,-4.197315528454114e-10
-5,-17,-0.33056837187968335,-0.0008971303062790927,-0.0013305514767346894,-8.814396129219054e-10,-2.1180020376432296e-09,1.3766367742203568e-09
-5,-16,-0.33292711585798485,-0.001209446643639531,-0.0017326837003804384,-1.8785203687726737e-10,-6.315385575605958e-10,4.926424425260385e-10
-5,-15,-0.33552707730287235,-0.0015605980009854572,-0.0021523095337764907,5.48218656235e-10,3.492183903164303e-10,-1.938958415890644e-09
-5,-14,-0.3384078488090349,-0.001954179280082761,-0.002588517778545665,-3.2093140384797936e-10,9.828761415864307e-10,-4.082128420623073e-10
-5,-13,-0.3416178749203909,-0.0023938824959944607,-0.0030402439802952753,1.283710663810278e-10,1.1160586899094938e-09,-5.914929230479006e-10
-5,-12,-0.34521695976287803,-0.0028833598268173783,-0.003505694690407593,-2.252000586878966e-09,-3.8168407323624365e-10,-2.8962787255038935e-09
-5,-11,-0.349279680422137,-0.003426116956206404,-0.003981787170566167,-3.061329487217407e-09,1.4706942885744922e-09,-4.1037473470935913e-10
-5,-10,-0.3539000161620103,-0.004025205666208807,-0.004463395674574118,-2.305368608686298e-10,6.036745686666123e-10,-1.6982448983448315e-09
-5,-9,-0.35919765981478535,-0.004682493516380625,-0.004942307865684411,-3.543820991866453e-10,5.863293323082885e-10,1.1836741427512579e-09
-5,-8,-0.36532678255196976,-0.005397267517000343,-0.00540566006251239,5.736003174175441e-10,4.2867324967499343e-10,-1.5824620950779947e-09
-5,-7,-0.37248807506133874,-0.006163556659054999,-0.00583374978884874,1.2708248897652652e-09,5.761475740939659e-10,1.9089555893599293e-09
-5,-6,-0.38094521414578286,-0.006965175301441694,-0.006197114898608162,-2.585133726008826e-10,2.9017261787833704e-09,2.510578710310414e-09
-5,-5,-0.39104664289635205,-0.007766392887498378,-0.0064530870229005345,-7.474606675793305e-10,3.039320239928145e-09,4.806232695441252e-09
-5,-4,-0.40325176206632873,-0.008494034190792046,-0.006542929626555033,1.72427499752284e-09,-5.604603309228295e-10,-6.281991914234685e-10
-5,-3,-0.41815461215502037,-0.008999240878968237,-0.0063940068158406076,8.957683371099701e-10,-2.7951783942992137e-09,-1.8307987271386564e-10
-5,-2,-0.4364733561937643,-0.00898448062436827,-0.005936437138441885,-9.22750001842304e-10,-1.5357106003532905e-09,-5.326636958661972e-10
-5,-1,-0.4589414045970175,-0.007852654661573564,-0.005154580253339933,-8.887821823996833e-10,2.7965292442866385e-09,4.917207522235623e-10
-5,0,-0.48602121627272865,-0.004505232346930761,-0.004248469152737385,1.915776599858976e-10,5.4806951615971045e-09,-1.6102227012697312e-09
-5,1,0.48158186354394356,0.004813281905458203,-0.004620078912561996,8.172700924216972e-10,2.110733823834643e-09,1.4834189900753136e-09
-5,2,0.4490689752705952,0.01193774960033452,-0.00734935614959308,8.244660793920583e-10,1.3181343516688315e-09,9.208739372174729e-10
-5,3,0.41887112901684803,0.013854157394111288,-0.009617235187725991,-8.478192735535128e-10,-1.7444871797112071e-09,-7.930066187045171e-10
-5,4,0.3920947847574047,0.012237321195500823,-0.009945745634397193,1.4496075546530096e-09,-1.5030943156801868e-09,-4.3854759949370214e-10
-5,5,0.36922265848697117,0.009452858693220077,-0.008624976252257121,5.599258686914133e-10,3.359845873740497e-10,-1.3044618094038007e-09
-5,6,0.35005308564464654,0.006834261216713975,-0.006570340715937286,1.1821139900280997e-09,3.2569730801235153e-09,1.6380609065350105e-10
-5,7,0.3340744825638781,0.004762572063450865,-0.0044415391159522465,-7.458062262384602e-10,1.4025962752350907e-09,-8.860539263020814e-10
-5,8,0.32073861788269903,0.003223243710494439,-0.0025565157954462034,-3.837557979724515e-10,1.25172533449458e-09,-2.2119369200851446e-09
-5,9,0.3095561664114137,0.00210465986076109,-0.001027969805911773,-1.5124109772716998e-09,-1.2376334956876178e-09,1.143189466592913e-09
-5,10,0.30011778626076885,0.0012931170492570037,0.0001370412002637959,-1.2357652384026308e-09,-9.312769305713786e-10,1.1684857736341675e-10
-5,11,0.29209089009736755,0.000698294326290695,0.000978592438712303,-1.4097470547695667e-09,-1.2069888699617337e-09,-1.1388036374364655e-10
-5,12,0.28520909044334614,0.00025577442341151056,0.0015518435506293813,-2.064570988127845e-10,-2.3576972735250834e-09,-1.1656876371557868e-09
-5,13,0.27926060327262686,-7.780054547333296e-05,0.001911340083359717,1.113556795818288e-09,1.854619541274971e-09,-1.2090058996798957e-10
-5,14,0.2740776306087337,-0.0003307083484285884,0.0021045377374458935,7.351285513483574e-10,4.2183567749987105e-10,2.4585186220551277e-09
-5,15,0.2695270649612707,-0.0005208407565457825,0.002170131942340755,9.894567929748244e-10,-5.410851489084934e-10,-3.962480500741884e-09
-5,16,0.26550290692032574,-0.0006591417588710775,0.002138507912622785,-8.647325939071387e-10,4.6475573389770375e-10,3.0774627199405273e-09
-5,17,0.2619202392989068,-0.0007519463694391209,0.002032984695314258,-1.247122687671881e-09,1.5401137309911661e-09,1.4425383132137654e-09
-5,18,0.25871061051355715,-0.0008025148686122977,0.0018712069837245751,-5.831905726567943e-11,2.6073354031375118e-09,-1.4835584662473535e-09
-5,19,0.2558184328772175,-0.0008119940721602218,0.0016664267433482692,-1.0641016780828932e-09,3.2505714786523754e-10,-2.0458495130537047e-09
-5,20,0.25319828372277303,-0.0007800716278261571,0.0014286103182895346,8.17154552790883e-10,2.7617355624620643e-10,-2.3188161557816708e-09
-5,21,0.25081282269222444,-0.0007054783750893357,0.0011654283850107581,-3.883099662128908e-10,-3.5992457625422247e-10,-6.256741483029791e-10
-5,22,0.24863122905011611,-0.0005867058096118233,0.0008832109707093295,-1.5861937479634547e-09,1.5576262502037252e-11,-2.3438752942177223e-09
-5,23,0.24662796424661138,-0.00042354853028748655,0.0005878741434248677,3.31561455808177e-11,1.1657994014591111e-11,-3.795167392978195e-10
-5,24,0.24478165013782835,-0.00022073482796790956,0.00028560701476628586,-6.728858535903076e-10,-2.3279908695217344e-09,-6.17905770956351e-10
-4,-20,-0.31822920133666277,-0.0002155661354401713,-0.0004081792782916354,1.2834183626877355e-09,2.5534162284568396e-10,-1.8990855041013882e-09
-4,-19,-0.31978622083768876,-0.0004277962882942109,-0.0008207949829589275,1.1265471932045412e-10,-1.4207110488051455e-10,-1.306693910416341e-10
-4,-18,-0.3214767433034718,-0.0006654323413714597,-0.001239342424985194,-1.2311919496063584e-11,1.95120805623894e-09,1.0241541549797382e-09
-4,-17,-0.323325138410038,-0.0009378533837353945,-0.0016752684080311088,-1.028509111862183e-09,1.0315463067067654e-09,-1.2735190838050867e-09
-4,-16,-0.3253568125481837,-0.0012494010405434209,-0.002132937069014927,5.425360768279708e-11,1.0511917308830832e-09,4.86086182915034e-10
-4,-15,-0.32760191292546464,-0.0016044046086105548,-0.00261428734674954,1.1488144224976182e-09,2.9763053133180506e-10,-1.9097733566344533e-09
-4,-14,-0.33009716984439674,-0.0020075577136987447,-0.0031206819629671116,1.2537179439140594e-09,2.4578276913711505e-10,-4.836112681377933e-10
-4,-13,-0.33288798167239103,-0.002464026110820019,-0.0036532515044318758,-4.592396688624101e-11,-2.870065005100564e-09,6.632728094446076e-10
-4,-12,-0.33603108967973055,-0.00297956770947361,-0.004212751031756323,-9.129982481842491e-10,-3.102687579081831e-09,-5.082550301512153e-10
-4,-11,-0.33959833932398636,-0.003560671365861157,-0.004799155234178479,-1.9238407616105346e-09,1.127424084645945e-09,7.423071873705663e-10
-4,-10,-0.3436819127220449,-0.004214581102870535,-0.005410978853254921,-6.804462995661786e-10,-1.5056355745501904e-09,-4.3043254376615245e-09
-4,-9,-0.34840176708208254,-0.004949031588391956,-0.0060441368738259026,9.149307704688081e-10,-7.530573387093398e-10,3.8852616731776136e-09
-4,-8,-0.35391652108013516,-0.0057715101970228205,-0.00669010051671668,2.723743543209256e-09,4.146882837119392e-11,1.125549082159772e-09
-4,-7,-0.3604395167370436,-0.006687394101780034,-0.007332884036353506,1.8572723532728208e-09,-1.0230876562600244e-09,1.4711436109300733e-09
-4,-6,-0.3682630142407453,-0.007695795171940168,-0.007944289897557856,-4.4358579439837675e-10,2.6433680244686286e-10,2.433527881756572e-09
-4,-5,-0.3777949330627223,-0.008780626614178286,-0.008476712041063072,5.345356661641543e-10,-9.291383079590432e-10,4.840100454759841e-10
-4,-4,-0.38961454900030723,-0.009891343587569115,-0.008853394330023178,-4.3681680581691973e-10,-2.7918149320127483e-09,-2.0205614548597477e-09
-4,-3,-0.40455723488869094,-0.01089229182459953,-0.008962704990120491,-6.667710394231419e-10,-1.5021040661311602e-09,2.5108427235682844e-09
-4,-2,-0.42379242134633976,-0.011467833393112125,-0.008661676451069956,-2.310749799838696e-09,-2.4542401444449524e-10,-7.510477594658768e-10
-4,-1,-0.4488303916645624,-0.010846991099580651,-0.007817526481436689,-1.960842015667763e-09,2.8385000183650533e-09,1.6372625965491855e-09
-4,0,-0.48087644124974654,-0.007837708296799487,-0.006463139367550852,-1.9781201971574847e-09,4.084814847482576e-09,-1.1025017045140917e-09
-4,1,0.47432782263658463,0.009378460142015252,-0.007067306624292407,1.276745601277475e-09,-1.8016898251094204e-09,7.69827673829937e-11
-4,2,0.4349683459526589,0.016945273184376088,-0.01118806665462808,8.915396710815204e-10,-5.72501088202948e-10,-3.577134768950607e-10
-4,3,0.40024236074641134,0.016158255533229596,-0.012357024056715665,-6.625497902049138e-10,2.885313876710427e-09,-1.519359114215968e-09
-4,4,0.37143998816025564,0.012269142662368988,-0.010449237704841324,-1.3107668613704382e-09,6.794794310538421e-10,-1.4734658228786335e-09
-4,5,0.3482717879591166,0.008590222931001097,-0.007325097208082945,1.4926732853220992e-10,-1.272635788418519e-09,-1.5984767181773107e-09
-4,6,0.3297281698308201,0.005879804096935047,-0.004265501993551334,-4.33294164436937e-11,-8.118186539673999e-10,-1.2626341096798332e-10
-4,7,0.3148046930893163,0.004007669735952949,-0.0017443936931029343,1.7987725952836597e-09,5.405951797321507e-10,8.551154900273902e-10
-4,8,0.3026875975101711,0.0027282655275824865,0.0001481147257142398,-3.7584688616573714e-10,1.3585328834109234e-09,-4.5897660167935547e-10
-4,9,0.2927444159069046,0.0018407592868771394,0.001475272718565077,-1.5698273870060064e-09,1.631573209870396e-10,3.7973473329547605e-10
-4,10,0.28449200728278085,0.001206046221399341,0.0023469864074450505,-4.760247153054453e-10,2.0043508658362796e-09,1.1701232603027797e-09
-4,11,0.2775639388960092,0.0007350277696640029,0.002872354151435502,-1.7624233366111963e-10,9.766081970896678e-10,3.361955548209037e-10
-4,12,0.27168245898269905,0.000373264826582365,0.0031427751743454283,1.303349698132672e-10,2.7752154740934287e-10,-1.90243034590672e-09
-4,13,0.2666362997369137,8.840627172690535e-05,0.0032289933600225095,-3.8863072785930153e-10,-1.148552544738557e-09,2.736782271997324e-09
-4,14,0.26226397208835683,-0.0001385017393800255,0.0031835002476038785,-2.9052682308516875e-10,-2.6476132675146147e-09,2.9715269399152545e-09
-4,15,0.2584410048303557,-0.00031823001033999434,0.0030443514185773896,6.341037647218661e-10,-1.0301235559007083e-09,-2.392623398207337e-09
-4,16,0.2550704868239062,-0.000456578252204804,0.0028387910739696783,-7.254273718185211e-10,-5.503980604615322e-10,1.3771738126177788e-09
-4,17,0.2520762334509471,-0.0005562964765315311,0.002586209855942051,-1.2902139766724635e-09,3.5284032778859498e-09,1.7932534717208137e-09
-4,18,0.249397746576732,-0.0006182122762985672,0.0023004074695137976,-3.090063584784003e-10,-4.967765920849132e-10,-3.143756538391009e-10
-4,19,0.2469865432976025,-0.0006419035798823409,0.0019912877616637898,7.905381744187367e-10,-1.863117923828206e-09,-1.4990845150099743e-09
-4,20,0.24480349497440673,-0.0006261644341132134,0.0016661491131926482,1.2782307465090958e-09,-2.839219984118735e-09,-2.768703468328617e-09
-4,21,0.24281690018589805,-0.0005694516598220323,0.001330707929211731,1.0422257739998997e-10,-1.6220509518882764e-09,1.3027709660774802e-09
-4,22,0.24100120561303284,-0.0004706722812094115,0.0009899237981219075,2.724054746962995e-10,-6.892661164048519e-10,4.982366755750472e-10
-4,23,0.23933628109340366,-0.00033104995766533915,0.0006484434498487542,-7.002321383321741e-10,-6.39034269944716e-10,-3.2612664769840824e-09
-4,24,0.23780686252447106,-0.00015958124239124025,0.0003102691070090555,-8.53240345131262e-11,-1.3155841832590554e-09,2.03172894274687e-09
-3,-21,-0.31042992550518644,-0.00011979824695432368,-0.0003033877687356206,1.455697752009849e-10,-1.6700779925660214e-09,-2.2578504549407123e-09
-3,-20,-0.31158650567883267,-0.00026559010590009003,-0.000679023055661608,4.3626907490247613e-10,-1.14184686705876e-09,1.3615768835723138e-09
-3,-19,-0.31285104903641536,-0.0004499538893006755,-0.0010973417466531078,-1.516246108702879e-10,-1.9379517712803107e-09,-1.4636338042870172e-09
-3,-18,-0.3142293601519732,-0.0006722325873545464,-0.0015474153810205596,-4.379208588638217e-10,-8.640822779515389e-11,-6.911939969420837e-10
-3,-17,-0.3157382980415963,-0.0009339486990024485,-0.002026125208621758,-1.891281766613906e-10,-1.5169550615645733e-09,-1.4026229770373454e-09
-3,-16,-0.31739900426806295,-0.001238594256504241,-0.0025343483115743315,4.4552122971733277e-10,-1.7740423019496632e-10,-1.5435477281573805e-09
-3,-15,-0.31923721079918177,-0.0015907318330498274,-0.0030744238367619494,8.113427009230623e-11,1.1929009169353577e-09,-7.635623892131402e-10
-3,-14,-0.32128458976426755,-0.001995789394489175,-0.0036494635396697272,-2.1387933286411143e-10,-9.049705707031563e-10,-2.463237396037798e-10
-3,-13,-0.323580671425034,-0.0024602066536362605,-0.004263175391303186,-1.4336075672936877e-09,-1.155165851862705e-09,-1.1775328126649117e-09
-3,-12,-0.3261754259573806,-0.002991732279422069,-0.004919765868584851,-1.1893349339230086e-09,-1.2336281024483142e-09,-4.054551956094029e-09
-3,-11,-0.3291329102609058,-0.00359984739269906,-0.005623757723873463,-1.0238110658734867e-09,-1.138922275933929e-09,7.987347537118539e-10
-3,-10,-0.332536538960356,-0.004296263236885186,-0.006379614363478931,6.166073975195918e-10,2.1779035519475798e-10,-4.2106623905895785e-10
-3,-9,-0.33649681150508304,-0.005095439946241554,-0.007190978423103038,1.4637028668100516e-09,1.7366627719228589e-09,4.0501501566599096e-10
-3,-8,-0.3411629767615842,-0.0060150372570197215,-0.00805913984768073,7.646225536409035e-10,1.1977475955493588e-10,-2.1171766561862548e-09
-3,-7,-0.34674117218262623,-0.007075885391146884,-0.008980116236902827,-1.3544457907674334e-09,-2.900190365640043e-10,2.943721196625249e-09
-3,-6,-0.35352334348209585,-0.008300612259513323,-0.00993905280786259,-1.8449104180126574e-09,6.859226520106176e-10,1.8563062088991153e-09
-3,-5,-0.3619352479298684,-0.009708793892792266,-0.010899631531044448,-6.445841317301304e-10,-2.774597482324559e-09,-8.225520766358581e-11
-3,-4,-0.372620944372751,-0.011301328704441454,-0.011786379981320894,-1.1753359275418207e-09,-1.5200016800775984e-09,-2.6115926329058764e-09
-3,-3,-0.3866059339575324,-0.013004081198601915,-0.01246647695764416,-1.1709723251804305e-09,-1.8082896291460315e-12,7.37791395414699e-10
-3,-2,-0.40552390413931017,-0.01457203823262515,-0.012717169161789575,-2.307212756784416e-09,-1.856190992577389e-09,2.2206769034315704e-09
-3,-1,-0.43203386884744277,-0.015109619247514396,-0.012245570550810866,-2.7406368520639136e-09,-7.450505052318535e-10,-1.4231581585942565e-09
-3,0,-0.4677576916334462,-0.015198524980602571,-0.010986017502020993,-4.0910241340397224e-10,-4.728582192470299e-09,-4.2243630121729936e-10
-3,1,0.45911880806266314,0.01912992449214045,-0.011720724133699192,1.1634646527453052e-09,1.08225295392117e-09,1.2632533838430327e-09
-3,2,0.4127797199664915,0.022194602430809614,-0.015418922718127876,3.01559578436833e-09,1.668570850932305e-09,-3.650720472453406e-10
-3,3,0.3740261153048171,0.016753606757159357,-0.012574730909879069,-1.0201228490408498e-10,-3.8087176468248884e-10,5.611262079985302e-10
-3,4,0.34501054099285056,0.011130893426613922,-0.007633098583131685,-1.0286552391131076e-09,-1.875485877711469e-12,-1.0650205292325743e-09
-3,5,0.32315791761674223,0.007416412965824884,-0.0031789019481132472,-1.4515756053753992e-09,-1.2472353150272397e-09,-2.048089299284267e-09
-3,6,0.30645967311277705,0.005098081829227881,0.00011160495457095938,-4.741276269162875e-10,-2.4277532206795627e-09,-1.0527304314736363e-09
-3,7,0.293478655625023,0.003625977040174559,0.0023082430098878646,2.1018846871334596e-09,9.294026659389942e-10,6.19540171335059e-10
-3,8,0.28321086548086416,0.0026487940150086813,0.003656006964929586,1.508922873802443e-10,-2.136371232697165e-09,-2.5435718406735877e-09
-3,9,0.2749477439762042,0.001959547780391161,0.004400149899604224,-1.053196483150054e-09,-3.2832767060675394e-10,1.8613667241925997e-09
-3,10,0.2681868163032348,0.0014418976609636975,0.004734084070547293,-1.7864863824379462e-09,-2.2315890246815684e-09,-5.937798129161849e-11
-3,11,0.2625690526034935,0.001031860516990633,0.0047961963687102,-6.219777301703922e-10,6.036360439276578e-10,8.832848361284501e-10
-3,12,0.2578347425372462,0.0006949282010069877,0.004681011882802773,-1.6160580859625462e-09,1.053833492692391e-09,5.489713547570003e-10
-3,13,0.2537936656747618,0.00041256371612722356,0.004451593005864523,-5.448153629628028e-10,1.6008741554607298e-10,8.404324059737645e-10
-3,14,0.2503045395672773,0.00017489976028582096,0.004149513747613408,-9.060842770525213e-10,-1.0885789769599086e-09,1.4863304296719383e-09
-3,15,0.24726083988042133,-2.3077903541338512e-05,0.0038020444544879482,7.565186194505302e-11,5.182977380613352e-10,1.8201235739672816e-09
-3,16,0.2445810662355905,-0.00018363156913118247,0.0034270433438521194,-6.374949628514676e-10,3.447199900530329e-09,1.0380340932923974e-10
-3,17,0.2422020126060245,-0.00030741251082453227,0.0030362327987487675,-7.44248386660637e-10,3.1472277561839235e-10,-1.0426415028729386e-09
-3,18,0.24007405456960443,-0.0003940899214385292,0.0026373869270241235,-1.576594844260315e-09,1.24533804102267e-09,8.840686252488893e-10
-3,19,0.23815783226164455,-0.00044272962954173883,0.002235841949278262,1.3332484508771225e-10,-5.301342698160738e-10,-2.409330874845206e-09
-3,20,0.23642188145280885,-0.00045208093839920176,0.001835604228797056,8.186905270466532e-10,-2.152644562603001e-09,-8.748369451295801e-10
-3,21,0.23484101706138474,-0.0004209245862069679,0.0014402330061800157,7.449156996536949e-10,1.47678741457824e-09,5.812998202201951e-10
-3,22,0.23339546432466443,-0.00034865581421788394,0.0010535433822743878,-1.7480234139506667e-09,7.822118786027232e-10,-3.558560179935081e-10
-3,23,0.23207131056624908,-0.00023656460167386265,0.0006795609456866975,-1.5215395755396183e-09,-6.47591993918617e-10,-7.986797319491546e-10
-3,24,0.23086340676434614,-9.227262598024016e-05,0.0003195715665262769,-1.410255755923684e-09,1.3936074516607277e-09,2.836168037348343e-10
-2,-21,-0.30381878461600503,-0.00012538984235801635,-0.0004469799473072582,7.284065317060551e-10,-2.191131401318991e-09,-8.101467318722723e-10
-2,-20,-0.30469946767774203,-0.00026278642466417263,-0.0008942929067515196,-1.1726491002186923e-10,-3.6869388375659895e-09,1.395690699456867e-09
-2,-19,-0.305650906013081,-0.000430406432263633,-0.0013546479734723698,-9.401750051228619e-10,-3.009700766387624e-09,-2.2496445765946395e-09
-2,-18,-0.3066865617691753,-0.0006350252349021287,-0.0018409782565561455,-7.401659959851287e-10,-3.3256772613565744e-09,-1.2652535724015158e-09
-2,-17,-0.30781976518704973,-0.0008806341451431939,-0.002358503188201477,9.929317220866429e-11,2.1292283630680586e-09,-4.6135201197940135e-10
-2,-16,-0.30906649587876933,-0.0011713885586328498,-0.0029110105496082746,5.039918300406288e-10,2.7617557685211125e-09,-6.32872071805804e-11
-2,-15,-0.31044637873299,-0.0015121451411500967,-0.003502796671544912,3.2780610929698806e-10,1.5088557903109034e-09,-2.8569868228730654e-09
-2,-14,-0.3119837559829011,-0.0019087824677944969,-0.004139217151383629,-1.668970374011855e-09,-6.488799220161212e-10,-2.2521163467078534e-09
-2,-13,-0.3137092616742582,-0.002368580598283751,-0.004826954123073151,-1.34975668445933e-09,6.436783051011474e-10,7.719278807537277e-10
-2,-12,-0.3156619278513492,-0.002900713368026658,-0.005574282742494057,-6.168465404264578e-10,2.0429894997953113e-09,-7.757120098578164e-10
-2,-11,-0.3178922585636131,-0.003516999638574055,-0.006391355298257379,8.223786651662124e-10,-1.2276770572361428e-09,-5.929096272855468e-10
-2,-10,-0.3204667238579633,-0.004232931075322816,-0.007290483958133257,-4.75901549938651e-10,1.0163945934893448e-09,1.1201392640991297e-09
-2,-9,-0.32347446144643655,-0.0050691215762386265,-0.008286347518868496,2.9707860824124133e-10,8.123914735369553e-10,2.2707278005335615e-09
-2,-8,-0.32703768317681964,-0.0060533380959592355,-0.009395879693772435,9.948819003867404e-10,-2.6606385150618195e-10,-2.78281776899922e-09
-2,-7,-0.3313281141892591,-0.007223295445004474,-0.010637294628789805,-5.659222461311397e-10,1.5736267428012596e-09,2.9666082936280046e-09
-2,-6,-0.3365943844082939,-0.008630432937634408,-0.012026850670390488,-6.229991800221768e-10,-7.768313770029067e-12,-1.6600568099789294e-09
-2,-5,-0.34320941776654623,-0.010344683488106524,-0.013570088198204126,-9.130897388014148e-10,-2.3016727690450267e-09,6.449778613753718e-10
-2,-4,-0.3517664031502963,-0.012449252712372247,-0.015245385157404423,-1.8136680872415933e-09,-2.6586546852946924e-09,-5.023500505006197e-10
-2,-3,-0.36327483322564963,-0.015001693446180107,-0.016971672570879563,-5.840551826896689e-10,-2.005116572778576e-09,3.5870467772307346e-10
-2,-2,-0.37949162406393216,-0.017971606142747402,-0.018523672609176495,-1.7588977670179862e-09,1.4010492765947902e-09,3.245621077669139e-09
-2,-1,-0.40384775045759835,-0.020422328547006714,-0.019637712406140966,-2.573744626113445e-09,-1.695836173310622e-10,-2.668094494472084e-09
-2,0,-0.4351933587098996,-0.029250497587544274,-0.021076351010157993,-3.988752180980604e-09,1.604653808440215e-08,8.204109995524345e-10
-2,1,0.42703753207447576,0.03662075208527755,-0.01676794261369262,3.237046250839648e-09,-3.759584255025317e-09,-3.0375662100640827e-09
-2,2,0.3773383417293131,0.025281187476999863,-0.013626516724732635,3.995517252990133e-09,-8.662170009055004e-10,1.766063649488725e-10
-2,3,0.3382472413300984,0.015717767431268913,-0.005879965694375081,-6.927146183055566e-11,-1.5454035690032342e-09,-1.5798622150092756e-09
-2,4,0.31243091209138046,0.009990447118504527,0.00025359020037124335,-1.607935666558813e-09,-1.129328047744238e-09,-1.6003233209091472e-09
-2,5,0.29411533832512465,0.006937072306216497,0.004073966471087051,4.2396945156009114e-10,5.442013506495869e-10,-1.4798119561329481e-09
-2,6,0.28069957035818704,0.005137373526531082,0.006149857027005069,6.402813973460653e-10,-6.539145752659792e-10,8.350459732324109e-10
-2,7,0.2705837741338938,0.003974871833758975,0.007099562190771164,-1.3041473001344783e-09,6.647755818045553e-10,-1.4998085460203592e-09
-2,8,0.2627513795418991,0.0031496408480055304,0.007374067802731223,-1.3111038027827093e-09,-3.266041048721746e-10,-3.215110757162111e-09
-2,9,0.25653921431792276,0.0025150204859644,0.007259271775914712,5.315925785502607e-10,2.651328032121647e-09,1.5941504111780316e-10
-2,10,0.25150566121832635,0.001997618455112783,0.006927011545359025,-7.789687384712751e-10,-1.0114602627675495e-09,1.93793689895385e-09
-2,11,0.24734966358465352,0.0015600462889158665,0.006478252071876984,2.886982744879085e-10,-1.1928361770552343e-09,-4.260434554925535e-10
-2,12,0.24386100691949208,0.0011829941711045432,0.005971637060296174,2.1082458088322875e-10,6.45283715350331e-10,2.8167269225468907e-09
-2,13,0.24088979468277874,0.0008561274189219398,0.005440838291099999,-5.36435955985487e-10,-7.724342138137885e-10,-1.337778194929304e-09
-2,14,0.23832683975885355,0.0005738419046206394,0.004904909387521012,-6.171630294489472e-10,7.913467103826122e-11,2.420260079697735e-09
-2,15,0.23609100973074645,0.00033314593751235526,0.004374353311687945,3.6651812140853224e-10,-1.2627046491742178e-09,4.145727650035165e-09
-2,16,0.2341209402152615,0.00013255850505442188,0.003854716718563938,3.291288097097278e-11,1.8340686747109203e-09,2.1002435599036876e-09
-2,17,0.23236947866317478,-2.8481566272252187e-05,0.003348730720357279,-8.094967261611241e-10,2.6434228417304695e-10,-5.638400420523862e-10
-2,18,0.23079990235703204,-0.00014995909207116958,0.0028576246733110914,-5.793535096110247e-10,-3.843708532014212e-09,3.918864692392584e-09
-2,19,0.2293832924712954,-0.00023152755472817063,0.002381981995439051,-5.045359535976041e-10,-9.774262094142117e-10,1.1039900706562571e-09
-2,20,0.22809666780255214,-0.0002727583007113304,0.0019223828904499417,-1.4870170611351596e-10,-3.8040415262230454e-10,-2.607065418576884e-09
-2,21,0.2269216340792632,-0.00027346095243895865,0.0014800760550839184,9.09219542537254e-10,-2.0998676408812145e-09,7.870295694580452e-10
-2,22,0.2258434188844532,-0.00023393481318234098,0.0010580733774609946,2.0885292844122216e-11,3.9578459953837353e-10,8.945673176082914e-10
-2,23,0.22485144218233596,-0.00015433525903056728,0.0006627234741205452,-1.3180961107740058e-09,-1.9310537474614975e-09,-2.222648931346342e-09
-2,24,0.22395214444991313,-2.5696446541056823e-05,0.00029848674924273224,-8.940669875452667e-10,2.927810910380302e-10,9.862600076362103e-10
-1,-22,-0.2965108869499276,-7.571348274211729e-05,-0.00030649823906815757,5.509495832646538e-10,-3.0810523576896287e-10,-9.499483837895582e-10
-1,-21,-0.2970238621023392,-0.00013699858347486255,-0.0006838274520290523,7.90574563062571e-10,8.507306109573065e-10,-4.27340594145011e-11
-1,-20,-0.29758897304104637,-0.00023386625153168174,-0.0011186414001408758,7.480060722295928e-10,6.948506214854433e-10,2.3743043905111297e-09
-1,-19,-0.2982012540893474,-0.0003729525990482482,-0.001593442852788658,-6.934315569667726e-10,-3.66955400787905e-09,-1.5608713991635933e-09
-1,-18,-0.29886535696557287,-0.0005530073388285721,-0.002103198684458301,-5.044349590810349e-10,3.835586848133232e-10,9.380897321996948e-10
-1,-17,-0.2995887361605536,-0.0007757950818393309,-0.0026487837340217453,1.1676780323904845e-09,2.221052203266183e-09,-1.931421116685867e-09
-1,-16,-0.30038091546724266,-0.0010446720206880912,-0.003233885539943827,1.8116672576180826e-09,-2.561577616688737e-10,2.5370719721522976e-10
-1,-15,-0.30125375674572297,-0.0013641557554477696,-0.00386395202855391,-1.227918519901977e-10,-1.197524163165653e-10,-1.2605737262268981e-10
-1,-14,-0.3022220700210754,-0.001739989729118464,-0.004546176434357668,3.258798469789326e-10,-1.048182235452444e-09,-2.3785525084563954e-09
-1,-13,-0.30330454994260375,-0.002179503987047448,-0.0052898576627232255,-5.756011006372019e-10,-2.4645572527237647e-09,-7.379360719489067e-10
-1,-12,-0.30452511055224774,-0.002692227935394057,-0.006106980147599987,-7.210194806657466e-10,-9.35200597518282e-10,-6.901475252694749e-10
-1,-11,-0.3059148138523849,-0.0032908591521205468,-0.007013017975647078,-7.134451363022265e-11,3.300468648381738e-10,1.64284969201916e-09
-1,-10,-0.3075147101034451,-0.003992668805478314,-0.008028055060004738,9.410680177832087e-11,6.625587994912863e-10,9.752261235026908e-10
-1,-9,-0.3093801184752286,-0.0048216980140760824,-0.009178335364229132,-6.119291380037029e-10,2.179433161719757e-10,-1.1009021844913657e-09
-1,-8,-0.31158725918662217,-0.0058121811759668865,-0.010498392976017472,-5.764250053837128e-10,1.382982756092943e-10,5.484247605472194e-10
-1,-7,-0.31424406043914166,-0.007014260217573273,-0.0120338754485695,-1.469184994582623e-09,-5.584095685851054e-10,-3.2127946191038564e-11
-1,-6,-0.3175084136280239,-0.008503865080324923,-0.01384482120516379,-1.7191164299393269e-09,-9.351142082891784e-11,8.698151454742536e-10
-1,-5,-0.3216194070503995,-0.010399281749008265,-0.0160091565657244,-2.220069349710696e-09,1.6753289727722276e-09,9.64536187465087e-10
-1,-4,-0.32697668190263923,-0.012876491468681592,-0.01862874471621818,-1.4656985373659448e-09,-1.6683504022729778e-09,2.0964781616457373e-09
-1,-3,-0.334307731335808,-0.01617799400177981,-0.02182784953265764,-1.6180319497433038e-10,-2.4897349182317896e-09,1.5538574418046819e-09
-1,-2,-0.3449505919516198,-0.020625049299858728,-0.025728028535453164,-5.851285723307287e-10,-1.4932657887989365e-09,4.164445212284651e-10
-1,-1,-0.36130389776053073,-0.025440545092507264,-0.030907972682238577,-2.24460543717369e-09,-2.581830226174031e-09,1.5415788506834005e-09
-1,0,-0.37731463103912116,-0.0476334411205371,-0.03527913817309895,-2.038735931811364e-09,-2.1386251367050413e-08,-1.532938116721727e-09
-1,1,0.35103604408090416,0.0623601531348776,-0.007418691175345282,5.449975770400713e-09,3.928087667637303e-09,4.15201607470439e-09
-1,2,0.32012299020996987,0.027433933549715697,0.003212793169415086,3.6237856747452224e-09,2.07760292303405e-09,-4.0837284942529806e-09
-1,3,0.2926395134979012,0.0158466812290762,0.009505547026994177,-8.131538910098601e-10,1.8498955145496154e-09,2.1083639660524067e-09
-1,4,0.2746668777831174,0.010760942419039458,0.011972434802136899,-3.527833981973455e-09,-2.0451011162325727e-09,-3.4778835135158143e-09
-1,5,0.26230060202640804,0.008017202773955411,0.012557114851440608,1.34672134728675e-09,-2.1371305836126453e-09,-4.145708211401519e-10
-1,6,0.25346155652220853,0.006293387519274881,0.012186209611461291,6.31527199024956e-10,-2.2563532153796473e-09,1.1713287806055031e-09
-1,7,0.24691917292523158,0.005077461133020253,0.011397346477531397,-9.851397015855912e-10,-3.782790386486212e-09,-3.301037825628305e-09
-1,8,0.24191301516495556,0.004147039723538095,0.010458862710737371,8.481208049228306e-10,-1.509202859906189e-09,4.081334096096671e-10
-1,9,0.23797048443268073,0.003394674989267108,0.009495850690239326,7.350631431660148e-10,9.454324267910152e-10,2.726923015086008e-09
-1,10,0.2347882702812954,0.002764407987764671,0.00856362063800923,6.711773879730654e-10,-1.5019980259545207e-09,4.409248425087716e-10
-1,11,0.2321647380022122,0.0022254600878823683,0.007683886368209734,-8.678539427896259e-10,1.2599556259429434e-09,-7.81931787141631e-10
-1,12,0.2299618882907531,0.0017598673376575114,0.006862395587176566,7.103635826267996e-10,2.1603142053017166e-09,7.784427317428667e-10
-1,13,0.22808266589962897,0.0013565319054836386,0.006097604888535194,-7.712327174461131e-10,1.131135254905935e-09,-3.804040108791335e-09
-1,14,0.2264571349643678,0.0010083160049822394,0.0053849544339784694,5.18333613443861e-10,1.780194422429382e-09,2.8396490107043143e-09
-1,15,0.22503377652261322,0.0007105199202812227,0.004718950818176541,-1.5514292914589611e-09,1.872213314935145e-09,3.1089521456450814e-09
-1,16,0.22377392330853826,0.0004600243694550266,0.004094155339103326,-6.913381059032303e-10,1.027162077615884e-09,2.5813355247127035e-09
-1,17,0.22264806287250355,0.000254766330386704,0.00350562860673623,9.275144020881587e-12,1.997285212218536e-09,-1.9748052476192e-09
-1,18,0.22163334382160943,9.339181191730486e-05,0.0029491120203824,-2.1060575553476235e-09,-4.6152733024218406e-10,-5.671946837375384e-10
-1,19,0.22071188978506837,-2.5046617989285197e-05,0.002421023000803095,9.683851615559236e-11,-9.853147464600198e-11,1.3643617771411857e-10
-1,20,0.21986956595744486,-0.00010141777483956578,0.0019181878217684437,7.129687801515211e-10,3.226013900459179e-11,-1.5952676484164244e-09
-1,21,0.21909495758206793,-0.0001370139387403457,0.0014369132987031962,-1.7192729592427347e-09,-1.0629080948731939e-10,-1.9982390658053635e-10
-1,22,0.21837755997383432,-0.00013431032721611245,0.0009700675828631404,1.3370595321020307e-10,-2.9924371314216103e-10,9.639545807401615e-10
-1,23,0.21770036277263788,-9.723171092170263e-05,0.0004992473453071159,-1.4091001731327685e-09,3.4442934615519505e-11,-2.5916922037687263e-09
0,-22,-0.28980637281785626,-5.922257506505007e-05,-0.00037399869974319704,4.661802788415159e-10,1.5270559816649154e-10,-2.9143981183444093e-09
0,-21,-0.2900297970102285,-8.835400500345127e-05,-0.0008230717782820566,-2.8673230066320055e-10,2.561846693116543e-09,1.917429571577354e-10
0,-20,-0.2902691789710905,-0.00016127630548233498,-0.0012920588781619273,1.7355688110634593e-10,2.3895060929923773e-10,3.722594046265862e-09
0,-19,-0.29052194662279757,-0.00027386348406014587,-0.001786301441052822,3.296214126299879e-11,1.8274020491260146e-09,5.243982577919626e-10
0,-18,-0.2907889710629527,-0.0004261521972004999,-0.0023110247912382963,2.4996295181281547e-11,2.0714814585875985e-09,-1.2544924424586488e-09
0,-17,-0.2910720186607477,-0.0006202674364240324,-0.002871057423976941,1.4871107407565115e-09,2.58244461925905e-09,-1.6257328941532558e-09
0,-16,-0.2913732772266891,-0.0008593791832847113,-0.0034715948133041703,-3.0164813789174127e-12,1.135107771665922e-09,-2.298562761567785e-09
0,-15,-0.2916954264389756,-0.0011474626978474748,-0.004118969389623361,2.5310180470569654e-10,-8.58897564182115e-10,7.174300127907969e-10
0,-14,-0.2920417706018179,-0.0014895065207013375,-0.004821286737050983,-7.514096192050984e-10,3.878021931358333e-10,-1.9528252313759614e-09
0,-13,-0.2924163634376967,-0.0018919212411519664,-0.00558907445710179,5.347745566687545e-10,3.282379229530008e-10,2.355522546695801e-10
0,-12,-0.2928242643453475,-0.002363190585025687,-0.006436074436300994,-3.7578200707405474e-10,2.4468431170099336e-09,-2.797572578461119e-10
0,-11,-0.29327182050820205,-0.0029148427087686726,-0.007380343504289221,-1.119495931286435e-09,2.9901245646168917e-09,-4.901825256461989e-11
0,-10,-0.29376707093294113,-0.00356289242971965,-0.00844584173567033,-2.942869394353953e-10,2.5151839500026085e-09,7.94668488890253e-10
0,-9,-0.29432030472128207,-0.004330198517162716,-0.0096647644245436,3.8864436625526966e-10,-8.002741108681377e-10,-3.4718665136834054e-09
0,-8,-0.2949448872149622,-0.005250360102484345,-0.011081071010442438,-8.000756671761033e-10,-2.088303543978931e-09,2.185300631478513e-09
0,-7,-0.29565888201263407,-0.006374795940981904,-0.0127557866466792,-1.0083774579228155e-09,-3.3709702113027262e-09,1.0581201697170209e-09
0,-6,-0.2964870830191296,-0.0077856185917124935,-0.014775267612550652,-1.3969541027419874e-09,-4.062880587518691e-11,2.4345132290312654e-09
0,-5,-0.297464167594065,-0.009619166583030464,-0.01726463227309217,-1.7466278709812877e-09,3.5423518979227353e-09,-1.9237096496923373e-10
0,-4,-0.29866707523374414,-0.012100495626780321,-0.020412532684173874,-1.1385552401051158e-09,3.10455225416284e-09,2.1584435866243978e-10
0,-3,-0.30030255015714363,-0.01560531318157344,-0.024504366096144804,-1.6661950924881652e-09,4.741894099602462e-10,3.2744983664671767e-09
0,-2,-0.30290252933266265,-0.020754281494526357,-0.029967519679083517,4.7432544437314705e-11,1.8546529728658001e-09,2.9255418977115755e-09
0,-1,-0.308158270089719,-0.02770364206397153,-0.03732025582613941,-1.5272492177170749e-09,-1.673437902138808e-09,-6.521776556300818e-09
0,0,-0.3112769826765459,-0.06623075247432803,-0.034541743146058526,-8.583681991320563e-09,2.332317299014175e-08,2.9059673070652714e-09
0,1,0.2548917311030485,0.07687762525874181,0.010766340733398974,-2.8708339071866623e-09,-1.652002160935917e-08,-4.1650247348257174e-09
0,2,0.25147110827017166,0.0276009100660925,0.025496067202401235,1.739537345765707e-09,-8.543865614996093e-10,6.4308661139322876e-09
0,3,0.24268042162125664,0.01813529318387498,0.024296824933897943,-1.7597230018637222e-09,-2.474246849071271e-09,7.532219665692952e-10
0,4,0.23516222077753404,0.013248512004612424,0.021418384493772067,-5.347173858208376e-10,5.475237346841411e-10,-3.099293998743216e-09
0,5,0.2299064906027652,0.010171285409995338,0.01859069961785928,9.485484767438046e-10,-6.798347579328734e-10,-1.150117105068807e-09
0,6,0.22616966041789752,0.00806123836687355,0.01612094608832731,6.536813668481245e-10,-2.2800184795723766e-09,-6.199702583991121e-10
0,7,0.22342561992035848,0.006516211157354577,0.014026537211748916,-6.759761674024478e-11,9.302971309965713e-10,-5.308939920979031e-09
0,8,0.2213370625711885,0.005323458124307792,0.012253169743606337,2.1381499131986614e-10,2.8412454611270732e-09,-4.796020616239238e-10
0,9,0.21969371348959563,0.004364607975536204,0.010739833667783243,6.628880088073441e-10,1.6782043810170677e-09,-2.4189550541114414e-09
0,10,0.2183636779989356,0.0035715235699112623,0.009433983941923291,-1.365726871437739e-09,1.8706358545506063e-09,5.077732601575791e-09
0,11,0.21726071493740218,0.0029030805866876435,0.00829348177509185,-2.0496676036117767e-09,-1.8673424195814192e-09,-2.4698639693513085e-09
0,12,0.21632643459506107,0.002333276167821242,0.007285337821984112,-3.704999354189886e-10,-2.4755760635875035e-09,9.517834008182947e-10
0,13,0.2155202299222391,0.0018449376642956884,0.006383913998984042,6.769658241097265e-10,-2.189405198804728e-09,-5.451868489807481e-10
0,14,0.21481320138971513,0.001426338800248292,0.0055692837546285285,-1.6912039997596384e-09,8.855892547066091e-10,1.2564479935124476e-09
0,15,0.2141843001877891,0.001069299789685178,0.0048259078283449715,-8.016315645141547e-10,6.260186813378255e-10,1.936221934371288e-09
0,16,0.21361789927820296,0.0007680309117536617,0.004141615106340129,1.1670630052640352e-09,3.95906238348509e-10,-7.171895122798518e-10
0,17,0.21310221301632154,0.000518379789759616,0.0035068474889650625,-1.1839694936260914e-09,-4.704611838990402e-10,1.3889252217761544e-09
0,18,0.21262823751629026,0.0003173431655238951,0.0029140665924042345,-7.723360583890282e-10,-2.3699023160572708e-09,1.4111545464397094e-09
0,19,0.21218902470097167,0.00016275057733867326,0.002357241422971452,8.615471322470647e-10,-2.1264134064669094e-09,1.1440726566797326e-09
0,20,0.2117791871327799,5.313860861066904e-05,0.001831273150989907,-1.2509266040551525e-10,-2.60838128873786e-09,-5.23638018782766e-10
0,21,0.21139460245633085,-1.1995002372748265e-05,0.0013312016395430285,-7.191264224729044e-10,-1.5227348132418328e-09,-3.976905832285107e-09
0,22,0.21103280697197216,-3.121679912883156e-05,0.0008513023776899395,-9.137352118427505e-10,-2.9351532176979944e-09,-1.028188315423047e-09
0,23,0.21069649873634705,2.554968304827406e-06,0.0003849632026893902,-1.9803715182488413e-09,-1.4115458801811087e-10,2.5112742799973317e-09
1,-22,-0.282943989976341,1.7244065758546564e-05,-0.000490132158684685,-1.0795101683218344e-10,-5.431114169507367e-10,1.9281168389597304e-09
1,-21,-0.2828681670798006,-6.404963293830036e-06,-0.0009601183813865424,-3.670598222073329e-10,6.330281437927354e-10,-1.2046169398295358e-09
1,-20,-0.28276538940054113,-5.687639701994127e-05,-0.0014320121038520156,9.206744364283204e-10,-3.776029766644484e-10,5.763810294083722e-10
1,-19,-0.282639352117394,-0.00013999968206217253,-0.0019247851864207096,4.694935566620234e-10,5.855730483839139e-10,1.931741630019487e-09
1,-18,-0.28248720053004245,-0.0002599394115783801,-0.002446296057704005,1.7760832143106503e-09,-3.501057638244376e-10,-5.739815762407488e-10
1,-17,-0.282304156067977,-0.00041975714373921073,-0.0030011543047977086,7.003019592173587e-10,1.4646429902231972e-10,-6.347324781626315e-10
1,-16,-0.28208409978791954,-0.0006221744478377754,-0.003593829706975816,4.325043047228444e-10,-1.1645052006015177e-09,1.1090266600641903e-09
1,-15,-0.2818193579505352,-0.000870124262074638,-0.004229809347091802,9.010777876888171e-10,-1.012724265558873e-09,-1.9115833285252427e-09
1,-14,-0.2815001847039191,-0.0011671703898875356,-0.004916170411941438,1.822247215317943e-09,-1.1145486894514889e-09,-2.5137499995710687e-09
1,-13,-0.28111396390404825,-0.0015179218346383823,-0.005662047098574709,-1.0358681993768992e-09,-9.527712924173315e-10,-7.490393890536261e-10
1,-12,-0.28064408314518924,-0.0019285578328046874,-0.006479171368711531,-1.6819484442362476e-09,-6.753307912887863e-10,4.314375280740023e-09
1,-11,-0.28006825005099767,-0.00240758393241491,-0.007382579168840601,-1.6169916620956126e-09,-2.0576084031054265e-09,-2.7368436580606573e-10
1,-10,-0.2793559067136909,-0.002966980333115736,-0.008391566843077836,5.273965339967768e-10,-8.57344542581906e-10,-4.031609027199158e-10
1,-9,-0.2784641694159728,-0.0036240967916341266,-0.009530917056602552,4.3588037129324575e-10,4.2571302039107195e-10,3.928398124646796e-10
1,-8,-0.2773314175520326,-0.004405013310901892,-0.010832375710484956,-2.7209539612757516e-10,-3.193750847119148e-09,-3.3331779060474277e-09
1,-7,-0.27586666914929364,-0.005350809345286504,-0.01233616159605275,5.242798179101726e-10,1.4848066248740466e-09,1.2927446548134658e-11
1,-6,-0.27393082013460296,-0.006529433531018405,-0.014091676369393203,-7.913499300293836e-10,5.025082336351794e-09,1.999938968719108e-09
1,-5,-0.27130216153113124,-0.008058921354131443,-0.016154531695602856,-1.6143236096846647e-09,3.227401443317568e-09,-2.0522135981684494e-09
1,-4,-0.26762672557327016,-0.010151175990184495,-0.018569566177520532,-2.399215054058046e-10,8.109509452847163e-10,-1.3788749131209144e-09
1,-3,-0.2623482156382613,-0.013210557482531332,-0.02130167039956704,-3.721400953018983e-09,1.5180312562534937e-09,1.6233194257125189e-09
1,-2,-0.25466758915731086,-0.018094333997229584,-0.024012189367660808,-4.248156215691523e-09,-5.572043493273782e-09,-3.816777054566761e-09
1,-1,-0.24548853254260128,-0.027674287761222407,-0.024911828580534427,-4.343407036810909e-09,-1.471815017084488e-09,2.6550527679192193e-09
1,0,-0.24185396323346345,-0.07702135066689593,-0.009967358008951138,8.922084373391703e-10,-1.0710447015394031e-08,-7.696331686540825e-09
1,1,0.18565683221529342,0.06549822744213696,0.03499422276704334,3.8918060334732635e-09,2.428941658005543e-08,5.092058746880568e-09
1,2,0.18908959040678844,0.027608354801072883,0.03727303788760194,-3.745079723768696e-10,2.9657223066248406e-09,-4.928815723614921e-09
1,3,0.19460970909125308,0.02073807484311767,0.029835066751835216,-6.143682949530382e-10,1.3068512799696563e-09,-5.809929774693717e-10
1,4,0.19731846760208716,0.01559373154837608,0.02435901845525133,1.8720526101523305e-09,1.2280666067399082e-09,-3.205718212802647e-09
1,5,0.19894228659550667,0.012082749999961968,0.020266152650901287,7.388102438860011e-10,2.532174206426596e-09,-2.7794173616292606e-09
1,6,0.2000605891947241,0.009591754514661195,0.017120492166249463,-9.007451004690303e-10,-8.108146515306558e-10,-6.557414394467442e-10
1,7,0.20090646261512074,0.007747940702835402,0.014634222600800509,-2.784199698048495e-10,5.252648732634313e-10,-2.020755472946934e-09
1,8,0.2015702416530902,0.006326120547801374,0.012618596138608522,-5.405261078138268e-10,1.7490420223253977e-10,5.469820088944803e-10
1,9,0.20209654984649772,0.005190544208390653,0.010948289315311414,-2.1250412107071126e-10,-3.494899369904658e-10,-2.575737940996173e-09
1,10,0.20251651240971433,0.004259451885033024,0.009536743510420628,-8.577971132885109e-10,-1.136010036040247e-10,8.141325325754321e-10
1,11,0.20285237187129704,0.0034816973061155745,0.008322719803662228,-1.172550368865738e-09,-5.244756851041643e-10,-1.1635854559608264e-09
1,12,0.2031203613841854,0.0028239449084073625,0.007262040300020695,-4.926706096038125e-10,-1.801801347012244e-10,8.45017285514677e-10
1,13,0.20333280043150148,0.0022636318526266614,0.0063222849457229315,1.1530854699889903e-10,1.538634872289002e-09,8.327303931316993e-10
1,14,0.20349920067649258,0.0017850828696932902,0.005479255805996343,-9.126526359735238e-10,2.062254658707907e-09,1.8289156804347935e-09
1,15,0.2036270264793451,0.001377156498731236,0.0047146453224894596,9.107778916900983e-10,-2.1194665467128004e-10,1.6896594499661273e-09
1,16,0.20372220407936972,0.0010318148206990138,0.004014440322748342,9.98303546816473e-10,-1.2939930099653552e-09,5.457928543525e-10
1,17,0.20378950756607767,0.0007431658246354715,0.003367831462428966,-1.318890763312222e-09,3.892124122995e-11,-8.090373484978552e-10
1,18,0.20383287119018792,0.0005068605852863979,0.002766463666486758,-1.0031519896442492e-09,-2.3834007684131464e-09,2.2574070168586413e-09
1,19,0.20385556193993995,0.0003197871075769007,0.0022039506368843427,-1.5822858865158218e-11,-1.1206320177370444e-09,-1.2488955920388696e-09
1,20,0.20386042789901837,0.00018004247194225169,0.0016758067771585085,2.691986117527023e-10,1.5598329988764092e-09,2.451788663433897e-09
1,21,0.203850331632528,8.73819572186639e-05,0.0011804519671372133,-5.245345449222255e-10,-1.5225925936723783e-09,-2.215249122011179e-09
1,22,0.20383001689268881,4.461177762731984e-05,0.0007224279152399814,-9.296058801205875e-10,-1.1034550634336782e-09,8.463529258125827e-10
1,23,0.20381966618851866,4.4407538726920736e-05,0.0003210927032124044,-8.514655883574279e-10,-1.1997763893489832e-11,1.2149133026646483e-09
2,-23,-0.27636396734071444,-7.592553760884796e-06,-0.000302291267920724,1.682543256413191e-09,1.025812906840784e-10,-9.530697375509552e-10
2,-22,-0.27598061752449604,5.546034202964518e-05,-0.0006702372629913957,2.7297755961046277e-10,1.0797514687910237e-09,1.7642159641064804e-09
2,-21,-0.2755664999802942,7.79510079122504e-05,-0.001077520564471511,1.0211411360580569e-10,-1.0462500449337497e-09,-1.3939042237018397e-09
2,-20,-0.27510407179286206,6.672860882023003e-05,-0.0015197045004957397,-2.7335583709792166e-10,2.1146230322344195e-09,-1.899667209640754e-09
2,-19,-0.27458386172730137,2.0424933345295876e-05,-0.001991372111211408,1.4033437519683778e-10,-7.59603116518015e-10,2.9267162170855835e-09
2,-18,-0.27399560542386453,-6.28638697931432e-05,-0.0024907149797650284,1.1319915738279562e-09,1.516901784737179e-09,-1.6556415548995884e-09
2,-17,-0.2733270017939056,-0.00018463506178977503,-0.0030181568008718182,6.956285699376286e-11,3.8562944504327845e-09,-3.771968483304961e-09
2,-16,-0.27256301388084614,-0.0003461708191102852,-0.0035755097843478316,-7.234069339650401e-10,4.689037630400961e-10,7.119342413638768e-10
2,-15,-0.27168494759205214,-0.0005488772590029023,-0.004165633880463028,1.9846701957652174e-09,-6.84067039125047e-10,-7.537477448901872e-10
2,-14,-0.27066916380908157,-0.0007945606703470464,-0.004792257602922352,-5.448769365389017e-10,1.6378107065007086e-09,-4.6195213227804405e-09
2,-13,-0.2694853010492573,-0.0010857111722155392,-0.005459802889406612,-1.3960016797057162e-09,7.486258696287607e-10,-2.753743754745975e-09
2,-12,-0.26809368300699177,-0.0014258350936487355,-0.006173115315148025,-6.002271548712079e-10,1.8657890926698784e-09,3.159752256528094e-10
2,-11,-0.2664415358030632,-0.0018199802225049638,-0.0069369326338002265,4.753115396931296e-10,6.380495021218735e-10,-2.4984989483150394e-09
2,-10,-0.26445726710663103,-0.0022755853304573643,-0.007754790376775241,-2.233424209463486e-11,8.106373905469866e-10,-3.337038105289932e-10
2,-9,-0.2620415715023412,-0.002804015766085951,-0.008626776667354456,-3.8854584523753677e-10,5.841416794716281e-10,-1.0933104178934006e-09
2,-8,-0.2590532986851706,-0.0034234797808112365,-0.009544988809269033,4.00941791919851e-10,-4.131876896185105e-09,-1.1478207054260985e-09
2,-7,-0.2552862745879528,-0.004165005091234053,-0.010484417930827114,6.261283635664028e-10,-4.14226153377939e-11,1.8120861500778643e-09
2,-6,-0.25043055476890375,-0.005084934906839765,-0.01138461174655222,-1.5976584599557142e-09,-1.521370668333688e-10,-8.735086520208699e-10
2,-5,-0.24400370371549,-0.006291380147691081,-0.012112452070167179,-1.440564267700395e-09,1.30130149711416e-09,-2.0577450071581488e-09
2,-4,-0.23523135158508143,-0.008008135629132662,-0.012387393352581298,4.360772862602169e-10,4.005558940090026e-10,-4.904988626635437e-10
2,-3,-0.22286173013043123,-0.010751434793616817,-0.011656016282852528,-9.33915707788946e-10,-1.0839387165617609e-09,1.4088206142046783e-09
2,-2,-0.20477701752514949,-0.015855112457592423,-0.008982864924024107,-1.4460052166070936e-09,1.8097173620779117e-09,-4.5574324522568155e-10
2,-1,-0.17688461071667264,-0.02747439486285677,-0.002461924655073283,-2.0668731635052617e-09,-4.2100681274526153e-10,-2.2102070243446015e-09
2,0,-0.14508447821046785,-0.06143752544555427,0.00777424820560363,-7.575111189359052e-09,5.526746837958285e-09,5.173139442857244e-09
2,1,0.12017948622993543,0.04678855075652787,0.03474772462685557,-6.794916057660354e-09,-2.2225533153480415e-08,-2.485017316922189e-09
2,2,0.1364322568059009,0.025211974806149413,0.030321290645467566,-2.5925863322492915e-09,-2.808033389145592e-10,6.917376057374858e-09
2,3,0.15286489937533973,0.02047970797934584,0.025319499724872272,-1.0523001428563994e-09,-1.369476532175895e-09,-2.8102248457971546e-09
2,4,0.16349959393412247,0.016082551424471465,0.021518720343792846,3.827018181523645e-10,2.359413969754698e-09,-1.179779093645958e-09
2,5,0.17075545189825336,0.012801398205935725,0.018377242177815042,-2.360122050050484e-09,3.5194784447911687e-09,-1.7760774680391361e-09
2,6,0.17598969554073957,0.01033033705687707,0.015793259817683893,5.131389605762815e-10,2.6886269183235e-09,-8.863405982469444e-10
2,7,0.1799440066429932,0.00843408148176534,0.013652413201922673,2.547095416527423e-10,-2.633036011445711e-10,6.71847564940372e-10
2,8,0.18302598831313618,0.006939142195366544,0.011858461246383494,-1.8386390500391148e-11,-8.87515616554424e-11,-2.5596784680986112e-09
2,9,0.1854818561023446,0.005729479255311813,0.010336086305569406,3.29882165420875e-10,1.4384879537532314e-09,1.928504169725065e-09
2,10,0.18747416525565766,0.004730411177543959,0.009026611274661403,-8.327546551639697e-11,1.3018763844740988e-10,-4.0916898696812497e-10
2,11,0.18911401895549476,0.0038925752515446593,0.007885115707444806,-3.126311830942141e-10,-4.396751435153945e-10,-1.534137927276997e-09
2,12,0.19047985058610095,0.0031823109641795537,0.006877431307890048,9.936129523324677e-10,2.4962514832971294e-09,1.0803590191373188e-09
2,13,0.19162857077111461,0.002576071404851777,0.005977458168718964,-6.58725783989067e-10,-1.5604126324397782e-10,-5.252373937256888e-11
2,14,0.1926024027244462,0.0020570579571822355,0.005165113573559274,-3.0111609169644615e-10,2.919883362872966e-10,-9.630796419892221e-10
2,15,0.19343329635748235,0.0016130545194622732,0.004424824454421734,1.352978811017952e-09,1.0411936313126091e-09,2.509081845124359e-09
2,16,0.19414585767434464,0.0012350381875203657,0.0037444362939870078,-5.5660770719064e-10,-2.2434416130368007e-09,2.886091706943918e-09
2,17,0.19475932743774557,0.0009162305570759923,0.003114420334772746,-1.76868936011855e-09,-2.342749313988257e-09,-6.229530367876798e-10
2,18,0.19528898028378644,0.000651483837885031,0.0025272852162997244,-2.0181700037275735e-09,-1.580793593247698e-09,2.2627527309203462e-10
2,19,0.19574709096024914,0.00043688671207464045,0.001977081773937633,-4.739983982572638e-10,2.8223340331479108e-09,1.141876901003926e-09
2,20,0.19614372822331066,0.00026942317306473,0.001458711482788643,-2.7506186412763756e-10,1.962880705197456e-09,2.6666783702622714e-09
2,21,0.19648727883517958,0.00014646025568787417,0.0009658303333144951,1.9320943499614995e-11,3.05060679495206e-09,-1.2425153712649641e-09
2,22,0.19678138735756745,6.24485283451286e-05,0.0004843258196899303,-1.7259142385660925e-09,2.4917849034133965e-09,1.2353657297158645e-09
3,-23,-0.26957914320293824,4.125626310203178e-05,-0.00033204378394274196,1.6067931510061612e-09,-1.4900259498462631e-09,-1.315265925604667e-09
3,-22,-0.26889137073322483,0.00012613829015536106,-0.0007079966484634739,1.0683608982296061e-09,4.703358258417722e-10,5.988370835584853e-10
3,-21,-0.2681420677392786,0.0001854134322208697,-0.0011071456628671318,6.673097133463174e-10,-4.5259947178966087e-10,-5.556286955021633e-11
3,-20,-0.2673135088974746,0.00021122371671773209,-0.0015293646215509087,-3.7766124342392127e-10,-8.822761271565227e-10,-1.1473482896303121e-09
3,-19,-0.2663901359503734,0.00020104678973444586,-0.0019718296785400063,-1.0780072581123568e-12,1.9888035523996095e-09,2.2023114942659316e-10
3,-18,-0.26535523471667494,0.00015404610222568386,-0.0024323079757667915,5.282297136591924e-10,5.551322040941997e-10,1.9972563184407033e-09
3,-17,-0.2641891462849052,7.006564322144246e-05,-0.0029094708150966156,-1.3293804663853936e-10,-1.1547452855031892e-09,-9.39475017457781e-10
3,-16,-0.2628679420869918,-5.088091359969745e-05,-0.003402465419266013,3.869503743033492e-10,-3.572386830796859e-11,6.432332005766204e-10
3,-15,-0.2613619177417703,-0.00020891684775028215,-0.003910369713312871,1.7170061570453976e-09,-2.724541550702675e-09,1.6867324777097088e-09
3,-14,-0.2596336138184668,-0.0004045143659093548,-0.004431543341547766,-2.2001801032109358e-10,-9.194263961287419e-10,-9.959070500648861e-10
3,-13,-0.257635098444702,-0.0006387165805024153,-0.004962737558845478,-1.5396856051404229e-09,1.1709953284810837e-09,1.1899797842257216e-10
3,-12,-0.25530410046879287,-0.0009134736230595584,-0.005497738611523084,-7.481722962519866e-10,4.924391727723076e-10,-1.001636525498474e-09
3,-11,-0.2525583623774436,-0.0012322467731577117,-0.0060251707202995455,3.380006005984648e-10,-5.939014280365029e-10,-3.3348633542964936e-10
3,-10,-0.2492872580077788,-0.0016011337680071267,-0.006524820628923313,7.209755275433549e-11,-2.3021358708241735e-09,-2.4420053148133287e-09
3,-9,-0.2453390269273713,-0.0020310502547245925,-0.006961447322224893,5.005930123549995e-10,1.668613525129814e-09,-1.1251883485000318e-09
3,-8,-0.24050095553782286,-0.0025420384669920396,-0.007274306904387126,-1.440892370696556e-11,9.690914737348066e-12,-2.4202778299846524e-09
3,-7,-0.23446872659953152,-0.003172537605298539,-0.00735969977084039,-1.215104774611453e-09,2.0055004046337643e-09,1.7692103573179255e-09
3,-6,-0.22679667357298014,-0.003997594211299749,-0.007042560059683871,-2.53950876386716e-10,-4.118189261825833e-10,-3.0119066718220684e-09
3,-5,-0.21681703561927043,-0.005166378656511868,-0.006034130169070692,1.3608815437396449e-09,2.3322847125806234e-09,-4.270374186644138e-10
3,-4,-0.203509082459066,-0.006982196657713435,-0.0038837250857347875,1.4799166432252764e-09,1.010735023454501e-09,1.6137956665440711e-09
3,-3,-0.18527146594369776,-0.01006316452409948,1.629628814414471e-05,-4.3463129883319906e-10,-3.0982903742593493e-10,2.605097337501916e-09
3,-2,-0.15950973405263147,-0.015820217283806733,0.006203432155858415,3.871016640913383e-10,-1.1727148002682597e-09,-9.275596957181165e-11
3,-1,-0.1205315644158143,-0.025251735637750464,0.013836575244458516,-7.490867735132634e-10,-1.4268033837749883e-09,2.0218506036062678e-09
3,0,-0.07093601172397712,-0.035825816434867354,0.016673297678257048,-4.4585739570821015e-10,-2.5204270892587033e-09,-4.21015163769127e-09
3,1,0.06287467455143493,0.028492851299319225,0.02038238931121697,1.0926235541330875e-09,1.512172170814452e-08,1.5959705675083757e-09
3,2,0.09440384126198438,0.0201340237618762,0.019123013761242143,-1.4584887429724969e-09,1.6371013433769122e-09,-3.9277389760755677e-10
3,3,0.11865250150925755,0.01776338142169702,0.018118314225001517,-6.526438191961637e-10,5.733698377197172e-10,-2.7235276891818955e-09
3,4,0.1347500915829136,0.014851907645115157,0.016639337999238314,-1.1927555635879439e-09,-8.120454447757552e-10,-1.458565560973242e-09
3,5,0.14611359147508263,0.012330062049417759,0.014965440781802949,-2.9498978303468815e-10,4.950404114412166e-10,2.9702473924972557e-09
3,6,0.15450248657691878,0.010240230327920093,0.013327272587689988,-7.728919631036502e-11,2.1113023551677657e-09,4.778315447853156e-10
3,7,0.16093022652462077,0.008531143162405327,0.01181091982978793,-6.832106018081485e-11,-7.118100969760732e-10,-2.9163282547065624e-09
3,8,0.1659927183222969,0.007122829381961122,0.01044177211823722,1.0651135095435249e-10,9.442086834621222e-10,-3.460668186966529e-09
3,9,0.17006657640697753,0.00594821356452205,0.009216284891028671,-2.6652283678652022e-11,-4.740171311024e-10,1.3521917265632653e-09
3,10,0.17340306195196947,0.004957508089172171,0.008119470748474217,6.958625889050274e-10,-2.8127679074785306e-09,1.3135120253027644e-09
3,11,0.1761758285123872,0.004114079392832389,0.00713390105504275,9.766635850755323e-10,-8.344685359373827e-10,1.162991737974268e-09
3,12,0.1785084885558745,0.0033909525419576324,0.006243094803330513,-1.3643729809137417e-11,1.4780652812795836e-09,-7.605652644683027e-11
3,13,0.18049123601110992,0.002768164862788026,0.005432599565848033,-5.269115230938093e-10,5.904854799565484e-10,1.3723493145440598e-09
3,14,0.18219134526186326,0.0022308098764477046,0.0046901688981368745,-4.587281307848884e-10,2.0947917012126283e-10,1.7608425338753054e-09
3,15,0.18365992831131747,0.0017676362773992131,0.004005602426925481,-7.313047955832125e-10,-4.0420686242548243e-10,-3.388690755410338e-10
3,16,0.1849364923332999,0.0013700349828515872,0.0033704926370857007,-1.1394163401418772e-09,-1.546287514697653e-09,1.2224794291483955e-09
3,17,0.18605200998445628,0.0010313203248156588,0.002777960418649809,-1.5176840552529047e-09,1.6701881544456398e-10,7.807150994210057e-10
3,18,0.18703104203499102,0.0007462574955547083,0.002222457926998493,1.0538068499418851e-09,7.245208877293408e-10,1.69948242880529e-09
3,19,0.18789321427548422,0.0005108139283903499,0.0016997514358169504,8.702661681569968e-11,-6.691915355183653e-10,5.717665317341556e-10
3,20,0.18865417484125238,0.00032235339728870193,0.0012074802248176245,-6.262587779089224e-11,7.046120492626429e-10,2.8366544643548732e-09
3,21,0.18932750016133512,0.00018059950561306778,0.0007476000592035174,4.797903190197073e-10,1.7189607376399962e-09,-1.3690782244463228e-09
3,22,0.18993915124245117,8.974080046699346e-05,0.0003295796600296664,-9.811036653234462e-10,1.5299174010996452e-09,2.1477796277591388e-09
4,-23,-0.26269485130398396,0.00010045708845387128,-0.00033208676155195257,2.2380879645227114e-09,1.5247767493065112e-09,-1.5816376767313622e-10
4,-22,-0.26170803867993836,0.0002170898790324043,-0.0006984200528923946,2.65526071182437e-10,1.3769058115897792e-09,3.1136358280217527e-09
4,-21,-0.2606247676591754,0.0003095782772758659,-0.0010782187109463226,7.749597398260671e-10,1.7553295345029696e-09,-1.9413080547118263e-09
4,-20,-0.25942770064996235,0.0003680711681667441,-0.001469047295655167,4.3085600148415337e-10,1.5475797587871654e-09,-1.6210991143838588e-09
4,-19,-0.25809753993571427,0.0003900540181536691,-0.0018675866419533805,-7.867526742935671e-10,2.7103393279714894e-09,2.1437635013486203e-09
4,-18,-0.2566121032674412,0.0003754598253497786,-0.002270606673378592,1.5479110094390736e-10,9.564514319437833e-10,2.2862165966245317e-10
4,-17,-0.2549449243386834,0.00032495726630296147,-0.0026747906349633113,1.6580116338031636e-10,9.796610744849943e-10,5.538330047732119e-10
4,-16,-0.25306371646587766,0.00023923426908410564,-0.0030761164758159694,1.0639294543025174e-09,-2.866494847042489e-09,-3.2784875957360903e-09
4,-15,-0.2509284839687469,0.00011864172053740412,-0.0034690453480450906,-1.6788227362105057e-10,1.3688743472073384e-09,-1.242458276534816e-09
4,-14,-0.24848901654650601,-3.707859806821794e-05,-0.003845453285770883,-9.823963365886146e-10,1.1128867827281397e-09,2.1720929248894008e-09
4,-13,-0.24568148832605582,-0.0002291634055766706,-0.0041931369469791055,-9.106312891249413e-10,4.020523428072131e-09,-1.4425540848520468e-09
4,-12,-0.24242368952977222,-0.0004604686837023237,-0.004493622652074451,-1.970782408794447e-10,2.850735730808296e-09,-2.83442174122035e-09
4,-11,-0.2386082561355316,-0.0007366438912271162,-0.004718888163509569,-2.406327840979994e-10,9.726484895278276e-10,2.3262012683396456e-09
4,-10,-0.23409289636589614,-0.0010682820849228054,-0.004826474113159631,-2.828738085783322e-10,-1.1611381300902224e-09,-6.787530328641964e-10
4,-9,-0.22868621108900505,-0.001474820927240164,-0.004752354859142256,-1.165662232537057e-09,-2.3955073896742007e-09,-1.3455593343638002e-09
4,-8,-0.22212713993665031,-0.001991879954408635,-0.004401135892511289,-8.592282744676605e-11,-6.429080184888747e-10,-1.516257608618482e-09
4,-7,-0.21405539949491217,-0.0026849097485477395,-0.0036341197094237,6.366506228455693e-10,-1.917179068278152e-09,-1.0534288442639109e-10
4,-6,-0.20396789426668271,-0.0036720394396958086,-0.00225915448241208,-6.430863055614799e-10,3.345525523279491e-10,-1.6102110534689518e-09
4,-5,-0.19115712827077416,-0.005161792628082277,-3.579405109807444e-05,3.864619939168701e-10,7.025533765858683e-10,-1.9618270614800426e-10
4,-4,-0.1746238633243719,-0.0075046193277213,0.0032691972724945033,-5.323188469880114e-10,1.973226651519333e-09,8.716830586334712e-10
4,-3,-0.15294366852925728,-0.011242034389740826,0.007702694065898836,-6.098914775987119e-13,1.6491515097971643e-10,6.8056279101808e-10
4,-2,-0.12414127498330284,-0.016831403435628826,0.012539465939592268,6.535695925430351e-10,-3.175561272272809e-09,2.035135835028179e-09
4,-1,-0.08576264414911129,-0.022092207211712456,0.015180317352084301,1.0357567097833004e-09,-5.134444397425497e-10,1.2487556301510327e-10
4,0,-0.039890169503875965,-0.018670523166269624,0.011337681239126866,-1.1179785834071476e-09,1.6514548617507785e-09,1.6510322527543697e-09
4,1,0.03128452353375294,0.01470071151316215,0.01056996942440066,-3.423723777141313e-09,-7.95570355427433e-09,-5.171939682080406e-10
4,2,0.06673042476512502,0.01484047885478569,0.011875350309725786,-1.4537460579951145e-09,-3.6512605577909696e-09,-3.2424891764637476e-10
4,3,0.0929520656627456,0.01435823261135148,0.012380411314204455,-1.2267789228047332e-09,-3.5386953090021933e-10,-4.6660735117300817e-11
4,4,0.11164111448664424,0.012834387999485265,0.012165160176719245,1.3018940005909974e-10,5.772832073480672e-10,4.574256261854863e-10
4,5,0.12541211349666878,0.01115835740614768,0.011517274509440453,9.360654161516546e-10,2.007790378399932e-09,1.5022717251764444e-09
4,6,0.13588468227408737,0.009580656611920814,0.01065741715831155,1.023239915975277e-09,1.5437987693767141e-09,-9.257824092024584e-10
4,7,0.1440780765466082,0.008178693747462652,0.00971898202411349,1.1573374745534049e-09,3.2991301357476743e-10,-3.899971131790785e-09
4,8,0.15063448531475856,0.006954260903909325,0.00877827628171733,4.4268330104055287e-10,2.55431636952963e-09,-9.333238993941215e-10
4,9,0.1559799328271377,0.005890148288398321,0.007872262209991146,1.4735401184830244e-09,8.042504023864083e-10,-1.1737392414338382e-09
4,10,0.1604069884762003,0.004965270531163648,0.00701639649878167,7.425961833298911e-10,9.306555248667081e-10,-2.780898181273684e-09
4,11,0.1641224418234926,0.004159908506828788,0.006215102601466991,-1.0438283657571157e-10,2.26862229002478e-09,3.801449295065128e-09
4,12,0.16727614385972947,0.0034572614795288317,0.005467366775260591,-8.773830796008492e-10,6.461594592721553e-10,-1.3505555433360574e-09
4,13,0.16997910585434803,0.0028435877984794022,0.004769685162647903,-1.183137109117549e-09,3.2904400315558746e-09,1.3522369773807897e-10
4,14,0.17231516086044577,0.002307829072363459,0.00411762289784094,4.178705424219553e-10,2.589919612105973e-09,-1.240295254806398e-10
4,15,0.17434869591801666,0.0018411279379521928,0.0035065896542698914,-1.2574813612262203e-09,-4.674598902409954e-10,1.5764389107124485e-10
4,16,0.17612993419401318,0.0014363461377266517,0.002932227800260901,-7.284964231250163e-10,1.520531811571857e-09,1.6479504558110803e-09
4,17,0.1776985472252441,0.0010876550301744917,0.002390558673174048,-1.0509518398767181e-09,-7.380175914839526e-10,-1.0670394134785523e-09
4,18,0.17908621502677488,0.0007902062760758109,0.001877934395530138,-3.2472857801162103e-10,-7.345223457244643e-10,6.197614955926725e-10
4,19,0.1803183691439748,0.0005399047577743073,0.0013905284492811867,-8.33837505770027e-10,-2.6216751131125093e-09,-7.545484269206302e-10
4,20,0.18141499597507954,0.00033297289825882264,0.0009223106018894252,-9.575739999111849e-10,-1.3309161689400995e-09,1.4059356453939304e-09
4,21,0.18238734765541142,0.0001618993039749263,0.0004596729589588733,-5.488240545619555e-10,9.165769532248902e-11,2.367201854159987e-09
5,-23,-0.25575190427616795,0.0001605869797532912,-0.00031634124481921014,1.4288126628028697e-09,2.85193990645638e-09,3.8117788642827964e-10
5,-22,-0.25446464839930794,0.0003142433388631586,-0.0006578837420696957,3.7442106251388274e-10,8.763262338007394e-10,-3.656951183294408e-10
5,-21,-0.25304828761012205,0.0004374607277445193,-0.0010032619515344572,1.8412117598794187e-10,5.349698739554043e-10,2.928161128490226e-09
5,-20,-0.2514838647363046,0.000523822112970407,-0.0013476747523959052,-5.029803370679153e-10,7.119015793533023e-10,-4.5929520728132597e-10
5,-19,-0.24974870584135386,0.0005722836773659616,-0.0016863844146130997,2.7991930301451973e-10,-1.2520360720413848e-09,3.054459617560809e-09
5,-18,-0.24781586034519276,0.0005835773706345572,-0.002014591658956488,1.8898277988083773e-09,-1.5578614787070677e-09,9.117837990022968e-10
5,-17,-0.24565285548645246,0.0005586834436158381,-0.0023266701595500553,4.305490801121553e-10,-1.974139046678758e-09,2.392040394455725e-09
5,-16,-0.2432200759422118,0.0004981531351637733,-0.002615260391775029,8.000097472503354e-10,7.913933397496464e-12,-1.6572896117109841e-09
5,-15,-0.24046866192943442,0.00040172310355460683,-0.002870253440077702,4.480212583302806e-10,4.942964232368396e-10,-2.3127545213211015e-09
5,-14,-0.23733774886897366,0.00026788611127520726,-0.0030775318313015724,-7.730837107630673e-11,3.7258356122560343e-10,4.806671364683784e-09
5,-13,-0.23375076846980594,9.321389187088969e-05,-0.0032173089157718645,-1.600140081201018e-09,-5.174640299587807e-10,-1.3861772283404322e-09
5,-12,-0.22961038264749978,-0.00012878655391810467,-0.0032619038940947145,5.499732834944593e-10,-2.146991515128427e-09,-1.6857073219803597e-09
5,-11,-0.22479164607186988,-0.00040962742641039205,-0.003172840064050715,7.260245070070392e-10,1.5769860695069582e-09,3.8712753228781205e-10
5,-10,-0.21913261927996258,-0.0007690910441227582,-0.0028973197095986405,-7.885929040850337e-10,1.7685054809479794e-10,-5.526335163953938e-10
5,-9,-0.21242166540606386,-0.001240470255238372,-0.0023646043909098568,-2.1215236958686823e-09,-3.42055578306244e-10,7.118084379299089e-10
5,-8,-0.20438091695440994,-0.0018791629378558947,-0.0014839571817172393,-1.9380708973434913e-10,2.0988930315990473e-09,-2.2554428699586397e-09
5,-7,-0.1946445559678618,-0.002775154705465826,-0.00014820993332024477,-5.412362207718457e-10,-4.0457452665787486e-10,1.1008125871351387e-09
5,-6,-0.18273143250616242,-0.004067786353753388,0.0017484504568789582,1.323924021627565e-10,-5.0424250885861e-10,-3.635381720049763e-10
5,-5,-0.16801359273879904,-0.0059560895658818695,0.004261870682043045,4.259516758406412e-10,-2.4507357671010865e-09,4.909991235205885e-10
5,-4,-0.14968614893118048,-0.008678824191184919,0.007290268319647095,6.024524412326371e-11,-1.9827833819263674e-11,1.2437413742134862e-09
5,-3,-0.12676302781460472,-0.012344352808867413,0.010342130955241507,7.388215165528289e-10,2.1077118522727645e-09,1.1430698713954524e-09
5,-2,-0.0982706385947329,-0.016152930070182668,0.012133201839605395,-8.492430760356773e-11,1.1740364097567735e-09,2.3205009528487475e-10
5,-1,-0.06397015292605594,-0.016794935704998293,0.01086059645963575,8.752053790896108e-11,-1.1150092238398912e-09,-1.1971497794818764e-10
5,0,-0.025128957601153776,-0.00918023034337891,0.006779390319543514,-1.3770844838794163e-09,-1.3668409876155252e-09,-1.2085813816745117e-09
5,1,0.018681638017385184,0.0075638703954420275,0.006189190266606194,-1.1238306841122175e-09,-1.8045354238660494e-09,1.8377810263175975e-09
5,2,0.05026963385889339,0.010625307782752134,0.007533334573589236,4.150925709926756e-10,-2.8720238826052125e-09,8.275937680383288e-10
5,3,0.07493984292081025,0.011272332144829977,0.008383485303874233,9.014675915464121e-10,1.8413053026744564e-10,1.7250699427685378e-09
5,4,0.09387702928504864,0.010722242756190898,0.008698649554110217,1.4424184503064597e-10,1.6105303340951949e-09,8.884239716512934e-10
5,5,0.10855512783327709,0.009738890755327556,0.008606317086498066,-1.1181530814100005e-09,1.0393730320856776e-10,1.9666966842514684e-10
5,6,0.12012507942389562,0.008638609658213468,0.008246613528851114,1.307748772119699e-09,-3.3921239983580875e-09,-5.0727576738252185e-09
5,7,0.12941171006838523,0.007557959189078007,0.007730167116236457,-2.153632649819215e-10,-2.2059025023279943e-09,-3.0494381642487845e-09
5,8,0.13698974376772907,0.006549233002002716,0.007133070876470801,-4.304633329475782e-10,-8.834848408412199e-10,-2.1238523995590654e-10
5,9,0.14326501958519383,0.005630081950837934,0.006502758385942853,9.138947550113574e-10,-4.80245343492669e-10,1.321653593803953e-09
5,10,0.14852889828155483,0.00480261665336846,0.0058674646617278255,-8.969289720661688e-12,-4.816800708296043e-10,5.873195055565873e-10
5,11,0.1529943802933947,0.004062436802419095,0.005243252195788642,-2.5503584409267144e-09,3.076577742566755e-10,2.190195650466102e-09
5,12,0.15682001672088913,0.003402870036932689,0.004638713055944484,-2.2880024812699934e-09,-9.579511628388104e-10,2.508613617806547e-10
5,13,0.16012581396869174,0.0028168970460022424,0.004057939230278668,-1.357823983458295e-09,-1.6132760821685466e-09,3.305662685103999e-09
5,14,0.16300404466039753,0.002297945534564327,0.0035023830615430736,6.596538007670738e-11,-3.048828606244669e-09,2.209871287684232e-09
5,15,0.1655266204050608,0.0018401873684211869,0.002971992659421346,-1.1058749671208346e-09,-6.871350710646595e-10,-5.430577594599598e-10
5,16,0.16775033691726865,0.0014385197962943587,0.0024659213279284537,-2.720173763320899e-09,-7.659344408716962e-10,2.353699640713551e-09
5,17,0.16972058404590365,0.0010884624804544407,0.001983026978738361,-4.202681757291271e-10,4.789925539538942e-10,-2.0893199197374434e-10
5,18,0.17147399595399823,0.000786149800406602,0.0015223750604250342,7.541604498013943e-10,1.6847343103920664e-09,8.411316350327496e-11
5,19,0.17304019607664953,0.0005288841587577668,0.0010841839058971247,-1.4170715642580767e-09,1.4466361164533481e-09,5.838050321322556e-10
5,20,0.17444358002413554,0.0003169469902811536,0.0006720156741834313,-5.25141222824585e-10,1.6881757103348605e-09,-1.2430097830647407e-09
5,21,0.17571826083820433,0.000140133555021453,0.0003010853304295172,-2.800738094135141e-10,-8.839828175011277e-10,2.5882363528339884e-09
6,-23,-0.24878103774529722,0.00021704894708438315,-0.0002893759201516775,1.2362384807246968e-09,-2.6652135498572704e-09,3.3805195864280123e-09
6,-22,-0.24719381013706726,0.0004065897291365085,-0.0005933048903481225,9.709080256350283e-10,-8.399645562429114e-10,-1.787377638753454e-10
6,-21,-0.24544753971325411,0.0005563185074281979,-0.0008906819990304285,-4.114123933023073e-10,1.5872751307766109e-09,2.2391109441329395e-09
6,-20,-0.2435209278343823,0.0006646031060933951,-0.0011752427588528642,7.341342963228248e-11,3.4562787215586255e-09,-1.4109545624860231e-09
6,-19,-0.24138815735001137,0.0007324187611650434,-0.001441005416399533,1.2483176163764764e-09,1.8050107242206792e-09,3.341891114560418e-10
6,-18,-0.23901822097420308,0.0007611044031539661,-0.0016816706486317892,1.1790765375770812e-09,-1.3183062974597703e-09,-1.0028514065181515e-10
6,-17,-0.23637368872581727,0.0007513566441418799,-0.0018895368324991866,9.569303862765749e-10,-2.5850403900795627e-09,3.673331168727685e-10
6,-16,-0.23340908014709302,0.0007027620886518936,-0.002054496643273625,7.455105764490877e-10,-4.1636866177086063e-10,-3.2802664651394864e-09
6,-15,-0.23006873592510793,0.0006134231427625565,-0.0021630672830165853,-9.74110566515085e-10,3.095000783437385e-10,-1.7389792620080063e-09
6,-14,-0.22628410151195294,0.0004793489024478621,-0.0021973295490244405,-9.276822532811729e-10,1.2307948965561977e-09,1.7064993779370872e-09
6,-13,-0.22197013599178997,0.00029349031127391814,-0.0021337005827567123,-5.799207919432448e-10,-4.789921237424721e-11,3.7789673326064487e-10
6,-12,-0.21702070763568954,4.419432549906153e-05,-0.0019416044058985723,-7.427830676920433e-10,1.4751567467552462e-09,-2.014473203700018e-09
6,-11,-0.21130264881529462,-0.00028714680537183406,-0.0015823118725742259,1.7383419703698166e-09,2.1026173441240914e-09,-1.104935843884193e-10
6,-10,-0.20464823475746,-0.0007295270327072677,-0.0010086314839623885,-6.945559639578991e-10,-2.248280991934415e-09,-1.3259969328333152e-09
6,-9,-0.19684605274932085,-0.0013269510793841401,-0.00016678621735650406,-1.0550209560145074e-09,-1.7623179859871385e-09,4.707182974569152e-10
6,-8,-0.18763058710294575,-0.0021441898330410826,0.0009968336598643714,-7.461511070464e-10,1.0189899757317988e-09,-1.2187642256088899e-09
6,-7,-0.17667111839343344,-0.0032713213022899324,0.0025196085248940783,-1.1044061520339155e-09,3.40313272007009e-09,9.084311601570416e-10
6,-6,-0.16356174954229274,-0.0048203968574156725,0.0043903349670475055,1.1950112110796496e-09,-6.410688230262807e-10,-3.2725241763415652e-09
6,-5,-0.14781909235146107,-0.00689854107240709,0.006490711298386473,4.6241213679312776e-10,-3.863743908150141e-10,1.7037219540976672e-09
6,-4,-0.12890490135612923,-0.009509903932083064,0.008496522148839208,-6.19899653744177e-10,-1.8790655142986168e-10,8.861777980265911e-10
6,-3,-0.10632439642068207,-0.01225635749498765,0.009748299480236729,-7.781033816399441e-10,-1.6452857964921463e-09,9.75587060572311e-10
6,-2,-0.07989724221950541,-0.0137995629750541,0.009355076036959427,2.193807960813865e-10,-1.2551910899549767e-10,-4.783902419168429e-11
6,-1,-0.050118287185405314,-0.011823801211025206,0.007074100325529157,2.090129068085811e-11,1.6564684346409564e-10,-1.971427017049025e-09
6,0,-0.018098777668746416,-0.004759579051054553,0.004394378050754059,-1.177848066042514e-09,-2.764540957267414e-09,5.599648513973654e-10
6,1,0.013697347650085196,0.004340652033932804,0.004029503055417349,8.249013211869202e-10,-1.2989789938133711e-09,-2.553342386048957e-09
6,2,0.04033121978770179,0.0076743210127895615,0.004920618827779891,7.35836052029662e-10,-1.635778318354042e-09,3.1785839879226382e-09
6,3,0.06242225974353137,0.008811005118355874,0.005698927315901213,-3.6864099424958885e-10,-1.303513810779755e-09,-1.737394787770536e-10
6,4,0.0804160941395684,0.00883609947267003,0.006160505995558187,8.30190859633928e-11,-1.39949835054054e-09,2.772792537947006e-09
6,5,0.0950264874651709,0.0083393970018788,0.006317658891186562,9.50783528297361e-10,-4.7078398124345e-09,-2.57018471365748e-09
6,6,0.10695751345370937,0.007616581427208026,0.006238101427094792,-1.4541790948480182e-11,-3.0326047228967923e-10,-1.8739119123068436e-09
6,7,0.11679394431833451,0.006816325131685757,0.005993053483212935,-6.813736708102119e-10,-3.7320017909348024e-10,1.0085798917634477e-09
6,8,0.12498987839134564,0.006012622589900134,0.005640337550780387,6.021074127563614e-10,4.736439851438234e-10,-3.0097601887439825e-11
6,9,0.13189076124883078,0.005242163700796048,0.005222110640615756,-1.813419904690694e-10,2.988566394357406e-09,1.657916403257709e-09
6,10,0.13775858683888345,0.004522028413609891,0.004767558485743992,-1.418635363695242e-09,3.3861688314429372e-09,5.921210976367981e-10
6,11,0.14279311134815106,0.003858980233104541,0.0042962292058375965,-1.7526316650143953e-09,3.6187414870214596e-09,1.1925314772134876e-10
6,12,0.1471479855533996,0.003254452355255897,0.0038208761744511727,-9.260719491602232e-10,2.53853292553341e-09,-1.0240708698180663e-09
6,13,0.15094261774314177,0.0027072450429764788,0.003349630633781086,3.9659317019671847e-10,1.6731108304357534e-09,2.4677959372179648e-09
6,14,0.1542708258649535,0.002214962993044254,0.0028875293179023358,-8.855373598033039e-10,-2.6428795818489448e-09,-1.6059485435072581e-09
6,15,0.15720705013228156,0.0017747607035494474,0.0024375641534199444,-2.3987175032727515e-09,9.60469814792475e-10,2.0019931977526212e-10
6,16,0.1598109725390916,0.0013836172175984353,0.002001424452253932,-1.0129327823564516e-09,2.437182636261248e-09,7.142849357236365e-11
6,17,0.16213095706564823,0.0010383566371046562,0.001579998908828378,3.057504163045399e-10,2.0222333529940073e-10,2.597130136262351e-09
6,18,0.16420686387348582,0.0007355751990727478,0.001173568921745732,-8.625983835639645e-10,2.1633191210623792e-09,-4.694088164807072e-10
6,19,0.16607199228900943,0.00047193689446341637,0.0007805573329847639,3.1505771299136787e-10,-1.656159626106657e-09,-2.5238328938378995e-09
6,20,0.16774835062323593,0.000245067418915087,0.00039001881965619573,1.2916037460484336e-09,-1.201077709511722e-10,2.7239484993107172e-09
7,-23,-0.24181039955109904,0.0002658776346600924,-0.00025357328741758994,1.6659774788006787e-09,-8.347935814834173e-10,3.832429761141767e-09
7,-22,-0.23992699612985874,0.00048545519385617957,-0.00050974912497,2.526456785532233e-09,1.0247738907454007e-09,-3.21865419785963e-10
7,-21,-0.23785744470096,0.0006552838825641831,-0.0007487811567116569,-2.6345602999536255e-11,1.3571730128614234e-09,-4.427854860449888e-11
7,-20,-0.23557822061480757,0.0007783602999551339,-0.0009639807075012666,-6.453193235854415e-10,1.842535651830346e-09,6.807780158558149e-10
7,-19,-0.2330608662049949,0.0008574591298399877,-0.0011488105288529609,1.465649082568049e-09,-2.558605161073757e-09,1.680541778409676e-09
7,-18,-0.23027120352142652,0.0008940338683018214,-0.0012960537959080575,1.7352181343275458e-09,-5.055845880841403e-10,-1.5402299291257223e-09
7,-17,-0.22716813377711711,0.0008878823571929285,-0.0013967126526129193,6.087731380197831e-10,-1.0714108072962247e-09,-7.350648119835513e-10
7,-16,-0.22370210076398794,0.0008370016636675543,-0.0014391942850775204,5.264054396374174e-10,-1.7131436685913215e-09,-8.242565380505319e-10
7,-15,-0.21981313430941288,0.0007372655782602039,-0.0014087000585016167,6.970483691116913e-10,1.796834653289281e-09,1.4239196454083453e-09
7,-14,-0.21542843736580483,0.0005817280169950774,-0.00128671515175387,8.995991926646213e-10,-8.511720633874731e-10,-4.035057925944963e-10
7,-13,-0.21045934793460896,0.0003595569282669547,-0.0010506527388883218,-8.86679175828714e-10,-2.523315681401961e-09,1.2222136722833676e-09
7,-12,-0.20479766957813197,5.44956768585163e-05,-0.0006739266006171239,7.45526736699309e-10,5.258947721742402e-10,2.3716475545867022e-09
7,-11,-0.19831131091738763,-0.00035712578315852525,-0.00012697287399181196,2.01746661087146e-09,-3.347411098308939e-10,-1.410171720605917e-10
7,-10,-0.1908394588816018,-0.0009087025054677308,0.0006198906802641803,3.5070591396235695e-10,-2.5163355704682644e-09,1.2354038508876654e-10
7,-9,-0.18218761285712368,-0.001645326304272681,0.0015903242152774696,-7.955379011798103e-10,2.427082146372328e-11,1.5103125783973333e-09
7,-8,-0.17212355473847143,-0.002623907257190319,0.0027903899153753366,2.448028095340671e-10,3.681485671869211e-11,2.1995414691000637e-10
7,-7,-0.16037595949199523,-0.003907140183693014,0.004188741495158947,2.6497072374773167e-10,2.186007208582197e-10,-1.6144152854835614e-11
7,-6,-0.14663918165336773,-0.005542167051432559,0.005685732720481508,-3.1472078242111845e-10,-9.670229894620519e-10,-1.4606541050461719e-09
7,-5,-0.1305928990669093,-0.007504799547307147,0.00707043951829984,-1.0556359284971673e-09,4.720681484604583e-10,5.84014179898229e-10
7,-4,-0.11195656206829951,-0.009571105661286687,0.007979228750143787,-7.270431895411988e-10,2.8773354671107754e-09,5.648659844991605e-10
7,-3,-0.09060515464562209,-0.011112299438300378,0.007945521094068908,-1.969186115167651e-09,2.8510637462009214e-09,-1.3067034298130595e-09
7,-2,-0.06673003667839161,-0.011031122848421417,0.0067114487062886145,-1.810436291117476e-09,-1.9156822517185645e-09,-2.406929629510026e-09
7,-1,-0.0409518494902657,-0.008204053078656045,0.0046650469608199956,-1.7567165411149638e-09,-9.194328631778603e-11,-8.654135034459609e-10
7,0,-0.014348807175070331,-0.0027329156170116733,0.0029954995003419857,-4.910543565197524e-10,7.59512064352208e-10,-2.399653887055764e-10
7,1,0.01116911594913077,0.002832120761400558,0.002729567945194422,-7.415118112629251e-10,-2.669364729257495e-11,-9.833909407272468e-10
7,2,0.03382697448223188,0.0056887304200294135,0.0032665202071082795,-3.9833464077123487e-10,-7.217286629446207e-10,7.103219765852709e-10
7,3,0.05344041936882829,0.00693830529049937,0.0038711317567308567,-5.667335624230663e-10,-4.578690440681932e-09,1.2118206346430158e-09
7,4,0.07010937300661874,0.007260979197997345,0.00431822234711759,-7.265776138295349e-10,7.311098948470374e-11,8.640028323597237e-10
7,5,0.0841591099754002,0.00707673139119455,0.004562094575079529,3.441277816092908e-10,1.947316641270902e-09,-6.64387493073482e-10
7,6,0.09599167384432378,0.006627232741545888,0.0046228768478675155,-8.842624440834335e-11,8.536096829381279e-10,1.1360219712088122e-09
7,7,0.10599271973880409,0.0060493138283347955,0.004538955282428424,2.032649027393363e-11,7.941730606475517e-12,2.0111749249221e-10
7,8,0.11449515427216939,0.0054205906494614285,0.004348419484552085,1.423496541995417e-10,-4.957332599975217e-10,7.326739074925599e-10
7,9,0.12177268960130885,0.004785317884904323,0.004083110371592132,1.9174220176020051e-10,-4.673580966674251e-11,1.262416641383858e-09
7,10,0.12804547369251712,0.004168425958233604,0.0037677152358257084,-1.1608584597061489e-09,-1.303824534448772e-09,1.8579093016254976e-09
7,11,0.1334891951183491,0.0035835417347175966,0.003420603011805793,5.993130844025862e-10,-4.984396922980139e-10,1.2055983753426016e-09
7,12,0.1382439818820994,0.00303767697719747,0.003055090448792709,-4.199956372269442e-10,3.475944809760989e-10,1.3561027606846104e-09
7,13,0.14242198611015147,0.002533988243287537,0.0026806901172371734,-1.1865795119473527e-09,-3.784297125664082e-09,-3.2072266281841805e-09
7,14,0.14611345883403817,0.002073449706196381,0.0023041196997251037,-2.757705446377462e-10,-6.636937249782093e-10,7.569241345631219e-10
7,15,0.14939146187604013,0.0016557763027808823,0.0019300990480736037,-2.4010037868484047e-09,2.4853611252373398e-09,4.4270534040415956e-10
7,16,0.1523154770673992,0.001279820386733616,0.0015620536487986017,6.302330740615147e-10,1.3599419229626264e-09,1.6737475217037663e-09
7,17,0.15493423658082442,0.0009435979175151578,0.0012030349649035795,-3.0521018264811905e-10,1.0193961091919945e-09,-1.4402120246074384e-09
7,18,0.15728869178843402,0.000644533332618855,0.0008576539041333583,-9.77675947578388e-10,-5.20119114444384e-10,-1.071029179525797e-09
7,19,0.15941809021304393,0.0003807885992624294,0.0005363019536450192,1.6499832988618734e-10,1.10997408486746e-09,1.8901842152529936e-09
7,20,0.16137438296524845,0.00016897842924372736,0.0002518291726115998,1.7082810892850991e-09,2.7359584875430443e-09,1.0233460428609852e-09
8,-23,-0.23486707917393154,0.00030346988469030615,-0.0002112078127854689,1.6782441035825824e-09,3.4288008543548187e-10,1.4951326921864606e-09
8,-22,-0.23269465497822456,0.000544045906143674,-0.00041255475830958964,1.7728629586512973e-09,4.530824188053728e-10,4.1819662239342425e-10
8,-21,-0.2303121289127937,0.0007260109024412999,-0.0005868939256736275,5.129027567246647e-10,1.4504112494373445e-09,8.885619803760216e-10
8,-20,-0.2276942886671336,0.000856217499952899,-0.0007282240739379732,2.2384829081491253e-10,1.1269043614925423e-09,2.237864615270207e-09
8,-19,-0.2248107801442843,0.0009384842370428261,-0.0008303452994725775,1.4810354713457041e-09,-2.9241965793236346e-10,-4.148540808771614e-10
8,-18,-0.22162529300373335,0.0009736919077121943,-0.0008859342677395909,1.1606732291859906e-09,-1.4555721489228901e-09,3.214057208447913e-10
8,-17,-0.21809448704350745,0.0009602627021374655,-0.0008857352511495265,1.725304990020382e-11,-6.955035852795888e-10,-1.3031153645298027e-09
8,-16,-0.2141666680740211,0.0008943816578366402,-0.0008182233452814812,7.219558948064198e-10,3.778885537819576e-10,9.297172553986198e-11
8,-15,-0.20978018343195798,0.0007697561095946124,-0.0006695634959413206,5.47874711093535e-10,5.807252595468881e-10,1.514510006799365e-10
8,-14,-0.20486152978885785,0.0005769706058855971,-0.0004238011239938844,-2.9192626788132614e-10,1.2946104743782882e-09,2.5911839063037356e-10
8,-13,-0.19932308668408277,0.000302593590260104,-6.345359351532713e-05,-5.729137813031276e-10,2.7342019620624214e-09,4.392900599257585e-09
8,-12,-0.19306067473932292,-7.187285505590339e-05,0.00042912274102538254,1.817606169740582e-10,8.59152540777508e-10,-1.7663991596999183e-09
8,-11,-0.1859510623524563,-0.0005709460708726862,0.0010690732694653702,4.4602061844215e-10,-4.714316714782285e-10,1.1560332493793651e-09
8,-10,-0.17784982482215,-0.0012254585623243891,0.0018643345769508127,4.890547936238498e-10,3.5772077522366885e-09,-2.2018819458707872e-09
8,-9,-0.16859027322353887,-0.0020710359688654576,0.002807924921026722,-1.1232933585028637e-09,1.994203413513418e-11,3.2732714211640077e-09
8,-8,-0.15798476843638729,-0.003142397917538467,0.003866215405421527,-1.1594761995144254e-09,-2.7033677518772947e-09,2.4921507437466843e-09
8,-7,-0.1458305204210636,-0.004458750247466997,0.00496265012912421,-2.1717779527877235e-10,-3.752877175688951e-10,-2.2013930381283714e-09
8,-6,-0.1319239349923112,-0.005992043881652169,0.005958530828143196,-2.2760012958512876e-09,1.1492606866170263e-09,-5.064087105384474e-11
8,-5,-0.11609090884769084,-0.007606489110912278,0.0066399480324961435,2.470438792770424e-10,-1.2453396369682679e-09,9.164767464896195e-10
8,-4,-0.09824292762201522,-0.008971950132531256,0.006743582662219554,-1.2497720284880554e-09,-2.7498028021266663e-09,4.846384541509069e-10
8,-3,-0.07845557828231932,-0.009520817904703676,0.006077716113713558,-7.965476490207068e-10,-1.1113390901984488e-09,3.0033665636940154e-10
8,-2,-0.05704099022715454,-0.008577503285908823,0.004714703616265366,-9.245165208480316e-10,-9.398102573943135e-10,2.0781547850840312e-09
8,-1,-0.0345901143634417,-0.005779242687581657,0.0031262193224356476,-2.435263248652328e-09,-6.379551747981438e-10,-1.0407096023715492e-09
8,0,-0.01200098245057939,-0.0017100484851768451,0.00203943242393989,-1.6419710463250886e-09,1.4249843804936546e-09,1.5768107906617007e-09
8,1,0.00954813913425063,0.002042492961174923,0.0018261710486026936,-1.1214356341335621e-09,-2.1395546168090362e-09,1.2670087835885482e-09
8,2,0.029207499089374055,0.004343642232212814,0.0021452145662734646,-1.7499155697620408e-09,-2.180335287316204e-09,2.271000090401081e-09
8,3,0.046715249202987884,0.005528673734673745,0.0025871781984508893,-1.1043333541464057e-09,-3.984794716416218e-10,2.148655173949592e-09
8,4,0.06204750444204328,0.005981004590997305,0.002966030029369502,1.4506022555024756e-10,1.0253828064410442e-09,2.3204238200227965e-09
8,5,0.07534374200619705,0.005983579115768475,0.003219360355197095,6.295569751277319e-12,-2.7295084248368795e-10,4.251761123892899e-10
8,6,0.08682763975890134,0.0057211958496902636,0.0033411496915410487,8.492669436623024e-10,-2.288557468532737e-09,-9.341977593113832e-10
8,7,0.09674570247387448,0.005309731280268397,0.0033474102091005445,4.493611617788912e-10,3.425597999706653e-10,2.9025794827830954e-10
8,8,0.10533258682073565,0.004821247378330899,0.003260314259825357,4.4261860799796326e-10,2.3417206507225785e-09,2.7542540376629702e-09
8,9,0.11279603946094019,0.004300598782147627,0.0031015312819572902,-1.1143837022869335e-09,3.6516319412704945e-09,-3.913594212562972e-10
8,10,0.11931309701593831,0.003775614026986664,0.0028897939098233333,-1.1632004511073074e-09,1.4255130548201933e-09,1.015141999649062e-09
8,11,0.1250316814303721,0.0032633960325194984,0.0026403433769593577,-6.9396355437297e-10,1.0438512554333812e-09,-8.200959625612571e-10
8,12,0.13007425981733223,0.0027742586129547377,0.002365191441694355,-5.532207871059708e-10,4.4344281024955023e-10,1.0354371147248747e-09
8,13,0.1345418994746327,0.002314255361190412,0.0020736169699981546,1.7766691264888002e-10,8.084754254955584e-10,-2.1520192650597647e-09
8,14,0.13851802057223786,0.0018868087699757026,0.001772682899252642,-4.962528779833136e-10,-5.040727002469936e-10,2.9924551410767924e-09
8,15,0.14207161474377475,0.0014936326100835633,0.001467638060229211,1.5064634895436968e-09,-3.162189399219528e-10,1.566299442762705e-09
8,16,0.14525971441333035,0.001134980648280288,0.0011622503157894368,-1.3176225334334685e-09,-1.9556361807726574e-09,-4.5751369433553535e-10
8,17,0.14812899540677646,0.0008090135909668797,0.0008593632878615239,-6.487439628468511e-10,-1.24862360728617e-09,4.1826905206995206e-09
8,18,0.15071683702673583,0.0005103063385864012,0.0005622750468790896,-1.3753422420034744e-09,-6.772387373121802e-10,-2.826322934574416e-09
8,19,0.15305908419656006,0.00021697991189690077,0.00027919552606297214,1.0361724410348078e-09,-4.4182547898063973e-10,-3.0652952574751653e-10
9,-23,-0.22797708933173388,0.0003268471482119768,-0.00016474888247380878,6.164391837693711e-10,-2.7316935102827955e-09,1.1539393033368735e-09
9,-22,-0.2255258325044211,0.0005774731157835386,-0.0003075049906485704,8.535685107943086e-10,6.685174497311763e-10,-4.95138963067332e-10
9,-21,-0.222844109573335,0.0007631538435419633,-0.0004150887410084648,1.0976513890523232e-09,2.857690223345699e-09,-5.370773396262923e-11
9,-20,-0.219905776400579,0.0008933313695663834,-0.000483347660542737,-8.810295967168896e-10,1.7245223027373413e-09,6.51370509139053e-10
9,-19,-0.216679421692011,0.000971659301665316,-0.0005072341795422206,-2.558154265676349e-10,-1.4391095259913556e-10,7.500821668121637e-10
9,-18,-0.2131276709821852,0.0009977074698833105,-0.00048001581037206695,-2.3231652712674133e-11,-1.8459758305278129e-09,-4.496731960179417e-10
9,-17,-0.2092063670275675,0.0009683469100344492,-0.00039312844866464387,2.092285184083359e-10,-1.2196326309998895e-09,3.014696491236506e-10
9,-16,-0.2048635835299432,0.000878235906016143,-0.0002365303231476153,1.0771604528475587e-10,-1.5262774100133214e-09,-1.8022551810515492e-09
9,-15,-0.20003849066373003,0.0007196214495786562,7.51736085561392e-07,9.366652605445613e-10,-2.2682375838689595e-09,1.4620140046929476e-09
9,-14,-0.19466004476664775,0.00048185880659105376,0.0003298508015125314,1.0388791194491931e-10,5.7278889964429425e-11,3.388434902264594e-10
9,-13,-0.18864560667402597,0.00015094579902828916,0.0007607759475968088,5.558771921498201e-10,-2.2092900842096697e-09,3.658746406686483e-09
9,-12,-0.18189977401839652,-0.0002907211718839402,0.0013002789055189844,9.505043152297638e-10,-5.327577684566265e-10,1.6869664782388945e-10
9,-11,-0.17431359070835092,-0.0008639487476676729,0.0019484933454334444,1.5622450074033456e-09,3.3049713105137712e-09,-1.9903980149444615e-09
9,-10,-0.16576472927013844,-0.0015909130526008117,0.0026939467503362645,1.160209728203604e-09,7.382135874811624e-10,1.3149018928803463e-09
9,-9,-0.156119416554796,-0.002490566624160398,0.0035066541826745223,-1.3627237402738523e-10,1.0520003340674933e-09,-3.865003919071696e-09
9,-8,-0.1452373768140556,-0.0035689846914970695,0.004329480432845288,-1.833170413644697e-09,-1.0611208439703645e-09,3.0442491436217557e-09
9,-7,-0.1329818029368329,-0.004801071024450718,0.00506928229702142,-1.908844551173905e-09,-1.264894702868169e-09,7.236769757664602e-10
9,-6,-0.11923731918319687,-0.006099976668847611,0.005592964001712144,-1.7281215380134801e-09,3.7281092102325886e-10,-1.3091714233959967e-09
9,-5,-0.1039394543866388,-0.007276651353184672,0.005741548592416748,-8.894615443483245e-10,-3.24223953240832e-10,-6.855273517358991e-10
9,-4,-0.08711543638114412,-0.008014519951643758,0.0053822444921737675,-1.2643454425781409e-11,-4.1885666046681536e-09,1.2891119876212373e-09
9,-3,-0.06892755992191146,-0.007909082662794253,0.004497307239124047,1.2400334903871213e-10,2.0023342706121383e-10,-4.2072024775694286e-10
9,-2,-0.04970511330201677,-0.006623584383123027,0.00326779720209971,4.0838048350963496e-10,-1.310066402582244e-09,-3.273234913095304e-10
9,-1,-0.029957663766418573,-0.00416768852256523,0.0020755080202705042,-1.966375568341998e-09,1.5097072064707007e-09,-5.002697067366113e-10
9,0,-0.010359613673171897,-0.0011266391059071745,0.001326458168149694,-5.038657548920439e-10,-2.321717831876846e-09,2.217258689585916e-09
9,1,0.008368898889557117,0.0015759369936199233,0.0011468950772035695,-6.143708973906179e-10,-1.6280155140657726e-09,-1.514260979519448e-09
9,2,0.025728634474359444,0.0034072873513662704,0.001334727270679301,-5.28142108876823e-10,-1.698248153214621e-09,1.6644968921513022e-09
9,3,0.04149320307092945,0.004461603355376578,0.0016497124228528664,1.0746690726985003e-09,6.124998008782967e-10,2.505152032404546e-09
9,4,0.05559920060744964,0.004948576987708736,0.001953724890525514,3.919566096384844e-10,-3.4231102674642244e-10,1.9537744871663074e-09
9,5,0.0680986552109516,0.005053891558667376,0.002185786829473125,-2.7763365998551004e-10,-8.217172081659285e-10,7.969968473706644e-10
9,6,0.07911443005574502,0.004913908195758539,0.002327734832262303,-1.2716621592551158e-10,-1.7678160324496872e-10,-1.4139985367891917e-10
9,7,0.08880224834503034,0.004622242995605595,0.00238203392215118,-1.16785654410978e-09,9.564148917284854e-10,-4.2504169042218874e-10
9,8,0.09732442419039176,0.004241678103282152,0.002359670737940837,-8.740601068445153e-10,1.3299756990159395e-09,2.2173601148356794e-09
9,9,0.10483486410387631,0.0038140063855247597,0.0022741401969681298,-1.4611324780297585e-09,-1.589997952744504e-09,-1.2109596461571054e-10
9,10,0.1114720744093502,0.0033669236771762816,0.00213863688430688,-2.0570169712540165e-09,4.7310960704649574e-11,2.6850678324768238e-09
9,11,0.1173570149240356,0.0029186619626553156,0.001964910587791079,-3.9854449710059747e-10,-2.3191320808191307e-09,-1.247987370183671e-10
9,12,0.12259357161848343,0.0024811159472259794,0.0017629688108513652,-3.7230750904101995e-10,8.495933401242439e-10,8.036796141577146e-10
9,13,0.12727016702130506,0.0020620246704323056,0.0015411138531292068,-9.575739426653102e-10,-1.5304748302025217e-09,-1.4178664051831967e-09
9,14,0.13146173783438517,0.001666513890443856,0.00130603927296273,3.3373938096610545e-10,3.847858143224414e-11,-7.607633710073427e-11
9,15,0.13523173886722864,0.0012980295633921448,0.0010627267192117572,-3.1758757841442165e-10,-1.7703934290791423e-09,1.2552929941205568e-09
9,16,0.1386337178561189,0.0009585011331053238,0.0008138190496829357,-1.2593971306356505e-09,3.6505952705212508e-09,1.1390017472992628e-09
9,17,0.1417115703176107,0.0006470522664661268,0.0005576966756446835,-8.6470459221763e-10,9.184372845583155e-10,-1.8489778603862379e-09
9,18,0.14449303266341137,0.00035376482031089653,0.0002839687268664535,4.3088591787469877e-10,5.058499730203891e-10,-5.799612289844385e-10
10,-23,-0.22116491383793127,0.0003337411014498324,-0.00011674315173807758,1.7407077981725777e-09,4.034412109943375e-10,1.571393152630259e-09
10,-22,-0.21844752534634698,0.0005828017115936537,-0.0002004054509175428,1.89681938623891e-09,-3.4036630597311657e-09,7.712162884916299e-10
10,-21,-0.21548344067547634,0.0007646699051600076,-0.00024338643655890727,8.778321958224922e-10,-1.9861953054478576e-09,-1.2658795217467694e-09
10,-20,-0.21224639086396335,0.0008892654669379402,-0.0002444639397383004,6.001150574738712e-11,-6.875128244487883e-11,-2.478798149590188e-09
10,-19,-0.20870464134415104,0.0009583958640992079,-0.0002000838091462548,-1.6372186221764312e-09,2.078598626553685e-09,2.001213071283961e-09
10,-18,-0.2048206961795105,0.0009697572926893507,-0.00010434798695730218,-5.316666898402822e-11,-4.6131062858556504e-10,2.480526993485217e-09
10,-17,-0.20055088343445704,0.000918965692588048,4.997261062981759e-05,3.970538719859362e-11,-1.3714763491545767e-09,-9.637609810279587e-10
10,-16,-0.19584476553643454,0.0007999089487627477,0.00027037283863775256,1.861179598026258e-09,-2.597665124670634e-09,-1.0969124410327956e-09
10,-15,-0.19064445650758716,0.000604476436554848,0.000563767372665145,1.7038340172342153e-09,-6.385673101405587e-10,1.085053745298963e-09
10,-14,-0.1848839103427869,0.00032234841601345526,0.0009354420186923962,8.668890744134572e-10,-1.0798542476875284e-09,7.427429708328336e-10
10,-13,-0.17848839250374054,-5.888792810763102e-05,0.0013874720161427881,-8.833212525143075e-11,3.0391056476952727e-09,-2.8376028359986764e-09
10,-12,-0.1713743933980618,-0.0005530991067536972,0.001916410804728484,-4.227552596186568e-10,1.662397011714667e-09,1.1531396776310546e-09
10,-11,-0.1634502185946525,-0.0011739547544695344,0.0025100971832786286,1.1082077870389756e-09,-6.984841038892853e-10,-6.384724818341101e-10
10,-10,-0.1546178645278101,-0.0019314724466437253,0.003143561481857024,1.8338559340785182e-09,-9.994764738063822e-11,1.1188421661313588e-09
10,-9,-0.14477684834054871,-0.0028256440879623054,0.0037743517422107365,1.246196608579997e-09,6.409485026059869e-10,-1.708754151900655e-10
10,-8,-0.1338310254392786,-0.0038356378739666567,0.0043383445899233125,-5.826109174093819e-10,1.3652099589700484e-09,-1.4414690627110108e-10
10,-7,-0.12169974433999427,-0.004903314475734805,0.004748794304259454,-9.151500130616386e-11,-3.763832023828684e-10,1.652130982964916e-09
10,-6,-0.10833468118146931,-0.0059127978631724094,0.004904248399573691,-1.632242114905924e-09,-6.219896819814608e-11,1.4409375310780667e-09
10,-5,-0.09374250755089909,-0.0066758474272762625,0.004713205375488435,-3.9829790550796607e-10,9.248946192252916e-10,-2.0614713622116657e-09
10,-4,-0.07801027806609007,-0.0069435828520504365,0.00413733997733397,-4.4329998526160264e-10,-1.0194480537517592e-09,-2.13933147358205e-09
10,-3,-0.061327495950772616,-0.006468541024251859,0.0032396517226074943,-2.2637459734433513e-10,9.539831286042855e-10,2.6861581956281544e-09
10,-2,-0.043998308859479314,-0.0051281004149733,0.002207557324436954,4.770240475413315e-10,1.1464565824459427e-09,-2.1245982992118724e-09
10,-1,-0.026436524554342783,-0.0030721891225416404,0.00130960503151725,-1.7741835183068475e-09,-8.326811462566752e-13,7.443682428255605e-10
10,0,-0.00912867422929442,-0.0007586671877632596,0.0007648085000016063,-2.3110506143877475e-10,1.2143553246302119e-09,-1.211120104649844e-09
10,1,0.007461606400618316,0.0012718876967653646,0.0006096010702438639,1.5335904037568765e-09,5.565562039011596e-10,-5.21206481945112e-10
10,2,0.023004947393288525,0.002733281486707428,0.0007184083149047068,8.957552218415502e-11,5.363433724925315e-10,4.438228085826973e-10
10,3,0.03732044933851621,0.0036421092162918097,0.0009425776696876468,-2.2549872689611727e-10,-2.6811078357447116e-10,-5.989548161914812e-10
10,4,0.050336434041237485,0.004113161436017078,0.0011823059771892963,-6.205340408182991e-10,4.36530574188243e-09,3.824983016071141e-09
10,5,0.06206294564278172,0.004267333276241862,0.0013847484999322823,-9.021260924694727e-10,3.3565241558397574e-09,-4.666389264470876e-10
10,6,0.07256574179960676,0.004203476347711016,0.0015277680931757845,-1.6844803360331617e-09,-2.2810597716249603e-09,1.9666367951596273e-10
10,7,0.08194260708230466,0.003995192808967453,0.0016064536467265212,-6.880293843339325e-10,7.980258259765449e-10,2.7584351927189416e-09
10,8,0.09030487507936787,0.003695203961362853,0.0016245508693174821,2.617718054039736e-10,1.3293177669737588e-09,1.5590111770245733e-09
10,9,0.0977651041484595,0.0033406291950557505,0.001589597964763549,-1.3298677846874246e-09,-3.54333506979998e-10,4.2741121481903316e-10
10,10,0.10442985927560304,0.0029573692372290403,0.0015102983800354668,-1.5561822362415018e-09,1.6817340436903194e-09,-2.464159972533249e-10
10,11,0.11039618224604851,0.002563298909424343,0.0013952563833845076,-1.9439420598406365e-09,1.0127573640827947e-09,-2.04546313350637e-09
10,12,0.11575039780670991,0.0021706530698781708,0.0012524641595865387,-2.84100426842758e-09,-1.0161087249382916e-09,1.9940170900293783e-09
10,13,0.12056824481150523,0.0017879187997550566,0.0010891591613575449,3.894680415846008e-10,-2.2052226156255017e-09,-2.8707180612484056e-09
10,14,0.12491568962548295,0.0014213910196714283,0.0009117933389823036,-2.7872522909491715e-10,1.7844618838136483e-10,3.5700390562138783e-09
10,15,0.12885012546616062,0.0010763473837362091,0.0007260530313322076,-1.1491372480312845e-10,2.813922581057504e-09,1.0929760880395599e-09
10,16,0.13242178574389352,0.000757847653125273,0.0005373081623383459,-9.074732137612229e-10,-1.92042666491421e-09,-1.2074457793303367e-09
10,17,0.1356764032028673,0.00047060376758785764,0.000352231454041412,-1.1733932918193968e-09,1.3627813738592565e-09,-1.3389898842068636e-10
10,18,0.13866581674068792,0.0002061472288828101,0.00018268386093038736,7.278256697416247e-10,2.742691629364913e-10,-1.3308202055823965e-09
11,-23,-0.2144528457208716,0.0003222909474116798,-6.958914504542546e-05,1.3212615918890835e-10,-3.003240850452116e-10,2.7917378836190415e-10
11,-22,-0.21148382615705152,0.000558973849724157,-9.657146797260847e-05,2.148625584744157e-09,9.586629545754732e-10,8.08828005351874e-11
11,-21,-0.20825687717085378,0.0007319877469460176,-8.117676600870499e-05,1.8089319115972141e-09,1.2847149732930774e-10,-9.569114547446143e-10
11,-20,-0.20474605253843198,0.0008478632845420114,-2.5603776114315985e-05,1.433170567898684e-10,1.5317682816595735e-09,2.5024446592334087e-10
11,-19,-0.20091965716725102,0.0009046207891977235,7.2961317409606e-05,5.423390655838467e-10,2.9138527979366557e-09,-8.843035712328626e-10
11,-18,-0.19674079872648914,0.0008982056119651398,0.00021992466578261025,9.69490452978547e-10,4.595838015708509e-10,8.46446650075959e-10
11,-17,-0.1921673983073749,0.0008238843636891165,0.0004205918983703333,6.917856855935545e-10,-1.8152336717092155e-09,1.4899847083338336e-09
11,-16,-0.18715191974960893,0.0006757407852216675,0.0006791654226497765,7.509561477433285e-10,-1.694648241179486e-09,6.674094480199622e-10
11,-15,-0.1816410595885803,0.0004464279001013373,0.0009980848712662297,1.1899999028709696e-09,-3.7188562507228795e-09,1.3415643864773041e-09
11,-14,-0.17557557284790853,0.0001273786802527506,0.0013769053684443947,-8.046863134592713e-10,-7.306239085957955e-10,3.4464852115886208e-09
11,-13,-0.1688904399902847,-0.0002905146433972211,0.0018107675763605277,1.30829389661212e-09,1.5408181675002908e-10,1.7061115827537521e-09
11,-12,-0.1615155885329431,-0.0008155074125060694,0.00228836998911767,5.186417471707283e-10,1.2452441855437257e-10,-1.0064485621725508e-09
11,-11,-0.153377460820344,-0.0014524927804466109,0.0027895023459457912,6.20837230149579e-10,-1.175133823583252e-09,-2.3688116646165824e-09
11,-10,-0.14440190414791956,-0.0021987633958896477,0.0032824482126058282,1.772986919171965e-09,-4.750460719238347e-10,2.4529075175108023e-09
11,-9,-0.13451887994344694,-0.0030374130192022918,0.0037219623877025204,4.1098430735020397e-10,-1.5587090923530056e-09,1.3147140883558103e-09
11,-8,-0.12366963528199923,-0.003928010988564823,0.00404925087246458,2.6261399283487863e-10,-7.605139712429931e-10,-4.598924244355283e-11
11,-7,-0.11181694221532142,-0.004795487739999899,0.0041966200665272905,8.009152260672614e-11,-6.944814445741798e-10,1.7111587124194524e-09
11,-6,-0.09895846912608072,-0.005521615432870515,0.004100130928614518,-9.424569501551017e-10,1.2242024477471247e-09,6.218209409024084e-10
11,-5,-0.08514211115488296,-0.0059479122932836435,0.0037217868324457407,-6.360752593040364e-10,8.903103393409495e-10,1.6586845237695665e-09
11,-4,-0.07048056309600904,-0.005901609712579415,0.00307684197200193,1.539722108492847e-10,1.6121843859906448e-09,-2.0534600067979684e-09
11,-3,-0.055161306700788754,-0.00525260349659355,0.0022540479677908686,7.93350946135668e-10,-3.0208394119490833e-10,1.6058501400102645e-09
11,-2,-0.039447676708016466,-0.003993827619087168,0.0014103782280648124,-1.4032606565454742e-11,5.620542503637083e-10,6.19006389955502e-10
11,-1,-0.02366507419351179,-0.0023030292597223485,0.0007232877393236493,2.2896308384413172e-10,-1.2351335232363425e-09,1.5451818125792466e-09
11,0,-0.008164214490625949,-0.0005098589237865305,0.00031029786011241745,5.721558670910513e-10,-2.165748802518408e-09,9.834288501272583e-10
11,1,0.006738593395071083,0.0010584178582333382,0.00017542220702647618,-6.947565462522712e-10,-2.0828051228161115e-09,7.705666236383982e-10
11,2,0.020810706782315613,0.002231337555034074,0.00023708543860411938,-1.2256758756263968e-09,1.553412065646853e-09,-6.049340564335138e-10
11,3,0.03390931869451749,0.003001029833324777,0.0003987804328082328,2.264814155444536e-10,-2.1435742070252672e-10,-1.067264054503735e-09
11,4,0.04596579662934306,0.0034311140308554027,0.000588426272396399,2.0559719649416303e-10,3.7891473292361866e-10,9.190158240261672e-10
11,5,0.05697019119741034,0.0036005904998133668,0.0007625522519377747,-4.566360047248211e-10,2.8103284976932486e-10,-2.8493376694270055e-10
11,6,0.0669554907383374,0.0035806492374545777,0.0008991270488153325,5.376492698315818e-10,5.39291833412392e-10,2.3061272058576515e-09
11,7,0.07598256533877654,0.0034283033340358343,0.000989692819963629,2.6172922661625575e-11,-2.0018359192519597e-10,2.218825123139693e-09
11,8,0.08412744800483458,0.003186852380247671,0.0010335945128972215,-1.2462589406639357e-09,8.024696185326974e-10,9.945030928192869e-11
11,9,0.09147189067388084,0.0028883181181493713,0.001034251669941027,-7.713982911640438e-10,-1.862424978127386e-09,-1.9469182111077994e-09
11,10,0.09809708124848031,0.0025560123608317927,0.0009969640936650962,2.8557811779413023e-10,-5.298765870520583e-10,6.593657763647039e-10
11,11,0.10407990089431446,0.0022065466584889923,0.0009277195133344313,-1.5227091469238035e-09,9.57192269890328e-10,-9.818182774426541e-10
11,12,0.10949104914515777,0.0018515617487344228,0.0008327046427474628,-3.1607498107537324e-10,1.2676128341437831e-09,-8.051712375650786e-10
11,13,0.11439439452382331,0.0014994506833216224,0.000718116261200083,5.589227843570688e-10,3.995809599866007e-09,-1.0332477973702171e-09
11,14,0.1188471120522693,0.001156974488976407,0.0005899492333388645,-3.8005486453253357e-10,2.7744691266651245e-09,-1.589087906122839e-09
11,15,0.12290043333494173,0.0008304664117658347,0.0004537081602008997,-8.587571170663721e-11,-3.36686234447825e-11,-4.816973507286329e-10
11,16,0.1266010883611062,0.0005260007779590882,0.0003137261452079046,-1.735423369678829e-10,1.3745285742938762e-09,2.16008974640217e-10
11,17,0.12999435546843913,0.0002447840782775684,0.00016919242364748903,1.1051110059608765e-09,1.67621871938195e-09,1.5795270961408564e-10
12,-23,-0.20785991064197654,0.0002901031771595016,-2.537597724147724e-05,2.434069550300358e-09,-2.9423055936117493e-09,-2.0404447405243838e-10
12,-22,-0.2046548269636225,0.0005068641369638559,-7.311763567689858e-07,1.5193056845160674e-09,-1.4122975983132946e-09,2.190111810945083e-09
12,-21,-0.20118723522529897,0.0006701800953511208,6.234448639979476e-05,1.1682764785962696e-09,3.3677004240839636e-10,-1.682713704622774e-09
12,-20,-0.19743039262832848,0.0007764289914741038,0.00015998184927015457,1.2909801504722151e-10,9.841450293590626e-10,-2.75454726695744e-10
12,-19,-0.19335253119436255,0.0008190693432881316,0.0002970358428108707,7.55354338105585e-11,-5.992705914836804e-10,2.396616892192272e-09
12,-18,-0.18891790538970038,0.0007940475256685564,0.00047791700112862943,-8.981104260893241e-10,8.723342881378215e-11,-7.993625247064927e-10
12,-17,-0.18408694880309864,0.0006973197681351142,0.0007049714887154648,6.721967297021458e-10,-1.8335147289327836e-09,1.5921649860751704e-10
12,-16,-0.17881613250968104,0.0005238681937543184,0.0009789088097885241,8.555832422749154e-10,1.7505322885691399e-09,-4.4023063665331926e-10
12,-15,-0.17305789126559296,0.00026800767352786896,0.0012979401717074358,2.4804989746246564e-10,-7.330184098597314e-10,1.9941479769688486e-09
12,-14,-0.16676084947593106,-7.608742021191686e-05,0.0016568314826315767,6.273522174839175e-10,-8.277801638589821e-10,2.881642375483469e-10
12,-13,-0.15987048897251607,-0.0005132330644810303,0.0020456313350496196,-1.8307184262468523e-10,-3.0403090600650273e-09,1.0942850258880777e-09
12,-12,-0.15233041982803663,-0.001045363835491921,0.002448153873649768,1.136646867990268e-09,-5.342747355641109e-10,5.603376983736403e-10
12,-11,-0.1440845202841907,-0.0016686911694847111,0.002840479378697928,1.2979812199012675e-09,2.5416770632613606e-09,-2.174663405637143e-09
12,-10,-0.13508022583390245,-0.0023695510427447245,0.0031899464802590456,1.0094083730764064e-09,-6.449832057331406e-10,1.3750551640248979e-09
12,-9,-0.1252733204477352,-0.003118847879994832,0.0034554015179455114,-2.9988036945143015e-10,-5.876857611664121e-10,1.9204250454143198e-09
12,-8,-0.11463445799800405,-0.003865696965069394,0.0035899909365024706,1.6310750248268308e-09,2.328787024330481e-10,-1.8284643815854283e-10
12,-7,-0.1031574808273186,-0.004532275737766582,0.0035481489232392226,6.68465528807019e-10,1.1349348127964731e-09,-3.114395979606985e-10
12,-6,-0.09086898949306978,-0.005014035281999557,0.0032975824905051303,-7.213602996186674e-10,5.640126699013592e-10,-5.787833584527512e-10
12,-5,-0.07783794413766126,-0.005190985198242902,0.0028349539419316163,1.7230542394362086e-09,1.5039103018477107e-09,2.7089695434773242e-09
12,-4,-0.064183259639208,-0.004954937548055157,0.0022001558133524653,6.980469752573826e-10,5.570074401717307e-10,-3.919458014641961e-10
12,-3,-0.05007680640834659,-0.004252245887676795,0.0014806810802885653,1.1349621095377294e-09,-3.73801971320642e-09,8.582334278472124e-10
12,-2,-0.035738829125489875,-0.0031286798454107,0.0007964191055820686,2.360799166833266e-10,-6.651205836094576e-10,2.217770209882522e-09
12,-1,-0.021422328820912308,-0.00174549519989736,0.0002616068936387839,-2.4748196845785983e-10,-4.287018615101168e-09,9.688987020464376e-10
12,0,-0.007384521778248874,-0.00033400568725287745,-6.0373717034880255e-05,2.096466130172914e-10,-2.8360725989884372e-09,5.859387563903265e-10
12,1,0.0061481187280488375,0.0008992753308127386,-0.00017644744008066642,3.55091593200749e-11,-2.3371124618920547e-09,-4.815338824296772e-10
12,2,0.01900372475259328,0.0018451739905524138,-0.00014179067809147057,2.36389531647202e-10,-1.7580637778902286e-09,1.4314124843924341e-09
12,3,0.031068833907460573,0.0024893099242834994,-2.167683859864887e-05,-3.302147095801851e-10,-1.864116222494161e-10,2.9148502452193024e-09
12,4,0.04228163567692341,0.002867493791637709,0.00013128596222045032,-1.184450100933515e-10,-1.4418131133453471e-09,5.893748353670136e-10
12,5,0.05262308481654252,0.003031892017311917,0.00028211298792548133,4.4363955337047706e-10,-1.3754599403892342e-09,5.869601620066625e-10
12,6,0.0621071759809454,0.00303383229936466,0.0004106412865051977,6.066905535893549e-10,1.573831134860093e-09,-8.214054431613825e-10
12,7,0.07077111910580844,0.002917165046524009,0.0005070881886093797,-1.469557830893059e-09,2.412369054516361e-10,1.597622880058938e-09
12,8,0.07866660351506016,0.0027169868634092727,0.0005682749066730583,-1.1314285682396258e-09,-2.2002447502833533e-09,7.550178829308831e-11
12,9,0.08585277095970904,0.002460420087608577,0.0005949004178133389,-1.324931917651151e-12,5.641653672006086e-10,7.400360097872707e-10
12,10,0.09239109353588376,0.0021679718239921747,0.0005897358569925647,-2.2381464281732988e-10,1.2237204860543471e-09,1.4605176071910524e-10
12,11,0.0983419499478775,0.0018544462841028962,0.0005566158331999164,-5.4132984770097203e-11,-1.7512173655642727e-09,2.5289960420773355e-09
12,12,0.10376259931758969,0.0015301276677311976,0.0005001376845399434,2.6616251271125574e-10,9.868531131163039e-10,-2.2511174966674953e-09
12,13,0.10870619169196723,0.0012026444295557142,0.000425464607601978,-2.0675526471013866e-10,-2.785418562467612e-10,-8.945555620276516e-10
12,14,0.11322152223139019,0.0008789460088799202,0.00033773110836384613,-1.4346347869441736e-09,4.515304796726127e-12,-3.9387880368439926e-10
12,15,0.11735337284206715,0.0005663815354608691,0.00024069404027382766,-1.1397897370932566e-09,-6.686898534891128e-10,-1.7553333937358491e-09
12,16,0.12114385306439598,0.00027012487255876255,0.0001323666693888519,-8.425837306515194e-11,-4.409182602360673e-10,-2.97550536487235e-09
13,-23,-0.20139910329119282,0.00023220218779375078,1.3717582090379482e-05,1.1295858812123555e-09,-1.3655862413086695e-09,7.733266427532382e-10
13,-22,-0.1979755698545738,0.00043036937711392266,8.139955908406336e-05,1.6357879360946737e-09,-1.5616991172473504e-09,-1.0121904505419436e-09
13,-21,-0.19429328342836025,0.0005877395086425839,0.00017465085258207527,1.688414947784156e-09,-1.9091472708288038e-09,-3.490140847159438e-10
13,-20,-0.1903208409767905,0.0006831660880002982,0.0002995951117895688,5.81059238918824e-10,-4.0827446978752846e-10,-1.1971534696927195e-09
13,-19,-0.18602614918150542,0.0007110120605366989,0.0004619312229843063,6.676114964673796e-10,6.602081104034596e-10,-1.838390194625571e-09
13,-18,-0.1813753285868497,0.0006690184194113945,0.0006616362818305192,-6.827965890170845e-10,-8.072369855893768e-10,-2.356730799282867e-10
13,-17,-0.17633225286906193,0.0005537255714099978,0.0008983549153638746,-1.2919839482115891e-09,-1.698383614301413e-09,1.6275876810173786e-09
13,-16,-0.1708582398722755,0.0003616476806547844,0.001169500842207147,1.551459414715281e-09,-6.864788737459548e-10,7.903818669430934e-11
13,-15,-0.16491213763087423,8.925436446754417e-05,0.0014698498823765768,1.805642983656458e-09,1.875521127292501e-10,1.0574184640556707e-09
13,-14,-0.15845085174368473,-0.0002660852549593356,0.0017908196827941007,-3.4117445999425067e-10,-1.2565211371384777e-10,3.163170419633087e-10
13,-13,-0.15143034004429431,-0.0007046413100948423,0.002119461777784642,6.573781590694244e-10,-3.2664335541943146e-09,4.5788640643028376e-10
13,-12,-0.1438071918576304,-0.0012223336848838525,0.002437551773664502,5.572299681139842e-10,9.022640412581495e-10,1.9117553616418903e-09
13,-11,-0.1355409788905575,-0.0018080555016241442,0.0027210397484705596,8.331967110610655e-10,-7.492137465980875e-10,-1.0695556735602517e-09
13,-10,-0.1265975283664843,-0.0024402423805752376,0.002940330506351777,1.0272989468644578e-10,-1.6636143851389562e-09,-5.351315529345283e-10
13,-9,-0.11695325837364147,-0.0030830313386172384,0.0030620285733462126,-1.1999400516184838e-09,1.6650222450786956e-09,2.586577465749215e-10
13,-8,-0.10660057118854693,-0.003683100253978726,0.00305298147771804,1.7863641685669784e-10,-2.7531098234501172e-09,1.1160121343359699e-09
13,-7,-0.09555406925887994,-0.0041691040419749754,0.0028871167971277773,-2.574596597113704e-10,1.764251383873372e-10,3.135519190521226e-09
13,-6,-0.08385695210440808,-0.004456739292081737,0.0025546483274338436,8.53414409019565e-10,1.0367116332066217e-09,6.543064779627973e-10
13,-5,-0.07158654928150492,-0.004462239112516982,0.0020715280850811197,-9.177598700536166e-10,6.133910324113145e-10,3.4034621221369654e-09
13,-4,-0.058857556691526994,-0.004125230593834228,0.0014851144038168136,-5.435209506857858e-10,-2.2179690584156475e-09,-7.947677038583627e-10
13,-3,-0.04582121222985695,-0.0034368717939569906,0.0008708860247091173,-1.5324327234684382e-10,-1.8046894117995649e-09,-1.275592770286541e-09
13,-2,-0.03265860937827755,-0.0024610144654282993,0.0003163143980505333,-2.7477030427412036e-10,-3.0240874249187755e-09,4.822104149359088e-10
13,-1,-0.019566804835948536,-0.0013301853526151832,-0.00010560247561300738,-2.913368853346525e-10,-1.316773592940912e-09,-8.553819607921148e-10
13,0,-0.006738782437919254,-0.00020654347262332045,-0.00036045723607252975,1.3269232038425364e-09,-9.038778475689568e-10,-7.897079422954523e-10
13,1,0.005657019015005149,0.0007742965714273461,-0.0004580876588588445,-9.07497639860387e-11,5.842389350085853e-10,-2.5564663328424796e-09
13,2,0.01748944686043362,0.0015388025546261093,-0.0004371480837167382,-6.632368602889002e-10,-3.4031685941515732e-09,6.354004296457369e-10
13,3,0.02866731854705889,0.00207226871863221,-0.0003433552864858632,-1.1533122488711217e-09,-6.79198253195068e-10,6.366682285676795e-10
13,4,0.039136348913865485,0.0023951713713992835,-0.0002156969238828571,-7.77193832944903e-10,5.660286267472614e-10,4.0473190565052525e-10
13,5,0.048873964931712394,0.00254248905842007,-8.213724060780628e-05,-4.905793932977881e-10,2.161153186963638e-09,1.141268921991197e-09
13,6,0.05788308003687697,0.002551444017146256,3.959503575976236e-05,-1.4000539745552196e-09,2.010844490918373e-09,1.5224918797744364e-09
13,7,0.06618565159533936,0.002455715058961623,0.00013960204552389795,-9.872375027935101e-10,-4.33256516774172e-09,3.1266120751195347e-10
13,8,0.0738165556442973,0.00228351877867978,0.0002134024848499327,-1.1426329856248363e-09,-1.8054363559727449e-09,2.8026745874998923e-10
13,9,0.08081842617991905,0.002057600813557988,0.0002599710435365477,-1.2833851209407068e-09,1.4635557488151818e-09,8.402564341945698e-10
13,10,0.08723758911766527,0.0017959053028150124,0.00028019337458097955,4.566770400423262e-10,2.438203847154874e-09,-1.3831362833015217e-09
13,11,0.0931211131393784,0.0015110571140473557,0.0002760701470883307,8.61909523353771e-10,3.2203901489946674e-09,-9.388022022064604e-10
13,12,0.09851487457672373,0.001211219364581609,0.00025091596578156534,-5.029174948668544e-10,1.2440003333002991e-09,1.9667956778729283e-09
13,13,0.10346250058014005,0.0009028606621809477,0.00020924936083974323,-2.1982253191115894e-09,1.273844169036309e-09,-9.429213513776572e-10
13,14,0.10800495709949746,0.0005932316412360914,0.00015536811849887854,-1.3884921661868818e-09,3.849358748420073e-10,-3.848403511450566e-09
13,15,0.11218108344262734,0.0002887887982716642,8.887894512794838e-05,-1.5992670480014654e-10,2.886799882473312e-09,-6.159438957953258e-10
14,-23,-0.19506767021967658,0.00013774526000326847,4.261288954461811e-05,9.8442937287134e-10,1.1327611210143473e-09,2.8153684752592288e-09
14,-22,-0.19145756965822183,0.0003393918524305465,0.00012912386005822416,8.774841842723591e-10,-1.9198764383832057e-09,-2.689146848776358e-09
14,-21,-0.18759120509645624,0.0004908215882549633,0.00023871326151567757,1.7286467691307594e-09,-2.042753327602398e-10,-9.290161879596547e-10
14,-20,-0.18343543741955676,0.0005737685783615635,0.00038617185365831357,2.0848429204810975e-09,2.2062457694094206e-09,-2.008725491470893e-09
14,-19,-0.1789584735023084,0.0005895923417522675,0.0005632759767967618,2.1768132110223937e-10,1.9161264241951415e-10,-1.775061273660871e-09
14,-18,-0.17412995599586262,0.0005342610514037349,0.0007701660930977706,-9.347561366439272e-10,5.6414160010120895e-09,-1.2320196770464415e-10
14,-17,-0.16891814413739192,0.00040634572764271405,0.0010038725515568528,-8.665498568271451e-10,5.089255128432058e-10,1.0329884576030807e-09
14,-16,-0.16328971273080162,0.00020406928094425774,0.0012591480265091146,4.4426359574641083e-10,-2.180751454416985e-09,-2.077868129327662e-09
14,-15,-0.15721014952850387,-7.386541902221639e-05,0.0015286263079732447,8.344542613315797e-10,-2.0532598815625747e-09,-1.3291609718239783e-10
14,-14,-0.15064451191226996,-0.00042684553212688755,0.0018019221719207986,4.77751790602457e-10,1.4815804694201518e-09,-9.700840294767218e-10
14,-13,-0.14355860440408946,-0.0008509244962622318,0.0020650289255813525,-1.738011982596599e-10,1.1118778536767238e-09,1.4079588600687462e-09
14,-12,-0.13592067592335896,-0.0013370008780690967,0.00229995314244075,1.183107681485343e-09,-1.6071875358347754e-09,-7.187221364390005e-10
14,-11,-0.12770373446634262,-0.0018686567952492152,0.002484944658996521,5.452262703820043e-10,-1.1378663983263593e-09,4.687004375515972e-10
14,-10,-0.11888851728326034,-0.0024197674914628645,0.002595616703295554,3.336323940641289e-10,5.048109985583693e-10,-1.5970108465773172e-09
14,-9,-0.10946712125424282,-0.0029524614826676354,0.0026073978762786577,9.742642500046306e-10,1.3258484587996833e-10,6.569078508152776e-10
14,-8,-0.0994471720417307,-0.003416505172928046,0.0024995929433686936,4.975945454288588e-10,-2.5102031009360815e-09,1.0258969251094718e-09
14,-7,-0.08885619341243613,-0.0037515848650054202,0.0022609614292483106,-7.1796012039195e-10,-9.933696643038559e-10,2.0878458838511455e-09
14,-6,-0.0777455966462072,-0.0038942144315267458,0.0018958810453519484,8.455432133538249e-11,-1.8221527897654965e-09,4.5583005599258986e-10
14,-5,-0.06619348013347962,-0.0037901924889305575,0.001429147788055847,5.233442191979534e-10,-1.3765256712261476e-09,1.6617788580608603e-09
14,-4,-0.054305274572670884,-0.0034114679202590964,0.0009066705910412127,-5.047542933752855e-10,-2.780973645810647e-10,8.624001791282445e-10
14,-3,-0.042211102790234246,-0.0027727285422948665,0.00038938761111759597,-9.42228012734865e-10,2.5888778898419673e-09,-3.3120033064438755e-09
14,-2,-0.03005896488404918,-0.0019388106451371158,-6.028119522571928e-05,-5.726204506222021e-10,-7.423726910982253e-10,3.544820024537279e-10
14,-1,-0.01800369775189585,-0.0010140507763133704,-0.0003955735247611936,8.291662308742686e-10,2.2570496166496312e-09,4.376839358609039e-11
14,0,-0.006193416299252304,-0.00011326714390988966,-0.000597793016112691,-3.73179303756431e-10,1.7805911745050196e-09,-1.2225534093651506e-09
14,1,0.00524280146022814,0.0006713497953051677,-0.000676762776111788,-1.7974563582608561e-09,-5.55809009927799e-11,-1.408321133675042e-09
14,2,0.016202332849790408,0.0012884966776239134,-0.0006603943780296367,-1.6650357481662326e-09,6.59869922592371e-10,-1.2101210077129342e-09
14,3,0.02661098860866175,0.0017251847671484772,-0.0005816917568268521,-1.916077436579962e-09,1.6327521834558212e-09,1.0183756701554478e-09
14,4,0.03642158444227445,0.00199333308411744,-0.00047005512040270385,-4.6218777725393415e-10,-2.0918286547377818e-10,-5.273565175447107e-10
14,5,0.04561081274619846,0.0021168384867610054,-0.0003478895714692272,-1.0408287025222979e-09,1.4649050028570088e-09,1.5988915201591361e-09
14,6,0.05417521777670033,0.002122938417689558,-0.00023047663953735249,-1.0830887904210093e-09,1.2579597363782113e-09,-3.77703148664592e-10
14,7,0.062126841387725215,0.002037544214366074,-0.0001272169551533677,-5.027135434277838e-10,1.1996792309565407e-09,-1.8042622103124888e-09
14,8,0.06948891430517935,0.00188319128550332,-4.311395514717348e-05,-7.060430810964732e-10,-1.3368883222675265e-09,2.184100249494488e-09
14,9,0.07629204217383187,0.0016789085853416287,1.9854339099766645e-05,-2.9710654032497064e-10,1.8775461463338416e-09,9.409921574108087e-10
14,10,0.08257098958727771,0.0014409362803775843,6.112202853550393e-05,1.2820427965770653e-09,-4.332014191810174e-10,-8.316994001391687e-10
14,11,0.0883621435649045,0.0011791736334715286,8.097482195764812e-05,-1.457884880526339e-10,-2.7594578011491677e-09,-4.759287417359132e-10
14,12,0.09370171902738202,0.000898518120257788,8.20922421522506e-05,-1.1994679880410197e-11,-8.936048012664344e-10,3.5231009261885897e-10
14,13,0.09862496822020651,0.0006037786293474581,6.926076230996657e-05,-1.3107468977389958e-09,-2.4525514952244976e-10,1.0589108143867101e-09
14,14,0.10316630884239117,0.00030044567593726345,4.451106302120588e-05,-1.0008115571089743e-09,-7.94756427335841e-10,-1.5549866547116733e-10
15,-22,-0.18511398775065202,0.0002333954457274968,0.00010745370595366968,1.4392403172025503e-09,-2.9212305491244095e-09,-4.762820650770923e-10
15,-21,-0.18109919049579948,0.0003764686502602795,0.0002585546881508154,1.8501318367961095e-09,-1.6828943238955674e-09,2.4205288052709414e-09
15,-20,-0.17678941850524665,0.0004566496044906381,0.0004194016061902811,6.375335816991706e-10,-1.6304054772930954e-09,-2.123988948297148e-09
15,-19,-0.1721625354833416,0.00046334743030968336,0.000603407812067591,7.22728493805086e-10,3.8517661282710947e-11,9.775732517724274e-11
15,-18,-0.1671925418657876,0.0003998487724162134,0.0008091116953391594,-2.0064069850000976e-10,5.447547690717869e-10,1.6700175602482343e-10
15,-17,-0.16185227482410738,0.00026661380995058177,0.0010305253259382291,2.7352215891535137e-10,1.3376101198891988e-09,2.4213756616897533e-09
15,-16,-0.15611386824948004,6.301355301947252e-05,0.001261473499098337,-1.485071527557169e-11,1.5982577206141713e-09,-1.7041970419351187e-10
15,-15,-0.1499492858672164,-0.00020994173971687152,0.001493603755602683,7.926689777650042e-10,-3.7907849081975087e-10,1.898486424226867e-09
15,-14,-0.14333120149682602,-0.0005486886026239707,0.001716138370470696,4.4098238103675025e-10,-1.6076800168907113e-09,7.957082684469249e-10
15,-13,-0.136234249823175,-0.0009457352925230729,0.00191546779624268,5.74306482795453e-10,4.794732805235569e-10,-1.7276722422208523e-09
15,-12,-0.12863670692267293,-0.0013882881546293723,0.0020753556702938925,9.648731581508169e-10,3.805760151465165e-10,2.2578018882941312e-10
15,-11,-0.12052260598388258,-0.00185673712854355,0.0021776485900083624,5.007397851398976e-10,9.558815267096676e-10,-2.5832451572803394e-09
15,-10,-0.11188426954671228,-0.002323334509301078,0.0022038286129713075,1.1877806520461942e-09,2.575484547850948e-10,1.9540900478135816e-09
15,-9,-0.10272518565465585,-0.002751634523687248,0.0021375358942134957,4.051480130117663e-10,-2.167642287886906e-09,-4.71192020270279e-10
15,-8,-0.09306304469548123,-0.0030975782163490738,0.0019680374618928024,1.2474950733878942e-09,-2.341428148588953e-09,-2.0701770648404497e-09
15,-7,-0.08293265305951972,-0.003313129905275527,0.0016942664688302438,-4.4350957140778385e-10,-1.535047672307499e-09,1.8385111739494062e-09
15,-6,-0.07238818587353067,-0.0033531978076871776,0.001328466585045024,7.549054686483564e-11,-3.3302283847236325e-09,-1.0641201177055519e-10
15,-5,-0.06150426266896564,-0.0031856776131311895,0.000897939246168535,3.0991162793588684e-10,-2.8371317656317174e-09,3.6097762025875686e-10
15,-4,-0.05037515725667469,-0.002802795311201698,0.00044325124285116493,-1.224478826710243e-10,2.3499117096648092e-09,6.271028496899794e-10
15,-3,-0.039111533332757256,-0.0022297415440930388,1.186957884543561e-05,-1.3441228636839817e-10,-1.87636056692142e-09,-1.0735592313265924e-09
15,-2,-0.02783442616230174,-0.0015250879735001905,-0.000352060728678758,-4.944094083789152e-10,-8.328553957603901e-10,-2.903497132392824e-10
15,-1,-0.016666955972174963,-0.0007694937372952559,-0.0006183637734067361,-4.3273105443993737e-10,3.8068123653367536e-10,1.1557174025027175e-09
15,0,-0.005725172374900526,-4.540392551245936e-05,-0.0007769979398476089,-1.3677550272521476e-09,-1.6701721672340852e-09,1.8597644816297984e-09
15,1,0.0048896162376924025,0.0005826987523180674,-0.0008367923195983048,-1.911454211728778e-09,-9.027676384221195e-10,4.1986127378643157e-10
15,2,0.015095463220085538,0.0010781506065320637,-0.0008184489659859644,-2.3405132402488926e-09,1.0419876073086698e-09,-6.321003261420101e-10
15,3,0.024831281877885067,0.0014302293066009082,-0.0007464555195319761,-1.241729684787335e-09,-4.358688410199818e-10,2.4939547005786884e-09
15,4,0.034056180312311654,0.0016460625259288818,-0.0006434134404087098,6.995421113578128e-10,-9.204631917780759e-10,1.1002405338661264e-09
15,5,0.042747511304506235,0.0017423240304922387,-0.0005274045341548865,3.1184283291480625e-11,6.665876323141973e-10,-5.502133027619413e-10
15,6,0.050898269096753226,0.0017391475492296738,-0.00041149124573955554,-2.300088515917037e-11,1.1185435910832098e-10,9.407114538769325e-10
15,7,0.05851404568605494,0.0016565624504449453,-0.0003043129858395802,-1.832050424126902e-09,5.506714390035583e-10,9.454118864859898e-10
15,8,0.06560999909630949,0.0015122840411440667,-0.00021086667503800974,1.9176794223765836e-10,3.055642294746974e-09,5.594113851754021e-10
15,9,0.07220802395333663,0.0013222021693120374,-0.00013330509050719488,4.1494433475168513e-10,2.873853932605641e-11,-3.1107577061544e-09
15,10,0.07833416202275964,0.0011032351835781548,-7.347391943996835e-05,-3.576336525101115e-10,2.1382512566114897e-09,2.3648562826385515e-09
15,11,0.08401614360102731,0.0008608144909381997,-3.3141510705307966e-05,-2.8052043793327236e-10,6.254076423406474e-11,-1.1509705006361817e-09
15,12,0.08928171968432644,0.0005940397395185466,-9.037704579716496e-06,-1.215799581453722e-09,1.223312284803768e-10,-8.480645145114523e-10
15,13,0.09415936285577589,0.00030348936245657885,3.6639305911908665e-06,-2.604058492276795e-10,1.6481373071863814e-09,-4.1864238879457845e-10
16,-22,-0.1789845261359586,0.00012018691539795113,0.0001079239877890909,5.45389541905042e-10,9.644796489238772e-10,-1.8111689041708148e-09
16,-21,-0.17482967194203183,0.00026995036303387415,0.00024122050278960064,1.6185338722485981e-09,-3.0558906793931584e-10,1.045159970308946e-09
16,-20,-0.17039228341720875,0.0003396137555612645,0.00040431675749457666,1.0361407409148482e-09,2.531919257586779e-09,-1.7436988959730637e-09
16,-19,-0.16564626115897624,0.00033980743375464334,0.0005910555081251499,5.921641412897499e-10,1.9877635648590797e-09,-8.800021825605339e-10
16,-18,-0.16056819366414884,0.0002751034155322558,0.0007879161391543133,1.462205201753844e-09,-1.1157135354489256e-09,-6.120725694062543e-10
16,-17,-0.1551360173492792,0.00014373123403868985,0.0009907085808863903,-1.137188993145799e-10,1.495596119172049e-09,2.374839934283341e-10
16,-16,-0.14932723454176466,-5.2943811215704593e-05,0.0011926418734454793,-4.4173921161586027e-10,-9.622101726503018e-11,2.95505120731927e-09
16,-15,-0.14311982115385244,-0.0003119511586729484,0.0013856185014620198,3.413713237868793e-10,7.224580100828604e-10,1.1010524024980734e-09
16,-14,-0.13649325800843828,-0.0006271599695208065,0.0015592152090649575,1.2405295404197686e-09,-4.1008339779491365e-09,1.28855370476336e-09
16,-13,-0.12942977811814257,-0.0009884429228646362,0.0017012449574902303,1.5960068509845993e-10,-7.490203041138344e-10,1.2725974464624984e-10
16,-12,-0.12191595499571607,-0.0013806545162196985,0.0017980000495179695,8.046852598316001e-10,8.78716710506211e-10,7.499631335194197e-11
16,-11,-0.11394454770208962,-0.0017828771692756287,0.0018353310788297252,6.15409550576429e-11,-3.5299901890439855e-10,-7.261831327915304e-10
16,-10,-0.10551654486538317,-0.0021679428254705643,0.0018002637453912785,9.623403198454061e-10,1.0731672633879086e-09,-1.3206542215542304e-09
16,-9,-0.09664333375989534,-0.0025029260008552164,0.0016832449391204025,1.0577746384961978e-09,-1.2693500556215653e-09,-2.1819956711420768e-09
16,-8,-0.08734880125214356,-0.002751167586716445,0.0014808226814540682,4.937244185536371e-10,1.7245951750011201e-09,-4.4432941220541025e-10
16,-7,-0.07767113621110205,-0.00287623246142701,0.0011982830215704877,9.641654673004513e-11,2.3015152283978324e-10,-6.668345870400176e-10
16,-6,-0.0676639330430579,-0.002847907772717855,0.0008514675237808397,1.0309679713670777e-09,-5.75760952803428e-10,-2.999313843417132e-10
16,-5,-0.05739620537395942,-0.002649588285940591,0.0004667231752886106,5.333830044307319e-10,-1.4254346314412913e-10,-8.545438608508339e-10
16,-4,-0.04695089290209207,-0.0022852682072553626,7.814794271647438e-05,-3.227727308520445e-10,-2.1674645550584515e-09,-1.5678471335542842e-09
16,-3,-0.03642168177243763,-0.0017832515227168336,-0.0002779948403090258,-2.947454359031841e-10,-2.293032860811728e-09,2.325163073039517e-09
16,-2,-0.02590802146424369,-0.0011935677698582728,-0.0005705328966000845,2.9363972733377486e-12,3.681892013496224e-10,1.6205689974229916e-09
16,-1,-0.015509041037331002,-0.0005782120044929124,-0.0007798140483808347,-5.155922845785643e-11,1.3314281482879053e-09,-5.33159691512553e-10
16,0,-0.005317353840767751,2.7424022159186317e-06,-0.0009006314155949927,-1.8444008825378635e-09,2.4126196873641703e-10,2.360152805437328e-09
16,1,0.004585938833915095,0.0005031778920913515,-0.0009406001137401813,-1.335731136815736e-09,-1.1860795678941827e-09,9.257332220805265e-10
16,2,0.014134301437241153,0.0008965305701918268,-0.0009154437432243214,-1.3046020900403e-09,-3.3899608120613323e-10,1.3129529819719309e-09
16,3,0.023276875601147447,0.0011743845829465776,-0.0008438258083896162,5.77779660920763e-10,-1.6613881104188266e-09,1.0691888909875134e-09
16,4,0.03197818912718964,0.0013411878525418266,-0.0007434967540332618,8.524492093654225e-10,-1.6175850797717217e-09,1.2918705380487094e-09
16,5,0.040216934688604614,0.0014088486747828868,-0.0006292195384763447,-3.0422386430774967e-10,-1.101183561003083e-09,-6.342212813275792e-10
16,6,0.047984216619992796,0.0013923416665809804,-0.0005121465169307102,-5.259345855416868e-10,1.869444404833942e-09,-2.7393004917608977e-10
16,7,0.05528145750020718,0.0013073924567765338,-0.00040010294999126415,-3.8559842872962907e-10,1.2864171811122205e-09,6.317250147538683e-10
16,8,0.06211824932722916,0.0011670473277903652,-0.0002977472030343101,1.523565310262813e-09,-5.129662250524802e-10,6.3509736410324e-12
16,9,0.06851038274695233,0.0009839053491215108,-0.00020620014881457096,1.569743780598619e-09,1.218566914040764e-10,-1.0786188743319952e-09
16,10,0.07447780623420476,0.0007828327677115236,-0.00012901537335725273,-1.2412820261670926e-10,-2.660649103813917e-09,1.8975411994527646e-09
16,11,0.08004063072566017,0.0005576916786713382,-7.181458328471568e-05,-2.530678211475415e-10,8.355901665035859e-10,-8.719691147040663e-10
16,12,0.08521887481536881,0.00029522411044407816,-2.9063491500620534e-05,4.5881665231440466e-10,3.9660831563370635e-10,-2.5975840782407585e-10
17,-21,-0.16878666100664821,0.00015639340603011587,0.0001659464350176523,1.6256701720462202e-09,2.135332577424265e-09,3.646786890138822e-09
17,-20,-0.1642531624972724,0.00022239680725825178,0.00035474589077377896,2.6200366659220875e-10,-2.9927002542784464e-09,-2.2306801921630486e-09
17,-19,-0.159413530433312,0.0002282288516382219,0.0005348057145722663,3.283260776969221e-10,-1.2181528008525788e-10,-1.1893825994485066e-09
17,-18,-0.15425693483160668,0.00016756191991519826,0.0007175927919989834,9.857823530991933e-10,1.1579674996653466e-09,1.8510972084318216e-09
17,-17,-0.1487654201880714,4.448907656226859e-05,0.0008973671359575056,1.0264758175393407e-09,7.621663994372696e-10,2.569010710271654e-10
17,-16,-0.14292093626143457,-0.00013861462106364787,0.0010693871370750535,-2.9411569317169817e-10,3.504565110334923e-10,1.1936287027614827e-09
17,-15,-0.1367067624603212,-0.00037663107146148353,0.0012248618077098814,-7.475336300487301e-11,-1.7097740584448573e-09,1.2069846932897046e-09
17,-14,-0.13010822925388643,-0.0006618995277405684,0.0013547782860761786,-2.858628813263292e-10,2.280470187687733e-09,-1.6368859987890474e-09
17,-13,-0.12311384515170386,-0.0009823379088791354,0.0014487317491412091,-5.936684624799349e-10,3.713703511376565e-10,1.479338525159704e-09
17,-12,-0.11571682544647921,-0.0013216850107790213,0.0014958178150469336,9.367352503484444e-10,3.724865832444024e-10,-1.292268492369031e-09
17,-11,-0.1079166214347076,-0.0016591855931373158,0.0014856504107372606,6.761339470078009e-10,-2.854923714101787e-09,7.759081938895642e-10
17,-10,-0.09972045994672239,-0.001969706554925602,0.001409951501511476,2.9608022630855935e-10,-2.5870449671394624e-09,2.8043773288345957e-09
17,-9,-0.09114490479536067,-0.0022248520842110438,0.001264409596646524,4.303106173253121e-10,-2.659184678011073e-10,1.1759809209863255e-09
17,-8,-0.08221724916402849,-0.0023953676784231664,0.0010504849175332993,-7.413265625281704e-10,-1.5212393705832383e-09,-1.4647277867254282e-10
17,-7,-0.0729765057931425,-0.0024548489620432805,0.000776996383266632,8.722307558292272e-10,-3.1457077359631214e-09,-1.4695562274969593e-09
17,-6,-0.06347374962977642,-0.0023844336794337307,0.0004607424597715427,7.641288461354701e-10,-9.142357981772875e-10,1.6489607194611604e-09
17,-5,-0.053771538918597137,-0.0021777960569053555,0.00012550514898481736,2.8798179444421146e-10,9.532375305765228e-10,1.2557763279897683e-10
17,-4,-0.04394221477721353,-0.0018450548893010612,-0.00020086443274336754,-4.350802844626904e-10,-9.503182962777856e-11,5.725997094822768e-11
17,-3,-0.03406504857426147,-0.0014137549207707196,-0.0004909366902032921,-9.143964104776567e-10,1.5695090366252273e-09,1.61970390604501e-09
17,-2,-0.02422230524246575,-0.0009253914638041147,-0.0007226590915039595,-1.1845810049017358e-09,-9.434458075885388e-10,1.8492353597167983e-09
17,-1,-0.01449480012012709,-0.00042766974266317227,-0.0008831266501179951,-6.089478579859257e-10,5.40775535462501e-10,-1.8538532588517143e-09
17,0,-0.00495762868776538,3.503744391330535e-05,-0.0009698481601387763,-2.4865737331729526e-10,-9.648792320682276e-10,3.1955787052964646e-09
17,1,0.004323196555277839,0.0004292170294189264,-0.00098927288081546,-5.345453003236726e-10,-1.776925745433644e-09,4.793430371597199e-10
17,2,0.01329286185683652,0.0007356155424611461,-0.0009536181002720135,-1.2872744401459454e-10,1.598006449388123e-11,1.2767030768218385e-09
17,3,0.021908608659399444,0.0009480631583442525,-0.0008775394613193932,-4.702353905566836e-10,-2.591001996288256e-10,4.182712394485127e-11
17,4,0.03013958972110558,0.0010694282427515254,-0.0007753520283539583,5.589641057413171e-10,-1.6309864014907305e-09,1.3839970762109127e-09
17,5,0.03796610480398695,0.0011084741826181232,-0.0006592822484982909,1.4765883014997844e-10,1.7156914777771703e-11,-2.552801923503905e-09
17,6,0.045378365321656164,0.0010761327282501902,-0.0005388245211087725,5.352780919247804e-11,-1.095895582614581e-09,-4.2009868809556386e-11
17,7,0.05237505538436179,0.0009857956858445628,-0.0004211918084539129,1.1176891535772185e-10,8.741844470527838e-10,1.439648645237021e-09
17,8,0.05896180801584534,0.0008443211238913779,-0.0003107842623809661,1.2726652136654804e-09,-2.011729935413875e-09,-1.2716789074817278e-09
17,9,0.06515062630318402,0.0006576223073563606,-0.00020515373142279564,-8.97077514594273e-10,-9.789307697793959e-10,1.5930198076597813e-09
17,10,0.07096025288104126,0.00048183134548683787,-0.0001122803875628436,-1.0945462365239897e-09,-6.472900410114946e-10,-2.759725923232575e-09
17,11,0.07639995066960761,0.0002698264401277069,-4.7125262078760326e-05,-1.2019266259349903e-09,1.3485708522109618e-09,1.175768398407309e-09
18,-21,-0.16300264244315246,6.457834390126648e-05,0.00013951052712412037,1.038190843840811e-09,-1.3531451098502956e-09,9.713411975795228e-10
18,-20,-0.15837217452647848,0.00013211310252455647,0.0002798185325859699,2.01750873646267e-09,2.5808467862820095e-10,1.7901595336986377e-09
18,-19,-0.15346128616913846,0.0001355062944797596,0.0004452202100986305,1.2800179811488926e-09,4.40877626073366e-10,-9.086250569965439e-10
18,-18,-0.14825403749218796,8.324191598992293e-05,0.0006057573548824132,4.24437323395116e-11,-2.4442399493285194e-10,-5.786954709985468e-10
18,-17,-0.1427323597541488,-2.7987175140423545e-05,0.0007639943951719162,-5.058683487293297e-10,-3.426202932477196e-10,-1.4472001795385963e-09
18,-16,-0.1368820247555801,-0.00019149535055280051,0.0009074465058232354,1.4013703784638426e-09,1.3929860043226938e-09,-5.527984893569007e-10
18,-15,-0.1306914632443602,-0.00040379390968285904,0.0010299465236032943,1.7538573536188262e-09,-1.2167665486284562e-09,2.2961118938932866e-10
18,-14,-0.12415074716644836,-0.0006554518702285351,0.001123416651296721,-1.365151336158582e-10,4.799081410045147e-10,3.4486882688646156e-09
18,-13,-0.117253303652369,-0.0009331098739016753,0.0011799463998234492,2.494216283163708e-10,-1.7230533666534598e-10,1.1592815697339257e-09
18,-12,-0.10999753172949034,-0.0012202431274517497,0.001191014585147301,-5.861712233223154e-10,-1.2106581015469686e-10,8.836918923903843e-10
18,-11,-0.10238788200978875,-0.001497463654541215,0.0011492184590986868,-8.25089292787011e-10,1.3439638568701895e-09,-8.991283546591286e-10
18,-10,-0.09443589488318266,-0.0017425381717748809,0.001050226534194381,4.1008612846650527e-10,4.0910913545744165e-10,8.937054193785025e-10
18,-9,-0.08616127802580846,-0.0019317266470074348,0.0008934946792591748,4.6007398812972916e-10,-6.648297884437326e-10,8.857505507624665e-10
18,-8,-0.07759277661437076,-0.002042533026069916,0.0006835226382926236,4.2787605468268264e-10,-2.9798580825080023e-09,-1.2389191342482894e-10
18,-7,-0.06876861113879344,-0.0020567888035375875,0.0004307324871313466,1.0340204459812971e-09,-1.1782669007143198e-09,4.033939707268129e-10
18,-6,-0.05973633301425436,-0.0019639297063446842,0.00015141144265605223,-5.973781014127766e-10,-1.6567700961145349e-09,1.2544475495430377e-09
18,-5,-0.050551968455995806,-0.0017640322965828245,-0.0001337413157342551,1.2345083028747483e-10,-1.570592725319564e-09,-1.2838699798859636e-09
18,-4,-0.04127834909129716,-0.001469757110821214,-0.0004023410673375865,1.6577601606986708e-10,-1.791828879715851e-09,-6.978541578427869e-10
18,-3,-0.03198268338053722,-0.0011060434801993002,-0.0006337699957300043,-1.3203365458792395e-09,9.1548803260455e-10,9.458553021623453e-10
18,-2,-0.022733548097581505,-0.0007068141489088466,-0.0008124114672259925,1.069128102238262e-09,3.8947997604843465e-11,-6.283292665191283e-10
18,-1,-0.013597619754079027,-0.0003090135370199221,-0.0009297312474733474,7.14094876167002e-11,1.120429124479294e-09,5.194602691787134e-10
18,0,-0.004636650679257905,5.422353529663068e-05,-0.000984746574084687,5.328503618429268e-10,2.101321783243293e-09,1.0224363941889513e-09
18,1,0.004094854618431948,0.0003582794155891084,-0.000982873836950692,-5.798557403753255e-10,-4.404369924326801e-11,-8.714643397916052e-10
18,2,0.01255118615989951,0.0005895606143063195,-0.0009338217836947944,-5.234324398342618e-10,3.443470508734947e-10,-2.596159304584498e-09
18,3,0.020696074242709115,0.0007442381717327547,-0.0008496112388052311,9.930192966197716e-11,4.703829548091676e-10,-1.5971709438545494e-09
18,4,0.02850258478076801,0.0008237636663191771,-0.0007421915659102579,9.003773594751241e-10,1.962424070467428e-09,-2.5458971969236446e-09
18,5,0.035952736686243915,0.0008351734742673691,-0.0006217534628083908,-3.8150244427307203e-10,9.231008735177682e-10,1.988010670986957e-09
18,6,0.043036407140609405,0.0007850817430401835,-0.0004961217958748839,5.689740772171596e-10,7.772955751272903e-10,-2.399455587223805e-09
18,7,0.04975040034588867,0.000689465550728698,-0.0003724552687627201,-1.823772397208448e-10,-8.027052911252497e-10,-1.1955731425488877e-09
18,8,0.056096331048693625,0.0005427539223563136,-0.00025621176312360554,-8.610055461568539e-10,-1.8563775516788894e-10,5.7123219078091675e-11
18,9,0.062083411571311274,0.00033074091568908824,-0.00013689664828601424,-6.750875391472663e-10,3.8881135810964196e-10,3.74061957135562e-09
18,10,0.06774999318424078,0.00020924626776106065,-3.690491489240221e-05,-1.7904503823561874e-09,-9.884337792698261e-10,-3.5074570577586436e-09
19,-20,-0.1527336740626475,4.152938905688525e-05,0.00016855861563093693,1.6766194459259115e-09,-2.2284406264727608e-10,-3.8561263841882694e-10
19,-19,-0.14778625467946152,6.548780812997595e-05,0.000309700719872444,6.715676580375946e-10,-2.96229582530394e-10,-3.974799162769285e-11
19,-18,-0.1425529388916487,1.9184858541014904e-05,0.0004654413410685226,8.106246169106712e-10,6.580615358187103e-10,1.6266743057900118e-09
19,-17,-0.13702563193644232,-7.158957520865936e-05,0.0006020494301801494,-3.8432505658839156e-11,2.2831901647091257e-09,-1.987818190752461e-09
19,-16,-0.1311945142874626,-0.00021155427289007894,0.0007224937637346468,2.090854482822771e-10,1.4094584943613597e-09,5.583138460320931e-10
19,-15,-0.12505301928257162,-0.0003951361686887399,0.000816779188966991,7.899238972349301e-10,2.2511871811126127e-09,-6.527628763142504e-10
19,-14,-0.11859408184560061,-0.0006125884334440408,0.0008825260757542248,9.494746207793989e-10,5.167225952673604e-10,-5.80667286477455e-11
19,-13,-0.11181475307159873,-0.0008476581847839627,0.0009134575139262565,6.897549890191174e-10,-3.377438051455073e-10,3.268043638340808e-09
19,-12,-0.1047175024454172,-0.0010849903939957298,0.0009009726214566377,1.1924051583362544e-09,-2.34932732989801e-09,-1.7714777428973465e-09
19,-11,-0.09731051520605054,-0.0013081958255505201,0.0008411807014512849,-2.8967244705344064e-10,-4.077751747377789e-10,2.210667234478627e-09
19,-10,-0.08960815633311132,-0.001497708229172607,0.0007328957845836214,1.8076830332093563e-10,7.561335307881834e-10,1.0648189556995897e-10
19,-9,-0.08163177063195817,-0.0016340114301267464,0.0005781598046922185,2.793966048103558e-10,-1.272763686110956e-09,7.529000263815705e-10
19,-8,-0.0734102407779295,-0.00170049543447721,0.0003829947496107158,-1.1774486431432446e-09,-6.067708002710503e-10,-2.4724585281591532e-09
19,-7,-0.06498004439947093,-0.0016856487981152467,0.00015822321474711368,-3.971773229315828e-10,1.473053498624033e-09,2.695575332664282e-09
19,-6,-0.05638481740212317,-0.0015847640781037062,-8.1019875166469e-05,7.491603908407751e-11,-1.8302493270949682e-09,-1.6349738646146339e-09
19,-5,-0.04767438267807414,-0.0014015093352600738,-0.0003170155576530445,-8.128648401085903e-10,-1.3158348716180157e-09,-1.8620524819921579e-09
19,-4,-0.03890322462441746,-0.0011488202305217812,-0.0005319688898325759,-7.514358445377678e-10,-8.713037097374254e-10,1.970632916688199e-09
19,-3,-0.030128517608117262,-0.0008483006178566167,-0.0007105230325083984,6.4170673440798465e-12,-2.157612782882623e-09,8.65182464557311e-10
19,-2,-0.021407874985337253,-0.0005276200476189488,-0.000841676194520089,-4.1044171858982403e-10,2.860934267268078e-10,-1.2778710920235406e-09
19,-1,-0.01279694403061498,-0.00021579959981938906,-0.0009197251990873486,4.819452425303909e-10,-6.611349939733557e-10,-3.978795412186279e-09
19,0,-0.00434716057418641,6.236293014874196e-05,-0.0009444889143310027,3.939216079658402e-10,-5.110063761026851e-10,5.793465321059709e-10
19,1,0.003895895221354788,0.00028851683128719766,-0.0009205313506623612,7.376130977507938e-10,-2.3931506637486777e-09,-2.4243182292118647e-10
19,2,0.011893705003053987,0.00045402377269148416,-0.0008557362058720149,-1.0979785738376643e-10,4.349208354570422e-10,-2.5692096656935613e-09
19,3,0.019615278578502773,0.0005580582502179016,-0.0007607994022394112,-2.0772977730857713e-10,-1.5655615692722336e-09,1.0106622775002752e-09
19,4,0.027036984055228454,0.0005989032974355659,-0.0006460942306093717,-9.422585105559305e-10,-2.53187512622155e-10,-1.2668624410896111e-09
19,5,0.03414270321589828,0.000584862864333143,-0.0005197911658393842,1.3158109700558626e-09,2.158933448681566e-10,2.0860233731893364e-09
19,6,0.040922265444003625,0.0005132211146735607,-0.0003873204122997801,1.1317642341964612e-10,-1.6757393667132803e-09,2.759825753162698e-09
19,7,0.047372199972975315,0.0004191186834341553,-0.0002555844071844979,-1.3596642108103067e-09,-3.2111159564696123e-10,3.0016657120965936e-09
19,8,0.05348587335883629,0.00026250616667983863,-0.00013172745348154295,5.767146646850317e-10,2.641051932705807e-09,-9.167184606344536e-10
20,-19,-0.1423779153332311,8.734222686715842e-07,0.00017419461815135643,1.7211520608262712e-09,2.4180366597903458e-09,3.448012185719527e-09
20,-18,-0.13714673244300501,-1.6506865302031638e-05,0.0003008623193103537,1.4623568848903812e-09,1.2063544330143117e-09,-1.4056057979672958e-09
20,-17,-0.13163067093795017,-8.79905838146937e-05,0.00043086489578163906,3.968222340349284e-10,-8.276871132917307e-10,1.2455575519826432e-09
20,-16,-0.12584012548894108,-0.00019710589723233622,0.0005255928456057975,-4.687220380708221e-10,4.3808792704602695e-10,-6.451532919547233e-11
20,-15,-0.11976953334125175,-0.00035523572350214597,0.0005971998309297472,8.15406470859939e-10,1.2136661120543124e-09,-1.9160921133976657e-11
20,-14,-0.11341153294143695,-0.0005403546776543801,0.0006493720277735409,4.246231574906237e-10,2.4213543114992575e-09,-2.2137215900040448e-10
20,-13,-0.1067656119835287,-0.000732065073216473,0.0006646955868248212,7.507764320175206e-10,6.823830250857199e-10,1.4292112130481391e-09
20,-12,-0.09983820467939625,-0.0009234764964771866,0.0006392608966110838,1.0394918492596592e-09,2.3988568909061314e-09,5.799113645105875e-10
20,-11,-0.09264042126496774,-0.0011001381419997538,0.0005722911004419786,-8.049720075621949e-10,4.1144662676906307e-10,-6.7424006509235815e-12
20,-10,-0.08518811042087676,-0.0012440467932958437,0.0004659263918329273,9.578890711224933e-10,3.203413229124763e-10,-9.77035351480018e-10
20,-9,-0.07750313573589748,-0.001338930187968107,0.0003230860168543347,-5.685270932417191e-10,1.389948392493956e-09,-2.7170960816837956e-10
20,-8,-0.06961370412728932,-0.0013736669189566078,0.00015007777649146334,-9.833160815545666e-11,-5.479584147538574e-10,-1.8469761556387792e-09
20,-7,-0.06155409683569028,-0.001342286610984098,-4.240197390013107e-05,-1.3242944757289876e-09,-1.9911183951615286e-09,-4.5780646352848453e-10
20,-6,-0.053364015335429754,-0.00124397888385017,-0.00024027626698711445,-1.6088624690303865e-09,9.895934072190471e-11,-6.788149793041987e-10
20,-5,-0.04508757596028122,-0.0010838218706821037,-0.000428520840201371,-6.376365062582372e-10,-1.9728623734671658e-09,-1.4195172642184452e-09
20,-4,-0.03677199418608089,-0.0008735563045481767,-0.0005932006455776178,-4.793212893109723e-10,-9.003029294296638e-10,-2.928002629559083e-09
20,-3,-0.028466071885484445,-0.0006313080933747471,-0.0007231409385470128,-2.936314422402435e-10,-3.877061172108398e-11,-1.8641214876916187e-09
20,-2,-0.020218601413690723,-0.0003800224607930766,-0.0008107441887228938,-8.180111898449267e-10,-2.6317865942093732e-09,1.616972189472229e-09
20,-1,-0.012076596175450899,-0.00014325392249883823,-0.0008520180088753184,-6.784488124024404e-10,1.6651818951496367e-09,-3.8131775779201137e-10
20,0,-0.004083397963575884,6.120056836628478e-05,-0.0008472083709443253,-1.4704339528219708e-10,-1.0186852056337514e-09,-4.528833533491423e-09
20,1,0.003722427640586239,0.00021852868485345913,-0.000800347281881611,-5.830023188998644e-10,-2.9287017255796854e-10,-8.393910277948707e-11
20,2,0.011308104030383386,0.00032567634249750383,-0.0007178130239757428,-7.735117761424343e-11,-1.5965917476989944e-09,-2.165889504259031e-09
20,3,0.018647025248787294,0.0003872413375109078,-0.0006110496703232116,8.69825110918522e-10,1.4321131641681362e-09,2.646011557837181e-09
20,4,0.025718296170010074,0.00039041538344045606,-0.0004888444332820421,1.2597464006192452e-10,-1.827390974651344e-09,9.699303574526143e-10
20,5,0.03250809382570649,0.0003564280093818786,-0.0003579153684907652,9.196295311093665e-10,-4.544009613027811e-11,2.3644993319058808e-09
20,6,0.03900535911207172,0.000250414829058779,-0.00022015479383617734,-8.55004747340668e-10,2.1085666684905746e-09,-1.3528611733475138e-09
20,7,0.04521607489437288,0.00017842643849959823,-8.969116736590806e-05,-3.704920956614996e-11,1.0219531609845234e-09,1.8683151946239035e-09
21,-18,-0.13202337841565023,-4.303476746543908e-05,0.00015995038079999192,1.0823530578740748e-09,-4.2691708501685355e-10,7.776558561597285e-10
21,-17,-0.12652409132173342,-6.22646517584877e-05,0.00025032771824698864,2.1958552623782546e-09,4.170914447154672e-10,-8.100522855302491e-11
21,-16,-0.12080072294735489,-0.00015165865064123088,0.0003126241145083166,9.249107799091938e-10,-3.9208543356483716e-10,3.2637291838972767e-10
21,-15,-0.11482047667735763,-0.00029675459919974693,0.0003941635127078659,1.3707682168170865e-09,2.2194609206049876e-09,-3.488001565636785e-10
21,-14,-0.10857756210750034,-0.0004426718764582164,0.0004383950322786915,-6.41431765124531e-10,2.9531744549782246e-09,-1.2239061516919423e-09
21,-13,-0.10207447383379215,-0.000590597567022117,0.0004475509668049528,-5.043896680531623e-10,-1.3378870927782671e-09,1.7944990885947556e-10
21,-12,-0.09532344874371616,-0.0007413173311589487,0.0004148836474475541,8.648224340433372e-10,-2.2829386020495335e-09,2.084791333116821e-09
21,-11,-0.08833743734054025,-0.000881040470333796,0.00034986800291804464,-2.677393155271768e-10,-2.3175805718977927e-09,1.902964139800342e-09
21,-10,-0.0811320265787705,-0.0009884032721920546,0.00025496389016381037,9.891822767794586e-10,-1.6048914974753359e-09,5.01707475507974e-10
21,-9,-0.07372886772174236,-0.0010509107517617307,0.00013131372566034172,5.680587103137902e-10,-2.551695216235217e-09,-7.004200702335247e-11
21,-8,-0.06615516336885076,-0.0010638389276600507,-1.5310232969306387e-05,-1.666261750972453e-10,-4.378866241827595e-09,7.54011658204946e-10
21,-7,-0.058442934942049204,-0.0010259907388098129,-0.0001731388367146354,2.1240737228984952e-10,-1.3578107110889803e-09,-7.256839583999301e-10
21,-6,-0.050628149221331006,-0.0009382626381338463,-0.0003291667773872498,9.954114833289097e-10,-1.5623434490574795e-10,-8.248280770282437e-10
21,-5,-0.0427497238679128,-0.0008054256950770345,-0.0004708902718541225,1.5359498495119694e-09,-2.450781383389611e-10,-3.3389591305591285e-09
21,-4,-0.03484848609375347,-0.0006370217637364109,-0.000587724520753211,-3.723172150899186e-10,-1.7620176706589774e-09,6.170994913527218e-11
21,-3,-0.026966123407231264,-0.000447814403632654,-0.0006719670187846083,1.032402187692424e-09,-1.3883375837853151e-09,2.5700493007363694e-10
21,-2,-0.01914432713439554,-0.000257913765676004,-0.0007185699844047481,2.1410235124521768e-10,-2.559491313336437e-09,-1.6359288771051637e-09
21,-1,-0.01142359586758746,-8.804426129100488e-05,-0.0007241355274129747,8.797758912712245e-10,7.305811511315596e-11,1.058787925701534e-09
21,0,-0.0038407248404530607,5.270395542707184e-05,-0.0006895065481529643,1.1447940495551813e-09,3.156075872867703e-09,-7.72135921213858e-10
21,1,0.003571530636188514,0.0001470843732171756,-0.0006188445114936252,-7.696686199380536e-10,1.317551359680813e-09,-4.235117154026283e-10
21,2,0.01078450117380791,0.0002018339574382821,-0.0005172845241280916,1.0831058853077134e-09,3.125824044047931e-10,-1.5456687499197392e-09
21,3,0.017775651345155272,0.00023380180357344553,-0.00039930621270566806,1.1839593289596738e-10,-2.0480225293439958e-09,2.926890683432274e-09
21,4,0.024526324418464442,0.0001924950166506425,-0.00027273053653560213,1.4730750023646613e-10,8.26459012337466e-10,1.923573087211992e-09
21,5,0.03102710082249284,0.0001545651291591996,-0.00012913508505366602,-1.6754541206026943e-10,-7.06078917556141e-10,-2.409078935687939e-09
22,-16,-0.11605918660901111,-0.00011217430782836249,0.00015132678360103459,1.5601810185580586e-09,1.1915076286728166e-09,4.1602937949833645e-10
22,-15,-0.11019207245947349,-0.0002138838758378555,0.00021547989327144724,1.9192640198471833e-09,3.2741523381396576e-10,4.6007607126157327e-10
22,-14,-0.10406776702346134,-0.00032457378695216666,0.00027029520030202343,2.0165627471905104e-09,6.850678913039587e-10,1.5746521807484342e-09
22,-13,-0.09771005695472372,-0.0004204468624341497,0.0002675896668146393,-3.3924485605667937e-10,-1.2111742164755412e-10,-2.8101052087799833e-10
22,-12,-0.09113951071210827,-0.0005451429251783287,0.0002318430398554372,2.6165446393756897e-10,-2.580832006437994e-09,-1.721556080641108e-11
22,-11,-0.08436561801443207,-0.0006590978590363699,0.00017976158328795704,2.844427796598603e-10,1.8900124937326623e-09,2.0489449348709283e-10
22,-10,-0.07740137394557028,-0.0007354245475401193,0.00010568704341759959,9.45163414981659e-10,-2.3078189775871394e-09,2.6772965465156166e-09
22,-9,-0.07026839382506281,-0.0007712940033073636,3.624112856151462e-06,1.89419908794633e-10,-2.0784224480374647e-09,-1.112423757693566e-09
22,-8,-0.06299326008544687,-0.0007713081739589336,-0.00011422204727722335,8.511886659921808e-10,-9.393231054088957e-10,2.508699977355616e-10
22,-7,-0.05560600726231543,-0.0007354596698808426,-0.0002357094357617095,-6.55737343059886e-10,-6.772151173173313e-10,-1.3911431094606433e-09
22,-6,-0.048139059092550965,-0.0006645603248366987,-0.00034945183145720086,2.4356204146635044e-10,-2.1778191056087692e-09,3.110811966773293e-09
22,-5,-0.040626531688137395,-0.0005618510743849186,-0.00044547937881201624,1.067162132858783e-09,-8.896162556615295e-10,-1.6464377645123611e-09
22,-4,-0.033103449891578235,-0.0004339136337617244,-0.0005160432037904668,5.139696754134782e-10,1.178982786398386e-09,-5.449498754404565e-10
22,-3,-0.02560506532317493,-0.0002921452518830258,-0.0005562469696661709,1.7860775406949338e-09,1.338575847387169e-09,-1.7157146485464016e-09
22,-2,-0.01816725524083066,-0.000156448883862576,-0.0005628276707566101,9.80915687543403e-10,1.6185178891570118e-09,-7.368622305479067e-10
22,-1,-0.01082741834057279,-4.88888693474014e-05,-0.0005315690190693795,8.202744167636273e-10,-7.655976685949639e-10,3.414740339856238e-10
22,0,-0.0036156971526139976,4.0123092420100586e-05,-0.0004646249832169408,-4.956841511753155e-10,2.062056081442165e-09,-4.986889882567817e-10
22,1,0.0034418623902797256,7.282843178863228e-05,-0.0003707063688204625,5.558707009772033e-10,2.562771328484814e-09,1.71957774075201e-09
22,2,0.010314688948056925,8.110599569043718e-05,-0.00024313616829233794,-2.868760037871452e-10,1.250582817857726e-09,-9.593715697014146e-10
22,3,0.01698719817884418,0.00010889165927859867,-0.00013733168939331566,1.2984127377598225e-09,1.0524844884507445e-11,1.773947886714078e-09
23,-15,-0.10586569594095858,-0.00013131754052226466,0.00011428664171925206,1.2845218024014685e-09,7.933228240997181e-10,9.783889087219616e-10
23,-14,-0.09985492507673639,-0.0001701690695689893,0.0001357228427267675,1.5657768981120618e-09,-9.0591943668894e-10,1.757416934010771e-09
23,-13,-0.09363629681831476,-0.00021855364970312804,0.00011894471212003958,1.3520422218870481e-09,2.164635526380465e-09,-2.0123501696516508e-09
23,-12,-0.08725787147982703,-0.0003490027798291697,9.271604451289837e-05,1.2514171777826266e-09,1.4959514876844437e-09,8.025462904812455e-10
23,-11,-0.08069419286512135,-0.00044232165859066114,7.688374197822382e-05,1.1941012017071054e-09,-2.138788049443896e-09,-2.919614492728176e-09
23,-10,-0.07396235293711678,-0.0004831236125170946,1.7395935709642536e-05,1.6885078592482686e-09,1.786666994907371e-09,2.2699714495669526e-09
23,-9,-0.06708588117413503,-0.0005005324491425962,-6.17947810544215e-05,8.067719377757507e-10,1.0364749891689229e-09,-1.2665279047393023e-09
23,-8,-0.06009201020453465,-0.0004960944900519613,-0.00014780360125716722,3.126105129966361e-10,-8.480954827305709e-11,3.290622205439058e-09
23,-7,-0.05300870407714145,-0.000469282725048259,-0.00023064795438824565,5.617619352549577e-10,-1.8976600846265512e-09,-9.737415847534364e-10
23,-6,-0.0458648257854282,-0.000420022597719686,-0.00030166428720326555,6.272649346011731e-10,1.2256520798281656e-10,1.9298745640761758e-09
23,-5,-0.038689954602131586,-0.00034949923828300696,-0.00035319567838715016,1.3393444162979398e-09,1.1017702999938095e-09,-1.6744104671442264e-09
23,-4,-0.03151362014476347,-0.00026066861114322905,-0.0003791037380526064,2.162432611446663e-10,2.098144435969118e-09,3.668488296178305e-09
23,-3,-0.02436414532040118,-0.00016062926694241733,-0.00037568710505892823,1.6321941968561876e-09,-3.086376848537853e-10,-1.2487552425555323e-09
23,-2,-0.017270212181030368,-7.20890463316812e-05,-0.00033927411385749193,-8.886810819836669e-10,-1.4226271272121949e-09,-6.033544505348485e-10
23,-1,-0.010280102999712356,-2.7327863490577023e-05,-0.0002586657277276188,-6.838633722754941e-10,-3.007863805248867e-09,4.823516380151466e-10
23,0,-0.0034086105715306707,3.125047829578085e-05,-0.0001604840194097233,2.6663238976464606e-10,-1.572229291202376e-10,2.643693135541132e-09
24,-12,-0.08365939173771583,-0.00018031524017813976,5.555629664320345e-05,3.855258812928211e-10,1.1022261436899328e-09,1.1902681922899708e-09
24,-11,-0.07729900977503797,-0.00021405167147138426,2.6194013356741342e-05,1.9031173656295156e-09,-1.293236906452222e-10,9.56775678669986e-10
24,-10,-0.07078369283456787,-0.00023255398008044606,-1.819055456336966e-05,1.6024613332240797e-09,8.815905089276654e-10,8.400614385127775e-10
24,-9,-0.06414861342822761,-0.00024031335091763198,-6.685055965859132e-05,1.2657634965119666e-09,-2.510493354868082e-09,-1.2418628941132697e-09
24,-8,-0.05741956614962424,-0.00023783583614740415,-0.00011424053387939683,1.2934407302806969e-09,-4.880530979356479e-10,1.861366289003165e-09
24,-7,-0.05062121217959783,-0.00022462953738686833,-0.000155492356188058,1.0157266935634408e-09,-1.18300172435859e-09,9.641409578430807e-11
24,-6,-0.04377865235353969,-0.00020022598595886886,-0.00018535145333923927,7.514470410393929e-10,5.718441414837017e-10,2.9575196280643107e-09
24,-5,-0.0369172972417827,-0.00016417216644612183,-0.0001975168158975323,1.1504148664503305e-10,2.7474805763816335e-10,-7.992617616738636e-10
24,-4,-0.030061814492250045,-0.00011566801931674097,-0.0001828784893492596,-2.414386290720827e-10,-1.5624381372036922e-09,1.781197150301769e-09
24,-3,-0.02323237873794698,-5.4136498666332e-05,-0.00012516022820120113,3.6105645003729064e-10,-2.8729519180314966e-09,1.7102434358030189e-09
