model,frame,atoms,config_type,declared_xc,dft_field_prefix,dft_energy_eV,model_energy_eV,basis_signs,volume_A3,components,squared_error,component_rmse_eV_A,max_vector_error_eV_A,reference_component_rms_eV_A,diamond_referenced_error_eV_atom
original_sw_1985,0,1,isolated_atom,UNSPECIFIED,dft,-158.54496821,0.0,1 1 1,8000.0,3,0.0,0.0,0.0,0.0,
original_sw_1985,1,1,sh,UNSPECIFIED,dft,-162.78192,-3.77385282853557,1 1 1,16.300501868170457,3,2.219104630171583e-30,8.600590348287306e-16,1.489665945832012e-15,0.0,
original_sw_1985,2,1,sh,UNSPECIFIED,dft,-162.666465,-3.8179858282222097,1 1 1,17.99836570939366,3,2.6304832662926964e-30,9.363908134058656e-16,1.6218764645597076e-15,0.0,
original_sw_1985,3,1,sh,UNSPECIFIED,dft,-162.748051,-3.7779572224521525,1 1 1,16.35607640072815,3,2.7452686909781757e-30,9.566031380146063e-16,1.656885237721121e-15,0.0,
original_sw_1985,4,1,sh,UNSPECIFIED,dft,-162.699367,-3.662987395508115,1 1 1,16.185740457157177,3,6.0766941605306066e-30,1.4232233556883715e-15,2.4650951625709315e-15,0.0,
original_sw_1985,5,1,sh,UNSPECIFIED,dft,-162.704259,-3.1911808602307605,1 1 1,15.303768826710556,3,1.858137210344805e-30,7.870063977598499e-16,1.363135066801821e-15,0.0,
original_sw_1985,6,1,sh,UNSPECIFIED,dft,-162.746046,-3.7110058707943026,1 1 1,16.25818693528945,3,2.1323896344255475e-30,8.430875072070015e-16,1.4602703977091186e-15,0.0,
original_sw_1985,7,1,sh,UNSPECIFIED,dft,-162.765282,-3.3877866462960107,1 1 1,14.95865702426806,3,1.3627880286484081e-30,6.739901158148656e-16,1.1673851243905792e-15,0.0,
original_sw_1985,8,1,sh,UNSPECIFIED,dft,-162.758977,-3.538578195234729,1 1 1,15.67491110029927,3,7.703719777548943e-32,1.6024689053196368e-16,2.7755575615628914e-16,0.0,
original_sw_1985,9,1,sh,UNSPECIFIED,dft,-162.684201,-2.876090994636286,1 1 1,14.3153884822466,3,8.443276876193642e-31,5.305116045288623e-16,9.18873053048877e-16,0.0,
original_sw_1985,10,1,sh,UNSPECIFIED,dft,-162.737901,-3.0158061034004784,1 1 1,14.452243033000865,3,2.7217241974080417e-30,9.524922042389711e-16,1.64976489155517e-15,0.0,
original_sw_1985,11,1,sh,UNSPECIFIED,dft,-162.79672,-3.6417400099036445,1 1 1,15.766072798081117,3,9.583619996265324e-30,1.7873276137169448e-15,3.0957422367285884e-15,0.0,
original_sw_1985,12,1,sh,UNSPECIFIED,dft,-162.704527,-3.907600322536539,1 1 1,17.663050717174315,3,1.0385095742622073e-30,5.883620127841382e-16,1.0190728993856167e-15,0.0,
original_sw_1985,13,1,sh,UNSPECIFIED,dft,-162.753907,-3.684043920869093,1 1 1,16.088550269558905,3,3.0506730319093816e-31,3.188872858294072e-16,5.523289809442722e-16,0.0,
original_sw_1985,14,1,sh,UNSPECIFIED,dft,-162.811738,-3.22027260750903,1 1 1,14.892883644492025,3,4.073727018367881e-30,1.1652935278815493e-15,2.0183475960220235e-15,0.0,
original_sw_1985,15,1,sh,UNSPECIFIED,dft,-162.769847,-2.905997237477283,1 1 1,14.562024573901075,3,2.850376317693109e-30,9.74743781324629e-16,1.688305753616065e-15,0.0,
original_sw_1985,16,1,sh,UNSPECIFIED,dft,-162.811399,-3.5817014079088145,1 1 1,15.68845449746998,3,6.54278124413447e-30,1.4767962220219e-15,2.5578860889676987e-15,0.0,
original_sw_1985,17,1,sh,UNSPECIFIED,dft,-162.776422,-3.200694642064234,1 1 1,14.565719119271835,3,1.4059288594026822e-32,6.845750164402929e-17,1.1857187100668868e-16,0.0,
original_sw_1985,18,1,sh,UNSPECIFIED,dft,-162.732554,-3.2744168044956914,1 1 1,14.987902530521172,3,2.98904327368899e-31,3.156497676058593e-16,5.4672143489065705e-16,0.0,
original_sw_1985,19,1,sh,UNSPECIFIED,dft,-162.666997,-3.270287598250669,1 1 1,15.221658246840963,3,2.0368635091839406e-30,8.239869556378387e-16,1.4271872719387392e-15,0.0,
original_sw_1985,20,1,sh,UNSPECIFIED,dft,-162.697939,-3.2223461807112503,1 1 1,15.097226471040493,3,2.1601230256247237e-30,8.48552301594648e-16,1.4697356992414397e-15,0.0,
original_sw_1985,21,1,sh,UNSPECIFIED,dft,-162.725876,-2.336120032252437,1 1 1,13.75184477443844,3,2.0954117794933126e-31,2.642859423360307e-16,4.577566798522237e-16,0.0,
original_sw_1985,22,1,sh,UNSPECIFIED,dft,-162.733693,-2.198410560710281,1 1 1,13.925021034285134,3,1.3589361687596336e-30,6.730369402342474e-16,1.1657341758564144e-15,0.0,
original_sw_1985,23,1,sh,UNSPECIFIED,dft,-162.744771,-2.417143995836401,1 1 1,14.269215706504188,3,7.033496156902185e-31,4.842002394637362e-16,8.386594157882081e-16,0.0,
original_sw_1985,24,1,sh,UNSPECIFIED,dft,-162.803822,-3.6230457435741306,1 1 1,15.722909861446086,3,4.491461223305473e-30,1.2235823393224602e-15,2.119306778950483e-15,0.0,
original_sw_1985,25,1,sh,UNSPECIFIED,dft,-162.769283,-2.8803813094127673,1 1 1,14.810777458339874,3,8.104794688467585e-31,5.197690092232505e-16,9.002663321744063e-16,0.0,
original_sw_1985,26,1,sh,UNSPECIFIED,dft,-162.719155,-3.693044816178487,1 1 1,16.153034725616607,3,2.1763008371575765e-30,8.517239061960506e-16,1.4752290795525882e-15,0.0,
original_sw_1985,27,1,sh,UNSPECIFIED,dft,-162.711887,-3.3351729672438006,1 1 1,15.011116637127031,3,4.8440989961227756e-30,1.2707083321416676e-15,2.2009313928704765e-15,0.0,
original_sw_1985,28,1,sh,UNSPECIFIED,dft,-162.711684,-3.045947781848521,1 1 1,14.439153722432248,3,7.842386733544824e-30,1.6168268030873338e-15,2.800426169986423e-15,0.0,
original_sw_1985,29,1,sh,UNSPECIFIED,dft,-162.743183,-2.8076735043982364,1 1 1,13.97190813955927,3,1.6042996436745675e-31,2.312501995440269e-16,4.0053709487069576e-16,0.0,
original_sw_1985,30,1,sh,UNSPECIFIED,dft,-162.801072,-3.04814083781434,1 1 1,15.196172620108575,3,1.937533672302169e-30,8.036445466958985e-16,1.3919531861029554e-15,0.0,
original_sw_1985,31,1,sh,UNSPECIFIED,dft,-162.671933,-1.8837513823159995,1 1 1,13.601235675259625,3,6.7053176943786e-30,1.4950270559846736e-15,2.589462819655575e-15,0.0,
original_sw_1985,32,1,sh,UNSPECIFIED,dft,-162.676607,-2.419821198512395,1 1 1,13.88512988820373,3,2.4158865222393487e-30,8.973825869789965e-16,1.5543122344752192e-15,0.0,
original_sw_1985,33,1,sh,UNSPECIFIED,dft,-162.718406,-3.0132875099734333,1 1 1,14.71914069174737,3,8.782240546405795e-31,5.410557748946589e-16,9.371360918460988e-16,0.0,
original_sw_1985,34,1,sh,UNSPECIFIED,dft,-162.730704,-2.799368754104577,1 1 1,14.204132420797086,3,1.035379938102578e-30,5.874748045952207e-16,1.0175362097255202e-15,0.0,
original_sw_1985,35,1,sh,UNSPECIFIED,dft,-162.806776,-3.2894270042480453,1 1 1,15.392744999595191,3,4.301179344800014e-30,1.1973831668545668e-15,2.0739284811198323e-15,0.0,
original_sw_1985,36,1,sh,UNSPECIFIED,dft,-162.772251,-3.0465367689553324,1 1 1,14.475324092828833,3,1.3879021551232176e-29,2.1508929580705294e-15,3.725455885020272e-15,0.0,
original_sw_1985,37,1,sh,UNSPECIFIED,dft,-162.776474,-3.2895911248720417,1 1 1,14.74738229012934,3,9.498686485717847e-31,5.626925295907718e-16,9.746120502906707e-16,0.0,
original_sw_1985,38,1,sh,UNSPECIFIED,dft,-162.779422,-3.1366956314347436,1 1 1,15.048576784181694,3,2.192671241684868e-30,8.549212910525483e-16,1.4807671125753935e-15,0.0,
original_sw_1985,39,1,sh,UNSPECIFIED,dft,-162.732649,-2.798197213745049,1 1 1,14.050631381248213,3,4.067564042545842e-31,3.6821932062951477e-16,6.377745716588144e-16,0.0,
original_sw_1985,40,1,sh,UNSPECIFIED,dft,-162.797575,-2.6288402416739274,1 1 1,14.009832696877224,3,4.007667621275399e-30,1.1558067343166849e-15,2.001915987566761e-15,0.0,
original_sw_1985,41,1,sh,UNSPECIFIED,dft,-162.781603,-2.40458594363207,1 1 1,13.77024000251213,3,3.8518598887744717e-31,3.5832294041243816e-16,6.206335383118183e-16,0.0,
original_sw_1985,42,1,sh,UNSPECIFIED,dft,-162.78679,-2.5066480207302018,1 1 1,14.05281966800802,3,8.874685183736383e-31,5.438959822042073e-16,9.42055475210265e-16,0.0,
original_sw_1985,43,1,sh,UNSPECIFIED,dft,-162.746901,-2.601253565390422,1 1 1,14.068906541105576,3,6.471124613141112e-30,1.4686870114880516e-15,2.5438405243138005e-15,0.0,
original_sw_1985,44,1,sh,UNSPECIFIED,dft,-162.58302,-1.1229476939184204,1 1 1,12.644563112345235,3,1.8193104626659585e-29,2.462593796972316e-15,4.265337574760008e-15,0.0,
original_sw_1985,45,1,sh,UNSPECIFIED,dft,-162.666719,-2.343719205479043,1 1 1,14.116417459848927,3,1.392832535780849e-30,6.813791249568404e-16,1.1801832636420706e-15,0.0,
original_sw_1985,46,1,sh,UNSPECIFIED,dft,-162.695387,-2.7083045785280775,1 1 1,15.109429137083229,3,3.2047474274603605e-31,3.268408087260198e-16,5.661048867003676e-16,0.0,
original_sw_1985,47,1,sh,UNSPECIFIED,dft,-162.770296,-3.0660061038485047,1 1 1,14.778371575607345,3,6.773880800398786e-30,1.502651079525648e-15,2.602668015786644e-15,0.0,
original_sw_1985,48,1,sh,UNSPECIFIED,dft,-162.741465,-2.496041301728899,1 1 1,13.918488510318726,3,1.627025617018337e-30,7.364386412590295e-16,1.2755491433176288e-15,0.0,
original_sw_1985,49,1,sh,UNSPECIFIED,dft,-162.685779,-2.328015065440264,1 1 1,13.842032610061619,3,1.1832913578315177e-30,6.280369834735101e-16,1.0877919644084146e-15,0.0,
original_sw_1985,50,1,sh,UNSPECIFIED,dft,-162.691919,-2.819667274031226,1 1 1,14.072074693546298,3,4.067564042545842e-31,3.6821932062951477e-16,6.377745716588144e-16,0.0,
original_sw_1985,51,1,sh,UNSPECIFIED,dft,-162.721617,-1.9081251300191748,1 1 1,13.22909745211105,3,2.4189680101503682e-30,8.979547149217062e-16,1.5553031891404223e-15,0.0,
original_sw_1985,52,1,sh,UNSPECIFIED,dft,-162.761584,-2.7503971243723284,1 1 1,13.907374473502525,3,3.084569398930597e-30,1.0139969426204067e-15,1.756294223338048e-15,0.0,
original_sw_1985,53,1,sh,UNSPECIFIED,dft,-162.697194,-1.6291465953124162,1 1 1,13.446776471216332,3,5.423418723394456e-30,1.3445468534534174e-15,2.3288234633381844e-15,0.0,
original_sw_1985,54,1,sh,UNSPECIFIED,dft,-162.714662,-1.908661742652174,1 1 1,13.657190458489328,3,1.8026704279464528e-30,7.751710408992441e-16,1.3426356273935429e-15,0.0,
original_sw_1985,55,1,sh,UNSPECIFIED,dft,-162.709299,-2.4588624717876235,1 1 1,13.70697516166664,3,3.0568360077314207e-30,1.0094282222676724e-15,1.7483809675615383e-15,0.0,
original_sw_1985,56,1,sh,UNSPECIFIED,dft,-162.726555,-2.724451092103225,1 1 1,14.032178398769966,3,4.437342591868191e-31,3.8459253727671276e-16,6.661338147750939e-16,0.0,
original_sw_1985,57,1,sh,UNSPECIFIED,dft,-162.703008,-2.370507199858107,1 1 1,13.919261481388123,3,1.9721522630525295e-30,8.107922592650824e-16,1.4043333874306805e-15,0.0,
original_sw_1985,58,1,sh,UNSPECIFIED,dft,-162.665059,-3.1275354971942,1 1 1,14.639939781430625,3,1.0669651891905287e-30,5.963682277448302e-16,1.0329400704738531e-15,0.0,
original_sw_1985,59,1,sh,UNSPECIFIED,dft,-162.74212,-3.4071292507630777,1 1 1,15.25733799560258,3,2.353678985035641e-30,8.857537251846852e-16,1.5341704550132755e-15,0.0,
original_sw_1985,60,1,sh,UNSPECIFIED,dft,-162.698121,-2.288604990337164,1 1 1,13.759804690839616,3,5.17689969051289e-30,1.3136335981433192e-15,2.275280134513746e-15,0.0,
original_sw_1985,61,1,sh,UNSPECIFIED,dft,-162.637168,-2.3086575733817782,1 1 1,13.313843775182843,3,3.5036517548292595e-30,1.0806867808372692e-15,1.8718044114782024e-15,0.0,
original_sw_1985,62,1,sh,UNSPECIFIED,dft,-162.67536,-1.8380413575469476,1 1 1,13.208798104120422,3,3.0075322011551075e-30,1.0012545798738546e-15,1.7342238036525468e-15,0.0,
original_sw_1985,63,1,sh,UNSPECIFIED,dft,-162.739175,-2.343082442006693,1 1 1,13.719691198696477,3,1.9721522630525295e-31,2.5639502485114184e-16,4.440892098500626e-16,0.0,
original_sw_1985,64,1,sh,UNSPECIFIED,dft,-162.728794,-2.997590808973116,1 1 1,14.200008624358984,3,3.1400361813289493e-30,1.023073177788202e-15,1.7720147237901127e-15,0.0,
original_sw_1985,65,1,sh,UNSPECIFIED,dft,-162.710696,-1.938901005026556,1 1 1,13.399430580577503,3,3.4019626537656134e-30,1.0648885158809838e-15,1.8444410139024814e-15,0.0,
original_sw_1985,66,1,sh,UNSPECIFIED,dft,-162.742815,-2.197247926176744,1 1 1,13.585453976815769,3,1.5407439555097887e-30,7.166458808248763e-16,1.2412670766236366e-15,0.0,
original_sw_1985,67,1,sh,UNSPECIFIED,dft,-162.737175,-2.708195890252964,1 1 1,14.028074005931774,3,4.190823558986625e-31,3.737567639961684e-16,6.473657049138938e-16,0.0,
original_sw_1985,68,1,sh,UNSPECIFIED,dft,-162.730526,-3.0496564114832623,1 1 1,14.510809747296642,3,1.3943732797363588e-31,2.1559014199296147e-16,3.7341307954279784e-16,0.0,
original_sw_1985,69,1,sh,UNSPECIFIED,dft,-162.775506,-2.674679632373427,1 1 1,13.918186432766419,3,2.7517687045404826e-30,9.577349502063855e-16,1.6588455939419083e-15,0.0,
original_sw_1985,70,1,sh,UNSPECIFIED,dft,-162.704131,-2.292039661478183,1 1 1,13.757969720093579,3,4.585254011597131e-30,1.2362920382602608e-15,2.1413206232596582e-15,0.0,
original_sw_1985,71,1,sh,UNSPECIFIED,dft,-162.592029,-2.170066092555631,1 1 1,13.157360237447705,3,4.930380657631324e-30,1.2819751242557094e-15,2.220446049250313e-15,0.0,
original_sw_1985,72,1,sh,UNSPECIFIED,dft,-162.617688,-1.0075618202864525,1 1 1,12.656804444133222,3,1.4298103907130839e-30,6.903647322763728e-16,1.1957467920563633e-15,0.0,
original_sw_1985,73,1,sh,UNSPECIFIED,dft,-162.73123,-2.1697204217050445,1 1 1,13.475674798828965,3,4.0059342843254506e-30,1.1555567610933196e-15,2.0014830212433605e-15,0.0,
original_sw_1985,74,1,sh,UNSPECIFIED,dft,-162.77387,-2.903578078029995,1 1 1,14.270797333634711,3,6.440309734030917e-31,4.633324844367853e-16,8.025154038416283e-16,0.0,
original_sw_1985,75,1,sh,UNSPECIFIED,dft,-162.666135,-1.7218299725833397,1 1 1,13.067539790417673,3,1.1635698352009924e-29,1.9694075549100145e-15,3.4111139459141383e-15,0.0,
original_sw_1985,76,1,sh,UNSPECIFIED,dft,-162.593441,-1.0564541736450306,1 1 1,12.655418422005576,3,6.717643646022679e-30,1.4964005308319782e-15,2.5918417478740246e-15,0.0,
original_sw_1985,77,1,sh,UNSPECIFIED,dft,-162.681994,-1.8834358149619381,1 1 1,13.229394139838245,3,1.7749370367472766e-30,7.691850745534255e-16,1.3322676295501878e-15,0.0,
original_sw_1985,78,1,sh,UNSPECIFIED,dft,-162.78359,-2.927797277453198,1 1 1,14.243274614278167,3,6.347865096700329e-31,4.59995112173319e-16,7.967349055175334e-16,0.0,
original_sw_1985,79,1,sh,UNSPECIFIED,dft,-162.385564,-0.4119573416241435,1 1 1,12.20215643506361,3,1.4298103907130839e-30,6.903647322763728e-16,1.1957467920563633e-15,0.0,
original_sw_1985,80,1,sh,UNSPECIFIED,dft,-162.738435,-3.0569832648186335,1 1 1,14.391419575944102,3,6.503672829201257e-30,1.4723759516737177e-15,2.550229956141457e-15,0.0,
original_sw_1985,81,1,sh,UNSPECIFIED,dft,-162.531573,-0.5190518773055368,1 1 1,12.255872140454798,3,5.139921835580655e-30,1.3089336417583914e-15,2.2671395712616936e-15,0.0,
original_sw_1985,82,1,sh,UNSPECIFIED,dft,-162.671049,-1.754606557836118,1 1 1,13.228839730854652,3,1.7995889400354332e-30,7.745082181693175e-16,1.3414875847488985e-15,0.0,
original_sw_1985,83,1,sh,UNSPECIFIED,dft,-162.593438,-1.578779108671554,1 1 1,13.409742509162022,3,1.4840445779470285e-29,2.2241437138421222e-15,3.85232991570949e-15,0.0,
original_sw_1985,84,1,sh,UNSPECIFIED,dft,-162.541657,-0.6291336002852324,1 1 1,12.641677359915201,3,6.015064402310215e-30,1.4159878062457805e-15,2.4525628233156873e-15,0.0,
original_sw_1985,85,1,sh,UNSPECIFIED,dft,-162.620575,-1.5104657713286003,1 1 1,13.559947981031815,3,2.3789086673071137e-30,8.904883804795196e-16,1.5423711185402538e-15,0.0,
original_sw_1985,86,1,sh,UNSPECIFIED,dft,-162.699891,-2.0291431749573414,1 1 1,14.0459373509437,3,4.893402802699089e-30,1.2771586696907958e-15,2.2121037052315357e-15,0.0,
original_sw_1985,87,1,sh,UNSPECIFIED,dft,-162.585871,-1.0979709234729833,1 1 1,13.100055547430005,3,5.226203497089203e-30,1.3198741729282636e-15,2.286089127109703e-15,0.0,
original_sw_1985,88,1,sh,UNSPECIFIED,dft,-162.751037,-2.3314120527798408,1 1 1,14.026656352606103,3,9.251397080858526e-30,1.7560748921822333e-15,3.0416109351556663e-15,0.0,
original_sw_1985,89,1,sh,UNSPECIFIED,dft,-162.536158,-0.5906012611525931,1 1 1,12.188984079224852,3,3.3526588471893e-30,1.0571437693441229e-15,1.831026719408895e-15,0.0,
original_sw_1985,90,1,sh,UNSPECIFIED,dft,-162.485886,-0.27694980731337615,1 1 1,12.301358884252203,3,9.860761315262648e-31,5.733167046599011e-16,9.930136612989092e-16,0.0,
original_sw_1985,91,1,sh,UNSPECIFIED,dft,-162.581251,-1.1865762585036594,1 1 1,12.605764507956478,3,1.5777218104420236e-30,7.251946429389431e-16,1.2560739669470201e-15,0.0,
original_sw_1985,92,1,sh,UNSPECIFIED,dft,-162.706291,-2.0014484218343065,1 1 1,13.32174503424255,3,1.2942249226282225e-30,6.568167990716596e-16,1.137640067256873e-15,0.0,
original_sw_1985,93,1,sh,UNSPECIFIED,dft,-162.331374,1.1344400787130857,1 1 1,11.429792950792464,3,4.782469237902384e-30,1.2625990704234373e-15,2.1868857395626282e-15,0.0,
original_sw_1985,94,1,sh,UNSPECIFIED,dft,-162.720634,-2.3771858819545035,1 1 1,13.671244375203049,3,8.089676138404145e-30,1.642120188293592e-15,2.8442355982590726e-15,0.0,
original_sw_1985,95,1,sh,UNSPECIFIED,dft,-162.622203,-1.4214554818581107,1 1 1,13.155444100256858,3,1.9505818476753925e-30,8.063460480619538e-16,1.39663232372568e-15,0.0,
original_sw_1985,96,1,sh,UNSPECIFIED,dft,-162.502011,-0.5519348515720394,1 1 1,12.55790442392793,3,9.762153702110021e-30,1.8038988979531736e-15,3.1244445429724018e-15,0.0,
original_sw_1985,97,1,sh,UNSPECIFIED,dft,-162.574135,-0.9378255164646193,1 1 1,12.680078247408533,3,1.6794109115056697e-30,7.482002654159891e-16,1.2959208739370123e-15,0.0,
original_sw_1985,98,1,sh,UNSPECIFIED,dft,-162.656297,-1.9398772357817895,1 1 1,13.167828800653588,3,2.4158865222393487e-30,8.973825869789965e-16,1.5543122344752192e-15,0.0,
original_sw_1985,99,1,sh,UNSPECIFIED,dft,-162.748564,-2.26014394959349,1 1 1,13.505607912361747,3,6.831658698730403e-30,1.5090459125697494e-15,2.613744191524948e-15,0.0,
original_sw_1985,100,1,sh,UNSPECIFIED,dft,-162.715643,-2.1506298843312917,1 1 1,13.2357468772006,3,2.9582283945787943e-31,3.1401849173675503e-16,5.438959822042073e-16,0.0,
original_sw_1985,101,1,sh,UNSPECIFIED,dft,-162.712182,-2.1472037963359503,1 1 1,13.265916211247863,3,1.7009813268828067e-30,7.529898907871222e-16,1.3042167484290357e-15,0.0,
original_sw_1985,102,1,sh,UNSPECIFIED,dft,-162.616861,-1.1925122534747639,1 1 1,12.646524206769119,3,1.2748115487887992e-29,2.061400453404432e-15,3.570450320041996e-15,0.0,
original_sw_1985,103,1,sh,UNSPECIFIED,dft,-162.587559,-1.1020033562962965,1 1 1,12.508603400252687,3,9.860761315262648e-31,5.733167046599011e-16,9.930136612989092e-16,0.0,
original_sw_1985,104,1,sh,UNSPECIFIED,dft,-162.637646,-1.5986225301763521,1 1 1,12.812862681716735,3,2.4158865222393487e-30,8.973825869789965e-16,1.5543122344752192e-15,0.0,
original_sw_1985,105,1,sh,UNSPECIFIED,dft,-162.681335,-1.6888643425477166,1 1 1,13.076274007497146,3,3.5745259767827097e-31,3.451823661381864e-16,5.978733960281817e-16,0.0,
original_sw_1985,106,1,sh,UNSPECIFIED,dft,-162.488676,-0.13002118677992996,1 1 1,12.187603223369875,3,9.860761315262648e-31,5.733167046599011e-16,9.930136612989092e-16,0.0,
original_sw_1985,107,1,sh,UNSPECIFIED,dft,-162.615495,-1.6144431389204401,1 1 1,13.164696257673492,3,1.2818989709841442e-29,2.0671227757313177e-15,3.580361673049448e-15,0.0,
original_sw_1985,108,1,sh,UNSPECIFIED,dft,-162.740207,-2.619163738533107,1 1 1,13.936763280676665,3,1.8858706015439813e-30,7.928578270080922e-16,1.3732700395566711e-15,0.0,
original_sw_1985,109,1,sh,UNSPECIFIED,dft,-162.316621,-0.03561744287542971,1 1 1,11.838025587188913,3,2.3123485284290909e-29,2.7762976115857913e-15,4.808688520198715e-15,0.0,
original_sw_1985,110,1,sh,UNSPECIFIED,dft,-162.615483,-1.7157658440130568,1 1 1,12.810867845031494,3,7.309289324938438e-30,1.5609067156558329e-15,2.7035697373913694e-15,0.0,
original_sw_1985,111,8,sh,UNSPECIFIED,DFT,-1302.295986,-29.60509701728893,1 1 1,123.98719511874528,24,32.928475000420995,1.1713324855412353,2.899960417233039,0.443984524426245,
original_sw_1985,112,8,sh,UNSPECIFIED,DFT,-1302.272905,-28.123308463141292,1 1 1,121.89566884609496,24,16.711221951556603,0.834446472008955,2.687789294015064,0.4762747459798674,
original_sw_1985,113,8,sh,UNSPECIFIED,DFT,-1302.302711,-28.568496147086627,1 1 1,122.19473901541132,24,37.71927524262473,1.2536492605360947,2.7831210437728293,0.5089264855245624,
original_sw_1985,114,8,sh,UNSPECIFIED,DFT,-1302.550978,-29.670467627274057,1 1 1,123.8430671894148,24,35.639584820127446,1.2185986627428422,2.931637630657094,0.29690604134977244,
original_sw_1985,115,8,sh,UNSPECIFIED,DFT,-1302.252121,-29.019679083684863,1 1 1,126.8223571117541,24,35.393290567369064,1.2143806817909466,3.017076947311335,0.36613958313560113,
original_sw_1985,116,8,sh,UNSPECIFIED,DFT,-1301.96717,-21.785427914977788,1 1 1,110.53428885598309,24,27.72483323403958,1.07480295159236,2.408202551610242,0.5082927429071025,
original_sw_1985,117,8,sh,UNSPECIFIED,DFT,-1301.76601,-23.185060230190413,1 1 1,111.08424832272132,24,56.6764915806184,1.536723944801332,4.167322647803443,0.4365950934008065,
original_sw_1985,118,8,sh,UNSPECIFIED,DFT,-1302.016609,-20.562411443765498,1 1 1,112.82306688341268,24,26.076451143664414,1.0423621240493555,2.6257820429894094,0.5601547301810287,
original_sw_1985,119,8,sh,UNSPECIFIED,DFT,-1302.345095,-24.11982611829473,1 1 1,115.69313424954582,24,20.18474187723067,0.917077374898802,2.351449905868398,0.35400473948116906,
original_sw_1985,120,8,sh,UNSPECIFIED,DFT,-1301.883915,-21.177175861588477,1 1 1,110.91843924113337,24,34.77654840391183,1.203753650114089,3.1921324918054665,0.49513886058429957,
original_sw_1985,121,8,sh,UNSPECIFIED,DFT,-1301.630701,-15.089965097722203,1 1 1,106.32121220082357,24,25.716522167912462,1.0351433509405124,2.7327960857554485,0.4557215616996898,
original_sw_1985,122,8,sh,UNSPECIFIED,DFT,-1301.719228,-19.740701381675787,1 1 1,108.61113859612188,24,15.319886504487563,0.7989546948066883,2.3399275065446212,0.6401444915887038,
original_sw_1985,123,8,sh,UNSPECIFIED,DFT,-1301.638908,-15.342982102121592,1 1 1,107.36318539592197,24,14.797273386602475,0.7852089261942348,1.8709688887249312,0.27589764321729265,
original_sw_1985,124,8,sh,UNSPECIFIED,DFT,-1301.857592,-18.818552633416452,1 1 1,109.76201252494013,24,34.122328574447394,1.1923773272760494,2.852713514322815,0.4576296385228788,
original_sw_1985,125,8,sh,UNSPECIFIED,DFT,-1302.059255,-20.437811354448378,1 1 1,109.53712912866837,24,28.128104853626564,1.0825915060174391,2.3258113005411634,0.3753468572096534,
original_sw_1985,126,8,sh,UNSPECIFIED,DFT,-1301.204404,-13.625208188474945,1 1 1,104.04073900358891,24,47.51438874143666,1.4070416474148377,3.6569978862930714,0.5560813907098198,
original_sw_1985,127,8,sh,UNSPECIFIED,DFT,-1301.456271,-14.025213416848395,1 1 1,105.37260582141262,24,37.44585370692845,1.2490972357888526,3.221909231423929,0.36913535464245806,
original_sw_1985,128,8,sh,UNSPECIFIED,DFT,-1300.828345,-7.921657732642054,1 1 1,102.11661283735445,24,128.03296887749045,2.3096984730830346,5.393666045149187,0.6268626374804003,
original_sw_1985,129,8,sh,UNSPECIFIED,DFT,-1300.982258,-9.527850793563944,1 1 1,102.06070471246716,24,29.44138577526997,1.1075759149164068,2.599140580021267,0.5036060833519179,
original_sw_1985,130,8,sh,UNSPECIFIED,DFT,-1301.84763,-17.27860201608969,1 1 1,107.00657891875606,24,7.624854474090785,0.5636508402848192,1.3204688174069068,0.25242326517520214,
original_sw_1985,131,8,sh,UNSPECIFIED,DFT,-1300.149174,-3.538123262166552,1 1 1,98.91020025048094,24,159.61092302414983,2.578847635283295,6.988877596917081,0.5395826025316045,
original_sw_1985,132,8,sh,UNSPECIFIED,DFT,-1300.399597,-7.7301536454254745,1 1 1,100.73918969715105,24,159.086871895224,2.5746105845935223,5.664091405171272,0.559375873166499,
original_sw_1985,133,8,sh,UNSPECIFIED,DFT,-1300.05383,3.7147989996990853,1 1 1,98.07448447759633,24,337.59342039392106,3.7505189662783174,9.43800989524957,0.45336503705921904,
original_sw_1985,134,8,sh,UNSPECIFIED,DFT,-1300.835262,-6.922013563691058,1 1 1,102.41759263867277,24,184.09600929805617,2.769596911842168,5.645017396205814,0.48793684452123687,
original_sw_1985,135,8,sh,UNSPECIFIED,DFT,-1299.989854,1.3818896742479174,1 1 1,98.66529576994799,24,306.4727040323703,3.5734711418099856,9.029046555675095,0.7877157692096869,
original_sw_1985,136,8,sh,UNSPECIFIED,DFT,-1302.214395,-25.61031551102505,1 1 1,118.98405331518448,24,52.11444185955134,1.4735790027960178,3.5814637115314065,0.39510254609361045,
original_sw_1985,137,8,sh,UNSPECIFIED,DFT,-1302.30353,-25.94167365260205,1 1 1,116.8181977046261,24,24.53104132638702,1.011002829834216,3.096939581004084,0.42926024957797243,
original_sw_1985,138,8,sh,UNSPECIFIED,DFT,-1302.317823,-26.28175293642396,1 1 1,118.20808279307808,24,37.50703517355623,1.2501172473938233,3.190187276929986,0.4582070519149855,
original_sw_1985,139,8,sh,UNSPECIFIED,DFT,-1302.469757,-27.20579324152562,1 1 1,119.0337155591567,24,44.136185486330234,1.3561001912090025,3.5000951056045477,0.4097030696378871,
original_sw_1985,140,8,sh,UNSPECIFIED,DFT,-1302.534238,-28.09054572278814,1 1 1,120.0805583264528,24,28.952369969735333,1.0983390864113742,2.553016747025714,0.30072865634898804,
original_sw_1985,141,27,sh,UNSPECIFIED,DFT,-4395.260734,-93.84322505165596,1 1 1,420.74425977972624,81,77.59724975952565,0.9787700127057029,2.60316396432875,0.37502871335678895,
original_sw_1985,142,27,sh,UNSPECIFIED,DFT,-4395.036789,-90.55731844314128,1 1 1,411.04248065202853,81,100.25732771972152,1.1125397910471466,3.8056771055534937,0.4362638624118022,
original_sw_1985,143,27,sh,UNSPECIFIED,DFT,-4394.885034,-95.63747549454557,1 1 1,425.4500486783721,81,80.75236144719594,0.9984701968090981,3.1822790565856915,0.4220942837498075,
original_sw_1985,144,27,sh,UNSPECIFIED,DFT,-4394.713853,-94.66930370306655,1 1 1,423.8521005351693,81,90.5751440895561,1.057455273487545,3.395866796838829,0.40977263304041456,
original_sw_1985,145,27,sh,UNSPECIFIED,DFT,-4394.889195,-94.76528282621699,1 1 1,421.40260315408375,81,74.08138584964102,0.9563393803924396,3.098134954089879,0.4048342664118529,
original_sw_1985,146,27,sh,UNSPECIFIED,DFT,-4394.386073,-73.98858452236291,1 1 1,382.75235094292964,81,83.02009584305954,1.0123929350072465,2.7574922407786624,0.5266508370520894,
original_sw_1985,147,27,sh,UNSPECIFIED,DFT,-4394.600738,-70.00622852472358,1 1 1,378.2902814032877,81,46.36074146465844,0.7565413623173671,2.6702177568091496,0.45413230516740083,
original_sw_1985,148,27,sh,UNSPECIFIED,DFT,-4393.712898,-62.63381240602276,1 1 1,369.8230392987771,81,74.2802505519049,0.9576221229015288,2.719730763530176,0.5587357117252305,
original_sw_1985,149,27,sh,UNSPECIFIED,DFT,-4394.781001,-73.7391109809509,1 1 1,385.8286713598541,81,47.86754528932884,0.7687375034762993,2.556863360536723,0.4571338066319941,
original_sw_1985,150,27,sh,UNSPECIFIED,DFT,-4394.123233,-69.07867207854613,1 1 1,377.756647962589,81,87.6620636842317,1.0403113475327133,4.5015133277121055,0.5237451807348911,
original_sw_1985,151,27,sh,UNSPECIFIED,DFT,-4393.985804,-66.38741015773017,1 1 1,374.36321619034516,81,105.18472638018315,1.1395511699310172,4.940593391360389,0.46529758732203197,
original_sw_1985,152,27,sh,UNSPECIFIED,DFT,-4394.032927,-62.85460108744291,1 1 1,372.20783145726006,81,55.07481173911048,0.8245822866133045,2.331604404778562,0.447524266266428,
original_sw_1985,153,27,sh,UNSPECIFIED,DFT,-4393.62481,-64.60604617111393,1 1 1,369.6483147176958,81,89.65761637458988,1.0520856204571538,3.578194690690668,0.4720214031027302,
original_sw_1985,154,27,sh,UNSPECIFIED,DFT,-4393.123528,-55.22195011168853,1 1 1,363.01336156540725,81,116.13008912706988,1.1973741286823847,4.380027218216242,0.5115268937393248,
original_sw_1985,155,27,sh,UNSPECIFIED,DFT,-4392.74588,-55.09806837850321,1 1 1,359.24430685566637,81,55.07489146398351,0.824582883435084,2.3191988785348894,0.5581857320720699,
original_sw_1985,156,27,sh,UNSPECIFIED,DFT,-4387.597827,-12.55845499034354,1 1 1,329.7134124923705,81,530.5625884298398,2.5593271406199856,7.838826118629268,0.713075354646101,
original_sw_1985,157,27,sh,UNSPECIFIED,DFT,-4392.85473,-52.38553453457598,1 1 1,360.09367130605847,81,92.03796896599927,1.0659602346253167,3.5130199606848653,0.5247352238802527,
original_sw_1985,158,27,sh,UNSPECIFIED,DFT,-4394.306057,-64.12590809240085,1 1 1,372.02876944066713,81,33.2616946034784,0.6408105843236477,2.1240805889380896,0.4721597246552794,
original_sw_1985,159,27,sh,UNSPECIFIED,DFT,-4389.568177,-22.92104969071375,1 1 1,337.8940421245648,81,272.72464030564436,1.834930752908926,6.07076925870157,0.5961713084333724,
original_sw_1985,160,27,sh,UNSPECIFIED,DFT,-4390.371819,-38.131500723630566,1 1 1,345.0214195496134,81,160.7180964340638,1.4086071240946392,4.805458282212469,0.6302613533834631,
original_sw_1985,161,27,sh,UNSPECIFIED,DFT,-4390.84525,-34.20764919556365,1 1 1,345.28568410312533,81,124.75008317970683,1.2410175194976436,3.6941271904995547,0.6026384570585378,
original_sw_1985,162,27,sh,UNSPECIFIED,DFT,-4389.395928,-24.529019265400173,1 1 1,338.7838367604752,81,296.86540047428275,1.9144202631937814,6.351538949950368,0.6215652434451362,
original_sw_1985,163,27,sh,UNSPECIFIED,DFT,-4390.231028,-31.607682422786397,1 1 1,342.699756965892,81,188.0634630021201,1.5237359181217467,4.497816902471419,0.6025646998816357,
original_sw_1985,164,27,sh,UNSPECIFIED,DFT,-4390.660914,-34.56714967036512,1 1 1,344.5613794101539,81,215.2533505620467,1.6301683263917708,4.867057593107553,0.5677114582842623,
original_sw_1985,165,27,sh,UNSPECIFIED,DFT,-4389.732343,-26.182318250002226,1 1 1,339.600447762454,81,342.6499216704605,2.056756170903322,7.229988223264882,0.6100243083323665,
original_sw_1985,166,27,sh,UNSPECIFIED,DFT,-4395.004144,-78.89148167144548,1 1 1,390.490582415377,81,69.54758218804045,0.926613255775179,2.7914255624891795,0.3945051805855721,
original_sw_1985,167,27,sh,UNSPECIFIED,DFT,-4395.107367,-79.46367197932396,1 1 1,389.551260881851,81,62.5094070887337,0.8784765649518216,2.5366944044580144,0.3885369138167414,
original_sw_1985,168,27,sh,UNSPECIFIED,DFT,-4394.750526,-78.87248917307153,1 1 1,391.03092735149403,81,67.92078539217863,0.9157118622788801,2.5134936548721845,0.4581755699375136,
original_sw_1985,169,27,sh,UNSPECIFIED,DFT,-4395.131111,-81.83672967014071,1 1 1,398.63576148091806,81,59.29827262288714,0.8556152405075135,2.739724131101917,0.46390083395461396,
original_sw_1985,170,27,sh,UNSPECIFIED,DFT,-4394.92666,-87.85474058535821,1 1 1,406.6538768192874,81,61.46591919368374,0.8711133729681785,3.0944928130122715,0.4851343571544282,
original_sw_1985,171,64,sh,PW91,dft,-10421.020323,-211.760098259554,1 1 1,971.8448278238795,192,14.911676125303178,0.2786843731164117,1.2091083824790856,0.16119958532631218,0.6753487178205777
original_sw_1985,172,64,sh,PW91,dft,-10420.265084,-227.1163968855447,1 1 1,1014.3094388925907,192,35.10924148450542,0.42762206763893634,1.8843161767522913,0.14938930029352002,0.423605942414472
original_sw_1985,173,64,sh,PW91,dft,-10420.531759,-223.67570616389446,1 1 1,1000.461821243851,192,37.680614220303504,0.44300473932462703,1.542142134543072,0.17545144882203167,0.4815335318152405
original_sw_1985,174,64,sh,PW91,dft,-10414.876333,-152.78473081223544,1 1 1,865.5025532266269,192,69.42229204262233,0.6013106000412692,2.2073637145053917,0.34836032864394395,1.5008389904349229
original_sw_1985,175,64,sh,PW91,dft,-10418.292287,-220.659727256489,1 1 1,980.0976150688051,192,137.6634127307853,0.8467567190794375,2.930689665056106,0.556573265992167,0.49366645224346195
original_sw_1985,176,64,sh,PW91,dft,-10420.799717,-197.94981087770958,1 1 1,945.4725124486849,192,15.625407345776509,0.2852758838842136,0.8216502434646143,0.18416251926514074,0.8876874894118849
original_sw_1985,177,64,sh,PW91,dft,-10420.813164,-203.9593954136892,1 1 1,955.610937858929,192,28.83490725904784,0.3875329774882057,1.3891148346765638,0.17550505692352333,0.7939978404121932
original_sw_1985,178,64,sh,PW91,dft,-10420.928683,-209.6418953458488,1 1 1,964.456174833373,192,33.933218566775125,0.4203992309324798,1.562732434598147,0.16420243804492013,0.7070137633472129
original_sw_1985,179,64,sh,PW91,dft,-10420.829317,-209.95906294043826,1 1 1,964.634722618512,192,48.49942928331004,0.5025944629459287,1.6055525943444977,0.18448921604239502,0.7005054259317469
original_sw_1985,180,64,sh,PW91,dft,-10420.727758,-206.68696937328818,1 1 1,957.0738542400484,192,60.62036131378662,0.5618995003639933,1.9616553279463096,0.20989546220355942,0.7500450285434854
original_sw_1985,181,64,sh,PW91,dft,-10420.097675,-183.46154273304347,1 1 1,921.6510927982861,192,20.021856997142795,0.32292492191444755,1.1857294190757675,0.2058155583447734,1.1030972729223087
original_sw_1985,182,64,sh,PW91,dft,-10420.26317,-188.15869096420712,1 1 1,927.7537194488538,192,29.96622196624493,0.39506211250999385,1.309003067317287,0.16574929888929144,1.0322901911853655
original_sw_1985,183,64,sh,PW91,dft,-10420.391771,-193.3477481933871,1 1 1,935.236922739601,192,37.99817582830251,0.44486758228984147,1.5455490170888544,0.20207576802763447,0.9532205626044337
original_sw_1985,184,64,sh,PW91,dft,-10420.727799,-197.1353090472413,1 1 1,940.6673802885852,192,44.6161167913036,0.4820535325957477,1.5401969777066302,0.18122834087111162,0.8992903617629575
original_sw_1985,185,64,sh,PW91,dft,-10420.739136,-198.9176325036959,1 1 1,941.7126004133089,192,59.918618720121344,0.5586377530809198,1.6732708970072792,0.21178687170124594,0.8716186983808529
original_sw_1985,186,64,sh,PW91,dft,-10419.199312,-169.37612903126234,1 1 1,901.4058800880196,192,18.96461896565927,0.31428340254109616,0.9638616079625705,0.21476221159861705,1.3091449401376352
original_sw_1985,187,64,sh,PW91,dft,-10419.451516,-172.98453234932703,1 1 1,905.5108848886275,192,26.455620786731018,0.3712003388974172,1.3379436661501887,0.1743364759281961,1.2567043257928514
original_sw_1985,188,64,sh,PW91,dft,-10419.638717,-177.5805195325604,1 1 1,911.2733061537291,192,36.093972409647854,0.433577489768072,1.449701225269396,0.2099968170071275,1.18781704167984
original_sw_1985,189,64,sh,PW91,dft,-10419.914325,-181.59294091891775,1 1 1,916.8788562557008,192,44.969857954053964,0.4839607527241898,1.4750571711918936,0.20992348352286602,1.1294293325180051
original_sw_1985,190,64,sh,PW91,dft,-10420.117295,-185.1057612656197,1 1 1,920.6151541617871,192,55.26375690549111,0.5364998296515102,1.6079160058184527,0.20080563569292986,1.0777129208507916
original_sw_1985,191,64,sh,PW91,dft,-10417.977952,-155.52209824856024,1 1 1,883.4150810002177,192,14.438923504235056,0.27423115538639586,0.9426884906008868,0.23394260362787173,1.506530421117334
original_sw_1985,192,64,sh,PW91,dft,-10418.313008,-158.8914825413462,1 1 1,887.0361208816697,192,19.650258512163955,0.3199142016502559,0.9580409733025771,0.18832582169524045,1.459119041542552
original_sw_1985,193,64,sh,PW91,dft,-10418.675419,-163.03169500168062,1 1 1,892.1421474788272,192,22.96634208114424,0.3458559888247702,1.084635026684472,0.18500004518299,1.4000908937248275
original_sw_1985,194,64,sh,PW91,dft,-10418.74199,-166.63708675816792,1 1 1,897.1872851080312,192,26.76344927179786,0.3733536727518299,1.100371052310413,0.23262938675337216,1.3447968194047322
original_sw_1985,195,64,sh,PW91,dft,-10419.09546,-169.92248383358813,1 1 1,900.7986212701252,192,28.68833677525346,0.3865467897996892,1.1633267801650005,0.20613469854760624,1.2989854588512917
original_sw_1985,196,64,sh,PW91,dft,-10416.611128,-141.49534247506543,1 1 1,866.5739269124423,192,14.831466523839023,0.27793384370804547,0.8753173395070623,0.22157377483653723,1.704341855078209
original_sw_1985,197,64,sh,PW91,dft,-10416.976531,-144.86159214739405,1 1 1,869.839366433069,192,18.82220282343208,0.313101112058137,0.8777827493750209,0.17863024877260428,1.657453625823071
original_sw_1985,198,64,sh,PW91,dft,-10417.215975,-148.8558944607834,1 1 1,874.5550616469533,192,27.31426893048776,0.377176109193425,1.0664226809386756,0.23403807355855585,1.5987839646763455
original_sw_1985,199,64,sh,PW91,dft,-10417.73464,-153.55071997258176,1 1 1,879.6276723454015,192,35.90900129762804,0.4324650834751241,1.4115273217348407,0.198920823423961,1.5335314566795182
original_sw_1985,200,64,sh,PW91,dft,-10417.96655,-157.56391567504195,1 1 1,883.8518480548162,192,47.19453158333263,0.49578710349960103,1.7419448317574089,0.2289887364497069,1.4744488675785559
original_sw_1985,201,64,sh,PW91,dft,-10414.965986,-127.43010836576526,1 1 1,851.1685233227792,192,16.11434051614774,0.2897047753402352,0.9055762851605054,0.24069547333369887,1.8984057942860053
original_sw_1985,202,64,sh,PW91,dft,-10415.436874,-131.13797659190766,1 1 1,854.607795039376,192,19.338114730040235,0.3173631162442997,1.174873676615988,0.19761254095108902,1.847827978252556
original_sw_1985,203,64,sh,PW91,dft,-10415.760721,-135.70545349945695,1 1 1,859.6015887368214,192,28.428837545678974,0.38479457144959567,1.4081863475027756,0.2527060729127402,1.781521260947093
original_sw_1985,204,64,sh,PW91,dft,-10416.404097,-140.78541239051188,1 1 1,865.0195347039047,192,28.354135199548097,0.38428867729565797,1.247871657667626,0.23388409773414837,1.7121996532743595
original_sw_1985,205,64,sh,PW91,dft,-10416.765712,-144.60439619749255,1 1 1,869.5015120383508,192,28.62069934405968,0.38609084736235005,1.4545073874988506,0.2447090522692203,1.6581782656652835
original_sw_1985,206,64,sh,PW91,dft,-10413.407296,-113.4190341702828,1 1 1,837.4061421421947,192,24.089732518794804,0.3542137163757538,1.3223729360475183,0.2462363249322606,2.092974297340421
original_sw_1985,207,64,sh,PW91,dft,-10413.936194,-117.6997837211882,1 1 1,841.2999006252102,192,17.26561897292051,0.2998751387115883,1.0671721795703535,0.21624783287208915,2.0343516168575317
original_sw_1985,208,64,sh,PW91,dft,-10414.428236,-122.92341268146761,1 1 1,846.6845222867704,192,23.323102685714424,0.3485319112430921,1.4240890546157636,0.24165626965278597,1.9604205706031639
original_sw_1985,209,64,sh,PW91,dft,-10415.091694,-128.5836677763995,1 1 1,852.0823357051114,192,17.743597126814212,0.30399764533434137,0.9184177580201929,0.2213080159175781,1.882345615994867
original_sw_1985,210,64,sh,PW91,dft,-10415.428528,-132.1082302733152,1 1 1,855.9927809817084,192,25.39331511250596,0.3636713482587017,1.307856016550242,0.23611545753724136,1.8325373582305549
original_sw_1985,211,64,sh,PW91,dft,-10411.652582,-99.91083555266579,1 1 1,824.8753200441986,192,26.100283540163197,0.3686990327783398,1.636694191181563,0.23982969454798372,2.276622494490706
original_sw_1985,212,64,sh,PW91,dft,-10412.096825,-104.14878678003447,1 1 1,828.675593772475,192,31.7409760516641,0.40659265069897316,1.5042327606929122,0.24542516356506214,2.217345803438069
original_sw_1985,213,64,sh,PW91,dft,-10412.754382,-110.03949688768357,1 1 1,834.0784783199408,192,29.53782215091258,0.39222802513674326,1.6181721838839305,0.25876765979389377,2.13557778613103
original_sw_1985,214,64,sh,PW91,dft,-10413.546255,-116.03898822982346,1 1 1,839.6588506258859,192,35.1179435941619,0.427675059150745,1.3206305012207935,0.26543869982069307,2.0542087495350962
original_sw_1985,215,64,sh,PW91,dft,-10414.062856,-120.88683125538742,1 1 1,843.8368096561896,192,31.823356038968456,0.40711994060263623,1.4854731845031395,0.2457822569803487,1.986533092885678
original_sw_1985,216,64,sh,PW91,dft,-10409.787503,-86.56267826923875,1 1 1,813.5778782821935,192,33.89021899099366,0.42013278525337516,1.3046389765649118,0.2501015814863616,2.456045592669237
original_sw_1985,217,64,sh,PW91,dft,-10410.358766,-90.27817868835191,1 1 1,817.1188240164527,192,50.5585018822154,0.513152541294047,1.9412456156080384,0.24636877394995527,2.4069168829955907
original_sw_1985,218,64,sh,PW91,dft,-10412.240337,-106.03041913526967,1 1 1,830.4854213367631,192,28.48474539524055,0.38517275206528373,1.5061363449669292,0.283158766005266,2.1901876728874994
original_sw_1985,219,64,sh,PW91,dft,-10408.062865,-73.33581341321963,1 1 1,802.9601218941993,192,40.34054917386297,0.4583743305936786,1.4826989472113725,0.23599570773263898,2.6357678872945405
original_sw_1985,220,64,sh,PW91,dft,-10408.587067,-76.91468522430041,1 1 1,806.0210281988852,192,52.23717123180745,0.5216019556766096,1.6157059200178616,0.22842331075289252,2.5880386714964114
original_sw_1985,221,64,sh,PW91,dft,-10409.272145,-82.01396335035373,1 1 1,810.3194447120787,192,53.17061297214058,0.5262416516169787,1.982461761717874,0.2378580144257546,2.519066794526835
original_sw_1985,222,64,sh,PW91,dft,-10409.917002,-87.32631681613147,1 1 1,814.7061429304075,192,50.72463902501275,0.5139949690952964,1.6791466473647465,0.25787378240947,2.4461371622490473
original_sw_1985,223,64,sh,PW91,dft,-10410.439093,-91.78231746895736,1 1 1,818.0306695734748,192,38.430295248917744,0.4473899727919479,2.02491337999099,0.25527562407090826,2.384669823923654
original_sw_1985,224,2,dia,PW91,dft,-326.237661,-8.562813370064973,1 1 1,39.242424094105004,6,0.46338909089088254,0.2779055867529122,0.48134659596328433,0.5521118834378891,-0.006918478781385851
original_sw_1985,225,2,dia,PW91,dft,-326.236413,-8.534241257574822,1 1 1,40.81942539437463,6,0.6638147851226345,0.33261959882189607,0.5761140447527012,0.6832508313691735,0.006743577463701911
original_sw_1985,226,2,dia,PW91,dft,-326.12843,-8.395183428686247,1 1 1,39.70236121214955,6,1.9311208480174293,0.5673213151905818,0.9826293421268854,0.9520494624580524,0.02228099190796584
original_sw_1985,227,2,dia,PW91,dft,-326.229346,-8.523461642616164,1 1 1,41.61655661170498,6,0.6477414782355431,0.32856797324032844,0.5690964233921801,0.6747773924537386,0.008599884943027547
original_sw_1985,228,2,dia,PW91,dft,-326.210046,-8.484188725049673,1 1 1,41.638843210792544,6,1.3349043026892704,0.4716821498087581,0.8169774484920838,0.5380816073484269,0.01858634372625101
original_sw_1985,229,2,dia,PW91,dft,-326.301008,-8.594787218110502,1 1 1,41.83386488332447,6,0.39445134738985205,0.25640181596791006,0.44410097240934526,0.3034940718805998,0.008768097195860136
original_sw_1985,230,2,dia,PW91,dft,-326.312284,-8.610920256992753,1 1 1,41.56078034926101,6,0.2780044199763308,0.21525350170451382,0.372830001459332,0.3585901436180309,0.006339577754711279
original_sw_1985,231,2,dia,PW91,dft,-326.289353,-8.625674710863091,1 1 1,38.58484226532241,6,0.07852620594204941,0.1144014903326944,0.19814919371782647,0.26755131999923554,-0.012503149180443707
original_sw_1985,232,2,dia,PW91,dft,-326.263811,-8.612813268520632,1 1 1,38.526203628606204,6,0.023443166096808646,0.06250755433920054,0.1082662599723678,0.12733019620917368,-0.018843428009229335
original_sw_1985,233,2,dia,PW91,dft,-326.212372,-8.504863187476186,1 1 1,41.63905242829528,6,0.8887872933589762,0.38487818275375046,0.6666285672542756,0.5745721318801786,0.009412112513014215
original_sw_1985,234,2,dia,PW91,dft,-326.251954,-8.5828463178472,1 1 1,37.96112861532236,6,0.23774771882165333,0.19905933739367487,0.3447808860868402,0.557221736205615,-0.009788452672494508
original_sw_1985,235,2,dia,PW91,dft,-326.198837,-8.46488856319199,1 1 1,42.04921452495521,6,1.15945993545769,0.4395944978912744,0.761400005075417,0.6703457878587737,0.02263192465511743
original_sw_1985,236,2,dia,PW91,dft,-326.054673,-8.38553276427335,1 1 1,37.7234392062473,6,0.9280996630222639,0.39329794961374676,0.6812120312436738,0.966139039717714,-0.009772175885585987
original_sw_1985,237,2,dia,PW91,dft,-326.258639,-8.576229666358193,1 1 1,40.39690430261402,6,0.36102878395770127,0.2452987239937261,0.42486985298894836,0.5140856474363003,-0.0031376269279892455
original_sw_1985,238,2,dia,PW91,dft,-326.263087,-8.56944827382414,1 1 1,41.68411478870187,6,0.3014690611003056,0.22415361589034782,0.38824545142236094,0.5511843735690142,0.002477069339021476
original_sw_1985,239,2,dia,PW91,dft,-326.236274,-8.512553953220156,1 1 1,41.50054408458249,6,1.0710873639650227,0.4225098349871126,0.7318085008952214,0.5677588118500085,0.017517729641011393
original_sw_1985,240,2,dia,PW91,dft,-326.113481,-8.477201239643291,1 1 1,37.31730718834658,6,0.30260019752740663,0.2245737434665232,0.3889731337299575,0.4302536131942028,-0.02620241357055697
original_sw_1985,241,2,dia,PW91,dft,-326.273146,-8.578363892096394,1 1 1,40.748305701353026,6,0.4520445624530235,0.27448271422593673,0.47541800683873126,0.4931835087132037,0.003048760202900347
original_sw_1985,242,2,dia,PW91,dft,-326.274482,-8.611262860806312,1 1 1,39.500995337559765,6,0.15589184778166482,0.16118925097622816,0.27918797232479853,0.21282465607474463,-0.012732724152067831
original_sw_1985,243,2,dia,PW91,dft,-326.131924,-8.486336890959286,1 1 1,37.20990087927833,6,0.26112583421241514,0.20861680749339412,0.36133490989137435,0.4635807977400847,-0.021548739228530955
original_sw_1985,244,2,dia,PW91,dft,-326.067312,-8.429529327013244,1 1 1,35.66425617802761,6,0.16623459215764222,0.16645048921408143,0.2883007042634846,0.43343705536867366,-0.02545095725551505
original_sw_1985,245,2,dia,PW91,dft,-326.174643,-8.49159935633494,1 1 1,38.34769718148579,6,0.5763673103521451,0.3099374427074344,0.5368273979372447,1.0541138938780128,-0.0028204719163689163
original_sw_1985,246,2,dia,PW91,dft,-326.17604,-8.49709483908819,1 1 1,41.34700550117968,6,0.33586622431745716,0.2365960778476886,0.409796427703718,0.4358379494720486,-0.00486971329299557
original_sw_1985,247,2,dia,PW91,dft,-326.192207,-8.540947827347841,1 1 1,38.04747532938162,6,0.1679787789138916,0.1673214366192069,0.2898092294198821,0.48981244641869476,-0.01871270742282327
original_sw_1985,248,2,dia,PW91,dft,-326.29298,-8.630198165924597,1 1 1,38.21280199413673,6,0.044943708738509655,0.08654835713683387,0.14990615187261272,0.2609271924630828,-0.01295137671119928
original_sw_1985,249,2,dia,PW91,dft,-326.239,-8.575534871297505,1 1 1,38.18432717652379,6,0.2205984128863712,0.19174567047974914,0.3321132434022855,0.5519473666634045,-0.012609729397665248
original_sw_1985,250,2,dia,PW91,dft,-326.15688,-8.510485874168527,1 1 1,36.0928357172667,6,0.08154783947946147,0.11658175920747742,0.2019255301831117,0.3503245521893472,-0.021145230833163886
original_sw_1985,251,2,dia,PW91,dft,-326.310336,-8.625839042806296,1 1 1,39.778068265562354,6,0.2387343286109149,0.1994719398022835,0.3454955344218757,0.4813184306326392,-0.0020938151520457637
original_sw_1985,252,2,dia,PW91,dft,-326.266373,-8.589840052666805,1 1 1,39.20362446925621,6,0.36072442286463724,0.245195304082493,0.4246907244481784,0.4664005152227,-0.006075820082309669
original_sw_1985,253,2,dia,PW91,dft,-326.091245,-8.422790114727038,1 1 1,36.81122245171338,6,0.7520616361322098,0.3540389894094081,0.6132135175174347,0.8967409129546096,-0.010114851112412282
original_sw_1985,254,2,dia,PW91,dft,-326.158103,-8.502187396899242,1 1 1,36.822947898703845,6,0.31674196137983784,0.22976145650791746,0.39795851629273993,0.6323970041305804,-0.01638449219853033
original_sw_1985,255,2,dia,PW91,dft,-326.162733,-8.527062548415506,1 1 1,37.42848779753096,6,0.09617728961513064,0.1266078523204167,0.2192912328561389,0.33551037827961944,-0.026507067956652364
original_sw_1985,256,2,dia,PW91,dft,-326.206012,-8.56131942333467,1 1 1,37.9196199977596,6,0.05273115917690674,0.09374714144700336,0.16237481205055598,0.21835498086067712,-0.021996005416242248
original_sw_1985,257,2,dia,PW91,dft,-326.113559,-8.47358183863667,1 1 1,36.22879362847715,6,0.14320145516767852,0.1544891879537629,0.2675831227559754,0.5425007558212861,-0.024353713067231553
original_sw_1985,258,2,dia,PW91,dft,-326.228842,-8.568677021737578,1 1 1,37.96530437003858,6,0.16903757915844148,0.16784793671576737,0.29072115433731477,0.5199423226025492,-0.014259804617696936
original_sw_1985,259,2,dia,PW91,dft,-326.170096,-8.510915823725558,1 1 1,38.06188218247715,6,0.31225922165681347,0.22812979553199295,0.3951323965817113,0.6380294702963701,-0.014752205611679337
original_sw_1985,260,2,dia,PW91,dft,-326.148184,-8.506010197710955,1 1 1,37.0408192792346,6,0.20633912430502716,0.18544501624696702,0.3212001901501828,0.45062847690752966,-0.02325539260437104
original_sw_1985,261,2,dia,PW91,dft,-326.152037,-8.519766123181107,1 1 1,37.100526936811725,6,0.05841874602008254,0.0986734902089399,0.17090749840203417,0.2687560222581068,-0.028206855339450776
original_sw_1985,262,2,dia,PW91,dft,-326.164069,-8.515175525758115,1 1 1,37.029251105368566,6,0.22184480785362518,0.19228659506650705,0.3330501522696133,0.47849215089347774,-0.019895556627966826
original_sw_1985,263,2,dia,PW91,dft,-326.15415,-8.507220349554773,1 1 1,36.87700269739967,6,0.21010676321939142,0.18713041941356987,0.32411939406597645,0.5263524115393918,-0.020877468526279586
original_sw_1985,264,2,dia,PW91,dft,-326.052427,-8.409045867986272,1 1 1,35.94891656818057,6,0.2889813117236339,0.21946196015241226,0.38011926531263457,0.631287375817596,-0.022651727742025507
original_sw_1985,265,2,dia,PW91,dft,-326.096523,-8.44827624766069,1 1 1,36.37386441031273,6,0.43044803416551497,0.2678457373705727,0.463922425716582,0.6794105058799136,-0.02021891757925065
original_sw_1985,266,2,dia,PW91,dft,-326.099767,-8.458616569708614,1 1 1,35.77024400396622,6,0.12626674930754256,0.14506708178606117,0.2512635561592077,0.5176383229308537,-0.02376707860321492
original_sw_1985,267,2,dia,PW91,dft,-326.122666,-8.487655533063764,1 1 1,36.04896409342738,6,0.016592529105297193,0.0525872752436322,0.09108383255358003,0.20277952896351906,-0.026837060280792358
original_sw_1985,268,2,dia,PW91,dft,-326.149012,-8.518897585111436,1 1 1,37.263565278689484,6,0.0233547118569691,0.06238951815939531,0.1080618153118139,0.17225547132094238,-0.029285086304605024
original_sw_1985,269,2,dia,PW91,dft,-325.828555,-8.204815879955978,1 1 1,34.37039567506351,6,0.19002084580016868,0.1779610658731139,0.30823760786134513,0.41097516818740604,-0.032472733726892855
original_sw_1985,270,2,dia,PW91,dft,-325.874658,-8.20715069976688,1 1 1,35.46313690409582,6,1.5816559901856908,0.5134289938225296,0.8892851033795885,0.5612021169180792,-0.010588643632335248
original_sw_1985,271,2,dia,PW91,dft,-325.850097,-8.218322384370214,1 1 1,34.68789032520507,6,0.40823687726185803,0.26084378379337125,0.45179468636863035,0.5445443067679006,-0.028454985934005528
original_sw_1985,272,2,dia,PW91,dft,-326.000799,-8.376728982648878,1 1 1,34.89304434269461,6,0.034101237479535695,0.07538925374297464,0.13057801782753437,0.45475316737031457,-0.032307285073353675
original_sw_1985,273,2,dia,PW91,dft,-326.052776,-8.420301220328593,1 1 1,35.02018134673118,6,0.029040301650945597,0.06957046985005634,0.12049958848673657,0.2743951336424658,-0.028104903913200197
original_sw_1985,274,2,dia,PW91,dft,-326.160489,-8.517243833696448,1 1 1,36.32480249789512,6,0.08207231370936884,0.1169560556429699,0.20257383062647666,0.3203386743224531,-0.022719710597132625
original_sw_1985,275,2,dia,PW91,dft,-325.826663,-8.216789596398078,1 1 1,33.5825114229924,6,0.10586645651761827,0.13283226046259636,0.23007222400543959,0.4774884574172099,-0.03940559194794169
original_sw_1985,276,2,dia,PW91,dft,-326.109939,-8.464640660441976,1 1 1,35.81823913638979,6,0.14909124063515192,0.15763419713329546,0.27303043844519603,0.5429638543525097,-0.021693123969890316
original_sw_1985,277,2,dia,PW91,dft,-326.170873,-8.507206225484163,1 1 1,37.13859963710017,6,0.3647327377185255,0.24655382702313555,0.42704375520461924,0.7110975146208852,-0.012508906490996452
original_sw_1985,278,2,dia,PW91,dft,-326.08101,-8.43555123161537,1 1 1,35.92221066092561,6,0.2765371909778148,0.2146847265867691,0.37184485405731726,0.6965088579958382,-0.021612909556590232
original_sw_1985,279,2,dia,PW91,dft,-326.012398,-8.378343577745047,1 1 1,34.796452339625056,6,0.12179319848926054,0.1424740903283006,0.24677236321077445,0.4495111595945088,-0.027315082621415243
original_sw_1985,280,2,dia,PW91,dft,-325.916679,-8.289664871871869,1 1 1,34.48332301460961,6,0.14676300075358323,0.15639852980638022,0.2708901998537262,0.8722587574032528,-0.030835229684841536
original_sw_1985,281,2,dia,PW91,dft,-325.846255,-8.232770096912196,1 1 1,34.066924180526854,6,0.2875405564081674,0.2189141979589901,0.3791705133631619,0.7698150430893558,-0.03759984220500634
original_sw_1985,282,2,dia,PW91,dft,-326.090051,-8.43378821973549,1 1 1,36.39909624052078,6,0.5389243330699698,0.2997010546833766,0.5190974537935868,0.6691253002988304,-0.016210903616637573
original_sw_1985,283,2,dia,PW91,dft,-325.972499,-8.33246416462703,1 1 1,34.93528829875195,6,0.42164398242171325,0.26509243118256987,0.4591535595101672,0.6111266662212235,-0.02432487606240219
original_sw_1985,284,2,dia,PW91,dft,-325.937863,-8.311327858972117,1 1 1,34.209623346673055,6,0.16059136132359883,0.16360081566809645,0.28336492489685355,0.4038949480991313,-0.031074723234962853
original_sw_1985,285,2,dia,PW91,dft,-326.121231,-8.469605509191084,1 1 1,36.59931450200402,6,0.29287810504810846,0.22093668212412823,0.3826735586946849,0.5745113532385587,-0.018529548344431213
original_sw_1985,286,2,dia,PW91,dft,-325.823033,-8.18470618591229,1 1 1,34.756330455734386,6,0.9160681217310848,0.39074034893841475,0.6767821369285265,0.8040433250349968,-0.025178886705041315
original_sw_1985,287,2,dia,PW91,dft,-325.81248,-8.202113444594724,1 1 1,34.48037804952582,6,0.45487563712189927,0.27534089087344654,0.4769044123940876,0.8557813133622398,-0.03915901604626626
original_sw_1985,288,2,dia,PW91,dft,-325.540883,-7.977165707008544,1 1 1,32.570173364643516,6,0.7283297576224373,0.34840822742448674,0.6034607516742236,0.7704498894801661,-0.06248364725316913
original_sw_1985,289,2,dia,PW91,dft,-325.681274,-8.135475917551567,1 1 1,34.23973850787317,6,0.4880831930537311,0.28521430336203074,0.49400566446840033,0.9469389308890692,-0.07144325252469752
original_sw_1985,290,2,dia,PW91,dft,-325.906262,-8.287677452495691,1 1 1,34.11800303677697,6,0.06725116638429088,0.10587033451687562,0.18337279839754164,0.07291635938982874,-0.035050019996733184
original_sw_1985,291,2,dia,PW91,dft,-325.884772,-8.279349098379802,1 1 1,34.36933992571642,6,0.30157782868835664,0.2241940486454969,0.38831548300856933,0.3649607899487286,-0.041630842938802815
original_sw_1985,292,2,dia,PW91,dft,-325.760685,-8.119071904579085,1 1 1,34.152270134925985,6,0.9245196995837113,0.3925386816573434,0.6798969405666242,0.9566699440768484,-0.023535746038431782
original_sw_1985,293,2,dia,PW91,dft,-325.899816,-8.296142163083976,1 1 1,34.12573595555145,6,0.06356886804926933,0.10293109997248104,0.17828189483128878,0.09286357987212569,-0.042505375290895486
original_sw_1985,294,2,dia,PW91,dft,-325.990988,-8.371156995640053,1 1 1,35.16837229516589,6,0.1490323350067638,0.1576030535907452,0.27297649624717135,0.434881222404463,-0.03442679156891959
original_sw_1985,295,2,dia,PW91,dft,-325.824101,-8.209514239744252,1 1 1,33.723161689837696,6,0.3082234319738045,0.22665077100163167,0.392570650949485,0.5574937316837443,-0.03704891362103435
original_sw_1985,296,2,dia,PW91,dft,-325.897974,-8.301862098772705,1 1 1,34.39451860976406,6,0.07770747917108717,0.11380354356747653,0.19711351954024794,0.49234557575616206,-0.04628634313526536
original_sw_1985,297,2,dia,PW91,dft,-325.783289,-8.162133254375279,1 1 1,34.09363244979684,6,1.0621100668876877,0.42073548041647413,0.7287352286282336,0.733925595752049,-0.033764420936527983
original_sw_1985,298,2,dia,PW91,dft,-325.829495,-8.206431843790547,1 1 1,33.67274308173115,6,0.25369235008246,0.2056260157350637,0.35615470661108783,0.6893148358092017,-0.03281071564417015
original_sw_1985,299,2,dia,PW91,dft,-326.019368,-8.387804096137216,1 1 1,35.67175221499578,6,0.2374067522407766,0.19891654541573317,0.3445335631261321,0.7390357872705939,-0.02856034181751621
original_sw_1985,300,2,dia,PW91,dft,-326.051333,-8.425057029761911,1 1 1,35.369569887625126,6,0.047839568769118365,0.08929312102015322,0.15466022237330207,0.39068266018172176,-0.03120430862985657
original_sw_1985,301,2,dia,PW91,dft,-325.916208,-8.30002817566316,1 1 1,34.36209444469479,6,0.06624062692671084,0.10507190151408292,0.18198987187026522,0.5768186001970925,-0.03625238158048916
original_sw_1985,302,2,dia,PW91,dft,-325.592591,-7.993733516852092,1 1 1,32.4544975016076,6,0.3421976486741337,0.23881570602807714,0.4136409364860629,0.8436766278814019,-0.044913552174933535
original_sw_1985,303,2,dia,PW91,dft,-325.506267,-7.882632278513957,1 1 1,32.15081691830926,6,1.6815417527093424,0.5293930097620202,0.916935590079626,0.8262192890712086,-0.032524933005889434
original_sw_1985,304,2,dia,PW91,dft,-325.774701,-8.17082029046364,1 1 1,33.118309173256584,6,0.0845492999966655,0.1187078346169462,0.20560800081303476,0.2983139032406413,-0.042401938980724196
original_sw_1985,305,2,dia,PW91,dft,-325.719906,-8.122593245865447,1 1 1,33.22853877888028,6,0.12947690934741865,0.14689957416969063,0.254437526072137,0.7223417779232578,-0.04568591668163435
original_sw_1985,306,2,dia,PW91,dft,-325.970205,-8.345984623744247,1 1 1,34.995949882226384,6,0.10296355712285478,0.1309984459976878,0.22689596418056335,0.3288813446112949,-0.03223210562101375
original_sw_1985,307,2,dia,PW91,dft,-325.891364,-8.273050729958634,1 1 1,34.03473488920352,6,0.06755035640010387,0.10610557352632634,0.18378024431383247,0.6339708589780237,-0.035185658728212665
original_sw_1985,308,2,dia,PW91,dft,-325.900213,-8.286463434159995,1 1 1,34.14525972137586,6,0.12489605467928104,0.1442775419572066,0.24989603306103247,0.2750933415527658,-0.03746751082889421
original_sw_1985,309,2,dia,PW91,dft,-325.688405,-8.099267036884825,1 1 1,33.06249195026083,6,0.082713022923663,0.11741168519619545,0.20336300416209344,0.7899225491569833,-0.049773312191319086
original_sw_1985,310,2,dia,PW91,dft,-325.82164,-8.196059918025085,1 1 1,33.99650847198679,6,0.5202507369165551,0.2944629962368093,0.5100248704311169,0.8479585705681617,-0.03155225276144247
original_sw_1985,311,2,dia,PW91,dft,-325.597441,-8.045489082818252,1 1 1,32.91631707899788,6,0.9460688704668014,0.39708707493168327,0.6877749888105857,0.3320581234763978,-0.06836633515802504
original_sw_1985,312,2,dia,PW91,dft,-325.624041,-8.05249467483514,1 1 1,32.78703984591281,6,0.7964007839931068,0.36432604079155684,0.6310312131713878,0.39419934373359883,-0.058569131166482435
original_sw_1985,313,2,dia,PW91,dft,-325.601864,-8.034704664947482,1 1 1,32.737069545076466,6,0.5102897716584449,0.2916304086963626,0.5051186848941767,0.5481577117642938,-0.06076262622265283
original_sw_1985,314,2,dia,PW91,dft,-325.639236,-8.053772837565075,1 1 1,32.46259757061399,6,0.0740765165405172,0.11111294294584317,0.19245326256070225,0.43941755396585297,-0.051610712531447334
original_sw_1985,315,2,dia,PW91,dft,-325.735582,-8.1408168086263,1 1 1,32.95310876686775,6,0.14411520918597165,0.15498129413253484,0.26843547566032694,0.13198724597475317,-0.04695969806203948
original_sw_1985,316,2,dia,PW91,dft,-325.622407,-8.060946824906779,1 1 1,32.50039650842978,6,0.10139347106997508,0.1299958147210742,0.2251593558682107,0.15931184795864997,-0.06361220620228547
original_sw_1985,317,2,dia,PW91,dft,-325.541994,-7.988769271482772,1 1 1,32.457662661263036,6,0.6624245565643246,0.33227111334077897,0.5755104501937064,0.19115210113066156,-0.06772992949029266
original_sw_1985,318,2,dia,PW91,dft,-325.609169,-7.985510487376944,1 1 1,32.87071383378769,6,0.7527131767256316,0.35419231516358257,0.6134790855137737,1.2054153299865846,-0.03251303743736855
original_sw_1985,319,2,dia,PW91,dft,-325.921061,-8.295809158830595,1 1 1,34.19556196544802,6,0.14232136351181415,0.1540137242325145,0.2667595954336172,0.572519069988066,-0.03171637316419407
original_sw_1985,320,2,dia,PW91,dft,-325.263425,-7.735269638173847,1 1 1,30.9540904868635,6,0.043540723701871314,0.08518677880777756,0.14754782902820243,0.8123203681635303,-0.08026461283583242
original_sw_1985,321,2,dia,PW91,dft,-325.713595,-8.082140630959415,1 1 1,33.456789832094806,6,0.7579303419463438,0.35541767493714205,0.6156014708991298,1.0451038032814413,-0.028615109228609548
original_sw_1985,322,2,dia,PW91,dft,-325.648591,-8.060084157448262,1 1 1,32.57240399038872,6,0.10864573981381856,0.134564569268077,0.23307267087093098,0.4899863034140172,-0.050088872473026846
original_sw_1985,323,2,dia,PW91,dft,-325.404926,-7.823962256673197,1 1 1,32.233977651986194,6,0.9134980053772778,0.3901918343108677,0.6758320817249207,0.28408746710593674,-0.05386042208550501
original_sw_1985,324,2,dia,PW91,dft,-325.500775,-7.932858127263069,1 1 1,32.1221578950876,6,0.44324755210531014,0.2717988079766938,0.47076934485229105,0.3574052288369604,-0.06038385738044738
original_sw_1985,325,2,dia,PW91,dft,-325.704869,-8.091586990250635,1 1 1,33.18913818754807,6,1.2906817719245962,0.4638034375186318,0.8033311185073678,0.45880561875373765,-0.03770128887423141
original_sw_1985,326,2,dia,PW91,dft,-325.824011,-8.216020061651705,1 1 1,33.39870620854934,6,0.024726487208093745,0.06419564783806576,0.11119012368032931,0.1890111479075595,-0.04034682457476091
original_sw_1985,327,2,dia,PW91,dft,-325.421726,-7.879175637951769,1 1 1,31.577523609725635,6,0.19263236203843626,0.1791797803131612,0.3103484831914252,0.38567344092293077,-0.07306711272479616
original_sw_1985,328,16,dia,PW91,dft,-2610.73934,-69.20996243035519,1 1 1,326.43914658726345,48,0.40389578916770064,0.09173055983509765,0.28933302411155454,0.2960158199847603,0.0012438043539049204
original_sw_1985,329,16,dia,PW91,dft,-2610.732741,-69.17831696447938,1 1 1,328.4464414532255,48,0.2966585698416166,0.07861543659931138,0.22523979549871853,0.2611697718877831,0.002809208471125757
original_sw_1985,330,16,dia,PW91,dft,-2610.74796,-69.16157624079527,1 1 1,330.4605461633847,48,0.37128536066275275,0.08794948368509059,0.22048364857855468,0.19521008513265906,0.004806691201403979
original_sw_1985,331,16,dia,PW91,dft,-2610.697766,-69.08766683500502,1 1 1,331.09453941772887,48,0.4941211707199746,0.10146029300502801,0.28464782840822583,0.25876570848452857,0.006288904063270984
original_sw_1985,332,16,dia,PW91,dft,-2610.684849,-69.08342885638996,1 1 1,329.90442250700517,48,0.5841175961306724,0.11031371893856029,0.2838369762155848,0.3029653732620831,0.0057464652267400496
original_sw_1985,333,16,dia,PW91,dft,-2610.748093,-69.18767279024625,1 1 1,327.64299189674074,48,0.4521366838035272,0.09705418201142502,0.2718965351009894,0.24873851683712625,0.003183969360717853
original_sw_1985,334,16,dia,PW91,dft,-2610.718691,-69.1745511551074,1 1 1,325.7843227553519,48,0.5194856601093951,0.10403181205259154,0.2868846696941287,0.30283772840898915,0.0021664465568891345
original_sw_1985,335,16,dia,PW91,dft,-2610.715952,-69.17529960244663,1 1 1,325.61983033877624,48,0.4824266751429841,0.1002524599805187,0.2949299342024538,0.30851745079627724,0.0019484810981857947
original_sw_1985,336,16,dia,PW91,dft,-2610.715371,-69.15469822718642,1 1 1,327.28698933791196,48,0.4707102186438833,0.09902758650201586,0.24270265260503882,0.2924273958039271,0.0031997545519342196
original_sw_1985,337,16,dia,PW91,dft,-2610.663313,-69.05576538146703,1 1 1,329.73772947010787,48,0.690942062971243,0.11997760754366164,0.2880622255666271,0.3282475205986584,0.006129432409410995
original_sw_1985,338,16,dia,PW91,dft,-2610.657972,-69.02088776957616,1 1 1,331.4098386169702,48,0.6936920682761618,0.12021613073579895,0.328657733013875,0.30033163303602123,0.007975470652587191
original_sw_1985,339,16,dia,PW91,dft,-2610.673933,-69.03482963299906,1 1 1,331.0883332657728,48,0.5684863178762976,0.10882768469353835,0.29150615711618105,0.2575500638993967,0.008101666688659748
original_sw_1985,340,16,dia,PW91,dft,-2610.572826,-68.91876156165199,1 1 1,328.8612095237667,48,1.0661756189911311,0.14903688155055858,0.3964982497055817,0.39198609851519817,0.009036733647854511
original_sw_1985,341,16,dia,PW91,dft,-2610.676902,-69.0885425087932,1 1 1,326.2029314554719,48,0.6092382782501472,0.11266083671893885,0.3393877172956688,0.2817792675311948,0.004930174451533986
original_sw_1985,342,16,dia,PW91,dft,-2610.674456,-69.10584586144655,1 1 1,324.8013596649154,48,0.6595172382275801,0.11721750066894698,0.3039669407637246,0.3098207579324428,0.0036958399107014372
original_sw_1985,343,16,dia,PW91,dft,-2610.686083,-69.11516998688455,1 1 1,325.5880783880847,48,0.5772628981516075,0.10966453564465811,0.295261767990091,0.2881539403542257,0.003839769570817886
original_sw_1985,344,16,dia,PW91,dft,-2610.679104,-69.08435220983434,1 1 1,328.14225495997994,48,0.5991884595748164,0.11172776247562051,0.3111685028767845,0.30803603320742634,0.00532969313644216
original_sw_1985,345,16,dia,PW91,dft,-2610.660522,-69.03171805658761,1 1 1,330.84486903297824,48,0.5485702492633079,0.10690438185431057,0.2856207761968593,0.2847709076828249,0.007457952714381655
original_sw_1985,346,16,dia,PW91,dft,-2610.636109,-68.9829552434793,1 1 1,331.86415130781023,48,0.7450302634286439,0.12458516693984915,0.3339932145511741,0.27228205008777207,0.008979816033645172
original_sw_1985,347,16,dia,PW91,dft,-2610.639725,-69.00980508436626,1 1 1,330.5149518589235,48,0.6599074674278835,0.11725217370301033,0.31744017975270405,0.30688215486228043,0.007527700978207541
original_sw_1985,348,16,dia,PW91,dft,-2610.592744,-69.14693738539862,1 1 1,315.67850308321124,48,0.5283153417609354,0.1049121995766912,0.32755902892659555,0.3554014500650403,-0.003979380336311955
original_sw_1985,349,16,dia,PW91,dft,-2610.672597,-69.23167706283326,1 1 1,315.7000284755459,48,0.26628176888819904,0.07448178872608713,0.20464016373417349,0.2060009097926916,-0.004284797675965457
original_sw_1985,350,16,dia,PW91,dft,-2610.605762,-69.13364394676393,1 1 1,315.72967486506184,48,0.6038922436532851,0.11216545105086254,0.38210782093899964,0.3290134543791485,-0.00233491542163744
original_sw_1985,351,16,dia,PW91,dft,-2610.585733,-69.10749584916415,1 1 1,315.76753165989015,48,0.6416354919919792,0.11561749903525087,0.39278830886424165,0.343961030799033,-0.0019524718216672454
original_sw_1985,352,16,dia,PW91,dft,-2610.619893,-69.15739391366905,1 1 1,315.8137469735702,48,0.4526520896512679,0.09710948392270832,0.24715733074297333,0.29601238197638513,-0.00293610085321383
original_sw_1985,353,16,dia,PW91,dft,-2610.577733,-69.10797399471534,1 1 1,315.868147766627,48,0.635852508768513,0.11509529645476693,0.40234690109970117,0.36595243327628435,-0.002482355918604462
original_sw_1985,354,16,dia,PW91,dft,-2610.560267,-69.08585114178283,1 1 1,315.9310289646796,48,0.6878700169766923,0.11971058998134246,0.39171544782181894,0.3899444523369109,-0.002191302610337509
original_sw_1985,355,16,dia,PW91,dft,-2610.591773,-69.11634941304422,1 1 1,316.00242307228376,48,0.6507144823486223,0.11643260589541186,0.3474108025971459,0.3463482478511813,-0.0021283195641581543
original_sw_1985,356,16,dia,PW91,dft,-2610.597084,-69.11129564945105,1 1 1,316.08189559327263,48,0.7634561385002159,0.12611635983786756,0.3318323136334031,0.3458360627492695,-0.0014805218395919084
original_sw_1985,357,16,dia,PW91,dft,-2610.58134,-69.0881790334793,1 1 1,316.1684861162612,48,0.7245849586421615,0.12286382694557295,0.40258375637768157,0.3441308994136533,-0.0010197333413461962
original_sw_1985,358,16,dia,PW91,dft,-2610.548628,-69.04552228788371,1 1 1,316.26205229706125,48,0.794119893028375,0.12862412074759208,0.3715735889690827,0.3872787421494153,-0.00039818674163250023
original_sw_1985,359,16,dia,PW91,dft,-2610.624833,-69.14123213489047,1 1 1,316.3621885650701,48,0.607219591684482,0.11247403327032145,0.35943285960929516,0.3054886220944516,-0.0016172396795646193
original_sw_1985,360,16,dia,PW91,dft,-2610.604139,-69.12274883368057,1 1 1,316.4684307980907,48,0.6463949759383945,0.11604551692640501,0.292858731994345,0.34111153787409965,-0.0017554083539348397
original_sw_1985,361,16,dia,PW91,dft,-2610.586916,-69.10775293607628,1 1 1,316.580724586471,48,0.6507759267728603,0.11643810290350802,0.3085328362210375,0.3723299378491475,-0.001894602253655897
original_sw_1985,362,16,dia,PW91,dft,-2610.604001,-69.12595311099774,1 1 1,316.69892812218814,48,0.6181875140796635,0.11348527016016803,0.34765445169751935,0.3486233368909775,-0.0019643006862501977
original_sw_1985,363,16,dia,PW91,dft,-2610.568714,-69.06768647438116,1 1 1,316.8225481018009,48,0.7621992229438452,0.12601250127664626,0.3486029917403664,0.390836502040282,-0.0005280733977235386
original_sw_1985,364,16,dia,PW91,dft,-2610.574051,-69.0664739771912,1 1 1,316.95106144120973,48,0.7216926207200864,0.12261836294645459,0.36720728978455286,0.3673675842367106,-0.00011872982334715232
original_sw_1985,365,16,dia,PW91,dft,-2610.608002,-69.09977628496148,1 1 1,317.08332963890354,48,0.6928070598069273,0.12013942072710489,0.3365710732341084,0.32544414637922126,-7.818655899693994e-05
original_sw_1985,366,16,dia,PW91,dft,-2610.579303,-69.05472481365011,1 1 1,317.2185061213697,48,0.888455097116917,0.13604955417029402,0.3237224594064991,0.36510100300864234,0.0009438428979660074
original_sw_1985,367,16,dia,PW91,dft,-2610.554032,-69.02740350382926,1 1 1,317.35632955551176,48,0.9718119695097124,0.14228873004605463,0.40825433114775656,0.4013929052790213,0.0010719872617706017
original_sw_1985,368,16,dia,PW91,dft,-2610.449497,-69.10908649419737,1 1 1,306.9627658825496,48,0.14717782283181052,0.05537332067276971,0.13702078129951809,0.21721952889972085,-0.010566637136232515
original_sw_1985,369,16,dia,PW91,dft,-2610.326348,-68.93534826616273,1 1 1,306.98334856288653,48,0.8061054248967386,0.12959113788636187,0.32305961986443604,0.4221374838174762,-0.007404810384068483
original_sw_1985,370,16,dia,PW91,dft,-2610.37558,-68.9958035179919,1 1 1,307.01238961135033,48,0.44515995144463355,0.09630246962096316,0.2664097498569234,0.3317267697625311,-0.008106263623401055
original_sw_1985,371,16,dia,PW91,dft,-2610.305575,-68.89495740214457,1 1 1,307.0497184336666,48,0.9725506367155399,0.1423427960883178,0.35304253114949413,0.44021028969118836,-0.006178693882945119
original_sw_1985,372,16,dia,PW91,dft,-2610.370586,-68.98144873789892,1 1 1,307.0953083161092,48,0.4458549901937298,0.09637761995938704,0.3402403514462912,0.33608985074679065,-0.007521214867582948
original_sw_1985,373,16,dia,PW91,dft,-2610.267229,-68.83988173848299,1 1 1,307.1489324976939,48,0.9999433240726959,0.14433347700671467,0.3795288557409801,0.492319119897518,-0.005133089904084898
original_sw_1985,374,16,dia,PW91,dft,-2610.389829,-68.9789197685793,1 1 1,307.21042167593447,48,0.5731716355131096,0.10927522930589736,0.3869015203535554,0.29921742134343826,-0.006160466785095409
original_sw_1985,375,16,dia,PW91,dft,-2610.289323,-68.8425510913486,1 1 1,307.27874606737515,48,1.0979587799611694,0.1512419956532941,0.43646778841349326,0.4272248838092572,-0.003919049458190216
original_sw_1985,376,16,dia,PW91,dft,-2610.337563,-68.9144424041397,1 1 1,307.35365064238374,48,0.8004073511214679,0.12913230869292128,0.3772101620521788,0.37549429260254186,-0.0053972565076296775
original_sw_1985,377,16,dia,PW91,dft,-2610.369769,-68.96885309654307,1 1 1,307.434823186091,48,0.6612928619756725,0.11737518743113119,0.3617757147809745,0.37442981146894094,-0.006785049782848773
original_sw_1985,378,16,dia,PW91,dft,-2610.38323,-68.99795772111351,1 1 1,307.5222953195719,48,0.4846080973164441,0.10047886358546218,0.2529719869383774,0.35752450196921237,-0.0077627763185006415
original_sw_1985,379,16,dia,PW91,dft,-2610.403752,-69.02090498664445,1 1 1,307.6158982233406,48,0.5213133412233477,0.10421465640119792,0.296095623448133,0.3314946427860235,-0.007914355414168739
original_sw_1985,380,16,dia,PW91,dft,-2610.400459,-69.0122128254321,1 1 1,307.71537770846794,48,0.4986353239373822,0.10192269578147023,0.2732228573636008,0.3375568317921937,-0.00757690783841003
original_sw_1985,381,16,dia,PW91,dft,-2610.420417,-69.02329993305074,1 1 1,307.8202206634318,48,0.5295849035963506,0.1050381779398518,0.26461545266583303,0.3051247833912928,-0.007022477064583477
original_sw_1985,382,16,dia,PW91,dft,-2610.414036,-69.00717916527995,1 1 1,307.9296257614218,48,0.6110160814973147,0.11282509338733437,0.31168268657351555,0.31326989513503634,-0.006413741578890075
original_sw_1985,383,16,dia,PW91,dft,-2610.432874,-69.02549575784033,1 1 1,308.0428778322855,48,0.5567147396433132,0.10769504975888643,0.27854508014106405,0.28446029541704054,-0.006381153613916446
original_sw_1985,384,16,dia,PW91,dft,-2610.398504,-68.97487843239128,1 1 1,308.1596068898135,48,0.7015200765815672,0.12089252084165222,0.3210538218192412,0.3405206419954596,-0.005365695773369872
original_sw_1985,385,16,dia,PW91,dft,-2610.412475,-68.99251945364888,1 1 1,308.2792119950771,48,0.5904380066522822,0.11090893474042512,0.3801903773233058,0.321116793306968,-0.005595072101950649
original_sw_1985,386,16,dia,PW91,dft,-2610.380417,-68.95766123331963,1 1 1,308.40143571996714,48,0.6016645465071931,0.11195837642728297,0.3776425673747811,0.36015056080177543,-0.005420058331386812
original_sw_1985,387,16,dia,PW91,dft,-2610.395318,-68.97892126684162,1 1 1,308.52642381172615,48,0.6129230252449295,0.11300101633437948,0.34220985763675105,0.3741884118217274,-0.005817497926511095
original_sw_1985,388,16,dia,PW91,dft,-2610.077978,-68.76849433796278,1 1 1,299.33189773875466,48,0.39446750159552535,0.0906535876284374,0.2599017251548393,0.23890896705562004,-0.012499564871586877
original_sw_1985,389,16,dia,PW91,dft,-2610.052509,-68.70885077674038,1 1 1,299.3463589777257,48,0.6121414796945783,0.11292894887333826,0.32334568439901373,0.27819572718681357,-0.010363654795168209
original_sw_1985,390,16,dia,PW91,dft,-2610.049447,-68.69698509250999,1 1 1,299.36614881984076,48,0.5414325529610704,0.10620661398121886,0.3253635896884208,0.25385636703737935,-0.009813424530783266
original_sw_1985,391,16,dia,PW91,dft,-2610.027046,-68.66091320213437,1 1 1,299.3909014540558,48,0.6193882209497303,0.11359542803205615,0.32480088526814,0.2888639852328139,-0.008958993882289157
original_sw_1985,392,16,dia,PW91,dft,-2610.01602,-68.63864207085099,1 1 1,299.42056131441973,48,0.6141017766572003,0.11310962387742111,0.2719039144032726,0.3019742168733119,-0.008256173177086268
original_sw_1985,393,16,dia,PW91,dft,-2610.012254,-68.62617425268786,1 1 1,299.45490380694974,48,0.6393059298543169,0.11540742410534775,0.3007201998585968,0.2967008542356538,-0.007712309541878959
original_sw_1985,394,16,dia,PW91,dft,-2609.933061,-68.50267738247054,1 1 1,299.493986373242,48,1.0718277064447512,0.1494314019350205,0.4644794281781006,0.3994338345969622,-0.0049433176532982515
original_sw_1985,395,16,dia,PW91,dft,-2610.011449,-68.58753430968139,1 1 1,299.53727442719645,48,0.9796569548406003,0.14286189097345908,0.48476838762664415,0.29381217693026274,-0.005347625603982387
original_sw_1985,396,16,dia,PW91,dft,-2609.949721,-68.51038592573511,1 1 1,299.58462817394513,48,1.2672533415970066,0.16248418779460042,0.4149619414060409,0.3886383171219954,-0.004383851607347999
original_sw_1985,397,16,dia,PW91,dft,-2610.040764,-68.63177667987179,1 1 1,299.6358232194036,48,0.9567681618111983,0.14118310818838525,0.444299243641468,0.26259844601199883,-0.0062805862408970015
original_sw_1985,398,16,dia,PW91,dft,-2609.945223,-68.52856330590647,1 1 1,299.69100189706757,48,1.006185993885198,0.14478331466692432,0.34490517900893736,0.40523250966266267,-0.005801062868044937
original_sw_1985,399,16,dia,PW91,dft,-2610.012298,-68.632503047963,1 1 1,299.75022212755437,48,0.7096925831024413,0.1215946633202606,0.2759589179091669,0.3504388486805984,-0.008105109246582032
original_sw_1985,400,16,dia,PW91,dft,-2610.036635,-68.68847834774688,1 1 1,299.8135701391454,48,0.5076533122251827,0.1028402191331678,0.33346879190327017,0.3276278106867863,-0.010082502983085107
original_sw_1985,401,16,dia,PW91,dft,-2610.012636,-68.671028113525,1 1 1,299.88124520673983,48,0.5282199632950708,0.10490272908102681,0.268866648926086,0.3767759274561164,-0.010491800844217636
original_sw_1985,402,16,dia,PW91,dft,-2610.041499,-68.68676928685817,1 1 1,299.9533058302455,48,0.6797260119408466,0.11899982597508692,0.3418911976716337,0.3338489683162632,-0.009671686677540592
original_sw_1985,403,16,dia,PW91,dft,-2610.026409,-68.64805663131717,1 1 1,300.02935884770403,48,0.79379629814839,0.12859791163969755,0.3341633772605766,0.35038821753223476,-0.008195270706220725
original_sw_1985,404,16,dia,PW91,dft,-2610.061303,-68.68582729045913,1 1 1,300.10875670222714,48,0.78368681212029,0.12777640073910118,0.3344905298852129,0.31438039894966413,-0.008375061902599512
original_sw_1985,405,16,dia,PW91,dft,-2609.99613,-68.62130446220371,1 1 1,300.19121875907604,48,0.8330403228908534,0.1317384026276802,0.3428446912777064,0.404415489982147,-0.00841569763663319
original_sw_1985,406,16,dia,PW91,dft,-2610.050271,-68.68060807161167,1 1 1,300.2768880147086,48,0.7099713706680467,0.1216185439077897,0.3580344660967707,0.3630357105368561,-0.008738360724626304
original_sw_1985,407,16,dia,PW91,dft,-2609.984622,-68.59778567187287,1 1 1,300.36562492766615,48,0.8197601206274079,0.13068410709188907,0.3867641037775209,0.43493704374646763,-0.007665023240958746
original_sw_1985,408,16,dia,PW91,dft,-2609.661212,-68.40083517683203,1 1 1,292.546101341209,48,0.49440529598361604,0.10148945922110336,0.26500691436023893,0.185253817195265,-0.015568742300904326
original_sw_1985,409,16,dia,PW91,dft,-2609.61865,-68.3069466898194,1 1 1,292.5573171031705,48,0.8257009233591459,0.13115678621398974,0.41576026993332055,0.2608063744827441,-0.01236083686262024
original_sw_1985,410,16,dia,PW91,dft,-2609.609243,-68.24838326516763,1 1 1,292.57219785665046,48,1.1786979458574411,0.15670420289629552,0.4407160182731191,0.24929229668286318,-0.00928856032188552
original_sw_1985,411,16,dia,PW91,dft,-2609.554864,-68.17414564576197,1 1 1,292.59024424108827,48,1.2606345335351548,0.16205930842950383,0.5350375251624163,0.3301744108674484,-0.008047396609012658
original_sw_1985,412,16,dia,PW91,dft,-2609.595644,-68.23946741302422,1 1 1,292.6115121637819,48,0.999032527251247,0.14426772907018273,0.39896827293187015,0.2748201970796846,-0.009581257062914794
original_sw_1985,413,16,dia,PW91,dft,-2609.561927,-68.23835083422817,1 1 1,292.6361408957327,48,0.6997137012978358,0.12073677475002488,0.34057210020579254,0.34422059567594154,-0.011618783388149367
original_sw_1985,414,16,dia,PW91,dft,-2609.589074,-68.27031025440316,1 1 1,292.66438095751056,48,0.7392495192569929,0.12410089303138536,0.3294501830125203,0.3108458843891401,-0.011919559649099298
original_sw_1985,415,16,dia,PW91,dft,-2609.583959,-68.26864458470396,1 1 1,292.69626089209817,48,0.6511201257080375,0.11646889120669711,0.30047659719161807,0.32418339056903167,-0.012135142792895515
original_sw_1985,416,16,dia,PW91,dft,-2609.566017,-68.2495620670375,1 1 1,292.7317814178447,48,0.7027251963407749,0.12099631505587051,0.38465588032306436,0.3635686764818306,-0.012063860438738416
original_sw_1985,417,16,dia,PW91,dft,-2609.620326,-68.29308663106302,1 1 1,292.77094335239815,48,0.8860450642107065,0.13586490411823204,0.356754898943713,0.2717904017230005,-0.011389833190326826
original_sw_1985,418,16,dia,PW91,dft,-2609.543854,-68.20648316196822,1 1 1,292.8134144199763,48,0.979771518614565,0.14287024406013815,0.4098228121092597,0.37874077271763334,-0.010756616371914163
original_sw_1985,419,16,dia,PW91,dft,-2609.588232,-68.23736363592805,1 1 1,292.85922339362725,48,1.0709019434523537,0.14936685427248364,0.35003901195198156,0.332711984279697,-0.009913020994400057
original_sw_1985,420,16,dia,PW91,dft,-2609.535179,-68.14768276182059,1 1 1,292.908009999834,48,1.1731802798689888,0.15633699444022817,0.42894037830148424,0.3844632518606297,-0.007623778862689612
original_sw_1985,421,16,dia,PW91,dft,-2609.591727,-68.18350037757814,1 1 1,292.9594418276755,48,1.408738264499957,0.17131466324792255,0.5120538393680232,0.3067395596226545,-0.00632812984753528
original_sw_1985,422,16,dia,PW91,dft,-2609.490218,-68.0494245351354,1 1 1,293.01285293263066,48,1.505416092429198,0.17709555403493793,0.4757129356030589,0.4275546295114423,-0.00429270219486888
original_sw_1985,423,16,dia,PW91,dft,-2609.548003,-68.08674720805617,1 1 1,293.06827165267663,48,1.370092570940694,0.16894849874423604,0.5041472428235212,0.3333778499690704,-0.0030138067524188017
original_sw_1985,424,16,dia,PW91,dft,-2609.505594,-68.00835327538604,1 1 1,293.12500376351124,48,1.504785776013938,0.1770584752757039,0.4648509978292525,0.3955529445519904,-0.000764748460515996
original_sw_1985,425,16,dia,PW91,dft,-2609.549579,-68.06228742342797,1 1 1,293.18254952788425,48,1.3090396114521536,0.1651413290848777,0.43885723669453547,0.3076959264774777,-0.001386570213149696
original_sw_1985,426,16,dia,PW91,dft,-2609.564213,-68.11081985744049,1 1 1,293.2404364461836,48,1.2095552444778166,0.1587421418316127,0.38350065840213016,0.32622517947730517,-0.003505222338924696
original_sw_1985,427,16,dia,PW91,dft,-2609.582207,-68.1740702814227,1 1 1,293.29905388079726,48,1.1840943207410737,0.1570625088367867,0.4289484459338583,0.3372759922773435,-0.006333748837824338
original_sw_1985,428,16,dia,PW91,dft,-2609.052644,-67.88135978217241,1 1 1,286.4232429816887,48,0.4079020459751593,0.09218437661094829,0.25854835468302445,0.4003144691260443,-0.021137030134684487
original_sw_1985,429,16,dia,PW91,dft,-2609.123159,-67.93010842089927,1 1 1,286.4297029777241,48,0.49085681327606995,0.10112459448580313,0.28710320823049845,0.2712652248377038,-0.0197766325550921
original_sw_1985,430,16,dia,PW91,dft,-2609.085258,-67.86168882418531,1 1 1,286.44054285746444,48,0.6275112078439853,0.11433787720355998,0.3204296467309358,0.31604121327038454,-0.017869220260478436
original_sw_1985,431,16,dia,PW91,dft,-2609.06189,-67.79605470366907,1 1 1,286.455379719979,48,0.9358137476658303,0.13962850619783243,0.3824628489078764,0.35288210930965785,-0.015227587728221081
original_sw_1985,432,16,dia,PW91,dft,-2609.051166,-67.76531184322587,1 1 1,286.4738032919711,48,0.8245116592574584,0.1310622990586171,0.313177732733526,0.352531713576358,-0.013976408950505892
original_sw_1985,433,16,dia,PW91,dft,-2609.033195,-67.7141752018082,1 1 1,286.49554027074527,48,1.0831006790311468,0.1502151706047547,0.41665908501077775,0.37318658956512624,-0.01190355636191498
original_sw_1985,434,16,dia,PW91,dft,-2608.99137,-67.65652650040722,1 1 1,286.5203721902782,48,1.1723436481941922,0.15628124008992786,0.4214003609725043,0.43319020223992444,-0.010914575024340678
original_sw_1985,435,16,dia,PW91,dft,-2609.053193,-67.7327267856218,1 1 1,286.54805304736976,48,0.9624242321161611,0.14159980521085952,0.39137850745633795,0.35108750596064603,-0.011813155350250959
original_sw_1985,436,16,dia,PW91,dft,-2609.005156,-67.6637817271582,1 1 1,286.5786381589202,48,1.3457610506946542,0.16744159744859885,0.4615468733883665,0.4254634128903839,-0.010506401696277479
original_sw_1985,437,16,dia,PW91,dft,-2609.047988,-67.72519017630499,1 1 1,286.61196397904456,48,1.1354686725535441,0.15380376245354177,0.40732638738641413,0.3733860397067848,-0.01166742976797508
original_sw_1985,438,16,dia,PW91,dft,-2609.075232,-67.79261664294782,1 1 1,286.6481953458056,48,0.8961406568242059,0.13663673377672256,0.42007771740802446,0.36141407848489154,-0.014178833933130797
original_sw_1985,439,16,dia,PW91,dft,-2609.046759,-67.78414362377569,1 1 1,286.6874973269529,48,0.907079420698133,0.13746813423921597,0.38254155491482544,0.41740424589808617,-0.015428832734891706
original_sw_1985,440,16,dia,PW91,dft,-2609.054771,-67.8004842541649,1 1 1,286.7302270230147,48,0.8293962287266411,0.1314499452204971,0.43532833951840777,0.4241259215458109,-0.015949372134202555
original_sw_1985,441,16,dia,PW91,dft,-2609.033883,-67.74897228367489,1 1 1,286.7764127069768,48,1.0603990389810054,0.1486325894460485,0.34167949633774714,0.44600101065608583,-0.014035373978577681
original_sw_1985,442,16,dia,PW91,dft,-2609.05618,-67.74378044026238,1 1 1,286.82569918382933,48,0.9634963632874456,0.14167865365615873,0.4416170446569629,0.3665537217533741,-0.012317321265297387
original_sw_1985,443,16,dia,PW91,dft,-2609.029571,-67.69246648001804,1 1 1,286.87762193224626,48,1.2194684743180275,0.1593913210151635,0.40004872783954687,0.4477081041584647,-0.010773261250026422
original_sw_1985,444,16,dia,PW91,dft,-2609.021411,-67.67990904178795,1 1 1,286.9317983570535,48,1.0928729891824265,0.15089130947352097,0.3860071768100887,0.4029307838719532,-0.010498421360637167
original_sw_1985,445,16,dia,PW91,dft,-2609.079523,-67.74840119788205,1 1 1,286.98784531116564,48,1.0610188094436754,0.14867601867845592,0.4315950281459728,0.3561312132136132,-0.011147181116536231
original_sw_1985,446,16,dia,PW91,dft,-2609.016489,-67.63597232763578,1 1 1,287.0458183842845,48,1.4617173050341248,0.1745062860039076,0.47811603472355585,0.4517208798698779,-0.008060001726131638
original_sw_1985,447,16,dia,PW91,dft,-2609.054478,-67.625704329486,1 1 1,287.1052524555972,48,1.605099544325578,0.18286490598284902,0.4393575929593575,0.3623410299732606,-0.005043939341774717
original_sw_1985,448,16,dia,PW91,dft,-2608.590395,-67.42553738153167,1 1 1,280.86800364284903,48,0.7114492730122086,0.12174506090359893,0.3346305305246627,0.1790255837513175,-0.02153869259461949
original_sw_1985,449,16,dia,PW91,dft,-2608.484719,-67.21856325585506,1 1 1,280.87673044684567,48,1.390434092852734,0.1701980520876545,0.5179514026114075,0.36285362802777194,-0.01520755973983956
original_sw_1985,450,16,dia,PW91,dft,-2608.510532,-67.18739461538216,1 1 1,280.8878621103372,48,1.6600131242306462,0.18596668184060589,0.60589391463882,0.29932740596279633,-0.011646207210299409
original_sw_1985,451,16,dia,PW91,dft,-2608.447887,-67.09850561271561,1 1 1,280.9010745820371,48,1.71716422078123,0.1891408327136395,0.5892990948087581,0.3877846698797543,-0.010005957043638602
original_sw_1985,452,16,dia,PW91,dft,-2608.493977,-67.14771947332457,1 1 1,280.9160438163183,48,1.7178920275155614,0.18918091140468568,0.5800390374225984,0.3318368392027674,-0.010201198331681205
original_sw_1985,453,16,dia,PW91,dft,-2608.482846,-67.1413492392493,1 1 1,280.9327429710813,48,1.5886431107349428,0.18192507104202169,0.5410489622966516,0.33791827794724766,-0.010498746201989206
original_sw_1985,454,16,dia,PW91,dft,-2608.50503,-67.17303141867234,1 1 1,280.9511722453207,48,1.348716993078856,0.16762538796120005,0.5093175836333677,0.30860626529811414,-0.011092382415934132
original_sw_1985,455,16,dia,PW91,dft,-2608.462532,-67.11090627960296,1 1 1,280.97114269959906,48,1.3642829900771496,0.16858992346304078,0.505943759747342,0.3678026780365164,-0.009865686224085124
original_sw_1985,456,16,dia,PW91,dft,-2608.49004,-67.13520065722642,1 1 1,280.9927356388232,48,1.3124213434198344,0.16535450196848753,0.48133566867895095,0.32417126572680166,-0.0096648348255437
original_sw_1985,457,16,dia,PW91,dft,-2608.459675,-67.10729791110788,1 1 1,281.01576211411145,48,1.1661902662138401,0.1558705570212722,0.506306510117614,0.37337676419904603,-0.009818725693139463
original_sw_1985,458,16,dia,PW91,dft,-2608.479514,-67.12614785345124,1 1 1,281.04016828914223,48,1.1934378852291678,0.15768097309316575,0.4634839631424618,0.3335035687277824,-0.009756909589596852
original_sw_1985,459,16,dia,PW91,dft,-2608.440903,-67.05148482630781,1 1 1,281.06587330278217,48,1.449723068915938,0.17378884870942873,0.5445349129969529,0.37741266360852727,-0.007503657893129123
original_sw_1985,460,16,dia,PW91,dft,-2608.496543,-67.08902535681563,1 1 1,281.0925260279951,48,1.552546664638478,0.17984638495106953,0.47079452356606094,0.3055566297622532,-0.0063724410498648965
original_sw_1985,461,16,dia,PW91,dft,-2608.401852,-66.97471298676476,1 1 1,281.1198833077317,48,1.66626110705612,0.1863163252741669,0.544074922875978,0.4342007647750634,-0.005146105421700575
original_sw_1985,462,16,dia,PW91,dft,-2608.487776,-67.08180476207276,1 1 1,281.1478370578167,48,1.7566931850331433,0.19130544866310129,0.4692913544513074,0.3322776901647927,-0.0064690913784524184
original_sw_1985,463,16,dia,PW91,dft,-2608.446217,-67.08948763353902,1 1 1,281.17663081776624,48,1.5917122414207188,0.182100718549557,0.48184200189927506,0.4047079013107272,-0.009546708345079757
original_sw_1985,464,16,dia,PW91,dft,-2608.514133,-67.21308587349975,1 1 1,281.20667035290035,48,1.279582167502877,0.16327266097842774,0.41207618000829366,0.3644514654415592,-0.01302684834262724
original_sw_1985,465,16,dia,PW91,dft,-2608.485841,-67.21129925833765,1 1 1,281.23838847773186,48,1.2789336798563018,0.16323128273610102,0.41593294111244367,0.41663174373730016,-0.014683434894993574
original_sw_1985,466,16,dia,PW91,dft,-2608.528834,-67.29728304992148,1 1 1,281.27192083961836,48,0.858908463698072,0.13376818129526605,0.36370891283103884,0.35065678563589786,-0.017370359368981347
original_sw_1985,467,16,dia,PW91,dft,-2608.479209,-67.24340913650268,1 1 1,281.3076466195484,48,0.8661720328421445,0.13433261213946276,0.3054236905301576,0.44373208638020906,-0.01710480228031308
original_sw_1985,468,16,dia,PW91,dft,-2607.845836,-66.79607416213643,1 1 1,275.7845629398624,48,0.35274187155766606,0.08572507795729736,0.2313602029475808,0.44406545938023967,-0.028732178882430404
original_sw_1985,469,16,dia,PW91,dft,-2607.926254,-66.86232921170637,1 1 1,275.7899011055939,48,0.3838168443486316,0.08942138590551568,0.2402968005469565,0.3195712112835729,-0.027846994480550613
original_sw_1985,470,16,dia,PW91,dft,-2607.920661,-66.79809437471579,1 1 1,275.7989761461548,48,0.7804783244641047,0.12751456815988588,0.31724582299018905,0.31705312617065196,-0.024181879668630835
original_sw_1985,471,16,dia,PW91,dft,-2607.866431,-66.65921450670201,1 1 1,275.81106760274645,48,1.4431584560491386,0.17339492832170839,0.48442495652130585,0.3953106261194058,-0.01889126291778176
original_sw_1985,472,16,dia,PW91,dft,-2607.948782,-66.68683889649415,1 1 1,275.825535073068,48,1.660619817804519,0.1860006618382333,0.4638398870187243,0.2404868335229949,-0.015470849779789297
original_sw_1985,473,16,dia,PW91,dft,-2607.854202,-66.54622484604955,1 1 1,275.84176488046506,48,1.8727587812958584,0.19752419584360725,0.5166072461593658,0.39276103807425533,-0.0125937216269989
original_sw_1985,474,16,dia,PW91,dft,-2607.898033,-66.5387123291404,1 1 1,275.85924997013194,48,2.184762507843273,0.21334452320148317,0.5958341829327995,0.3125898529356533,-0.009384751820179282
original_sw_1985,475,16,dia,PW91,dft,-2607.858357,-66.51068203291861,1 1 1,275.8777768933555,48,1.8800381482445443,0.19790770935403537,0.4974138801334441,0.3751677283507116,-0.010112608306309667
original_sw_1985,476,16,dia,PW91,dft,-2607.850335,-66.49079512290167,1 1 1,275.89710560167526,48,1.8543132135155949,0.19654904039850943,0.5321547958262081,0.3914695526474568,-0.009371051430250077
original_sw_1985,477,16,dia,PW91,dft,-2607.883342,-66.49184429319587,1 1 1,275.9171559908731,48,2.087182085943285,0.2085256821684524,0.5213564537073082,0.330750203401298,-0.007373687073637392
original_sw_1985,478,16,dia,PW91,dft,-2607.865968,-66.45995347416422,1 1 1,275.93750098940876,48,2.101093975078819,0.20921948080299643,0.5433506858219539,0.34696366498645553,-0.006466385884160708
original_sw_1985,479,16,dia,PW91,dft,-2607.864208,-66.45716763374213,1 1 1,275.9579805095729,48,1.9530195443592113,0.20171243683558593,0.5548364863868183,0.3564455842148279,-0.006402270857786441
original_sw_1985,480,16,dia,PW91,dft,-2607.853582,-66.4196311954077,1 1 1,275.9786478528828,48,2.0773275996418636,0.2080328299232411,0.5231135129851144,0.37103556754204847,-0.004720368461870628
original_sw_1985,481,16,dia,PW91,dft,-2607.821408,-66.3731352122709,1 1 1,275.99912915339183,48,1.9836537280409012,0.20328826659250515,0.5392648976444901,0.3911078374523664,-0.0038252445158448722
original_sw_1985,482,16,dia,PW91,dft,-2607.845009,-66.36339120084097,1 1 1,276.01929089648075,48,2.0708612599678826,0.20770879354518804,0.5418570019840585,0.3942022947252675,-0.0017411813014538424
original_sw_1985,483,16,dia,PW91,dft,-2607.8033,-66.32534820725994,1 1 1,276.0388123960201,48,2.2918257006811373,0.21850942488641162,0.6149004416805987,0.42792327140310255,-0.001970306702644642
original_sw_1985,484,16,dia,PW91,dft,-2607.898124,-66.40653746672207,1 1 1,276.05766700489477,48,2.3467458814595563,0.22111205122533256,0.5826538871617125,0.31306148114561033,-0.0011181354190412662
original_sw_1985,485,16,dia,PW91,dft,-2607.840956,-66.30646417878074,1 1 1,276.07540064746206,48,2.699916490095653,0.2371671566855877,0.7122841763821346,0.38960916646258037,0.001563445077302994
original_sw_1985,486,16,dia,PW91,dft,-2607.896914,-66.36149204347676,1 1 1,276.0918528578244,48,2.7227869359515053,0.23816953590315246,0.578397537281726,0.3272821524280184,0.0016215785337969635
original_sw_1985,487,16,dia,PW91,dft,-2607.896353,-66.39616661550917,1 1 1,276.1067029129907,48,2.7050650100572464,0.23739317817253994,0.6268175963080954,0.3159633453820237,-0.0005806447182186147
original_sw_1985,488,16,dia,PW91,dft,-2607.267077,-66.28927993808283,1 1 1,271.14489262636135,48,0.17404835738867785,0.060216338693061165,0.17335538881690618,0.3423520743784825,-0.0332299773790794
original_sw_1985,489,16,dia,PW91,dft,-2607.253068,-66.24325579783591,1 1 1,271.1494318145161,48,0.37665668111611994,0.08858337422970049,0.2327051328792883,0.38158677746680375,-0.0312290311136465
original_sw_1985,490,16,dia,PW91,dft,-2607.308051,-66.27525738232558,1 1 1,271.1569004780967,48,0.4323847287470368,0.09491056412344168,0.25677850324331225,0.23850517414024097,-0.029792692644250884
original_sw_1985,491,16,dia,PW91,dft,-2607.227735,-66.15234122463337,1 1 1,271.16698207341454,48,0.7248415074326039,0.12288557579382231,0.3788606370367378,0.3865685254448211,-0.027130182788490664
original_sw_1985,492,16,dia,PW91,dft,-2607.265793,-66.16073925440205,1 1 1,271.17954482777066,48,0.9469852354986095,0.14045945704326104,0.3682943235637691,0.3432189111042446,-0.025276434649026847
original_sw_1985,493,16,dia,PW91,dft,-2607.257046,-66.11236790462154,1 1 1,271.1942722455393,48,1.135839529827819,0.15382887745179566,0.39999553650770137,0.3372376539592171,-0.022799912787736076
original_sw_1985,494,16,dia,PW91,dft,-2607.247802,-66.05144689887773,1 1 1,271.21082142569185,48,1.5226071057943413,0.17810384996039655,0.41489060361633356,0.38701430700567563,-0.01957009992876735
original_sw_1985,495,16,dia,PW91,dft,-2607.243735,-66.01738157419192,1 1 1,271.228691063764,48,1.7167410629012378,0.18911752644967217,0.4677153255685564,0.39797600826976154,-0.01769520463589469
original_sw_1985,496,16,dia,PW91,dft,-2607.274742,-66.00324040309846,1 1 1,271.2476965539281,48,2.0259152819304864,0.2054423723907797,0.49973552377045016,0.34729203139852877,-0.014873443942550857
original_sw_1985,497,16,dia,PW91,dft,-2607.253726,-65.89335945684992,1 1 1,271.2674156744233,48,2.534866069965306,0.22980363311084503,0.5075586608900468,0.3610324737240867,-0.00931938480202632
original_sw_1985,498,16,dia,PW91,dft,-2607.249675,-65.80486071496554,1 1 1,271.28695095613546,48,2.936011572118466,0.24731944475206158,0.658995252621705,0.3688009910535536,-0.004041400934245765
original_sw_1985,499,16,dia,PW91,dft,-2607.2487,-65.73545789551764,1 1 1,271.30564236592926,48,3.10089948324216,0.25416937771404524,0.6251881582761596,0.3763296177942505,0.0002353377812527313
original_sw_1985,500,16,dia,PW91,dft,-2607.203578,-65.67036833975381,1 1 1,271.3226712815853,48,3.350218013151966,0.2641897208585766,0.6086468904722436,0.3992513396319625,0.0014833100164928226
original_sw_1985,501,16,dia,PW91,dft,-2607.276888,-65.77010240749092,1 1 1,271.3377470657344,48,2.8656584655659265,0.24433832698253352,0.655068117447416,0.3023891928459084,-0.00016819421709168836
original_sw_1985,502,16,dia,PW91,dft,-2607.185297,-65.6729262849124,1 1 1,271.3510015607613,48,2.8145513194259335,0.24214971778090846,0.6353443020672545,0.4368234249194214,0.00018087594407312224
original_sw_1985,503,16,dia,PW91,dft,-2607.23852,-65.71909722129402,1 1 1,271.3624609425924,48,3.071911295126033,0.25297856032041993,0.6999730746131221,0.37295707592049604,0.0006216299202153053
original_sw_1985,504,16,dia,PW91,dft,-2607.258345,-65.76156453435118,1 1 1,271.3722042816318,48,2.9370907999275104,0.2473648957818317,0.6345394433823841,0.3459100710685751,-0.0007935146458377673
original_sw_1985,505,16,dia,PW91,dft,-2607.251114,-65.72188147197258,1 1 1,271.38012587154054,48,3.060540694834168,0.2525099294596389,0.6250909867816029,0.35908417903222917,0.0012347392528218037
original_sw_1985,506,16,dia,PW91,dft,-2607.294699,-65.71529665412189,1 1 1,271.3861463594501,48,3.3538547452818888,0.26433307371579395,0.5998280860439463,0.2835191915278106,0.004370352868483529
original_sw_1985,507,16,dia,PW91,dft,-2607.220113,-65.57487493091203,1 1 1,271.38971112857536,48,3.5340787439823824,0.2713422939750325,0.6150404265030057,0.40598034839550223,0.008485085569088113
original_sw_1985,508,16,dia,PW91,dft,-2606.589993,-65.66998469921477,1 1 1,266.88877187525935,48,0.26264080191097905,0.07397082785223778,0.18982966763303316,0.34660820981392904,-0.03684177494982066
original_sw_1985,509,16,dia,PW91,dft,-2606.62437,-65.64339249954149,1 1 1,266.8924016780882,48,0.5731756379731543,0.10927561083993406,0.30934401852176036,0.30282382410542497,-0.033031199970244174
original_sw_1985,510,16,dia,PW91,dft,-2606.600771,-65.52708188190789,1 1 1,266.8980945285181,48,1.1393738160063491,0.15406801906992987,0.3970203677111004,0.3367050528528889,-0.02723672386815057
original_sw_1985,511,16,dia,PW91,dft,-2606.590711,-65.40852663639157,1 1 1,266.90519763884896,48,1.5764659088619866,0.18122648748998602,0.45948166149471215,0.3685191131124228,-0.020455771023384806
original_sw_1985,512,16,dia,PW91,dft,-2606.604707,-65.26197814644753,1 1 1,266.9127709393108,48,2.6218152194410607,0.23371168221768912,0.5951632591896011,0.3486280773050511,-0.010421740401874047
original_sw_1985,513,16,dia,PW91,dft,-2606.5858,-65.0179161538035,1 1 1,266.91958702878156,48,4.8329919322080945,0.3173126721721053,0.9511144846745229,0.3667080810995989,0.0036504466383702194
original_sw_1985,514,16,dia,PW91,dft,-2606.560322,-64.7290217447264,1 1 1,266.92381773862024,48,7.136757594820719,0.3855936331062772,1.1914565299485356,0.4100430130740351,0.02011397220568778
original_sw_1985,515,16,dia,PW91,dft,-2606.544361,-64.35934965485835,1 1 1,266.9233475804976,48,12.296561889775049,0.5061406649377689,1.6223899079257729,0.40582823668343154,0.0422209153224653
original_sw_1985,516,16,dia,PW91,dft,-2606.555327,-63.99007886909374,1 1 1,266.91572173092953,48,17.9999322653308,0.6123712835045895,1.7104763111258872,0.33661771155929493,0.06598571443274226
original_sw_1985,517,16,dia,PW91,dft,-2606.551571,-63.83567664837064,1 1 1,266.89872088997527,48,19.538363940756188,0.6380041134395247,2.0502587950546998,0.3365677348741756,0.07540110322793225
original_sw_1985,518,16,dia,PW91,dft,-2606.577811,-63.936948629247674,1 1 1,266.87114505850934,48,19.06729932522021,0.630266136333497,1.829295090303193,0.3002318335123154,0.0707116044231264
original_sw_1985,519,16,dia,PW91,dft,-2606.59372,-63.94185432065604,1 1 1,266.83283977481966,48,20.313283931414965,0.650533177661072,1.7738090272606133,0.2767689899123154,0.07139931121008702
original_sw_1985,520,16,dia,PW91,dft,-2606.557038,-64.0301942073036,1 1 1,266.784643546672,48,19.444222723564483,0.6364652177516014,1.6812712547574473,0.38690306682789855,0.06358544329461946
original_sw_1985,521,16,dia,PW91,dft,-2606.570953,-64.2683437793242,1 1 1,266.72755183383236,48,15.05261328407681,0.5599965268507775,1.2386472473899037,0.3750000902722114,0.04957078254333158
original_sw_1985,522,16,dia,PW91,dft,-2606.564004,-64.29666967282779,1 1 1,266.6627950645281,48,15.307137182493218,0.5647111574087607,1.6839663178779356,0.35699145171254915,0.04736610169935229
original_sw_1985,523,16,dia,PW91,dft,-2606.53307,-64.20463147857893,1 1 1,266.5907683569092,48,15.841886719768837,0.5744904756928967,1.575608372387044,0.39866777174892126,0.051185113839912866
original_sw_1985,524,16,dia,PW91,dft,-2606.509374,-64.25389979201623,1 1 1,266.51171054444035,48,14.199968568953803,0.5439050271139906,1.532763488854048,0.381304292926485,0.04662484425009783
original_sw_1985,525,16,dia,PW91,dft,-2606.519553,-64.37019689587437,1 1 1,266.4259127026692,48,13.242553104878567,0.5252490104876957,1.617660240392805,0.3472420426194098,0.03999246275895629
original_sw_1985,526,16,dia,PW91,dft,-2606.507913,-64.4084121979011,1 1 1,266.3339528825914,48,11.650649087269475,0.49266809921566945,1.3746018612656117,0.317456284736576,0.03687650638227513
original_sw_1985,527,16,dia,PW91,dft,-2606.442965,-64.28232302943172,1 1 1,266.23612211754346,48,13.792796314886676,0.5360502991574632,1.647335905250874,0.3817437208444517,0.04069782941162803
original_sw_1985,528,16,dia,PW91,dft,-2605.875149,-64.9886154205579,1 1 1,262.95794576442756,48,0.6081221490376559,0.1125575916510499,0.3263078285318263,0.4308752575572192,-0.03893394503377223
original_sw_1985,529,16,dia,PW91,dft,-2605.952989,-64.98487327215446,1 1 1,262.96283267980397,48,0.955075287222187,0.14105815048103,0.32741138722124136,0.26215006843250427,-0.033835060758561575
original_sw_1985,530,16,dia,PW91,dft,-2605.88901,-64.76469660772396,1 1 1,262.96880565446816,48,2.1346333752388587,0.210882736730178,0.5832242587375113,0.41550457720603595,-0.024072706731656623
original_sw_1985,531,16,dia,PW91,dft,-2605.945896,-64.65251249972394,1 1 1,262.97480455446083,48,3.0426040742472003,0.2517689116633545,0.5770282019139953,0.3608310718270162,-0.013505824981636216
original_sw_1985,532,16,dia,PW91,dft,-2605.929446,-64.45057651576634,1 1 1,262.9794589480313,48,4.486250547907469,0.30571809413478557,0.7561186922645684,0.37227035600823766,-0.0019129509842912285
original_sw_1985,533,16,dia,PW91,dft,-2605.953107,-64.28513064921478,1 1 1,262.9812948331411,48,5.788572284482875,0.3472682765913503,0.8519310144929553,0.3639563237733112,0.009906228175164067
original_sw_1985,534,16,dia,PW91,dft,-2605.876581,-63.94730658079825,1 1 1,262.97891580661553,48,9.459110109724072,0.44391980576742107,1.4947419937004378,0.4670872872320012,0.02623735745120781
original_sw_1985,535,16,dia,PW91,dft,-2605.943087,-63.89565363765287,1 1 1,262.97087400186916,48,9.969823847565463,0.4557462709567103,1.2950134550047494,0.3338495628741334,0.03362229139780126
original_sw_1985,536,16,dia,PW91,dft,-2605.908803,-63.70656426672449,1 1 1,262.9561095782574,48,10.702455617517852,0.4721946901066924,1.261930762434507,0.38481885821448514,0.04329762708080631
original_sw_1985,537,16,dia,PW91,dft,-2605.875843,-63.40413340779402,1 1 1,262.9334598040454,48,14.617170584572692,0.551837283244434,1.5697091055725216,0.4188661545171679,0.06013955576396057
original_sw_1985,538,16,dia,PW91,dft,-2605.885528,-63.250717422453526,1 1 1,262.90137494987573,48,15.701030110263519,0.5719307597636477,1.5112527348327986,0.3612285224353599,0.07033336734774087
original_sw_1985,539,16,dia,PW91,dft,-2605.870126,-63.07990265578417,1 1 1,262.8587456564966,48,17.38062331474604,0.6017443967809,1.4709975980104084,0.3860481637724539,0.08004666526457616
original_sw_1985,540,16,dia,PW91,dft,-2605.777116,-62.634378226934174,1 1 1,262.80479994882734,48,27.096543600839915,0.7513396868377833,1.9267258025239273,0.4929767783281819,0.10207881706772604
original_sw_1985,541,16,dia,PW91,dft,-2605.853292,-62.680152661353326,1 1 1,262.7384313561454,48,22.442984157107837,0.6837851782100476,1.5536670115976543,0.3683890732437875,0.10397891491650268
original_sw_1985,542,16,dia,PW91,dft,-2605.7107,-62.44638249767761,1 1 1,262.65848333621653,48,21.440180234428077,0.6683340643350337,1.5917982218570954,0.5112218107346685,0.10967755014625391
original_sw_1985,543,16,dia,PW91,dft,-2605.834171,-62.327264497671216,1 1 1,262.5643700808261,48,32.231850118980724,0.8194491305009513,2.2899762181199446,0.34117365322393617,0.12483936264664619
original_sw_1985,544,16,dia,PW91,dft,-2605.706588,-62.284279858959614,1 1 1,262.45597269460427,48,30.052582134350015,0.7912619421735713,2.213970730271613,0.5144853375279513,0.11955196506612387
original_sw_1985,545,16,dia,PW91,dft,-2605.82073,-62.61518404405788,1 1 1,262.3340515080103,48,25.496539164460373,0.7288195244774875,1.9884573804880223,0.337325280290281,0.10600432849747632
original_sw_1985,546,16,dia,PW91,dft,-2605.741423,-62.60938697526766,1 1 1,262.1994191397673,48,26.45728660806462,0.7424240506619827,2.197383446510601,0.42921012417919113,0.10140995779686657
original_sw_1985,547,16,dia,PW91,dft,-2605.729927,-62.58922062027961,1 1 1,262.0531979807797,48,27.663594337828854,0.7591606431040147,2.523774681174544,0.47047611261536615,0.1019518549836147
original_sw_1985,548,54,dia,PW91,dft,-8811.437742,-233.84325813755868,1 1 1,1100.125049230911,162,0.7942534631491006,0.0700199911114059,0.21591138813515787,0.1953892008480118,0.0
original_sw_1985,549,54,dia,PW91,dft,-8811.326287,-233.68432571637493,1 1 1,1100.8317804770156,162,1.3215534513547587,0.09032019350090942,0.28147055993799386,0.24835673721806892,0.0008792115033999792
original_sw_1985,550,54,dia,PW91,dft,-8811.218759,-233.52829026608796,1 1 1,1101.7547036218139,162,1.8095458806287532,0.10568839245715439,0.3289256577354482,0.28788784109012117,0.0017774976198285941
original_sw_1985,551,54,dia,PW91,dft,-8811.180718,-233.47508309245407,1 1 1,1102.1293760836759,162,1.9464702443215673,0.10961408860971326,0.34772917488774174,0.3006234882500939,0.0020583526871140734
original_sw_1985,552,54,dia,PW91,dft,-8811.172907,-233.46702667240186,1 1 1,1102.3249710431107,162,1.9121861757009164,0.10864445852653588,0.33045287405642965,0.30262286394675025,0.002062897502907113
original_sw_1985,553,54,dia,PW91,dft,-8811.167593,-233.46112768489724,1 1 1,1102.7117839954087,162,1.8263721754360354,0.10617863399717663,0.314534749332438,0.3012291811247893,0.0020737306048594917
original_sw_1985,554,54,dia,PW91,dft,-8811.166979,-233.4598768524174,1 1 1,1103.278431595894,162,1.6791048787968887,0.10180788245929188,0.2949014060550691,0.2955978841712897,0.0020855237989270137
original_sw_1985,555,54,dia,PW91,dft,-8811.163847,-233.4534350201699,1 1 1,1104.0081902960446,162,1.5195781130204835,0.09685097732479739,0.28717781117971397,0.28910326140915016,0.0021468169887004507
original_sw_1985,556,54,dia,PW91,dft,-8811.150976,-233.4312752112043,1 1 1,1104.8803257207019,162,1.4264878863379182,0.09383752330418622,0.31144301710614813,0.28648804684736806,0.002318831969562396
original_sw_1985,557,54,dia,PW91,dft,-8811.120918,-233.38404692056034,1 1 1,1105.8700744969474,162,1.428800946756663,0.09391357159961858,0.31797069312994214,0.2916597863802242,0.002636800314808063
original_sw_1985,558,54,dia,PW91,dft,-8811.250108,-234.03567702540892,1 1 1,1065.3624103444795,162,0.2058520915495218,0.0356467659563276,0.10611779832907528,0.11074823735743056,-0.007038016441654804
original_sw_1985,559,54,dia,PW91,dft,-8811.088592,-233.82493084579872,1 1 1,1065.3687844245053,162,0.8639417887676099,0.07302721413787008,0.21033944400629626,0.22666478059808992,-0.006126346448885656
original_sw_1985,560,54,dia,PW91,dft,-8810.926952,-233.61473182411993,1 1 1,1065.3802184042593,162,1.4523875271827058,0.09468555912105123,0.2693793465255898,0.2952531726782004,-0.005227105306688351
original_sw_1985,561,54,dia,PW91,dft,-8810.941554,-233.63326156945246,1 1 1,1065.3846211647026,162,1.3435506897194425,0.09106878046864327,0.26890659430857183,0.285920048670046,-0.005299841331330768
original_sw_1985,562,54,dia,PW91,dft,-8810.93714,-233.62687916877204,1 1 1,1065.3913896091385,162,1.276135138935354,0.08875459087188402,0.30397731016271945,0.28575422215754603,-0.0052633894669060766
original_sw_1985,563,54,dia,PW91,dft,-8810.877346,-233.54676619926988,1 1 1,1065.4038751625044,162,1.4592754998589488,0.09490981748965402,0.32226298194301894,0.3075871620601184,-0.0048871122539182466
original_sw_1985,564,54,dia,PW91,dft,-8810.792501,-233.43140693671927,1 1 1,1065.4218808172418,162,1.7607862682912025,0.1042547410856436,0.370881446483238,0.33255245145746615,-0.00432203331778247
original_sw_1985,565,54,dia,PW91,dft,-8810.734493,-233.3485218558093,1 1 1,1065.4456039078182,162,1.9642139553619926,0.11011256741278229,0.3595778063456109,0.3405795963664164,-0.003861346634271179
original_sw_1985,566,54,dia,PW91,dft,-8810.706458,-233.30191462639533,1 1 1,1065.474978977013,162,2.0329674577790686,0.11202313081744501,0.42680287841254205,0.3356823009038806,-0.003517416459906997
original_sw_1985,567,54,dia,PW91,dft,-8810.693527,-233.27189640320321,1 1 1,1065.5097434633317,162,2.054768596819579,0.11262218596036586,0.45340672467728105,0.33005085756348984,-0.0032009864008113453
original_sw_1985,568,54,dia,PW91,dft,-8810.450804,-233.50036405909484,1 1 1,1035.9478656931387,162,0.1310447801651643,0.028441490749981112,0.0960626832685957,0.09187319552271792,-0.011926739287687838
original_sw_1985,569,54,dia,PW91,dft,-8810.33216,-233.34371543065618,1 1 1,1035.9498006002816,162,0.6521625391512832,0.06344836235963094,0.21214718579176756,0.2015511166989471,-0.011222949872161436
original_sw_1985,570,54,dia,PW91,dft,-8810.181698,-233.1427636687385,1 1 1,1035.9534769304719,162,1.3284436060766176,0.090555337630161,0.3000202106736244,0.2825093431001688,-0.010287954281078981
original_sw_1985,571,54,dia,PW91,dft,-8810.053496,-232.96801302789888,1 1 1,1035.959023690658,162,1.9080838365784762,0.10852785489228772,0.36950769090936536,0.33223486496382476,-0.009425942413690436
original_sw_1985,572,54,dia,PW91,dft,-8810.022508,-232.924128703923,1 1 1,1035.9625065500986,162,2.0054730717357776,0.11126303701488831,0.35556670932986423,0.33796043787204844,-0.00918712159933932
original_sw_1985,573,54,dia,PW91,dft,-8810.011268,-232.91084801689834,1 1 1,1035.9643769779182,162,1.9592383840560517,0.10997301532244821,0.31822682559569176,0.3378018055552986,-0.009149331098853075
original_sw_1985,574,54,dia,PW91,dft,-8809.963048,-232.85006615985247,1 1 1,1035.967795351841,162,2.0514938364898496,0.11253240511317007,0.33424785690580633,0.3523376511386152,-0.008916704116537666
original_sw_1985,575,54,dia,PW91,dft,-8809.911502,-232.78369518523573,1 1 1,1035.9732776655399,162,2.1711984794220323,0.11576899304009998,0.3455487128584378,0.36891621932892926,-0.008642167549557378
original_sw_1985,576,54,dia,PW91,dft,-8809.876056,-232.7381805173925,1 1 1,1035.9806304455021,162,2.206768450381224,0.11671344169155941,0.35026175853774055,0.3800465797637488,-0.008455710737671929
original_sw_1985,577,54,dia,PW91,dft,-8809.862846,-232.72241305836428,1 1 1,1035.9897892178974,162,2.0990291377633317,0.11382868700900228,0.35436371728547855,0.3837267192278676,-0.008408350385273877
original_sw_1985,578,54,dia,PW91,dft,-8809.204637,-232.46027722269403,1 1 1,1010.2069097636663,162,0.2936830805200546,0.04257767633078081,0.13415628706000846,0.14977770913491667,-0.015743038613599047
original_sw_1985,579,54,dia,PW91,dft,-8809.001442,-232.19664452005952,1 1 1,1010.2102712388345,162,1.0388564000648464,0.08007929712204509,0.2596130772284939,0.28081755582232515,-0.014623821898140932
original_sw_1985,580,54,dia,PW91,dft,-8808.863467,-232.00835767250118,1 1 1,1010.216296542899,162,1.5637876966950697,0.09824973523336517,0.2990555876595918,0.3330526706760425,-0.013692121017453651
original_sw_1985,581,54,dia,PW91,dft,-8808.815697,-231.94547886059905,1 1 1,1010.2183261242908,162,1.788894386507251,0.1050835759831325,0.32362347513792206,0.3534329932695609,-0.01341232820443139
original_sw_1985,582,54,dia,PW91,dft,-8808.772527,-231.8956218127243,1 1 1,1010.2220681717101,162,1.8459023260195417,0.10674483033191708,0.35314674870782736,0.36861916894567154,-0.013288493984537908
original_sw_1985,583,54,dia,PW91,dft,-8808.781743,-231.91031960487882,1 1 1,1010.2284740703718,162,1.6621302903285253,0.10129197164902287,0.4187570762005115,0.3583823973205984,-0.013390008654070584
original_sw_1985,584,54,dia,PW91,dft,-8808.799784,-231.93225738962985,1 1 1,1010.2377341289288,162,1.4742373254367007,0.09539512777878255,0.4238706364881756,0.3432593079717712,-0.013462171334613693
original_sw_1985,585,54,dia,PW91,dft,-8808.801087,-231.9247722267524,1 1 1,1010.2499752514824,162,1.4825989100890196,0.09566527648005986,0.3526661904020896,0.3405794696307319,-0.01329942757765945
original_sw_1985,586,54,dia,PW91,dft,-8808.807434,-231.91617317564177,1 1 1,1010.2648169517845,162,1.5909345957241232,0.09909885934874822,0.3572477426582676,0.3360585307329589,-0.013022648853369567
original_sw_1985,587,54,dia,PW91,dft,-8808.802522,-231.8907937528675,1 1 1,1010.2824495886291,162,1.7249772317131626,0.10318918355703602,0.34862691061320605,0.3323251696943006,-0.012643622505720487
original_sw_1985,588,54,dia,PW91,dft,-8807.702952,-231.1587320833059,1 1 1,987.313734560745,162,0.300046828363416,0.04303650677998338,0.16545959671308408,0.1627187814078003,-0.019449332328636437
original_sw_1985,589,54,dia,PW91,dft,-8807.475709,-230.86526663518654,1 1 1,987.3162330479669,162,1.128131267174373,0.08344922560553092,0.34464883773053184,0.3064838144529087,-0.01822299069680522
original_sw_1985,590,54,dia,PW91,dft,-8807.334549,-230.6707600603552,1 1 1,987.3209801841904,162,1.7173856522717859,0.10296186673559143,0.44872400685715585,0.35492252742371755,-0.01723509116289179
original_sw_1985,591,54,dia,PW91,dft,-8807.294306,-230.62206375118654,1 1 1,987.3234162199467,162,1.6703724252425598,0.10154280327309764,0.4092813656030377,0.3725521812626793,-0.017078548400509597
original_sw_1985,592,54,dia,PW91,dft,-8807.261059,-230.58677394229423,1 1 1,987.3257273336443,162,1.51594977489649,0.09673528136029211,0.2864999940686199,0.391059138937979,-0.017040718606203598
original_sw_1985,593,54,dia,PW91,dft,-8807.299279,-230.62711580630761,1 1 1,987.3303495721058,162,1.366491069797184,0.09184296413158954,0.2812422582464844,0.36854831398690807,-0.017080012384216303
original_sw_1985,594,54,dia,PW91,dft,-8807.340379,-230.6617266856102,1 1 1,987.3372204927473,162,1.343923279745773,0.09108140707345315,0.263025251443908,0.3417930767111211,-0.016959843482449166
original_sw_1985,595,54,dia,PW91,dft,-8807.333326,-230.631516684332,1 1 1,987.3462776656962,162,1.528238630687879,0.09712657614870208,0.309913253180358,0.3328381731579344,-0.016531010125409473
original_sw_1985,596,54,dia,PW91,dft,-8807.277418,-230.5336522911809,1 1 1,987.3572712771479,162,1.966049391680551,0.11016400208803592,0.3336520211975445,0.3403887946983168,-0.01575403988189983
original_sw_1985,597,54,dia,PW91,dft,-8807.189464,-230.39610856427848,1 1 1,987.3703887642697,162,2.478183721825161,0.12368278126577198,0.42564183358786706,0.36807658629223244,-0.014835711605918789
original_sw_1985,598,54,dia,PW91,dft,-8805.944371,-229.59259311116637,1 1 1,966.672624941964,162,0.3497159811843063,0.04646224945689224,0.1487736987903922,0.1950013188527734,-0.023013073585326893
original_sw_1985,599,54,dia,PW91,dft,-8805.684192,-229.26744817858693,1 1 1,966.6749037181504,162,1.2124134577221057,0.08651030973035889,0.270511788679001,0.3561627817731246,-0.021810000759749926
original_sw_1985,600,54,dia,PW91,dft,-8805.569074,-229.11805509521653,1 1 1,966.6787222153382,162,1.5696028513000015,0.09843224313966528,0.28182470237971086,0.39702752917037853,-0.021175276993662173
original_sw_1985,601,54,dia,PW91,dft,-8805.597019,-229.14222920225268,1 1 1,966.6806314673131,162,1.511263720099981,0.09658565315655786,0.24509656393004062,0.37452510866313865,-0.021105445642450427
original_sw_1985,602,54,dia,PW91,dft,-8805.584447,-229.1105954518498,1 1 1,966.6829718434564,162,1.6199414440110855,0.09999819270005987,0.31834505276859526,0.3662344667215455,-0.020752450264640565
original_sw_1985,603,54,dia,PW91,dft,-8805.549109,-229.04713567679877,1 1 1,966.6867287689784,162,1.795081292465178,0.10526513534366852,0.38818567560770406,0.36944508892842703,-0.020231676652587183
original_sw_1985,604,54,dia,PW91,dft,-8805.497207,-228.96023211453772,1 1 1,966.692210200052,162,1.9884201281469749,0.11078898104908677,0.41282562385524885,0.3861768654394218,-0.019583499573680996
original_sw_1985,605,54,dia,PW91,dft,-8805.468592,-228.8945783683559,1 1 1,966.6995393332371,162,2.1909784235752134,0.11629513390601245,0.3905314354471918,0.392775158358388,-0.018897596866613853
original_sw_1985,606,54,dia,PW91,dft,-8805.490055,-228.8855096427865,1 1 1,966.7085930181896,162,2.388045695810834,0.1214126138984213,0.4018178652402976,0.3733580506483697,-0.018332194541238245
original_sw_1985,607,54,dia,PW91,dft,-8805.510316,-228.87793741209347,1 1 1,966.7191249297413,162,2.6560718179497527,0.12804493371107092,0.41746064441650893,0.35949468781854493,-0.017816764343225877
original_sw_1985,608,54,dia,PW91,dft,-8803.908911,-227.72267849981853,1 1 1,947.9075369556474,162,0.6647551061211057,0.0640579938883078,0.1974813229338799,0.26334836250947097,-0.026078728930729156
original_sw_1985,609,54,dia,PW91,dft,-8803.830295,-227.6208283757182,1 1 1,947.908084055467,162,0.922829581460334,0.07547502168203264,0.25397555308723146,0.3062251593563787,-0.025648467373321715
original_sw_1985,610,54,dia,PW91,dft,-8803.707851,-227.4632044587122,1 1 1,947.9091174668073,162,1.3124932882886187,0.09001005733547048,0.28883458498206055,0.3629372816911457,-0.024996987428766992
original_sw_1985,611,54,dia,PW91,dft,-8803.592969,-227.31145875247728,1 1 1,947.9112450805221,162,1.6772643534231693,0.101752069576525,0.31233270137113345,0.4089896752107715,-0.024314326202204306
original_sw_1985,612,54,dia,PW91,dft,-8803.592204,-227.29489059899106,1 1 1,947.9144061121193,162,1.7352711664705929,0.10349662028449191,0.30649635833802125,0.40109972215056355,-0.024021675211683302
original_sw_1985,613,54,dia,PW91,dft,-8803.691569,-227.39730167297412,1 1 1,947.9187829361252,162,1.5649779566770188,0.09828711897937363,0.2981646315729934,0.33855123800623677,-0.02407808398916611
original_sw_1985,614,54,dia,PW91,dft,-8803.73856,-227.44365267176167,1 1 1,947.9240108260085,162,1.4863225641648932,0.09578533626288091,0.27536565668989205,0.3022450899620585,-0.024066232114867248
original_sw_1985,615,54,dia,PW91,dft,-8803.679609,-227.36981883629028,1 1 1,947.9302113715369,162,1.5941980297478706,0.0992004464641695,0.317772797331197,0.34019458479171144,-0.023790624050570308
original_sw_1985,616,54,dia,PW91,dft,-8803.577657,-227.24174375069248,1 1 1,947.9375061662112,162,1.838198275562782,0.1065218425280596,0.36698735695421364,0.39777570905886644,-0.02330686320617481
original_sw_1985,617,54,dia,PW91,dft,-8803.548174,-227.19089391420258,1 1 1,947.9456520645068,162,2.05283268064863,0.11256911952516353,0.39745472800039183,0.41113498558154327,-0.0229111810489524
original_sw_1985,618,54,dia,PW91,dft,-8801.865371,-225.90043456436842,1 1 1,930.7676752280789,162,0.47289090640725756,0.054028507930356566,0.18041402696108472,0.2490024226120434,-0.030176804200180207
original_sw_1985,619,54,dia,PW91,dft,-8801.701241,-225.69898968464634,1 1 1,930.7688162516957,162,0.9093221441450398,0.0749206223627133,0.23936976919494857,0.3404314416168959,-0.02948578790901113
original_sw_1985,620,54,dia,PW91,dft,-8801.663918,-225.65075860759185,1 1 1,930.7692966829312,162,0.9977697422866384,0.0784797584301255,0.2530591931726593,0.35756710768404143,-0.029283786482093177
original_sw_1985,621,54,dia,PW91,dft,-8801.656031,-225.63490134294494,1 1 1,930.7700173301098,162,1.0446081293677278,0.08030067452662162,0.25987387376336124,0.36335415649894764,-0.029136188988623246
original_sw_1985,622,54,dia,PW91,dft,-8801.642609,-225.61019983848095,1 1 1,930.7713385175412,162,1.1256858129068004,0.08335872994143675,0.2334201796951197,0.36835972719829857,-0.02892730927631515
original_sw_1985,623,54,dia,PW91,dft,-8801.627638,-225.57905346275888,1 1 1,930.7732001928372,162,1.268272262995517,0.08848073874918742,0.2534825992554127,0.3689213985524241,-0.028627765281479256
original_sw_1985,624,54,dia,PW91,dft,-8801.620463,-225.554218277395,1 1 1,930.7755423039509,162,1.4259590929714492,0.09382012909435027,0.26914983284303096,0.36091424468516986,-0.02830072481178636
original_sw_1985,625,54,dia,PW91,dft,-8801.598697,-225.5097809644992,1 1 1,930.778605070353,162,1.6255710112274953,0.10017179721954884,0.2977030266093332,0.3608299594419291,-0.027880885684069767
original_sw_1985,626,54,dia,PW91,dft,-8801.561368,-225.44721046340712,1 1 1,930.7822083330486,162,1.8183176530664755,0.1059442449764036,0.30068432487569136,0.3748801185037461,-0.02741345047865895
original_sw_1985,627,54,dia,PW91,dft,-8801.524404,-225.38547006110926,1 1 1,930.7863520961233,162,1.9894358261564504,0.1108172733047251,0.3077919758099298,0.39015528960661894,-0.02695462821390482
original_sw_1985,628,54,dia,PW91,dft,-8799.440168,-223.64655177479457,1 1 1,915.1107764834117,162,0.8630771528918042,0.07299066204827646,0.20926007399747296,0.38121682897914355,-0.033349400689566266
original_sw_1985,629,54,dia,PW91,dft,-8799.419304,-223.62647611572777,1 1 1,915.1111921328688,162,0.8439334230047357,0.07217662761658587,0.20833831301255776,0.38240434229755377,-0.03336399959573022
original_sw_1985,630,54,dia,PW91,dft,-8799.429857,-223.638397887594,1 1 1,915.1117859180295,162,0.8290349375387167,0.07153670117105292,0.22446163585372392,0.3696310075610775,-0.03338934722287057
original_sw_1985,631,54,dia,PW91,dft,-8799.410212,-223.60563589232265,1 1 1,915.1128547319388,162,0.9962416693389895,0.07841963997743992,0.2712532493990451,0.3740488258648384,-0.03314643990301924
original_sw_1985,632,54,dia,PW91,dft,-8799.362827,-223.53192706244818,1 1 1,915.1145767115883,162,1.3281126668393823,0.09054405744450988,0.3403462969402137,0.3940852481489785,-0.03265896157201098
original_sw_1985,633,54,dia,PW91,dft,-8799.321752,-223.4570805340332,1 1 1,915.1166549654922,162,1.7372455678728946,0.1035554830672402,0.36155752474654557,0.4113240082621479,-0.03203356289765669
original_sw_1985,634,54,dia,PW91,dft,-8799.339262,-223.44944652149678,1 1 1,915.119267631416,162,1.9551893953544868,0.10985932068647777,0.33163102982933573,0.40273680491753566,-0.0315679330359
original_sw_1985,635,54,dia,PW91,dft,-8799.369708,-223.46235395847552,1 1 1,915.122414712262,162,1.9812162702483789,0.11058810995428757,0.3482662988913439,0.3851391245148936,-0.03124314483176427
original_sw_1985,636,54,dia,PW91,dft,-8799.386274,-223.46345171360355,1 1 1,915.1260368323441,162,1.930476996497117,0.10916283557024016,0.34112724610724826,0.37030171711560483,-0.030956695852650817
original_sw_1985,637,54,dia,PW91,dft,-8799.380833,-223.44149867718278,1 1 1,915.1300152366857,162,1.9377872964491107,0.10936932832417381,0.3194383361480262,0.3656803225369677,-0.030650917400437905
original_sw_1985,638,54,dia,PW91,dft,-8797.559801,-222.0623824152482,1 1 1,900.7456390816774,162,0.04240911481189151,0.016179760793431516,0.052659501389110595,0.08388684122592885,-0.03883454217942095
original_sw_1985,639,54,dia,PW91,dft,-8797.49667,-221.98841778777282,1 1 1,900.7457565925661,162,0.17002325067398188,0.032396392372118894,0.09519997474337044,0.17530875161790171,-0.03863391944839378
original_sw_1985,640,54,dia,PW91,dft,-8797.333269,-221.7977834650816,1 1 1,900.7463441471945,162,0.48424851853661866,0.05467347058700874,0.16545107084346483,0.3030558642090291,-0.03812959865780208
original_sw_1985,641,54,dia,PW91,dft,-8797.176669,-221.61263809525565,1 1 1,900.7473429906137,162,0.7947488038383799,0.07004182189104706,0.23234256742826356,0.383313632823077,-0.03760098069807327
original_sw_1985,642,54,dia,PW91,dft,-8797.1085,-221.52562640057053,1 1 1,900.7488118793063,162,0.967696754946912,0.07728801174135323,0.26890325400769777,0.40459621113044436,-0.03725204190762277
original_sw_1985,643,54,dia,PW91,dft,-8797.163952,-221.5759238526755,1 1 1,900.7505745476785,162,0.9599280128053185,0.07697714959990827,0.28022254052517953,0.35921749659142077,-0.0371565873169617
original_sw_1985,644,54,dia,PW91,dft,-8797.265887,-221.67341767058204,1 1 1,900.7526309968702,162,0.9251401700487101,0.07556945011328411,0.2710902728450169,0.27817313128653004,-0.037074343204123394
original_sw_1985,645,54,dia,PW91,dft,-8797.321217,-221.7111809585343,1 1 1,900.7551574956866,162,1.0350174774055703,0.07993120025439665,0.25392632234831264,0.2289464503821638,-0.036749033721733326
original_sw_1985,646,54,dia,PW91,dft,-8797.285116,-221.6433558740975,1 1 1,900.7580365346962,162,1.3149457742374802,0.09009411314668761,0.29366587395867305,0.2680476997593829,-0.03616155067665616
original_sw_1985,647,54,dia,PW91,dft,-8797.200485,-221.5187631543267,1 1 1,900.7613268725933,162,1.6598287529289963,0.10122181829804139,0.3421672372766315,0.33425509026845107,-0.035421518829049425
original_sw_1985,648,54,dia,PW91,dft,-8795.211954,-219.9589923333866,1 1 1,887.4698026352503,162,0.03692151895872991,0.015096708610036742,0.05483024928275054,0.09485632447659922,-0.04336152214495126
original_sw_1985,649,54,dia,PW91,dft,-8795.074004,-219.80876463261552,1 1 1,887.4701516954766,162,0.1998499729856473,0.03512323744408221,0.10250592846955425,0.24631908766004923,-0.04313415731585568
original_sw_1985,650,54,dia,PW91,dft,-8794.864502,-219.57862829575043,1 1 1,887.4709661696899,162,0.4919152447382574,0.055104572010033756,0.15868615131310826,0.36761202114390407,-0.04275203996648447
original_sw_1985,651,54,dia,PW91,dft,-8794.750588,-219.44988109668108,1 1 1,887.4721878819562,162,0.7338012869950206,0.06730258222418614,0.19597683546074424,0.4044488390138234,-0.04247735109483397
original_sw_1985,652,54,dia,PW91,dft,-8794.798888,-219.49281685011397,1 1 1,887.4741077177725,162,0.8351852576554717,0.07180156372551254,0.21159739375934564,0.3605709394355459,-0.042378013195475184
original_sw_1985,653,54,dia,PW91,dft,-8794.898055,-219.58228145762953,1 1 1,887.4764929721057,162,0.9049984903267758,0.07474229347642404,0.22368420181713036,0.30269849669266613,-0.04219833926056005
original_sw_1985,654,54,dia,PW91,dft,-8794.92847,-219.5885094810784,1 1 1,887.4794018243992,162,1.0760119198161484,0.08149876617320045,0.26741015706654264,0.3040784243739649,-0.04175043228738584
original_sw_1985,655,54,dia,PW91,dft,-8794.890452,-219.5114920195281,1 1 1,887.4827179235933,162,1.3952665040933978,0.09280493628092955,0.2793146575735197,0.35056828029819603,-0.041028220036470664
original_sw_1985,656,54,dia,PW91,dft,-8794.853706,-219.42915454394964,1 1 1,887.4863830952028,162,1.7920171119981263,0.1051752538607813,0.30019864890823755,0.37612474516236866,-0.040183933451683806
original_sw_1985,657,54,dia,PW91,dft,-8794.866745,-219.39698013019733,1 1 1,887.4906300526429,162,2.1713595527432363,0.11577328720080136,0.3300357568046542,0.35516632879609217,-0.03934664801181409
original_sw_1985,658,128,dia,PW91,dft,-20885.217841,-552.150517322251,1 1 1,2675.982405977944,384,4.791828106062708,0.11170818692560079,0.40035638847113336,0.2833495603357237,0.007746172483525271
original_sw_1985,659,128,dia,PW91,dft,-20884.400766,-552.8752409188738,1 1 1,2510.544346658163,384,4.728306695133801,0.11096530397040452,0.41290687276487914,0.3138016489879428,-0.004299129052611761
original_sw_1985,660,128,dia,PW91,dft,-20876.900954,-540.0455182434132,1 1 1,2919.6722120848954,384,4.0485462261280665,0.1026795458236052,0.39021787929580604,0.22151401530504228,0.037340798099438466
original_sw_1985,661,128,dia,PW91,dft,-20851.883614,-524.050111289561,1 1 1,2163.7741885338937,384,8.963548741480079,0.1527827701267534,0.5332793584116878,0.8243996424093643,-0.033143053823607715
original_sw_1985,662,128,dia,PW91,dft,-20853.645364,-504.1411027541829,1 1 1,3170.985498370611,384,134.07383337608397,0.5908896747703574,1.6165101257191292,0.5531911960092889,0.136159747234045
original_sw_1985,663,128,dia,PW91,dft,-20885.282734,-553.5688484305892,1 1 1,2543.3036390512634,384,3.013546569068936,0.08858768268567035,0.3152903759857387,0.2561479236345508,-0.0028275627378766544
original_sw_1985,664,128,dia,PW91,dft,-20885.066165,-552.9719378211793,1 1 1,2562.4222711288066,384,5.26389636181229,0.11708143935833512,0.46276143760554145,0.3113838226336055,0.00014385608563749486
original_sw_1985,665,128,dia,PW91,dft,-20884.819871,-552.9396145731448,1 1 1,2546.089398445905,384,4.9110554449887385,0.1130893756636383,0.3575026803522479,0.3326658638030715,-0.0015277904140971188
original_sw_1985,666,128,dia,PW91,dft,-20884.586851,-552.9171078638552,1 1 1,2525.693564615467,384,4.709063134203039,0.11073926695314727,0.36854729596017793,0.3231690536366151,-0.0031724254977696376
original_sw_1985,667,128,dia,PW91,dft,-20884.830698,-553.022299294414,1 1 1,2542.2121262489927,384,4.5919343336796645,0.10935338278851182,0.3962572639591493,0.3252480696085906,-0.0020891788614978424
original_sw_1985,668,128,dia,PW91,dft,-20883.326536,-552.2695208589497,1 1 1,2465.8685190419387,384,3.764397851784775,0.09901070349052933,0.34314664402193623,0.2909499387902174,-0.007959362959441663
original_sw_1985,669,128,dia,PW91,dft,-20883.562926,-552.1983413022862,1 1 1,2484.016204324961,384,5.532181667899132,0.12002800962061864,0.4298976261703556,0.33841586207337354,-0.005556475798021765
original_sw_1985,670,128,dia,PW91,dft,-20883.779565,-552.3968991952923,1 1 1,2490.247593817815,384,4.932737812171657,0.11333874618092302,0.3804440169589843,0.32425809885638684,-0.00541521714961668
original_sw_1985,671,128,dia,PW91,dft,-20883.224404,-551.8657013023867,1 1 1,2477.6482613710273,384,5.491017479131179,0.11958062002363697,0.3893106461287303,0.35605618505714504,-0.005602428923793035
original_sw_1985,672,128,dia,PW91,dft,-20882.615981,-551.451519545936,1 1 1,2458.80772208075,384,5.306583396140168,0.11755521083352716,0.4240005258267115,0.3473389105728246,-0.007119938639033485
original_sw_1985,673,128,dia,PW91,dft,-20880.517284,-549.9124111589368,1 1 1,2402.076737952053,384,4.79013944142294,0.11168850192405172,0.5026739211587488,0.3015814954220328,-0.011491724678084125
original_sw_1985,674,128,dia,PW91,dft,-20881.087016,-550.141456306353,1 1 1,2417.1562386286064,384,5.618669888038665,0.12096260923704492,0.5088832180219248,0.3126728774426737,-0.008830108642273515
original_sw_1985,675,128,dia,PW91,dft,-20881.412791,-550.467661956192,1 1 1,2425.040552587042,384,4.826261971601264,0.11210883351032139,0.393883203936777,0.30268524553284926,-0.008833473094160382
original_sw_1985,676,128,dia,PW91,dft,-20880.861449,-549.868503658826,1 1 1,2417.9317763120453,384,6.146705675926208,0.12651895522433718,0.4136692851275578,0.33505520619082,-0.008459908270978644
original_sw_1985,677,128,dia,PW91,dft,-20880.170129,-549.2711613056953,1 1 1,2402.6086630018967,384,6.1634867250530325,0.12669154146913522,0.3816977608493553,0.3367652414118433,-0.009194108637158749
original_sw_1985,678,128,dia,PW91,dft,-20877.02895,-546.8971658441951,1 1 1,2347.201416580702,384,4.439878689491956,0.10752759686340356,0.47645626099350197,0.3319461354855665,-0.015187730031676061
original_sw_1985,679,128,dia,PW91,dft,-20877.927976,-547.5102109148178,1 1 1,2360.952614635299,384,4.6655726722642115,0.11022671560933577,0.34431856141883566,0.299345730485932,-0.012953504020922324
original_sw_1985,680,128,dia,PW91,dft,-20878.176836,-547.632164791833,1 1 1,2369.074626509962,384,5.558936707026237,0.12031790255214513,0.43707373063585614,0.3550269551932671,-0.0119620499351063
original_sw_1985,681,128,dia,PW91,dft,-20878.084061,-547.7499687748433,1 1 1,2364.5851491339695,384,5.087244481018181,0.11510009775257149,0.43221159812454246,0.3464903133386271,-0.013607198239853346
original_sw_1985,682,128,dia,PW91,dft,-20876.980323,-546.6478786953409,1 1 1,2351.6165614158353,384,5.834022565523979,0.12325894327682148,0.4304207111768786,0.3621999475402738,-0.013620072618753198
original_sw_1985,683,128,dia,PW91,dft,-20872.765154,-543.0469853546348,1 1 1,2297.3654787306523,384,4.926461299944881,0.11326661600815924,0.39958666124660974,0.37541475315642564,-0.018419101206980315
original_sw_1985,684,128,dia,PW91,dft,-20873.784497,-543.7720582898181,1 1 1,2309.935564554983,384,6.00504736212346,0.1250525656362016,0.46181677971707347,0.3562775111329124,-0.01612011632560062
original_sw_1985,685,128,dia,PW91,dft,-20874.531381,-544.4563016430083,1 1 1,2318.5114786277804,384,5.971590770073946,0.12470371939281082,0.5184050201872804,0.3517278732464767,-0.015630736272397527
original_sw_1985,686,128,dia,PW91,dft,-20874.238169,-544.2813546081466,1 1 1,2315.7882680657203,384,5.356717431665732,0.11810920784721307,0.4065944023810891,0.3812904862540009,-0.01655468131254434
original_sw_1985,687,128,dia,PW91,dft,-20873.152711,-543.158222696768,1 1 1,2304.2270056681223,384,6.341753263576097,0.12851063168948093,0.39282610102656534,0.36617216198356584,-0.016260353879910205
original_sw_1985,688,128,dia,PW91,dft,-20868.344217,-539.0356435370971,1 1 1,2251.883097886007,384,5.321741266003819,0.11772298506898138,0.3976836805261504,0.35415073727620733,-0.02161906356995935
original_sw_1985,689,128,dia,PW91,dft,-20869.449285,-539.663186887476,1 1 1,2262.202087068628,384,7.4366321221747205,0.13916260088410967,0.470659239560966,0.32490820330998876,-0.01788840224481625
original_sw_1985,690,128,dia,PW91,dft,-20869.911168,-539.9394405611185,1 1 1,2269.628837219366,384,8.162891619627631,0.14579962366016916,0.48661690056801116,0.3661642459142311,-0.016438173132649503
original_sw_1985,691,128,dia,PW91,dft,-20869.896793,-540.1728440320092,1 1 1,2268.5609297972255,384,7.268357982380428,0.13757912479411874,0.42944933397272034,0.3702213956793286,-0.01837394243647328
original_sw_1985,692,128,dia,PW91,dft,-20868.847108,-539.1380869915614,1 1 1,2260.4090665725357,384,7.750368751428866,0.14206777240755908,0.5553683180030895,0.38917013289498464,-0.01849056712046071
original_sw_1985,693,128,dia,PW91,dft,-20863.36547,-534.5324373300647,1 1 1,2210.6425270493887,384,5.603859581770472,0.12080308078657295,0.41290271011163393,0.37548376024199603,-0.025334226015026218
original_sw_1985,694,128,dia,PW91,dft,-20864.620709,-535.5106639106842,1 1 1,2219.9967918297334,384,6.271472677623645,0.12779655745746143,0.4601830904732691,0.34000418871385796,-0.02317006648863007
original_sw_1985,695,128,dia,PW91,dft,-20865.28669,-535.9761507642141,1 1 1,2227.8762128027042,384,7.115976535140842,0.1361293094583086,0.46914690072261184,0.3906528686108759,-0.021603705969317488
original_sw_1985,696,128,dia,PW91,dft,-20865.334716,-536.114130758072,1 1 1,2228.566359808886,384,6.496631095000785,0.13007040456318728,0.46478339780705186,0.42248550869224843,-0.022306471546328588
original_sw_1985,697,128,dia,PW91,dft,-20864.422538,-535.1035729485204,1 1 1,2221.771239825049,384,7.709142382489622,0.14168941958052733,0.4367098301775364,0.4005332842081838,-0.021537879284225347
original_sw_1985,698,128,dia,PW91,dft,-20858.487243,-530.1579947965602,1 1 1,2173.0339677791167,384,4.925198853963716,0.11325210233014298,0.3612849532022041,0.32292652861298227,-0.02927004215953044
original_sw_1985,699,128,dia,PW91,dft,-20859.414669,-530.5020602246407,1 1 1,2180.8863499745203,384,8.354520224754882,0.14750106130228072,0.49427553001684044,0.35029442718991766,-0.0247125376913937
original_sw_1985,700,128,dia,PW91,dft,-20859.98592,-530.8226784568992,1 1 1,2187.0770437208967,384,9.42344612515253,0.15665319749131001,0.6080587598159993,0.38325364426777636,-0.02275446919343249
original_sw_1985,701,128,dia,PW91,dft,-20859.873657,-530.7052246085178,1 1 1,2186.684610220646,384,10.103135441863543,0.162204341947186,0.5970253241934439,0.4075074183233253,-0.022713915690445674
original_sw_1985,702,128,dia,PW91,dft,-20859.056789,-530.1468173746761,1 1 1,2180.1881277469433,384,8.089718246749694,0.14514466783492483,0.5369839521745113,0.383427705241307,-0.02473314042607022
original_sw_1985,703,128,dia,PW91,dft,-20853.012499,-525.3081121182785,1 1 1,2138.259037160192,384,4.662556721149285,0.11019108309958477,0.3697679870297222,0.3532140126035194,-0.034151771235448436
original_sw_1985,704,128,dia,PW91,dft,-20853.85068,-525.6172962430941,1 1 1,2144.7501219031083,384,7.067283274066536,0.1356627565922753,0.5096584677109383,0.3879798350789182,-0.030018983148076828
original_sw_1985,705,128,dia,PW91,dft,-20854.72915,-525.9860548349719,1 1 1,2150.0422232454193,384,9.777267518522045,0.15956702091227318,0.5549739526620424,0.35268247842687467,-0.026036862772125247
original_sw_1985,706,128,dia,PW91,dft,-20854.433282,-525.0691723548875,1 1 1,2149.2927201719576,384,13.752431893651273,0.18924488030868944,0.7062485344724466,0.3871654677212746,-0.021185187146445905
original_sw_1985,707,128,dia,PW91,dft,-20853.146688,-523.089974867931,1 1 1,2141.2786501272317,384,19.16438304265772,0.22339930059631152,0.7291689210473842,0.37674744522227405,-0.015774222404606242
original_sw_1985,708,128,dia,PW91,dft,-20847.479926,-520.2812877047238,1 1 1,2106.3125784478807,384,5.234189568734806,0.11675059743707333,0.37638492492277825,0.3516943372262044,-0.03810293206705584
original_sw_1985,709,128,dia,PW91,dft,-20848.149056,-519.8496396794117,1 1 1,2111.3449808058886,384,12.446642606962502,0.180036473496247,0.5533491748305618,0.39303261302604814,-0.029503103744317194
original_sw_1985,710,128,dia,PW91,dft,-20848.467227,-518.5224941701271,1 1 1,2113.7509126589753,384,22.891522257210966,0.2441584305558317,0.8475717214948296,0.4039717017951902,-0.016649068515510734
original_sw_1985,711,128,dia,PW91,dft,-20847.712071,-515.1730263230754,1 1 1,2107.7146325468284,384,47.758427593195584,0.3526625939770385,1.5007885358148498,0.3695857818026514,0.0036189927895859952
original_sw_1985,712,128,dia,PW91,dft,-20844.789522,-508.45070036930804,1 1 1,2089.79852501234,384,101.71849412300602,0.514676511780615,1.7565908595015736,0.39386663256378474,0.033304750240873204
original_sw_1985,713,2,bt,UNSPECIFIED,dft,-323.962276,-4.0575527694050475,1 1 1,26.217399989342944,6,4.271985409138918,0.8437994834022001,1.4615035766529827,3.8335014132469896,
original_sw_1985,714,2,bt,UNSPECIFIED,dft,-325.290601,-6.41514486386626,1 1 1,31.10463887859847,6,3.89447856862328,0.8056548649621706,1.3954351594795227,0.0513035232708242,
original_sw_1985,715,2,bt,UNSPECIFIED,dft,-325.277218,-6.973350446232586,1 1 1,28.65424874769037,6,0.6011819850620834,0.31653909317862655,0.5482617919671624,0.8219842127234968,
original_sw_1985,716,2,bt,UNSPECIFIED,dft,-325.157426,-5.997031563821144,1 1 1,28.465225704788338,6,2.401446917795819,0.6326461514669711,1.0957752775537115,1.5004226852235116,
original_sw_1985,717,2,bt,UNSPECIFIED,dft,-325.278572,-6.454139153566178,1 1 1,32.982894590379495,6,18.076291639560843,1.7357175096369053,3.006350914278043,0.1580642359928393,
original_sw_1985,718,2,bt,UNSPECIFIED,dft,-325.295207,-6.473697953199866,1 1 1,33.9259984364876,6,14.825452505838031,1.5719124501615875,2.722632228729951,0.18570900265379348,
original_sw_1985,719,2,bt,UNSPECIFIED,dft,-324.430523,-4.9952346953753795,1 1 1,27.880416661669024,6,8.599435316865573,1.197179693896282,2.0735760556181164,3.0524917076709643,
original_sw_1985,720,2,bt,UNSPECIFIED,dft,-325.255433,-6.227973657479861,1 1 1,32.80383156478897,6,19.377237530487623,1.7970919810668022,3.11265461708231,0.24695509585077743,
original_sw_1985,721,2,bt,UNSPECIFIED,dft,-325.481616,-7.084962569088766,1 1 1,30.690766516223206,6,1.2966995340816083,0.46488341443162007,0.8052016933916663,0.9548023281112519,
original_sw_1985,722,2,bt,UNSPECIFIED,dft,-325.531818,-7.4416687972365745,1 1 1,32.624343435234806,6,0.9705030394334359,0.4021821808238641,0.6965999710857863,0.33797750778219937,
original_sw_1985,723,2,bt,UNSPECIFIED,dft,-325.431831,-6.214404201048653,1 1 1,30.112085385107797,6,6.631229744105182,1.0512872858314533,1.820882992411262,0.49884742320005354,
original_sw_1985,724,2,bt,UNSPECIFIED,dft,-325.031501,-5.15475378213181,1 1 1,31.112432789879417,6,16.336022582005036,1.6500516447475735,2.8579732838153893,0.8066004930364639,
original_sw_1985,725,2,bt,UNSPECIFIED,dft,-325.29953,-6.010757831852565,1 1 1,30.92399157316894,6,3.416765498021233,0.754626342196502,1.3070511654142,0.03774016207349054,
original_sw_1985,726,2,bt,UNSPECIFIED,dft,-324.354889,-0.5275490295679325,1 1 1,24.006011454635292,6,7.046484020716115,1.0837038356731445,1.8770301037431611,0.833103766986242,
original_sw_1985,727,2,bt,UNSPECIFIED,dft,-325.231754,-4.599449213326467,1 1 1,27.93583187021612,6,15.818737944551438,1.623716823861817,2.8123600360330325,0.28304991344284136,
original_sw_1985,728,2,bt,UNSPECIFIED,dft,-325.011005,-1.9082654037820546,1 1 1,25.72338898280347,6,3.8392124338814124,0.7999179576558058,1.3854985445465866,0.8640880999836379,
original_sw_1985,729,2,bt,UNSPECIFIED,dft,-324.842526,-2.5064839485303465,1 1 1,26.906881430178647,6,4.1711363837275846,0.8337801852334528,1.4441496431685308,1.252179070793524,
original_sw_1985,730,2,bt,UNSPECIFIED,dft,-325.18817,-5.645500724619254,1 1 1,28.735604660715197,6,8.736694298253324,1.2066961988734173,2.090059125748998,0.7507767510163501,
original_sw_1985,731,2,bt,UNSPECIFIED,dft,-324.978589,-3.069485030005058,1 1 1,29.113819563878245,6,6.0599472984979394,1.004983192106377,1.7406819494810002,0.34632638892620743,
original_sw_1985,732,2,bt,UNSPECIFIED,dft,-324.590903,-2.301881935815309,1 1 1,24.872819057251046,6,6.2617843288997195,1.0215824594633987,1.7694327239117835,1.1865792760985954,
original_sw_1985,733,2,bt,UNSPECIFIED,dft,-324.542545,-2.9160900432756325,1 1 1,24.93552774565426,6,2.210696196925419,0.6070003016096751,1.051355362597592,1.658424336109429,
original_sw_1985,734,2,bt,UNSPECIFIED,dft,-325.34767,-3.3699899502145363,1 1 1,26.364574768499043,6,4.678441435177672,0.883029013790758,1.5294511164430329,0.5625298822877471,
original_sw_1985,735,2,bt,UNSPECIFIED,dft,-323.646183,4.520373766436195,1 1 1,22.249794614990293,6,8.713134588420262,1.2050680885618221,2.087239155968989,0.7534185460286997,
original_sw_1985,736,2,bt,UNSPECIFIED,dft,-324.846177,-2.997872649304949,1 1 1,26.427314106535196,6,4.385942002434345,0.8549797270924367,1.4808683267654736,0.18002807614369487,
original_sw_1985,737,2,bt,UNSPECIFIED,dft,-325.17637,-4.518963540867028,1 1 1,28.03515426738705,6,9.030719191020028,1.2268332670619935,2.1249375509670916,0.16811963498255242,
original_sw_1985,738,2,bt,UNSPECIFIED,dft,-324.870662,-0.8381548687629427,1 1 1,26.011029856853252,6,2.251168377188073,0.6125314110568907,1.0609355251823915,0.6866181747764425,
original_sw_1985,739,2,bt,UNSPECIFIED,dft,-324.975745,-3.611840219676756,1 1 1,27.146842692338474,6,23.816526523199247,1.9923406052178614,3.4508351542198628,0.1153194035422198,
original_sw_1985,740,2,bt,UNSPECIFIED,dft,-325.052148,-2.8536062515144747,1 1 1,25.467420425789882,6,5.20212472894574,0.9311395105770259,1.612780941254228,0.9171810747429684,
original_sw_1985,741,2,bt,UNSPECIFIED,dft,-324.877388,-0.330036507766511,1 1 1,24.873023770038017,6,21.150790584327527,1.87753342554922,3.2519832859600863,0.7259480371899907,
original_sw_1985,742,2,bt,UNSPECIFIED,dft,-325.317474,-5.504953345000067,1 1 1,28.956440168437386,6,12.755062357106553,1.4580273406848123,2.5253774328906315,0.09649034735834115,
original_sw_1985,743,2,bt,UNSPECIFIED,dft,-324.7844,-1.074669711190936,1 1 1,25.460921267376445,6,18.97474162482284,1.7783298168423296,3.0801575953855718,0.40260223765730196,
original_sw_1985,744,2,bt,UNSPECIFIED,dft,-323.658032,2.5488872596804617,1 1 1,22.69179697805819,6,10.826405965366503,1.3432799388912762,2.326629102947709,2.0075442698149066,
original_sw_1985,745,2,bt,UNSPECIFIED,dft,-325.18298,-4.193869034721843,1 1 1,26.6703837113038,6,1.4070790549091305,0.4842656046202212,0.8387726315602857,0.1345218501458654,
original_sw_1985,746,2,bt,UNSPECIFIED,dft,-325.460995,-4.690504609847772,1 1 1,27.389704670563628,6,2.105525439413409,0.5923857751236954,1.0260422601953123,0.5209894475258912,
original_sw_1985,747,2,bt,UNSPECIFIED,dft,-324.997453,-1.2361971530267506,1 1 1,24.796732346399562,6,13.612019790395504,1.5062104650632053,2.608833052381419,0.5370457991953138,
original_sw_1985,748,2,bt,UNSPECIFIED,dft,-325.550636,-6.810406315272039,1 1 1,29.102315842720223,6,1.7420109201468164,0.5388275729375797,0.9332767328469134,0.20625788590984828,
original_sw_1985,749,2,bt,UNSPECIFIED,dft,-325.410779,-4.575412725786802,1 1 1,27.488208235668175,6,12.859094145673042,1.4639611871945832,2.5356551565298706,0.48020594654793686,
original_sw_1985,750,2,bt,UNSPECIFIED,dft,-324.591641,-0.4078655537711429,1 1 1,24.870234153658004,6,7.257890595924177,1.0998401850514599,1.904979080715085,0.9211826428383607,
original_sw_1985,751,2,bt,UNSPECIFIED,dft,-325.224523,-3.7270930858341944,1 1 1,27.318525926741398,6,15.608865093160277,1.6129096427037422,2.7936414491806474,0.48498883378898533,
original_sw_1985,752,2,bt,UNSPECIFIED,dft,-325.169081,-4.45942589242733,1 1 1,27.495597072712773,6,33.54611246322489,2.364533515066093,4.095492184293903,0.14888157732461954,
original_sw_1985,753,2,bt,UNSPECIFIED,dft,-324.755473,-0.7858952531798913,1 1 1,24.751268218637374,6,4.185470265927303,0.8352115765807789,1.4466288857076144,0.9284195254481313,
original_sw_1985,754,2,bt,UNSPECIFIED,dft,-324.331611,-0.21416235847946755,1 1 1,24.86049829197316,6,16.116432334341173,1.6389240542879127,2.838699731773439,0.08199189187555884,
original_sw_1985,755,2,bt,UNSPECIFIED,dft,-324.994661,-3.028249375182876,1 1 1,26.861010432801347,6,4.75856768254633,0.890558596476235,1.5424927362140697,0.21700680204392983,
original_sw_1985,756,2,bt,UNSPECIFIED,dft,-325.353253,-3.6560276944427876,1 1 1,26.166543973266727,6,2.0812666604144368,0.5889633067821284,1.0201143711404228,0.5196341835368417,
original_sw_1985,757,2,bt,UNSPECIFIED,dft,-325.321886,-3.3317860237824233,1 1 1,26.636618171657933,6,5.548606261138905,0.9616484337791111,1.6656239463244558,0.42268732754444704,
original_sw_1985,758,2,bt,UNSPECIFIED,dft,-324.433778,-2.7030568669865374,1 1 1,25.211756710709256,6,10.226021534865163,1.3055025555231698,2.2611967555771404,2.97075579385112,
original_sw_1985,759,2,bt,UNSPECIFIED,dft,-325.282317,-2.852578102070858,1 1 1,25.58822491072935,6,1.8538344747438937,0.5558528694333741,0.9627654113915537,0.11824471235535228,
original_sw_1985,760,2,bt,UNSPECIFIED,dft,-324.25527,-0.055875197874572305,1 1 1,24.715206898361416,6,4.338803941234775,0.8503728536387999,1.4728889878797347,3.0683615849396455,
original_sw_1985,761,2,bt,UNSPECIFIED,dft,-324.375799,0.4486710738299309,1 1 1,24.071586272409196,6,8.83279770071532,1.2133148602564876,2.1015229835425697,0.698136211924292,
original_sw_1985,762,2,bt,UNSPECIFIED,dft,-324.973312,-2.230904018506209,1 1 1,26.773184974145362,6,21.253062662062533,1.8820672438421948,3.259836089595805,0.16433091553326173,
original_sw_1985,763,2,bt,UNSPECIFIED,dft,-325.179164,-5.279230764822505,1 1 1,30.119821700095525,6,4.2499342911747835,0.8416189053618413,1.4577267046972122,0.07144262243227077,
original_sw_1985,764,2,bt,UNSPECIFIED,dft,-324.864895,-1.8816876184108515,1 1 1,26.277574367611805,6,3.4687958466647086,0.7603503410341741,1.316965422223513,0.6537729353529405,
original_sw_1985,765,2,bt,UNSPECIFIED,dft,-325.215377,-5.237887508295892,1 1 1,27.909272279303586,6,8.288796355356254,1.1753578430529328,2.035779501242246,0.6997824824662779,
original_sw_1985,766,2,bt,UNSPECIFIED,dft,-325.370056,-6.091225727005426,1 1 1,28.86289111214715,6,5.137361470912873,0.9253253005396601,1.602710434063633,0.7999613016265225,
original_sw_1985,767,2,bt,UNSPECIFIED,dft,-325.201058,-6.217496014623784,1 1 1,30.521134654169984,6,9.551832570366841,1.2617337655231156,2.185386987511233,0.2430447836647943,
original_sw_1985,768,2,bt,UNSPECIFIED,dft,-325.601084,-6.576049140856129,1 1 1,29.436132135168194,6,4.5794831258365205,0.873640193466063,1.5131892026175255,0.32081757853958065,
original_sw_1985,769,2,bt,UNSPECIFIED,dft,-325.053108,-5.008064238807357,1 1 1,27.162777910831498,6,9.675235845741526,1.2698579871873814,2.199458552205695,0.9198969744850054,
original_sw_1985,770,2,bt,UNSPECIFIED,dft,-325.548642,-6.228347588485156,1 1 1,29.055915473993622,6,5.021502045846278,0.9148316826832389,1.584534954781099,0.25473285889339053,
original_sw_1985,771,2,bt,UNSPECIFIED,dft,-325.145659,-5.008481331743194,1 1 1,30.471139113457944,6,39.95880443683585,2.5806589738810204,4.469832459770494,0.8183244134408636,
original_sw_1985,772,2,bt,UNSPECIFIED,dft,-325.379143,-4.9490954956944835,1 1 1,28.839039794439177,6,2.0876824819868642,0.5898703928246815,1.0216854902529606,0.26847282581296755,
original_sw_1985,773,16,bt,UNSPECIFIED,dft,-2605.131243,-50.45232561386197,1 1 1,228.7750597950518,48,10.30904897871744,0.46343484301817445,1.1343201650850503,0.18254208067365363,
original_sw_1985,774,16,bt,UNSPECIFIED,dft,-2605.097621,-50.34614940131095,1 1 1,228.78845636489066,48,19.102846515393853,0.6308533657441365,1.666003466411834,0.18532757228755792,
original_sw_1985,775,16,bt,UNSPECIFIED,dft,-2605.084359,-50.2624076380113,1 1 1,228.80802990034599,48,23.664340175473264,0.7021446339530242,1.8362709700300495,0.20765578423699962,
original_sw_1985,776,16,bt,UNSPECIFIED,dft,-2605.093025,-50.28868076989324,1 1 1,228.8337613359204,48,20.009158692791218,0.6456450052207356,1.676536306772352,0.20930292815777007,
original_sw_1985,777,16,bt,UNSPECIFIED,dft,-2605.13031,-50.42307711638938,1 1 1,228.86552204704117,48,13.4162331790299,0.528682189880136,1.4690700770776395,0.19177801157305982,
original_sw_1985,778,16,bt,UNSPECIFIED,dft,-2605.165017,-50.54620662095744,1 1 1,228.90301884778913,48,9.166417081196702,0.43699773743685594,1.2654716707593312,0.17134288794694688,
original_sw_1985,779,16,bt,UNSPECIFIED,dft,-2605.15204,-50.56565406813108,1 1 1,228.9458457071576,48,9.579518541895414,0.4467362789791696,1.147942996975387,0.18172798947992758,
original_sw_1985,780,16,bt,UNSPECIFIED,dft,-2605.101346,-50.425100380421796,1 1 1,228.9939444104853,48,15.64239231945281,0.5708617812762854,1.3262751807926996,0.21248950288778976,
original_sw_1985,781,16,bt,UNSPECIFIED,dft,-2605.045739,-50.31666517207797,1 1 1,229.04731733964059,48,19.784461490813438,0.642009564616146,1.8046686148308724,0.24046409399759316,
original_sw_1985,782,16,bt,UNSPECIFIED,dft,-2605.046485,-50.336625760187154,1 1 1,229.10580539802595,48,21.081324155300045,0.6627173252868961,2.042434199679151,0.2096201488854304,
original_sw_1985,783,16,bt,UNSPECIFIED,dft,-2605.0308,-50.35912352954712,1 1 1,229.16911107383842,48,23.118157307399215,0.6939944360277563,1.804272415070577,0.2262006726706768,
original_sw_1985,784,16,bt,UNSPECIFIED,dft,-2605.021849,-50.36600389369687,1 1 1,229.23734594033246,48,26.539096803373187,0.7435710121234385,2.072981942486332,0.2330991198905521,
original_sw_1985,785,16,bt,UNSPECIFIED,dft,-2605.045661,-50.4637844885065,1 1 1,229.31054450317097,48,30.19011282582259,0.7930704154558433,2.2795650160974925,0.22994423300824485,
original_sw_1985,786,16,bt,UNSPECIFIED,dft,-2605.086589,-50.70186263473685,1 1 1,229.38882719032395,48,23.624717430760484,0.7015565644627976,1.897005255808785,0.21761858505287796,
original_sw_1985,787,16,bt,UNSPECIFIED,dft,-2604.889134,-46.81090037097131,1 1 1,224.1573299052941,48,5.0620269757223015,0.32474435380395444,0.765514548363771,0.1598157916946883,
original_sw_1985,788,16,bt,UNSPECIFIED,dft,-2604.823105,-46.747432946352866,1 1 1,224.16254245874944,48,11.887400181597656,0.49764864156345406,1.1756220401695652,0.22375580555317442,
original_sw_1985,789,16,bt,UNSPECIFIED,dft,-2604.833938,-46.86146995180547,1 1 1,224.1717872783754,48,8.275313043147438,0.4152136258187725,1.032029332060422,0.18359160362291443,
original_sw_1985,790,16,bt,UNSPECIFIED,dft,-2604.815688,-46.84801946955094,1 1 1,224.184996908515,48,7.397154931929013,0.39256514671476855,1.1198424761924028,0.21062132625381663,
original_sw_1985,791,16,bt,UNSPECIFIED,dft,-2604.790092,-46.79495299252041,1 1 1,224.20208818482047,48,8.690230042911352,0.425495545484697,0.9580760038740637,0.2407115282691435,
original_sw_1985,792,16,bt,UNSPECIFIED,dft,-2604.80719,-46.81557701961275,1 1 1,224.2231094947668,48,6.824780911854002,0.37707152592528786,1.1004324868673963,0.2116675613137261,
original_sw_1985,793,16,bt,UNSPECIFIED,dft,-2604.778884,-46.718610995038794,1 1 1,224.2480415385054,48,11.014343394919143,0.47902556027225607,1.326312450989338,0.25505304616964813,
original_sw_1985,794,16,bt,UNSPECIFIED,dft,-2604.770942,-46.72038286560263,1 1 1,224.27702055349175,48,13.526242410082695,0.5308452852543034,1.3591696603393713,0.2550391172447866,
original_sw_1985,795,16,bt,UNSPECIFIED,dft,-2604.792601,-46.82710941853363,1 1 1,224.3102068494827,48,9.023198998645865,0.4335704238895786,1.280339896125886,0.2306007137935252,
original_sw_1985,796,16,bt,UNSPECIFIED,dft,-2604.758827,-46.83844007226262,1 1 1,224.347345973852,48,10.675979624448285,0.4716102651300181,1.3644929381572795,0.27909501538081377,
original_sw_1985,797,16,bt,UNSPECIFIED,dft,-2604.754037,-46.86378780022452,1 1 1,224.38857460491687,48,16.450349069871805,0.5854191708701802,1.7519978311703779,0.261730568830652,
original_sw_1985,798,16,bt,UNSPECIFIED,dft,-2604.769203,-46.97158041921102,1 1 1,224.43374217215532,48,15.731413197832149,0.5724838643619892,1.3959162765822692,0.23294078099379678,
original_sw_1985,799,16,bt,UNSPECIFIED,dft,-2604.752899,-47.08599695701793,1 1 1,224.48289390224912,48,13.671378242838848,0.5336856565986599,1.366194219838697,0.26696573974950416,
original_sw_1985,800,16,bt,UNSPECIFIED,dft,-2604.766204,-47.19924778753129,1 1 1,224.53580801783215,48,12.35883347875189,0.5074206316991828,1.22531221207926,0.26317577404417375,
original_sw_1985,801,16,bt,UNSPECIFIED,dft,-2604.788486,-47.150711714600476,1 1 1,224.59245063506458,48,13.218641549553015,0.5247745855276224,1.3685077372406647,0.26119247021672864,
original_sw_1985,802,16,bt,UNSPECIFIED,dft,-2604.805562,-47.02572403641785,1 1 1,224.65273944042673,48,15.116000172733749,0.5611743670779042,1.6315703723616726,0.25563146790920843,
original_sw_1985,803,16,bt,UNSPECIFIED,dft,-2604.799171,-46.99969930262541,1 1 1,224.71665650024394,48,16.96651724248401,0.59453268137119,1.6391286798551394,0.26775988089844605,
original_sw_1985,804,16,bt,UNSPECIFIED,dft,-2604.745182,-47.036791676563944,1 1 1,224.78417592325562,48,17.61752970406383,0.60583155153447,1.544556711953425,0.31469533868754185,
original_sw_1985,805,16,bt,UNSPECIFIED,dft,-2604.744277,-47.05302797169154,1 1 1,224.85556013833505,48,21.6426471053682,0.6714823015998541,1.6779579505330857,0.2927823433706058,
original_sw_1985,806,16,bt,UNSPECIFIED,dft,-2604.743875,-47.14353981072984,1 1 1,224.93069565128116,48,20.94967049911047,0.6606447371556577,1.805446031736887,0.3258407378900772,
original_sw_1985,807,16,bt,UNSPECIFIED,dft,-2604.443394,-42.80828752292672,1 1 1,219.9868097083696,48,14.748000057032673,0.5543013631484056,1.4135329794174447,0.24066554756203334,
original_sw_1985,808,16,bt,UNSPECIFIED,dft,-2604.485878,-42.94878062969222,1 1 1,219.99931924090933,48,8.906541641829541,0.43075857608578005,1.1997246227156064,0.1719786521272335,
original_sw_1985,809,16,bt,UNSPECIFIED,dft,-2604.46874,-42.923221913087644,1 1 1,220.01676873212725,48,9.93951068928116,0.4550528973207666,1.2688142968651122,0.20220981734636428,
original_sw_1985,810,16,bt,UNSPECIFIED,dft,-2604.438133,-42.83729123783751,1 1 1,220.0391234243561,48,14.19209776659088,0.5437542675424657,1.3128404920466614,0.238069692076536,
original_sw_1985,811,16,bt,UNSPECIFIED,dft,-2604.463779,-42.889511299497904,1 1 1,220.06644716336245,48,12.99635207681662,0.5203434778429337,1.335026202096117,0.18811781893824767,
original_sw_1985,812,16,bt,UNSPECIFIED,dft,-2604.428384,-42.85688921415614,1 1 1,220.09873300314013,48,13.185127428418703,0.5241089149773385,1.3090705592122431,0.2676788332124899,
original_sw_1985,813,16,bt,UNSPECIFIED,dft,-2604.45528,-42.9202729567106,1 1 1,220.1360135539408,48,9.787155667412305,0.45155185350568877,1.148811416461021,0.23115093347835883,
original_sw_1985,814,16,bt,UNSPECIFIED,dft,-2604.486352,-42.989277472085476,1 1 1,220.17819559968225,48,12.98253832856538,0.5200668692694995,1.3354254312156144,0.19635035320081126,
original_sw_1985,815,16,bt,UNSPECIFIED,dft,-2604.463116,-43.04354116570356,1 1 1,220.2251390859898,48,12.698734475743247,0.5143510165681128,1.6020535930104274,0.24967340435390123,
original_sw_1985,816,16,bt,UNSPECIFIED,dft,-2604.501479,-43.17590216889992,1 1 1,220.27669259752776,48,7.685046058409245,0.4001313861931594,1.243055023338827,0.19112518138208093,
original_sw_1985,817,16,bt,UNSPECIFIED,dft,-2604.489981,-43.244723353345115,1 1 1,220.33244872355556,48,11.901849736481202,0.49795100446063806,1.463052765637911,0.21397134445021684,
original_sw_1985,818,16,bt,UNSPECIFIED,dft,-2604.438251,-43.207301413505995,1 1 1,220.3923902910839,48,16.393707117798748,0.5844104422014895,1.6390536664315427,0.2610740298387605,
original_sw_1985,819,16,bt,UNSPECIFIED,dft,-2604.44867,-43.11812382075632,1 1 1,220.45654354003435,48,16.88053256888236,0.5930242506438634,1.4109412956515976,0.25890171685731767,
original_sw_1985,820,16,bt,UNSPECIFIED,dft,-2604.469579,-43.132743120116785,1 1 1,220.52480455378867,48,20.15779861511938,0.6480386854308832,1.8670184633920592,0.248778065724084,
original_sw_1985,821,16,bt,UNSPECIFIED,dft,-2604.472333,-43.22129824424053,1 1 1,220.59699025416174,48,19.887401167163777,0.6436776038120678,2.3253101696394003,0.2538307229524892,
original_sw_1985,822,16,bt,UNSPECIFIED,dft,-2604.488581,-43.44726510210386,1 1 1,220.67300442069404,48,11.189346991834274,0.48281610957300714,1.2546477268712495,0.2595955173277587,
original_sw_1985,823,16,bt,UNSPECIFIED,dft,-2604.518621,-43.55943202952612,1 1 1,220.75280247557004,48,10.905298223429106,0.4766484165379199,1.3392701135777252,0.25311682506552186,
original_sw_1985,824,16,bt,UNSPECIFIED,dft,-2604.509776,-43.427393657158,1 1 1,220.83633172407818,48,20.568620527033573,0.6546089883636893,2.2124738868281653,0.2722881858474277,
original_sw_1985,825,16,bt,UNSPECIFIED,dft,-2604.533314,-43.606615678141665,1 1 1,220.92348440827377,48,16.024255713829604,0.577787729797703,1.8275419867751674,0.2567122719846093,
original_sw_1985,826,16,bt,UNSPECIFIED,dft,-2604.537828,-43.824029813879484,1 1 1,221.01404233987557,48,11.367555465325974,0.48664573582257054,1.1769581999705672,0.23069737793355316,
original_sw_1985,827,16,bt,UNSPECIFIED,dft,-2604.087107,-39.188767154835276,1 1 1,216.3100119662564,48,4.910376840684951,0.31984295758116954,1.0147759560943044,0.23167668292345836,
original_sw_1985,828,16,bt,UNSPECIFIED,dft,-2604.096654,-39.20343740959773,1 1 1,216.3536359111428,48,7.863904888211676,0.40476085759092767,1.2214613539057206,0.22791861172539934,
original_sw_1985,829,16,bt,UNSPECIFIED,dft,-2604.084022,-39.30499055032854,1 1 1,216.85950602196073,48,21.21146170464295,0.6647596950628561,1.9475082501640928,0.2544040514286935,
original_sw_1985,830,16,bt,UNSPECIFIED,dft,-2603.664741,-35.130166048038696,1 1 1,212.92185217927494,48,13.172829874250233,0.5238644440249276,1.3220433207767583,0.22361468916512767,
original_sw_1985,831,16,bt,UNSPECIFIED,dft,-2603.6504,-35.52888157248247,1 1 1,213.20252332127626,48,16.7632937411982,0.5909613238402007,1.5113629271349083,0.26993404789796954,
original_sw_1985,832,16,bt,UNSPECIFIED,dft,-2602.639497,-27.15865845216215,1 1 1,206.70234032051,48,31.092438197793474,0.8048348458663412,2.5700089656324003,0.3238639883661298,
original_sw_1985,833,16,bt,UNSPECIFIED,dft,-2602.742459,-27.62000786178834,1 1 1,206.94279386087086,48,17.067484247630723,0.5962990763805581,1.4813934735532424,0.275686830653612,
original_sw_1985,834,16,bt,UNSPECIFIED,dft,-2602.224955,-23.198701089782826,1 1 1,203.82697451667843,48,15.13685947546179,0.5615614294733219,1.7525601672196216,0.3085822835093313,
original_sw_1985,835,16,bt,PW91,dft,-2605.667721,-60.77572130767571,1 1 1,246.3670463022169,48,3.840264692215923,0.28285246051813845,0.7715086425045719,0.11546368309812109,0.21140768702135482
original_sw_1985,836,16,bt,PW91,dft,-2605.595327,-61.01891947835207,1 1 1,247.6911422315119,48,13.65930386987497,0.5334499326294785,1.4705872350806732,0.18971576691087993,0.1916831763540947
original_sw_1985,837,16,bt,PW91,dft,-2605.564127,-61.536656892796074,1 1 1,249.6065583156814,48,22.829497980069153,0.6896481285782198,1.8661567134954733,0.19113972839478802,0.15737458795135062
original_sw_1985,838,16,bt,PW91,dft,-2605.57116,-62.15523509230987,1 1 1,251.4852983903066,48,23.121933902532994,0.6940511193728965,2.059153588181044,0.1456421598902598,0.11915301298172976
original_sw_1985,839,16,bt,PW91,dft,-2605.554895,-62.447037388752605,1 1 1,252.5974017609618,48,24.19158849991012,0.7099235360807957,2.3336150975689245,0.14238345483382775,0.09989880695407471
original_sw_1985,840,16,bt,PW91,dft,-2605.515138,-62.2918167321993,1 1 1,252.51578475849286,48,27.85370541595107,0.7617647468208152,2.5045977033327436,0.18146208270140993,0.10711528548865568
original_sw_1985,841,16,bt,PW91,dft,-2605.520908,-61.95245454949046,1 1 1,251.30095731432206,48,26.17958348647373,0.73851742653883,2.4475881608178005,0.18252110734104152,0.12868604690794294
original_sw_1985,842,16,bt,PW91,dft,-2605.556185,-61.49734829385851,1 1 1,249.40401718678595,48,23.0036859353204,0.6922741198295959,2.24115608189561,0.16210593880494734,0.15933500038493698
original_sw_1985,843,16,bt,PW91,dft,-2605.555694,-60.934398468727224,1 1 1,247.53354445797873,48,22.67651450403721,0.6873335329378126,1.992194152126251,0.16671250783534508,0.19448867695565575
original_sw_1985,844,16,bt,PW91,dft,-2605.540981,-60.65571656983516,1 1 1,246.41274039092085,48,15.959193486969045,0.5766135600601051,1.5896103910689867,0.18686687758267914,0.21098673313640814
original_sw_1985,845,16,bt,PW91,dft,-2605.545026,-60.70825072891667,1 1 1,246.46992754409092,48,12.23218201801594,0.5048139512487072,1.5371024646177442,0.18517227045600895,0.20795616069379363
original_sw_1985,846,16,bt,PW91,dft,-2605.551366,-61.027970953342006,1 1 1,247.68118708426604,48,15.649328739460394,0.5709883379475377,1.9974855736019257,0.18849902780474315,0.1883698966672327
original_sw_1985,847,16,bt,PW91,dft,-2605.554652,-61.54778707054913,1 1 1,249.5864825898865,48,19.605804759872633,0.6391042683558605,2.1980858937258554,0.18228024957008734,0.1560867643417665
original_sw_1985,848,16,bt,PW91,dft,-2605.562064,-62.085533966979945,1 1 1,251.4307414405924,48,19.85237886621517,0.6431105864308896,2.0323753086660137,0.14996309013942952,0.1229408333148645
original_sw_1985,849,16,bt,PW91,dft,-2605.553228,-62.36777297898167,1 1 1,252.4477373486215,48,19.35079837357686,0.6349343531286138,1.692735290987408,0.1401177577596192,0.10474864506475834
original_sw_1985,850,16,bt,PW91,dft,-2605.550413,-62.26256741176971,1 1 1,252.21627649575308,48,21.893292588779993,0.675359357872718,1.729948406321487,0.14834895753622043,0.11114805551548823
original_sw_1985,851,16,bt,PW91,dft,-2605.555163,-61.75366092385982,1 1 1,250.83246317933762,48,25.133471197318773,0.7236117628103308,1.8265755821265015,0.15430592191325646,0.14325158600986
original_sw_1985,852,16,bt,PW91,dft,-2605.547627,-61.00305843545028,1 1 1,248.84116163589334,48,28.330381322822774,0.768255346586542,1.9275383808894346,0.17681334668113527,0.18969324153545175
original_sw_1985,853,16,bt,PW91,dft,-2605.528926,-60.33917988713402,1 1 1,247.0395008347799,48,27.858746030904765,0.7618336710270267,1.8368367136432318,0.19589912521074038,0.2300168383052199
original_sw_1985,854,16,bt,PW91,dft,-2605.547558,-60.163908544581204,1 1 1,246.15116684000466,48,19.81648233762087,0.6425288958745499,1.6005890250150252,0.171805831178931,0.24213579721478684
original_sw_1985,855,16,bt,PW91,dft,-2605.597787,-57.66617202734039,1 1 1,239.69636405308924,48,2.457280405661789,0.22625945678494988,0.6996150374889919,0.13967038968287684,0.40138364204233445
original_sw_1985,856,16,bt,PW91,dft,-2605.527342,-57.5504449629162,1 1 1,239.71319923504768,48,6.163646886135936,0.358342448124461,1.1464625948594804,0.19916693666474028,0.40421377106882783
original_sw_1985,857,16,bt,PW91,dft,-2605.528097,-57.58341750510592,1 1 1,239.74364366115273,48,7.12660062792518,0.3853191487781368,1.1339707119681126,0.1626125290503984,0.4022001746819721
original_sw_1985,858,16,bt,PW91,dft,-2605.523827,-57.54712271998306,1 1 1,239.78725798366258,48,11.566399059705095,0.4908835371828938,1.4979443419816996,0.15383785322675517,0.4042017237521569
original_sw_1985,859,16,bt,PW91,dft,-2605.494296,-57.431136299896615,1 1 1,239.84398280912265,48,17.81408731969378,0.6092017885399608,2.0331449287902923,0.1860280506402193,0.40960518750755126
original_sw_1985,860,16,bt,PW91,dft,-2605.512024,-57.42282317364985,1 1 1,239.91372849385436,48,19.01852028205144,0.6294594288298002,1.7844065979926589,0.1764520176103124,0.4112327578979902
original_sw_1985,861,16,bt,PW91,dft,-2605.544275,-57.5504870069526,1 1 1,239.99578585132366,48,14.879287844094542,0.5567631124801968,1.5719876333985583,0.15805363033635134,0.4052694558165739
original_sw_1985,862,16,bt,PW91,dft,-2605.537938,-57.66529991599694,1 1 1,240.08922926140332,48,8.540699892944113,0.421818975118082,1.0651747804504395,0.17494041092612078,0.3976975865012866
original_sw_1985,863,16,bt,PW91,dft,-2605.486064,-57.596221254503405,1 1 1,240.1937245603354,48,14.868457437488148,0.5565604459065249,1.314221317826822,0.21843810703778313,0.3987728778446469
original_sw_1985,864,16,bt,PW91,dft,-2605.482029,-57.58539040481226,1 1 1,240.30955947560759,48,21.97762748156104,0.6766588794948222,1.9797078409631237,0.21052010628935977,0.3991976184503194
original_sw_1985,865,16,bt,PW91,dft,-2605.493722,-57.64321331925412,1 1 1,240.43656084658045,48,24.242425267422618,0.7106690695426655,2.161027186820982,0.19911702824072244,0.3963144987977265
original_sw_1985,866,16,bt,PW91,dft,-2605.482343,-57.673689395348575,1 1 1,240.57416390748867,48,21.711530835978085,0.6725500420659245,2.095586467870644,0.22871894032305237,0.3936985565418212
original_sw_1985,867,16,bt,PW91,dft,-2605.477397,-57.6264615982639,1 1 1,240.7222387378734,48,24.588470865667887,0.7157232773226077,1.846393144505928,0.2475393233197169,0.3963411688596121
original_sw_1985,868,16,bt,PW91,dft,-2605.492828,-57.6762658175243,1 1 1,240.88023667173823,48,27.70567379168522,0.7597378082778133,1.9815296567045761,0.2331620416997229,0.394192842655825
original_sw_1985,869,16,bt,PW91,dft,-2605.489621,-57.87206779999095,1 1 1,241.0476240675347,48,22.44372524820171,0.6837964677720525,1.7372010002968905,0.24762962842721384,0.3817547812516753
original_sw_1985,870,16,bt,PW91,dft,-2605.499931,-58.14273697607044,1 1 1,241.2238318844705,48,10.965969527951057,0.4779724871778504,1.2594554913295062,0.24739255824919903,0.3654823327466863
original_sw_1985,871,16,bt,PW91,dft,-2605.535749,-58.325485410373176,1 1 1,241.40751212111252,48,6.409542195994341,0.3654204825720849,0.9640668802439847,0.20578509369606923,0.3562991806027833
original_sw_1985,872,16,bt,PW91,dft,-2605.53621,-58.32293178903053,1 1 1,241.59677862516517,48,15.352947885366326,0.5655555507155171,1.9717833803653793,0.208299944471108,0.3564875944367043
original_sw_1985,873,16,bt,PW91,dft,-2605.519507,-58.23722902994545,1 1 1,241.79089050072395,48,29.5693244116588,0.7848742522911287,2.5320171682156216,0.2151300739959432,0.36080007937950676
original_sw_1985,874,16,bt,PW91,dft,-2605.495275,-58.26497914493868,1 1 1,241.98947672803183,48,30.571473193021596,0.7980637139485063,2.411343099304577,0.22744100267981587,0.35755119719244544
original_sw_1985,875,16,bt,PW91,dft,-2605.452211,-54.25561485731505,1 1 1,233.94156721321175,48,3.038934629195576,0.25161704653747363,0.5721928816996721,0.1283383124710492,0.6054449651688962
original_sw_1985,876,16,bt,PW91,dft,-2605.377786,-54.120603255093016,1 1 1,233.94772191153544,48,7.534291585402993,0.39618733956201707,0.9277529766416086,0.20872656100945403,0.6092316278077865
original_sw_1985,877,16,bt,PW91,dft,-2605.358139,-54.07600495409213,1 1 1,233.9590013914656,48,10.785307935899848,0.4740188976520312,1.181824518729197,0.20491668378066893,0.6107910841203372
original_sw_1985,878,16,bt,PW91,dft,-2605.37526,-54.11034160908812,1 1 1,233.97548279858262,48,12.448195375252768,0.5092518077052838,1.3884971526473773,0.16359510446908246,0.6097151056830792
original_sw_1985,879,16,bt,PW91,dft,-2605.374515,-54.09316040707706,1 1 1,233.99713776489702,48,16.19343754709891,0.5808298220918303,1.6141728786509286,0.16221995239874162,0.6107423683087814
original_sw_1985,880,16,bt,PW91,dft,-2605.340067,-54.02549033111458,1 1 1,234.02398309256154,48,18.793966760657796,0.6257323502747567,1.8955218921954133,0.2236609963575828,0.6128187480564433
original_sw_1985,881,16,bt,PW91,dft,-2605.328336,-54.01649538428413,1 1 1,234.0559882433437,48,17.05157207137652,0.596021043940853,1.827796576787096,0.22403597385520477,0.6126477447333434
original_sw_1985,882,16,bt,PW91,dft,-2605.352626,-54.09845420022225,1 1 1,234.09314318713373,48,11.695424033440771,0.4936138848972437,1.4583629750754654,0.19209176763659083,0.6090434437372005
original_sw_1985,883,16,bt,PW91,dft,-2605.335507,-54.0982055639344,1 1 1,234.1350360631824,48,10.652963132521116,0.4711016152885949,1.2442539568608837,0.23270147145806794,0.6079890460051853
original_sw_1985,884,16,bt,PW91,dft,-2605.340322,-54.12645117035564,1 1 1,234.18171353899146,48,12.06288598488676,0.5013084127412394,1.320208084596427,0.22598371020293329,0.6065246331038727
original_sw_1985,885,16,bt,PW91,dft,-2605.358266,-54.255268702638354,1 1 1,234.23315281481925,48,8.893436906027976,0.4304415588000879,1.2329109077906009,0.20418311326784594,0.5995950373362136
original_sw_1985,886,16,bt,PW91,dft,-2605.335367,-54.2657752148787,1 1 1,234.28917863299225,48,9.394571334344326,0.44240279851304454,1.366965428586908,0.2336094495716444,0.5975071928211886
original_sw_1985,887,16,bt,PW91,dft,-2605.317046,-54.195897419702824,1 1 1,234.34990784371524,48,16.19326399723491,0.5808267096209166,1.9697514168048076,0.24893550843625478,0.60072949251968
original_sw_1985,888,16,bt,PW91,dft,-2605.345724,-54.23154467600738,1 1 1,234.415154021447,48,19.28571724463108,0.6338657396719073,1.7828316149110013,0.22271038117081562,0.6002939140006247
original_sw_1985,889,16,bt,PW91,dft,-2605.377698,-54.325981430574764,1 1 1,234.48485696493674,48,16.879729579495493,0.5930101457025471,1.5780289069518862,0.18419277756266667,0.5963899918401627
original_sw_1985,890,16,bt,PW91,dft,-2605.354035,-54.31965819943162,1 1 1,234.55868207660606,48,15.851330752132169,0.5746616894626672,1.8052447121364994,0.21962687654292223,0.5953062562866127
original_sw_1985,891,16,bt,PW91,dft,-2605.332613,-54.35305342750605,1 1 1,234.63657104852842,48,13.950889406229571,0.5391136515582307,1.5377761746171599,0.24668184575058755,0.5918801795319735
original_sw_1985,892,16,bt,PW91,dft,-2605.337457,-54.40721272153459,1 1 1,234.71839588198426,48,14.31390840990473,0.5460828006871746,1.5205904967519654,0.2371293557234813,0.5887979736551925
original_sw_1985,893,16,bt,PW91,dft,-2605.372608,-54.523613824460064,1 1 1,234.80384652510938,48,15.004850437161222,0.5591073696296555,1.486294858579832,0.184816131911106,0.5837198422223531
original_sw_1985,894,16,bt,PW91,dft,-2605.376519,-54.57812765007685,1 1 1,234.89267806253025,48,16.79963547054445,0.5916015598663874,1.6415730107745792,0.17955068232953056,0.5805571656212907
original_sw_1985,895,16,bt,PW91,dft,-2605.103368,-50.82489252878168,1 1 1,229.4719666371889,48,18.81928067708744,0.6261536132925544,1.937836724109635,0.2364433008540314,0.7980624232022469
original_sw_1985,896,16,bt,PW91,dft,-2605.11858,-50.96840553981948,1 1 1,229.55988156713943,48,13.396174979118873,0.528286833767077,1.3600385103404078,0.22609018125149383,0.7900436100123716
original_sw_1985,897,16,bt,PW91,dft,-2605.12157,-51.031183800636335,1 1 1,229.65224734611778,48,13.606619602877817,0.5324201740417255,1.4584007429276056,0.2220319235117629,0.7863068437113152
original_sw_1985,898,16,bt,PW91,dft,-2605.110247,-51.017521482029025,1 1 1,229.74906329678433,48,17.527661059602472,0.6042843746187592,1.7018656392779556,0.24082283438332144,0.7864530511242895
original_sw_1985,899,16,bt,PW91,dft,-2605.131697,-51.07109166293207,1 1 1,229.85000464614384,48,16.25058547669,0.5818538167767814,1.6418337637389882,0.21931962041257655,0.7844455398178325
original_sw_1985,900,16,bt,PW91,dft,-2605.141661,-51.12952856086,1 1 1,229.9549085177444,48,14.909424531959527,0.5573266646074725,1.798661062162265,0.2243676455665641,0.781415983697356
original_sw_1985,901,16,bt,PW91,dft,-2604.055486,-38.85679044211071,1 1 1,216.14714586788918,48,12.44209988278207,0.5091271100861027,1.2715968109810778,0.27198657761382883,1.4805761786191924
original_sw_1985,902,16,bt,PW91,dft,-2604.019219,-38.799081340647184,1 1 1,216.15447622494898,48,14.424727064897663,0.5481926186892414,1.5853646369813172,0.2871202681223788,1.4819163099606372
original_sw_1985,903,16,bt,PW91,dft,-2604.099765,-39.034445584835524,1 1 1,216.16736615231488,48,5.003149688829615,0.32285025194964667,0.9878030092126133,0.18708892485704937,1.4722401696988747
original_sw_1985,904,16,bt,PW91,dft,-2603.985972,-38.889806220681486,1 1 1,216.18544239968497,48,9.749936455536732,0.4506924407586788,1.3613877770224354,0.310841719807552,1.474168067458503
original_sw_1985,905,16,bt,PW91,dft,-2604.033028,-38.97277863833557,1 1 1,216.2088069035272,48,10.030633724880792,0.4571340459154366,1.2278620706404584,0.23876096568185792,1.4719232913551155
original_sw_1985,906,16,bt,PW91,dft,-2604.033831,-39.01388409531007,1 1 1,216.23734015691977,48,9.867900647491348,0.45341070067809724,1.1559597051480008,0.27147058082629627,1.4694043877942318
original_sw_1985,907,16,bt,PW91,dft,-2604.016507,-38.919093431211984,1 1 1,216.2711135639477,48,14.084417377089302,0.5416875132608225,1.7825350933094606,0.28943272440096796,1.4742460543003388
original_sw_1985,908,16,bt,PW91,dft,-2604.070818,-39.106273774652294,1 1 1,216.40196006891316,48,9.282826932291076,0.43976383179618594,1.5618801111259983,0.2412098936481462,1.4659417203353398
original_sw_1985,909,16,bt,PW91,dft,-2604.097365,-39.14390042932662,1 1 1,216.45481902655183,48,10.356526749531831,0.464500779276612,1.2477150495244205,0.21853927829168376,1.4652492419181904
original_sw_1985,910,16,bt,PW91,dft,-2604.111951,-39.278938578761206,1 1 1,216.51213325898968,48,10.38310761658224,0.4650964867768085,1.5027367918030445,0.22161380349138154,1.4577209825785151
original_sw_1985,911,16,bt,PW91,dft,-2604.1031,-39.43950342696027,1 1 1,216.57368277707616,48,10.736102401762285,0.47293635939385575,1.09437921476514,0.2263536269406052,1.4471324920660704
original_sw_1985,912,16,bt,PW91,dft,-2604.092484,-39.435830640891915,1 1 1,216.6393489135778,48,14.370491660080425,0.547161075843615,1.2987686968271683,0.21721811440347233,1.446698541195341
original_sw_1985,913,16,bt,PW91,dft,-2604.048522,-39.10835763704816,1 1 1,216.70899769794093,48,30.80041054701776,0.8010463280794293,1.8902034670282484,0.2761029483008406,1.4644179789355922
original_sw_1985,914,16,bt,PW91,dft,-2604.09303,-39.17884912153341,1 1 1,216.78252285682086,48,23.483042774868377,0.6994498250837996,1.6037801690199247,0.22021440161143715,1.4627940111552609
original_sw_1985,915,16,bt,PW91,dft,-2604.110133,-39.61826750915459,1 1 1,216.93966115821314,48,16.699497478409732,0.5898357376989541,1.4273058072877602,0.20550556063543227,1.4363992994289454
original_sw_1985,916,16,bt,PW91,dft,-2604.122944,-39.86035404578366,1 1 1,217.0230219922214,48,13.695123862440143,0.534148930980399,1.6302227190026124,0.21352955079937608,1.4220695783896322
original_sw_1985,917,16,bt,PW91,dft,-2604.120965,-39.97405085850686,1 1 1,217.109172834741,48,8.573691960188697,0.42263291696687705,1.5776306895285395,0.23499744398875916,1.4148398400944249
original_sw_1985,918,16,bt,PW91,dft,-2603.687451,-35.13490930560646,1 1 1,212.76008821672494,48,7.092068335092129,0.38438447373398515,1.2523064784438462,0.22004215205557776,1.6901915621506816
original_sw_1985,919,16,bt,PW91,dft,-2603.642947,-35.10163476886401,1 1 1,212.76594777169433,48,8.01688555245085,0.4086789069788074,1.3332737165023578,0.22451803335608328,1.6894897206970874
original_sw_1985,920,16,bt,PW91,dft,-2603.649978,-35.16913077641736,1 1 1,212.7761417207325,48,8.476119209439716,0.4202211523273518,1.1360439502673632,0.21522192472732263,1.685710657725009
original_sw_1985,921,16,bt,PW91,dft,-2603.613421,-35.13680443741919,1 1 1,212.79043129482707,48,13.294130427372593,0.5262708908635004,1.5097249930372385,0.2615289614140915,1.685446241412401
original_sw_1985,922,16,bt,PW91,dft,-2603.633506,-35.270270269533626,1 1 1,212.80872002959725,48,10.925944269129111,0.4770994015299011,1.4099255896237233,0.22892813286415165,1.6783599394052553
original_sw_1985,923,16,bt,PW91,dft,-2603.614393,-35.262921859070005,1 1 1,212.83105084215703,48,11.842240827729892,0.4967024769192379,1.3901673330964208,0.25370430780323117,1.6776246525592136
original_sw_1985,924,16,bt,PW91,dft,-2603.637116,-35.08318778772923,1 1 1,212.85744376713478,48,17.074054252475165,0.5964138358499345,1.5000817562683992,0.2193991703731276,1.6902782195180146
original_sw_1985,925,16,bt,PW91,dft,-2603.639855,-34.904621193464116,1 1 1,212.88776564152374,48,22.055001381425846,0.6778489473668686,1.891708008844407,0.24213129878659498,1.7016098191595854
original_sw_1985,926,16,bt,PW91,dft,-2603.667542,-35.3165315698031,1 1 1,212.95953095003003,48,13.96205943481969,0.5393294338578326,1.762932356066724,0.19932364728417615,1.6775958581384143
original_sw_1985,927,16,bt,PW91,dft,-2603.620315,-35.28391164575263,1 1 1,213.0008568523502,48,19.369819545405324,0.635246335838267,2.041616411584733,0.23968374456423475,1.676682915891567
original_sw_1985,928,16,bt,PW91,dft,-2603.636933,-35.37122106256247,1 1 1,213.0458349041612,48,11.238897899273631,0.48388398013869743,1.4016362313289132,0.23553521525895726,1.672264702340959
original_sw_1985,929,16,bt,PW91,dft,-2603.643311,-35.35074132964928,1 1 1,213.09457835412263,48,12.082811395558984,0.5017222711894289,1.5482856775541232,0.2468353424265523,1.6739433106480073
original_sw_1985,930,16,bt,PW91,dft,-2603.661756,-35.39756014629691,1 1 1,213.14684186069147,48,14.179900448884798,0.5435205540594578,1.5097208045163146,0.22745765113624264,1.6721699471075402
original_sw_1985,931,16,bt,PW91,dft,-2603.691473,-35.618459788573475,1 1 1,213.26143504136945,48,17.628678046509563,0.6060232058006931,1.5424048558352874,0.20647110625137519,1.6602210319652482
original_sw_1985,932,16,bt,PW91,dft,-2603.650474,-35.313176939293996,1 1 1,213.32327836192047,48,31.86208365732859,0.8147351775440158,2.019485799907235,0.2728352218105585,1.6767387725452263
original_sw_1985,933,16,bt,PW91,dft,-2603.670523,-35.45678147826236,1 1 1,213.3879091646447,48,23.48254388937209,0.6994423953135229,2.00970762926775,0.25500070456602014,1.6690165513596877
original_sw_1985,934,16,bt,PW91,dft,-2603.691636,-35.73981836504615,1 1 1,213.45525998211036,48,19.333626637113234,0.6346525728878694,1.6644490752098478,0.23637836075523777,1.652646308435716
original_sw_1985,935,16,bt,PW91,dft,-2603.672439,-35.935907399144675,1 1 1,213.52523178295684,48,19.257408309870513,0.6334003524277798,1.7250040033197798,0.25809759477198413,1.6391909313045532
original_sw_1985,936,16,bt,PW91,dft,-2603.169295,-31.22840761516011,1 1 1,209.60630168125817,48,6.607434814274203,0.37101872185112966,0.9763319642213868,0.2928068227268905,1.9019631678036015
original_sw_1985,937,16,bt,PW91,dft,-2603.256705,-31.319603449308584,1 1 1,209.61449167191367,48,5.521479490600731,0.3391619417341052,1.0977747053296936,0.16989985756934387,1.9017265531692988
original_sw_1985,938,16,bt,PW91,dft,-2603.168589,-31.154729325903887,1 1 1,209.62590942800537,48,13.005353085922081,0.5205236363093515,1.3926506746429022,0.32586745833876485,1.906523935882099
original_sw_1985,939,16,bt,PW91,dft,-2603.236295,-31.28131510165836,1 1 1,209.64082588376158,48,8.498478555131886,0.42077504270720195,1.1217065504351575,0.2256215558047369,1.902843949897461
original_sw_1985,940,16,bt,PW91,dft,-2603.153899,-31.03197291341586,1 1 1,209.65905872956168,48,23.837745168475465,0.7047124881892654,2.0460645720397226,0.3183624445371449,1.9132780866626025
original_sw_1985,941,16,bt,PW91,dft,-2603.13094,-31.079602629225192,1 1 1,209.68075405844922,48,20.992974677764344,0.6613271800856899,1.9443591675221985,0.3185934392077935,1.9088662919245252
original_sw_1985,942,16,bt,PW91,dft,-2603.186847,-31.278598420664995,1 1 1,209.70593543060613,48,14.800746401391148,0.555291710150904,1.3875076837318032,0.25804246849678963,1.8999232424595336
original_sw_1985,943,16,bt,PW91,dft,-2603.181237,-31.20710850649011,1 1 1,209.73428249118425,48,20.039604670314816,0.6461360258992622,1.695786276925971,0.289967932817579,1.9040407370954537
original_sw_1985,944,16,bt,PW91,dft,-2603.181126,-31.25827745577163,1 1 1,209.765559080706,48,17.43222141713542,0.6026369383996094,1.477208044483909,0.2674382384931768,1.9008357402653688
original_sw_1985,945,16,bt,PW91,dft,-2603.108552,-31.282387294532747,1 1 1,209.79972030799462,48,23.05664251429924,0.6930705007774468,1.8240217053215577,0.32657732313407284,1.8947930003428115
original_sw_1985,946,16,bt,PW91,dft,-2603.173244,-31.474621111818866,1 1 1,209.83692347187278,48,16.27259893946259,0.5822477805071228,1.3243948280818765,0.24720752918432048,1.8868216367624244
original_sw_1985,947,16,bt,PW91,dft,-2603.147091,-31.538414317483298,1 1 1,209.87692524178945,48,14.611894343302826,0.55173767814558,1.5197775971064689,0.3311573577684281,1.8811999989083814
original_sw_1985,948,16,bt,PW91,dft,-2603.242034,-31.58352212072483,1 1 1,209.91984455486335,48,14.62557010694851,0.5519958126907251,1.7237897172934558,0.22533830899801155,1.8843146987057895
original_sw_1985,949,16,bt,PW91,dft,-2603.203219,-31.486921360540624,1 1 1,209.96527443617214,48,13.326073165046438,0.526902765481261,1.3754805993523687,0.29694924728394245,1.8879263087173097
original_sw_1985,950,16,bt,PW91,dft,-2603.222723,-31.522347899189075,1 1 1,210.01319306858412,48,13.00112809890285,0.520439079426026,1.8260041980852177,0.27535273528921045,1.8869311500517734
original_sw_1985,951,16,bt,PW91,dft,-2603.205735,-31.482853587351748,1 1 1,210.06361368120739,48,19.871312834513773,0.6434171928479766,1.9353596885580242,0.30016477724049057,1.888337794541615
original_sw_1985,952,16,bt,PW91,dft,-2603.204321,-31.634111962102605,1 1 1,210.11658344751046,48,16.31001656370999,0.5829168137427142,1.3446602839638881,0.3102983949328721,1.8787957711196963
original_sw_1985,953,16,bt,PW91,dft,-2603.262459,-31.89969061069777,1 1 1,210.17212312136363,48,7.60092827493011,0.39793551285902756,1.0682466141805427,0.23933033664268305,1.8658307305824904
original_sw_1985,954,16,bt,PW91,dft,-2603.2401,-31.856738478832064,1 1 1,210.23006915638786,48,13.71150999988221,0.5344683885234742,1.386325855266379,0.2667733124809964,1.867117801324094
original_sw_1985,955,16,bt,PW91,dft,-2603.192853,-31.85944679737844,1 1 1,210.290499958966,48,17.25075586641175,0.599492074357044,1.5917295124951796,0.30232534524429694,1.8639955939149475
original_sw_1985,956,16,bt,PW91,dft,-2602.700207,-27.16242313042952,1 1 1,206.61297734052428,48,14.11524530074809,0.5422800110941319,1.259533526548806,0.30651436503177687,2.126769198099246
original_sw_1985,957,16,bt,PW91,dft,-2602.768195,-27.31348697786548,1 1 1,206.61766305290314,48,6.076723709740193,0.35580670401158454,0.9092989756564551,0.1985982066205953,2.121576957634513
original_sw_1985,958,16,bt,PW91,dft,-2602.757228,-27.259663877641554,1 1 1,206.6241473604967,48,11.417564876320318,0.48771501404338574,1.3010974793720436,0.21610007962168826,2.124255463898498
original_sw_1985,959,16,bt,PW91,dft,-2602.712259,-27.189534713271325,1 1 1,206.63257816372848,48,14.899586964076999,0.5571427660408095,1.6680764874324923,0.26655538252318844,2.125827974171635
original_sw_1985,960,16,bt,PW91,dft,-2602.730396,-27.22559465027379,1 1 1,206.6428078070765,48,15.123286142629535,0.561309594880385,1.7220105336233564,0.22257260808741344,2.1247077906089826
original_sw_1985,961,16,bt,PW91,dft,-2602.698697,-27.206000771307743,1 1 1,206.65491637623822,48,18.761244381792736,0.625187378274718,1.6810977910529825,0.2883144392159655,2.1239512205443534
original_sw_1985,962,16,bt,PW91,dft,-2602.674126,-27.229443784062727,1 1 1,206.6688467134998,48,17.530860504291805,0.6043395241965226,1.5061853979334097,0.29801494493425434,2.120950344747172
original_sw_1985,963,16,bt,PW91,dft,-2602.648174,-27.171503507665733,1 1 1,206.68464071935213,48,26.98961136760431,0.7498556995572035,2.245810300373289,0.29484047588272205,2.122949612021986
original_sw_1985,964,16,bt,PW91,dft,-2602.696605,-27.372854805406327,1 1 1,206.72184665943172,48,13.33351127578901,0.5270497935795735,1.6290346490444976,0.27399202325295896,2.1133920934132093
original_sw_1985,965,16,bt,PW91,dft,-2602.719106,-27.316189609909227,1 1 1,206.74321375744645,48,16.675384564178376,0.5894097429522602,1.6552440532325412,0.26399219760408327,2.118339980631773
original_sw_1985,966,16,bt,PW91,dft,-2602.711572,-27.315768488352195,1 1 1,206.76633579812187,48,14.529684422689016,0.5501833865230948,1.5966016231210107,0.3114934950230368,2.117895425729097
original_sw_1985,967,16,bt,PW91,dft,-2602.72985,-27.419116145646615,1 1 1,206.79127755535973,48,10.596268166962343,0.46984634383138013,1.1948379030584044,0.2807218609154501,2.1125785721481964
original_sw_1985,968,16,bt,PW91,dft,-2602.731854,-27.464148920850516,1 1 1,206.81797517761137,48,11.925373483328114,0.4984428562058735,1.2492247127240483,0.2660860037735293,2.1098892736979487
original_sw_1985,969,16,bt,PW91,dft,-2602.708516,-27.437368693666674,1 1 1,206.84653545707982,48,15.772469208519317,0.5732304148514967,1.7473265608774922,0.3143441313672008,2.1101044128969413
original_sw_1985,970,16,bt,PW91,dft,-2602.747257,-27.532677858355854,1 1 1,206.8769173627318,48,13.798562200361285,0.53616233161316,1.4991087698990226,0.2710861152191003,2.1065689026038577
original_sw_1985,971,16,bt,PW91,dft,-2602.744347,-27.58875582423721,1 1 1,206.9089893351563,48,15.182327348019554,0.5624042019909471,1.3887788073334546,0.27850011016978665,2.102882154736263
original_sw_1985,972,16,bt,PW91,dft,-2602.745289,-27.636509250566256,1 1 1,206.97819921777352,48,21.71832759044463,0.6726553041002971,1.9250456421268205,0.27025768446521553,2.0999564405907054
original_sw_1985,973,16,bt,PW91,dft,-2602.736941,-27.637076054163852,1 1 1,207.01527041410878,48,21.386248723466828,0.6674929575700098,1.8103352826353718,0.29826804333867774,2.0993992653658653
original_sw_1985,974,16,bt,PW91,dft,-2602.276265,-23.263897531450898,1 1 1,203.83348347326992,48,11.883594717744167,0.49756898009522604,1.5862342617359444,0.21221507173345,2.343930673035416
original_sw_1985,975,16,bt,PW91,dft,-2602.227338,-22.93364512276831,1 1 1,203.84449870504037,48,25.220993241558595,0.7248705809999033,2.3835860871709222,0.26661560097122977,2.3615135110780887
original_sw_1985,976,16,bt,PW91,dft,-2602.200929,-22.949581502141672,1 1 1,203.85971040899747,48,25.436886554057853,0.7279664391597128,2.221680952281079,0.2762328857255233,2.3588669248672502
original_sw_1985,977,16,bt,PW91,dft,-2602.175642,-22.79127000243932,1 1 1,203.87881573531098,48,41.38614433651884,0.9285533589105919,2.741958971760279,0.28982516679960124,2.367180956098651
original_sw_1985,978,16,bt,PW91,dft,-2602.16441,-22.974960006584507,1 1 1,203.90188601332778,48,26.03543415940674,0.7364814174987538,1.9621562779426232,0.30464676823467757,2.3549983308395586
original_sw_1985,979,16,bt,PW91,dft,-2602.189722,-23.07226532134213,1 1 1,203.92913931514528,48,28.420976536951677,0.7694827339538945,2.7194416252217715,0.30144653499487545,2.3504987486672206
original_sw_1985,980,16,bt,PW91,dft,-2602.159618,-23.198708159866882,1 1 1,203.96056798226172,48,16.9975761852886,0.5950766089562299,1.9127724470444134,0.3407089646512842,2.3407145712594275
original_sw_1985,981,16,bt,PW91,dft,-2602.224368,-23.126511476920136,1 1 1,203.99637504875375,48,22.87073510823699,0.6902707063813954,1.7681340978760347,0.29545596433380167,2.3492737389435994
original_sw_1985,982,16,bt,PW91,dft,-2602.250077,-23.36355596812395,1 1 1,204.03625507163025,48,18.410199489623952,0.6193107642375506,1.8523768428234033,0.28812171152859456,2.3360652707433616
original_sw_1985,983,16,bt,PW91,dft,-2602.259719,-23.434187442418832,1 1 1,204.08020976167836,48,21.214726087945653,0.6648108454030623,1.981534781923418,0.3115050625491502,2.3322534285999303
original_sw_1985,984,16,bt,PW91,dft,-2602.279319,-23.602548738239022,1 1 1,204.12825298397084,48,12.0064339056271,0.5001340217387381,1.262204522683399,0.3113412558926833,2.3229558476111736
original_sw_1985,985,16,bt,PW91,dft,-2602.315189,-23.65954383116419,1 1 1,204.18021403438414,48,13.083851951046196,0.5220921843698956,1.2426763684159867,0.2379843900167964,2.3216355293033324
original_sw_1985,986,16,bt,PW91,dft,-2602.325184,-23.782345002206743,1 1 1,204.23570141561328,48,11.713736003863009,0.4940001687723862,1.550979596795539,0.24214259789343828,2.314585143613166
original_sw_1985,987,16,bt,PW91,dft,-2602.280667,-23.742707885861034,1 1 1,204.29471711260442,48,15.977846056742163,0.5769504249489682,1.66697762036591,0.3169380421739923,2.314280150884784
original_sw_1985,988,16,bt,PW91,dft,-2602.335566,-23.85185888729159,1 1 1,204.35732022192258,48,16.214415769607154,0.5812059260997623,2.113498029133989,0.22751888415213656,2.310889400795387
original_sw_1985,989,16,bt,PW91,dft,-2602.291071,-23.81991323948135,1 1 1,204.42299126732502,48,27.725772946593572,0.7600133352255731,2.3436184474392765,0.2871377053929583,2.310105066283521
original_sw_1985,990,16,bt,PW91,dft,-2602.337584,-23.932060010907456,1 1 1,204.4913450434429,48,26.457369969940377,0.7424252202795183,2.039786938634686,0.24323356326361842,2.3060029555693755
original_sw_1985,991,16,bt,PW91,dft,-2602.322761,-23.997681589307156,1 1 1,204.56198909643044,48,24.124852032637907,0.7089436395181846,2.2483329814882476,0.2997850869963626,2.3009751694193956
original_sw_1985,992,16,bt,PW91,dft,-2602.38783,-24.152376149075284,1 1 1,204.63494043421238,48,19.070303569757407,0.6303157867582031,1.5880419795846001,0.21295057221395297,2.2953735719339017
original_sw_1985,993,54,bt,PW91,dft,-8794.151069,-205.11454627746136,1 1 1,831.2679363690654,162,10.679242398688636,0.256751337629663,0.9504685699416003,0.09598087003328151,0.21188960852032057
original_sw_1985,994,54,bt,PW91,dft,-8794.134391,-205.15984800586648,1 1 1,831.4991591365202,162,12.496261282581251,0.27773623336643644,1.1045238508610604,0.10364231019398246,0.21074183577207428
original_sw_1985,995,54,bt,PW91,dft,-8794.088589,-205.25291404224222,1 1 1,832.0942221540166,162,17.685070233852766,0.33040444943881686,1.1849842840154816,0.1237123585850123,0.20817020546884235
original_sw_1985,996,54,bt,PW91,dft,-8794.016348,-205.39430638221853,1 1 1,833.0379461760665,162,25.821556232656945,0.39923968042243535,1.261610723018832,0.14996757580832984,0.20421403250628822
original_sw_1985,997,54,bt,PW91,dft,-8793.932542,-205.61885006613193,1 1 1,834.3069386192536,162,34.7429581341653,0.46310118174313114,1.4875803119351232,0.17447793066427883,0.1985038531745862
original_sw_1985,998,54,bt,PW91,dft,-8793.854187,-205.96223608741047,1 1 1,835.8634330303435,162,42.638247212678955,0.5130292943569487,1.690357217550147,0.19227897310136013,0.19069383426203057
original_sw_1985,999,54,bt,PW91,dft,-8793.791454,-206.43325739562928,1 1 1,837.6565284411855,162,48.19349692062395,0.5454271002913649,1.883626907359628,0.20176989708362297,0.18080949522092782
original_sw_1985,1000,54,bt,PW91,dft,-8793.754405,-207.0375565000524,1 1 1,839.6215194231505,162,50.616834776081916,0.5589719110860775,1.9866405462231411,0.20121092494208503,0.16893267847235638
original_sw_1985,1001,54,bt,PW91,dft,-8793.740806,-207.73982331468602,1 1 1,841.6808541388594,162,49.81075988383183,0.5545032249170481,2.014504843520521,0.1921360157448267,0.15567590412727172
original_sw_1985,1002,54,bt,PW91,dft,-8793.733843,-208.4570500155711,1 1 1,843.7458152586984,162,47.56867518388579,0.541879873617201,2.026925037760398,0.1812982948293356,0.14226498374051433
original_sw_1985,1003,54,bt,PW91,dft,-8794.034363,-194.86664211427538,1 1 1,808.961632506475,162,2.31345979660127,0.11950153148978009,0.40366490249702114,0.054266513177733615,0.3995043893200987
original_sw_1985,1004,54,bt,PW91,dft,-8793.963293,-194.68411319822616,1 1 1,808.9667650546255,162,9.020927987834813,0.23597614427235436,0.7905953344698989,0.10615620748526354,0.4015684433209983
original_sw_1985,1005,54,bt,PW91,dft,-8793.926288,-194.5869076898997,1 1 1,808.9691210395763,162,12.644660311865374,0.27938049093524475,0.974291995275062,0.12406359009161291,0.40268326754925265
original_sw_1985,1006,54,bt,PW91,dft,-8793.851438,-194.40270468243622,1 1 1,808.9777645964282,162,19.48654361219402,0.34682460444453944,1.3180018447782664,0.15279541324275636,0.4047083232430153
original_sw_1985,1007,54,bt,PW91,dft,-8793.761323,-194.17166788072822,1 1 1,808.9927063025902,162,28.11301038044534,0.41657784520286256,1.499689809650301,0.18023086925926596,0.4073179862376177
original_sw_1985,1008,54,bt,PW91,dft,-8793.684179,-193.95298374551302,1 1 1,809.0139568334589,162,36.737131187775944,0.47620627330953724,1.547339592210872,0.19764038015366178,0.4099390998527177
original_sw_1985,1009,54,bt,PW91,dft,-8793.634353,-193.8027143775992,1 1 1,809.0420040761165,162,43.14092415342617,0.5160445726360031,1.4991519939376883,0.2042503938358474,0.4117991622214885
original_sw_1985,1010,54,bt,PW91,dft,-8793.615562,-193.7370277990836,1 1 1,809.0768945507157,162,46.89769743285969,0.5380445701446088,1.5961958400625165,0.2013248810327216,0.41266759886067916
original_sw_1985,1011,54,bt,PW91,dft,-8793.619557,-193.76156901624992,1 1 1,809.1184802375985,162,46.8812886080768,0.537950434910343,1.7397722882835776,0.19374450940049762,0.4122871133575954
original_sw_1985,1012,54,bt,PW91,dft,-8793.628987,-193.80004422022785,1 1 1,809.166797430539,162,46.6802891520634,0.5367959882836574,1.8205991972653373,0.18451355486525195,0.4117492392098385
original_sw_1985,1013,54,bt,PW91,dft,-8793.486462,-183.3245241581224,1 1 1,789.5482060924139,162,2.9253648327517765,0.13437934219804348,0.427684640177901,0.06465580536890121,0.6031009996192243
original_sw_1985,1014,54,bt,PW91,dft,-8793.434516,-183.20166320251653,1 1 1,789.5503475159629,162,7.209559404564072,0.21095841560505008,0.6459591257806278,0.10045837314314772,0.6044142395378107
original_sw_1985,1015,54,bt,PW91,dft,-8793.387681,-183.0898352012963,1 1 1,789.5523977511369,162,11.121848685318852,0.2620179134074857,0.8230147637132027,0.12346173017539173,0.6056178136344985
original_sw_1985,1016,54,bt,PW91,dft,-8793.366102,-183.0433798026749,1 1 1,789.5530996705381,162,12.935248621635182,0.2825724928470523,0.8929875582337894,0.13122017589664206,0.6060784876830474
original_sw_1985,1017,54,bt,PW91,dft,-8793.330992,-182.97580153654738,1 1 1,789.5551399859401,162,15.403651566834423,0.3083573721043113,0.9553778528530382,0.14323131640595474,0.6066797518705718
original_sw_1985,1018,54,bt,PW91,dft,-8793.287258,-182.89088299894945,1 1 1,789.5582609487998,162,18.556529063989338,0.3384471534872732,1.006007434576137,0.15641219971324424,0.6074424284927917
original_sw_1985,1019,54,bt,PW91,dft,-8793.239168,-182.8059197872271,1 1 1,789.5626192063822,162,21.81539008881687,0.3669644421232392,1.133852894701452,0.16926762560265474,0.6081252657468936
original_sw_1985,1020,54,bt,PW91,dft,-8793.185966,-182.71529115614214,1 1 1,789.5682147722863,162,25.321878235313797,0.39535792687316035,1.255599291417045,0.18187594629510725,0.6088183515077219
original_sw_1985,1021,54,bt,PW91,dft,-8793.134165,-182.63248760480317,1 1 1,789.5749465454189,162,28.73068128304185,0.4211292966099857,1.3668832457125235,0.19300631399669957,0.6093924728288105
original_sw_1985,1022,54,bt,PW91,dft,-8793.087215,-182.55468741538184,1 1 1,789.5830723059115,162,32.66886492686572,0.4490653182359789,1.5258561842637277,0.20193517966979307,0.6099637726329066
original_sw_1985,1023,54,bt,PW91,dft,-8792.560206,-170.78330764089958,1 1 1,772.0874260009699,162,7.5206468052712285,0.21546170358453678,0.7015560728349762,0.13960643696468766,0.8181928610492495
original_sw_1985,1024,54,bt,PW91,dft,-8792.533636,-170.73547531212387,1 1 1,772.0883811952508,162,10.069144830703802,0.24930947636290213,0.8882302039795045,0.1486432378233779,0.8185866078784465
original_sw_1985,1025,54,bt,PW91,dft,-8792.478828,-170.6288088100291,1 1 1,772.0908190848045,162,14.91771738986538,0.30345456866898973,1.2480868856514213,0.16821633442286948,0.8195469505098103
original_sw_1985,1026,54,bt,PW91,dft,-8792.407682,-170.4810773231546,1 1 1,772.095003429224,162,21.37954830956665,0.3632802230089381,1.5236055735123375,0.19092833568296422,0.8209652002667309
original_sw_1985,1027,54,bt,PW91,dft,-8792.329958,-170.3276708081169,1 1 1,772.100570694275,162,28.060940173801924,0.4161918789274931,1.6816537198516541,0.21162794515171146,0.8223667283230092
original_sw_1985,1028,54,bt,PW91,dft,-8792.261399,-170.19635354205482,1 1 1,772.1078298049076,162,34.01147076736261,0.45820012048865566,1.7679479524760051,0.22594610218226385,0.8235289184352825
original_sw_1985,1029,54,bt,PW91,dft,-8792.207102,-170.09024209759104,1 1 1,772.1168354436358,162,39.59418319389924,0.49437691919622007,1.8245445352030827,0.23406554974047045,0.8244884451845924
original_sw_1985,1030,54,bt,PW91,dft,-8792.172025,-170.04027239526755,1 1 1,772.1274331958369,162,43.15347983857218,0.5161196616835785,1.84886606943825,0.23609807686375894,0.8247642359683742
original_sw_1985,1031,54,bt,PW91,dft,-8792.159542,-170.05092112245677,1 1 1,772.139677756754,162,45.050641976585815,0.527342756252058,1.8333553036639565,0.2310286950818763,0.8243358706500423
original_sw_1985,1032,54,bt,PW91,dft,-8792.16327,-170.11166721579298,1 1 1,772.1536689841939,162,44.22854286635555,0.5225090398317511,1.7401070322032421,0.2204697917243153,0.8232799800327046
original_sw_1985,1033,54,bt,PW91,dft,-8791.634668,-158.1929352537842,1 1 1,756.5270043433892,162,3.5311781861306137,0.14763941279578024,0.6952697890822965,0.0893905143385119,1.034208312662519
original_sw_1985,1034,54,bt,PW91,dft,-8791.55718,-158.04656116687318,1 1 1,756.5283593081663,162,8.932680148662513,0.2348190812469673,1.0880499402389363,0.13929227333600064,1.0354839809386376
original_sw_1985,1035,54,bt,PW91,dft,-8791.491577,-157.91927031669059,1 1 1,756.5296695548691,162,13.862025442242805,0.2925201844069045,1.3608812267112769,0.17032785269504136,1.0366263485346057
original_sw_1985,1036,54,bt,PW91,dft,-8791.471344,-157.87018759984926,1 1 1,756.5301361172425,162,16.336951703233396,0.3175616174605438,1.4593003037952073,0.17719317004296903,1.0371606025501783
original_sw_1985,1037,54,bt,PW91,dft,-8791.439674,-157.7941294749285,1 1 1,756.531338616426,162,20.00704996575342,0.35142610664345453,1.4967916477119974,0.1862572246274649,1.0379826048635157
original_sw_1985,1038,54,bt,PW91,dft,-8791.397103,-157.69188128051206,1 1 1,756.5332231799023,162,24.815027983834778,0.39138112510109613,1.6034007561830532,0.19740750760142686,1.039087738093463
original_sw_1985,1039,54,bt,PW91,dft,-8791.345333,-157.57215845221526,1 1 1,756.5358345309687,162,30.317894225931536,0.4326054729448064,1.782629014602326,0.2104912982175478,1.040346123802665
original_sw_1985,1040,54,bt,PW91,dft,-8791.29296,-157.4592387633873,1 1 1,756.539083234541,162,35.20011863997611,0.46613805139981385,1.918772179478387,0.2220831825140201,1.0414673587809902
original_sw_1985,1041,54,bt,PW91,dft,-8791.249757,-157.3790961089731,1 1 1,756.5432112074075,162,38.568650422375214,0.48793246359205034,1.984167484529017,0.2302106764305092,1.0421514264552818
original_sw_1985,1042,54,bt,PW91,dft,-8791.215035,-157.32920359221504,1 1 1,756.5479765467268,162,40.62809009529745,0.5007900554130459,1.9941263437213437,0.2349106603557306,1.0424323619508047
original_sw_1985,1043,54,bt,PW91,dft,-8790.326028,-145.03129769522462,1 1 1,742.427607436625,162,8.318411147382044,0.22660144959630865,0.6615854144847569,0.16089260256226592,1.2537082674506466
original_sw_1985,1044,54,bt,PW91,dft,-8790.293683,-144.98027283332178,1 1 1,742.4281745987231,162,10.297904209486276,0.252125583658423,0.7554216323185438,0.1747398303192492,1.254054190819211
original_sw_1985,1045,54,bt,PW91,dft,-8790.230223,-144.87509828666455,1 1 1,742.4298317874058,162,14.479686798132658,0.29896618990200646,0.9755499780619761,0.19811403298306463,1.2548266824239982
original_sw_1985,1046,54,bt,PW91,dft,-8790.153101,-144.73844789119292,1 1 1,742.4326676063891,162,20.431071318800196,0.35513057343760857,1.1967776252741487,0.22139294290028622,1.2559290601178978
original_sw_1985,1047,54,bt,PW91,dft,-8790.076419,-144.60175738513476,1 1 1,742.436646639614,162,27.23412156859971,0.410014465030889,1.4129140028917717,0.2389477239060388,1.257040328748634
original_sw_1985,1048,54,bt,PW91,dft,-8790.013605,-144.48968704815886,1 1 1,742.4415562015741,162,33.56304494974481,0.45516951766703306,1.714168899598258,0.24891025744206796,1.2579524831370383
original_sw_1985,1049,54,bt,PW91,dft,-8789.969206,-144.42102241429606,1 1 1,742.4477064779932,162,37.863465406592894,0.4834512334273492,1.8699420042677026,0.2523640390241696,1.258401846727088
original_sw_1985,1050,54,bt,PW91,dft,-8789.934445,-144.3870337476817,1 1 1,742.4550354395826,162,40.444989397752586,0.4996603129939267,1.9306861293014053,0.2537944690658074,1.2583875442569985
original_sw_1985,1051,54,bt,PW91,dft,-8789.912105,-144.37384036641546,1 1 1,742.4634545078096,162,41.904964411014,0.5085986824806707,1.9507307815013013,0.2553327395772034,1.258218162428585
original_sw_1985,1052,54,bt,PW91,dft,-8789.898719,-144.3859096196941,1 1 1,742.472963706885,162,41.79299928270125,0.5079187701332876,1.9199064185659174,0.25636154322449467,1.257746768849361
original_sw_1985,1053,54,bt,PW91,dft,-8789.115904,-132.03531246637115,1 1 1,729.4903590061158,162,1.8457300800679546,0.10673984989672333,0.45756525121820346,0.07633196375530202,1.471964956873847
original_sw_1985,1054,54,bt,PW91,dft,-8788.9976,-131.8531477653574,1 1 1,729.4918478484508,162,8.493024490356213,0.2289674149327023,0.93065102540221,0.15935326326811614,1.4731475624482093
original_sw_1985,1055,54,bt,PW91,dft,-8788.934593,-131.764126333147,1 1 1,729.493170458548,162,11.961197229996262,0.2717251383336589,1.1405326973099026,0.1867271595267766,1.473629311192811
original_sw_1985,1056,54,bt,PW91,dft,-8788.880595,-131.6524911253981,1 1 1,729.4946506642706,162,17.23258843709978,0.3261502762502997,1.206415081884868,0.20435096655835355,1.4746966668918917
original_sw_1985,1057,54,bt,PW91,dft,-8788.79719,-131.4600359265048,1 1 1,729.4976636131738,162,26.637469373736316,0.4054982408034203,1.4713134812384268,0.2293600266643721,1.4767161150195194
original_sw_1985,1058,54,bt,PW91,dft,-8788.707004,-131.2630927159778,1 1 1,729.5020603633063,162,36.31067386421204,0.47343422153955633,1.7723152644223488,0.2534222066550718,1.4786931003996497
original_sw_1985,1059,54,bt,PW91,dft,-8788.644993,-131.15236728085645,1 1 1,729.5081827336703,162,42.33243512162507,0.5111861969099575,1.860192568317553,0.2669628026338566,1.4795952195685764
original_sw_1985,1060,54,bt,PW91,dft,-8788.616179,-131.13075563699684,1 1 1,729.5156364161247,162,44.366635545594136,0.5233241066985311,1.853361811136181,0.2707821290638848,1.4794618426030315
original_sw_1985,1061,54,bt,PW91,dft,-8788.62417,-131.233451812997,1 1 1,729.5247718859325,162,41.04280973311751,0.5033395249381106,1.694064400473048,0.26375872425802754,1.4777080430474245
original_sw_1985,1062,54,bt,PW91,dft,-8788.660337,-131.4215487044056,1 1 1,729.5355891851392,162,35.01761230263233,0.46492805963238326,1.4583992573416054,0.24426432065502676,1.4748945265398659
original_sw_1985,1063,54,bt,PW91,dft,-8787.692051,-119.03173671215576,1 1 1,718.0601704892503,162,4.607824871681579,0.16865160362546763,0.6293835613018652,0.10535844156327473,1.6864042671370907
original_sw_1985,1064,54,bt,PW91,dft,-8787.604762,-118.86221017019882,1 1 1,718.0608810407305,162,11.214601580177545,0.26310822047231497,0.9965317121921581,0.16261326799807063,1.687927184580758
original_sw_1985,1065,54,bt,PW91,dft,-8787.55754,-118.78556762483372,1 1 1,718.0614357428286,162,13.545220334506844,0.28915821136647585,1.102098292655474,0.18731290317949498,1.6884720094949048
original_sw_1985,1066,54,bt,PW91,dft,-8787.525745,-118.75173204937053,1 1 1,718.0618865452868,162,13.704052877189728,0.29084861869192075,1.0862120785294214,0.20180049686708523,1.6885097979294486
original_sw_1985,1067,54,bt,PW91,dft,-8787.485095,-118.70530281641807,1 1 1,718.062700997894,162,14.396802326202476,0.29810929231029293,1.0572738360948974,0.2173294198721731,1.6886168207618883
original_sw_1985,1068,54,bt,PW91,dft,-8787.436923,-118.64687258536361,1 1 1,718.0641573075305,162,15.879583413266158,0.31308484446708096,1.0196170773336628,0.2328554311208333,1.6888067880036095
original_sw_1985,1069,54,bt,PW91,dft,-8787.385178,-118.58465845688335,1 1 1,718.0659253200591,162,17.9429254928771,0.33280444609221727,1.0189636287281285,0.24683652599280664,1.68900066075327
original_sw_1985,1070,54,bt,PW91,dft,-8787.344578,-118.53714326885923,1 1 1,718.0680050369492,162,20.318305878695448,0.35414917933903944,1.059825589212531,0.25447468075320273,1.68912871979076
original_sw_1985,1071,54,bt,PW91,dft,-8787.308405,-118.493407879322,1 1 1,718.0707785685805,162,23.27397384179905,0.37903364652269383,1.1984685166688864,0.25927196404928804,1.6892687640414321
original_sw_1985,1072,54,bt,PW91,dft,-8787.280849,-118.4541438900312,1 1 1,718.07386381043,162,26.779058111378216,0.40657450467044004,1.308856139056278,0.26128198511272155,1.689485578657941
original_sw_1985,1073,54,bt,PW91,dft,-8786.223995,-105.96192374355121,1 1 1,707.4014288414793,162,1.804734104085814,0.10554778053487604,0.36516914995889393,0.07755604231381792,1.9012516184075547
original_sw_1985,1074,54,bt,PW91,dft,-8786.103006,-105.77030904956597,1 1 1,707.4027680431669,162,7.950617917243955,0.22153529826654964,0.7369671490401553,0.1659543837703379,1.9025595016295016
original_sw_1985,1075,54,bt,PW91,dft,-8786.055398,-105.69424159088624,1 1 1,707.4031197553277,162,10.390994758786391,0.2532625968347311,0.7592015270797172,0.18873417649477398,1.9030865286421017
original_sw_1985,1076,54,bt,PW91,dft,-8785.975766,-105.5386611433864,1 1 1,707.4041234877423,162,17.154841856148344,0.3254137144187072,1.0451758730345635,0.21871454053199904,1.9044929813735516
original_sw_1985,1077,54,bt,PW91,dft,-8785.862596,-105.31407733593191,1 1 1,707.406415022575,162,27.603349964510265,0.41278450693266533,1.394819511968084,0.2530843816219951,1.9065562000301428
original_sw_1985,1078,54,bt,PW91,dft,-8785.752086,-105.10544696696408,1 1 1,707.4096156106054,162,37.96238620849001,0.4840823456152456,1.5680153555476475,0.28108601293975904,1.9083732438999275
original_sw_1985,1079,54,bt,PW91,dft,-8785.678841,-104.98437305513528,1 1 1,707.4140607344146,162,44.963207408134,0.526830772652066,1.905471561265752,0.29499975446526716,1.9092589644893447
original_sw_1985,1080,54,bt,PW91,dft,-8785.671168,-104.99681132053348,1 1 1,707.419509623464,162,45.29249272551119,0.5287563601783731,2.1422167442498425,0.2882798058931677,1.9088865336486327
original_sw_1985,1081,54,bt,PW91,dft,-8785.704192,-105.08453924204467,1 1 1,707.426297771295,162,41.74760387967263,0.5076428454302274,2.087353580738764,0.274716184017453,1.9078734980650736
original_sw_1985,1082,54,bt,PW91,dft,-8785.745657,-105.15261098134165,1 1 1,707.4340897223826,162,39.52950490145566,0.4939729643565105,1.7800779383615584,0.2626365766147699,1.9073807806706822
original_sw_1985,1083,54,bt,PW91,dft,-8784.551675,-92.39428738229189,1 1 1,697.3082343101092,162,6.4204728020306145,0.19907925095469595,0.6468093819342177,0.13836783685720902,2.121535254727182
original_sw_1985,1084,54,bt,PW91,dft,-8784.432958,-92.15392246938393,1 1 1,697.3093731649323,162,14.391818002454755,0.2980576835634374,1.0251327701840576,0.2017083497448485,2.1237879938550908
original_sw_1985,1085,54,bt,PW91,dft,-8784.316759,-91.90937641712071,1 1 1,697.311200769459,162,23.33234950303841,0.3795086939507285,1.309289690909184,0.2455123915004025,2.126164791119229
original_sw_1985,1086,54,bt,PW91,dft,-8784.262996,-91.79507623454344,1 1 1,697.3124843929513,162,27.733767877224714,0.41375850203658654,1.4093633962983247,0.26015321529394514,2.1272858500558476
original_sw_1985,1087,54,bt,PW91,dft,-8784.254726,-91.80354528536957,1 1 1,697.3130283771853,162,27.409022218769962,0.41132893792874864,1.2441344335186397,0.25811458000491005,2.126975867633118
original_sw_1985,1088,54,bt,PW91,dft,-8784.233507,-91.8122001684373,1 1 1,697.3142181279096,162,27.179641007720015,0.40960415253760485,1.2138512959899492,0.2609754397247108,2.126422647576353
original_sw_1985,1089,54,bt,PW91,dft,-8784.211976,-91.81558239786432,1 1 1,697.3161475224854,162,27.803814048166704,0.4142806799487599,1.1907618910575009,0.2652457086328602,2.1259612914758454
original_sw_1985,1090,54,bt,PW91,dft,-8784.188658,-91.79774184752004,1 1 1,697.3186130011723,162,29.84650475936516,0.42922917386844167,1.2821457612867098,0.2702739237751942,2.125859857222931
original_sw_1985,1091,54,bt,PW91,dft,-8784.172484,-91.80019669937066,1 1 1,697.3217321629604,162,31.168929085590577,0.4386351522901843,1.4479830120005075,0.2709225845247228,2.125514878484986
original_sw_1985,1092,54,bt,PW91,dft,-8784.156891,-91.81480504149086,1 1 1,697.3254892004294,162,31.628984189318018,0.44186043401048974,1.5875244632294623,0.27086986015223047,2.1249555943716456
original_sw_1985,1093,54,bt,PW91,dft,-8782.795547,-78.75659834608774,1 1 1,687.9109484977364,162,15.236321286083045,0.3066779515444102,1.068623971631523,0.2006934855924807,2.341564162805015
original_sw_1985,1094,54,bt,PW91,dft,-8782.6339,-78.43408694664276,1 1 1,687.9128528041493,162,28.024490163925538,0.415921483003982,1.5019779207188078,0.26940134596092047,2.3445431331651365
original_sw_1985,1095,54,bt,PW91,dft,-8782.549493,-78.27639142681566,1 1 1,687.9143692576353,162,34.11944249360926,0.45892683790898914,1.6564432711213803,0.2947456777638882,2.3459003279767514
original_sw_1985,1096,54,bt,PW91,dft,-8782.525109,-78.25935082429785,1 1 1,687.9150595875477,162,34.53234210387893,0.46169536014508483,1.4681819646637753,0.29898972291165815,2.345764339134473
original_sw_1985,1097,54,bt,PW91,dft,-8782.482871,-78.20403179880692,1 1 1,687.9166768689203,162,35.53898878049477,0.4683764233537715,1.430232407792658,0.31147468962031905,2.346006580347266
original_sw_1985,1098,54,bt,PW91,dft,-8782.433979,-78.11936645176283,1 1 1,687.9194150352258,162,36.81403311028729,0.47670443459730516,1.5001072108763098,0.32491480350742963,2.346669049736949
original_sw_1985,1099,54,bt,PW91,dft,-8782.394511,-78.01173855667386,1 1 1,687.9228939565221,162,39.67308271172223,0.4948692476751628,1.929575613834281,0.3325557108901891,2.34793127001641
original_sw_1985,1100,54,bt,PW91,dft,-8782.370671,-77.90814906033462,1 1 1,687.9274510886329,162,43.99313111409774,0.5211166258538908,2.1047499045023574,0.33291671488156144,2.3494081125412043
original_sw_1985,1101,54,bt,PW91,dft,-8782.369408,-77.8526561243055,1 1 1,687.9328421010812,162,48.61489154898223,0.547806465042049,2.1258834251314096,0.32570374611024494,2.350412370615829
original_sw_1985,1102,54,bt,PW91,dft,-8782.386094,-77.8495395505292,1 1 1,687.9391678336586,162,52.967551375241634,0.5718043316330605,1.9900831541652202,0.31571620735956235,2.350779084945007
original_sw_1985,1103,128,bt,PW91,dft,-20843.679643,-509.0335045131563,1 1 1,2047.8635612346918,384,102.87124494803373,0.5175846472338328,1.8258108205529178,0.1813777321296636,0.020080663179561586
original_sw_1985,1104,128,bt,PW91,dft,-20842.587014,-456.47499547659714,1 1 1,1896.069176696104,384,138.6862984468439,0.6009677491668384,2.0569990702829126,0.2292713113816385,0.4221578509651889
original_sw_1985,1105,128,bt,PW91,dft,-20842.994116,-467.6376041323069,1 1 1,1942.0688943394684,384,281.68896100917,0.8564840936223199,3.4473903006510436,0.294010316201341,0.33813045521746465
original_sw_1985,1106,128,bt,PW91,dft,-20811.48224,-473.67510574429144,1 1 1,2433.0875637759173,384,103.7076773702271,0.5196845932726565,1.8789215534727228,0.25151249586408475,0.044775942623831444
original_sw_1985,1107,128,bt,PW91,dft,-20787.988249,-442.81583548158426,1 1 1,2183.760075977968,384,334.1918177404273,0.9328939875636261,3.486012013921501,1.1220518144800018,0.10231718686373625
original_sw_1985,1108,128,bt,PW91,dft,-20844.39127,-470.51807424073996,1 1 1,1946.6892202066952,384,134.5395891031112,0.5919151233828649,2.554230690886625,0.17810955089801822,0.32654204812031873
original_sw_1985,1109,128,bt,PW91,dft,-20844.124738,-470.9413501854215,1 1 1,1955.2186026523161,384,129.10039713563816,0.5798266558843752,1.9525626860788543,0.18867290796301084,0.3211529235524826
original_sw_1985,1110,128,bt,PW91,dft,-20843.705662,-454.3932980745617,1 1 1,1917.517105470953,384,114.21417512381909,0.5453739521816924,2.055240523154959,0.216845280586182,0.4471605494185882
original_sw_1985,1111,128,bt,PW91,dft,-20844.14964,-470.0807130174184,1 1 1,1944.014319224841,384,121.0924397733643,0.5615557810610947,1.8924257163934135,0.20190912820782975,0.32807119830251485
original_sw_1985,1112,128,bt,PW91,dft,-20844.237499,-476.7189945197106,1 1 1,1960.4175239392623,384,133.61405734526613,0.5898756431118601,2.2691302893174274,0.19776738013067272,0.2768960225033519
original_sw_1985,1113,128,bt,PW91,dft,-20843.491628,-442.31443496349516,1 1 1,1890.0091695111114,384,106.23933271013374,0.5259894760664323,2.4385682858642586,0.1728483727761247,0.5398545268487913
original_sw_1985,1114,128,bt,PW91,dft,-20843.761733,-452.78803749790416,1 1 1,1914.10623054584,384,122.75390468302503,0.5653951067870246,2.5810751491686346,0.19666950623722465,0.46013970236121793
original_sw_1985,1115,128,bt,PW91,dft,-20843.235368,-443.75854254083185,1 1 1,1899.990873176694,384,97.60256720435117,0.5041560791011693,1.720668761368586,0.2105476706710383,0.5265704051508617
original_sw_1985,1116,128,bt,PW91,dft,-20842.312829,-428.4927416473596,1 1 1,1874.8567090115578,384,120.64066502025761,0.5605072689004614,1.96816363389361,0.2429519769612402,0.6386271386935913
original_sw_1985,1117,128,bt,PW91,dft,-20842.61403,-435.5957677186208,1 1 1,1883.380744773073,384,141.2265737430406,0.606446647108522,2.3758792962053517,0.25240058282967653,0.5854878803243793
original_sw_1985,1118,128,bt,PW91,dft,-20841.734467,-413.0946684674521,1 1 1,1844.321411770143,384,86.12596521655018,0.47358881717311774,1.862803408093775,0.17324504882595732,0.7544061322866171
original_sw_1985,1119,128,bt,PW91,dft,-20842.469439,-426.16189972498876,1 1 1,1867.9851367450422,384,138.68147110271428,0.6009572899382993,2.7081759333105486,0.20236833763289674,0.6580603568371277
original_sw_1985,1120,128,bt,PW91,dft,-20842.282796,-425.6395711561151,1 1 1,1869.021343952325,384,121.48843669402311,0.5624732324511261,2.5933895984437068,0.22214475023630897,0.6606829003439461
original_sw_1985,1121,128,bt,PW91,dft,-20841.141235,-408.33784736161766,1 1 1,1845.2607467745872,384,130.26433582703305,0.5824345810614544,1.946437811815007,0.23535375147771792,0.7869341721759544
original_sw_1985,1122,128,bt,PW91,dft,-20840.400532,-399.15267742207016,1 1 1,1830.5905329439158,384,119.37523529571452,0.5575598699535234,2.0945915358534,0.2390024784929672,0.8529065701411733
original_sw_1985,1123,128,bt,PW91,dft,-20839.37868,-383.1433222128314,1 1 1,1805.4869332912228,384,82.32302589026663,0.4630149888746253,2.1409935953501744,0.1971565616761947,0.9699964389633666
original_sw_1985,1124,128,bt,PW91,dft,-20840.430782,-398.7790887637794,1 1 1,1828.1553038447496,384,103.25109652124804,0.5185393561316409,2.033170609516815,0.23422171706870945,0.8560615596590684
original_sw_1985,1125,128,bt,PW91,dft,-20840.753045,-401.41080806416824,1 1 1,1834.2711771390584,384,119.75222736500362,0.558439574853923,2.037929850068173,0.22585108861226183,0.8380189323122949
original_sw_1985,1126,128,bt,PW91,dft,-20839.660269,-386.55363146251295,1 1 1,1815.3613864751794,384,107.44791735736177,0.528972858268547,2.043958645995205,0.22501177445117546,0.9455533120127164
original_sw_1985,1127,128,bt,PW91,dft,-20837.935275,-369.3016160895366,1 1 1,1794.2815812953993,384,112.86258547366275,0.5421374207747792,1.7758187419395766,0.2588443775385769,1.066858166489093
original_sw_1985,1128,128,bt,PW91,dft,-20836.580269,-351.98949417785195,1 1 1,1770.2564309077754,384,71.49122571117306,0.4314800887134652,1.569384774277754,0.2164512344298316,1.1915231345491168
original_sw_1985,1129,128,bt,PW91,dft,-20838.103051,-367.6932514615319,1 1 1,1790.5087349557493,384,105.49661233571118,0.5241476521848729,2.1276083095448435,0.22971417918240902,1.0807342651453675
original_sw_1985,1130,128,bt,PW91,dft,-20838.59159,-373.7942746620832,1 1 1,1800.3128172176926,384,130.86041868471017,0.5837656553144986,2.004732036681982,0.22669700625171382,1.0368867323285742
original_sw_1985,1131,128,bt,PW91,dft,-20837.332327,-362.03236253449427,1 1 1,1788.053324546211,384,161.78226406421413,0.6490824133605,2.8908963132862375,0.2604870560728698,1.1189386786378632
original_sw_1985,1132,128,bt,PW91,dft,-20835.548422,-342.96131671340834,1 1 1,1766.1098706775542,384,135.40293178068833,0.5938112507457308,1.9401073914162978,0.2576057951650237,1.2539944663025953
original_sw_1985,1133,128,bt,PW91,dft,-20833.458696,-320.9432729685373,1 1 1,1738.5525028207244,384,72.96306174419341,0.4358990402514903,1.3384476353404264,0.22999241994415998,1.4096844486844131
original_sw_1985,1134,128,bt,PW91,dft,-20835.253504,-337.61905867756565,1 1 1,1757.454888433355,384,94.7696897559061,0.4967857355768905,1.708474965910951,0.23422230340811287,1.2934268103326194
original_sw_1985,1135,128,bt,PW91,dft,-20836.128128,-346.55849078478263,1 1 1,1769.375358225971,384,114.08897419209896,0.5450749523003765,1.8487744243177087,0.2387238616527385,1.230420496994987
original_sw_1985,1136,128,bt,PW91,dft,-20835.233809,-335.68064458182454,1 1 1,1760.3550488825063,384,106.64060574488856,0.5269818884876222,1.6859352444312854,0.25737047889980424,1.3084168032681043
original_sw_1985,1137,128,bt,PW91,dft,-20832.858061,-311.32207558279106,1 1 1,1737.8057704405426,384,130.52540227892615,0.5830179257690427,1.9813271740359137,0.26909460426015064,1.4801575923230361
original_sw_1985,1138,128,bt,PW91,dft,-20830.087725,-289.184289182621,1 1 1,1709.9194440385954,384,78.01827362193802,0.45074669999582945,1.6132119449066187,0.22860194825695385,1.6314657985743821
original_sw_1985,1139,128,bt,PW91,dft,-20831.959013,-305.8387522451077,1 1 1,1726.6647814703779,384,101.66216806328765,0.5145339923964969,2.1207931983724655,0.23721164506716097,1.5159722433986929
original_sw_1985,1140,128,bt,PW91,dft,-20833.1164,-316.1594908913408,1 1 1,1738.0739640171482,384,80.61598057982054,0.4581893161419371,1.754244623609661,0.25752182032295423,1.4443835586624911
original_sw_1985,1141,128,bt,PW91,dft,-20832.473906,-309.2367433158983,1 1 1,1733.3341064994006,384,113.50159417592764,0.543669999325398,2.016902102325722,0.26143310749955717,1.4934480397206378
original_sw_1985,1142,128,bt,PW91,dft,-20830.415167,-289.35645555904784,1 1 1,1715.7197524103565,384,121.07258717419853,0.561509746813127,1.895036520831342,0.2545005719603101,1.6326788893835316
original_sw_1985,1143,128,bt,PW91,dft,-20826.494545,-257.19863128687524,1 1 1,1683.5667396770907,384,98.40001211029369,0.5062114494331624,1.7416776534537435,0.25290648166820806,1.853282032134897
original_sw_1985,1144,128,bt,PW91,dft,-20828.278928,-273.0088825484341,1 1 1,1698.1840863831724,384,99.22890902875288,0.5083390770562276,1.6981180670577292,0.2730956086030701,1.7437049363414556
original_sw_1985,1145,128,bt,PW91,dft,-20829.721055,-285.0332270138729,1 1 1,1709.833147300858,384,104.60640953181002,0.5219315326960251,1.9708932138925934,0.271815642072933,1.6610313623927313
original_sw_1985,1146,128,bt,PW91,dft,-20829.463019,-281.0231480021582,1 1 1,1707.820695683674,384,113.5125762098369,0.543696300532859,2.382776972640588,0.2674570326818676,1.6903441984217293
original_sw_1985,1147,128,bt,PW91,dft,-20827.354079,-262.5872815542081,1 1 1,1692.9910154246174,384,138.44135074627246,0.6004368000895275,1.98818774971146,0.28261600209996735,1.8178983112963532
original_sw_1985,1148,128,bt,PW91,dft,-20822.706965,-224.89921426945347,1 1 1,1658.9481173237161,384,112.11940899901998,0.5403495420573747,2.5126579554985855,0.2501962653587762,2.0760307588335034
original_sw_1985,1149,128,bt,PW91,dft,-20824.692381,-240.42037099180752,1 1 1,1671.9092050892252,384,105.33849823163757,0.5237547191305832,1.9388112316830817,0.2543522728058674,1.9702827844401085
original_sw_1985,1150,128,bt,PW91,dft,-20826.139513,-253.066804663756,1 1 1,1683.1750099760723,384,124.83768439495108,0.5701737774092958,2.185156716292194,0.2708758312583384,1.8827882401279918
original_sw_1985,1151,128,bt,PW91,dft,-20826.112023,-251.0579975435535,1 1 1,1682.7559781379016,384,136.26080510326972,0.5956893877039428,1.9655981340494995,0.253883771641404,1.8982672801295992
original_sw_1985,1152,128,bt,PW91,dft,-20824.198454,-235.21937982677176,1 1 1,1670.3959345877208,384,143.3743020090493,0.61104056996943,2.124221085128976,0.28055981120945567,2.0070567232294545
original_sw_1985,1153,128,bt,PW91,dft,-20818.742605,-193.1297132379504,1 1 1,1636.4164123907574,384,114.33373646573244,0.5456593308828427,2.1751845372397685,0.28072380019994375,2.2932584231421074
original_sw_1985,1154,128,bt,PW91,dft,-20820.891931,-208.4071255390166,1 1 1,1648.868625558975,384,143.694923490483,0.6117234096576105,2.639289150929138,0.26722799641498785,2.1906952489150187
original_sw_1985,1155,128,bt,PW91,dft,-20822.115917,-219.58497059031487,1 1 1,1659.119443351788,384,215.25418779461054,0.7487040675160859,2.9057499602755565,0.3073398336638296,2.1129307250767577
original_sw_1985,1156,128,bt,PW91,dft,-20822.180794,-216.48395320327722,1 1 1,1657.1467095016178,384,217.25549166123216,0.7521765148782955,3.070210535790999,0.265759582259531,2.137664274975495
original_sw_1985,1157,128,bt,PW91,dft,-20819.620501,-195.1667850599642,1 1 1,1643.1209802426647,384,247.9233732665375,0.8035134003538925,2.5975612889888295,0.28232879110160874,2.284202362032638
original_sw_1985,1158,64,liq,UNSPECIFIED,dft,-10399.005258,-206.33969771748514,1 1 1,1300.025431944,192,873.876432849222,2.1334103577190753,12.039625273297643,1.539962346197715,
original_sw_1985,1159,64,liq,UNSPECIFIED,dft,-10400.913348,-211.08831732113848,1 1 1,1300.025431944,192,628.367807908235,1.8090740724254653,9.340756043139773,1.2370862178859376,
original_sw_1985,1160,64,liq,UNSPECIFIED,dft,-10399.914693,-215.02003664028197,1 1 1,1300.025431944,192,380.8401575955414,1.4083829335364648,5.09210280613476,1.094888986346523,
original_sw_1985,1161,64,liq,UNSPECIFIED,dft,-10397.128438,-207.39690829307443,1 1 1,1300.025431944,192,553.5820516096844,1.698010557132603,8.160665606044983,1.1852298369778327,
original_sw_1985,1162,64,liq,UNSPECIFIED,dft,-10396.28065,-202.247647925739,1 1 1,1300.025431944,192,735.8076768379406,1.9576341972384952,6.888077528749583,1.0507287008230684,
original_sw_1985,1163,64,liq,UNSPECIFIED,dft,-10396.524375,-200.02026878030225,1 1 1,1300.025431944,192,820.1131742347743,2.0667420696528107,8.969702664112338,0.8596813302995622,
original_sw_1985,1164,64,liq,UNSPECIFIED,dft,-10394.201572,-194.59143521879272,1 1 1,1300.025431944,192,895.9158247386758,2.160145424235894,8.98376609767801,1.1976908326531326,
original_sw_1985,1165,64,liq,UNSPECIFIED,dft,-10394.081954,-197.58036074925786,1 1 1,1300.025431944,192,732.0824923479677,1.952672437365178,6.876276611480413,1.1292694880974676,
original_sw_1985,1166,64,liq,UNSPECIFIED,dft,-10397.045358,-204.15321320631193,1 1 1,1300.025431944,192,901.2434486120462,2.166558629452341,7.554623267838262,1.1788075438790888,
original_sw_1985,1167,64,liq,UNSPECIFIED,dft,-10396.561871,-201.9673496507362,1 1 1,1300.025431944,192,719.9783050197714,1.9364624977807625,7.007008300092899,1.1503547707768063,
original_sw_1985,1168,64,liq,UNSPECIFIED,dft,-10395.431556,-195.80155486188858,1 1 1,1300.025431944,192,796.0437105543033,2.036187857853575,7.274664972023997,1.1863685721801513,
original_sw_1985,1169,64,liq,UNSPECIFIED,dft,-10394.758246,-194.44999126823274,1 1 1,1300.025431944,192,758.0941154865557,1.9870598510091428,7.013603903457595,1.1833642890705278,
original_sw_1985,1170,64,liq,UNSPECIFIED,dft,-10396.364942,-199.37795599197182,1 1 1,1300.025431944,192,774.8918102844307,2.00895366925955,6.7108628420020064,0.8500804723634992,
original_sw_1985,1171,64,liq,UNSPECIFIED,dft,-10396.551385,-202.89265869880703,1 1 1,1300.025431944,192,737.399136792503,1.9597501126744756,6.864012580689243,0.8400916315315079,
original_sw_1985,1172,64,liq,UNSPECIFIED,dft,-10393.488669,-186.09279680752195,1 1 1,1300.025431944,192,1293.3357953752952,2.5954043874214148,9.607511401214008,1.173440894424074,
original_sw_1985,1173,64,liq,UNSPECIFIED,dft,-10391.273404,-176.2537290276824,1 1 1,1300.025431944,192,1755.30955755795,3.0236132819769885,10.596022278169318,1.240456969180948,
original_sw_1985,1174,64,liq,UNSPECIFIED,dft,-10394.168004,-194.21296090647607,1 1 1,1300.025431944,192,1046.125264094644,2.334217017294294,7.531572377336895,0.8959495571825598,
original_sw_1985,1175,64,liq,UNSPECIFIED,dft,-10393.741239,-195.38380230912716,1 1 1,1300.025431944,192,842.6015718269067,2.0948865967553325,8.809456104534481,1.0577117784731498,
original_sw_1985,1176,64,liq,UNSPECIFIED,dft,-10400.964141,-169.35075278025494,1 1 1,980.5490258837202,192,1837.753008035233,3.093805140952401,10.121335348848575,1.0634660583904112,
original_sw_1985,1177,64,liq,UNSPECIFIED,dft,-10398.43497,-149.67377221908438,1 1 1,980.5490258837202,192,2317.4674167882945,3.474211104088577,12.08925543552367,1.1895111444712716,
original_sw_1985,1178,64,liq,UNSPECIFIED,dft,-10398.286273,-149.78842852769947,1 1 1,980.5490258837202,192,2306.037332383982,3.4656328579592173,11.43767696544836,1.0500736668012274,
original_sw_1985,1179,64,liq,UNSPECIFIED,dft,-10396.658767,-141.47812875340375,1 1 1,980.5490258837202,192,3036.025477395452,3.9765101150088853,14.827884709647513,1.1326787848535398,
original_sw_1985,1180,64,liq,UNSPECIFIED,dft,-10397.130096,-128.17903912910512,1 1 1,980.5490258837202,192,3150.8218751144314,4.050991310723133,12.360551372868503,1.0794656222797714,
original_sw_1985,1181,64,liq,UNSPECIFIED,dft,-10393.547828,-125.67777194433106,1 1 1,980.5490258837202,192,3307.1723485699486,4.150283843562407,14.413766393258692,1.5028428032868726,
original_sw_1985,1182,64,liq,UNSPECIFIED,dft,-10397.02162,-131.05242984866942,1 1 1,980.5490258837202,192,3252.39634529539,4.115770195044117,12.789117999380844,1.2405535983185254,
original_sw_1985,1183,64,liq,UNSPECIFIED,dft,-10396.083464,-143.47792978419352,1 1 1,980.5490258837202,192,2543.2856357651567,3.6395438385797094,12.992118141326568,1.159443667853251,
original_sw_1985,1184,64,liq,UNSPECIFIED,dft,-10396.025063,-133.45156338066857,1 1 1,980.5490258837202,192,2526.431388171073,3.627464240125739,11.901071385166748,1.0088776259281587,
original_sw_1985,1185,64,liq,UNSPECIFIED,dft,-10393.004491,-126.1880747447419,1 1 1,980.5490258837202,192,2190.7100205888346,3.377861457179702,10.438883085109621,1.7939634791478185,
original_sw_1985,1186,64,liq,UNSPECIFIED,dft,-10416.720954,-243.24439911656646,1 1 1,1347.8648190673844,192,127.2947487217894,0.8142441175261793,3.2841632851314864,0.9375102110621694,
original_sw_1985,1187,64,liq,UNSPECIFIED,dft,-10421.206114,-248.9317563148687,1 1 1,1305.8780177822182,192,140.5311828214246,0.8555309718891458,5.209542488796294,0.9129701094798481,
original_sw_1985,1188,64,liq,UNSPECIFIED,dft,-10419.216612,-243.28280411197971,1 1 1,1297.7568183865358,192,144.01296358620817,0.8660643848341575,3.8896570573808487,1.0344925713478847,
original_sw_1985,1189,64,liq,UNSPECIFIED,dft,-10421.659944,-246.84859407914104,1 1 1,1329.7707161412843,192,137.5898974905656,0.8465305956845441,4.193498599280606,0.9515931497756802,
original_sw_1985,1190,64,liq,UNSPECIFIED,dft,-10420.716204,-248.65433693871293,1 1 1,1383.9143802413753,192,63.31515196914501,0.5742529203286333,2.028068534614723,0.871673785905838,
original_sw_1985,1191,64,liq,UNSPECIFIED,dft,-10419.269261,-244.45497341519604,1 1 1,1400.3246973507783,192,134.38083405323744,0.8366003689699232,3.533176535043011,1.0846121639400264,
original_sw_1985,1192,64,liq,UNSPECIFIED,dft,-10421.319002,-248.3087399788435,1 1 1,1358.2602228352673,192,86.10023578429059,0.669655678720923,2.46811882012431,0.9927550998494459,
original_sw_1985,1193,64,liq,UNSPECIFIED,dft,-10421.614044,-247.16055359664904,1 1 1,1308.4461147523432,192,112.32497332722897,0.7648698600062525,3.690229730591655,1.0163460562790916,
original_sw_1985,1194,64,liq,UNSPECIFIED,dft,-10421.728018,-245.2972613348454,1 1 1,1312.092241570883,192,207.01366213765914,1.038362247468086,4.996553395921712,0.9446912964688297,
original_sw_1985,1195,64,liq,UNSPECIFIED,dft,-10421.564838,-246.98637747792105,1 1 1,1355.497142585966,192,121.90117925750748,0.7968073639842431,3.3995738332634633,0.8992026360667406,
original_sw_1985,1196,64,liq,UNSPECIFIED,dft,-10398.548139,-198.6771973897532,1 1 1,1202.7529418009933,192,1108.9533250651266,2.4032891145360633,10.247108644838718,0.7672502435442755,
original_sw_1985,1197,64,liq,UNSPECIFIED,dft,-10396.693235,-191.07680541425583,1 1 1,1203.0223588864037,192,1426.1378408250348,2.7253992834623437,10.549789660236478,0.9702740796714564,
original_sw_1985,1198,64,liq,UNSPECIFIED,dft,-10396.885554,-193.92272218265074,1 1 1,1202.3451941589103,192,1198.1089695721498,2.4980293999847722,9.982864635030896,0.9960423324295341,
original_sw_1985,1199,64,liq,UNSPECIFIED,dft,-10398.24021,-202.64358764060822,1 1 1,1210.1301449117268,192,1005.7364153157155,2.2887137209437136,9.405680939159325,1.1238677405912436,
original_sw_1985,1200,64,liq,UNSPECIFIED,dft,-10398.606072,-199.38568967633867,1 1 1,1220.5481585964392,192,1034.1653489777677,2.320835595051749,8.575633914062081,0.9394398227584219,
original_sw_1985,1201,64,liq,UNSPECIFIED,dft,-10396.919603,-197.2890744088767,1 1 1,1232.3986920022899,192,817.3102272707355,2.0632072364085032,7.982467623586283,0.8371969780992653,
original_sw_1985,1202,64,liq,UNSPECIFIED,dft,-10397.593081,-198.3864663589932,1 1 1,1239.4789135947035,192,966.0660398842546,2.2431214763651326,7.4595485601348726,0.8525135537797186,
original_sw_1985,1203,64,liq,UNSPECIFIED,dft,-10398.201601,-198.36169607855976,1 1 1,1242.4695680452137,192,917.4655020861102,2.185970300964423,8.514647854098468,0.832265743963429,
original_sw_1985,1204,64,liq,UNSPECIFIED,dft,-10399.151985,-199.95979381590584,1 1 1,1234.502502412116,192,906.9922631477909,2.173457622597707,6.683388733718775,0.6815469563243607,
original_sw_1985,1205,64,liq,UNSPECIFIED,dft,-10398.065456,-202.2334250988004,1 1 1,1219.4080720385289,192,703.6764747861945,1.9144141765854716,7.021665054351266,0.812535510582012,
original_sw_1985,1206,64,liq,UNSPECIFIED,dft,-10418.982616,-244.11418733272657,1 1 1,1442.8970000000002,192,125.97058996188125,0.8099980387125215,4.601485346733693,0.8547352110750805,
original_sw_1985,1207,64,liq,UNSPECIFIED,dft,-10417.963412,-243.9913227689052,1 1 1,1442.8970000000002,192,105.49988743178332,0.7412682243114643,3.4837287517828663,0.8719987956676507,
original_sw_1985,1208,64,liq,UNSPECIFIED,dft,-10418.618732,-243.40559023213518,1 1 1,1442.8970000000002,192,96.68441609984241,0.709622904919704,2.5790597498906718,0.9543696889949911,
original_sw_1985,1209,64,liq,UNSPECIFIED,dft,-10418.441883,-245.34415119116943,1 1 1,1442.8970000000002,192,73.83181534834245,0.6201134613433928,2.871343770264939,0.8569820984519965,
original_sw_1985,1210,64,liq,UNSPECIFIED,dft,-10420.603132,-247.38482147509802,1 1 1,1442.8970000000002,192,73.77320448569196,0.6198672761403409,3.6209173811161866,0.8322472162248803,
original_sw_1985,1211,64,liq,UNSPECIFIED,dft,-10395.519816,-119.52266206058103,1 1 1,941.1920000000005,192,2610.6145709705174,3.6874043567896706,11.591177956641147,1.2624730758046965,
original_sw_1985,1212,64,liq,UNSPECIFIED,dft,-10395.445407,-119.60956587936154,1 1 1,941.1920000000005,192,2535.5747026980953,3.634022322884003,15.7245072097915,1.306743534753592,
original_sw_1985,1213,64,liq,UNSPECIFIED,dft,-10394.504496,-104.2896591675311,1 1 1,941.1920000000005,192,3679.103568154145,4.377441918609867,13.783675366106072,1.3261704901368812,
original_sw_1985,1214,64,liq,UNSPECIFIED,dft,-10396.039918,-117.72303727715992,1 1 1,941.1920000000005,192,2660.2075847119017,3.722263805406752,12.424836932675312,1.160126811206969,
original_sw_1985,1215,64,liq,UNSPECIFIED,dft,-10397.965164,-130.03028206121857,1 1 1,941.1920000000005,192,2718.303374209247,3.76268920773514,12.018751755093614,1.1602014627944202,
original_sw_1985,1216,64,liq,UNSPECIFIED,dft,-10395.878364,-119.15554503705431,1 1 1,941.1920000000005,192,2172.099355742358,3.3634829385362996,9.747250806152065,1.2728317849750248,
original_sw_1985,1217,64,liq,UNSPECIFIED,dft,-10393.351078,-115.23117353882867,1 1 1,941.1920000000005,192,2951.4980739592793,3.9207634207984605,12.745211935260311,1.3086515234888498,
original_sw_1985,1218,64,liq,UNSPECIFIED,dft,-10395.091509,-117.82248039142564,1 1 1,941.1920000000005,192,2676.905973990654,3.7339280408886637,13.496623695587685,1.2419739280281057,
original_sw_1985,1219,64,liq,UNSPECIFIED,dft,-10393.983281,-120.08469600259428,1 1 1,941.1920000000005,192,2516.6680045454414,3.620448295033021,10.740369884197127,1.472235868896919,
original_sw_1985,1220,64,liq,UNSPECIFIED,dft,-10397.206178,-132.110213312458,1 1 1,941.1920000000005,192,2235.4989755496717,3.4122168499361045,12.669239463486711,1.2031205424690152,
original_sw_1985,1221,64,liq,UNSPECIFIED,dft,-10397.520979,-193.13976603363128,1 1 1,1196.6145470695274,192,1133.4119956052773,2.4296476034830277,7.380593450101358,1.1361655290323933,
original_sw_1985,1222,64,liq,UNSPECIFIED,dft,-10399.80122,-202.71181534604992,1 1 1,1196.6145470695274,192,733.8660741072783,1.9550496505141264,7.640191599233304,0.8055109161155111,
original_sw_1985,1223,64,liq,PW91,dft,-10391.021962,-188.64202659793665,1 1 1,1442.8970000000002,192,747.1875916550324,1.9727143837540093,6.6090020221018815,0.8539226360699829,0.5678441969083501
original_sw_1985,1224,64,liq,PW91,dft,-10392.093033,-192.92559764646373,1 1 1,1442.8970000000002,192,642.7913858807625,1.8297190498714015,6.1350409276057825,0.778222974825901,0.5176488836500908
original_sw_1985,1225,64,liq,PW91,dft,-10389.448986,-186.26885223454462,1 1 1,1442.8970000000002,192,779.8540796396558,2.0153758949940848,9.089436888482739,0.932818227088505,0.5803472963363303
original_sw_1985,1226,64,liq,PW91,dft,-10390.320457,-188.31083832401552,1 1 1,1442.8970000000002,192,678.746709899239,1.880196562612148,7.068916003937372,0.8403837414634732,0.5620579980633535
original_sw_1985,1227,128,liq,UNSPECIFIED,dft,-20782.174591,-372.84429666269017,1 1 1,2656.7416250000024,384,2120.4936324852342,2.3499188995786566,11.274943235853828,1.1528463424233093,
original_sw_1985,1228,128,liq,UNSPECIFIED,dft,-20782.125585,-365.9094608845406,1 1 1,2656.7416250000024,384,2252.1253913904884,2.4217576000526417,10.816671704088431,1.0464102093116077,
original_sw_1985,1229,128,liq,UNSPECIFIED,dft,-20784.898341,-379.12048834810855,1 1 1,2656.7416250000024,384,2052.0449846405418,2.311680589420046,9.827400929993914,1.0695479044410638,
original_sw_1985,1230,128,liq,UNSPECIFIED,dft,-20780.787759,-347.8201118850102,1 1 1,2656.7416250000024,384,2772.5730019120474,2.6870508354847495,9.83477459397308,1.173045323054196,
original_sw_1985,1231,128,liq,UNSPECIFIED,dft,-20785.208074,-386.96534561058957,1 1 1,2656.7416250000024,384,1342.4285561398383,1.869734659859743,7.620877478422306,0.9351294877603349,
original_sw_1985,1232,128,liq,UNSPECIFIED,dft,-20788.358708,-396.3425489675942,1 1 1,2656.7416250000024,384,1159.6645642331587,1.7378031541836139,5.538756596133884,0.9528630667626174,
original_sw_1985,1233,128,liq,UNSPECIFIED,dft,-20778.905217,-352.69674612480145,1 1 1,2656.7416250000024,384,2539.7748130793316,2.5717692176905684,10.444951168254951,1.0900880301542977,
original_sw_1985,1234,64,amorph,UNSPECIFIED,dft,-10418.559105,-244.52603954499156,1 1 1,1369.854789407834,192,159.30869682260493,0.9108966988364089,4.5954895337109365,0.9827993995258306,
original_sw_1985,1235,64,amorph,UNSPECIFIED,dft,-10420.848058,-247.4675451528884,1 1 1,1369.854789407834,192,141.460689859767,0.8583556526015036,5.08430343066058,0.9154715870511311,
original_sw_1985,1236,64,amorph,UNSPECIFIED,dft,-10420.568955,-248.96040482918897,1 1 1,1369.854789407834,192,107.97056103184359,0.7498977743938516,4.695126833544995,0.9835505079160272,
original_sw_1985,1237,64,amorph,UNSPECIFIED,dft,-10420.619693,-246.36776634959327,1 1 1,1369.854789407834,192,112.50190357116642,0.7654720206729692,3.57430164954638,1.0847878956508137,
original_sw_1985,1238,64,amorph,UNSPECIFIED,dft,-10421.452226,-248.4905701814696,1 1 1,1369.854789407834,192,123.31421410946538,0.8014122109252717,4.743322350934611,0.8906888242882467,
original_sw_1985,1239,64,amorph,UNSPECIFIED,dft,-10419.690642,-244.97764953690972,1 1 1,1369.854789407834,192,170.9975875533014,0.9437226473776312,4.025031064468678,1.105242150180646,
original_sw_1985,1240,64,amorph,UNSPECIFIED,dft,-10419.389098,-245.76048266168576,1 1 1,1369.854789407834,192,104.05868933757466,0.7361877072458274,2.9429823730000657,1.0006775160917019,
original_sw_1985,1241,64,amorph,UNSPECIFIED,dft,-10420.856705,-246.45010549171306,1 1 1,1369.854789407834,192,140.78506790234073,0.8563034286929826,4.339449542886903,0.9847705092706457,
original_sw_1985,1242,64,amorph,UNSPECIFIED,dft,-10422.523675,-249.96420130112685,1 1 1,1369.854789407834,192,65.32667087418999,0.5833035894538449,2.816224779266532,1.0426252699720906,
original_sw_1985,1243,64,amorph,UNSPECIFIED,dft,-10420.432014,-247.2343798335861,1 1 1,1369.854789407834,192,78.13388212163532,0.6379242139289358,2.9122635389511498,1.0905266090584784,
original_sw_1985,1244,64,amorph,UNSPECIFIED,dft,-10421.574437,-248.10169803331556,1 1 1,1369.854789407834,192,89.09483952887072,0.6812016019844651,3.042421157627885,0.957162383995766,
original_sw_1985,1245,64,amorph,UNSPECIFIED,dft,-10421.479275,-246.4680105682218,1 1 1,1369.854789407834,192,191.6229335839157,0.999017573627325,5.188026506944506,0.9786577016029511,
original_sw_1985,1246,64,amorph,UNSPECIFIED,dft,-10420.030978,-244.8007777199776,1 1 1,1369.854789407834,192,122.07976296734253,0.7973908068119686,3.3942692920092634,0.9988036241405787,
original_sw_1985,1247,64,amorph,UNSPECIFIED,dft,-10420.29342,-246.52457541699837,1 1 1,1369.854789407834,192,145.11373972889794,0.8693680047912258,4.278938141172147,0.9917655339797327,
original_sw_1985,1248,64,amorph,UNSPECIFIED,dft,-10421.293903,-246.314451579858,1 1 1,1369.854789407834,192,147.92488044197415,0.8777483042622651,5.569222921338083,0.9329386436902617,
original_sw_1985,1249,64,amorph,UNSPECIFIED,dft,-10418.469943,-243.77310561562254,1 1 1,1369.854789407834,192,183.51353966416536,0.9776500834914613,5.808138483063215,1.0934465601658554,
original_sw_1985,1250,64,amorph,UNSPECIFIED,dft,-10421.556415,-247.4179757409154,1 1 1,1369.854789407834,192,116.3112037184033,0.7783235312944636,2.706431456506543,1.0396120411725913,
original_sw_1985,1251,64,amorph,UNSPECIFIED,dft,-10418.47034,-244.15241167246614,1 1 1,1369.854789407834,192,99.3375198057403,0.7192933446479937,3.2227301575690066,1.0894415386303338,
original_sw_1985,1252,64,amorph,UNSPECIFIED,dft,-10420.470153,-246.68314939518032,1 1 1,1369.854789407834,192,111.36470006306163,0.7615933819927223,3.7074981284195445,1.0039860473092574,
original_sw_1985,1253,64,amorph,UNSPECIFIED,dft,-10421.143159,-248.0201790277055,1 1 1,1369.854789407834,192,73.92846880572529,0.6205192248135045,2.7997943504680243,0.9297673964441994,
original_sw_1985,1254,64,amorph,UNSPECIFIED,dft,-10421.252702,-246.62844933578003,1 1 1,1369.854789407834,192,127.21655213607872,0.8139939858758642,4.254083025124915,1.0636344156767301,
original_sw_1985,1255,64,amorph,UNSPECIFIED,dft,-10422.505867,-249.88356303364375,1 1 1,1369.854789407834,192,96.70733518884856,0.7097070081673983,3.1776042823965254,0.9683805268559205,
original_sw_1985,1256,64,amorph,UNSPECIFIED,dft,-10423.200354,-249.72962881210074,1 1 1,1369.854789407834,192,87.72064042500787,0.6759277591184697,2.97448783814756,0.9256891956047532,
original_sw_1985,1257,64,amorph,UNSPECIFIED,dft,-10421.428821,-248.50622658547016,1 1 1,1369.854789407834,192,95.01420322296764,0.7034668732685924,3.3968808330331917,0.8672567616896131,
original_sw_1985,1258,64,amorph,UNSPECIFIED,dft,-10420.797826,-247.6559839296374,1 1 1,1369.854789407834,192,75.94462450402597,0.628923619600824,2.930588738582453,1.0431911640460487,
original_sw_1985,1259,64,amorph,UNSPECIFIED,dft,-10421.256919,-247.54300822871477,1 1 1,1369.854789407834,192,88.27641318294803,0.6780656202225964,2.744818106357697,0.9267854032456871,
original_sw_1985,1260,64,amorph,UNSPECIFIED,dft,-10421.844645,-248.858974982617,1 1 1,1369.854789407834,192,96.34332341561178,0.7083700606248436,3.2464152131148634,1.1115120204864803,
original_sw_1985,1261,64,amorph,UNSPECIFIED,dft,-10422.217208,-249.7178145456656,1 1 1,1369.854789407834,192,108.42801851434001,0.751484705829414,4.4198799099070305,0.9153030576766296,
original_sw_1985,1262,64,amorph,UNSPECIFIED,dft,-10423.115313,-249.19509521597834,1 1 1,1369.854789407834,192,150.45957707121875,0.8852364828560018,4.5717532987463105,0.8855883178527071,
original_sw_1985,1263,64,amorph,UNSPECIFIED,dft,-10421.571253,-246.77108370018757,1 1 1,1369.854789407834,192,115.30247613670846,0.7749411138136174,3.4895944111555988,0.8747169296531736,
original_sw_1985,1264,64,amorph,UNSPECIFIED,dft,-10421.22663,-247.98409545267413,1 1 1,1369.854789407834,192,72.93692176229455,0.616343898197495,2.1861672940039907,0.9134552312345645,
original_sw_1985,1265,216,amorph,PW91,dft,-35210.82590887,-887.996650432072,1 1 1,4423.3609412645965,648,194.843291748245,0.5483466897903932,5.852219409093784,0.004254681027779656,0.05764501383410536
original_sw_1985,1266,216,amorph,PW91,dft,-35210.16158956,-889.275421889288,1 1 1,4411.031030146403,648,96.6636745567319,0.38622834862152117,3.4025074037531646,0.008206422469815115,0.048649223245114115
original_sw_1985,1267,216,amorph,PW91,dft,-35208.92716773,-884.2362893652307,1 1 1,4406.998635954716,648,194.29136382146444,0.5475694947459492,5.4200655605129215,0.014135340894062582,0.06626362460649826
original_sw_1985,1268,216,amorph,PW91,dft,-35210.43343326,-886.9842994196422,1 1 1,4424.988745490016,648,195.25179805974187,0.5489212176429455,5.007363511613985,0.012604143216996858,0.060514807363858836
original_sw_1985,1269,216,amorph,PW91,dft,-35211.15678939,-888.8680859788782,1 1 1,4432.98503687492,648,88.72361014239195,0.37002587943859894,2.8598215884175096,0.006385800690826717,0.055142444265539936
original_sw_1985,1270,216,amorph,PW91,dft,-35210.50512324,-888.1067337107442,1 1 1,4434.493565415644,648,89.32361376332764,0.37127494255349125,2.914023327112147,0.008574294476608846,0.05565025036803828
original_sw_1985,1271,216,amorph,PW91,dft,-35211.20700925,-888.958957529738,1 1 1,4435.715389176123,648,89.5354177389874,0.3717148651254446,2.9536553705318167,0.006420168825421461,0.054954241993042
original_sw_1985,1272,216,amorph,PW91,dft,-35210.3491529,-888.6841891989822,1 1 1,4418.6280866695615,648,93.10841046308545,0.37905912285008075,2.6699037425056478,0.004500719061205802,0.052254760422490776
original_sw_1985,1273,216,amorph,PW91,dft,-35210.63412366,-888.2444707119134,1 1 1,4411.136307158164,648,82.88346240830954,0.3576402910615653,2.4683076991966626,0.03231694638677102,0.05560980323298281
original_sw_1985,1274,216,amorph,PW91,dft,-35210.7883784,-888.2723930033063,1 1 1,4404.092572995741,648,85.828214713241,0.3639381109907902,2.455614955764305,0.009263461217847673,0.056194675680242945
original_sw_1985,1275,216,amorph,PW91,dft,-35210.32870514,-889.632386114067,1 1 1,4414.220431405106,648,97.58199072119635,0.38805861909471623,2.4143662483861696,0.009498786821497096,0.04777029433409741
original_sw_1985,1276,216,amorph,PW91,dft,-35209.89728014,-889.2913291976192,1 1 1,4416.418838383543,648,94.83867739481036,0.38256500576237573,2.606556480668968,0.007189508559931849,0.04735192357694018
original_sw_1985,1277,216,amorph,PW91,dft,-35207.97809444,-886.7817498998935,1 1 1,4402.029080164509,648,129.67289273700172,0.4473393441132462,4.076289413567156,0.010511674675108083,0.05008522727008646
original_sw_1985,1278,216,amorph,PW91,dft,-35208.20026323,-884.2774137294364,1 1 1,4400.492732220389,648,141.68661993151238,0.4676025997065606,4.6902120750812175,0.012537195333127247,0.06270793542037101
original_sw_1985,1279,216,amorph,PW91,dft,-35208.52140558,-884.4812255808133,1 1 1,4403.816736089087,648,162.2738133348387,0.5004223730436643,5.0415585739381,0.0999190366583285,0.06325113217327782
original_sw_1985,1280,216,amorph,PW91,dft,-35211.06640797,-887.8129930416706,1 1 1,4427.413847160403,648,91.1402335526394,0.3750313434486349,2.613911143170494,0.008373151832191882,0.05960870128965112
original_sw_1985,1281,216,amorph,PW91,dft,-35208.09916509,-883.8277810653375,1 1 1,4399.500909606059,648,184.39943829880866,0.5334482490474045,4.313587029005415,0.04172104000211434,0.0643215211800987
original_sw_1985,1282,216,amorph,PW91,dft,-35207.19102693,-880.9285052908688,1 1 1,4394.7533160694575,648,280.74384740001085,0.6582147659285961,7.126333231409153,0.012092545032803078,0.07353975087669085
original_sw_1985,1283,216,amorph,PW91,dft,-35208.96287104,-885.9665499996564,1 1 1,4418.244024987839,648,141.34381160810585,0.46703657893348327,4.420793086803751,0.008441519385574912,0.05841845180825178
original_sw_1985,1284,216,amorph,PW91,dft,-35208.88070385,-886.277873985749,1 1 1,4384.480532940353,648,161.33396044972753,0.4989711025579048,5.040556730261079,0.052510077983324445,0.05659673340042026
original_sw_1985,1285,216,amorph,PW91,dft,-35208.12865397,-885.5177013820048,1 1 1,4394.556238232581,648,139.65310251132564,0.46423490507002924,3.9621877547655147,0.025947028452094994,0.05663433860292599
original_sw_1985,1286,216,amorph,PW91,dft,-35208.59004435,-884.9100228067462,1 1 1,4393.624815254957,648,142.51792313619364,0.46897235160316225,3.8770721583863104,0.013942098529982962,0.06158373191431643
original_sw_1985,1287,216,amorph,PW91,dft,-35209.15169294,-887.7539594884847,1 1 1,4410.49557703676,648,150.06611699958293,0.48123124783023524,3.6427247264473865,0.01286782982053009,0.05101758334145945
original_sw_1985,1288,216,amorph,PW91,dft,-35208.13970269,-885.7531070772709,1 1 1,4399.4986730519495,648,134.7005083803747,0.45592889238124146,3.9218126750559867,0.029776628551103135,0.05559564890263946
original_sw_1985,1289,216,amorph,PW91,dft,-35208.74591194,-885.728764966946,1 1 1,4398.226529839007,648,126.98536882698701,0.4426794272950671,3.8505209568475056,0.04473989131463865,0.058514868163402234
original_sw_1985,1290,216,amorph,PW91,dft,-35208.10601901,-885.0767762796561,1 1 1,4423.17560521532,648,124.04643808058945,0.43752678591826966,4.234140576377588,0.015320893554913425,0.058570867039731134
original_sw_1985,1291,216,amorph,PW91,dft,-35207.65655752,-880.3914022311363,1 1 1,4398.57495201019,648,264.98255919357155,0.6394714242710267,6.998262512945625,0.06683886188918821,0.07818157332917064
original_sw_1985,1292,216,amorph,PW91,dft,-35207.08409948,-883.9474589344403,1 1 1,4400.138628805824,648,147.52605912941047,0.4771411442078788,3.541911127907554,0.03325433038727697,0.05906807914722201
original_sw_1985,1293,216,amorph,PW91,dft,-35208.22998213,-884.9308293885085,1 1 1,4397.216313563154,648,161.01035761425612,0.4984704345255336,5.411955966243836,0.012982741791069414,0.059820450424644456
original_sw_1985,1294,216,amorph,PW91,dft,-35209.86777922,-886.3827366218014,1 1 1,4409.388797868186,648,150.00255634048756,0.48112932404018954,5.326036389369345,0.03157318794346843,0.06068105161314197
original_sw_1985,1295,216,amorph,PW91,dft,-35209.86725603,-887.0933874701112,1 1 1,4413.898545419547,648,159.08897297751906,0.4954873099767776,4.241629850184718,0.019587009844017275,0.0573885792135318
original_sw_1985,1296,216,amorph,PW91,dft,-35209.7955344,-887.1354575987634,1 1 1,4415.4812128928,648,158.08726086988293,0.49392491568057817,4.255674915454578,0.025902370702788797,0.056861765516070584
original_sw_1985,1297,216,amorph,PW91,dft,-35213.95074263,-892.5639575671794,1 1 1,4396.139367981033,648,60.93690567801164,0.30665686799465225,2.4665984252579882,0.008846766846818972,0.0509668963567238
original_sw_1985,1298,216,amorph,PW91,dft,-35213.8242356,-893.1440383323023,1 1 1,4388.032454443725,648,70.36640237723091,0.32953016117702544,2.7062296818016107,0.032502915353572234,0.04769565656450414
original_sw_1985,1299,216,amorph,PW91,dft,-35213.69553857,-890.7368140105366,1 1 1,4382.519482106235,648,99.27296062632567,0.39140645537884394,2.9148519780938904,0.014771584082159107,0.058244394026377044
original_sw_1985,1300,216,amorph,PW91,dft,-35213.25946303,-890.6773445411873,1 1 1,4388.687378001581,648,99.79627599465162,0.3924367449120666,2.9062171993587866,0.02009966047176536,0.05650084740300976
original_sw_1985,1301,216,amorph,PW91,dft,-35213.59291859,-891.4656844813587,1 1 1,4386.427281197652,648,104.4208166902749,0.40142650091036625,3.115571778241385,0.008060283660342555,0.05439490119851431
original_sw_1985,1302,216,amorph,PW91,dft,-35213.20150794,-892.8381851061657,1 1 1,4384.434874549302,648,64.75303810107356,0.31611315685013097,2.297047930882854,0.007161352627165995,0.04622864529662607
original_sw_1985,1303,216,amorph,PW91,dft,-35214.20457494,-892.9485465468263,1 1 1,4380.30379194563,648,73.68560281168158,0.3372126184145948,3.218570367035673,0.008223910065124695,0.05036154140468163
original_sw_1985,1304,216,amorph,PW91,dft,-35213.9205316,-892.4673260965366,1 1 1,4381.865306735312,648,88.69542616149064,0.3699671034789733,3.1280609938022907,0.007037481958400662,0.051274398396777165
original_sw_1985,1305,216,amorph,PW91,dft,-35213.67237128,-892.3349702506412,1 1 1,4372.662561421619,648,89.51264102470093,0.3716675822624101,2.71164268081309,0.03984852363584867,0.05073826657220071
original_sw_1985,1306,216,amorph,PW91,dft,-35213.47685621,-891.4398369382567,1 1 1,4387.943967003498,648,111.7802011176362,0.4153315667833623,3.3038731311405005,0.008423645117637686,0.05397723991657788
original_sw_1985,1307,216,amorph,PW91,dft,-35213.03527649,-891.2554888872335,1 1 1,4380.742662663524,648,110.45483522352134,0.41286195347705623,3.403520268759369,0.006175757338473048,0.052786352560223015
original_sw_1985,1308,216,amorph,PW91,dft,-35212.0189038,-891.3063669858167,1 1 1,4374.052501879853,648,106.02386360521572,0.40449607348506994,2.78723632493949,0.030969811884287383,0.04784537668714517
original_sw_1985,1309,216,amorph,PW91,dft,-35213.42798871,-892.5468598230445,1 1 1,4376.882684572416,648,85.06147222425437,0.3623088517408528,2.7263337418246087,0.03077288270088167,0.04862589554254715
original_sw_1985,1310,216,amorph,PW91,dft,-35213.93816007,-892.3979364378836,1 1 1,4384.3898568198565,648,90.70438392567787,0.3741335338082825,3.0519354701485275,0.00783107024046593,0.05167726010348961
original_sw_1985,1311,216,amorph,PW91,dft,-35213.02708205,-891.2360094893663,1 1 1,4378.078746484656,648,111.88467669727615,0.41552561667492954,3.4031651052530068,0.009157652908367049,0.05283859773552457
original_sw_1985,1312,216,amorph,PW91,dft,-35213.73350438,-891.1487052265496,1 1 1,4381.4887180980095,648,98.91009607468955,0.3906904620697806,4.228206471992289,0.008522747140867227,0.05651325788743211
original_sw_1985,1313,216,amorph,PW91,dft,-35214.48882821,-893.1407533818875,1 1 1,4380.844744570204,648,75.80978541081679,0.34203860832454835,3.2417661833133544,0.007106810700541652,0.05078768230718911
original_sw_1985,1314,216,amorph,PW91,dft,-35214.07602426,-891.6410046886434,1 1 1,4392.397572450346,648,83.41763525371239,0.3587909120942279,3.3645055988757067,0.006627165648830353,0.05581983389626366
original_sw_1985,1315,216,amorph,PW91,dft,-35212.99849195,-889.4990840344358,1 1 1,4391.032718572285,648,114.7222838536394,0.4207618821881682,4.154932320243828,0.031770146985907584,0.06074755771204021
original_sw_1985,1316,216,amorph,PW91,dft,-35214.07225023,-890.7257834162406,1 1 1,4403.168201927146,648,97.64983791011672,0.3881935011121846,3.080670295233724,0.009157389067689384,0.06003949705552536
original_sw_1985,1317,216,amorph,PW91,dft,-35211.31350649,-889.0973631992186,1 1 1,4378.961467967021,648,148.0295271728065,0.4779546300153357,3.989552737223483,0.009808302070499911,0.05480651778248191
original_sw_1985,1318,216,amorph,PW91,dft,-35213.97123498,-891.2817135222384,1 1 1,4393.786512662264,648,88.24119525851091,0.3690185415950151,2.9744959964869353,0.006713242625081406,0.056998083370366714
original_sw_1985,1319,216,amorph,PW91,dft,-35213.88724104,-892.5551038529579,1 1 1,4397.227010079453,648,63.28810531084598,0.31251692623505095,2.692973471203783,0.017338993101968854,0.05071389693184347
original_sw_1985,1320,216,amorph,PW91,dft,-35213.95514774,-892.6000318327405,1 1 1,4396.146938428685,648,60.83212761733228,0.30639311374475137,2.475210744879208,0.008476684999470425,0.050820279895829046
original_sw_1985,1321,216,amorph,PW91,dft,-35214.08974729,-891.7477786892588,1 1 1,4394.886600788103,648,79.12330303028503,0.34943363132511607,3.165379787798804,0.011330210592389766,0.05538904236564779
original_sw_1985,1322,216,amorph,PW91,dft,-35213.93308179,-891.6255935538088,1 1 1,4395.898940243487,648,89.07265545932916,0.3707530197244079,3.4221017464014523,0.0061056344904411195,0.05522941104827073
original_sw_1985,1323,216,amorph,PW91,dft,-35213.67133108,-890.8683502751609,1 1 1,4396.22974314717,648,96.57743183764188,0.3860560149292167,3.8379939075889524,0.03497004833946041,0.05752335812535314
original_sw_1985,1324,216,amorph,PW91,dft,-35214.0486902,-891.9249926350176,1 1 1,4394.167581709645,648,73.49480484506662,0.33677575434036605,2.784512710421793,0.008025559045563565,0.05437852831119194
original_sw_1985,1325,216,amorph,PW91,dft,-35213.87387173,-892.4256115992712,1 1 1,4397.258260605588,648,63.763979329675095,0.313689659806076,2.756407508468858,0.04581425005920815,0.05125150315263127
original_sw_1985,1326,216,amorph,PW91,dft,-35213.61060098,-892.122748248969,1 1 1,4392.410232998577,648,63.46603686275711,0.3129559312613554,2.20561730302716,0.003698658478021056,0.05143480222808883
original_sw_1985,1327,216,amorph,PW91,dft,-35213.08894075,-892.9988415239302,1 1 1,4397.579793222626,648,49.472096111959935,0.276307486929456,2.50873515225571,0.015644218797694037,0.044963721186618955
original_sw_1985,1328,216,amorph,PW91,dft,-35213.94580755,-890.9827501283927,1 1 1,4393.947080703533,648,74.297511647465,0.3386098843462077,3.4787995993058436,0.008830366028513816,0.05826445357335963
original_sw_1985,1329,216,amorph,UNSPECIFIED,dft,-35208.760846,-887.81670852234,1 1 1,4423.3609412645965,648,163.52781039250942,0.5023521992459135,5.059538392698037,0.18963726729813019,
original_sw_1985,1330,216,amorph,UNSPECIFIED,dft,-35207.361395,-888.5476870323317,1 1 1,4411.031030146403,648,142.24523015687217,0.4685234722713977,4.367048209701801,0.1988735270301079,
original_sw_1985,1331,216,amorph,UNSPECIFIED,dft,-35204.301014,-882.2560036667776,1 1 1,4406.998635954716,648,237.03483338594503,0.6048094707971797,4.72818262713861,0.20175865177878394,
original_sw_1985,1332,216,amorph,UNSPECIFIED,dft,-35208.284946,-886.2475262085353,1 1 1,4424.988745490016,648,187.32913825245217,0.5376692071483289,4.787358050684448,0.19447699256080095,
original_sw_1985,1333,216,amorph,UNSPECIFIED,dft,-35208.061878,-886.5517869769992,1 1 1,4432.98503687492,648,114.8895334078326,0.4210684774076639,4.446900477624206,0.20024789023718687,
original_sw_1985,1334,216,amorph,UNSPECIFIED,dft,-35208.170218,-886.9832171313492,1 1 1,4434.493565415644,648,71.92643915101951,0.3331630100753046,2.461199266439049,0.1933801716738429,
original_sw_1985,1335,216,amorph,UNSPECIFIED,dft,-35208.735719,-887.8885331456456,1 1 1,4435.715389176123,648,72.50852644136036,0.33450840667747317,2.58466227128092,0.19617560259313027,
original_sw_1985,1336,216,amorph,UNSPECIFIED,dft,-35207.729724,-887.7381018778382,1 1 1,4418.6280866695615,648,83.12590856222138,0.3581629839749605,2.693075142393711,0.19818570680342423,
original_sw_1985,1337,216,amorph,UNSPECIFIED,dft,-35207.937628,-887.8137850471996,1 1 1,4411.136307158164,648,90.79408273685294,0.3743184809907104,2.710138051593229,0.19832097682563504,
original_sw_1985,1338,216,amorph,UNSPECIFIED,dft,-35207.931087,-886.892033549959,1 1 1,4404.092572995741,648,119.15901060733275,0.42882089740164603,3.7101583310500414,0.20149493963639403,
original_sw_1985,1339,216,amorph,UNSPECIFIED,dft,-35208.019043,-888.4177159109128,1 1 1,4414.220431405106,648,114.62119570186957,0.4205764630460402,3.4911866909687586,0.1995893883025694,
original_sw_1985,1340,216,amorph,UNSPECIFIED,dft,-35207.029433,-887.487217387117,1 1 1,4416.418838383543,648,112.27642660343588,0.4162524359537143,3.4557629569912995,0.20518715261813308,
original_sw_1985,1341,216,amorph,UNSPECIFIED,dft,-35204.594725,-885.5012142875939,1 1 1,4402.029080164509,648,159.24814299960724,0.4957351178786503,3.864655575140473,0.21422436641280826,
original_sw_1985,1342,216,amorph,UNSPECIFIED,dft,-35204.576928,-885.125953090354,1 1 1,4400.492732220389,648,139.32116655533704,0.46368286601913344,3.0379224282201513,0.21260078599286492,
original_sw_1985,1343,216,amorph,UNSPECIFIED,dft,-35204.280442,-885.2615080307014,1 1 1,4403.816736089087,648,143.47427679887198,0.47054321904147506,3.0012201340308815,0.2008518548828378,
original_sw_1985,1344,216,amorph,UNSPECIFIED,dft,-35208.096048,-887.8020040974793,1 1 1,4427.413847160403,648,107.35092320617267,0.4070196616231178,2.5820194902969114,0.20164140634803246,
original_sw_1985,1345,216,amorph,UNSPECIFIED,dft,-35204.742205,-883.0082335996494,1 1 1,4399.500909606059,648,238.59125398497653,0.6067918750333142,5.095361386659079,0.20489893011442747,
original_sw_1985,1346,216,amorph,UNSPECIFIED,dft,-35203.503134,-881.7061638939424,1 1 1,4394.7533160694575,648,195.72310968329126,0.5495833293787258,4.500504001538842,0.21579499350556744,
original_sw_1985,1347,216,amorph,UNSPECIFIED,dft,-35206.389711,-884.7461804926419,1 1 1,4418.244024987839,648,136.40005109082014,0.45879614863722656,4.0667210617180025,0.2090903613860214,
original_sw_1985,1348,216,amorph,UNSPECIFIED,dft,-35202.495799,-883.0495669518714,1 1 1,4384.480532940353,648,164.26146423125624,0.5034778187141156,3.833866394210649,0.21369171654670896,
original_sw_1985,1349,216,amorph,UNSPECIFIED,dft,-35204.279828,-883.8251057849706,1 1 1,4394.556238232581,648,156.05520400256648,0.4907401879841573,3.759887108942238,0.2139282241427637,
original_sw_1985,1350,216,amorph,UNSPECIFIED,dft,-35204.456148,-883.3769505638005,1 1 1,4393.624815254957,648,157.25708000976672,0.4926263076891223,3.964076425845808,0.20986279907843847,
original_sw_1985,1351,216,amorph,UNSPECIFIED,dft,-35206.672463,-887.1813593503663,1 1 1,4410.49557703676,648,94.33017478343274,0.38153801564436624,2.828114101846183,0.19619443981271723,
original_sw_1985,1352,216,amorph,UNSPECIFIED,dft,-35205.097148,-885.5212823918316,1 1 1,4399.4986730519495,648,126.50264824790254,0.4418372281565178,4.701497147649058,0.20781520919778645,
original_sw_1985,1353,216,amorph,UNSPECIFIED,dft,-35205.272837,-885.1903521742889,1 1 1,4398.226529839007,648,121.73822244212307,0.43343699337446795,3.463047479709298,0.20119827878554386,
original_sw_1985,1354,216,amorph,UNSPECIFIED,dft,-35205.154593,-884.9816234222751,1 1 1,4423.17560521532,648,109.19948842039192,0.410509109574702,3.491079305385569,0.19823334047356575,
original_sw_1985,1355,216,amorph,UNSPECIFIED,dft,-35203.975563,-880.3703696285696,1 1 1,4398.57495201019,648,237.76075868058376,0.6057348851191283,5.863017462262362,0.21035568297792934,
original_sw_1985,1356,216,amorph,UNSPECIFIED,dft,-35203.988345,-882.2954762898959,1 1 1,4400.138628805824,648,163.52971922645153,0.5023551311757432,4.146681585810665,0.22309487428191668,
original_sw_1985,1357,216,amorph,UNSPECIFIED,dft,-35204.376453,-881.8665088375126,1 1 1,4397.216313563154,648,204.0304647908329,0.5611255014530305,5.137774509012531,0.20836178466910343,
original_sw_1985,1358,216,amorph,UNSPECIFIED,dft,-35207.253184,-886.0048685688373,1 1 1,4409.388797868186,648,136.08957960456308,0.4582736991584561,5.3061876433162904,0.19346542794802155,
original_sw_1985,1359,216,amorph,UNSPECIFIED,dft,-35206.924684,-885.1588038071773,1 1 1,4413.898545419547,648,163.3612647041181,0.502096322567677,4.182368353388485,0.21113081199815437,
original_sw_1985,1360,216,amorph,UNSPECIFIED,dft,-35205.489633,-884.0812057759065,1 1 1,4415.4812128928,648,165.18861036240364,0.5048967171647181,4.228793452763984,0.2089383855214023,
original_sw_1985,1361,216,amorph,UNSPECIFIED,dft,-35211.951781,-892.0577825463631,1 1 1,4396.139367981033,648,43.65308601566629,0.2595493661733091,1.8995377834348968,0.19048830657056998,
original_sw_1985,1362,216,amorph,UNSPECIFIED,dft,-35211.635785,-892.0332950087108,1 1 1,4388.032454443725,648,49.28880323394274,0.27579515578344616,2.1763184463445056,0.18772396940877428,
original_sw_1985,1363,216,amorph,UNSPECIFIED,dft,-35211.151803,-891.0116100607439,1 1 1,4382.519482106235,648,73.69884212318979,0.33724291105122617,2.430932080242804,0.1960492481397008,
original_sw_1985,1364,216,amorph,UNSPECIFIED,dft,-35210.763198,-889.9270361787312,1 1 1,4388.687378001581,648,89.46114015005068,0.371560647871077,3.157169987115162,0.19450932300325655,
original_sw_1985,1365,216,amorph,UNSPECIFIED,dft,-35211.451139,-891.199694503278,1 1 1,4386.427281197652,648,86.8847749453293,0.36617132986740814,2.5369508602786404,0.192352864292136,
original_sw_1985,1366,216,amorph,UNSPECIFIED,dft,-35211.133728,-892.0614810038086,1 1 1,4384.434874549302,648,52.16071082715732,0.2837162739709929,2.0224245111338903,0.19084884375104585,
original_sw_1985,1367,216,amorph,UNSPECIFIED,dft,-35210.321236,-890.613677259445,1 1 1,4380.30379194563,648,67.12191183891966,0.32184343597824616,2.345756983874073,0.19244026426769362,
original_sw_1985,1368,216,amorph,UNSPECIFIED,dft,-35211.778742,-891.9716668277292,1 1 1,4381.865306735312,648,79.59838409283657,0.35048111573798857,2.656586924690152,0.19412226321077672,
original_sw_1985,1369,216,amorph,UNSPECIFIED,dft,-35209.959986,-889.7685198736978,1 1 1,4372.662561421619,648,107.8307915414314,0.4079283546190543,3.485528577186612,0.19643507884521524,
original_sw_1985,1370,216,amorph,UNSPECIFIED,dft,-35210.164649,-890.4323838980886,1 1 1,4387.943967003498,648,93.53371646957027,0.37992388059403837,3.115570484692851,0.19350357468904358,
original_sw_1985,1371,216,amorph,UNSPECIFIED,dft,-35209.270962,-889.187814996629,1 1 1,4380.742662663524,648,135.82133016942694,0.4578218192295949,4.035784460937718,0.20249803319270432,
original_sw_1985,1372,216,amorph,UNSPECIFIED,dft,-35208.914311,-889.2835693189286,1 1 1,4374.052501879853,648,143.78254539584114,0.4710484519976522,4.034897643146572,0.2037395250329404,
original_sw_1985,1373,216,amorph,UNSPECIFIED,dft,-35210.597867,-891.2476651040374,1 1 1,4376.882684572416,648,88.90698308175996,0.3704080646873554,3.0727083066228853,0.19629585943343247,
original_sw_1985,1374,216,amorph,UNSPECIFIED,dft,-35211.319252,-890.9490065652444,1 1 1,4384.3898568198565,648,81.1296075665478,0.3538361367593357,2.784193116070036,0.19011487102952804,
original_sw_1985,1375,216,amorph,UNSPECIFIED,dft,-35210.11406,-889.5551429653333,1 1 1,4378.078746484656,648,146.52311568571503,0.47551647633712835,4.208822364320372,0.20336132222287148,
original_sw_1985,1376,216,amorph,UNSPECIFIED,dft,-35211.447462,-890.8522791081772,1 1 1,4381.4887180980095,648,82.16675381903156,0.3560906429787562,3.7547928926911953,0.20024515258540124,
original_sw_1985,1377,216,amorph,UNSPECIFIED,dft,-35212.256123,-892.1854105826617,1 1 1,4380.844744570204,648,80.80465559447627,0.35312680807900765,3.196035796783479,0.19433668537981597,
original_sw_1985,1378,216,amorph,UNSPECIFIED,dft,-35212.18546,-891.4952416516546,1 1 1,4392.397572450346,648,77.15378073361218,0.34505720748994584,2.9246260622921714,0.18360306374321497,
original_sw_1985,1379,216,amorph,UNSPECIFIED,dft,-35210.527608,-888.7387802176357,1 1 1,4391.032718572285,648,100.87606346693912,0.3945540995211938,3.069704120639776,0.18790064593324216,
original_sw_1985,1380,216,amorph,UNSPECIFIED,dft,-35212.050018,-890.42057030515,1 1 1,4403.168201927146,648,83.06323235967814,0.3580279326464052,3.127380445672658,0.18527120482510412,
original_sw_1985,1381,216,amorph,UNSPECIFIED,dft,-35208.873412,-888.8313637938357,1 1 1,4378.961467967021,648,111.48341206695584,0.41477982421094534,3.6712770536938244,0.19101268550563355,
original_sw_1985,1382,216,amorph,UNSPECIFIED,dft,-35211.849491,-890.9938479132894,1 1 1,4393.786512662264,648,72.9688114799491,0.335568458820964,2.3206830089775474,0.18771301402804716,
original_sw_1985,1383,216,amorph,UNSPECIFIED,dft,-35211.839494,-891.2244749096777,1 1 1,4397.227010079453,648,49.49444226517348,0.27636988283388153,2.16480404417959,0.18432156543752415,
original_sw_1985,1384,216,amorph,UNSPECIFIED,dft,-35211.951824,-892.0578016025623,1 1 1,4396.146938428685,648,43.65125538914667,0.2595439239127766,1.8991512604445773,0.19048736520063542,
original_sw_1985,1385,216,amorph,UNSPECIFIED,dft,-35211.734042,-891.2506590222034,1 1 1,4394.886600788103,648,62.31845750473759,0.31011362290658784,2.853889503188238,0.18329494672706886,
original_sw_1985,1386,216,amorph,UNSPECIFIED,dft,-35211.993204,-891.3620103623983,1 1 1,4395.898940243487,648,71.46660112428653,0.3320963184047258,2.6628186992100744,0.18606493440662253,
original_sw_1985,1387,216,amorph,UNSPECIFIED,dft,-35211.457656,-890.1393238323618,1 1 1,4396.22974314717,648,74.05390523104414,0.3380543121291935,3.3049714174575895,0.18580029673792567,
original_sw_1985,1388,216,amorph,UNSPECIFIED,dft,-35212.033336,-891.5618899123868,1 1 1,4394.167581709645,648,57.37476783036119,0.29755891581363686,2.315643957176347,0.18642255562024002,
original_sw_1985,1389,216,amorph,UNSPECIFIED,dft,-35211.839796,-891.2245641182003,1 1 1,4397.258260605588,648,49.49573628606939,0.2763734956240204,2.1649576462141056,0.18431572075710165,
original_sw_1985,1390,216,amorph,UNSPECIFIED,dft,-35211.184041,-891.8372474993814,1 1 1,4392.410232998577,648,52.74132644914969,0.28529096704648294,1.8161155220615794,0.1913503863476665,
original_sw_1985,1391,216,amorph,UNSPECIFIED,dft,-35210.713074,-891.1805826824336,1 1 1,4397.579793222626,648,47.90471634159699,0.2718952581259066,1.7516422281100026,0.19256765460000844,
original_sw_1985,1392,216,amorph,UNSPECIFIED,dft,-35211.596194,-890.7997385912944,1 1 1,4393.947080703533,648,58.70128047548226,0.300979062054983,2.439499495328605,0.18824219855131338,
original_sw_1985,1393,144,surface_001,UNSPECIFIED,dft,-23426.173049,-546.3237613268777,1 1 1,5587.04154151112,432,0.6458055912275382,0.03866419985029751,0.08748991074376222,0.03687502684242589,
original_sw_1985,1394,144,surface_001,UNSPECIFIED,dft,-23423.197422,-535.2255650523335,1 1 1,5587.04154151112,432,79.46491419078274,0.42888991667654286,1.4058566382191384,0.5650128920876333,
original_sw_1985,1395,144,surface_001,UNSPECIFIED,dft,-23433.156867,-543.0475584249057,1 1 1,5587.04154151112,432,178.9987563497509,0.6436994430880228,3.790847970238008,0.6560785224123964,
original_sw_1985,1396,144,surface_001,UNSPECIFIED,dft,-23434.652378,-534.5083990727314,1 1 1,5587.04154151112,432,323.9745592705928,0.8659914026263013,4.487155459741499,0.7007225041017519,
original_sw_1985,1397,144,surface_001,UNSPECIFIED,dft,-23436.178063,-537.3569810105005,1 1 1,5587.04154151112,432,340.8185725881293,0.8882183746078663,6.057147059500066,0.7017693129385011,
original_sw_1985,1398,144,surface_001,UNSPECIFIED,dft,-23437.140847,-542.5638809560496,1 1 1,5587.04154151112,432,292.79379968240994,0.823263885513487,3.89879331269664,0.7491443779722662,
original_sw_1985,1399,144,surface_001,UNSPECIFIED,dft,-23437.603362,-542.5345428838496,1 1 1,5587.04154151112,432,279.50312606060953,0.8043618445650885,3.518703223400944,0.700140256904921,
original_sw_1985,1400,144,surface_001,UNSPECIFIED,dft,-23437.563681,-542.2162755620951,1 1 1,5587.04154151112,432,260.7060970988164,0.7768438297861995,4.165962171784948,0.6893906144427213,
original_sw_1985,1401,144,surface_001,UNSPECIFIED,dft,-23438.459522,-541.1079158913324,1 1 1,5587.04154151112,432,275.9972598760303,0.7993012861301609,3.8604783548788575,0.7101919663014178,
original_sw_1985,1402,144,surface_001,UNSPECIFIED,dft,-23438.992177,-540.8004400582813,1 1 1,5587.04154151112,432,303.1853636981742,0.8377457678338647,4.562418933609319,0.7487082773863609,
original_sw_1985,1403,144,surface_001,UNSPECIFIED,dft,-23441.587972,-545.9785241117669,1 1 1,5587.04154151112,432,243.3110336063864,0.7504798366378463,4.148204865365757,0.7003863913499423,
original_sw_1985,1404,144,surface_001,UNSPECIFIED,dft,-23442.527677,-544.1864217560029,1 1 1,5587.04154151112,432,273.44904205436046,0.7956028491932096,4.374429006626164,0.662299369003305,
original_sw_1985,1405,144,surface_001,UNSPECIFIED,dft,-23441.28194,-543.6806098038431,1 1 1,5587.04154151112,432,315.7369292586553,0.8549108265965946,4.340239447607978,0.727822123201651,
original_sw_1985,1406,144,surface_001,UNSPECIFIED,dft,-23442.938333,-551.0300626141695,1 1 1,5587.04154151112,432,184.21932427392383,0.6530188519518049,3.8686867926139072,0.6797667595254913,
original_sw_1985,1407,144,surface_001,UNSPECIFIED,dft,-23442.834842,-546.6080611489667,1 1 1,5587.04154151112,432,263.2505794645974,0.7806256089529954,4.367510818307556,0.6373655202119838,
original_sw_1985,1408,144,surface_001,UNSPECIFIED,dft,-23443.429529,-548.3810403439124,1 1 1,5587.04154151112,432,242.4254735042457,0.7491128603595885,3.4235034157207505,0.6603838028593184,
original_sw_1985,1409,144,surface_001,UNSPECIFIED,dft,-23442.472915,-546.1027313535307,1 1 1,5587.04154151112,432,275.8176070839562,0.7990411022373715,3.93025655059884,0.6869721157634959,
original_sw_1985,1410,144,surface_001,UNSPECIFIED,dft,-23442.964798,-544.557004797546,1 1 1,5587.04154151112,432,349.44600183965247,0.8993902278967859,3.886291810494615,0.6569587597781961,
original_sw_1985,1411,144,surface_001,UNSPECIFIED,dft,-23442.628675,-547.1320821457894,1 1 1,5587.04154151112,432,246.95490963935316,0.7560786225151644,3.8641725017935054,0.6479214443843139,
original_sw_1985,1412,144,surface_001,PW91,dft,-23423.206131,-514.4387086383692,1 1 1,5587.041468075078,432,703.9599711771102,1.2765331841818233,6.819757445181152,0.9392002499426633,0.24432036154019166
original_sw_1985,1413,144,surface_001,PW91,dft,-23426.074739,-521.7620329631503,1 1 1,5587.041468075078,432,566.7127872689964,1.1453537251501256,6.8752153266821985,0.8370931612272194,0.21338483150699128
original_sw_1985,1414,144,surface_001,PW91,dft,-23426.359267,-524.3908614788203,1 1 1,5587.041468075078,432,445.81718809767017,1.0158662469575264,5.873885942802565,0.9106340397475765,0.1971049668148428
original_sw_1985,1415,144,surface_001,PW91,dft,-23422.155095,-519.5190838948755,1 1 1,5587.041468075078,432,483.9411766671042,1.0584111702206882,4.966938647044617,0.955329765842834,0.2017411167033436
original_sw_1985,1416,144,surface_001,PW91,dft,-23421.76211,-507.24580570594856,1 1 1,5587.041468075078,432,830.0572906077497,1.386156164883259,6.393218754466095,0.9360562580239927,0.2842431527375777
original_sw_1985,1417,144,surface_001,PW91,dft,-23428.232995,-531.2025545468875,1 1 1,5587.041468075078,432,346.8884768997382,0.8960929557897778,4.190258331849265,0.9521155826170835,0.16281354273104576
original_sw_1985,1418,144,surface_001,PW91,dft,-23421.641218,-505.30833681574615,1 1 1,5587.041468075078,432,991.7077294131519,1.5151302729507867,7.784930180526805,1.0190366171245961,0.2968582700306568
original_sw_1985,1419,144,surface_001,PW91,dft,-23426.081852,-526.8930771860827,1 1 1,5587.041468075078,432,386.25109921685714,0.9455684886382836,4.8399863380258425,0.8049240823850857,0.17780197579219337
original_sw_1985,1420,144,surface_001,PW91,dft,-23428.141524,-526.6570553774533,1 1 1,5587.041468075078,432,450.1341456113814,1.0207728390367932,5.487323390705276,0.9086949168217235,0.19374429390766812
original_sw_1985,1421,144,surface_001,PW91,dft,-23427.336657,-524.2354307953077,1 1 1,5587.041468075078,432,508.4009031963867,1.0848289923228585,5.534335029651027,0.9078911398108206,0.20497177711701964
original_sw_1985,1422,108,surface_110,UNSPECIFIED,dft,-17579.891185,-429.2543836241397,1 1 1,5020.745965666801,324,11.97091597077533,0.1922167305796732,0.4809919136961449,0.21165389089105116,
original_sw_1985,1423,108,surface_110,UNSPECIFIED,dft,-17577.076337,-416.3767110978746,1 1 1,5020.745965666801,324,125.42915058790408,0.6221953133762407,1.8840421965669065,0.5874327773453669,
original_sw_1985,1424,108,surface_110,UNSPECIFIED,dft,-17577.740722,-409.33738836608075,1 1 1,5020.745965666801,324,123.94801504528556,0.6185107937551471,2.7734541421651224,0.6515555346945103,
original_sw_1985,1425,108,surface_110,UNSPECIFIED,dft,-17577.23383,-403.26534436031613,1 1 1,5020.745965666801,324,204.75611828560088,0.7949612116587689,5.455018799334625,0.6875245998963632,
original_sw_1985,1426,108,surface_110,UNSPECIFIED,dft,-17578.833991,-403.81484048742334,1 1 1,5020.745965666801,324,180.22496973514404,0.745821631886573,4.315362834700195,0.6637813455203472,
original_sw_1985,1427,108,surface_110,UNSPECIFIED,dft,-17579.657221,-407.1102558608236,1 1 1,5020.745965666801,324,122.52605019301788,0.6149526986552613,2.9264838322008364,0.7107699582225803,
original_sw_1985,1428,108,surface_110,UNSPECIFIED,dft,-17580.027866,-407.5738627690947,1 1 1,5020.745965666801,324,120.53615495969852,0.6099386605460414,2.840243204045226,0.6270428244553364,
original_sw_1985,1429,108,surface_110,UNSPECIFIED,dft,-17580.349873,-406.52085209249685,1 1 1,5020.745965666801,324,143.52582333682386,0.6655681304154858,3.8190062159345257,0.6119697494437607,
original_sw_1985,1430,108,surface_110,UNSPECIFIED,dft,-17580.404707,-408.63364632706464,1 1 1,5020.745965666801,324,90.44160051390108,0.5283377161691707,2.2291992040947086,0.6320190782318791,
original_sw_1985,1431,108,surface_110,UNSPECIFIED,dft,-17579.647987,-405.6861204418941,1 1 1,5020.745965666801,324,147.27183989551452,0.6741978312979778,3.3098809435296466,0.6939163142849893,
original_sw_1985,1432,108,surface_110,UNSPECIFIED,dft,-17580.160945,-405.42494270775285,1 1 1,5020.745965666801,324,148.60193838995156,0.6772355262341733,3.7240503940299194,0.6222349050329449,
original_sw_1985,1433,108,surface_110,UNSPECIFIED,dft,-17579.643882,-404.24084564732925,1 1 1,5020.745965666801,324,139.51912192362818,0.6562122932697608,3.1309320934816554,0.6730251024552327,
original_sw_1985,1434,108,surface_110,UNSPECIFIED,dft,-17580.953868,-408.1288192266073,1 1 1,5020.745965666801,324,131.89464105109363,0.6380299565587327,2.8569180663011866,0.6314418211680801,
original_sw_1985,1435,108,surface_110,UNSPECIFIED,dft,-17580.348701,-407.6669308351032,1 1 1,5020.745965666801,324,91.82448094137956,0.5323616175067295,2.3966884667164208,0.6949753660680054,
original_sw_1985,1436,108,surface_110,PW91,dft,-17564.633638,-380.97081340733763,1 1 1,5020.745924145242,324,584.7981822341345,1.3434778231204505,7.456627293057809,1.0077461161163217,0.26364682284982477
original_sw_1985,1437,108,surface_110,PW91,dft,-17565.792714,-382.3983651640172,1 1 1,5020.745924145242,324,652.2947645995861,1.4188923307619288,7.040591118956902,0.8830568836635009,0.26116093621390846
original_sw_1985,1438,108,surface_110,PW91,dft,-17566.747403,-387.9476758557735,1 1 1,5020.745924145242,324,472.6047576055023,1.2077485910884938,9.284497072528161,0.8227261162202173,0.21861814277173863
original_sw_1985,1439,108,surface_110,PW91,dft,-17562.279688,-377.02536759621876,1 1 1,5020.745924145242,324,733.7117576725931,1.504839679817238,7.881245422611441,0.8831498493584844,0.27838289517497605
original_sw_1985,1440,108,surface_110,PW91,dft,-17563.505577,-380.9815840109475,1 1 1,5020.745924145242,324,528.4268616219349,1.277085394079583,6.478253063852326,0.8750865817050602,0.25310208577936555
original_sw_1985,1441,108,surface_110,PW91,dft,-17563.147335,-373.7672691443679,1 1 1,5020.745924145242,324,716.9836765203182,1.4875861594720603,6.60856419620268,0.9237698908563636,0.3165842419513982
original_sw_1985,1442,108,surface_110,PW91,dft,-17563.034357,-377.05186153630547,1 1 1,5020.745924145242,324,738.2976185149928,1.5095351448182106,6.127071326660358,0.8442213567542579,0.28512525684086976
original_sw_1985,1443,108,surface_110,PW91,dft,-17561.448983,-372.0453399112859,1 1 1,5020.745924145242,324,728.0265178102514,1.4989981405393011,6.083909528224635,0.9467082080225911,0.3168025496651059
original_sw_1985,1444,108,surface_110,PW91,dft,-17567.781689,-389.3707056596187,1 1 1,5020.745924145242,324,297.6999753503824,0.958554685145694,4.551872425425298,0.9787290651615365,0.21501866310647566
original_sw_1985,1445,108,surface_110,PW91,dft,-17566.855194,-387.95104922831393,1 1 1,5020.745924145242,324,464.43187601416616,1.197260087070936,6.201127924198842,0.9539602830122513,0.21958497265558918
original_sw_1985,1446,108,surface_110,PW91,dft,-17564.805759,-380.8157513405051,1 1 1,5020.745924145242,324,606.2041628417412,1.3678452041799052,6.368271799923594,0.9379842433478439,0.2666762956908477
original_sw_1985,1447,108,surface_110,PW91,dft,-17562.110714,-365.9944911962566,1 1 1,5020.745924145242,324,1250.7347430659229,1.9647626871635497,12.505637928031351,0.9453277967773277,0.3789560655450175
original_sw_1985,1448,96,surface_111,PW91,dft,-15608.12922,-333.73040023677265,1 1 1,4100.609558165113,288,604.3861163242775,1.4486417444985291,8.42636989269714,0.8564685519026743,0.26397874545139155
original_sw_1985,1449,96,surface_111,PW91,dft,-15609.040608,-340.298425806783,1 1 1,4100.609558165113,288,335.5878832940381,1.0794608403652615,6.00941210359381,0.96388313871962,0.20505543743042676
original_sw_1985,1450,96,surface_111,PW91,dft,-15611.310432,-338.6643948504679,1 1 1,4100.609558165113,288,393.2130266363645,1.1684703715345304,6.678248868329448,1.0309411727111166,0.24572059322539408
original_sw_1985,1451,96,surface_111,PW91,dft,-15615.470714,-344.60104817843416,1 1 1,4100.609558165113,288,334.6265111751047,1.0779135439574417,5.859476074221747,0.8193020456616394,0.22721672522573444
original_sw_1985,1452,96,surface_111,PW91,dft,-15610.391604,-339.1476982730773,1 1 1,4100.609558165113,288,329.60568491055574,1.0697963281471887,6.782475153814851,0.893349812149979,0.23111505757320483
original_sw_1985,1453,96,surface_111,PW91,dft,-15608.782891,-335.6068912332402,1 1 1,4100.609558165113,288,495.7601842947796,1.312017350800407,7.0059134917006025,0.9117012234170844,0.2512410371548546
original_sw_1985,1454,96,surface_111,PW91,dft,-15604.493457,-327.68699756913946,1 1 1,4100.609558165113,288,508.1726705136201,1.328340483190738,5.562463726536494,0.9590584675001209,0.28905832532256825
original_sw_1985,1455,96,surface_111,PW91,dft,-15608.82782,-338.5115204000828,1 1 1,4100.609558165113,288,254.34916407270856,0.9397642362299732,5.1289525379313545,0.8380371211999071,0.22145249375023157
original_sw_1985,1456,96,surface_111,PW91,dft,-15604.967183,-328.6984183608983,1 1 1,4100.609558165113,288,534.4966462549514,1.3623109530608981,5.7094109118494005,0.8251841465512074,0.28345733790842464
original_sw_1985,1457,96,surface_111,PW91,dft,-15599.054592,-318.5552905075634,1 1 1,4100.609558165113,288,737.1215651234199,1.599828077919863,7.265880405745389,0.8848896232748544,0.3275254301306414
original_sw_1985,1458,96,surface_111,PW91,dft,-15610.040349,-337.1208872966015,1 1 1,4100.609558165113,288,475.85772440067103,1.285411904908348,7.437736283815748,0.8620836700861273,0.24856876566149877
original_sw_1985,1459,96,surface_111,PW91,dft,-15610.754411,-342.09870047305753,1 1 1,4100.609558165113,288,282.88113540787793,0.9910732387723358,5.579020000906973,0.8573112412909037,0.20415469090674865
original_sw_1985,1460,96,surface_111,PW91,dft,-15606.773749,-339.614849616837,1 1 1,4100.609558165113,288,257.1610630358506,0.9449446321152208,5.706076390939246,0.8545188991658389,0.18856290815903742
original_sw_1985,1461,96,surface_111,PW91,dft,-15605.589377,-327.9648030827378,1 1 1,4100.609558165113,288,619.2000113403462,1.4662878432886914,5.490640156185738,0.8502651421885019,0.297580351222583
original_sw_1985,1462,96,surface_111,PW91,dft,-15611.246705,-337.29376315603133,1 1 1,4100.609558165113,288,559.9012263196771,1.3943103959580365,8.176456635058882,0.8219846028230242,0.25933418379244433
original_sw_1985,1463,96,surface_111,PW91,dft,-15610.822493,-338.3380643716025,1 1 1,4100.609558165113,288,488.86104292017006,1.3028561612112621,7.042580098323438,0.8887055437646687,0.2440371711302456
original_sw_1985,1464,96,surface_111,PW91,dft,-15607.080725,-329.715588162953,1 1 1,4100.609558165113,288,596.900961167533,1.4396432828418682,7.920463499178064,0.9814897876469262,0.2948778816369937
original_sw_1985,1465,96,surface_111,PW91,dft,-15606.932127,-337.0114731312053,1 1 1,4100.609558165113,288,356.30640005018176,1.112283686913659,4.6720324530396855,0.9027062983387325,0.21733118405105367
original_sw_1985,1466,96,surface_111,PW91,dft,-15608.563744,-334.0522353318876,1 1 1,4100.609558165113,288,438.5206425922638,1.23395345135545,6.938002198559975,0.9917625117234818,0.2651525882105945
original_sw_1985,1467,96,surface_111,PW91,dft,-15613.801497,-345.9394545900078,1 1 1,4100.609558165113,288,253.53784271135112,0.9382642120621653,4.591860309767208,0.8462478400204257,0.19588731468852183
original_sw_1985,1468,96,surface_111,PW91,dft,-15612.535424,-342.3774898957984,1 1 1,4100.609558165113,288,306.75827009549505,1.0320527516924822,6.226385637308906,0.8498797733482824,0.21980285316985304
original_sw_1985,1469,96,surface_111,PW91,dft,-15606.879667,-334.1934637099533,1 1 1,4100.609558165113,288,446.6123123373711,1.245285989488307,6.042586160716274,0.9047672235398527,0.24613899052240162
original_sw_1985,1470,96,surface_111,PW91,dft,-15608.796528,-335.4964517242941,1 1 1,4100.609558165113,288,531.0742259405197,1.3579424615793327,7.168617651357413,0.8788339840444601,0.25253350078971026
original_sw_1985,1471,96,surface_111,PW91,dft,-15605.26086,-332.7826293920916,1 1 1,4100.609558165113,288,400.2215625180956,1.178837649206977,5.847435647575069,0.8206108589741665,0.24397260841682433
original_sw_1985,1472,96,surface_111,PW91,dft,-15607.011938,-339.3379889245482,1 1 1,4100.609558165113,288,339.4326900872386,1.0856268831737625,4.994278848114305,0.919691759956155,0.193928009120385
original_sw_1985,1473,96,surface_111,PW91,dft,-15614.892903,-347.3293030333972,1 1 1,4100.609558165113,288,190.79492132546176,0.8139301970767573,4.520089179539336,0.9005206007281366,0.19277853923654442
original_sw_1985,1474,96,surface_111,PW91,dft,-15609.600844,-336.50695471427224,1 1 1,4100.609558165113,288,386.3861006860814,1.1582825238947556,7.141637802606636,0.8366884612410752,0.2503857196441115
original_sw_1985,1475,96,surface_111,PW91,dft,-15595.928133,-314.2284237660085,1 1 1,4100.609558165113,288,738.0767144654678,1.6008642571035694,6.093033610770289,0.7160955289289853,0.340029677438495
original_sw_1985,1476,96,surface_111,PW91,dft,-15626.867404,-369.5904384897679,1 1 1,4100.610542463511,288,90.5610606400604,0.5607567451421623,1.7541858454563541,0.3426826430198695,0.08562609698268897
original_sw_1985,1477,96,surface_111,PW91,dft,-15627.505607,-369.9772914787506,1 1 1,4100.610542463511,288,65.05180860716541,0.47526238588967523,1.4806074028859604,0.333284416370592,0.08824432626411438
original_sw_1985,1478,96,surface_111,PW91,dft,-15627.853123,-369.5857956101594,1 1 1,4100.610542463511,288,60.121011815517726,0.4568955167741586,1.4752811777450723,0.3629130143171555,0.09594236656193766
original_sw_1985,1479,96,surface_111,PW91,dft,-15628.473963,-368.58815006903285,1 1 1,4100.610542463511,288,59.778417806687415,0.45559186858158984,1.3566316960277676,0.3286494205483042,0.11280159094868702
original_sw_1985,1480,96,surface_111,PW91,dft,-15628.791093,-367.0858792640839,1 1 1,4100.610542463511,288,60.56997004344686,0.45859829478988523,2.0528594318527573,0.3437664123955676,0.13175368266689924
original_sw_1985,1481,96,surface_111,PW91,dft,-15629.385745,-366.55125435072785,1 1 1,4100.610542463511,288,85.77122936064033,0.545725909787445,2.9082139820552784,0.29703562309978543,0.14351698384767042
original_sw_1985,1482,96,surface_111,PW91,dft,-15629.541068,-365.6275209943157,1 1 1,4100.610542463511,288,140.6456818976975,0.6988226256674743,3.81421485725214,0.30366460223296615,0.15475715422698189
original_sw_1985,1483,96,surface_111,PW91,dft,-15629.637192,-364.5725095641712,1 1 1,4100.610542463511,288,185.59027187732954,0.8027519331902774,4.010979617055952,0.30204997002945005,0.16674814829097473
original_sw_1985,1484,96,surface_111,PW91,dft,-15629.786964,-364.3579771307924,1 1 1,4100.610542463511,288,187.41577068493575,0.8066902774715573,3.628696317128847,0.3003259004982245,0.17054298613869623
original_sw_1985,1485,96,surface_111,PW91,dft,-15630.029887,-364.26885376376197,1 1 1,4100.610542463511,288,183.02693250455383,0.7971889251033776,3.694966580673914,0.2837958463904506,0.17400180246191832
original_sw_1985,1486,96,surface_111,PW91,dft,-15630.266244,-364.34165913191794,1 1 1,4100.610542463511,288,172.19097355937055,0.7732304474468951,3.4780024557616125,0.2731944683552919,0.1757054652936243
original_sw_1985,1487,96,surface_111,PW91,dft,-15630.358233,-364.78863453692134,1 1 1,4100.610542463511,288,146.46442120865856,0.713131837801132,3.254332950886869,0.30036289377104136,0.17200769024152018
original_sw_1985,1488,96,surface_111,PW91,dft,-15630.995749,-363.64334379235135,1 1 1,4100.610542463511,288,169.21134876064994,0.7665111906677706,3.361126501987385,0.2867070372966396,0.19057859383077913
original_sw_1985,1489,96,surface_111,PW91,dft,-15631.266907,-363.20988809262303,1 1 1,4100.610542463511,288,178.16191806631642,0.7865225814072974,3.595721064662279,0.2917851504752208,0.19791831986961084
original_sw_1985,1490,96,surface_111,PW91,dft,-15631.476438,-363.24096251127526,1 1 1,4100.610542463511,288,161.78883133885552,0.749511024256573,3.6069568020885137,0.2887878927866244,0.19977724259196927
original_sw_1985,1491,96,surface_111,PW91,dft,-15631.493315,-363.4171364777298,1 1 1,4100.610542463511,288,146.27941922132302,0.7126813103162157,3.3122346372838494,0.3124264534087716,0.19811789919140121
original_sw_1985,1492,96,surface_111,PW91,dft,-15631.708667,-363.58837752268533,1 1 1,4100.610542463511,288,143.64886307063244,0.7062441324009758,3.097940542117639,0.3016979257722495,0.19857738830646854
original_sw_1985,1493,96,surface_111,PW91,dft,-15631.868695,-363.69306331355693,1 1 1,4100.610542463511,288,127.36139429056948,0.6650015515086576,2.9886942884781296,0.30476582910706945,0.19915386965153958
original_sw_1985,1494,96,surface_111,PW91,dft,-15632.105001,-364.21717247214434,1 1 1,4100.610542463511,288,101.73098019373813,0.5943337194852285,2.7500444413768568,0.2966687457856686,0.19615592008293747
original_sw_1985,1495,96,surface_111_pandey,PBE,dft,-15625.32074,-376.0012229306257,1 1 1,3075.457168623838,288,42.028372825980306,0.38201027484900113,1.1916656924957016,0.3790603472898478,
original_sw_1985,1496,96,surface_111_pandey,PBE,dft,-15619.366568,-356.56320114575476,1 1 1,3075.457168623838,288,119.04548137044878,0.6429248524280375,2.4828916561485976,0.8469809894825218,
original_sw_1985,1497,96,surface_111_pandey,PBE,dft,-15618.03917,-352.94173570799774,1 1 1,3075.457168623838,288,113.42347883970174,0.6275599762165879,2.9656259872613515,0.8382448019468848,
original_sw_1985,1498,96,surface_111_pandey,PBE,dft,-15618.237291,-347.5574786495483,1 1 1,3075.457168623838,288,257.76112221695405,0.9460464558290179,4.346266451291995,0.909793334014387,
original_sw_1985,1499,96,surface_111_pandey,PBE,dft,-15616.619333,-347.09870654655975,1 1 1,3075.457168623838,288,294.06743478436306,1.0104788379229668,5.425405790749962,0.9052623518015295,
original_sw_1985,1500,96,surface_111_pandey,PBE,dft,-15616.506782,-344.44006654358554,1 1 1,3075.457168623838,288,386.54215168875646,1.1585163999354058,4.478417600175479,0.8141149413661166,
original_sw_1985,1501,96,surface_111_pandey,PBE,dft,-15615.846754,-346.0124223939502,1 1 1,3075.457168623838,288,234.02587092440723,0.9014376459848104,4.58016356913241,0.850009528143288,
original_sw_1985,1502,96,surface_111_pandey,PBE,dft,-15616.168214,-346.9612815356666,1 1 1,3075.457168623838,288,203.37135574199215,0.840327638942577,4.116641039166089,0.8509172071228656,
original_sw_1985,1503,96,surface_111_pandey,PBE,dft,-15615.738458,-345.84517827148477,1 1 1,3075.457168623838,288,254.03958482396988,0.9391921484711717,3.936367781227178,0.8765546748216771,
original_sw_1985,1504,96,surface_111_pandey,PBE,dft,-15615.238589,-343.0651577181977,1 1 1,3075.457168623838,288,310.90987238582045,1.0390130740305057,4.608485079233194,0.8548611065523062,
original_sw_1985,1505,96,surface_111_pandey,PBE,dft,-15615.809878,-345.80650236837715,1 1 1,3075.457168623838,288,248.88846524616443,0.9296214605324661,3.5831388252661145,0.7996042703987583,
original_sw_1985,1506,96,surface_111_pandey,PBE,dft,-15615.384245,-343.644878728411,1 1 1,3075.457168623838,288,361.5595486399637,1.1204530777521735,5.676548586189291,0.8655936549583567,
original_sw_1985,1507,96,surface_111_pandey,PBE,dft,-15615.420374,-342.68244185058046,1 1 1,3075.457168623838,288,376.7837092684664,1.1437992692309635,5.0704179041123,0.8640778842570574,
original_sw_1985,1508,96,surface_111_pandey,PBE,dft,-15616.340423,-345.59668355737625,1 1 1,3075.457168623838,288,286.4967617505571,0.997386796957424,7.481838814183109,0.9680175823445176,
original_sw_1985,1509,96,surface_111_pandey,PBE,dft,-15615.619163,-345.4910937353261,1 1 1,3075.457168623838,288,215.1491590539139,0.8643180497706983,4.156893499938151,0.9041762537711774,
original_sw_1985,1510,96,surface_111_pandey,PBE,dft,-15616.218102,-345.1762657831431,1 1 1,3075.457168623838,288,294.3760564733467,1.0110089440637497,5.058411822253591,0.9769553787184676,
original_sw_1985,1511,96,surface_111_pandey,PBE,dft,-15616.815299,-346.3585490676687,1 1 1,3075.457168623838,288,275.2489607577721,0.9776121716645659,4.952038424525613,0.9282462375991695,
original_sw_1985,1512,96,surface_111_pandey,PBE,dft,-15617.276095,-348.11281461407276,1 1 1,3075.457168623838,288,213.9276232932997,0.8618609212315984,3.8745928062423096,0.7870926773882883,
original_sw_1985,1513,96,surface_111_pandey,PBE,dft,-15616.113713,-348.09379968680867,1 1 1,3075.457168623838,288,167.53771384722955,0.7627110678891832,3.546051325984879,0.8607635794090923,
original_sw_1985,1514,96,surface_111_pandey,PBE,dft,-15616.145697,-343.83451944043304,1 1 1,3075.457168623838,288,381.93009515820285,1.1515841974183911,5.764459154480558,0.8293219685034041,
original_sw_1985,1515,96,surface_111_pandey,PBE,dft,-15615.031501,-343.5635437354412,1 1 1,3075.457168623838,288,332.95371623468355,1.0752159283053522,5.620365646051903,0.9451844838848847,
original_sw_1985,1516,96,surface_111_pandey,PBE,dft,-15615.328706,-344.7757918777547,1 1 1,3075.457168623838,288,315.8477752371854,1.0472314281084218,4.695678121014209,0.8764625983322661,
original_sw_1985,1517,96,surface_111_pandey,PBE,dft,-15613.488458,-340.6363729213562,1 1 1,3075.457168623838,288,432.751092081775,1.225809103660629,6.840281040612682,0.98698926843045,
original_sw_1985,1518,96,surface_111_pandey,PBE,dft,-15615.418402,-342.6473043184984,1 1 1,3075.457168623838,288,366.47795886381664,1.1280482758825465,5.400978871821327,0.8352574851609299,
original_sw_1985,1519,96,surface_111_pandey,PBE,dft,-15616.110889,-343.86755587974386,1 1 1,3075.457168623838,288,320.419220254534,1.054782791381671,6.287504864353742,0.8327618200525002,
original_sw_1985,1520,96,surface_111_pandey,PBE,dft,-15614.432961,-344.079326189044,1 1 1,3075.457168623838,288,301.59404224027645,1.0233286547129008,4.574276858474596,0.8159325547975593,
original_sw_1985,1521,96,surface_111_pandey,PBE,dft,-15615.248052,-340.34597645593414,1 1 1,3075.457168623838,288,412.07071101080703,1.1961609757464233,4.964564160835761,0.8756873489242449,
original_sw_1985,1522,96,surface_111_pandey,PBE,dft,-15612.816393,-338.82153829575657,1 1 1,3075.457168623838,288,371.4766177825185,1.1357153548756886,5.690208973954493,0.9672714366866527,
original_sw_1985,1523,96,surface_111_pandey,PBE,dft,-15613.238272,-342.97794880953535,1 1 1,3075.457168623838,288,249.976092180015,0.9316504399675443,4.472162844717669,0.9349506915223524,
original_sw_1985,1524,96,surface_111_pandey,PBE,dft,-15613.066243,-338.96787101999314,1 1 1,3075.457168623838,288,339.14828295003065,1.0851719700985676,4.384539341618605,0.9519892590060285,
original_sw_1985,1525,96,surface_111_pandey,PBE,dft,-15614.40909,-341.14732591458403,1 1 1,3075.457168623838,288,298.32199238132284,1.0177623746847972,4.101415034718782,0.9832535266253464,
original_sw_1985,1526,96,surface_111_pandey,PBE,dft,-15614.429449,-340.92215689216044,1 1 1,3075.457168623838,288,402.10800429310484,1.1816126049767528,5.906957250441257,0.8692039333237945,
original_sw_1985,1527,96,surface_111_pandey,PBE,dft,-15613.68129,-340.82654663696604,1 1 1,3075.457168623838,288,378.14208325727856,1.14585921676414,6.273179791574192,0.9081718498749057,
original_sw_1985,1528,96,surface_111_pandey,PBE,dft,-15614.835597,-344.59442132384453,1 1 1,3075.457168623838,288,327.59996156834126,1.0665363878259102,4.386140475335109,0.9085528818626752,
original_sw_1985,1529,96,surface_111_pandey,PBE,dft,-15614.415183,-339.4352146152186,1 1 1,3075.457168623838,288,544.7732174984974,1.3753449283251757,7.43522264632652,0.8493992160483851,
original_sw_1985,1530,96,surface_111_pandey,PBE,dft,-15614.848586,-343.36952187391154,1 1 1,3075.457168623838,288,404.92104661652627,1.1857385277991868,5.775306595767319,0.8520670916930079,
original_sw_1985,1531,96,surface_111_pandey,PBE,dft,-15616.016454,-339.3895776329071,1 1 1,3075.457168623838,288,562.7506895717422,1.397853872871511,7.136845350959405,0.8746062365754073,
original_sw_1985,1532,96,surface_111_pandey,PBE,dft,-15617.19921,-345.00113738570366,1 1 1,3075.457168623838,288,378.4621326066564,1.1463440265061993,7.049824816460951,0.8016828062181226,
original_sw_1985,1533,96,surface_111_pandey,PBE,dft,-15614.840249,-340.82317793059156,1 1 1,3075.457168623838,288,456.34411028568434,1.2587804259338409,5.8236997330242035,0.9131173885483972,
original_sw_1985,1534,96,surface_111_pandey,PBE,dft,-15614.586055,-340.3789515642182,1 1 1,3075.457168623838,288,494.1248080420661,1.3098515713755325,6.551439040760914,0.9877575447845587,
original_sw_1985,1535,96,surface_111_pandey,PBE,dft,-15615.659566,-341.3120321540218,1 1 1,3075.457168623838,288,542.0221533651877,1.3718678383325946,6.550148798486659,0.8542385979084516,
original_sw_1985,1536,96,surface_111_pandey,PBE,dft,-15614.337034,-340.71265670856974,1 1 1,3075.457168623838,288,352.6553771943304,1.1065703039031518,4.811187344146951,0.8789756162245692,
original_sw_1985,1537,96,surface_111_pandey,PBE,dft,-15613.820224,-340.66515206960077,1 1 1,3075.457168623838,288,369.43225744313895,1.132585932236397,4.650784636970804,0.8312895485696371,
original_sw_1985,1538,96,surface_111_pandey,PBE,dft,-15611.498898,-332.58355152158174,1 1 1,3075.457168623838,288,692.9288612036921,1.551129585267007,8.064653306724889,0.9041722998993103,
original_sw_1985,1539,96,surface_111_pandey,PBE,dft,-15613.046083,-330.35536785330385,1 1 1,3075.457168623838,288,700.7669506746023,1.5598777448028605,7.415989345135943,0.8906988981217377,
original_sw_1985,1540,96,surface_111_pandey,PBE,dft,-15609.373371,-332.1255496433859,1 1 1,3075.457168623838,288,511.72586629831005,1.3329763406178332,6.64048805331847,0.9947089793697899,
original_sw_1985,1541,96,surface_111_pandey,PBE,dft,-15611.546497,-336.60489130062206,1 1 1,3075.457168623838,288,465.1259306823058,1.2708346047566124,6.647910692570377,0.9120313115726285,
original_sw_1985,1542,96,surface_111_pandey,PBE,dft,-15614.991224,-339.6780185692309,1 1 1,3075.457168623838,288,483.6177301865581,1.295850388669324,6.5618818157709065,0.7365915291460541,
original_sw_1985,1543,96,surface_111_pandey,PBE,dft,-15614.234883,-337.76827623347396,1 1 1,3075.457168623838,288,588.2674348901025,1.429193919674681,8.151188067223506,0.7965100361237348,
original_sw_1985,1544,96,surface_111_pandey,PBE,dft,-15614.382043,-340.7033422565756,1 1 1,3075.457168623838,288,419.04564907231077,1.20624193876453,4.596263457536873,0.7478377100361303,
original_sw_1985,1545,200,crack_110_1-10,PW91,dft,-32561.21209,-779.9249696716811,1 1 1,10043.253547215558,600,186.78267988181466,0.5579466519925459,3.0350565300931494,0.4891579727536903,0.062093307892711724
original_sw_1985,1546,200,crack_110_1-10,PW91,dft,-32557.208234,-773.9901144840446,1 1 1,10043.253547215558,600,242.45672680940697,0.6356843121254016,5.948083041485017,0.5039899471370106,0.07174830383088038
original_sw_1985,1547,200,crack_110_1-10,PW91,dft,-32557.594267,-770.9860679134065,1 1 1,10043.253547215558,600,302.6722875109507,0.7102491200404624,5.099924821618268,0.5090596450345152,0.08869870168407568
original_sw_1985,1548,200,crack_110_1-10,PW91,dft,-32553.736541,-770.7054982721494,1 1 1,10043.253547215558,600,189.95902595678103,0.5626707532781805,3.811683303942545,0.5352692683259208,0.07081291989035554
original_sw_1985,1549,200,crack_110_1-10,PW91,dft,-32549.991213,-758.2953068460671,1 1 1,10043.253547215558,600,397.655916876802,0.8141006457811815,4.810013165974091,0.5718144675637078,0.11413723702075584
original_sw_1985,1550,200,crack_110_1-10,PW91,dft,-32553.694469,-765.1246030296854,1 1 1,10043.253547215558,600,393.4220540193737,0.8097551626051067,5.982579169432525,0.5711484405778414,0.09850703610266409
original_sw_1985,1551,200,crack_110_1-10,PW91,dft,-32551.709281,-760.7205548113051,1 1 1,10043.253547215558,600,448.8908550888127,0.8649574701382845,6.1982696166748665,0.6072579682728201,0.11060133719457799
original_sw_1985,1552,192,crack_111_1-10,PW91,dft,-31254.86577,-742.1867591319474,1 1 1,9763.787468103765,576,328.6131843502785,0.755320462193447,7.969020890435537,0.48055155822665113,0.07586088785554157
original_sw_1985,1553,192,crack_111_1-10,PW91,dft,-31249.45651,-731.2001527830321,1 1 1,9763.787468103765,576,389.35673613789356,0.822171852957126,6.02123201855591,0.5118590011025714,0.10490956675614038
original_sw_1985,1554,192,crack_111_1-10,PW91,dft,-31247.183522,-722.3076569730562,1 1 1,9763.787468103765,576,665.7714599126641,1.0751061477896227,6.74420664959716,0.5796957438331156,0.13938616993309472
original_sw_1985,1555,192,crack_111_1-10,PW91,dft,-31248.816668,-725.7621092251195,1 1 1,9763.787468103765,576,622.6903141971039,1.0397401469881122,6.925216112257687,0.6123460855563466,0.1299001998702658
original_sw_1985,1556,192,crack_111_1-10,PW91,dft,-31248.7843,-722.8472603932107,1 1 1,9763.787468103765,576,653.2305500879808,1.0649323058884854,6.962537842091559,0.63543510446542,0.14491312086979002
original_sw_1985,1557,192,crack_111_1-10,PW91,dft,-31250.290814,-725.4825763091661,1 1 1,9763.787468103765,576,613.4138409128992,1.0319663681139166,6.651477262657093,0.6383001331817123,0.13903394422419213
original_sw_1985,1558,192,crack_111_1-10,PW91,dft,-31248.452573,-717.6200175805812,1 1 1,9763.787468103765,576,736.9928085888173,1.1311504779648154,7.747584372972943,0.6215354821816401,0.17041059906055533
original_sw_1985,1559,192,crack_111_1-10,PW91,dft,-31248.376306,-720.7130110337806,1 1 1,9763.787468103765,576,662.4148329558654,1.0723925361822921,6.226167866191598,0.6333986472242861,0.15390403420015897
original_sw_1985,1560,192,crack_111_1-10,PW91,dft,-31247.964531,-719.4151847202886,1 1 1,9763.787468103765,576,679.8292623945582,1.0863973196311116,7.629584104748943,0.6710787419921894,0.15851888479127973
original_sw_1985,1561,192,crack_111_1-10,PW91,dft,-31249.261335,-719.226911293783,1 1 1,9763.787468103765,576,742.1954454965359,1.1351360092705178,7.442491600491709,0.6703662595168488,0.16625366305430855
original_sw_1985,1562,4,sp,UNSPECIFIED,dft,-639.93807173,5.1784579527650605,1 1 1,373.15546979302593,12,39.199059730151795,1.8073705516152416,3.9525542542261016,5.121234711655644,
original_sw_1985,1563,4,sp,UNSPECIFIED,dft,-638.94102964,5.377598012991374,1 1 1,373.15546979302593,12,49.26763630996816,2.02623699481675,4.936600789615729,6.311178308580735,
original_sw_1985,1564,4,sp,UNSPECIFIED,dft,-638.66981658,4.199457452243345,1 1 1,373.15546979302593,12,73.35350836082691,2.4724061889993405,4.983573050908462,6.952120412136861,
original_sw_1985,1565,4,sp,UNSPECIFIED,dft,-639.18860661,2.609329897318783,1 1 1,373.15546979302593,12,103.39193759219219,2.9353014835531543,7.048446708474233,7.2522604424982555,
original_sw_1985,1566,4,sp,UNSPECIFIED,dft,-638.56746435,3.3530982037071357,1 1 1,373.15546979302593,12,117.66663961034753,3.131382011326995,6.263947539486424,7.865748806734805,
original_sw_1985,1567,4,sp,UNSPECIFIED,dft,-639.13677732,2.8839324452962347,1 1 1,373.15546979302593,12,82.70233342489814,2.6252354406303278,5.214033687744742,7.485365057856788,
original_sw_1985,1568,4,sp,UNSPECIFIED,dft,-639.41395754,2.095589962113117,1 1 1,373.15546979302593,12,117.13752835175747,3.1243336403111286,6.28136728665297,7.381754474748872,
original_sw_1985,1569,4,sp,UNSPECIFIED,dft,-640.40372855,0.2853351492767411,1 1 1,373.15546979302593,12,75.11586557852482,2.5019303477269443,4.818396120150351,7.053793541752315,
original_sw_1985,1570,4,sp,UNSPECIFIED,dft,-641.07921886,-0.2735337317478386,1 1 1,373.15546979302593,12,98.81301994348043,2.869567620500233,6.424189610768863,5.767429550385366,
original_sw_1985,1571,4,sp,UNSPECIFIED,dft,-640.82188169,-0.13743687107627045,1 1 1,373.15546979302593,12,58.60496880530172,2.209920224904467,4.343586070965141,5.8679791549803015,
original_sw_1985,1572,4,sp,UNSPECIFIED,dft,-639.6409724,1.6349606518530082,1 1 1,373.15546979302593,12,65.24159031364063,2.3316944895940774,4.340489712350927,6.633531128041836,
original_sw_1985,1573,4,sp,UNSPECIFIED,dft,-637.34921825,4.5928216167175435,1 1 1,373.15546979302593,12,108.14668319615255,3.002036575340044,5.565997935733556,8.587062288081025,
original_sw_1985,1574,4,sp,UNSPECIFIED,dft,-639.00546539,2.5528130426105733,1 1 1,373.15546979302593,12,108.11280653087337,3.0015663484653223,5.503365082706079,7.838800242134209,
original_sw_1985,1575,4,sp,UNSPECIFIED,dft,-640.23761705,0.8622916574209651,1 1 1,373.15546979302593,12,97.6901188175886,2.853216296532573,5.276937108707242,7.0054214214920725,
original_sw_1985,1576,4,sp,UNSPECIFIED,dft,-640.1939206,0.798362615757784,1 1 1,373.15546979302593,12,87.31602078030073,2.6974682695121848,4.917780016867464,7.130490298039352,
original_sw_1985,1577,4,sp,UNSPECIFIED,dft,-639.43621838,1.6924618110356575,1 1 1,373.15546979302593,12,78.38737949006676,2.5558328631137504,4.648368014515868,7.009779215147103,
original_sw_1985,1578,4,sp,UNSPECIFIED,dft,-637.81819249,4.092027840249595,1 1 1,373.15546979302593,12,75.54349143055838,2.5090418395368643,4.6787049995119245,7.6281931924986885,
original_sw_1985,1579,4,sp,UNSPECIFIED,dft,-636.84563658,5.569194489845963,1 1 1,373.15546979302593,12,121.33834016289245,3.1798629446735127,6.973991377362867,9.006350696756984,
original_sw_1985,1580,4,sp,UNSPECIFIED,dft,-637.53688308,4.807845066365284,1 1 1,373.15546979302593,12,145.18542987487672,3.478330896120493,6.782536028453943,9.695599421678374,
original_sw_1985,1581,4,sp,UNSPECIFIED,dft,-638.73170876,3.5564435059940167,1 1 1,373.15546979302593,12,159.06894271365536,3.640844026614975,7.141189996803476,8.098557634829179,
original_sw_1985,1582,4,sp,UNSPECIFIED,dft,-639.76015526,1.8555534387026764,1 1 1,373.15546979302593,12,130.26006078412067,3.2946934706195945,6.16712651752437,7.364679123956001,
original_sw_1985,1583,4,sp,UNSPECIFIED,dft,-638.94241731,2.729760013614371,1 1 1,373.15546979302593,12,122.71100470305848,3.197798783317707,6.1762725787877955,8.157869370795192,
original_sw_1985,1584,4,sp,UNSPECIFIED,dft,-638.61770975,3.3038943653795707,1 1 1,373.15546979302593,12,103.65989569523168,2.9391026932159594,5.281705471142581,7.973999112512492,
original_sw_1985,1585,4,sp,UNSPECIFIED,dft,-638.04244506,3.748237195973321,1 1 1,373.15546979302593,12,117.89544955051431,3.134425114096075,5.803210790690567,8.547399800315981,
original_sw_1985,1586,4,sp,UNSPECIFIED,dft,-639.18447648,2.072298448744111,1 1 1,373.15546979302593,12,85.55203473858178,2.670081689427338,4.776340470146298,7.314989006326325,
original_sw_1985,1587,4,sp,UNSPECIFIED,dft,-640.28805156,0.8534261799880829,1 1 1,373.15546979302593,12,73.43739601545842,2.4738195167166506,4.579948746659798,6.488215006271628,
original_sw_1985,1588,4,sp,UNSPECIFIED,dft,-640.74053696,-0.0322527885412497,1 1 1,373.15546979302593,12,63.3948908815524,2.298457651004843,4.416245068261714,6.239735206140561,
original_sw_1985,1589,4,sp,UNSPECIFIED,dft,-640.42650528,0.5669029551997976,1 1 1,373.15546979302593,12,74.75133617385957,2.4958521619856207,4.585036890098027,6.524657414125282,
original_sw_1985,1590,4,sp,UNSPECIFIED,dft,-639.60741132,1.8143489911013968,1 1 1,373.15546979302593,12,100.50452547685907,2.8940243819068954,5.539417661722336,7.594835558702593,
original_sw_1985,1591,4,sp,UNSPECIFIED,dft,-640.50857815,1.3023015014569639,1 1 1,373.15546979302593,12,146.72404730816027,3.4967133057124786,7.633858320157853,6.5734790336681685,
original_sw_1985,1592,4,sp,UNSPECIFIED,dft,-641.29119764,0.7367275627295646,1 1 1,373.15546979302593,12,130.84014831523004,3.3020214555535277,6.1253384340630195,6.342130332174145,
original_sw_1985,1593,4,sp,UNSPECIFIED,dft,-640.29761891,1.2227498839513409,1 1 1,373.15546979302593,12,130.67506611462227,3.2999377028794328,6.443219367283756,6.788216070745931,
original_sw_1985,1594,4,sp,UNSPECIFIED,dft,-640.73023555,0.11291280479718008,1 1 1,373.15546979302593,12,75.15624841577507,2.5026027853645867,4.555575780745794,6.547050325671478,
original_sw_1985,1595,4,sp,UNSPECIFIED,dft,-638.64121441,2.9718423419363202,1 1 1,373.15546979302593,12,95.67945260707096,2.823701067261886,6.117537538157422,7.7731109013396305,
original_sw_1985,1596,4,sp,UNSPECIFIED,dft,-637.59418723,4.193089287400672,1 1 1,373.15546979302593,12,107.11792397403464,2.9877238266785784,5.800700234456813,8.479121170418155,
original_sw_1985,1597,4,sp,UNSPECIFIED,dft,-636.08683989,6.474026163852946,1 1 1,373.15546979302593,12,108.84355223485238,3.01169321471677,6.53234894897502,9.60908138802083,
original_sw_1985,1598,4,sp,UNSPECIFIED,dft,-637.74461195,4.129325289818942,1 1 1,373.15546979302593,12,105.53540465901321,2.9655719608395557,5.790526243168026,8.423069380403044,
original_sw_1985,1599,4,sp,UNSPECIFIED,dft,-637.84276729,4.216728520702409,1 1 1,373.15546979302593,12,131.34039549156213,3.3083278189487477,6.755012440261551,8.742761414535074,
original_sw_1985,1600,4,sp,UNSPECIFIED,dft,-638.16830687,4.022587370481497,1 1 1,373.15546979302593,12,86.1172025275636,2.678886623947276,5.140502234388827,8.073493836836276,
original_sw_1985,1601,4,sp,UNSPECIFIED,dft,-637.42853863,4.565990377193682,1 1 1,373.15546979302593,12,116.15902911071596,3.111256834875524,6.047372648389233,8.769183146874818,
original_sw_1985,1602,4,sp,UNSPECIFIED,dft,-638.53674707,2.992599197872798,1 1 1,373.15546979302593,12,103.34928425809919,2.9346959561156587,5.489007978907017,7.920525616546333,
original_sw_1985,1603,4,sp,UNSPECIFIED,dft,-638.89133493,2.6298118156063035,1 1 1,373.15546979302593,12,107.85092650627224,2.9979288198447973,5.744846624276629,7.8292413104335985,
original_sw_1985,1604,4,sp,UNSPECIFIED,dft,-641.30764524,0.6003500635606531,1 1 1,373.15546979302593,12,143.28146517652374,3.4554481761478706,6.380863917372867,5.719086924171841,
original_sw_1985,1605,4,sp,UNSPECIFIED,dft,-640.17995972,1.5080776839253378,1 1 1,373.15546979302593,12,130.51600774492886,3.297928740701362,6.40057703675732,7.432805890524004,
original_sw_1985,1606,4,sp,UNSPECIFIED,dft,-640.56732648,1.0829939867061709,1 1 1,373.15546979302593,12,120.57118127334569,3.16979469988917,7.006147403550724,6.428299896603042,
original_sw_1985,1607,4,sp,UNSPECIFIED,dft,-637.98302909,3.729037209854159,1 1 1,373.15546979302593,12,100.60954948978149,2.895536068528323,5.739827295190748,8.428803266081134,
original_sw_1985,1608,4,sp,UNSPECIFIED,dft,-639.09727913,2.575649849819935,1 1 1,373.15546979302593,12,73.47717271802284,2.474489387025514,4.853562558344192,7.536814131779532,
original_sw_1985,1609,4,sp,UNSPECIFIED,dft,-636.87261987,5.147857214667591,1 1 1,373.15546979302593,12,79.26345995021525,2.570075549314573,4.915992715905644,8.856368844509111,
original_sw_1985,1610,4,sp,UNSPECIFIED,dft,-637.39397678,4.376054537253555,1 1 1,373.15546979302593,12,82.5698930208177,2.623132558297707,4.826620529980868,8.476117869624435,
original_sw_1985,1611,4,sp,UNSPECIFIED,dft,-637.10606266,5.067122064007076,1 1 1,373.15546979302593,12,93.18579753422839,2.786661645742512,6.147019670931947,8.500103203501904,
original_sw_1985,1612,4,sp,UNSPECIFIED,dft,-635.64602427,7.233019738809577,1 1 1,373.15546979302593,12,72.15719833881026,2.452162282877608,4.85650280436485,8.67657225831146,
original_sw_1985,1613,4,sp,UNSPECIFIED,dft,-639.67264089,1.643138874768596,1 1 1,373.15546979302593,12,88.90697927768691,2.7219322070557235,4.950838325242252,7.373391470598858,
original_sw_1985,1614,4,sp,UNSPECIFIED,dft,-641.0545686,0.23844790154266218,1 1 1,373.15546979302593,12,103.71125612828622,2.939830722568425,6.436603845401932,6.2891621056889075,
original_sw_1985,1615,4,sp,UNSPECIFIED,dft,-641.14232463,0.01629946521142711,1 1 1,373.15546979302593,12,80.97036218457748,2.597600851179435,5.51827730078471,6.269377936874998,
original_sw_1985,1616,4,sp,UNSPECIFIED,dft,-641.34420294,-0.5949310145611901,1 1 1,373.15546979302593,12,100.03589194910879,2.887269355133393,5.542251233589452,5.721815166337077,
original_sw_1985,1617,4,sp,UNSPECIFIED,dft,-641.41086818,-0.8657802070225912,1 1 1,373.15546979302593,12,67.10779340789344,2.3648078394077716,4.454227714238233,5.742041831886401,
original_sw_1985,1618,4,sp,UNSPECIFIED,dft,-641.13591039,-0.5607441534312674,1 1 1,373.15546979302593,12,67.8196685027943,2.3773176148549284,4.355755755098843,5.8121866666047755,
original_sw_1985,1619,4,sp,UNSPECIFIED,dft,-639.87568333,1.5180849057435413,1 1 1,373.15546979302593,12,76.88182060666199,2.531169370841963,4.88875340448145,6.746042563567671,
original_sw_1985,1620,4,sp,UNSPECIFIED,dft,-640.25397161,1.297896999636888,1 1 1,373.15546979302593,12,127.33120558452886,3.2574428312267796,6.292745748668275,6.714827868730764,
original_sw_1985,1621,4,sp,UNSPECIFIED,dft,-641.06342575,0.088058125925812,1 1 1,373.15546979302593,12,114.85111870824505,3.093691413024321,6.041400680386444,5.782508895994742,
original_sw_1985,1622,4,sp,UNSPECIFIED,dft,-638.69862596,2.5540684165153,1 1 1,373.15546979302593,12,81.6278868170548,2.6081265117745405,4.705661119730565,7.4530838467185285,
original_sw_1985,1623,4,sp,UNSPECIFIED,dft,-639.9121915,1.0440830701181905,1 1 1,373.15546979302593,12,94.21161779160869,2.801957913549153,5.827290023887849,6.948463234891103,
original_sw_1985,1624,4,sp,UNSPECIFIED,dft,-639.82769508,1.2155459758058205,1 1 1,373.15546979302593,12,84.21118331556791,2.6490750479423304,5.250068132474581,6.863818326090442,
original_sw_1985,1625,4,sp,UNSPECIFIED,dft,-640.32919746,0.9929590765745896,1 1 1,373.15546979302593,12,115.92924039727754,3.10817792816088,6.977452987144864,6.6927488276292975,
original_sw_1985,1626,4,sp,UNSPECIFIED,dft,-640.06489446,1.518142771480187,1 1 1,373.15546979302593,12,121.07661405825073,3.1764316202599985,6.812877049259739,6.650797788177997,
original_sw_1985,1627,4,sp,UNSPECIFIED,dft,-638.73091367,2.888810420653818,1 1 1,373.15546979302593,12,106.75788090511627,2.9826984553297295,6.296036598826523,7.576737532764899,
original_sw_1985,1628,4,sp,UNSPECIFIED,dft,-639.71462145,1.3032947420013408,1 1 1,373.15546979302593,12,69.16205529005492,2.400730015537894,4.480101320308205,6.802029970119214,
original_sw_1985,1629,4,sp,UNSPECIFIED,dft,-639.79804413,1.608610532674698,1 1 1,373.15546979302593,12,74.07804192690477,2.484586517023587,4.734751261679672,7.126111387695958,
original_sw_1985,1630,4,sp,UNSPECIFIED,dft,-640.13213397,1.1819836020937968,1 1 1,373.15546979302593,12,88.12722605995324,2.7099696501983384,5.057518357429072,7.308076339311187,
original_sw_1985,1631,4,sp,UNSPECIFIED,dft,-639.70470676,2.4423976801754823,1 1 1,373.15546979302593,12,147.90065067345037,3.5107056588081447,7.528440320493255,7.192443543898462,
original_sw_1985,1632,4,sp,UNSPECIFIED,dft,-640.48727773,1.698141131540329,1 1 1,373.15546979302593,12,125.24102249633806,3.2305962104068096,7.068462292237732,6.2056914369908585,
original_sw_1985,1633,4,sp,UNSPECIFIED,dft,-639.32984868,2.3079128790314334,1 1 1,373.15546979302593,12,105.63910421571931,2.9670285951846296,6.580076789917863,7.862696785743002,
original_sw_1985,1634,4,sp,UNSPECIFIED,dft,-638.36072617,3.4181913289278105,1 1 1,373.15546979302593,12,105.09602279422501,2.9593921503441805,6.041321124862445,8.038618140687595,
original_sw_1985,1635,4,sp,UNSPECIFIED,dft,-637.46346254,4.543668288958709,1 1 1,373.15546979302593,12,91.22082789185843,2.757124527048945,5.021617703822559,8.207268627231697,
original_sw_1985,1636,4,sp,UNSPECIFIED,dft,-636.98736657,5.128782346425636,1 1 1,373.15546979302593,12,125.55721744900347,3.234671769141905,6.0926891269707575,8.995586793775137,
original_sw_1985,1637,4,sp,UNSPECIFIED,dft,-637.02517948,5.297279345240642,1 1 1,373.15546979302593,12,129.84638660599575,3.289457739075897,6.731242912243824,9.219060433313327,
original_sw_1985,1638,4,sp,UNSPECIFIED,dft,-638.7824048,2.7437371696562893,1 1 1,373.15546979302593,12,112.39039921327272,3.060370337247775,6.067803968185738,7.88029016900869,
original_sw_1985,1639,4,sp,UNSPECIFIED,dft,-638.75526836,2.8334588280976885,1 1 1,373.15546979302593,12,80.17356807623247,2.5847883226715824,4.853204094756051,7.4595387808921085,
original_sw_1985,1640,4,sp,UNSPECIFIED,dft,-637.73203825,4.266651166568695,1 1 1,373.15546979302593,12,74.82094200301059,2.497013916711495,4.9089860361933555,7.9077469580084365,
original_sw_1985,1641,4,sp,UNSPECIFIED,dft,-638.65906008,2.8524057645111425,1 1 1,373.15546979302593,12,66.72178634613773,2.3579967901119256,4.390111884282991,7.167239063707401,
original_sw_1985,1642,4,sp,UNSPECIFIED,dft,-639.72429868,1.3936218518840007,1 1 1,373.15546979302593,12,84.94056447881782,2.660522575216158,5.281520906668533,6.764138372554064,
original_sw_1985,1643,4,sp,UNSPECIFIED,dft,-639.94329544,1.5248687571624526,1 1 1,373.15546979302593,12,75.80477935040254,2.5133771992812535,4.860730195570125,6.751370881896876,
original_sw_1985,1644,4,sp,UNSPECIFIED,dft,-638.55372372,2.9878293919362013,1 1 1,373.15546979302593,12,89.61733661459911,2.7327845477735573,5.230064991826312,7.709009289041297,
original_sw_1985,1645,4,sp,UNSPECIFIED,dft,-638.69817915,2.992437449993438,1 1 1,373.15546979302593,12,118.80870296876923,3.1465417917767176,5.788793317216671,8.089295046642404,
original_sw_1985,1646,4,sp,UNSPECIFIED,dft,-638.86608824,3.8383061973784987,1 1 1,373.15546979302593,12,167.32774858310535,3.734163768314415,7.311930148959798,7.943631491834093,
original_sw_1985,1647,4,sp,UNSPECIFIED,dft,-639.2051769,2.6529252427643533,1 1 1,373.15546979302593,12,123.5648236074062,3.2089045847376823,6.993069798213464,7.659105267238575,
original_sw_1985,1648,4,sp,UNSPECIFIED,dft,-639.28802547,2.3336921150170973,1 1 1,373.15546979302593,12,95.20833635823561,2.8167406749384947,5.125434579513807,7.469704088008886,
original_sw_1985,1649,4,sp,UNSPECIFIED,dft,-638.51011096,3.2617466729705455,1 1 1,373.15546979302593,12,118.13312334667016,3.137582978274176,6.721251062300426,8.082310480475762,
original_sw_1985,1650,4,sp,UNSPECIFIED,dft,-637.60793799,4.217278602890633,1 1 1,373.15546979302593,12,103.29018865079684,2.9338567996580434,6.081927350498811,8.446426973049512,
original_sw_1985,1651,4,sp,UNSPECIFIED,dft,-640.11177645,1.5937848872280453,1 1 1,373.15546979302593,12,72.31838190375501,2.4548995550353823,4.966553214277268,6.280850428719161,
original_sw_1985,1652,4,sp,UNSPECIFIED,dft,-640.24170866,0.6845901076695238,1 1 1,373.15546979302593,12,93.84991247896643,2.796573982556848,5.5389301237144215,6.624297827891521,
original_sw_1985,1653,4,sp,UNSPECIFIED,dft,-639.76019033,2.0075798392224975,1 1 1,373.15546979302593,12,135.75525528185204,3.363471114808976,6.665626032421374,7.211393054487924,
original_sw_1985,1654,4,sp,UNSPECIFIED,dft,-639.18171127,2.277809500066734,1 1 1,373.15546979302593,12,95.58776576355206,2.8223478075819557,5.75629632371258,7.672715075968872,
original_sw_1985,1655,4,sp,UNSPECIFIED,dft,-640.73576424,0.5961355195240564,1 1 1,373.15546979302593,12,125.61921724427651,3.2354703064144648,6.42512798063321,6.337952704980923,
original_sw_1985,1656,4,sp,UNSPECIFIED,dft,-640.42388142,0.4823767653086063,1 1 1,373.15546979302593,12,94.31513714665903,2.8034968810793397,5.84616609244129,6.857076327693044,
original_sw_1985,1657,4,sp,UNSPECIFIED,dft,-638.49208872,3.2396574628622044,1 1 1,373.15546979302593,12,91.21375031632117,2.7570175660835807,5.207767526474966,7.798267473947338,
original_sw_1985,1658,4,sp,UNSPECIFIED,dft,-638.02349079,3.633102580944869,1 1 1,373.15546979302593,12,79.69631609828723,2.5770835599291826,4.639034349712975,7.851365657941829,
original_sw_1985,1659,4,sp,UNSPECIFIED,dft,-637.33692987,4.7123631120240645,1 1 1,373.15546979302593,12,72.65507979251828,2.46060764501573,4.551025071767177,7.944988887183333,
original_sw_1985,1660,4,sp,UNSPECIFIED,dft,-638.65805523,2.9794793570921327,1 1 1,373.15546979302593,12,67.88789783575903,2.3785131531371833,4.486371727015173,7.134724328935212,
original_sw_1985,1661,4,sp,UNSPECIFIED,dft,-640.01184677,1.1251737506285475,1 1 1,373.15546979302593,12,100.48138496029986,2.8936911975350195,5.865871033728296,7.158629061762337,
original_sw_1985,1662,8,sp2,UNSPECIFIED,dft,-1299.66308533,-26.018653173931014,1 1 1,482.9675384254308,24,10.040795028943947,0.6468125381741847,1.1203633912529558,0.6700260020389756,
original_sw_1985,1663,8,sp2,UNSPECIFIED,dft,-1299.78580447,-24.11684170439554,1 1 1,482.9675384254308,24,5.215389877046862,0.4661629667226036,1.4174870269011726,0.6390532266368741,
original_sw_1985,1664,8,sp2,UNSPECIFIED,dft,-1299.94086379,-24.843920277652078,1 1 1,482.9675384254308,24,8.553466976470443,0.5969878201043428,1.3686084357548804,0.4849947854101114,
original_sw_1985,1665,8,sp2,UNSPECIFIED,dft,-1300.06507212,-24.921382797482554,1 1 1,482.9675384254308,24,10.714891910849165,0.6681720060124603,1.355255430249608,0.5933135686408438,
original_sw_1985,1666,8,sp2,UNSPECIFIED,dft,-1300.00565144,-25.10566522048882,1 1 1,482.9675384254308,24,10.984260369265906,0.676518673346183,1.5057767485901425,0.588342756028179,
original_sw_1985,1667,8,sp2,UNSPECIFIED,dft,-1300.03683153,-24.811342846416892,1 1 1,482.9675384254308,24,11.397958014888586,0.6891407093526143,1.3991406144599638,0.5940708344374152,
original_sw_1985,1668,8,sp2,UNSPECIFIED,dft,-1300.06073042,-24.934044886439732,1 1 1,482.9675384254308,24,8.76098918731346,0.6041864084353941,1.4644147555964218,0.5167579492413896,
original_sw_1985,1669,8,sp2,UNSPECIFIED,dft,-1300.08249495,-25.039372431047283,1 1 1,482.9675384254308,24,8.642827123177614,0.600098155970394,1.3714292180911793,0.40987637224533935,
original_sw_1985,1670,8,sp2,UNSPECIFIED,dft,-1300.11592447,-24.688312829277155,1 1 1,482.9675384254308,24,9.487832213285822,0.6287498248272063,1.365322745604445,0.5218851931858832,
original_sw_1985,1671,8,sp2,UNSPECIFIED,dft,-1300.01136564,-24.878095873666332,1 1 1,482.9675384254308,24,10.859821754680164,0.672675681968416,1.3698908976806545,0.5820943898329549,
original_sw_1985,1672,8,sp2,UNSPECIFIED,dft,-1300.01478209,-25.183999704824945,1 1 1,482.9675384254308,24,11.346983835082767,0.6875979880194885,1.3581180145597707,0.5851026679993863,
original_sw_1985,1673,8,sp2,UNSPECIFIED,dft,-1300.02050523,-25.07226202980972,1 1 1,482.9675384254308,24,11.14647069438558,0.6814956191588707,1.2909379801600096,0.5878245753446912,
original_sw_1985,1674,8,sp2,UNSPECIFIED,dft,-1300.09252939,-25.12739404513781,1 1 1,482.9675384254308,24,10.93812656171874,0.6750964919216715,1.341318955040835,0.49834750741408684,
original_sw_1985,1675,8,sp2,UNSPECIFIED,dft,-1300.13094325,-24.920756719619845,1 1 1,482.9675384254308,24,9.256398864451803,0.6210340457807648,1.3816062672929605,0.40940362121322277,
original_sw_1985,1676,8,sp2,UNSPECIFIED,dft,-1300.05779727,-24.925469859755527,1 1 1,482.9675384254308,24,11.50321213297877,0.6923153223356985,1.4383726091622884,0.5338041376720803,
original_sw_1985,1677,8,sp2,UNSPECIFIED,dft,-1300.10675881,-24.854232147533274,1 1 1,482.9675384254308,24,10.02294003592951,0.6462371867178976,1.383547856456857,0.4925555821089298,
original_sw_1985,1678,8,sp2,UNSPECIFIED,dft,-1300.12213374,-25.132356831764586,1 1 1,482.9675384254308,24,11.27524335206779,0.6854208972129154,1.3351231869109337,0.48647105250466854,
original_sw_1985,1679,8,sp2,UNSPECIFIED,dft,-1299.83369106,-24.18624491493343,1 1 1,482.9675384254308,24,6.853700302730401,0.5343882913641541,1.4775252382605149,0.613611902012719,
original_sw_1985,1680,8,sp2,UNSPECIFIED,dft,-1299.83494989,-23.920154310844083,1 1 1,482.9675384254308,24,4.732164685793015,0.4440422598973086,1.4384098796107934,0.5972620694224884,
original_sw_1985,1681,8,sp2,UNSPECIFIED,dft,-1299.98607039,-24.883316862600818,1 1 1,482.9675384254308,24,6.861594664844571,0.5346959675384293,1.2227557223498544,0.36585320133217364,
original_sw_1985,1682,8,sp2,UNSPECIFIED,dft,-1300.04732195,-24.8345383748499,1 1 1,482.9675384254308,24,11.41166871546049,0.6895550713884427,1.4241334878292007,0.5630901136696507,
original_sw_1985,1683,8,sp2,UNSPECIFIED,dft,-1299.82699335,-24.890159873570067,1 1 1,482.9675384254308,24,9.811092723339275,0.6393711990222397,1.4023653769394848,0.672434355055074,
original_sw_1985,1684,8,sp2,UNSPECIFIED,dft,-1299.87401993,-24.29916951571045,1 1 1,482.9675384254308,24,7.053288480101562,0.542113475209971,1.3619551211775776,0.6625547642365119,
original_sw_1985,1685,8,sp2,UNSPECIFIED,dft,-1300.04050795,-24.774061225609504,1 1 1,482.9675384254308,24,9.752092337874778,0.6374458257332795,1.3426893989076427,0.5782429566835783,
original_sw_1985,1686,8,sp2,UNSPECIFIED,dft,-1300.0940677,-25.121719038653517,1 1 1,482.9675384254308,24,10.736974339121385,0.6688601728289137,1.4202878428017902,0.4618632737934103,
original_sw_1985,1687,8,sp2,UNSPECIFIED,dft,-1299.99287641,-24.62989838929855,1 1 1,482.9675384254308,24,9.698024613155898,0.6356763003931292,1.4135408700586383,0.4597785484293861,
original_sw_1985,1688,8,sp2,UNSPECIFIED,dft,-1300.08326111,-25.046986720811635,1 1 1,482.9675384254308,24,9.53237333066274,0.630223945999315,1.4826681175387617,0.43381718587730017,
original_sw_1985,1689,8,sp2,UNSPECIFIED,dft,-1300.04772146,-25.091657718007244,1 1 1,482.9675384254308,24,10.125522884604353,0.6495358241533061,1.3487459913121091,0.5195865839700509,
original_sw_1985,1690,8,sp2,UNSPECIFIED,dft,-1300.09276047,-24.9904602273924,1 1 1,482.9675384254308,24,10.933311408135356,0.6749478809549962,1.4429252854497012,0.553399682300987,
original_sw_1985,1691,8,sp2,UNSPECIFIED,dft,-1300.14723745,-25.07862360360608,1 1 1,482.9675384254308,24,9.919431675211802,0.6428916340518246,1.4237668196798552,0.2982136057914975,
original_sw_1985,1692,8,sp2,UNSPECIFIED,dft,-1300.1632375,-24.69448463241156,1 1 1,482.9675384254308,24,10.014013709737885,0.6459493565590716,1.2224190797513876,0.4657081030762008,
original_sw_1985,1693,8,sp2,UNSPECIFIED,dft,-1299.94096915,-24.38550733303991,1 1 1,482.9675384254308,24,6.689671039183953,0.5279548212672476,1.4473213691740345,0.487337510595412,
original_sw_1985,1694,8,sp2,UNSPECIFIED,dft,-1299.95917063,-24.55068698592422,1 1 1,482.9675384254308,24,5.259762313359772,0.4681418193845292,1.2669420350456901,0.4837073273814445,
original_sw_1985,1695,8,sp2,UNSPECIFIED,dft,-1300.00041556,-24.891573555918377,1 1 1,482.9675384254308,24,7.826912874532668,0.5710703719964768,1.1808326854220745,0.5875565051798565,
original_sw_1985,1696,8,sp2,UNSPECIFIED,dft,-1300.16975186,-24.94630529245642,1 1 1,482.9675384254308,24,9.248635244111565,0.6207735511746468,1.2761096853198526,0.290272334885707,
original_sw_1985,1697,8,sp2,UNSPECIFIED,dft,-1300.09116701,-24.845870814906572,1 1 1,482.9675384254308,24,8.900757358815767,0.6089867732148679,1.5352656746278048,0.4046663576279023,
original_sw_1985,1698,8,sp2,UNSPECIFIED,dft,-1300.06004557,-24.750186909971305,1 1 1,482.9675384254308,24,8.53479321656291,0.5963357980395396,1.4949881210764864,0.4210650111770153,
original_sw_1985,1699,8,sp2,UNSPECIFIED,dft,-1299.94177188,-24.713049627600405,1 1 1,482.9675384254308,24,9.938160256779334,0.6434982600591387,1.4156075365894407,0.4713898308459783,
original_sw_1985,1700,8,sp2,UNSPECIFIED,dft,-1299.94160174,-24.7024855926745,1 1 1,482.9675384254308,24,11.828201881159051,0.7020268834227745,1.390127864005186,0.6421106380134189,
original_sw_1985,1701,8,sp2,UNSPECIFIED,dft,-1299.79773181,-24.519826393799654,1 1 1,482.9675384254308,24,9.329322326567791,0.6234755517315745,1.5909347586684923,0.9298058794514584,
original_sw_1985,1702,8,sp2,UNSPECIFIED,dft,-1299.88592902,-24.91203200751603,1 1 1,482.9675384254308,24,9.313770891087302,0.6229556863281991,1.4351335187972984,0.7070799463668636,
original_sw_1985,1703,8,sp2,UNSPECIFIED,dft,-1300.04178555,-24.909870813997887,1 1 1,482.9675384254308,24,10.554743188057738,0.6631598345565513,1.3072418515896833,0.5440215994677968,
original_sw_1985,1704,8,sp2,UNSPECIFIED,dft,-1300.16552675,-25.20417991870033,1 1 1,482.9675384254308,24,10.8413927964991,0.6721046792383826,1.3228326292666988,0.3924479696140199,
original_sw_1985,1705,8,sp2,UNSPECIFIED,dft,-1300.05992607,-25.256280752700768,1 1 1,482.9675384254308,24,9.547059856324427,0.630709252096546,1.280838914346145,0.4364024217298372,
original_sw_1985,1706,8,sp2,UNSPECIFIED,dft,-1300.04862044,-24.855505996194623,1 1 1,482.9675384254308,24,9.354846951992624,0.624327870326449,1.3073558425830225,0.5640830995592169,
original_sw_1985,1707,8,sp2,UNSPECIFIED,dft,-1300.01909272,-25.011930426519225,1 1 1,482.9675384254308,24,8.256717382922396,0.5865406132188118,1.3196776671952541,0.47715890554143486,
original_sw_1985,1708,8,sp2,UNSPECIFIED,dft,-1300.06130395,-25.01894577718399,1 1 1,482.9675384254308,24,11.419984182997453,0.6898062585186949,1.3473659993509728,0.5493356339555384,
original_sw_1985,1709,8,sp2,UNSPECIFIED,dft,-1300.09259906,-24.964634008505513,1 1 1,482.9675384254308,24,10.636584656838,0.6657259401347149,1.4257068116364897,0.48360104154922995,
original_sw_1985,1710,8,sp2,UNSPECIFIED,dft,-1299.89237929,-24.564332158675878,1 1 1,482.9675384254308,24,9.961540943627643,0.6442547679175414,1.3575534713647996,0.7477197910592354,
original_sw_1985,1711,8,sp2,UNSPECIFIED,dft,-1300.11586802,-24.93536454286304,1 1 1,482.9675384254308,24,10.42484923567471,0.6590665506252862,1.4964081742768247,0.44228802922982213,
original_sw_1985,1712,8,sp2,UNSPECIFIED,dft,-1300.17326613,-25.14121731036787,1 1 1,482.9675384254308,24,10.721879791688849,0.6683898498035176,1.3356995590342928,0.29188071539728916,
original_sw_1985,1713,217,interstitial,PW91,dft,-35405.075709,-929.8506615839182,1 1 1,4346.707967999998,651,263.05412899183597,0.6356705145432309,5.691465655492495,0.11306309976748496,0.027662533053318228
original_sw_1985,1714,217,interstitial,PW91,dft,-35392.714865,-917.8299161108581,1 1 1,4346.707967999998,651,151.79778271811153,0.48288333740080724,5.144107102175753,0.715192620119521,0.02609525873564511
original_sw_1985,1715,217,interstitial,PW91,dft,-35388.867948,-911.2287439266488,1 1 1,4346.707967999998,651,181.98787976870216,0.5287260865573982,4.959086499026518,0.8656217607117239,0.03878767893934487
original_sw_1985,1716,217,interstitial,PW91,dft,-35391.150026,-912.7698564734211,1 1 1,4346.707967999998,651,222.7010333071256,0.5848851861376955,5.829236503912097,0.7227792791853279,0.042202266281428535
original_sw_1985,1717,217,interstitial,PW91,dft,-35391.195792,-913.3517835695881,1 1 1,4346.707967999998,651,177.09963129243184,0.5215768825222373,5.109236971527655,0.6939551825299779,0.039731477819814565
original_sw_1985,1718,217,interstitial,PW91,dft,-35390.527199,-912.1793656694721,1 1 1,4346.707967999998,651,216.04339013534738,0.5760762853447726,6.8471972989779655,0.7498276363798253,0.042053251553042514
original_sw_1985,1719,217,interstitial,PW91,dft,-35390.471858,-914.2086340832799,1 1 1,4346.707967999998,651,142.51250856021744,0.4678816341712977,4.126187701486844,0.7192377733023023,0.03244675655854934
original_sw_1985,1720,217,interstitial,PW91,dft,-35390.699187,-911.3181406906376,1 1 1,4346.707967999998,651,248.27159795598342,0.6175512789345075,6.842631255538124,0.7482658716206814,0.04681460168595386
original_sw_1985,1721,217,interstitial,PW91,dft,-35391.875467,-913.6128669486557,1 1 1,4346.707967999998,651,214.27780866635035,0.5737175087317999,6.132055639759642,0.7630062183146278,0.04166047146466223
original_sw_1985,1722,217,interstitial,PW91,dft,-35392.542524,-917.0961485790542,1 1 1,4346.707967999998,651,142.7695953872176,0.46830346383019344,4.632815322950897,0.7537800518193204,0.028682477776186488
original_sw_1985,1723,217,interstitial,PW91,dft,-35393.862427,-918.1770375782085,1 1 1,4346.707967999998,651,175.2047952615846,0.5187791340795725,5.278665546106516,0.7257625075320235,0.029783924784712035
original_sw_1985,1724,217,interstitial,PW91,dft,-35392.349451,-917.2760393247471,1 1 1,4346.707967999998,651,118.99284066143926,0.4275332752861059,4.443586608990037,0.7031721348302205,0.026963750837513345
original_sw_1985,1725,217,interstitial,PW91,dft,-35391.207077,-915.3583204330321,1 1 1,4346.707967999998,651,119.90888318705228,0.4291757598614056,4.142671866086594,0.7342250896236607,0.03053676877169753
original_sw_1985,1726,217,interstitial,PW91,dft,-35389.524939,-914.4700224569973,1 1 1,4346.707967999998,651,83.45871115208253,0.3580513722636045,3.0630390557580336,0.7591893558229929,0.026878519813340773
original_sw_1985,1727,217,interstitial,PW91,dft,-35390.566347,-914.8057186557423,1 1 1,4346.707967999998,651,120.71190416008352,0.4306104411326055,4.364364877692626,0.7673251574179304,0.030130647929712318
original_sw_1985,1728,217,interstitial,PW91,dft,-35391.423853,-916.4435589856305,1 1 1,4346.707967999998,651,114.40052117951234,0.4192021556246543,4.230159326071565,0.7469144032145447,0.02653463719290272
original_sw_1985,1729,217,interstitial,PW91,dft,-35392.394429,-917.7433738712595,1 1 1,4346.707967999998,651,95.35862971676933,0.3827273572396888,4.200491234680302,0.7178032207171332,0.02501740730519142
original_sw_1985,1730,217,interstitial,PW91,dft,-35390.988317,-914.6402878237399,1 1 1,4346.707967999998,651,133.53781911549333,0.4529097242314071,4.336058685178474,0.7681178768218073,0.0328375642062424
original_sw_1985,1731,217,interstitial,PW91,dft,-35392.146614,-917.5090708999466,1 1 1,4346.707967999998,651,106.02003898030664,0.40355569966824406,4.15477315081838,0.7523563357964475,0.024955139891898348
original_sw_1985,1732,217,interstitial,PW91,dft,-35392.520445,-916.8978893446923,1 1 1,4346.707967999998,651,115.64467199804433,0.4214754859424829,4.660379144286157,0.7540940605790597,0.02949436825714713
original_sw_1985,1733,217,interstitial,PW91,dft,-35392.520445,-916.8978893446923,1 1 1,4346.707967999998,651,115.64471812352477,0.4214755699963222,4.660379144286157,0.7540940530579037,0.02949436825714713
original_sw_1985,1734,217,interstitial,PW91,dft,-35405.337289,-930.1397259057841,1 1 1,4399.077383787771,651,247.02292946951803,0.6159963510942834,5.5518906186946335,0.10769396394434595,0.02753587719219741
original_sw_1985,1735,217,interstitial,PW91,dft,-35391.490697,-914.2201299007481,1 1 1,4399.077383787771,651,215.21345718116277,0.574968719086572,5.449731248839575,0.7443277400935767,0.0370888910402849
original_sw_1985,1736,217,interstitial,PW91,dft,-35390.096103,-912.3463289355935,1 1 1,4399.077383787771,651,155.2622855296321,0.4883627078863823,4.475210253402357,0.8011633847007111,0.03929721806865594
original_sw_1985,1737,217,interstitial,PW91,dft,-35390.938837,-912.4480728460045,1 1 1,4399.077383787771,651,174.0476599093034,0.517063164707111,5.136691733911672,0.6770069969746902,0.04271191894232551
original_sw_1985,1738,217,interstitial,PW91,dft,-35389.463159,-910.0181807751015,1 1 1,4399.077383787771,651,180.20673358624896,0.5261323587891664,5.351489627392087,0.7286888815782707,0.04710921880824337
original_sw_1985,1739,217,interstitial,PW91,dft,-35390.843342,-911.2138221647177,1 1 1,4399.077383787771,651,214.99093339531254,0.5746713926380964,6.3477433459062,0.7302812111123267,0.04795964097589156
original_sw_1985,1740,217,interstitial,PW91,dft,-35392.29135,-914.0843858699145,1 1 1,4399.077383787771,651,227.2888427034635,0.5908790123409211,6.115520762660232,0.7179686474347136,0.04140408473074597
original_sw_1985,1741,217,interstitial,PW91,dft,-35392.343844,-913.7955576312627,1 1 1,4399.077383787771,651,202.08203357376607,0.5571515685278151,5.798664009899957,0.7010640834081105,0.04297699827294199
original_sw_1985,1742,217,interstitial,PW91,dft,-35391.831295,-913.0175370290782,1 1 1,4399.077383787771,651,241.24534669797112,0.608750005690782,5.95177819359609,0.7218360928841967,0.04420036971158048
original_sw_1985,1743,217,interstitial,PW91,dft,-35392.494419,-916.4356934232658,1 1 1,4399.077383787771,651,143.87258102796227,0.4701089539823522,5.593781987647268,0.6940669157312929,0.031504367895033525
original_sw_1985,1744,217,interstitial,PW91,dft,-35391.981882,-915.7604187478656,1 1 1,4399.077383787771,651,151.10976743739894,0.48178777322508326,5.091051315273962,0.7013526321640717,0.032254311099655375
original_sw_1985,1745,217,interstitial,PW91,dft,-35392.692783,-914.7416443677372,1 1 1,4399.077383787771,651,218.4877005151709,0.5793259769602151,5.46541976298002,0.6952750082186588,0.040225165385941786
original_sw_1985,1746,217,interstitial,PW91,dft,-35390.701563,-913.3518760042265,1 1 1,4399.077383787771,651,189.92061282337724,0.5401265892803131,5.181805259355543,0.7312730961828978,0.03745349885837257
original_sw_1985,1747,217,interstitial,PW91,dft,-35391.329423,-911.7138972181648,1 1 1,4399.077383787771,651,195.2286928599952,0.5476225572625062,5.684873320657612,0.7246081600391978,0.04789515225035945
original_sw_1985,1748,217,interstitial,PW91,dft,-35390.276934,-913.236211190421,1 1 1,4399.077383787771,651,151.78599730919223,0.4828645917776689,4.538302754697476,0.7220987597949386,0.03602970076529033
original_sw_1985,1749,217,interstitial,PW91,dft,-35392.631963,-916.0090283921439,1 1 1,4399.077383787771,651,167.19115002687707,0.5067761271528469,5.8455408007362655,0.7116810317374417,0.03410440951311955
original_sw_1985,1750,217,interstitial,PW91,dft,-35391.231087,-914.0651935264752,1 1 1,4399.077383787771,651,185.9215033363917,0.5344096809770136,5.638964536262078,0.696512496056148,0.03660652410143328
original_sw_1985,1751,217,interstitial,PW91,dft,-35391.698922,-915.3854841385396,1 1 1,4399.077383787771,651,154.07785676381644,0.48649638788822414,4.894294343996266,0.7378283834910028,0.0326781572255852
original_sw_1985,1752,217,interstitial,PW91,dft,-35390.393806,-910.2976632684607,1 1 1,4399.077383787771,651,241.9679823389935,0.6096610606030683,5.862716766565815,0.7395359494550657,0.05010997690335106
original_sw_1985,1753,217,interstitial,PW91,dft,-35390.583705,-913.7806163106133,1 1 1,4399.077383787771,651,145.36579549765614,0.472542223339017,4.4837894341040245,0.7252156446959952,0.03493461265380393
original_sw_1985,1754,217,interstitial,PW91,dft,-35391.938537,-913.0707543216312,1 1 1,4399.077383787771,651,206.57062896966832,0.5633052406255724,5.61459565178035,0.735912090102157,0.044449331497042444
original_sw_1985,1755,217,interstitial,PW91,dft,-35391.938537,-913.0707543216312,1 1 1,4399.077383787771,651,206.57065044818958,0.5633052699108666,5.61459565178035,0.7359120481226293,0.044449331497042444
original_sw_1985,1756,217,interstitial,PW91,dft,-35404.492747,-929.148719011751,1 1 1,4294.7558361771535,651,278.4792700526367,0.65404245747441,5.892180923084433,0.11844708980557579,0.02821083062090768
original_sw_1985,1757,217,interstitial,PW91,dft,-35392.778783,-916.9287447844016,1 1 1,4294.7558361771535,651,203.4929615050936,0.5590931893023385,5.7234356285196455,0.6966908385300506,0.03054267498657559
original_sw_1985,1758,217,interstitial,PW91,dft,-35389.730085,-913.7227066383938,1 1 1,4294.7558361771535,651,163.32987089546236,0.5008899466975827,5.0109631593009825,0.8169387284748029,0.031267744783864515
original_sw_1985,1759,217,interstitial,PW91,dft,-35387.978189,-911.2702944117116,1 1 1,4294.7558361771535,651,176.19682305589077,0.5202457517125415,4.729447592370324,0.8314418200106805,0.034495930160255206
original_sw_1985,1760,217,interstitial,PW91,dft,-35391.994321,-915.6461729196418,1 1 1,4294.7558361771535,651,165.0657424975207,0.5035446436389852,5.524407493363851,0.6839568086156951,0.032838112151363674
original_sw_1985,1761,217,interstitial,PW91,dft,-35391.898998,-914.9694951191981,1 1 1,4294.7558361771535,651,226.46097661303978,0.5898019358414607,5.740833598136696,0.7070018414923536,0.03551716653128256
original_sw_1985,1762,217,interstitial,PW91,dft,-35391.041879,-911.6748921042642,1 1 1,4294.7558361771535,651,239.26870549434025,0.6062509828574106,6.672226496608877,0.7335182060579227,0.04674981176139337
original_sw_1985,1763,217,interstitial,PW91,dft,-35388.800109,-910.2883101340433,1 1 1,4294.7558361771535,651,219.8243885957836,0.5810954068678603,6.031897881272386,0.7803819335778379,0.04280885309883953
original_sw_1985,1764,217,interstitial,PW91,dft,-35391.822725,-914.2764563252671,1 1 1,4294.7558361771535,651,233.85608571718575,0.5993546013184825,6.4148255939364915,0.7482605203111914,0.03835940521300163
original_sw_1985,1765,217,interstitial,PW91,dft,-35392.199492,-916.4004776900233,1 1 1,4294.7558361771535,651,178.36962418261055,0.5234436725324912,5.478258554081439,0.7360606112788474,0.03030754178093975
original_sw_1985,1766,217,interstitial,PW91,dft,-35392.397456,-917.9025059834813,1 1 1,4294.7558361771535,651,131.87451858861084,0.4500802430395245,4.064803058733936,0.7405671559905629,0.024298028907866254
original_sw_1985,1767,217,interstitial,PW91,dft,-35391.465187,-914.742087907687,1 1 1,4294.7558361771535,651,239.1400656882717,0.6060879893438231,6.806853902089789,0.757255272609731,0.03456599699909191
original_sw_1985,1768,217,interstitial,PW91,dft,-35390.965713,-915.3027392032247,1 1 1,4294.7558361771535,651,156.73009758181436,0.49066570908033014,5.109826107785679,0.7902455883954649,0.029680626973562774
original_sw_1985,1769,217,interstitial,PW91,dft,-35391.219029,-913.9814325726267,1 1 1,4294.7558361771535,651,222.86273049619209,0.5850974822559319,6.179651410182631,0.7360338400630587,0.03693695246019413
original_sw_1985,1770,217,interstitial,PW91,dft,-35391.649366,-915.4832234922447,1 1 1,4294.7558361771535,651,179.7188612561576,0.5254196790215996,5.394955011098135,0.7712429729222005,0.03199937679374543
original_sw_1985,1771,217,interstitial,PW91,dft,-35391.522791,-913.8853454028127,1 1 1,4294.7558361771535,651,226.04438257159853,0.5892591909501276,5.813075494189806,0.718152238008759,0.03877957536256993
original_sw_1985,1772,217,interstitial,PW91,dft,-35390.104622,-914.2840703891252,1 1 1,4294.7558361771535,651,150.1932802975835,0.48032451955142735,3.8710977253524925,0.785184914857523,0.030406792015502226
original_sw_1985,1773,217,interstitial,PW91,dft,-35390.743503,-912.6730855628564,1 1 1,4294.7558361771535,651,218.36878952267716,0.5791683076673506,6.331549402907338,0.74418825277204,0.04077483729783804
original_sw_1985,1774,217,interstitial,PW91,dft,-35390.083696,-911.4344333332767,1 1 1,4294.7558361771535,651,222.11169006713362,0.5841107701525396,6.330954064592177,0.7619482665079097,0.0434423268350832
original_sw_1985,1775,217,interstitial,PW91,dft,-35391.960349,-915.6539996560145,1 1 1,4294.7558361771535,651,180.70541479079097,0.5268598317586219,5.832724764117801,0.7505210813429866,0.032645491246433345
original_sw_1985,1776,217,interstitial,PW91,dft,-35391.033769,-915.8299883277666,1 1 1,4294.7558361771535,651,144.1132051937036,0.47050191390555685,4.196541911733445,0.7459463845177582,0.02756452962544742
original_sw_1985,1777,217,interstitial,PW91,dft,-35391.033769,-915.8299883277666,1 1 1,4294.7558361771535,651,144.1132027998689,0.47050190999785174,4.196541911733445,0.7459463946969943,0.02756452962544742
original_sw_1985,1778,144,screw_disloc,PW91,dft,-23487.532404,-614.9664331558424,1 1 1,2889.974033768585,432,7.897857567082108,0.13521123363677648,0.8157066253316518,0.1326137124651757,-0.007078607331133746
original_sw_1985,1779,144,screw_disloc,PW91,dft,-23485.626153,-612.1102747525597,1 1 1,2889.974033768585,432,24.780345412285104,0.23950346694063926,1.4630755272659457,0.43711883394357925,-0.0004820281416781924
original_sw_1985,1780,144,screw_disloc,PW91,dft,-23475.813755,-597.4891308543102,1 1 1,2889.974033768585,432,102.32858047935073,0.48669468260149623,3.084923742693669,0.9469090155537844,0.03291204059617403
original_sw_1985,1781,144,screw_disloc,PW91,dft,-23459.660011,-573.069664591359,1 1 1,2889.974033768585,432,309.87430554763023,0.8469366169980532,6.42596667585321,1.2251691237067066,0.09031288964443895
original_sw_1985,1782,144,screw_disloc,PW91,dft,-23452.131748,-563.2867457781405,1 1 1,2889.974033768585,432,305.221023510029,0.8405534765938191,5.667496340957962,1.068764022399022,0.10597022168067438
original_sw_1985,1783,144,screw_disloc,PW91,dft,-23456.835935,-572.0912402238715,1 1 1,2889.974033768585,432,188.34539241481065,0.6602913786078942,4.915452324815231,0.8150767611996339,0.07749586441864276
original_sw_1985,1784,144,screw_disloc,PW91,dft,-23459.945049,-576.5460437807732,1 1 1,2889.974033768585,432,160.04232905988312,0.608661116143692,4.557960674617041,0.7887084679885541,0.06815079805129454
original_sw_1985,1785,144,screw_disloc,PW91,dft,-23460.962112,-577.4237345434691,1 1 1,2889.974033768585,432,171.28522526548932,0.6296773594496212,4.9975407194771595,0.9151619577024028,0.06911866081034557
original_sw_1985,1786,144,screw_disloc,PW91,dft,-23462.061807,-578.6436197488301,1 1 1,2889.974033768585,432,180.18309694885565,0.645825442512468,4.4361781655475285,1.0087068921316025,0.0682840066064454
original_sw_1985,1787,144,screw_disloc,PW91,dft,-23464.150206,-582.3164506915627,1 1 1,2889.974033768585,432,125.71339989138941,0.5394471619068242,3.0498862034070773,0.9678841359054813,0.057281007004133855
original_sw_1985,1788,144,screw_disloc,PW91,dft,-23466.717399,-585.7362745601721,1 1 1,2889.974033768585,432,100.2580377246135,0.48174556669387,2.5798358332480387,0.9144042354867771,0.051359959305460556
original_sw_1985,1789,144,screw_disloc,PW91,dft,-23470.841659,-590.4126157956412,1 1 1,2889.974033768585,432,97.09033549769593,0.47407398893570113,2.9149799940655243,0.8031293219487399,0.04752606183692887
original_sw_1985,1790,144,screw_disloc,PW91,dft,-23471.466904,-590.4401931645484,1 1 1,2889.974033768585,432,108.91712860529309,0.5021184948621419,3.985040028616516,0.8728055716023695,0.05167653149729645
original_sw_1985,1791,144,screw_disloc,PW91,dft,-23468.912229,-586.8677059401175,1 1 1,2889.974033768585,432,128.86108069716425,0.5461588950578788,4.296656145579404,1.0212771082350085,0.05874467194474331
original_sw_1985,1792,144,screw_disloc,PW91,dft,-23468.175907,-587.2535401000383,1 1 1,2889.974033768585,432,97.53673709066457,0.4751625869175392,3.3397056087985355,1.0094779112643106,0.05095192083418443
original_sw_1985,1793,144,screw_disloc,PW91,dft,-23467.702993,-586.8433808116604,1 1 1,2889.974033768585,432,91.07190264267405,0.4591454992163534,2.4032742932942726,0.9934294124962938,0.050516124225675973
original_sw_1985,1794,144,screw_disloc,PW91,dft,-23468.111092,-587.297502605669,1 1 1,2889.974033768585,432,84.38684789790112,0.44197276577814826,2.082576223451667,0.970638592814006,0.05019652148949039
original_sw_1985,1795,144,screw_disloc,PW91,dft,-23467.905936,-586.6483607501589,1 1 1,2889.974033768585,432,97.29621831167748,0.4745763664293951,2.6242095016080405,1.0044351175526056,0.053279756597206074
original_sw_1985,1796,144,screw_disloc,PW91,dft,-23469.078542,-588.4633398816766,1 1 1,2889.974033768585,432,79.97107091898344,0.4302536690370799,1.7579299937967996,1.0198377039010413,0.04881883207277227
original_sw_1985,1797,214,divacancy,PW91,dft,-34911.97886,-919.3257252257832,1 1 1,4346.707967999998,642,2.13616566136084,0.05768328044798756,0.3085421537119439,0.05524920752592738,-0.00016876676657950895
original_sw_1985,1798,214,divacancy,PW91,dft,-34883.855181,-879.9880648901504,1 1 1,4346.707967999998,642,137.70771229189438,0.4631392816681981,3.440126885658839,1.038694341796724,0.05223301517561829
original_sw_1985,1799,214,divacancy,PW91,dft,-34886.109639,-884.321690569894,1 1 1,4346.707967999998,642,117.95275605512236,0.42863391647625504,1.5926538669965713,1.0031965930180338,0.04251727835440633
original_sw_1985,1800,214,divacancy,PW91,dft,-34884.795364,-882.2681659781528,1 1 1,4346.707967999998,642,102.30423031551564,0.39918965877014834,1.8584843227453915,0.9872370515232457,0.04597171569898695
original_sw_1985,1801,214,divacancy,PW91,dft,-34884.366125,-882.4616236204376,1 1 1,4346.707967999998,642,109.96868113360834,0.4138729038991855,1.6105083419191364,1.0326405822196998,0.04306191830514017
original_sw_1985,1802,214,divacancy,PW91,dft,-34882.319489,-878.9284021506919,1 1 1,4346.707967999998,642,144.319255318624,0.4741269322115376,2.471827113410476,1.0325803245552971,0.050008579378700624
original_sw_1985,1803,214,divacancy,PW91,dft,-34884.371719,-882.3336572683709,1 1 1,4346.707967999998,642,102.0793824962978,0.39875074096611357,1.5003988091639242,1.0128025604775932,0.04368603209984734
original_sw_1985,1804,214,divacancy,PW91,dft,-34883.233609,-880.6075473061381,1 1 1,4346.707967999998,642,115.63682820545193,0.42440507784656634,1.4899373169269494,0.9994422795884572,0.046433695474758174
original_sw_1985,1805,214,divacancy,PW91,dft,-34885.111682,-882.3623089362972,1 1 1,4346.707967999998,642,115.59080152301152,0.4243206069120067,1.5549471244414026,1.023350148306883,0.047009916829150455
original_sw_1985,1806,214,divacancy,PW91,dft,-34882.390568,-877.5519485266302,1 1 1,4346.707967999998,642,142.58521784003548,0.4712699384546197,2.008529412737384,0.9886177213326807,0.05677275051920283
original_sw_1985,1807,214,divacancy,PW91,dft,-34886.503962,-883.4425065065657,1 1 1,4346.707967999998,642,103.0772976863786,0.40069506916395053,1.7872514601187257,0.9770803886881745,0.04846824594007071
original_sw_1985,1808,214,divacancy,PW91,dft,-34884.92587,-881.5346359177499,1 1 1,4346.707967999998,642,110.49926596740482,0.41487014439382514,1.938784382237873,0.9744299070481388,0.05000926738309097
original_sw_1985,1809,214,divacancy,PW91,dft,-34884.043038,-879.7086064631301,1 1 1,4346.707967999998,642,142.27884318379188,0.47076335435152433,2.3827772037978145,1.0124387138675086,0.054416732124351164
original_sw_1985,1810,214,divacancy,PW91,dft,-34882.662369,-877.4237142171714,1 1 1,4346.707967999998,642,115.22665492216201,0.42365170943452407,1.912964177708991,1.0501883168037485,0.0586420743951539
original_sw_1985,1811,214,divacancy,PW91,dft,-34884.369964,-880.6954595111905,1 1 1,4346.707967999998,642,117.58709879967952,0.4279690114551005,1.64687325513189,1.093111774369513,0.051332960871681266
original_sw_1985,1812,214,divacancy,PW91,dft,-34884.701742,-882.3534400414727,1 1 1,4346.707967999998,642,116.837207280203,0.42660217936570427,1.6073677524818075,1.0123493052467063,0.045135752786248595
original_sw_1985,1813,214,divacancy,PW91,dft,-34884.24739,-880.4448645211152,1 1 1,4346.707967999998,642,117.59642350446639,0.42798598017708567,1.7943752311559864,1.0179682368554401,0.05193118979727096
original_sw_1985,1814,214,divacancy,PW91,dft,-34885.818216,-883.1161355037224,1 1 1,4346.707967999998,642,114.80861547697108,0.42288251219813755,1.8198277176938644,1.0146553052379452,0.04678892352343489
original_sw_1985,1815,214,divacancy,PW91,dft,-34883.46003,-880.5213828584057,1 1 1,4346.707967999998,642,129.37585209273942,0.44890981147224074,2.3336652327427587,1.0220675081175845,0.047894375137071954
original_sw_1985,1816,214,divacancy,PW91,dft,-34885.738349,-883.901359135013,1 1 1,4346.707967999998,642,103.89794980284012,0.40228697813502434,2.005044431663995,0.9878764276214691,0.04274644393793725
original_sw_1985,1817,214,divacancy,PW91,dft,-34881.542934,-877.1020416264279,1 1 1,4346.707967999998,642,134.84364846224815,0.45829775867985484,2.84444373867321,1.0495766884228543,0.05491421266964647
original_sw_1985,1818,214,divacancy,PW91,dft,-34884.701843,-881.1273056860833,1 1 1,4346.707967999998,642,120.98882962633668,0.4341153313502035,2.1678398594691624,1.0275250656487407,0.050865824540451854
original_sw_1985,1819,214,divacancy,PW91,dft,-34886.160154,-883.6111210194657,1 1 1,4346.707967999998,642,111.0705115533511,0.415941134466968,2.3164986197077897,0.9571926565552202,0.04607374821620791
original_sw_1985,1820,214,divacancy,PW91,dft,-34886.122337,-884.2821204633179,1 1 1,4346.707967999998,642,133.62729255702826,0.45622604073484485,2.37590822185601,1.0020816997754056,0.04276152184308213
original_sw_1985,1821,214,divacancy,PW91,dft,-34884.293506,-881.988813592694,1 1 1,4346.707967999998,642,106.4617720136684,0.4072202172255701,2.589456422473026,1.0456438803094028,0.044931969836644825
original_sw_1985,1822,214,divacancy,PW91,dft,-34883.329434,-880.5493184791085,1 1 1,4346.707967999998,642,122.54686796962835,0.43690155860938396,1.7957960429656712,1.0471489812284833,0.0471535731711592
original_sw_1985,1823,214,divacancy,PW91,dft,-34910.645469,-918.1721355914457,1 1 1,4291.015624999997,642,4.892918690415007,0.08730045060971271,0.3844945779536499,0.22219154789276846,-0.00100896006405371
original_sw_1985,1824,214,divacancy,PW91,dft,-34881.05269,-876.4518471716369,1 1 1,4291.015624999997,642,119.1423493303923,0.43078995273877196,1.8721434989538897,1.0831920440793026,0.055661644701377355
original_sw_1985,1825,214,divacancy,PW91,dft,-34884.994432,-883.5763020738905,1 1 1,4291.015624999997,642,117.26282123341407,0.42737848509541493,1.804916131557061,1.0593185536560463,0.040789154503939606
original_sw_1985,1826,214,divacancy,PW91,dft,-34883.443523,-880.2076206983193,1 1 1,4291.015624999997,642,110.76764806754802,0.41537365993016695,1.6636234177498594,1.021828022838149,0.049283417941199836
original_sw_1985,1827,214,divacancy,PW91,dft,-34884.887333,-883.8991897331888,1 1 1,4291.015624999997,642,131.8702215252198,0.4532166473978372,2.4127327418813542,1.017384005146551,0.03877987104926994
original_sw_1985,1828,214,divacancy,PW91,dft,-34885.448944,-883.1394893546371,1 1 1,4291.015624999997,642,115.42470281648744,0.42401563264047315,2.0189051195053875,1.0061120344969825,0.044954223285532
original_sw_1985,1829,214,divacancy,PW91,dft,-34884.31011,-882.2257222614669,1 1 1,4291.015624999997,642,103.93016707253778,0.40234934502256864,1.9481344993546252,1.0752863927122767,0.043902508767613035
original_sw_1985,1830,214,divacancy,PW91,dft,-34883.733618,-882.7375535935367,1 1 1,4291.015624999997,642,113.49327236297762,0.4204530866495974,1.7631338292596923,1.051072860544431,0.038816885720541094
original_sw_1985,1831,214,divacancy,PW91,dft,-34883.292603,-880.3496808747567,1 1 1,4291.015624999997,642,130.65046535402755,0.45111572544936457,2.4337920262052295,1.046872021188304,0.047914351696173973
original_sw_1985,1832,214,divacancy,PW91,dft,-34882.806412,-880.1037596796631,1 1 1,4291.015624999997,642,136.89990076379053,0.46177886570941407,2.059444667443993,1.0446794606110459,0.046791595598469904
original_sw_1985,1833,214,divacancy,PW91,dft,-34886.475762,-884.4670457926635,1 1 1,4291.015624999997,642,117.72499145696807,0.42821987440612663,1.963042367673183,0.9672739540230101,0.0435489034816392
original_sw_1985,1834,214,divacancy,PW91,dft,-34883.698106,-881.3446764595578,1 1 1,4291.015624999997,642,128.12790181482603,0.44673948902143285,2.2130302866926685,1.0277766490034497,0.045159713449451466
original_sw_1985,1835,214,divacancy,PW91,dft,-34883.898646,-880.0829104603527,1 1 1,4291.015624999997,642,119.52362186287115,0.4314786968437925,1.803470883805762,1.052336909465261,0.05199291905320802
original_sw_1985,1836,214,divacancy,PW91,dft,-34883.368806,-881.8592349169533,1 1 1,4291.015624999997,642,129.60793444580605,0.4493122720651622,2.5108302391968125,1.0678698632238013,0.041216449629813745
original_sw_1985,1837,214,divacancy,PW91,dft,-34882.184593,-879.6254884293537,1 1 1,4291.015624999997,642,122.24131624920493,0.4363565453342971,2.0002426101351785,1.0381208121018493,0.04612081172138627
original_sw_1985,1838,214,divacancy,PW91,dft,-34884.192191,-882.0080826139589,1 1 1,4291.015624999997,642,122.33331489659632,0.43652071512117363,2.5292551257219165,1.018631269111183,0.0443684931017545
original_sw_1985,1839,214,divacancy,PW91,dft,-34884.136843,-882.6598757580504,1 1 1,4291.015624999997,642,121.36782012833146,0.4347947202968592,2.102611774314563,0.9759138384207817,0.04106409523218524
original_sw_1985,1840,214,divacancy,PW91,dft,-34884.398285,-881.4342471117383,1 1 1,4291.015624999997,642,115.61725062098873,0.42436914994153474,2.1849483502587894,1.0199812188195936,0.04801302348599101
original_sw_1985,1841,214,divacancy,PW91,dft,-34884.248019,-881.6227723839014,1 1 1,4291.015624999997,642,119.70906642392062,0.4318132933183979,2.2975613508993984,1.018712035599326,0.046429886700142475
original_sw_1985,1842,214,divacancy,PW91,dft,-34883.17992,-880.7630714403182,1 1 1,4291.015624999997,642,125.62634076907193,0.44235693565129464,2.430578792467134,1.011940924386541,0.045456064006640595
original_sw_1985,1843,214,divacancy,PW91,dft,-34884.489884,-882.017475385474,1 1 1,4291.015624999997,642,122.00812243918749,0.4359401385768583,2.443757266082343,1.0481832503518762,0.04571569043113222
original_sw_1985,1844,214,divacancy,PW91,dft,-34883.451418,-880.9033054499566,1 1 1,4291.015624999997,642,120.34391933332145,0.4329567966282625,1.7936748003087692,1.0533672240171728,0.04606944713914629
original_sw_1985,1845,214,divacancy,PW91,dft,-34884.013569,-881.615973544047,1 1 1,4291.015624999997,642,113.84528988241158,0.4211046330383616,2.446218003023258,0.9780073187434396,0.045366096232192454
original_sw_1985,1846,214,divacancy,PW91,dft,-34883.730007,-879.893308537722,1 1 1,4291.015624999997,642,122.38813361029024,0.43661850869427016,2.1760704422767105,1.0362798559774637,0.05209087663555678
original_sw_1985,1847,214,divacancy,PW91,dft,-34882.255947,-878.4797296833231,1 1 1,4291.015624999997,642,126.50340136096958,0.4438984078732584,2.450978273997884,1.0463337279088625,0.05180825445986681
original_sw_1985,1848,214,divacancy,PW91,dft,-34886.090112,-884.9235010477646,1 1 1,4291.015624999997,642,125.98600844387535,0.44298971606783594,2.6552208715323116,0.9454871773521749,0.03961383219612191
original_sw_1985,1849,214,divacancy,PW91,dft,-34910.855197,-917.5496469566376,1 1 1,4410.944000000001,642,4.882928702762708,0.08721128337680004,0.3595592208781032,0.22507781816878344,0.002879902715403837
original_sw_1985,1850,214,divacancy,PW91,dft,-34882.992306,-878.8868566148038,1 1 1,4410.944000000001,642,110.57634209748534,0.41501481056311385,1.8681177178267085,1.000607614259465,0.05334672206975899
original_sw_1985,1851,214,divacancy,PW91,dft,-34884.936056,-881.170036881464,1 1 1,4410.944000000001,642,120.00427503007373,0.43234540216800704,1.7711379503293478,1.0070985401980301,0.0517605993283734
original_sw_1985,1852,214,divacancy,PW91,dft,-34878.452366,-872.3609721326397,1 1 1,4410.944000000001,642,125.2491554933645,0.4416923618459219,1.6438587328069447,1.0572044286379148,0.06262683647238987
original_sw_1985,1853,214,divacancy,PW91,dft,-34884.138315,-880.7725936120015,1 1 1,4410.944000000001,642,113.25122166129626,0.42000449052134414,2.0006482852381122,0.9679492196218306,0.04989004918566131
original_sw_1985,1854,214,divacancy,PW91,dft,-34881.080582,-875.6946147103986,1 1 1,4410.944000000001,642,103.05299530604537,0.4006478307408256,1.540143322370207,0.9535700106412703,0.059330450595036055
original_sw_1985,1855,214,divacancy,PW91,dft,-34884.296222,-880.9149399324444,1 1 1,4410.944000000001,642,123.43686254078014,0.4384851836653664,1.8242700483278562,1.0214157153793884,0.049962762641543534
original_sw_1985,1856,214,divacancy,PW91,dft,-34882.712262,-877.8960417419805,1 1 1,4410.944000000001,642,129.29037932201425,0.44876149977371044,1.772018008269625,1.0703716434117347,0.056668081288590244
original_sw_1985,1857,214,divacancy,PW91,dft,-34883.779711,-880.0885618083471,1 1 1,4410.944000000001,642,107.06430513560674,0.4083709470925839,1.9993010236254258,0.9905302739946922,0.051410739856962095
original_sw_1985,1858,214,divacancy,PW91,dft,-34884.842289,-881.2507010689427,1 1 1,4410.944000000001,642,104.44476305051828,0.40334420388504516,1.5095596504211144,1.018325340897734,0.050945500321471826
original_sw_1985,1859,214,divacancy,PW91,dft,-34885.882862,-883.1111887691563,1 1 1,4410.944000000001,642,100.02242983929526,0.39471277825752554,1.3655861394332136,0.9917237013935702,0.04711412321764019
original_sw_1985,1860,214,divacancy,PW91,dft,-34885.894376,-881.9563879644667,1 1 1,4410.944000000001,642,115.16539872375051,0.4235390846988317,1.8853146848651068,0.9690075947493556,0.05256419239844057
original_sw_1985,1861,214,divacancy,PW91,dft,-34882.052161,-876.2738649267177,1 1 1,4410.944000000001,642,119.30698013121396,0.431087482594735,1.7650616425164272,1.014213133174013,0.061163762668299704
original_sw_1985,1862,214,divacancy,PW91,dft,-34882.996279,-878.9897014284131,1 1 1,4410.944000000001,642,114.4752746571237,0.4222681572912957,1.9709406882878409,1.047225908653124,0.05288470424915559
original_sw_1985,1863,214,divacancy,PW91,dft,-34883.577272,-878.7843473514386,1 1 1,4410.944000000001,642,109.43557675458402,0.4128685019824818,1.2723548056890426,1.0193381139947468,0.05655922330046792
original_sw_1985,1864,214,divacancy,PW91,dft,-34885.238654,-883.5246816945107,1 1 1,4410.944000000001,642,104.50156621133513,0.4034538700412983,1.778810303464025,0.9409946046348349,0.0421715955291031
original_sw_1985,1865,214,divacancy,PW91,dft,-34883.761494,-878.6086211249291,1 1 1,4410.944000000001,642,115.10236722150151,0.4234231646444004,2.1462286276715443,0.9799450314228245,0.05824122435889567
original_sw_1985,1866,214,divacancy,PW91,dft,-34885.389641,-880.8643025747405,1 1 1,4410.944000000001,642,116.90214368216215,0.42672071250774624,1.6334265987706351,0.9875749850440397,0.05530882038783691
original_sw_1985,1867,214,divacancy,PW91,dft,-34885.264637,-882.6267082368216,1 1 1,4410.944000000001,642,113.61322273311858,0.42067521516717377,2.0685079116744487,0.9661507642734806,0.046489149069688374
original_sw_1985,1868,214,divacancy,PW91,dft,-34881.751888,-876.1634228008105,1 1 1,4410.944000000001,642,121.19309082266298,0.4344816276558804,1.6495453998476164,1.0645365152596615,0.060276702508993196
original_sw_1985,1869,214,divacancy,PW91,dft,-34883.477407,-879.149566116205,1 1 1,4410.944000000001,642,119.44671793795436,0.43133986343135,1.8129036522118824,0.986434478380521,0.054385934680031056
original_sw_1985,1870,214,divacancy,PW91,dft,-34882.901284,-878.6574389837627,1 1 1,4410.944000000001,642,110.76678753048296,0.4153720464395373,1.6653849143146364,0.977658416097861,0.05399343062603812
original_sw_1985,1871,214,divacancy,PW91,dft,-34884.368766,-880.774535081966,1 1 1,4410.944000000001,642,102.31571771806652,0.3992120699821315,1.8606672404074724,0.9350545510949425,0.050957850727885834
original_sw_1985,1872,214,divacancy,PW91,dft,-34882.452453,-876.8935267613317,1 1 1,4410.944000000001,642,115.81358677334745,0.424729319654367,1.5592343210317252,0.9826625546200163,0.060138669983189175
original_sw_1985,1873,214,divacancy,PW91,dft,-34883.991864,-879.5471558368162,1 1 1,4410.944000000001,642,126.29166516273207,0.4435267628340481,2.2698978054588075,1.027039727579151,0.05493204346226488
original_sw_1985,1874,214,divacancy,PW91,dft,-34881.846804,-876.503512822865,1 1 1,4410.944000000001,642,119.20528103129116,0.43090371063255206,1.6560644050777518,1.0107117679207813,0.05913102950873661
original_sw_1985,1875,63,vacancy,PW91,dft,-10276.460533,-268.7599085732054,1 1 1,1302.1048650963166,189,1.250846269384438,0.08135253056634004,0.29864014499590286,0.08231087126925346,0.008048570168458724
original_sw_1985,1876,63,vacancy,UNSPECIFIED,dft,-10275.877021,-267.42334432008687,1 1 1,1301.6091132053368,189,4.556113499635385,0.1552624250518826,0.8408782788529311,0.289199744201361,
original_sw_1985,1877,63,vacancy,UNSPECIFIED,dft,-10275.644237,-267.1071866719232,1 1 1,1298.1360777324062,189,5.207996752394839,0.16599860954977746,0.5005966523046912,0.37818659736937515,
original_sw_1985,1878,63,vacancy,UNSPECIFIED,dft,-10275.581456,-267.1012247364362,1 1 1,1292.2558747194107,189,5.9871731350514565,0.17798360805344404,0.7235001984420958,0.38103245354853554,
original_sw_1985,1879,63,vacancy,UNSPECIFIED,dft,-10275.610573,-267.1501988413648,1 1 1,1285.257538949762,189,7.628391559892842,0.2009026134853729,0.9327091836481105,0.3573807606028186,
original_sw_1985,1880,63,vacancy,UNSPECIFIED,dft,-10275.456892,-267.0574825160463,1 1 1,1278.5310020569605,189,6.746796492867916,0.18893738629794815,0.8613740556526452,0.407172097117833,
original_sw_1985,1881,63,vacancy,UNSPECIFIED,dft,-10275.270109,-267.47496502965146,1 1 1,1273.5267272945823,189,16.4539936662337,0.29505621082466654,1.9395905369949744,0.4215471216180087,
original_sw_1985,1882,63,vacancy,UNSPECIFIED,dft,-10275.286556,-267.2815708136707,1 1 1,1270.5244669793194,189,13.177849372262171,0.2640531589523403,1.859543827587657,0.41666684132657994,
original_sw_1985,1883,63,vacancy,UNSPECIFIED,dft,-10275.195801,-267.3884589051147,1 1 1,1270.4784181812784,189,21.82058856247141,0.3397835333515822,2.4083721465993198,0.44651628560423234,
original_sw_1985,1884,63,vacancy,UNSPECIFIED,dft,-10275.130573,-266.7463815987948,1 1 1,1273.258307584969,189,8.653792623636948,0.21397958444423068,1.2253627409944399,0.46436019079080526,
original_sw_1985,1885,63,vacancy,UNSPECIFIED,dft,-10275.04277,-267.16491274087736,1 1 1,1278.9018241605718,189,24.437535511041762,0.35958188175720374,2.5295048218587426,0.46603478679717875,
original_sw_1985,1886,63,vacancy,UNSPECIFIED,dft,-10274.810534,-266.417359700716,1 1 1,1285.4710298468456,189,13.878693257642814,0.27098383615711763,1.8346443105182366,0.4763908772398063,
original_sw_1985,1887,63,vacancy,UNSPECIFIED,dft,-10274.588003,-265.8819995005545,1 1 1,1292.0215168253487,189,16.054668525840434,0.2914538318766076,1.745821618223595,0.47111209665785597,
original_sw_1985,1888,63,vacancy,UNSPECIFIED,dft,-10274.536891,-265.5794563386452,1 1 1,1296.6248464061314,189,11.105670291808835,0.24240495100991816,1.0208068865680757,0.5248707621037193,
original_sw_1985,1889,63,vacancy,UNSPECIFIED,dft,-10274.432878,-265.6256426508178,1 1 1,1299.179128929401,189,15.464412537062383,0.2860459553216679,1.8572198771214081,0.5436848999663615,
original_sw_1985,1890,63,vacancy,UNSPECIFIED,dft,-10274.680608,-265.87013632143817,1 1 1,1298.9383312963637,189,12.092225724121077,0.2529427411220866,1.0902673336440531,0.5011915768937413,
original_sw_1985,1891,63,vacancy,UNSPECIFIED,dft,-10274.097732,-265.01804244885307,1 1 1,1296.1180381451825,189,13.681110164147203,0.2690479999281339,1.1318128392585554,0.5998807541533022,
original_sw_1985,1892,63,vacancy,UNSPECIFIED,dft,-10274.108052,-264.8887573056063,1 1 1,1291.6664124355223,189,13.966626496903398,0.27184093638120543,0.9416056758211947,0.5931732592563612,
original_sw_1985,1893,63,vacancy,UNSPECIFIED,dft,-10274.136447,-265.31109257454483,1 1 1,1286.8089809817789,189,15.378955986137836,0.28525451353623277,1.2668965279322213,0.6029850462317826,
original_sw_1985,1894,63,vacancy,UNSPECIFIED,dft,-10273.648178,-265.37108056006906,1 1 1,1281.950971531624,189,23.36347404357663,0.3515910476403356,1.9662960987084677,0.6201753358326332,
original_sw_1985,1895,63,vacancy,UNSPECIFIED,dft,-10273.811334,-266.0159939484761,1 1 1,1277.536931378102,189,16.93725983985496,0.2993578651510663,1.5359705248257105,0.6104997253881869,
original_sw_1985,1896,63,vacancy,UNSPECIFIED,dft,-10273.862521,-266.2834183374172,1 1 1,1274.194214044328,189,12.845500266010365,0.2607021478106207,1.0727040222004869,0.5930445030078456,
original_sw_1985,1897,63,vacancy,UNSPECIFIED,dft,-10274.001757,-266.2846736425015,1 1 1,1272.2469601167531,189,14.646148978673684,0.2783753791897089,1.3422692203089484,0.5687143360700578,
original_sw_1985,1898,63,vacancy,UNSPECIFIED,dft,-10273.135262,-265.24814537976164,1 1 1,1272.1066654479064,189,16.99801693053731,0.2998943105763603,0.964118095672638,0.6825685442459878,
original_sw_1985,1899,63,vacancy,UNSPECIFIED,dft,-10272.951671,-264.7410794964516,1 1 1,1273.689816564293,189,20.958774089687353,0.3330059828314206,1.4886211125211026,0.7152863280094117,
original_sw_1985,1900,63,vacancy,UNSPECIFIED,dft,-10273.207148,-264.7808683463339,1 1 1,1277.1446996473755,189,22.92443165488266,0.3482718610213483,1.8915446048453919,0.6978170414562469,
original_sw_1985,1901,63,vacancy,UNSPECIFIED,dft,-10272.866411,-263.8135477507771,1 1 1,1282.3862130492312,189,24.513465978340967,0.36014008134652303,1.7288337078673908,0.7447314222081489,
original_sw_1985,1902,63,vacancy,UNSPECIFIED,dft,-10272.758795,-264.2164537196061,1 1 1,1288.2897815188905,189,26.986526436275376,0.37787015515939754,2.3562821973742816,0.661513706335772,
original_sw_1985,1903,63,vacancy,UNSPECIFIED,dft,-10272.691108,-263.8930860388613,1 1 1,1293.1718968776931,189,20.004993342047825,0.32534063013909076,1.6748524141872227,0.6934048963093681,
original_sw_1985,1904,63,vacancy,UNSPECIFIED,dft,-10272.387998,-263.70308829885107,1 1 1,1296.3162618446033,189,22.317700134136224,0.34363217179534317,1.5864537694710674,0.7115182681116294,
original_sw_1985,1905,63,vacancy,UNSPECIFIED,dft,-10273.000755,-263.39105978550464,1 1 1,1296.7501114962429,189,18.74622357206757,0.31493867356388233,1.0791821366017154,0.6960587510931144,
original_sw_1985,1906,63,vacancy,UNSPECIFIED,dft,-10273.031134,-263.8068576161903,1 1 1,1295.177834519442,189,18.647329071678783,0.31410685567393976,1.6067015770477304,0.6732391963921877,
original_sw_1985,1907,63,vacancy,UNSPECIFIED,dft,-10272.398526,-264.19305947091516,1 1 1,1292.2365637276896,189,17.893823402307305,0.3076951645670147,1.108810892708007,0.7562683135569953,
original_sw_1985,1908,63,vacancy,UNSPECIFIED,dft,-10271.52338,-262.47560791821246,1 1 1,1287.560347640438,189,30.23164723645277,0.39994475303956306,2.3475677419217216,0.8472361436144367,
original_sw_1985,1909,63,vacancy,UNSPECIFIED,dft,-10271.661394,-262.0742898039227,1 1 1,1282.9639234307444,189,21.52331885683526,0.33746109990858103,1.5820775819488737,0.7861789610965537,
original_sw_1985,1910,63,vacancy,UNSPECIFIED,dft,-10271.143447,-262.3052236525927,1 1 1,1279.5164998888667,189,24.57263306520713,0.3605744466291843,1.3702623102248992,0.8309502638353153,
original_sw_1985,1911,63,vacancy,UNSPECIFIED,dft,-10272.560935,-264.34322068249674,1 1 1,1277.1291378458322,189,18.609076457483535,0.31378451522863166,1.2628934648482382,0.6889796763036423,
original_sw_1985,1912,63,vacancy,UNSPECIFIED,dft,-10270.544456,-261.0890041687118,1 1 1,1276.1034710209758,189,33.883122138219676,0.42340970526087235,2.0872165362761033,0.8494205146547695,
original_sw_1985,1913,63,vacancy,UNSPECIFIED,dft,-10270.317527,-260.8418768247893,1 1 1,1276.8154412051238,189,43.83091632763036,0.4815699432056598,2.6811477763102025,0.906255238976137,
original_sw_1985,1914,63,vacancy,UNSPECIFIED,dft,-10270.400405,-261.17949102445425,1 1 1,1279.4536545155108,189,34.87589486417973,0.42956785756725235,1.5110230034187764,0.9181911802034758,
original_sw_1985,1915,63,vacancy,UNSPECIFIED,dft,-10271.189704,-262.0088666848326,1 1 1,1283.7841677273243,189,31.84442002282774,0.4104741098166563,2.021937739352873,0.8061647792623996,
original_sw_1985,1916,63,vacancy,UNSPECIFIED,dft,-10271.587476,-262.7899328739278,1 1 1,1288.7100623968126,189,29.777352118043453,0.39692836584035607,1.3795996308129062,0.821664491817496,
original_sw_1985,1917,63,vacancy,UNSPECIFIED,dft,-10272.698135,-264.48240713936485,1 1 1,1293.4097362280024,189,17.192617167466764,0.30160608150250395,1.0338664468659036,0.7376131013682579,
original_sw_1985,1918,63,vacancy,UNSPECIFIED,dft,-10271.463228,-262.3555043132211,1 1 1,1296.153885128756,189,30.25768403478342,0.40011694080806604,1.9298814851323896,0.8032848446085292,
original_sw_1985,1919,63,vacancy,UNSPECIFIED,dft,-10271.164114,-261.85904369448923,1 1 1,1296.2493922761953,189,29.27454007188353,0.3935628874933232,1.4213699725734046,0.8960573428816982,
original_sw_1985,1920,63,vacancy,UNSPECIFIED,dft,-10270.798372,-261.7202377059454,1 1 1,1294.2603885732276,189,29.56781464043762,0.3955293462007834,1.6816021366407043,0.8180829474662524,
original_sw_1985,1921,63,vacancy,UNSPECIFIED,dft,-10271.199779,-261.74029678706296,1 1 1,1290.7433775529157,189,32.18729577351869,0.412678024906633,2.0165742126696045,0.8511843733211042,
original_sw_1985,1922,63,vacancy,UNSPECIFIED,dft,-10270.292408,-260.8364021712671,1 1 1,1287.4277454777525,189,36.8582837139453,0.44160771522682746,2.2106290264701838,0.9300485506375346,
original_sw_1985,1923,63,vacancy,UNSPECIFIED,dft,-10270.022954,-260.58530036636694,1 1 1,1284.6509229603835,189,36.4107451565545,0.438918495022453,1.825741808951742,0.9613132768789779,
original_sw_1985,1924,63,vacancy,UNSPECIFIED,dft,-10271.358241,-262.57248598372803,1 1 1,1282.872946313686,189,22.11924843267974,0.3421009507299987,1.3835585907808363,0.7745103261208736,
original_sw_1985,1925,63,vacancy,UNSPECIFIED,dft,-10271.546664,-262.82647434726385,1 1 1,1280.9449005967126,189,26.926419266486782,0.3774491049225158,1.9869078822987272,0.789288997579105,
original_sw_1985,1926,63,vacancy,UNSPECIFIED,dft,-10270.177696,-260.4121759001226,1 1 1,1279.948827316855,189,41.96486675059903,0.47120731320062453,2.021561328626937,0.8897173562683857,
original_sw_1985,1927,63,vacancy,UNSPECIFIED,dft,-10268.184742,-257.8539910065399,1 1 1,1280.3493345818501,189,34.354730265848026,0.42634617344085723,1.7544716416436776,0.9433938850151746,
original_sw_1985,1928,63,vacancy,UNSPECIFIED,dft,-10269.074643,-259.4951098682311,1 1 1,1281.9417111471046,189,35.77451735977432,0.4350668461670305,1.9859935149312198,0.9815049531308858,
original_sw_1985,1929,63,vacancy,UNSPECIFIED,dft,-10268.620206,-257.91767806202245,1 1 1,1284.656336113429,189,45.231892847530005,0.48920566674811283,1.6028307364688827,0.9373455717450365,
original_sw_1985,1930,63,vacancy,UNSPECIFIED,dft,-10269.104984,-259.60197303330074,1 1 1,1287.9555213992855,189,44.80821000447149,0.4869091046736905,2.601911372410429,0.8578307164547375,
original_sw_1985,1931,63,vacancy,UNSPECIFIED,dft,-10269.420077,-259.38374336318583,1 1 1,1291.1446342614036,189,43.702139375279856,0.4808619871260946,1.942860142246898,0.9153103668739875,
original_sw_1985,1932,63,vacancy,UNSPECIFIED,dft,-10269.440312,-259.1544652956884,1 1 1,1294.001858293714,189,34.2800970003766,0.4258828179266771,2.2261800367282003,0.8185609920513722,
original_sw_1985,1933,63,vacancy,UNSPECIFIED,dft,-10269.509234,-258.83117497705194,1 1 1,1295.4752748513376,189,33.32179568015388,0.41988783889211584,1.6098314970366616,0.8923168429241752,
original_sw_1985,1934,63,vacancy,UNSPECIFIED,dft,-10268.958177,-258.7291129716824,1 1 1,1295.7396890392624,189,35.755935507745434,0.434953841178952,1.675245069769586,0.858331346887439,
original_sw_1985,1935,63,vacancy,UNSPECIFIED,dft,-10268.301977,-258.35060143171796,1 1 1,1294.4043887769428,189,39.54731482674198,0.457433112043,1.40927675131837,0.9479746558963329,
original_sw_1985,1936,63,vacancy,UNSPECIFIED,dft,-10267.779341,-256.36187725504516,1 1 1,1292.333335169606,189,36.35672308241369,0.43859276577785117,1.5240728923517235,0.9859038698298397,
original_sw_1985,1937,63,vacancy,UNSPECIFIED,dft,-10268.067755,-257.93778910348533,1 1 1,1290.371881814771,189,48.445420189028866,0.5062854674441349,1.8008694879335125,0.9694241397454615,
original_sw_1985,1938,63,vacancy,UNSPECIFIED,dft,-10267.582208,-256.84330715438904,1 1 1,1287.9733846582424,189,38.78479552013961,0.45300171998306693,1.7258448966408848,0.9568384420821449,
original_sw_1985,1939,63,vacancy,UNSPECIFIED,dft,-10267.370565,-256.83259938582177,1 1 1,1286.4105084628384,189,45.87911236741784,0.492693237504468,1.6707393853565666,0.9691718798756764,
original_sw_1985,1940,63,vacancy,UNSPECIFIED,dft,-10267.607988,-257.5976774088198,1 1 1,1285.5704860014027,189,47.47453807656176,0.5011866240744264,1.866371646138356,1.09393733192695,
original_sw_1985,1941,63,vacancy,UNSPECIFIED,dft,-10268.600096,-258.63373335383864,1 1 1,1285.8296799331163,189,40.75172253256967,0.46434640037089303,1.5788664706723254,1.0088834852766912,
original_sw_1985,1942,63,vacancy,UNSPECIFIED,dft,-10268.671904,-258.8989529915464,1 1 1,1287.7341283152266,189,33.768630506041845,0.4226937457278852,1.6222220538778562,0.9863867511834555,
original_sw_1985,1943,63,vacancy,UNSPECIFIED,dft,-10267.724604,-257.0483588600564,1 1 1,1290.4994447112633,189,47.59473232475363,0.5018206657305496,2.0291787986018166,0.9625687642957925,
original_sw_1985,1944,63,vacancy,UNSPECIFIED,dft,-10267.302171,-256.35204034807305,1 1 1,1294.064254088655,189,49.02593171455868,0.5093097918734668,1.930449037967427,1.0511165185841833,
original_sw_1985,1945,63,vacancy,UNSPECIFIED,dft,-10267.740641,-256.7445867423974,1 1 1,1298.607741188014,189,43.33225203944948,0.4788226966340485,2.0845903256705114,1.0322437753941243,
original_sw_1985,1946,63,vacancy,UNSPECIFIED,dft,-10268.964454,-258.7814397727809,1 1 1,1302.5070445072863,189,36.497811115465694,0.4394429561638697,2.1243358269092756,0.923880286920871,
original_sw_1985,1947,63,vacancy,UNSPECIFIED,dft,-10267.824218,-257.27022482466214,1 1 1,1304.707305784263,189,42.35456599552451,0.47339014858840583,1.8332463188687516,0.9868980861565356,
original_sw_1985,1948,63,vacancy,UNSPECIFIED,dft,-10268.439965,-258.35941801878926,1 1 1,1304.281286971165,189,37.25040366166124,0.44395054101322196,1.785667158499521,0.9486535873937199,
original_sw_1985,1949,63,vacancy,UNSPECIFIED,dft,-10268.106079,-257.2514500935613,1 1 1,1301.0122214224107,189,40.654270895901334,0.4637908606389052,1.6510368366071393,1.0161774774940897,
original_sw_1985,1950,63,vacancy,UNSPECIFIED,dft,-10267.506714,-256.95610186124225,1 1 1,1296.4638598294373,189,45.66903770310921,0.4915639532372883,1.875383664490203,1.0588127773965759,
original_sw_1985,1951,63,vacancy,UNSPECIFIED,dft,-10267.391742,-256.95847496559475,1 1 1,1291.8289290523035,189,40.177054938183595,0.4610607446475352,1.6479525659512215,1.0836602873933623,
original_sw_1985,1952,63,vacancy,UNSPECIFIED,dft,-10267.80601,-257.02825971333954,1 1 1,1287.6143326162098,189,48.30111517204189,0.5055308654639493,1.7143044487478094,0.9627429675418275,
original_sw_1985,1953,63,vacancy,UNSPECIFIED,dft,-10266.892885,-256.2381402009128,1 1 1,1284.432404503389,189,47.38445614603745,0.5007109027973051,1.73327626592082,1.0238898509504137,
original_sw_1985,1954,63,vacancy,UNSPECIFIED,dft,-10266.368396,-255.5382739375121,1 1 1,1283.18819507103,189,37.60337738604598,0.44604895326548855,1.7232457981241822,1.162142779857793,
original_sw_1985,1955,63,vacancy,UNSPECIFIED,dft,-10268.633199,-258.9357387958036,1 1 1,1283.855146395105,189,29.920297661000507,0.39787994826681944,1.1984894383659457,0.9446542342896445,
original_sw_1985,1956,63,vacancy,UNSPECIFIED,dft,-10265.941009,-254.82898175725853,1 1 1,1285.3892322147863,189,50.87350925348312,0.5188178935158133,1.9312670691198162,1.0598099056383419,
original_sw_1985,1957,63,vacancy,UNSPECIFIED,dft,-10267.604185,-257.19534728824647,1 1 1,1288.3872432038777,189,42.665241350619155,0.4751231605890663,1.6870185068204522,1.101451536405278,
original_sw_1985,1958,63,vacancy,UNSPECIFIED,dft,-10267.427056,-257.00481329085954,1 1 1,1291.8684181248898,189,49.364970076497414,0.5110678211989732,1.624753178171889,1.1082939289484957,
original_sw_1985,1959,63,vacancy,UNSPECIFIED,dft,-10266.312343,-254.6483293477523,1 1 1,1295.1881061877184,189,56.74153898354319,0.5479231542668278,2.4816670044930573,1.0731179528844843,
original_sw_1985,1960,63,vacancy,UNSPECIFIED,dft,-10265.346345,-254.3793215403987,1 1 1,1297.6783313390035,189,53.40488432911036,0.5315689283158379,2.341712910626859,1.1556443529542844,
original_sw_1985,1961,63,vacancy,UNSPECIFIED,dft,-10266.900038,-255.56330350990092,1 1 1,1298.44774636511,189,40.46667895951387,0.46271958299190274,1.4174558526980559,1.063114252004719,
original_sw_1985,1962,63,vacancy,UNSPECIFIED,dft,-10265.369075,-253.17100740544527,1 1 1,1298.7170326756984,189,51.90846271556907,0.5240686509189677,1.5719530973022897,1.0714764839317024,
original_sw_1985,1963,63,vacancy,UNSPECIFIED,dft,-10265.394288,-252.883149331808,1 1 1,1298.0434962613315,189,50.62541033115372,0.5175512669499015,1.828427385529505,1.0723913748230467,
original_sw_1985,1964,63,vacancy,UNSPECIFIED,dft,-10265.758042,-254.12122180437657,1 1 1,1296.3305770401564,189,65.62505361880007,0.5892558917139286,2.8239708791278204,1.090646438704211,
original_sw_1985,1965,63,vacancy,UNSPECIFIED,dft,-10264.674442,-252.65817675473056,1 1 1,1293.8788911610025,189,73.11628034735725,0.6219796027013212,3.0444030209472395,1.1496164079050242,
original_sw_1985,1966,63,vacancy,UNSPECIFIED,dft,-10263.585421,-251.43823963047754,1 1 1,1291.5081031139143,189,48.86925556331701,0.5084953193029411,2.174729381486045,1.098859841659105,
original_sw_1985,1967,63,vacancy,UNSPECIFIED,dft,-10263.754681,-252.47966011649746,1 1 1,1290.0336663414487,189,55.27435777130472,0.5407928618472073,1.6889608650301784,1.1889381279522233,
original_sw_1985,1968,63,vacancy,UNSPECIFIED,dft,-10264.260431,-252.00622919076815,1 1 1,1288.925595401916,189,58.260600802363335,0.5552091021430138,2.114596762084607,1.1944044779175385,
original_sw_1985,1969,63,vacancy,UNSPECIFIED,dft,-10264.182733,-253.3388909332272,1 1 1,1289.4859136771113,189,45.26041396364657,0.48935987754897087,1.8044297418919184,1.0414761934712666,
original_sw_1985,1970,63,vacancy,UNSPECIFIED,dft,-10264.655101,-252.28595470905444,1 1 1,1289.3719596551712,189,56.36997085094271,0.5461261887386026,2.320135553273035,1.1019299186370137,
original_sw_1985,1971,63,vacancy,UNSPECIFIED,dft,-10263.284825,-250.38129871570746,1 1 1,1290.7528211225924,189,64.24985815484884,0.5830491741213983,1.99871155221962,1.1778241860506427,
original_sw_1985,1972,63,vacancy,UNSPECIFIED,dft,-10262.467728,-249.85841364049094,1 1 1,1293.183684204394,189,66.67405598835099,0.5939467846593229,2.0479087699304674,1.1914853996159094,
original_sw_1985,1973,63,vacancy,UNSPECIFIED,dft,-10263.991077,-250.7598557568098,1 1 1,1296.8162131041638,189,54.01856743615453,0.5346143714091679,1.9088624193383743,1.278082742954048,
original_sw_1985,1974,63,vacancy,UNSPECIFIED,dft,-10260.718474,-247.94092251739664,1 1 1,1303.559324563623,189,92.60505347424638,0.6999813053975552,3.472423677436348,1.235149211998958,
original_sw_1985,1975,215,vacancy,UNSPECIFIED,dft,-35071.086175,-918.2646977437273,1 1 1,4472.861876650349,645,38.92064341718368,0.24564625545149074,1.4965982847388979,0.31216819485571756,
original_sw_1985,1976,215,vacancy,UNSPECIFIED,dft,-35067.361532,-912.6980838689249,1 1 1,4385.613078317089,645,69.07972208223867,0.3272618894915024,1.2896729241938847,0.6514298662411893,
original_sw_1985,1977,215,vacancy,UNSPECIFIED,dft,-35068.911686,-917.0487547731087,1 1 1,4173.483694784638,645,25.957873804036687,0.20061098072551706,1.5740847298544056,0.40103233088210616,
original_sw_1985,1978,215,vacancy,UNSPECIFIED,dft,-35057.033856,-899.1102747285929,1 1 1,4571.548191973963,645,80.23619618664488,0.35269987721878654,1.0669120838859898,0.6498212152648369,
original_sw_1985,1979,215,vacancy,UNSPECIFIED,dft,-35069.464302,-913.7252946817118,1 1 1,4429.949099182137,645,38.544144619243454,0.24445523874682057,0.9998422638738476,0.4782314195833582,
original_sw_1985,1980,215,vacancy,UNSPECIFIED,dft,-35063.691477,-907.8644636717272,1 1 1,4346.992829165837,645,76.20590114001435,0.3437276304547057,1.229252099254574,0.7360908610827629,
original_sw_1985,1981,215,vacancy,UNSPECIFIED,dft,-35069.918448,-915.3734110825104,1 1 1,4309.1516235386325,645,37.85676785971428,0.24226568751763886,1.0096419532633738,0.5872745286167811,
original_sw_1985,1982,215,vacancy,UNSPECIFIED,dft,-35067.779713,-913.3507360684455,1 1 1,4303.233556205657,645,45.64123625574392,0.2660105385093842,1.706122847572752,0.6286462929703793,
original_sw_1985,1983,215,vacancy,UNSPECIFIED,dft,-35065.45352,-910.224790660478,1 1 1,4391.389475312441,645,69.14282898380802,0.3274113383360756,2.1111937600911466,0.6443907053637683,
original_sw_1985,1984,215,vacancy,UNSPECIFIED,dft,-35069.611985,-914.3371862196651,1 1 1,4458.696127278203,645,56.11124949538845,0.294947767009971,2.5127225265801605,0.5233489110241465,
original_sw_1985,1985,215,vacancy,UNSPECIFIED,dft,-35053.145948,-899.2001537830361,1 1 1,4196.404282261863,645,117.20486605771168,0.4262780438072211,2.4287812091410976,0.9362076616786759,
original_sw_1985,1986,215,vacancy,UNSPECIFIED,dft,-35066.133215,-910.9459133559532,1 1 1,4372.864193737563,645,62.157883540633755,0.3104332644722615,2.480531429041992,0.6255279637204011,
original_sw_1985,1987,215,vacancy,UNSPECIFIED,dft,-35054.922036,-894.5763705562343,1 1 1,4602.593443160735,645,126.18783443538271,0.4423121673526405,2.299728718631979,0.7398032114063247,
original_sw_1985,1988,215,vacancy,UNSPECIFIED,dft,-35065.723699,-910.0368445603146,1 1 1,4377.337882949941,645,60.127204115736724,0.3053202769179706,2.0489221983149237,0.608980202807184,
original_sw_1985,1989,215,vacancy,UNSPECIFIED,dft,-35062.661589,-906.1305974218473,1 1 1,4369.0948743320705,645,63.18174650399627,0.31297954586558335,1.8452649038702464,0.7491830309477648,
original_sw_1985,1990,215,vacancy,UNSPECIFIED,dft,-35064.254114,-908.0121868329345,1 1 1,4380.662830105804,645,65.2475169805758,0.31805493402108426,1.1485914582720784,0.6592314507553035,
original_sw_1985,1991,215,vacancy,UNSPECIFIED,dft,-35058.117121,-901.9242233594065,1 1 1,4256.29863931207,645,70.44535095548191,0.3304808593256077,1.0781910504872472,0.8808012842118077,
original_sw_1985,1992,215,vacancy,UNSPECIFIED,dft,-35063.5428,-905.5418291586564,1 1 1,4499.290234900277,645,55.15453566782185,0.29242248205657323,1.051495082921424,0.6298589941954799,
original_sw_1985,1993,215,vacancy,UNSPECIFIED,dft,-35065.839886,-908.8199356025492,1 1 1,4419.547202516189,645,51.81226672800574,0.2834238799084059,1.0500066442447054,0.7129440427608067,
original_sw_1985,1994,215,vacancy,UNSPECIFIED,dft,-35062.370411,-902.8827744009739,1 1 1,4666.576656888623,645,57.81013986374818,0.29937956479987843,1.215905726581426,0.5804688359144881,
original_sw_1985,1995,215,vacancy,UNSPECIFIED,dft,-35065.207826,-907.9832063028615,1 1 1,4479.047331022325,645,61.52815752246158,0.30885675042466887,2.2389829854725134,0.6368683478078118,
original_sw_1985,1996,215,vacancy,UNSPECIFIED,dft,-35060.140088,-903.6252111933393,1 1 1,4328.459654323416,645,85.50560876476649,0.36409728822694026,2.044306679218979,0.7674125764985366,
original_sw_1985,1997,215,vacancy,UNSPECIFIED,dft,-35062.772633,-907.2068412979611,1 1 1,4283.702170660895,645,56.21509900651473,0.2952205823755559,1.8520894642876065,0.7041140327964731,
original_sw_1985,1998,215,vacancy,UNSPECIFIED,dft,-35057.595094,-896.5278180550677,1 1 1,4685.111085186977,645,64.48086712745707,0.31618086063472656,1.7943726254307004,0.6424225998867983,
original_sw_1985,1999,215,vacancy,UNSPECIFIED,dft,-35065.724319,-909.6478777047914,1 1 1,4369.778812743809,645,64.98624914535935,0.31741750840803973,2.340214650671263,0.666283828258187,
original_sw_1985,2000,215,vacancy,UNSPECIFIED,dft,-35062.125476,-906.1539853476288,1 1 1,4373.6394491575975,645,62.64969425807038,0.31165896253315245,1.913574532842272,0.7151169172393349,
original_sw_1985,2001,215,vacancy,UNSPECIFIED,dft,-35062.864113,-906.0665389466238,1 1 1,4395.850007999358,645,64.03426909142736,0.3150840151068543,1.2742425234099153,0.7629418504869773,
original_sw_1985,2002,215,vacancy,UNSPECIFIED,dft,-35056.813896,-895.3247982175498,1 1 1,4647.341749585205,645,125.32370612025485,0.44079509929930777,1.7536842142960145,0.6864124166128516,
original_sw_1985,2003,215,vacancy,UNSPECIFIED,dft,-35062.087985,-906.9562292467342,1 1 1,4240.830130404242,645,61.482268053816,0.30874155181942997,2.200193608616292,0.7935886455763962,
original_sw_1985,2004,215,vacancy,UNSPECIFIED,dft,-35056.029778,-897.8001037676538,1 1 1,4405.271593123785,645,102.29398974408477,0.3982402954706687,1.7880363470459035,0.8033974323486394,
original_sw_1985,2005,215,vacancy,UNSPECIFIED,dft,-35060.820745,-901.8437458766637,1 1 1,4470.665814169806,645,71.46730971681826,0.3328693896541262,1.2137494982099752,0.6962786587562273,
original_sw_1985,2006,215,vacancy,UNSPECIFIED,dft,-35055.462882,-899.5362952136519,1 1 1,4307.636359813346,645,86.94148003996293,0.36714165155974887,1.993433590071106,0.8410169030902858,
original_sw_1985,2007,215,vacancy,UNSPECIFIED,dft,-35060.421763,-903.7957277078167,1 1 1,4365.790478687747,645,73.81684273022543,0.338296788946041,1.7644694220761452,0.8083455602900191,
original_sw_1985,2008,215,vacancy,UNSPECIFIED,dft,-35052.496634,-896.6371770416222,1 1 1,4287.277205952785,645,118.11596818103158,0.4279316908849061,1.8792129865571725,0.8625196395507075,
original_sw_1985,2009,215,vacancy,UNSPECIFIED,dft,-35064.562483,-907.2749608729761,1 1 1,4462.557496011655,645,50.07308353394585,0.2786264302781207,1.3055120952080734,0.6610235690561438,
original_sw_1985,2010,215,vacancy,UNSPECIFIED,dft,-35059.98711,-904.3949496509102,1 1 1,4245.286256895769,645,71.30316595211735,0.3324869081810739,1.8970368984081265,0.8265336828702623,
original_sw_1985,2011,215,vacancy,UNSPECIFIED,dft,-35058.85989,-898.2672663975659,1 1 1,4694.148687529787,645,54.75508315350524,0.29136163403643284,1.2195958769409836,0.606318282564043,
original_sw_1985,2012,215,vacancy,UNSPECIFIED,dft,-35059.511268,-901.8409725339052,1 1 1,4418.108627725046,645,87.44267410678417,0.36819836688239016,1.9674061557226472,0.7369091184779116,
original_sw_1985,2013,215,vacancy,UNSPECIFIED,dft,-35060.854356,-904.2416839961718,1 1 1,4296.081235775913,645,71.59885894965791,0.33317560365021726,1.9146048700165195,0.7441131635893383,
original_sw_1985,2014,215,vacancy,UNSPECIFIED,dft,-35059.851483,-903.0972514272851,1 1 1,4306.511560092926,645,75.44287937361088,0.34200249188450466,2.4652993110013783,0.7692281974819354,
original_sw_1985,2015,215,vacancy,UNSPECIFIED,dft,-35063.73569,-906.7970790754919,1 1 1,4377.196973713237,645,61.45537831215792,0.30867402919247877,2.3361676724787257,0.6947445667655822,
original_sw_1985,2016,215,vacancy,UNSPECIFIED,dft,-35065.210147,-908.8812228315761,1 1 1,4367.705494301739,645,65.90035262804045,0.31964212698860445,2.3561269410025516,0.7035073941871314,
original_sw_1985,2017,215,vacancy,UNSPECIFIED,dft,-35056.783407,-902.3656736665041,1 1 1,4206.156950171486,645,80.91559233405923,0.35418996421479737,2.6086268655764098,0.9122873375343222,
original_sw_1985,2018,215,vacancy,UNSPECIFIED,dft,-35063.939255,-909.4763553057726,1 1 1,4219.283554095883,645,59.69688132992722,0.3042257457669946,2.3666003086094656,0.7615179650486159,
original_sw_1985,2019,215,vacancy,UNSPECIFIED,dft,-35062.507123,-905.9140874574846,1 1 1,4314.075927416142,645,68.10933492149422,0.32495517859443307,2.098099974606458,0.7405428257436155,
original_sw_1985,2020,215,vacancy,UNSPECIFIED,dft,-35062.00089,-905.1841775313934,1 1 1,4325.42019316187,645,65.92337519151025,0.319697956269119,2.3099061250837862,0.7369206949406053,
original_sw_1985,2021,215,vacancy,UNSPECIFIED,dft,-35058.857274,-901.0070802353443,1 1 1,4458.880591850369,645,78.90133861648775,0.34975370872908335,1.8032898780620303,0.7315558087175871,
original_sw_1985,2022,215,vacancy,UNSPECIFIED,dft,-35063.292976,-905.9327104379574,1 1 1,4492.213156423205,645,56.552330658755295,0.29610476529275576,1.5646489357799795,0.6663556349679574,
original_sw_1985,2023,215,vacancy,UNSPECIFIED,dft,-35061.044615,-905.2896211611686,1 1 1,4319.4687103724245,645,66.38517013569235,0.3208157483609903,1.3946206536567831,0.7390146784088024,
original_sw_1985,2024,215,vacancy,UNSPECIFIED,dft,-35056.514217,-900.292734902828,1 1 1,4307.792524676868,645,94.63892129995057,0.38304961789220626,1.4639550282544016,0.8244530348092777,
original_sw_1985,2025,215,vacancy,UNSPECIFIED,dft,-35056.861284,-902.7651181034603,1 1 1,4246.144641684082,645,76.79508460242722,0.3450538315544834,1.2066610030499858,0.8396853757590896,
original_sw_1985,2026,215,vacancy,UNSPECIFIED,dft,-35060.637877,-902.756071323515,1 1 1,4458.205049067806,645,83.97247746810905,0.3608183581075884,1.4188731710265707,0.725733452434767,
original_sw_1985,2027,215,vacancy,UNSPECIFIED,dft,-35058.583133,-899.5436189924832,1 1 1,4501.234308893304,645,104.60187164269539,0.4027076413569522,1.5077300234588222,0.7609118615342354,
original_sw_1985,2028,215,vacancy,UNSPECIFIED,dft,-35060.054684,-900.8102533407958,1 1 1,4595.452438784302,645,63.06458536993763,0.3126892242485238,1.2170178117450519,0.678873000980587,
original_sw_1985,2029,215,vacancy,UNSPECIFIED,dft,-35056.466115,-898.7776918196106,1 1 1,4410.121134240181,645,97.53364936874893,0.38886367824936574,1.6269908827093906,0.8888086306878717,
original_sw_1985,2030,215,vacancy,UNSPECIFIED,dft,-35060.264674,-903.6352950231842,1 1 1,4367.750230240856,645,75.29847455451078,0.3416750225210286,1.3299584445552843,0.7948518083470568,
original_sw_1985,2031,215,vacancy,UNSPECIFIED,dft,-35057.852427,-898.1112045137216,1 1 1,4540.59202522059,645,98.77594927793581,0.3913323480527244,1.8385397957905611,0.8097325459972287,
original_sw_1985,2032,215,vacancy,UNSPECIFIED,dft,-35053.653572,-890.38632658451,1 1 1,4798.42512579614,645,63.58370332938379,0.3139735418897531,1.119970532669436,0.6333611519610844,
original_sw_1985,2033,215,vacancy,UNSPECIFIED,dft,-35059.442586,-900.6239495045284,1 1 1,4505.589308404929,645,76.0187998957783,0.3433054099334567,2.2024803599508593,0.7317288652635544,
original_sw_1985,2034,215,vacancy,UNSPECIFIED,dft,-35059.656022,-901.2240234322724,1 1 1,4530.210221926192,645,77.55833355620078,0.34676429802058145,2.2327631121306517,0.6997560360853058,
original_sw_1985,2035,215,vacancy,UNSPECIFIED,dft,-35057.566755,-902.159629584425,1 1 1,4238.830082478681,645,84.71472988104392,0.3624095286857654,1.9012461011720836,0.8821072315341816,
original_sw_1985,2036,215,vacancy,UNSPECIFIED,dft,-35057.936359,-901.3180486782179,1 1 1,4433.469854450249,645,94.39777063922875,0.3825612797631225,1.8589634040283207,0.7746826868251262,
original_sw_1985,2037,215,vacancy,UNSPECIFIED,dft,-35053.582321,-895.9043265087087,1 1 1,4391.23036072994,645,154.10024524229374,0.48878943206945563,2.352104555289946,0.8863834196483387,
original_sw_1985,2038,215,vacancy,UNSPECIFIED,dft,-35055.490932,-899.2097711634077,1 1 1,4198.29696871856,645,99.58084546438212,0.3929235392499621,2.093161472091574,0.9540502858756256,
original_sw_1985,2039,215,vacancy,UNSPECIFIED,dft,-35058.030125,-903.6601623279296,1 1 1,4140.4484600955475,645,54.031767443966906,0.2894307897989943,1.2765675139266217,0.8287590459694625,
original_sw_1985,2040,215,vacancy,UNSPECIFIED,dft,-35062.424002,-902.8284998718356,1 1 1,4551.57287340645,645,65.99760056154392,0.3198778850369731,1.3469769403639211,0.715720645960562,
original_sw_1985,2041,215,vacancy,UNSPECIFIED,dft,-35051.396198,-895.1863557751055,1 1 1,4359.049493190443,645,99.9253674860667,0.3936026554356498,1.5130235977537057,0.8958322244533917,
original_sw_1985,2042,215,vacancy,UNSPECIFIED,dft,-35061.275579,-901.027410342988,1 1 1,4523.851561140517,645,77.93934879366621,0.347615016476709,1.3129534802944973,0.7694875959301823,
original_sw_1985,2043,215,vacancy,UNSPECIFIED,dft,-35062.343468,-905.049826492371,1 1 1,4368.264437758311,645,73.74583931351694,0.3381340482628153,1.2711114732684803,0.755529257709773,
original_sw_1985,2044,215,vacancy,UNSPECIFIED,dft,-35057.000527,-898.6636017185256,1 1 1,4408.438646630702,645,106.65711004288195,0.4066446366689224,1.500691463450887,0.8849596920308698,
original_sw_1985,2045,215,vacancy,UNSPECIFIED,dft,-35057.917238,-898.9362129644048,1 1 1,4509.814118036552,645,100.48366229775733,0.3947006761046315,2.0775043090213,0.7806254017498504,
original_sw_1985,2046,215,vacancy,UNSPECIFIED,dft,-35056.124816,-895.0959171341221,1 1 1,4726.657425315668,645,78.25791366837025,0.348324702986526,2.317798864891336,0.6427856064293598,
original_sw_1985,2047,215,vacancy,UNSPECIFIED,dft,-35055.888859,-895.9470961493089,1 1 1,4639.285927228964,645,95.21414303144563,0.38421195505260125,2.312768101876963,0.6942685074053989,
original_sw_1985,2048,215,vacancy,UNSPECIFIED,dft,-35055.456551,-898.2213225365721,1 1 1,4365.495207341429,645,111.93393496776753,0.41658250616912756,2.440362466280011,0.9134301563104128,
original_sw_1985,2049,215,vacancy,UNSPECIFIED,dft,-35063.152342,-905.8436031567369,1 1 1,4382.158366983621,645,70.75992460804042,0.3312179184009073,1.6190184391146336,0.7896427196497235,
original_sw_1985,2050,215,vacancy,UNSPECIFIED,dft,-35062.946646,-905.8855839544362,1 1 1,4410.646558622232,645,70.87766330996438,0.33149336357304054,1.6967974235403271,0.7277200380043676,
original_sw_1985,2051,215,vacancy,UNSPECIFIED,dft,-35062.923386,-907.6038285020838,1 1 1,4266.775942924458,645,67.11695339231935,0.32257912530279337,2.3668968178221244,0.8144035295574823,
original_sw_1985,2052,215,vacancy,UNSPECIFIED,dft,-35059.238638,-902.6202739663267,1 1 1,4317.126054902701,645,95.90915332816029,0.3856116722158261,2.2658201011898327,0.8608747544213916,
original_sw_1985,2053,215,vacancy,UNSPECIFIED,dft,-35060.156972,-903.9227369303056,1 1 1,4271.17161019162,645,89.13789391918644,0.3717502994565377,2.106047501137303,0.8772837298782421,
original_sw_1985,2054,215,vacancy,UNSPECIFIED,dft,-35057.340729,-895.8282717496631,1 1 1,4689.062133988048,645,81.90017117433521,0.35633833581669644,1.4129890136151673,0.668204807796466,
original_sw_1985,2055,215,vacancy,UNSPECIFIED,dft,-35059.786532,-902.5523696251887,1 1 1,4489.509409228447,645,85.26627950342204,0.36358737901066934,1.953612266556902,0.7377754842971092,
original_sw_1985,2056,215,vacancy,UNSPECIFIED,dft,-35060.945195,-902.0724029391948,1 1 1,4531.046119391315,645,79.1604451663473,0.35032752154366353,2.2088741394222433,0.7064868849326715,
original_sw_1985,2057,215,vacancy,UNSPECIFIED,dft,-35061.120948,-904.0822853533491,1 1 1,4339.910243050325,645,93.57927151360255,0.3808991229729393,2.4305684269430534,0.7805282793072809,
original_sw_1985,2058,215,vacancy,UNSPECIFIED,dft,-35060.9004,-902.1550424126281,1 1 1,4444.553290381797,645,97.43654188490012,0.38867004775657843,2.397044886658722,0.7912327178178177,
original_sw_1985,2059,215,vacancy,UNSPECIFIED,dft,-35057.920642,-897.5149628650385,1 1 1,4615.813295770269,645,98.78770013944488,0.39135562474863594,2.344217976346364,0.6931304234120323,
original_sw_1985,2060,215,vacancy,UNSPECIFIED,dft,-35056.49015,-900.5753290106642,1 1 1,4341.887153733853,645,99.54005267612837,0.392843051438822,2.4047001469775227,0.8851208174154981,
original_sw_1985,2061,215,vacancy,UNSPECIFIED,dft,-35063.88601,-907.9066155943896,1 1 1,4318.655315708923,645,64.82417578795443,0.3170214474146183,2.021414646896728,0.7575164833886886,
original_sw_1985,2062,215,vacancy,UNSPECIFIED,dft,-35055.498329,-899.746853690481,1 1 1,4310.768702916984,645,111.3398223181555,0.41547548611564533,2.121066970634124,0.8584137686428308,
original_sw_1985,2063,215,vacancy,UNSPECIFIED,dft,-35063.768463,-905.4959935139756,1 1 1,4499.565654515877,645,58.14669626740806,0.3002497571916685,1.7288618645764007,0.6801308428457179,
original_sw_1985,2064,215,vacancy,UNSPECIFIED,dft,-35056.104025,-897.242559378313,1 1 1,4452.641552917695,645,128.42045495519406,0.4462078893864254,2.4360601796084858,0.7938166645078559,
original_sw_1985,2065,215,vacancy,UNSPECIFIED,dft,-35061.445484,-903.2599915581058,1 1 1,4519.51268795552,645,71.83246215155614,0.33371868148862394,1.9523126138161728,0.7163357672425832,
original_sw_1985,2066,215,vacancy,UNSPECIFIED,dft,-35059.800194,-903.5468499520965,1 1 1,4311.779807667983,645,77.0390545710553,0.3456014969351358,2.127304355993276,0.8484400714597479,
original_sw_1985,2067,215,vacancy,UNSPECIFIED,dft,-35060.115377,-904.5758070152419,1 1 1,4184.325705146704,645,66.97855090676731,0.32224635697573895,2.2290343446772667,0.824902769178545,
original_sw_1985,2068,215,vacancy,UNSPECIFIED,dft,-35060.220152,-905.1455092288652,1 1 1,4296.7161207901945,645,73.99514217356624,0.3387051086958858,2.1732228108453318,0.756149950128429,
original_sw_1985,2069,215,vacancy,UNSPECIFIED,dft,-35056.296459,-902.46988595288,1 1 1,4138.033116048192,645,86.5718264999566,0.36636032269671936,2.2365268993890997,0.8758705558277662,
original_sw_1985,2070,215,vacancy,UNSPECIFIED,dft,-35056.108179,-893.8598968185269,1 1 1,4745.051793094415,645,71.96837107833684,0.33403423460611686,1.5587047996976247,0.6662874300849416,
original_sw_1985,2071,215,vacancy,UNSPECIFIED,dft,-35056.742664,-896.556964975713,1 1 1,4508.410704852095,645,128.63007752812928,0.4465719167030069,1.9051857681244273,0.7943483568795018,
original_sw_1985,2072,215,vacancy,UNSPECIFIED,dft,-35063.872947,-907.2108059707006,1 1 1,4312.209447951557,645,57.70878820727139,0.2991170163475121,1.181291312125479,0.7774132358328479,
original_sw_1985,2073,215,vacancy,UNSPECIFIED,dft,-35060.813749,-902.261271073367,1 1 1,4473.692560164184,645,69.83823414289928,0.32905369167431475,1.3091405455850134,0.7035295148667465,
original_sw_1985,2074,215,vacancy,UNSPECIFIED,dft,-35059.09785,-903.5091186195368,1 1 1,4206.248962094032,645,71.45036351917524,0.33282992262425887,1.7579254534821505,0.8606359030767611,
original_sw_1985,2075,215,vacancy,UNSPECIFIED,dft,-35056.178075,-899.0291273269229,1 1 1,4324.767334693289,645,113.31614617673031,0.419146689788697,2.0921931195766246,0.9075999461565369,
original_sw_1985,2076,215,vacancy,UNSPECIFIED,dft,-35060.01911,-900.6714247572428,1 1 1,4494.976567925754,645,76.22476650819613,0.3437701740565151,1.1969943455409509,0.7489860113934423,
original_sw_1985,2077,215,vacancy,UNSPECIFIED,dft,-35058.89593,-899.3869356274524,1 1 1,4560.029609530336,645,80.27063821365522,0.3527755687142124,1.5054726378765375,0.742377882183531,
original_sw_1985,2078,215,vacancy,UNSPECIFIED,dft,-35064.078393,-906.4826314194866,1 1 1,4382.173623356519,645,63.66449656348681,0.3141729552887442,1.3011898841132366,0.7698370637805196,
original_sw_1985,2079,215,vacancy,UNSPECIFIED,dft,-35056.71634,-902.5704641258827,1 1 1,4109.752658729713,645,61.729611057785,0.3093619616976255,1.2978836032198406,0.8979987182913999,
original_sw_1985,2080,215,vacancy,UNSPECIFIED,dft,-35063.411013,-907.2134675564255,1 1 1,4299.612200547961,645,59.858608931830744,0.30463756310663914,1.3487297655253312,0.7719357313021301,
original_sw_1985,2081,215,vacancy,UNSPECIFIED,dft,-35061.964786,-906.0237295727107,1 1 1,4249.0094571657855,645,60.81138883977823,0.307052475983191,1.6800554244655301,0.8053629234921583,
original_sw_1985,2082,215,vacancy,UNSPECIFIED,dft,-35057.985763,-898.3985169079556,1 1 1,4552.104172710981,645,108.29754999990848,0.40975990322923467,2.690053681970201,0.745521050127656,
original_sw_1985,2083,215,vacancy,UNSPECIFIED,dft,-35060.678246,-904.1973336831888,1 1 1,4402.106034966835,645,77.81220524168342,0.3473313661247467,2.0717753154992367,0.7401107683265314,
original_sw_1985,2084,215,vacancy,UNSPECIFIED,dft,-35060.690813,-903.9360771922709,1 1 1,4344.177780429385,645,86.16828156413277,0.3655054513726869,2.060107126528159,0.7853345427207179,
original_sw_1985,2085,215,vacancy,UNSPECIFIED,dft,-35062.98799,-907.2665747192742,1 1 1,4301.810857635359,645,65.88330052833005,0.3196007696829078,2.1102648081041133,0.8054079925671167,
original_sw_1985,2086,217,interstitial,UNSPECIFIED,dft,-35404.833648,-929.5427497604136,1 1 1,4320.000239067858,651,270.62218860178837,0.644749786071071,5.810072362864106,0.11573918021975803,
original_sw_1985,2087,217,interstitial,UNSPECIFIED,dft,-35372.623102,-889.0012401848242,1 1 1,4484.608719920449,651,205.02721423281335,0.5611968971286918,4.477971979208078,1.0519506113647594,
original_sw_1985,2088,217,interstitial,UNSPECIFIED,dft,-35364.952414,-876.3529847349857,1 1 1,4559.160711568433,651,245.31554859286186,0.6138638282891535,4.54535549800425,1.1324750192964146,
original_sw_1985,2089,217,interstitial,UNSPECIFIED,dft,-35369.473172,-884.4414343494763,1 1 1,4456.096174549767,651,217.02242638041722,0.5773801022362982,4.499508318100551,1.0365199480442728,
original_sw_1985,2090,217,interstitial,UNSPECIFIED,dft,-35368.848559,-883.04707077656,1 1 1,4464.156559296952,651,249.78086638795835,0.6194255135218272,5.003344055634684,1.1437159166075883,
original_sw_1985,2091,217,interstitial,UNSPECIFIED,dft,-35369.633291,-884.1461315126804,1 1 1,4511.322403322172,651,201.75149840376446,0.5566957299969825,3.634528252857804,1.1292901761660965,
original_sw_1985,2092,217,interstitial,UNSPECIFIED,dft,-35370.288947,-884.088354096208,1 1 1,4509.850653569692,651,251.02415072610842,0.6209651952990796,3.8579194301059827,1.0683035338758855,
original_sw_1985,2093,217,interstitial,UNSPECIFIED,dft,-35369.089229,-884.0404251838524,1 1 1,4479.863431588866,651,229.26988266141535,0.5934484639435954,5.389440023817024,1.081453111079033,
original_sw_1985,2094,217,interstitial,UNSPECIFIED,dft,-35370.772095,-885.9086570371654,1 1 1,4541.929458107839,651,177.2704546909152,0.5218283682547206,3.311643124130952,1.0279473916661201,
original_sw_1985,2095,217,interstitial,UNSPECIFIED,dft,-35366.73876,-879.1057722903284,1 1 1,4535.238695218511,651,229.48275529106303,0.5937239027053922,5.226759366644769,1.0807132573460607,
original_sw_1985,2096,217,interstitial,UNSPECIFIED,dft,-35369.781559,-880.5767876607275,1 1 1,4513.77550941375,651,298.2243233693056,0.6768322386053454,5.6373360281678995,1.085501620172835,
original_sw_1985,2097,217,interstitial,UNSPECIFIED,dft,-35366.629169,-880.7776038056617,1 1 1,4434.663889772831,651,235.69502741255013,0.6017065176251721,5.208469821111324,1.1063777095638794,
original_sw_1985,2098,217,interstitial,UNSPECIFIED,dft,-35369.824761,-884.0463597061289,1 1 1,4476.542215467572,651,275.67553947604836,0.6507416771484322,5.260809519908858,1.0406969874138623,
original_sw_1985,2099,217,interstitial,UNSPECIFIED,dft,-35369.572608,-885.1753638471365,1 1 1,4482.663618560283,651,203.3732935044644,0.5589287723052894,4.65578783730341,1.071708917184374,
original_sw_1985,2100,217,interstitial,UNSPECIFIED,dft,-35369.816446,-882.9300828685163,1 1 1,4487.175855169651,651,265.7035226211759,0.6388636256173793,5.299499255932379,1.0772681542850475,
original_sw_1985,2101,217,interstitial,UNSPECIFIED,dft,-35371.012976,-882.9840892056242,1 1 1,4508.9512751825905,651,287.3336414383984,0.6643588797506439,5.983829489798516,1.064578325750365,
original_sw_1985,2102,217,interstitial,UNSPECIFIED,dft,-35368.294486,-881.1728635847539,1 1 1,4461.93989534948,651,267.1789096920937,0.640634897366391,5.742680770421921,1.1402891698155417,
original_sw_1985,2103,217,interstitial,UNSPECIFIED,dft,-35373.163074,-888.3582051661195,1 1 1,4493.21176143206,651,187.7477577092098,0.5370279446902204,4.422760443360783,1.017301263185494,
original_sw_1985,2104,217,interstitial,UNSPECIFIED,dft,-35370.173054,-885.1471838271647,1 1 1,4516.801265811045,651,203.04545862713718,0.558478097967665,4.748786359713539,1.0598599658310661,
original_sw_1985,2105,217,interstitial,UNSPECIFIED,dft,-35367.883429,-881.3219916328284,1 1 1,4547.910928216629,651,211.20122329631783,0.569583920276062,4.787190071937097,1.0951115587004758,
original_sw_1985,2106,217,interstitial,UNSPECIFIED,dft,-35366.705392,-881.3025881802059,1 1 1,4493.875783490228,651,207.28937524993214,0.5642843778298986,3.9498119513136,1.172809764417052,
original_sw_1985,2107,217,interstitial,UNSPECIFIED,dft,-35368.622918,-883.6842312286686,1 1 1,4534.044261466069,651,176.67752363005877,0.5209549361650039,3.3174268270986222,1.0786214220829244,
original_sw_1985,2108,217,interstitial,UNSPECIFIED,dft,-35366.884913,-880.8105868281144,1 1 1,4573.835504219468,651,201.34575535656393,0.5561356620354927,4.415259989216175,1.0525358297097955,
original_sw_1985,2109,217,interstitial,UNSPECIFIED,dft,-35371.369399,-884.8691321049957,1 1 1,4483.718010393717,651,258.80249181281295,0.6305125457696973,6.465411933787272,1.0541316116446322,
original_sw_1985,2110,217,interstitial,UNSPECIFIED,dft,-35364.83866,-877.096345770402,1 1 1,4477.767365298002,651,262.6387643442896,0.6351684517719728,4.86851960942857,1.188486569138103,
original_sw_1985,2111,217,interstitial,UNSPECIFIED,dft,-35370.577332,-884.9756162091119,1 1 1,4534.2169389054525,651,252.68554653796457,0.6230167261576066,5.596645335088911,1.0857975251987129,
original_sw_1985,2112,217,interstitial,UNSPECIFIED,dft,-35366.50598,-878.6528190986733,1 1 1,4569.232193021303,651,253.36116657522993,0.6238490681805855,4.591348768507971,1.0700809535744316,
original_sw_1985,2113,217,interstitial,UNSPECIFIED,dft,-35372.020943,-888.6926108684771,1 1 1,4463.212791671286,651,154.98425815487107,0.48792525767122846,3.0061507177068645,1.0433864595975848,
original_sw_1985,2114,217,interstitial,UNSPECIFIED,dft,-35369.524358,-884.2251788515591,1 1 1,4478.421993755843,651,243.47073168692037,0.6115512893860996,5.55448546133945,1.2027923677927252,
original_sw_1985,2115,217,interstitial,UNSPECIFIED,dft,-35368.446528,-884.1133231184322,1 1 1,4602.77109348292,651,173.59193036615372,0.5163857772206267,3.524434367208183,1.0862236707412742,
original_sw_1985,2116,217,interstitial,UNSPECIFIED,dft,-35368.844448,-884.3130204584771,1 1 1,4493.387485906845,651,188.4358940158271,0.5380112065710599,3.5274010070423945,1.1063817600916939,
original_sw_1985,2117,217,interstitial,UNSPECIFIED,dft,-35370.6309,-885.6907618030411,1 1 1,4430.041317957312,651,262.46223707710175,0.6349549581581021,5.5657023872400355,1.101810648197787,
original_sw_1985,2118,217,interstitial,UNSPECIFIED,dft,-35369.304894,-883.3918393974523,1 1 1,4545.629630669066,651,244.67011390481136,0.6130557466887472,4.323488666605976,1.140069696965437,
original_sw_1985,2119,217,interstitial,UNSPECIFIED,dft,-35367.801231,-882.4390320476103,1 1 1,4482.340197459258,651,238.01273470483835,0.6046577210356671,4.45265757596943,1.1052537284961699,
original_sw_1985,2120,217,interstitial,UNSPECIFIED,dft,-35364.987122,-876.7687867947068,1 1 1,4487.929684154586,651,292.60718311727385,0.6704277735637932,5.5639129730110355,1.1086002983256045,
original_sw_1985,2121,217,interstitial,UNSPECIFIED,dft,-35368.7262,-883.8136133972705,1 1 1,4492.349769032744,651,218.980421485642,0.5799788405029046,4.4061659563423685,1.1271379879073684,
original_sw_1985,2122,217,interstitial,UNSPECIFIED,dft,-35367.572447,-879.784949902164,1 1 1,4486.154493184908,651,297.96729315071093,0.6765405054621977,5.78850283678328,1.0889719772435895,
original_sw_1985,2123,217,interstitial,UNSPECIFIED,dft,-35365.09493,-876.2706464261267,1 1 1,4514.370347479794,651,247.7102103166217,0.6168526854196256,4.98288873145107,1.1083856246932176,
original_sw_1985,2124,217,interstitial,UNSPECIFIED,dft,-35372.669416,-887.6531994447088,1 1 1,4490.112020930114,651,268.24097298021604,0.6419069288814025,5.606812245579857,1.115909386824587,
original_sw_1985,2125,217,interstitial,UNSPECIFIED,dft,-35365.913838,-880.2904620427797,1 1 1,4501.167049855311,651,186.04036489245897,0.5345804805241088,3.395080846848231,1.1397041467517093,
original_sw_1985,2126,217,interstitial,UNSPECIFIED,dft,-35366.565096,-879.7960148350792,1 1 1,4518.317059339931,651,252.09912340844812,0.62229336931529,5.4354068641287965,1.0898866535360765,
original_sw_1985,2127,217,interstitial,UNSPECIFIED,dft,-35366.018087,-881.2075910364036,1 1 1,4554.497096464592,651,182.57368190383914,0.5295763630263822,3.2350619802376195,1.0658548330526199,
original_sw_1985,2128,217,interstitial,UNSPECIFIED,dft,-35367.539917,-881.5992465682175,1 1 1,4420.200380042926,651,203.72249031575944,0.5594084135428137,3.7681333800308456,1.1202245545421143,
original_sw_1985,2129,217,interstitial,UNSPECIFIED,dft,-35368.899308,-883.0351327221473,1 1 1,4471.465592153418,651,240.63405445315692,0.6079782598450157,4.316818727004577,1.0941746473857454,
original_sw_1985,2130,217,interstitial,UNSPECIFIED,dft,-35371.745838,-887.6182167625576,1 1 1,4533.800920079801,651,169.84923232090378,0.5107887222448335,4.266593832783338,1.0442874028303406,
original_sw_1985,2131,217,interstitial,UNSPECIFIED,dft,-35368.999449,-883.7911900251551,1 1 1,4513.436574713861,651,194.4746310487222,0.5465639506485721,4.438282865989159,1.118000542407998,
original_sw_1985,2132,217,interstitial,UNSPECIFIED,dft,-35372.726806,-887.976257567338,1 1 1,4471.037356137472,651,206.71837189361258,0.5635066474958945,4.278698468576825,0.996611415017105,
original_sw_1985,2133,217,interstitial,UNSPECIFIED,dft,-35368.750229,-883.5986156825832,1 1 1,4507.188641182594,651,167.82061301315383,0.5077292192514131,3.6505135931891,1.06371406271905,
original_sw_1985,2134,217,interstitial,UNSPECIFIED,dft,-35366.699815,-879.452288501436,1 1 1,4515.469174616489,651,242.02911494022663,0.6097380704049208,5.207767841697125,1.0656444364022286,
original_sw_1985,2135,217,interstitial,UNSPECIFIED,dft,-35373.500261,-891.0452996068572,1 1 1,4513.008407617218,651,136.05960219393924,0.4571661897265507,1.9255589028211666,1.029674435507921,
original_sw_1985,2136,146,111adatom,UNSPECIFIED,dft,-23805.61189933,-606.2136401848703,1 1 1,3410.3815108701388,438,127.16507334220475,0.5388239208463805,4.038027695692258,0.6428146576462176,
original_sw_1985,2137,146,111adatom,UNSPECIFIED,dft,-23805.11310402,-604.3722846502673,1 1 1,3410.3815108701388,438,191.17504844177193,0.6606608156515557,7.183028502984225,0.7630388437741554,
original_sw_1985,2138,146,111adatom,UNSPECIFIED,dft,-23805.70194419,-603.6085724731034,1 1 1,3410.3815108701388,438,246.51629461799604,0.7502150294762467,7.4770781659980425,0.7175875078782041,
original_sw_1985,2139,146,111adatom,UNSPECIFIED,dft,-23805.41218456,-603.6010390524248,1 1 1,3410.3815108701388,438,190.6286084725387,0.6597159491015409,6.0296838398058314,0.7051489490082109,
original_sw_1985,2140,146,111adatom,UNSPECIFIED,dft,-23804.85978672,-603.0402001620255,1 1 1,3410.3815108701388,438,215.6367419566535,0.7016561327802663,6.665780673056274,0.7458510809540849,
original_sw_1985,2141,146,111adatom,UNSPECIFIED,dft,-23804.42369702,-602.7476401427637,1 1 1,3410.3815108701388,438,153.82433508530016,0.5926188590206148,5.479301395282545,0.7038245578032402,
original_sw_1985,2142,146,111adatom,UNSPECIFIED,dft,-23805.18550933,-604.1782835284366,1 1 1,3410.3815108701388,438,177.44631279438494,0.6364971076318493,5.47300186975734,0.747506489837218,
original_sw_1985,2143,146,111adatom,UNSPECIFIED,dft,-23805.59717463,-604.4621890367667,1 1 1,3410.3815108701388,438,172.70953962275797,0.6279442789002516,6.234616843656242,0.6916359766582603,
original_sw_1985,2144,146,111adatom,UNSPECIFIED,dft,-23804.03413274,-601.4056871461961,1 1 1,3410.3815108701388,438,220.81161318465698,0.710025424306283,6.21496997604608,0.7769832784575066,
original_sw_1985,2145,146,111adatom,UNSPECIFIED,dft,-23805.43840308,-604.4419961058895,1 1 1,3410.3815108701388,438,165.67550429857295,0.6150240450780271,6.205630036777128,0.7360635208797953,
original_sw_1985,2146,146,111adatom,UNSPECIFIED,dft,-23805.43839795,-604.4419961058895,1 1 1,3410.3815108701388,438,165.66611729800184,0.6150066215220662,6.20493597605544,0.7360549146966164,
original_sw_1985,2147,52,surface_111_3x3_das,PW91,dft,-8464.047547,-195.32699294918604,1 1 1,1745.9802282395826,156,309.614775331818,1.408797394333509,8.019492645469,0.2187004052409691,0.16951451492058967
original_sw_1985,2148,32,decohesion,UNSPECIFIED,dft,-5216.86693074,-132.31268347766405,1 1 1,651.81674738547,96,21.05800241139073,0.4683526361464405,1.4561276791360238,1.4681940336033017,
original_sw_1985,2149,32,decohesion,UNSPECIFIED,dft,-5214.16770287,-129.26372887239967,1 1 1,648.5955643284884,96,26.645255043577087,0.5268346420246692,1.7006221765773084,1.8608378988165184,
original_sw_1985,2150,32,decohesion,UNSPECIFIED,dft,-5213.52619997,-127.51193726423047,1 1 1,689.1061265532871,96,39.186152964441504,0.6388967783449835,2.529401861065624,1.4666276090107195,
original_sw_1985,2151,32,decohesion,UNSPECIFIED,dft,-5210.79909789,-123.61892374257442,1 1 1,670.0925787144173,96,37.88206014761332,0.6281757661708269,1.9012886608964483,1.729395757900357,
original_sw_1985,2152,32,decohesion,UNSPECIFIED,dft,-5210.8027236,-123.82010876327197,1 1 1,713.3430488964783,96,26.188631385890236,0.5223009128874114,1.681791544021707,1.3925446162440211,
original_sw_1985,2153,32,decohesion,UNSPECIFIED,dft,-5208.87997623,-122.41112219074266,1 1 1,692.0025528799937,96,29.787640989847397,0.5570349423308892,1.6408365595925811,1.6770490217883467,
original_sw_1985,2154,32,decohesion,UNSPECIFIED,dft,-5209.42635625,-123.48475102141842,1 1 1,711.9422925211114,96,26.06301552221167,0.5210467781524402,1.7143301751101165,1.4921531427098758,
original_sw_1985,2155,32,decohesion,UNSPECIFIED,dft,-5209.07544947,-123.38080255762479,1 1 1,723.8680720913245,96,26.184789467594133,0.5222626002508434,1.7276658914678402,1.5135941450997386,
original_sw_1985,2156,32,decohesion,UNSPECIFIED,dft,-5208.73565554,-123.12799258299263,1 1 1,733.7503894533023,96,26.93679694290288,0.5297090095721471,1.7747779271440818,1.575299893143366,
original_sw_1985,2157,32,decohesion,UNSPECIFIED,dft,-5208.59380679,-123.04007753394048,1 1 1,739.2432032712392,96,28.019367692244323,0.5402484738163342,1.7607172869647996,1.5514777634528125,
original_sw_1985,2158,32,decohesion,UNSPECIFIED,dft,-5208.7877664,-123.32254428591519,1 1 1,773.8478276127091,96,26.363350323523292,0.5240402966725947,1.6388915622465698,1.4932896957165858,
original_sw_1985,2159,16,decohesion,UNSPECIFIED,dft,-2608.73517513,-66.55515865318407,1 1 -1,328.14806848881676,48,8.309777447082512,0.41607735276134133,1.2301316120773134,1.3374102308698765,
original_sw_1985,2160,16,decohesion,UNSPECIFIED,dft,-2607.20158704,-64.52357134697667,1 1 -1,325.2042066684052,48,16.766938025246244,0.5910255568579896,1.5035230374290172,1.6295964074241154,
original_sw_1985,2161,16,decohesion,UNSPECIFIED,dft,-2606.40226664,-63.02441084625241,1 1 -1,336.2834397744042,48,16.130594029416564,0.5797016838681011,1.5316153559567351,1.5331762431101978,
original_sw_1985,2162,16,decohesion,UNSPECIFIED,dft,-2605.57721305,-62.20389998091567,1 1 -1,354.1002531456985,48,14.484611858145014,0.5493293611711355,1.4994205249489811,1.3771955406444045,
original_sw_1985,2163,16,decohesion,UNSPECIFIED,dft,-2604.75953226,-62.11643431896846,1 1 -1,358.28414584870234,48,14.589886151732951,0.5513220125248369,1.3874302641768805,1.3893042907408129,
original_sw_1985,2164,16,decohesion,UNSPECIFIED,dft,-2603.77677668,-61.53929665509183,1 1 -1,353.528383869545,48,18.320899370461056,0.6178069306436049,1.5611355990076736,1.477727968925889,
original_sw_1985,2165,16,decohesion,UNSPECIFIED,dft,-2604.17228612,-62.1574346604845,1 1 -1,373.9481675578679,48,14.817759231693017,0.5556107606291817,1.4567749453177776,1.3392189769281884,
original_sw_1985,2166,16,decohesion,UNSPECIFIED,dft,-2604.04583452,-62.17770483213276,1 1 -1,381.1629262665485,48,15.240599898719445,0.5634824734541336,1.5450603762872517,1.3597752727840728,
original_sw_1985,2167,16,decohesion,UNSPECIFIED,dft,-2603.62984903,-61.63450862234226,1 1 -1,393.1966652384923,48,16.867252379299877,0.5927909338336865,1.4936850757954465,1.4497141722156535,
original_sw_1985,2168,16,decohesion,UNSPECIFIED,dft,-2604.02410055,-62.23900005723527,1 1 -1,403.13971540917254,48,14.810753845724527,0.5554794071663932,1.5251391493140458,1.3091982125617954,
original_sw_1985,2169,16,decohesion,UNSPECIFIED,dft,-2603.60194131,-61.705064532395674,1 1 -1,398.47840456477996,48,18.064081233041236,0.613461511171124,1.6587974434962447,1.5389192217950938,
original_sw_1985,2170,24,decohesion,UNSPECIFIED,dft,-3911.30136038,-97.51426125741517,1 1 1,487.4864485551927,72,28.13562546688169,0.6251180495945645,1.638306340698247,1.9676911113500795,
original_sw_1985,2171,24,decohesion,UNSPECIFIED,dft,-3910.74761507,-96.58705377904415,1 1 1,486.61488334114324,72,31.348847982740182,0.6598489724375927,1.7643136478477095,2.0111584028631224,
original_sw_1985,2172,24,decohesion,UNSPECIFIED,dft,-3910.18722747,-95.63568277921479,1 1 1,498.7036547672315,72,26.682674466915802,0.6087632552391661,1.5845730145170176,1.98100893115555,
original_sw_1985,2173,24,decohesion,UNSPECIFIED,dft,-3909.88561561,-95.7553531982934,1 1 1,501.8991942810063,72,27.2714025677357,0.6154425075565063,1.4347447165538212,1.9219828999586164,
original_sw_1985,2174,24,decohesion,UNSPECIFIED,dft,-3909.81120943,-96.00097964683346,1 1 1,510.8373481445762,72,26.983453168081297,0.612184762053106,1.476713095725589,1.8503301671893888,
original_sw_1985,2175,24,decohesion,UNSPECIFIED,dft,-3909.80435124,-96.30145336798087,1 1 1,509.77103273530804,72,26.98205281762133,0.6121688766819774,1.6030159239627997,1.8247008474340085,
original_sw_1985,2176,24,decohesion,UNSPECIFIED,dft,-3909.28742127,-95.74508316861089,1 1 1,513.5670611736535,72,31.10002760433288,0.6572250967803623,1.6815643597958743,1.9643684332102918,
original_sw_1985,2177,24,decohesion,UNSPECIFIED,dft,-3909.66405036,-96.26798250572838,1 1 1,520.3232575480138,72,28.151256460477484,0.6252916703924556,1.660780362501693,1.8284105787279197,
original_sw_1985,2178,24,decohesion,UNSPECIFIED,dft,-3909.28878553,-95.88625050662107,1 1 1,516.0214816365481,72,30.232895092947263,0.6479979326628895,1.800215237956587,1.9299619836584,
original_sw_1985,2179,24,decohesion,UNSPECIFIED,dft,-3909.11081739,-95.693187284704,1 1 1,515.6319090901321,72,34.35024240377891,0.6907146299684732,1.8893700659977142,1.9051260971455406,
original_sw_1985,2180,24,decohesion,UNSPECIFIED,dft,-3909.07304595,-95.47881274395932,1 1 1,544.8512911524033,72,30.37479647691492,0.6495168768326848,1.6444015955125066,1.9961693126151372,
original_sw_1985,2181,8,bc8,UNSPECIFIED,dft,-1302.10136192,-30.369762402971855,1 1 1,149.13734205194962,24,10.859539061595747,0.6726669266681365,1.5630667203198798,1.8940040637155016,
original_sw_1985,2182,8,bc8,UNSPECIFIED,dft,-1299.66341544,-27.792793818993005,1 1 1,137.39985219915934,24,18.102685983568428,0.8684921315986026,1.9311656125359487,3.6735118976997563,
original_sw_1985,2183,8,bc8,UNSPECIFIED,dft,-1302.84743312,-31.641841742029516,1 1 1,143.989558447863,24,8.278473817965988,0.5873128715445595,1.4598481045505334,1.2695410402631733,
original_sw_1985,2184,8,bc8,UNSPECIFIED,dft,-1302.58868117,-31.02061384422034,1 1 1,146.4917189186953,24,11.455160161483358,0.6908678166348513,2.042044424171433,1.4284919231877022,
original_sw_1985,2185,8,bc8,UNSPECIFIED,dft,-1301.70159192,-29.768290758050174,1 1 1,142.85331470358093,24,15.792674586436759,0.811189316847922,2.01559953800671,2.0021381500806417,
original_sw_1985,2186,8,bc8,UNSPECIFIED,dft,-1302.93886247,-31.432663089298487,1 1 1,150.84885290707177,24,10.11503620427909,0.6491993852777143,1.636904465654793,1.0539701528723824,
original_sw_1985,2187,8,bc8,UNSPECIFIED,dft,-1302.74465185,-31.261595451935072,1 1 1,148.99033097797266,24,9.322767620593694,0.6232564888214728,1.6575446573502823,1.4065586606768308,
original_sw_1985,2188,8,bc8,UNSPECIFIED,dft,-1301.85740986,-29.694642470721934,1 1 1,165.3650399022885,24,14.304085772055451,0.7720126772506031,1.7865221375338556,1.2758828057303435,
original_sw_1985,2189,8,bc8,UNSPECIFIED,dft,-1301.53730674,-30.153047028887478,1 1 1,138.19734857564748,24,7.762635007944795,0.5687206039269486,1.5247594776838747,2.7238502841604255,
original_sw_1985,2190,8,bc8,UNSPECIFIED,dft,-1302.30361733,-30.73535641817321,1 1 1,146.54321090826204,24,9.172440172193891,0.6182111347870931,1.3742274325585775,1.9516959023308422,
original_sw_1985,2191,8,bc8,UNSPECIFIED,dft,-1301.56615586,-29.50223697803024,1 1 1,144.39867690236835,24,15.398402115833095,0.8009994308111038,2.018945658773825,2.0366004762798555,
original_sw_1985,2192,8,bc8,UNSPECIFIED,dft,-1302.15699202,-30.473225028476065,1 1 1,148.75112737888108,24,9.102381467284983,0.615845674231952,1.5547274341673274,2.2056976634908887,
original_sw_1985,2193,8,bc8,UNSPECIFIED,dft,-1302.72374355,-31.171807976096908,1 1 1,153.03803960128334,24,8.687673197673192,0.6016530422397804,1.5729103613767268,1.4257078070003217,
original_sw_1985,2194,8,bc8,UNSPECIFIED,dft,-1300.64944229,-28.89759116965607,1 1 1,147.73847783721746,24,8.300412331054629,0.588090565979376,1.3882539942394752,3.6486132199142918,
original_sw_1985,2195,8,bc8,UNSPECIFIED,dft,-1302.50627207,-30.87772111996756,1 1 1,149.75878199216655,24,11.993931999837917,0.7069279784107524,1.7323006452165577,1.4652379080644777,
original_sw_1985,2196,8,bc8,UNSPECIFIED,dft,-1302.202766,-30.595212483018035,1 1 1,144.86871895785524,24,11.04634521863545,0.6784278768666647,1.8400407771079652,1.961226734858823,
original_sw_1985,2197,8,bc8,UNSPECIFIED,dft,-1302.37281778,-30.560631214691664,1 1 1,146.46369331216573,24,14.400041807492547,0.7745977936831838,2.020452702521382,1.5119201366805062,
original_sw_1985,2198,8,bc8,UNSPECIFIED,dft,-1302.22814673,-30.665736777690224,1 1 1,148.72446987543964,24,8.97008782374318,0.6113539558411579,1.2456122820438187,1.8644315296715332,
original_sw_1985,2199,8,bc8,UNSPECIFIED,dft,-1301.57628424,-29.860803217669083,1 1 1,146.82384191440687,24,8.966917369950714,0.6112459055742457,1.4888296091572837,2.7956574931370497,
original_sw_1985,2200,8,bc8,UNSPECIFIED,dft,-1301.85247959,-30.110864227076867,1 1 1,146.13055619102965,24,11.578472284528711,0.6945763782253873,1.7208987626778929,2.333819385787848,
original_sw_1985,2201,8,bc8,UNSPECIFIED,dft,-1302.64844516,-30.996583007161775,1 1 1,153.58950770862901,24,9.18246957583923,0.6185490271541143,1.5012220083783074,1.4332373007562866,
original_sw_1985,2202,8,bc8,UNSPECIFIED,dft,-1301.45377561,-29.21882007719353,1 1 1,153.07102521491987,24,15.375927065124655,0.8004146598567066,1.8280196063180543,2.457255317980985,
original_sw_1985,2203,8,bc8,UNSPECIFIED,dft,-1303.02869364,-31.814385543022958,1 1 1,146.52275261224395,24,4.66465611973201,0.4408635521967091,1.0160100098234073,1.390055886512901,
original_sw_1985,2204,8,bc8,UNSPECIFIED,dft,-1302.02203019,-30.01272206058132,1 1 1,151.12656459372357,24,17.091991808890736,0.8438994758680961,1.9162276515920396,1.6696037119940068,
original_sw_1985,2205,8,bc8,UNSPECIFIED,dft,-1300.30563796,-28.835305499456336,1 1 1,142.61754147501165,24,10.92154544945474,0.6745846082792587,1.9815486908769333,3.899516619125162,
original_sw_1985,2206,8,bc8,UNSPECIFIED,dft,-1302.60265142,-30.959133871093936,1 1 1,152.05580761470216,24,12.32572040855851,0.716639158635598,2.2183302411299612,1.2002955686968662,
original_sw_1985,2207,8,bc8,UNSPECIFIED,dft,-1301.70387228,-29.95851320895014,1 1 1,149.52993228412967,24,10.627911353538131,0.6654544610495563,1.8369669732092664,2.500882939770139,
original_sw_1985,2208,8,bc8,UNSPECIFIED,dft,-1302.40668542,-30.812601517872725,1 1 1,148.13815551759208,24,12.843094792780672,0.7315250848051588,1.7066020809312097,1.5002016815942893,
original_sw_1985,2209,8,bc8,UNSPECIFIED,dft,-1302.3135141,-30.365303058263116,1 1 1,153.81242620917308,24,14.467515216614922,0.7764104159693002,1.8693670158299094,1.216215479042468,
original_sw_1985,2210,8,bc8,UNSPECIFIED,dft,-1302.46604925,-30.668258774392847,1 1 1,147.0670723399787,24,14.789582508915004,0.7850048436399135,2.072937020406775,1.3079108773727666,
original_sw_1985,2211,8,bc8,UNSPECIFIED,dft,-1302.71017558,-31.147741672661407,1 1 1,149.50648816394573,24,11.206646970271429,0.6833327328332147,1.7388329965785527,1.2320872516688905,
original_sw_1985,2212,8,bc8,UNSPECIFIED,dft,-1300.89095575,-29.097734486653955,1 1 1,145.04454799870402,24,12.345521782391085,0.7172145710545498,1.901885763315933,3.1503206226337768,
original_sw_1985,2213,8,bc8,UNSPECIFIED,dft,-1302.24970965,-30.032483007555783,1 1 1,155.3553390987346,24,17.760436818034904,0.8602431056111141,2.1540838258509534,1.118599533225959,
original_sw_1985,2214,8,bc8,UNSPECIFIED,dft,-1302.49966322,-30.789146828247173,1 1 1,147.85251065550972,24,14.77469599858479,0.784609669373483,2.1866961050435005,1.3221349538861378,
original_sw_1985,2215,8,bc8,UNSPECIFIED,dft,-1301.24840624,-28.942362965509954,1 1 1,147.4195931178364,24,18.643380389145833,0.8813668454249965,1.970857296248865,2.3446770310419796,
original_sw_1985,2216,8,bc8,UNSPECIFIED,dft,-1302.40820293,-30.60234877596396,1 1 1,150.68144196289452,24,16.236899796080316,0.8225189915760891,1.8893690391041902,1.1786263327563433,
original_sw_1985,2217,8,bc8,UNSPECIFIED,dft,-1302.11508044,-30.766906946742978,1 1 1,143.2052588467521,24,13.60681277092984,0.7529611757070059,2.359070140728238,2.0622137223341652,
original_sw_1985,2218,8,bc8,UNSPECIFIED,dft,-1302.14779007,-30.59965096484751,1 1 1,144.8457360585274,24,10.621259064364862,0.6652461657275467,1.4777331910487879,1.72446763663094,
original_sw_1985,2219,8,bc8,UNSPECIFIED,dft,-1302.07589927,-30.459487957147946,1 1 1,148.40443716863433,24,17.501947034798334,0.8539600652938035,2.0034223298135854,1.50534339664161,
original_sw_1985,2220,8,bc8,UNSPECIFIED,dft,-1302.5095079,-30.929015474920416,1 1 1,148.87374008868815,24,10.398525225784784,0.6582339131400776,1.4708726487718284,1.4822198748723707,
original_sw_1985,2221,8,bc8,UNSPECIFIED,dft,-1301.84388739,-30.09417715820416,1 1 1,149.17862894628774,24,9.868015879195923,0.6412233061109289,1.7874503523607734,2.5435509016415745,
original_sw_1985,2222,8,bc8,UNSPECIFIED,dft,-1302.65878388,-30.9352655227547,1 1 1,149.51624005960858,24,12.662191134491533,0.7263548012304183,2.0529950036907083,1.3187690380284562,
original_sw_1985,2223,8,bc8,UNSPECIFIED,dft,-1302.97551966,-31.481395492834455,1 1 1,152.9177315915076,24,8.393541539054748,0.5913805014207135,1.5961467038227128,1.0785621669264132,
original_sw_1985,2224,8,bc8,UNSPECIFIED,dft,-1302.86372194,-31.478064018146963,1 1 1,149.06968691804985,24,6.8444912122201815,0.5340291507422675,1.196396447679087,1.383274675545015,
original_sw_1985,2225,8,bc8,UNSPECIFIED,dft,-1302.41534202,-30.98808906971669,1 1 1,142.06934444961752,24,10.98101413511137,0.6764186984624541,1.607401708615685,1.5185836686846836,
original_sw_1985,2226,8,bc8,UNSPECIFIED,dft,-1302.48000311,-30.844404420851934,1 1 1,149.08904726512895,24,11.087773952796415,0.6796988902201602,1.5124435474356865,1.6546023750310324,
original_sw_1985,2227,8,bc8,UNSPECIFIED,dft,-1300.89687469,-29.55681573392142,1 1 1,143.31238107823467,24,4.728565641442583,0.4438733697727776,1.2023791483194446,3.8832866641603774,
original_sw_1985,2228,8,bc8,UNSPECIFIED,dft,-1302.39624337,-30.820331092072202,1 1 1,145.94502832614864,24,12.551298184972206,0.7231671713422667,1.9575287445317848,1.5792120926060988,
original_sw_1985,2229,8,bc8,UNSPECIFIED,dft,-1302.20670043,-30.19347442523376,1 1 1,154.19870680884372,24,14.435573938575388,0.7755528656646439,1.79161030220258,1.6764136548857802,
original_sw_1985,2230,2,bcc,UNSPECIFIED,dft,-325.14809468,-6.9219888516741905,1 1 1,30.746005771069402,6,0.204362787283344,0.18455477384024505,0.3196582450706892,0.3201343135310553,
original_sw_1985,2231,2,bcc,UNSPECIFIED,dft,-325.20285006,-6.161088586599239,1 1 1,29.618540160253044,6,0.03408115128709953,0.07536704771439078,0.1305395558577944,0.06413919108730116,
original_sw_1985,2232,2,bcc,UNSPECIFIED,dft,-325.19538225,-5.911246988303936,1 1 1,29.343583009481172,6,0.1611412399016526,0.16388066791706124,0.2838496432106731,0.156571008917147,
original_sw_1985,2233,2,bcc,UNSPECIFIED,dft,-325.17379633,-6.683436814175507,1 1 1,30.238850697576282,6,0.071124410937441,0.10887639087319849,0.1885794407371092,0.20784281191964918,
original_sw_1985,2234,2,bcc,UNSPECIFIED,dft,-325.15035125,-6.008700866672379,1 1 1,29.429998453845272,6,0.6844181975373531,0.337742060735051,0.5849864090461221,0.3421216659318729,
original_sw_1985,2235,2,bcc,UNSPECIFIED,dft,-325.15934765,-4.2201047933615925,1 1 1,28.036180737642844,6,1.2942872390841589,0.46445079378483123,0.8044523724510253,0.3309513653091644,
original_sw_1985,2236,2,bcc,UNSPECIFIED,dft,-325.19164337,-6.800839353563645,1 1 1,30.35587695696243,6,0.05757312573123402,0.09795673001486763,0.16966603332906102,0.07887750693321893,
original_sw_1985,2237,2,bcc,UNSPECIFIED,dft,-325.21020763,-5.645170113326141,1 1 1,29.16604952629458,6,0.07807751894438435,0.11407418561648405,0.19758228531979535,0.137772493384323,
original_sw_1985,2238,2,bcc,UNSPECIFIED,dft,-325.1737924,-5.005345527636441,1 1 1,28.5676288848366,6,0.6069588301564676,0.31805629222840087,0.5508896578065646,0.20554372357238251,
original_sw_1985,2239,2,bcc,UNSPECIFIED,dft,-325.19545817,-6.22740753958366,1 1 1,29.686280600743807,6,0.2806827989409679,0.2162879249753932,0.37462167512102856,0.12249241364264156,
original_sw_1985,2240,2,bcc,UNSPECIFIED,dft,-325.17998033,-5.565277363417347,1 1 1,29.056140376618977,6,0.4264851457860468,0.26660993535689514,0.46178195384079856,0.20784882928064166,
original_sw_1985,2241,2,bcc,UNSPECIFIED,dft,-325.17699549,-6.131207150563325,1 1 1,29.582507437276252,6,0.1572229679769944,0.16187596485014608,0.28037739564468706,0.20097270411675314,
original_sw_1985,2242,2,bcc,UNSPECIFIED,dft,-325.14861914,-5.549879676221784,1 1 1,29.065508446704893,6,0.8839962583786333,0.3838394322236477,0.66482939855975,0.36137129645283117,
original_sw_1985,2243,2,bcc,UNSPECIFIED,dft,-325.1595081,-5.557428435729276,1 1 1,29.03261170273623,6,0.9407195597703943,0.3959628685812165,0.6858278062933854,0.35073980179994785,
original_sw_1985,2244,2,bcc,UNSPECIFIED,dft,-325.19690415,-6.876314444331799,1 1 1,30.46160726873303,6,0.03204491231982275,0.07308090530344065,0.12657984104868927,0.06311003116251276,
original_sw_1985,2245,2,bcc,UNSPECIFIED,dft,-325.15708848,-5.914602776359264,1 1 1,29.329182111159074,6,0.7321888855992105,0.3493300458494828,0.6050573880216706,0.305593569903993,
original_sw_1985,2246,2,bcc,UNSPECIFIED,dft,-325.10853978,-4.975754281802205,1 1 1,28.546217658586855,6,1.6497952440464774,0.5243718852186359,0.908238747259355,0.5143199339905075,
original_sw_1985,2247,2,bcc,UNSPECIFIED,dft,-325.20666544,-4.679830031888892,1 1 1,28.403904025058164,6,0.19156577808009329,0.1786830425082793,0.3094881080753306,0.11962933057295495,
original_sw_1985,2248,2,bcc,UNSPECIFIED,dft,-325.17588916,-5.547323359883434,1 1 1,29.006325023619514,6,0.6322803065992303,0.32462293680495174,0.5622634198483979,0.20969346548394557,
original_sw_1985,2249,2,bcc,UNSPECIFIED,dft,-325.06670275,-3.4478729355461013,1 1 1,27.482038903138164,6,3.386932466569382,0.7513246598030909,1.3013324837583569,0.4995786375203274,
original_sw_1985,2250,2,bcc,UNSPECIFIED,dft,-325.20626425,-5.215511298429031,1 1 1,28.76542400293267,6,0.0288363190171682,0.06932570352710482,0.12007564077940416,0.056709654086995326,
original_sw_1985,2251,2,bcc,UNSPECIFIED,dft,-325.15337263,-4.086664639595375,1 1 1,27.918052639685474,6,1.8137874848243367,0.5498162548864751,0.9523096882906159,0.25407585258474813,
original_sw_1985,2252,2,bcc,UNSPECIFIED,dft,-325.14032766,-3.5317845699151764,1 1 1,27.58242082515664,6,1.5037377173347775,0.5006225653015748,0.8671037185177967,0.2714983464651918,
original_sw_1985,2253,2,bcc,UNSPECIFIED,dft,-325.15156516,-7.366639878075447,1 1 1,31.29024112956019,6,0.01446858874701572,0.0491063280834146,0.08505465521362167,0.1932148891778271,
original_sw_1985,2254,2,bcc,UNSPECIFIED,dft,-325.1764287,-7.17022774484395,1 1 1,30.876102534128094,6,0.022897426480554213,0.06177570514983245,0.10699865999290459,0.09998660410274968,
original_sw_1985,2255,2,bcc,UNSPECIFIED,dft,-325.18065179,-6.208589214278768,1 1 1,29.649302373458493,6,0.21238475295992243,0.18814212400909516,0.32587171782767754,0.19479146849900794,
original_sw_1985,2256,2,bcc,UNSPECIFIED,dft,-325.17332917,-6.669294413038873,1 1 1,30.17175961252378,6,0.12238380604999505,0.14281911989762613,0.24736997195496008,0.17867922412338075,
original_sw_1985,2257,2,bcc,UNSPECIFIED,dft,-325.17567483,-6.590136236956737,1 1 1,30.059640758167763,6,0.17554045803223556,0.17104602598532534,0.2962604074393312,0.18399317423933603,
original_sw_1985,2258,2,bcc,UNSPECIFIED,dft,-325.16825825,-4.662325120961782,1 1 1,28.363626481246776,6,0.7481085627152535,0.35310729311718025,0.6115997722020726,0.3357783245932749,
original_sw_1985,2259,2,bcc,UNSPECIFIED,dft,-325.12456953,-5.817944957728932,1 1 1,29.188478712729392,6,0.8285043482199372,0.3715966335109297,0.6436242491624821,0.41165117194861317,
original_sw_1985,2260,2,bcc,UNSPECIFIED,dft,-325.16788754,-7.432674276876113,1 1 1,31.43228497073823,6,0.07662277382232728,0.11300647018521202,0.19573294794480542,0.1201990445053537,
original_sw_1985,2261,2,bcc,UNSPECIFIED,dft,-325.1896491,-6.992304072174021,1 1 1,30.607342544863997,6,0.021726130745892063,0.060174926597229936,0.10422603020813083,0.06545654563652643,
original_sw_1985,2262,2,bcc,UNSPECIFIED,dft,-325.15402601,-7.054773324282945,1 1 1,30.71283449317573,6,0.040129813802406274,0.08178204142965034,0.14165065090285767,0.23433958877378502,
original_sw_1985,2263,2,bcc,UNSPECIFIED,dft,-325.18881735,-5.5665783805413716,1 1 1,29.057138558298146,6,0.29054994564447345,0.2200567902627537,0.381149541285618,0.17260311130838094,
original_sw_1985,2264,2,bcc,UNSPECIFIED,dft,-325.05685195,-4.511065778564357,1 1 1,28.20898173672688,6,1.660135847066217,0.5260126498900664,0.9110806350335361,0.6674914024664786,
original_sw_1985,2265,2,bcc,UNSPECIFIED,dft,-325.16485707,-5.632820199730813,1 1 1,29.15874903470181,6,0.6293934296578337,0.3238810042947445,0.5609783550449317,0.3429156271835197,
original_sw_1985,2266,2,bcc,UNSPECIFIED,dft,-325.18590168,-6.3615500383564765,1 1 1,29.80910364366422,6,0.10941410064160323,0.13503956250028065,0.23389538328236076,0.1272652229270301,
original_sw_1985,2267,2,bcc,UNSPECIFIED,dft,-325.15660669,-5.1367615599901955,1 1 1,28.789293425251223,6,1.459358924205723,0.4931799746214565,0.854212773319893,0.36362789056946665,
original_sw_1985,2268,2,bcc,UNSPECIFIED,dft,-325.05181451,-2.6978681212504827,1 1 1,27.054385951777782,6,6.663508796810717,1.0538428722862117,1.8253093979940394,0.5117731837445179,
original_sw_1985,2269,2,bcc,UNSPECIFIED,dft,-325.16344774,-5.546604414896134,1 1 1,29.007156426388104,6,0.7207455126374038,0.3465894575809166,0.600310549897887,0.28855533594095956,
original_sw_1985,2270,2,bcc,UNSPECIFIED,dft,-325.17803403,-5.488536495224632,1 1 1,28.96896353046928,6,0.39471950437778264,0.25648895505062935,0.44425190172794204,0.24679904524396631,
original_sw_1985,2271,2,bcc,UNSPECIFIED,dft,-325.17258713,-5.42080668325463,1 1 1,28.898190148396953,6,0.582268856856893,0.3115201590204859,0.5395687430054193,0.24292679404846773,
original_sw_1985,2272,2,bcc,UNSPECIFIED,dft,-325.16383985,-5.49929841365048,1 1 1,28.92934903727925,6,1.217891319010785,0.45053511128634305,0.7803497033416456,0.324492311413794,
original_sw_1985,2273,2,bcc,UNSPECIFIED,dft,-325.1737563,-6.90370638609965,1 1 1,30.514334627508774,6,0.009050821902504207,0.03883903084635396,0.06727117474262012,0.15617718495350083,
original_sw_1985,2274,2,bcc,UNSPECIFIED,dft,-325.13603661,-4.2197479421115585,1 1 1,28.016131410435225,6,1.6211902739942843,0.5198060975008348,0.9003305709555515,0.3685809747757834,
original_sw_1985,2275,2,bcc,UNSPECIFIED,dft,-325.19724072,-6.122703929675705,1 1 1,29.570687749794217,6,0.22661683125641674,0.19434369523107628,0.3366131542709056,0.10504056264129585,
original_sw_1985,2276,2,bcc,UNSPECIFIED,dft,-325.13563846,-4.252335553057403,1 1 1,27.989273904737868,6,2.5192529875900416,0.6479780072901191,1.1223308308137239,0.32930943442300586,
original_sw_1985,2277,2,bcc,UNSPECIFIED,dft,-325.17242013,-6.429301612428967,1 1 1,29.89862101738674,6,0.13009036775893384,0.14724716622000678,0.25503957316359255,0.22034208585742307,
original_sw_1985,2278,2,bcc,UNSPECIFIED,dft,-325.18081668,-6.8266524071435795,1 1 1,30.360447735552324,6,0.07689549225336338,0.11320739982686893,0.19608096829290264,0.12640345116596566,
original_sw_1985,2279,4,fcc,UNSPECIFIED,dft,-650.24507815,-6.448624868670294,1 1 1,56.87191435300801,12,44.44726720458524,1.924562010878173,3.973494746626333,0.3746589857457045,
original_sw_1985,2280,4,fcc,UNSPECIFIED,dft,-650.25157072,-12.925073619238004,1 1 1,63.37053765748363,12,38.77752502951471,1.797626329114654,3.2064158381004577,0.15199838623046846,
original_sw_1985,2281,4,fcc,UNSPECIFIED,dft,-650.29904771,-9.317912703808135,1 1 1,59.19545245444573,12,41.622433403130515,1.862400632766093,3.420583097678574,0.1982944349109845,
original_sw_1985,2282,4,fcc,UNSPECIFIED,dft,-650.32346537,-10.333264913320132,1 1 1,59.87158195577297,12,17.434754512753184,1.2053614434666884,2.3475490746117353,0.14202482957802368,
original_sw_1985,2283,4,fcc,UNSPECIFIED,dft,-650.24607611,-7.617170427671565,1 1 1,57.90614450380806,12,51.536945029997185,2.072376756086217,3.789015292564944,0.3499726017371455,
original_sw_1985,2284,4,fcc,UNSPECIFIED,dft,-650.30159983,-9.241439736441286,1 1 1,58.99342049983603,12,34.5469954666071,1.6967369533560366,3.2331634416755994,0.20663586416286336,
original_sw_1985,2285,4,fcc,UNSPECIFIED,dft,-650.27610222,-10.994915521336445,1 1 1,61.1140166974206,12,63.4587889256733,2.299615709302921,4.184602263346474,0.20222488327766852,
original_sw_1985,2286,4,fcc,UNSPECIFIED,dft,-650.30151238,-11.512912658235832,1 1 1,61.30963985308366,12,32.589045599186484,1.6479544289610095,3.1505997850326586,0.17216689877364155,
original_sw_1985,2287,4,fcc,UNSPECIFIED,dft,-650.28574431,-9.674687271331083,1 1 1,59.64324655254197,12,51.49834405135826,2.0716005094965877,3.9142960306688908,0.23629329816635372,
original_sw_1985,2288,4,fcc,UNSPECIFIED,dft,-650.27729849,-7.247980615407227,1 1 1,57.36652777752013,12,37.51917028603713,1.7682187432092296,3.3307502652940864,0.3104865407039947,
original_sw_1985,2289,4,fcc,UNSPECIFIED,dft,-650.29460816,-8.429586623782898,1 1 1,58.35475942774754,12,29.44788369482466,1.566521722767372,2.89979261367025,0.225762966663416,
original_sw_1985,2290,4,fcc,UNSPECIFIED,dft,-650.31160952,-9.234043439805971,1 1 1,58.92047448785386,12,30.127452311756976,1.5844939337150357,3.286939166452865,0.1958990254357246,
original_sw_1985,2291,4,fcc,UNSPECIFIED,dft,-650.26990969,-12.287384922958179,1 1 1,62.44097311516933,12,39.95720431870376,1.82476492364322,3.2756764558088505,0.13137480558184156,
original_sw_1985,2292,4,fcc,UNSPECIFIED,dft,-650.25507698,-6.010676113497067,1 1 1,56.47083373524752,12,33.1931242799004,1.66315774657478,3.6250786089087375,0.2998532342246787,
original_sw_1985,2293,4,fcc,UNSPECIFIED,dft,-650.31199663,-9.96213158960855,1 1 1,59.64776031928079,12,30.395010658890723,1.5915142333348955,3.401941476383844,0.1814578018208825,
original_sw_1985,2294,4,fcc,UNSPECIFIED,dft,-650.25581528,-4.732726744073076,1 1 1,55.42749662192174,12,31.695481366469703,1.6252046375372164,3.3009910946464025,0.3028283620991711,
original_sw_1985,2295,4,fcc,UNSPECIFIED,dft,-650.31287879,-9.492717592306477,1 1 1,59.29553162745552,12,36.654763558035995,1.7477309947003665,3.1775053691358255,0.19900987915176474,
original_sw_1985,2296,4,fcc,UNSPECIFIED,dft,-650.27715676,-11.045770931028217,1 1 1,61.13800799729507,12,53.25431029894151,2.1066226979643172,3.7335706423274444,0.19418470442682487,
original_sw_1985,2297,4,fcc,UNSPECIFIED,dft,-650.31486381,-8.646926241505778,1 1 1,58.263877628388016,12,25.07073369439664,1.445416136573266,2.7559241861931736,0.25164193347559016,
original_sw_1985,2298,4,fcc,UNSPECIFIED,dft,-650.28473737,-7.682562530686806,1 1 1,57.42216342894895,12,25.66604422378119,1.462476330970328,2.9730665659935247,0.31793912391630363,
original_sw_1985,2299,4,fcc,UNSPECIFIED,dft,-650.23202302,-6.695160327312664,1 1 1,56.93468498072697,12,42.96434210897925,1.89218441025576,4.24534441235403,0.41859848643021474,
original_sw_1985,2300,4,fcc,UNSPECIFIED,dft,-650.29712879,-7.453611393968065,1 1 1,57.473197344908705,12,25.773573238716015,1.4655366832300722,3.2053608158875164,0.20686230547153825,
original_sw_1985,2301,4,fcc,UNSPECIFIED,dft,-650.30622633,-10.498657403994457,1 1 1,60.24399466542776,12,37.16843421551658,1.759934520929604,3.39675525102856,0.2046080799764923,
original_sw_1985,2302,4,fcc,UNSPECIFIED,dft,-650.31246787,-6.972468347533416,1 1 1,56.974962869532774,12,15.927863221965538,1.1520945860318044,2.2607155483281454,0.1700346082419694,
original_sw_1985,2303,4,fcc,UNSPECIFIED,dft,-650.14339152,-3.8127416708924313,1 1 1,55.104464003439546,12,31.592208348656914,1.6225547846081323,3.7419780268817417,0.45773839638487834,
original_sw_1985,2304,4,fcc,UNSPECIFIED,dft,-650.29159738,-9.089238202661106,1 1 1,58.856743118286104,12,29.78472260638726,1.5754555586238979,3.108283938587835,0.255505540970576,
original_sw_1985,2305,4,fcc,UNSPECIFIED,dft,-650.27724544,-7.509324872689509,1 1 1,57.65591403731142,12,46.1354373023016,1.960770199485855,3.803945243759426,0.3110696695409781,
original_sw_1985,2306,4,fcc,UNSPECIFIED,dft,-650.24585387,-5.724762892867066,1 1 1,56.25048808415398,12,36.178827017311036,1.7363473878929259,3.5951552817770347,0.3726561888322801,
original_sw_1985,2307,4,fcc,UNSPECIFIED,dft,-650.27788525,-6.481850758231629,1 1 1,56.80742276850124,12,27.774099343238497,1.5213508072115411,2.9776445793410207,0.23196548936928815,
original_sw_1985,2308,4,fcc,UNSPECIFIED,dft,-650.09689283,-2.04342028165309,1 1 1,54.080828938840334,12,25.45741386608669,1.4565202214549662,2.7630544639598167,0.4615070345888565,
original_sw_1985,2309,4,fcc,UNSPECIFIED,dft,-650.20406619,-5.615650293313369,1 1 1,56.40846485044225,12,32.28327352782232,1.640205107291522,2.997275690690909,0.37809771271237985,
original_sw_1985,2310,4,fcc,UNSPECIFIED,dft,-650.23430266,-8.135135505457319,1 1 1,58.406462812308135,12,51.846148094823405,2.0785842155744576,4.023390664005772,0.3743387314874947,
original_sw_1985,2311,4,fcc,UNSPECIFIED,dft,-650.21548663,-6.64125663906628,1 1 1,57.04223223927988,12,38.34578572779633,1.787591156831737,3.825991153288709,0.39691902688079844,
original_sw_1985,2312,4,fcc,UNSPECIFIED,dft,-650.29118239,-11.39545869454081,1 1 1,61.43595050293841,12,49.38834376042228,2.028717652451549,3.8061772890199097,0.20660638784897237,
original_sw_1985,2313,4,fcc,UNSPECIFIED,dft,-650.31336395,-9.80614547437423,1 1 1,59.42931784064117,12,24.916295107129788,1.4409572948544134,2.805259608184589,0.18804066907187922,
original_sw_1985,2314,4,fcc,UNSPECIFIED,dft,-650.25123429,-7.446633127706586,1 1 1,57.57273220883356,12,37.67066224813287,1.7717849344689305,3.7974102138412698,0.35170337570647986,
original_sw_1985,2315,4,fcc,UNSPECIFIED,dft,-650.2985133,-8.00010098606803,1 1 1,57.92450682614331,12,23.82763022804202,1.409125917842985,2.9411407209331397,0.2061505521053323,
original_sw_1985,2316,4,fcc,UNSPECIFIED,dft,-650.1397255,-4.854320505418992,1 1 1,55.76185357265816,12,26.404895186046055,1.483377204951763,2.9272270553699524,0.46897129993920383,
original_sw_1985,2317,4,fcc,UNSPECIFIED,dft,-650.14177717,-9.629079198049256,1 1 1,60.009840669949625,12,87.1729812607285,2.6952578921247423,5.243783158229911,0.5458083845163368,
original_sw_1985,2318,4,fcc,UNSPECIFIED,dft,-650.30734509,-10.947338715146973,1 1 1,60.63524089438866,12,29.28835617386757,1.5622728147869365,3.199649324010946,0.15375697146796305,
original_sw_1985,2319,4,fcc,UNSPECIFIED,dft,-650.28323393,-9.526928652278865,1 1 1,59.146170449870645,12,41.43358660142593,1.8581708434512045,3.4130859440575616,0.30461404481737214,
original_sw_1985,2320,4,fcc,UNSPECIFIED,dft,-650.24920327,-9.499516264807149,1 1 1,59.54210087498977,12,59.75220033536503,2.231445725969396,4.52061841059897,0.3690426231254777,
original_sw_1985,2321,4,fcc,UNSPECIFIED,dft,-650.32402041,-8.611859173734107,1 1 1,58.35269455508649,12,28.574813828398593,1.5431249092992707,2.9926854848198765,0.21421630709402123,
original_sw_1985,2322,4,fcc,UNSPECIFIED,dft,-650.25014116,-5.821332603957887,1 1 1,56.36470256423483,12,25.565060110434395,1.459596408555986,3.136326235016932,0.2765286552812686,
original_sw_1985,2323,4,fcc,UNSPECIFIED,dft,-650.26180545,-6.193045616443291,1 1 1,56.64853572410076,12,30.613370695173334,1.5972207814193309,3.0766430313310766,0.27579493199960486,
original_sw_1985,2324,4,fcc,UNSPECIFIED,dft,-650.26961019,-6.34510419281701,1 1 1,56.72811679199877,12,24.292378616747598,1.4228017728162157,2.773103738274813,0.2384657475928147,
original_sw_1985,2325,4,fcc,UNSPECIFIED,dft,-650.30881826,-7.306156720063143,1 1 1,57.324027800318454,12,29.107989177693984,1.5574548997668702,3.248158139905468,0.22033609170613275,
original_sw_1985,2326,4,fcc,UNSPECIFIED,dft,-650.26360563,-6.463393974731756,1 1 1,56.89145618992016,12,35.53316078537805,1.7207837551868153,3.397909456824655,0.2918613767841393,
original_sw_1985,2327,4,fcc,UNSPECIFIED,dft,-650.18175674,-7.204276840864407,1 1 1,57.802574248054235,12,96.66401227346803,2.8381920928863034,5.412408836174192,0.5264034723321394,
original_sw_1985,2328,2,hcp,UNSPECIFIED,dft,-325.2206723,-3.288048874666026,1 1 1,28.417179049829063,6,20.31450153137063,1.840040829772111,3.1870442051664924,0.1589833118076653,
original_sw_1985,2329,2,hcp,UNSPECIFIED,dft,-325.19548859,-2.073868989349789,1 1 1,27.493601183214906,6,17.39476266393397,1.702682328168018,2.949132301536673,0.17450860809713656,
original_sw_1985,2330,2,hcp,UNSPECIFIED,dft,-325.19678324,-4.249115952623016,1 1 1,29.322087244141464,6,52.403617645832554,2.9553233789731754,5.1187702451776715,0.2270106558438759,
original_sw_1985,2331,2,hcp,UNSPECIFIED,dft,-325.21105265,-2.558748537411636,1 1 1,28.065337294338917,6,56.77407179753233,3.0760925375529133,5.327948563825122,0.22230982419437367,
original_sw_1985,2332,2,hcp,UNSPECIFIED,dft,-325.21042187,-3.8112406125856566,1 1 1,28.952830279378208,6,42.03233265282043,2.6467694979861904,4.584339246435653,0.2073975083424742,
original_sw_1985,2333,2,hcp,UNSPECIFIED,dft,-325.2232401,-4.516789524445706,1 1 1,29.482561572453044,6,44.760056801870704,2.7313017898025205,4.730753470741775,0.13254630549358967,
original_sw_1985,2334,2,hcp,UNSPECIFIED,dft,-325.2353145,-4.5115135690166115,1 1 1,29.265491648616564,6,8.211110545725935,1.169836922091133,2.026216985631837,0.07856141270793611,
original_sw_1985,2335,2,hcp,UNSPECIFIED,dft,-325.21999746,-4.327167296784811,1 1 1,29.357642561776597,6,43.485942881881485,2.692147311530379,4.662935925030576,0.15316664062386431,
original_sw_1985,2336,2,hcp,UNSPECIFIED,dft,-325.15838281,-0.5771939279313423,1 1 1,26.689329567174912,6,7.246765743192386,1.0989969474625778,1.903518550368291,0.20154068853046359,
original_sw_1985,2337,2,hcp,UNSPECIFIED,dft,-325.20843472,-3.757025736547092,1 1 1,28.71667019965651,6,22.353207340602797,1.9301643859441435,3.34314278341524,0.1430461827522846,
original_sw_1985,2338,2,hcp,UNSPECIFIED,dft,-325.22771527,-4.038539809063939,1 1 1,28.898364587419273,6,2.6320369811232123,0.6623238106751124,1.1471784911519247,0.056173985972156185,
original_sw_1985,2339,2,hcp,UNSPECIFIED,dft,-325.21435082,-5.050106680658448,1 1 1,29.91555493844122,6,23.230554125102575,1.967678586774382,3.408119285258556,0.1397396213200346,
original_sw_1985,2340,2,hcp,UNSPECIFIED,dft,-325.21352571,-2.8706467799393485,1 1 1,28.204962142842508,6,34.6156488977304,2.401931476185031,4.160267353051388,0.22338635604411175,
original_sw_1985,2341,2,hcp,UNSPECIFIED,dft,-325.23664192,-4.873704480664598,1 1 1,29.57781361092806,6,6.429389197251327,1.0351641735534294,1.7929569427695868,0.059510636584283544,
original_sw_1985,2342,2,hcp,UNSPECIFIED,dft,-325.22525243,-4.093499587820694,1 1 1,28.95911530475283,6,8.97753638020556,1.2232154607294634,2.1186713265872035,0.09292707337835765,
original_sw_1985,2343,2,hcp,UNSPECIFIED,dft,-325.23804213,-4.296425529595347,1 1 1,28.85148760230137,6,10.300229096393053,1.3102308382109018,2.2693863814248405,0.09436894015864895,
original_sw_1985,2344,2,hcp,UNSPECIFIED,dft,-325.23479507,-3.5315758635455694,1 1 1,28.40689777075206,6,5.011651237663019,0.9139339178940509,1.5829799805529792,0.0944870781288814,
original_sw_1985,2345,2,hcp,UNSPECIFIED,dft,-325.22516567,-3.318092633350174,1 1 1,28.337263406693367,6,1.0925090105925288,0.4267139968395164,0.7390903228268283,0.028852653835190506,
original_sw_1985,2346,2,hcp,UNSPECIFIED,dft,-325.14269791,-2.436921253457251,1 1 1,28.363329595988528,6,134.6783941095957,4.737763081694351,8.206046371718713,0.31787624473474996,
original_sw_1985,2347,2,hcp,UNSPECIFIED,dft,-325.2011449,-1.8403374145171925,1 1 1,27.340461231135013,6,6.076376438294745,1.006344576366593,1.7430399361883193,0.10512549579748325,
original_sw_1985,2348,2,hcp,UNSPECIFIED,dft,-325.23691061,-4.666627055745366,1 1 1,29.408171820252676,6,14.789906941530955,1.5700269074939954,2.7193663730298425,0.09572768338713032,
original_sw_1985,2349,2,hcp,UNSPECIFIED,dft,-325.17984721,-3.49722724533391,1 1 1,28.73500634565459,6,58.72095727437307,3.128390354862307,5.418531040529947,0.2611501333843555,
original_sw_1985,2350,2,hcp,UNSPECIFIED,dft,-325.22979155,-3.2777081793771736,1 1 1,28.33353857675374,6,16.652284294700706,1.6659473928619268,2.885505527173767,0.13199193131905199,
original_sw_1985,2351,2,hcp,UNSPECIFIED,dft,-325.208782,-5.618624999560278,1 1 1,30.23418475032912,6,10.30448973299637,1.3105017953056741,2.269855692879657,0.08363470591407214,
original_sw_1985,2352,2,hcp,UNSPECIFIED,dft,-325.21075476,-3.751035416207434,1 1 1,28.772084845775325,6,27.10022011320936,2.125253714783616,3.6810474129797193,0.20268898810739572,
original_sw_1985,2353,2,hcp,UNSPECIFIED,dft,-325.21476082,-3.364382865551741,1 1 1,28.403156210186708,6,23.18748046103708,1.965853523749802,3.4049581833729676,0.16029809709829165,
original_sw_1985,2354,2,hcp,UNSPECIFIED,dft,-325.21343844,-3.3485058022001684,1 1 1,28.50560614293755,6,25.574436115069922,2.0645595218298554,3.5759219870594174,0.18980128257381892,
original_sw_1985,2355,2,hcp,UNSPECIFIED,dft,-325.22305512,-5.06376776008718,1 1 1,29.763824980524134,6,4.500831440722871,0.8661054055100983,1.5001385670535363,0.06421265737116529,
original_sw_1985,2356,2,hcp,UNSPECIFIED,dft,-325.21553343,-2.776124339043194,1 1 1,28.06349962104677,6,18.802105396255378,1.7702215208016283,3.0661136146802677,0.14183938099131707,
original_sw_1985,2357,2,hcp,UNSPECIFIED,dft,-325.24247358,-4.215040442715681,1 1 1,29.002609820633843,6,8.732818808254883,1.206428531399939,2.0895955120854,0.0921555341076523,
original_sw_1985,2358,2,hcp,UNSPECIFIED,dft,-325.21773318,-4.330458434287504,1 1 1,29.224932402734918,6,24.10352910582465,2.004309070720076,3.4715651445583346,0.12237847604869084,
original_sw_1985,2359,2,hcp,UNSPECIFIED,dft,-325.20171982,-2.2369504036013796,1 1 1,27.534127195995005,6,5.401496495812341,0.9488147427020321,1.643395341330313,0.1429791319272385,
original_sw_1985,2360,2,hcp,UNSPECIFIED,dft,-325.22142558,-3.3935018454626062,1 1 1,28.397095938152574,6,3.088258372222329,0.717432734619575,1.242629947374184,0.09620404859810562,
original_sw_1985,2361,2,hcp,UNSPECIFIED,dft,-325.22007234,-5.025678643006243,1 1 1,29.93311575744765,6,33.31442323131044,2.3563539360387,4.081324737833934,0.15123490337881662,
original_sw_1985,2362,2,hcp,UNSPECIFIED,dft,-325.23396483,-3.956545187308124,1 1 1,28.995827452098457,6,36.126316290297915,2.4537833472109254,4.250077428135746,0.17268445867149326,
original_sw_1985,2363,2,hcp,UNSPECIFIED,dft,-325.20510924,-3.809819446376016,1 1 1,29.13688165234882,6,75.9813419607683,3.5585891858237,6.163657273111814,0.24515218878620412,
original_sw_1985,2364,2,hcp,UNSPECIFIED,dft,-325.19644938,-5.2585802094816,1 1 1,30.63731881815935,6,76.18840917851861,3.563434887355144,6.172050274362591,0.18921308710904045,
original_sw_1985,2365,2,hcp,UNSPECIFIED,dft,-325.22048553,-3.2579447007924545,1 1 1,28.263569816999635,6,1.0614592746874096,0.42060656095045434,0.7285119335630033,0.05274201930150191,
original_sw_1985,2366,2,hcp,UNSPECIFIED,dft,-325.22434426,-4.705780206295745,1 1 1,29.479111386330153,6,19.077410301980034,1.7831344266945606,3.0884794237601825,0.1400251106052054,
original_sw_1985,2367,2,hcp,UNSPECIFIED,dft,-325.23132833,-4.23862677433946,1 1 1,29.183767527509346,6,25.295619353403772,2.0532745941302224,3.5563759189239104,0.12658322874693945,
original_sw_1985,2368,2,hcp,UNSPECIFIED,dft,-325.2014843,-2.9964599226554185,1 1 1,28.219654216824647,6,19.296793060273867,1.7933577938359961,3.1061868150735785,0.2064555876373092,
original_sw_1985,2369,2,hcp,UNSPECIFIED,dft,-325.22909201,-4.228006288251442,1 1 1,29.096448758935175,6,11.780170038391683,1.4012000831663123,2.42694973561379,0.07854727854398692,
original_sw_1985,2370,2,hcp,UNSPECIFIED,dft,-325.22631113,-3.3169029984414995,1 1 1,28.37074492914826,6,7.429481998976556,1.1127654738665402,1.9273663376453054,0.08762936151770136,
original_sw_1985,2371,2,hcp,UNSPECIFIED,dft,-325.21896463,-2.721979796252906,1 1 1,27.99161452427423,6,17.70478167889229,1.7177883881555516,2.9752967649372635,0.12499913146364924,
original_sw_1985,2372,2,hcp,UNSPECIFIED,dft,-325.19692658,-5.294548517782537,1 1 1,30.63820396689333,6,73.66441560408123,3.5039124704650093,6.06895442411958,0.16352472443028299,
original_sw_1985,2373,2,hcp,UNSPECIFIED,dft,-325.22277635,-3.2668909084269178,1 1 1,28.29860958898578,6,1.1412556212219898,0.43612987767827255,0.7553991068375695,0.034026855080460584,
original_sw_1985,2374,2,hcp,UNSPECIFIED,dft,-325.23276232,-4.360779814123095,1 1 1,29.06380775788539,6,4.251600422978766,0.8417838621026545,1.458012418153352,0.06877202483568445,
original_sw_1985,2375,2,hcp,UNSPECIFIED,dft,-325.23514293,-3.9975350309357367,1 1 1,28.805235619911972,6,5.989116576251581,0.9990926363665834,1.7304792076548605,0.07442494787815888,
original_sw_1985,2376,2,hcp,UNSPECIFIED,dft,-325.22880673,-5.203194538364382,1 1 1,29.913913455524995,6,20.578695435063082,1.8519672169103085,3.207701313640586,0.12872661807101124,
original_sw_1985,2377,4,hex_diamond,UNSPECIFIED,dft,-651.96217247,-16.582742494249977,1 1 1,76.83481770138339,12,2.446302401930054,0.45150695841168514,0.8458276100648284,1.699141528341101,
original_sw_1985,2378,4,hex_diamond,UNSPECIFIED,dft,-652.48872182,-17.117622099722684,1 1 1,82.89698708893407,12,0.40427121482204725,0.18354636444734412,0.46893863192211105,0.7088357818282031,
original_sw_1985,2379,4,hex_diamond,UNSPECIFIED,dft,-652.28949689,-16.923900470401097,1 1 1,76.79235830861393,12,1.3815754773280644,0.33931002015463485,0.7694080233621697,0.9085098443376017,
original_sw_1985,2380,4,hex_diamond,UNSPECIFIED,dft,-652.50151714,-17.115579955632516,1 1 1,83.45166901696831,12,0.4575576671005871,0.19526854736929752,0.482169208648844,0.7250296125963868,
original_sw_1985,2381,4,hex_diamond,UNSPECIFIED,dft,-652.24103806,-16.850303198746175,1 1 1,76.23282484384764,12,1.813208086756128,0.3887167013344603,0.8486587911508731,1.089814671752343,
original_sw_1985,2382,4,hex_diamond,UNSPECIFIED,dft,-652.30999841,-16.879151923922656,1 1 1,81.11929041640497,12,1.467247828157534,0.34967220699744095,0.6659639309917124,1.0896491925768281,
original_sw_1985,2383,4,hex_diamond,UNSPECIFIED,dft,-652.42184307,-17.01168465778208,1 1 1,83.04595804388727,12,0.6898886462987122,0.23977222634177772,0.5218114900703289,0.8046211803596356,
original_sw_1985,2384,4,hex_diamond,UNSPECIFIED,dft,-652.32169906,-16.93049921029808,1 1 1,78.22919301691825,12,1.448887149819047,0.34747747526746814,0.7830899704975407,0.97668795811832,
original_sw_1985,2385,4,hex_diamond,UNSPECIFIED,dft,-652.34393984,-16.885189183834136,1 1 1,84.55186843062218,12,1.7815641705716667,0.38530985048525845,0.8195332823943111,0.8626785915391665,
original_sw_1985,2386,4,hex_diamond,UNSPECIFIED,dft,-652.26254619,-16.883036787286024,1 1 1,76.53186362146812,12,1.5894484610756654,0.3639423559067729,0.8231027429054308,1.078222365972499,
original_sw_1985,2387,4,hex_diamond,UNSPECIFIED,dft,-652.42929075,-17.067259623394037,1 1 1,80.00816785930952,12,1.0296742483302868,0.29292693177797297,0.6444592123467776,0.8836818334342212,
original_sw_1985,2388,4,hex_diamond,UNSPECIFIED,dft,-652.26279369,-16.81228731267223,1 1 1,82.85839942159663,12,2.4242132914982277,0.4494638742897131,0.9319288151548233,1.0525224015668266,
original_sw_1985,2389,4,hex_diamond,UNSPECIFIED,dft,-651.84570846,-16.41185873611971,1 1 1,73.00163926348874,12,3.2671841087697016,0.5217905158178664,1.1512837803847402,1.3028779890496271,
original_sw_1985,2390,4,hex_diamond,UNSPECIFIED,dft,-652.35989123,-16.983153392282254,1 1 1,81.66811455321786,12,1.2687825948528937,0.32516439366020355,0.6067038857451567,1.1152742359393049,
original_sw_1985,2391,4,hex_diamond,UNSPECIFIED,dft,-652.37826545,-16.99244158912397,1 1 1,79.49985757491947,12,1.1036578773070558,0.3032680164072499,0.7194556268939193,0.9080588229569712,
original_sw_1985,2392,4,hex_diamond,UNSPECIFIED,dft,-652.30831386,-16.919896408505124,1 1 1,78.57992779757805,12,1.2266897763350844,0.31972511322685254,0.6692524922425105,1.0218063611116996,
original_sw_1985,2393,4,hex_diamond,UNSPECIFIED,dft,-651.78496035,-16.24792530063212,1 1 1,80.58216879022957,12,3.8451851195698454,0.5660672162362762,1.1004234598879632,1.895617071516555,
original_sw_1985,2394,4,hex_diamond,UNSPECIFIED,dft,-652.35248724,-16.956785339802,1 1 1,81.09012890381186,12,0.8416314164193153,0.26483193041677633,0.6653899899947188,0.8422746052060455,
original_sw_1985,2395,4,hex_diamond,UNSPECIFIED,dft,-652.2600828,-16.86428708153551,1 1 1,79.49635294385749,12,1.223192158768651,0.3192689773488611,0.6645524387935676,1.0142537853803324,
original_sw_1985,2396,4,hex_diamond,UNSPECIFIED,dft,-652.38703579,-16.994953547320012,1 1 1,78.88750452657696,12,1.084532710552347,0.30062888397384946,0.6609719998533544,0.8017483607300568,
original_sw_1985,2397,4,hex_diamond,UNSPECIFIED,dft,-652.42008386,-17.01356043775587,1 1 1,82.02197190802451,12,1.0881627993285297,0.301131587976714,0.687564434514046,0.7581032853664027,
original_sw_1985,2398,4,hex_diamond,UNSPECIFIED,dft,-652.40583312,-17.035168796588266,1 1 1,80.21021210579853,12,1.0121305184468137,0.2904207462812666,0.6883870985765498,0.8281198613425474,
original_sw_1985,2399,4,hex_diamond,UNSPECIFIED,dft,-652.07853932,-16.646526852927526,1 1 1,77.24009627068081,12,2.348876016179637,0.44242475972188733,0.8753229387709099,1.439448480726791,
original_sw_1985,2400,4,hex_diamond,UNSPECIFIED,dft,-652.29481101,-16.858944575770856,1 1 1,83.36204384145303,12,2.106597226582937,0.41898659749675937,0.8023328970977198,1.0887908618508884,
original_sw_1985,2401,4,hex_diamond,UNSPECIFIED,dft,-652.32673001,-16.962024434335575,1 1 1,80.27418924276864,12,0.9986457735212948,0.28847960261823463,0.7054968415118357,0.8851921680488366,
original_sw_1985,2402,4,hex_diamond,UNSPECIFIED,dft,-652.33532314,-16.945077786488476,1 1 1,80.17377345108957,12,1.2174860004101853,0.31852341625200614,0.7391558662099981,0.972526403579015,
original_sw_1985,2403,4,hex_diamond,UNSPECIFIED,dft,-652.27765185,-16.854219211683013,1 1 1,84.13689845880569,12,1.0924440918693037,0.30172339593703257,0.7449679592159197,0.8837529486513751,
original_sw_1985,2404,4,hex_diamond,UNSPECIFIED,dft,-651.5797183,-16.115844584387602,1 1 1,76.07061875207287,12,3.2336688015018074,0.5191073107991744,0.9685593738762556,2.141707784845231,
original_sw_1985,2405,4,hex_diamond,UNSPECIFIED,dft,-652.42436747,-17.040797821127388,1 1 1,82.91161506389355,12,0.6307164401596705,0.22925903111249338,0.5404865065439508,0.8064173639416916,
original_sw_1985,2406,4,hex_diamond,UNSPECIFIED,dft,-652.41954703,-17.01505688385553,1 1 1,84.23900763693851,12,0.5640960487211704,0.2168132930890021,0.49838348110533354,0.7762522822618086,
original_sw_1985,2407,4,hex_diamond,UNSPECIFIED,dft,-652.36795678,-16.977855170430733,1 1 1,80.58560788149966,12,0.9762083969869254,0.2852204406225305,0.6222361127909032,0.9599283190990531,
original_sw_1985,2408,4,hex_diamond,UNSPECIFIED,dft,-652.46185567,-17.07707057699802,1 1 1,82.18057700881133,12,0.5685117446234731,0.2176602368799197,0.5449355858228503,0.7578304957849523,
original_sw_1985,2409,4,hex_diamond,UNSPECIFIED,dft,-652.43999753,-17.030655792740713,1 1 1,84.7349329472379,12,0.5903670752128894,0.22180454519179896,0.4716301246614597,0.7374041534610899,
original_sw_1985,2410,4,hex_diamond,UNSPECIFIED,dft,-652.38575832,-16.964625681824625,1 1 1,85.22158917649915,12,0.7969250492425203,0.25770219395692,0.587811556677223,0.893380184859727,
original_sw_1985,2411,4,hex_diamond,UNSPECIFIED,dft,-652.0888858,-16.715674711939148,1 1 1,79.12316886129857,12,1.6155299694879393,0.36691619950245896,0.7976026758551293,1.7323269597615418,
original_sw_1985,2412,4,hex_diamond,UNSPECIFIED,dft,-652.4256098,-17.015921104013575,1 1 1,81.32618029854555,12,0.8687965285850249,0.2690719433820976,0.579059920754988,0.7334502089553637,
original_sw_1985,2413,4,hex_diamond,UNSPECIFIED,dft,-652.40821728,-16.990788729857403,1 1 1,85.15898050275433,12,0.5964873658923573,0.22295129623088036,0.49263229065193065,0.7831198254311618,
original_sw_1985,2414,4,hex_diamond,UNSPECIFIED,dft,-652.35055635,-16.950924604337995,1 1 1,81.78461843279136,12,1.0678281220800359,0.29830467116691783,0.693758667680169,0.9716130504689955,
original_sw_1985,2415,4,hex_diamond,UNSPECIFIED,dft,-651.88892761,-16.376209330544548,1 1 1,79.43443978481359,12,3.8210726918860205,0.5642895748849478,1.071504326925312,1.7238308290476185,
original_sw_1985,2416,4,hex_diamond,UNSPECIFIED,dft,-652.45963844,-17.083976831064497,1 1 1,80.5672985715496,12,1.032825624771752,0.2933748490656837,0.5686129998580198,0.8434216595412601,
original_sw_1985,2417,4,hex_diamond,UNSPECIFIED,dft,-652.45117361,-17.044635070362656,1 1 1,82.66538440677758,12,0.7836701109456166,0.2555500784167389,0.5485292704926128,0.8722515227654616,
original_sw_1985,2418,4,hex_diamond,UNSPECIFIED,dft,-652.09436493,-16.719510236221602,1 1 1,77.17219229561945,12,1.790497131113154,0.38627463579612564,0.8696497430219743,1.5329017498549389,
original_sw_1985,2419,4,hex_diamond,UNSPECIFIED,dft,-652.51755545,-17.13816323284787,1 1 1,83.57291928579504,12,0.4180924831939004,0.18665754810925372,0.48030120812976973,0.6774021661526727,
original_sw_1985,2420,4,hex_diamond,UNSPECIFIED,dft,-652.42539289,-17.0619876872866,1 1 1,81.56946528928815,12,1.0071592332989254,0.28970663801204793,0.6060099967531057,0.7973620630815506,
original_sw_1985,2421,4,hex_diamond,UNSPECIFIED,dft,-652.34320911,-16.927589702402198,1 1 1,84.66566715231156,12,0.7025779101190478,0.24196726881251382,0.5461025675882946,0.8660940396544707,
original_sw_1985,2422,4,hex_diamond,UNSPECIFIED,dft,-652.40500062,-16.985313918653237,1 1 1,84.63201053216856,12,0.46394383354347707,0.19662651430725991,0.4130751173478248,0.7248039463077813,
original_sw_1985,2423,4,hex_diamond,UNSPECIFIED,dft,-652.09654745,-16.68951302132519,1 1 1,78.0720152065176,12,2.2137772918368324,0.42951302772605476,0.909862358644259,1.3739284422050517,
original_sw_1985,2424,4,hex_diamond,UNSPECIFIED,dft,-652.43981417,-17.050277091009434,1 1 1,80.37938484025473,12,1.135841992374528,0.30765808841072906,0.5785984480593938,0.8872232053341106,
original_sw_1985,2425,4,hex_diamond,UNSPECIFIED,dft,-652.24122324,-16.85025968888014,1 1 1,82.32147184665801,12,1.2987033570405828,0.3289761081801867,0.6525777262319616,0.9722881867661461,
original_sw_1985,2426,12,st12,UNSPECIFIED,dft,-1953.75292841,-43.97644879364686,1 1 1,226.53201458065212,36,10.529634655490167,0.5408233089849156,1.382406160080748,1.4322424559022433,
original_sw_1985,2427,12,st12,UNSPECIFIED,dft,-1953.12197974,-42.95117139889754,1 1 1,218.50237912861616,36,30.02440617134364,0.9132421817553782,2.3240024358632336,1.6536864288948832,
original_sw_1985,2428,12,st12,UNSPECIFIED,dft,-1953.65278821,-43.82030401503119,1 1 1,231.28574711072014,36,10.681743074630788,0.5447156004801137,1.2971731940161393,1.4340279283978399,
original_sw_1985,2429,12,st12,UNSPECIFIED,dft,-1953.76020813,-43.576445690264194,1 1 1,219.96540303522997,36,14.065613283911299,0.6250691802581912,1.513508563457185,1.5380495491386341,
original_sw_1985,2430,12,st12,UNSPECIFIED,dft,-1953.9073577,-43.68472756993501,1 1 1,218.71983458372844,36,20.46519519255784,0.7539745647153607,2.270746204110839,1.4580051537946175,
original_sw_1985,2431,12,st12,UNSPECIFIED,dft,-1953.71478843,-42.92382909288608,1 1 1,208.6247036362042,36,47.65240471432437,1.1505120202463044,3.5932660348768657,1.4405132202688888,
original_sw_1985,2432,12,st12,UNSPECIFIED,dft,-1953.56416904,-43.312389336723356,1 1 1,215.87703073779903,36,19.07446914132909,0.7279054643543481,2.4127722295695433,1.7049930009061296,
original_sw_1985,2433,12,st12,UNSPECIFIED,dft,-1953.6050134,-43.14960944510429,1 1 1,212.86299256471338,36,27.64418028896651,0.876295553404065,2.0228735017453836,1.5533361925188278,
original_sw_1985,2434,12,st12,UNSPECIFIED,dft,-1953.73685254,-43.90214600709634,1 1 1,223.57984663897903,36,10.475729846091514,0.5394372027629947,1.3851347429271057,1.6286386852035863,
original_sw_1985,2435,12,st12,UNSPECIFIED,dft,-1953.47604903,-43.69803693710505,1 1 1,220.04773616068118,36,12.143974817229404,0.5808034381887971,1.7710742691001309,1.4644953399218372,
original_sw_1985,2436,12,st12,UNSPECIFIED,dft,-1953.38008495,-43.13759918446848,1 1 1,211.90249948787041,36,26.90580589204647,0.8645134452403218,2.9043321365995904,1.5378970900262188,
original_sw_1985,2437,12,st12,UNSPECIFIED,dft,-1953.05720936,-41.79127865288152,1 1 1,212.2181196626717,36,56.0968072422972,1.248296697752328,3.897224394102904,1.8584049209768874,
original_sw_1985,2438,12,st12,UNSPECIFIED,dft,-1950.88854185,-37.940190612623795,1 1 1,196.42928710593105,36,181.65071801771145,2.2462976824699266,7.896864973787306,2.512483058972184,
original_sw_1985,2439,12,st12,UNSPECIFIED,dft,-1953.66160314,-43.75483076451432,1 1 1,230.31012702426537,36,10.303923375896494,0.5349954147232503,1.4160871446884293,1.486049455540128,
original_sw_1985,2440,12,st12,UNSPECIFIED,dft,-1953.50451295,-43.82595824799427,1 1 1,227.49974091107615,36,14.122662905078197,0.6263355265412682,1.6916414429677336,1.518224722677773,
original_sw_1985,2441,12,st12,UNSPECIFIED,dft,-1951.65273719,-41.112175820016496,1 1 1,208.1806535309029,36,64.20565359474236,1.3354738401150852,4.997401649845144,2.510072213882059,
original_sw_1985,2442,12,st12,UNSPECIFIED,dft,-1953.88235459,-43.79210508631127,1 1 1,223.3928904639136,36,19.624399110142296,0.7383239109658799,2.228397262726827,1.4566013886765465,
original_sw_1985,2443,12,st12,UNSPECIFIED,dft,-1953.39635902,-43.22826601537234,1 1 1,215.92391084753913,36,18.418249041658626,0.7152747926041864,1.9089452500335873,1.7369812078790605,
original_sw_1985,2444,12,st12,UNSPECIFIED,dft,-1953.26637235,-43.562499236082786,1 1 1,229.05438868621056,36,14.387293867035687,0.6321764404516372,1.8218018602544097,1.651420236963559,
original_sw_1985,2445,12,st12,UNSPECIFIED,dft,-1952.24201659,-42.03751292615292,1 1 1,219.98501411929095,36,35.93526993070057,0.9991005667696622,3.4520425418004983,1.9608644236945885,
original_sw_1985,2446,12,st12,UNSPECIFIED,dft,-1952.95407045,-42.181344882762424,1 1 1,211.94141023733752,36,53.96574327915129,1.2243563306574068,4.058233187769156,1.929503694643896,
original_sw_1985,2447,12,st12,UNSPECIFIED,dft,-1953.29146694,-43.43144478826233,1 1 1,227.37658451999377,36,19.045521945795368,0.7273529241517446,1.940368224819038,1.7388847021742286,
original_sw_1985,2448,12,st12,UNSPECIFIED,dft,-1953.76279173,-44.02237558364145,1 1 1,219.20852422658066,36,16.470332639547003,0.6763942932841884,2.2092312467139856,1.3536619574653375,
original_sw_1985,2449,12,st12,UNSPECIFIED,dft,-1953.31904876,-43.355463753600745,1 1 1,226.34373352046302,36,14.239919426165697,0.6289302961326411,1.7842767188578796,1.6138461547969118,
original_sw_1985,2450,12,st12,UNSPECIFIED,dft,-1953.10298349,-42.662324380143,1 1 1,211.93684749247484,36,28.333365032477868,0.8871515753065141,3.016817242077597,1.7415098350784586,
original_sw_1985,2451,12,st12,UNSPECIFIED,dft,-1952.94783871,-41.597866271401365,1 1 1,205.117328941343,36,72.42317234135102,1.4183634186130685,4.613149184058624,1.8747233859485035,
original_sw_1985,2452,12,st12,UNSPECIFIED,dft,-1952.93045297,-42.568369604251785,1 1 1,218.2479177308758,36,22.084470451340554,0.7832352855542436,2.2964569992505814,2.0011089528114714,
original_sw_1985,2453,12,st12,UNSPECIFIED,dft,-1952.08475785,-41.914544645034255,1 1 1,228.05672254146072,36,18.888064966294845,0.7243400246334368,2.0106368149085507,1.898555872092874,
original_sw_1985,2454,12,st12,UNSPECIFIED,dft,-1952.26936768,-40.125684039180356,1 1 1,201.2900811959376,36,88.68629462954594,1.5695566839569872,4.124484581564241,2.074646539345116,
original_sw_1985,2455,12,st12,UNSPECIFIED,dft,-1952.68847575,-42.640330754368975,1 1 1,217.71798489976047,36,19.924261404518756,0.7439433484352667,2.072841104755525,1.9695541311614162,
original_sw_1985,2456,12,st12,UNSPECIFIED,dft,-1953.51503744,-43.655689282356526,1 1 1,222.0424597656922,36,23.993461386885485,0.8163853492834109,2.450159420734779,1.4899657617002104,
original_sw_1985,2457,12,st12,UNSPECIFIED,dft,-1953.83199318,-42.95092838522183,1 1 1,208.6808370598712,36,48.58647633389015,1.161733335412245,3.067852464701014,1.4685736009399657,
original_sw_1985,2458,12,st12,UNSPECIFIED,dft,-1952.524297,-42.42419762761126,1 1 1,225.11723974825185,36,14.161531291935223,0.6271968345108438,1.7310950927028341,2.2023099234667223,
original_sw_1985,2459,12,st12,UNSPECIFIED,dft,-1952.55219744,-42.57131850935471,1 1 1,235.7789626430987,36,10.404837308706037,0.5376088341677131,1.4759547707375142,1.837537337806591,
original_sw_1985,2460,12,st12,UNSPECIFIED,dft,-1953.94855784,-43.43353740877759,1 1 1,211.37400104252114,36,38.47274193035226,1.033773319370895,3.018612334108948,1.4670655765014582,
original_sw_1985,2461,12,st12,UNSPECIFIED,dft,-1953.76243651,-43.584293249390996,1 1 1,211.51017597105906,36,18.454137742196462,0.715971324344233,1.5756138377003923,1.6299889017388023,
original_sw_1985,2462,12,st12,UNSPECIFIED,dft,-1954.00566121,-43.97380074121743,1 1 1,215.1416083140832,36,27.243485760490756,0.8699215443630336,2.6630515709325246,1.4869335310911962,
original_sw_1985,2463,12,st12,UNSPECIFIED,dft,-1953.22324171,-42.929722570558624,1 1 1,216.82299603470517,36,17.650372177253352,0.7002057669248486,1.829102693900569,1.8109097718772615,
original_sw_1985,2464,12,st12,UNSPECIFIED,dft,-1953.3815208,-43.28474927233793,1 1 1,224.4412499351028,36,18.1501026302355,0.7100489543028295,1.871159905547842,1.735677496264467,
original_sw_1985,2465,12,st12,UNSPECIFIED,dft,-1953.50570332,-43.40218422901849,1 1 1,223.26748684734616,36,13.801546947115323,0.6191738884082054,1.5736154195047014,1.632350183204674,
original_sw_1985,2466,12,st12,UNSPECIFIED,dft,-1953.33252581,-43.42840534419165,1 1 1,225.1241164348338,36,11.439147267284977,0.5636968074753625,1.3430782784294664,1.6335347845742034,
original_sw_1985,2467,12,st12,UNSPECIFIED,dft,-1953.51458608,-43.689498422082345,1 1 1,222.3654635260922,36,14.454413141548667,0.6336493321657726,1.4448623062443444,1.5911591501559486,
original_sw_1985,2468,12,st12,UNSPECIFIED,dft,-1954.1159279,-44.278586282034965,1 1 1,218.76135504320234,36,13.97288627539471,0.6230054011580279,1.6993518127217369,1.3562314543063805,
original_sw_1985,2469,12,st12,UNSPECIFIED,dft,-1953.88682283,-43.95233957104239,1 1 1,221.8311837300409,36,16.111151930734938,0.6689783240703472,1.760482919857024,1.352701130640509,
original_sw_1985,2470,12,st12,UNSPECIFIED,dft,-1953.8263331,-43.31911624995398,1 1 1,213.9249173613062,36,31.498214673774104,0.9353878380676307,2.474433275415418,1.4887112191804992,
original_sw_1985,2471,12,st12,UNSPECIFIED,dft,-1952.39185405,-41.84833042203662,1 1 1,213.8683942061855,36,36.543861032615524,1.0075253103053972,2.887916209375332,2.20592103435466,
original_sw_1985,2472,12,st12,UNSPECIFIED,dft,-1953.1495848,-43.25187171383295,1 1 1,229.78363585128787,36,18.79252675804675,0.7225058007849939,1.8558573866814383,1.644132244404831,
original_sw_1985,2473,12,st12,UNSPECIFIED,dft,-1953.06770551,-42.39086251133963,1 1 1,210.08618344933765,36,35.265701288597676,0.9897488638903091,2.394625950873583,1.7725682333841986,
original_sw_1985,2474,12,st12,UNSPECIFIED,dft,-1952.46351935,-41.67403790496394,1 1 1,204.5600566874774,36,42.96397176422786,1.0924484702343815,3.6591490762095367,2.2411750168921807,
tersoff_1989,0,1,isolated_atom,UNSPECIFIED,dft,-158.54496821,0.0,1 1 1,8000.0,3,0.0,0.0,0.0,0.0,
tersoff_1989,1,1,sh,UNSPECIFIED,dft,-162.78192,-3.771624990519267,1 1 1,16.300501868170457,3,1.4199496293978212e-28,6.879800455918813e-15,1.1916163935586911e-14,0.0,
tersoff_1989,2,1,sh,UNSPECIFIED,dft,-162.666465,-3.455005477583825,1 1 1,17.99836570939366,3,8.874685183736383e-30,1.7199501139797033e-15,2.9790409838967277e-15,0.0,
tersoff_1989,3,1,sh,UNSPECIFIED,dft,-162.748051,-4.0686848403084355,1 1 1,16.35607640072815,3,1.927855874331623e-29,2.5349923565510167e-15,4.39073555834512e-15,0.0,
tersoff_1989,4,1,sh,UNSPECIFIED,dft,-162.699367,-3.8864946772162607,1 1 1,16.185740457157177,3,3.2886409358378685e-29,3.3109117253096457e-15,5.734667327611837e-15,0.0,
tersoff_1989,5,1,sh,UNSPECIFIED,dft,-162.704259,-3.9754177652153793,1 1 1,15.303768826710556,3,1.4175036983684495e-29,2.1737093476117805e-15,3.764975030951002e-15,0.0,
tersoff_1989,6,1,sh,UNSPECIFIED,dft,-162.746046,-4.036379355836621,1 1 1,16.25818693528945,3,2.0457709351767316e-30,8.257866825390868e-16,1.4303044903714493e-15,0.0,
tersoff_1989,7,1,sh,UNSPECIFIED,dft,-162.765282,-3.937224636263138,1 1 1,14.95865702426806,3,1.2818989709841442e-29,2.0671227757313177e-15,3.580361673049448e-15,0.0,
tersoff_1989,8,1,sh,UNSPECIFIED,dft,-162.758977,-4.056771630438179,1 1 1,15.67491110029927,3,2.0510383535746307e-29,2.6147264698081585e-15,4.5288390936029406e-15,0.0,
tersoff_1989,9,1,sh,UNSPECIFIED,dft,-162.684201,-3.8482790468062626,1 1 1,14.3153884822466,3,6.717643646022679e-30,1.4964005308319782e-15,2.5918417478740246e-15,0.0,
tersoff_1989,10,1,sh,UNSPECIFIED,dft,-162.737901,-3.8364662448757736,1 1 1,14.452243033000865,3,1.6225767188468023e-29,2.3256373455082534e-15,4.02812204239991e-15,0.0,
tersoff_1989,11,1,sh,UNSPECIFIED,dft,-162.79672,-3.863598724390628,1 1 1,15.766072798081117,3,1.565444007046555e-30,7.223674058368901e-16,1.2511770486412205e-15,0.0,
tersoff_1989,12,1,sh,UNSPECIFIED,dft,-162.704527,-3.738217732995597,1 1 1,17.663050717174315,3,6.641299783027169e-29,4.705068112516959e-15,8.149417023951571e-15,0.0,
tersoff_1989,13,1,sh,UNSPECIFIED,dft,-162.753907,-4.012552130627773,1 1 1,16.088550269558905,3,5.699539299521254e-29,4.358722786750439e-15,7.549529322759965e-15,0.0,
tersoff_1989,14,1,sh,UNSPECIFIED,dft,-162.811738,-4.024639623647455,1 1 1,14.892883644492025,3,4.4225707091947413e-29,3.839518506789943e-15,6.65024113036117e-15,0.0,
tersoff_1989,15,1,sh,UNSPECIFIED,dft,-162.769847,-3.932963614336259,1 1 1,14.562024573901075,3,2.2876966251409342e-29,2.7614589291054912e-15,4.782987168225453e-15,0.0,
tersoff_1989,16,1,sh,UNSPECIFIED,dft,-162.811399,-3.9874581039923864,1 1 1,15.68845449746998,3,4.358475760645534e-29,3.811594487282863e-15,6.6018753098233645e-15,0.0,
tersoff_1989,17,1,sh,UNSPECIFIED,dft,-162.776422,-3.8638827611066127,1 1 1,14.565719119271835,3,4.915594330483291e-29,4.0478777692692626e-15,7.011129959202932e-15,0.0,
tersoff_1989,18,1,sh,UNSPECIFIED,dft,-162.732554,-3.9717053720822326,1 1 1,14.987902530521172,3,5.443140246024981e-29,4.259554063523935e-15,7.377764055609925e-15,0.0,
tersoff_1989,19,1,sh,UNSPECIFIED,dft,-162.666997,-3.988796051374477,1 1 1,15.221658246840963,3,2.3665827156630354e-30,8.881784197001252e-16,1.538370149106851e-15,0.0,
tersoff_1989,20,1,sh,UNSPECIFIED,dft,-162.697939,-3.8428534961192353,1 1 1,15.097226471040493,3,4.147393838740693e-29,3.718150901877927e-15,6.440026272260613e-15,0.0,
tersoff_1989,21,1,sh,UNSPECIFIED,dft,-162.725876,-3.7623855402732373,1 1 1,13.75184477443844,3,1.4988357199199224e-29,2.235200005905454e-15,3.871479975306501e-15,0.0,
tersoff_1989,22,1,sh,UNSPECIFIED,dft,-162.733693,-3.8371587435090113,1 1 1,13.925021034285134,3,3.944304526105059e-30,1.1466334093198022e-15,1.9860273225978185e-15,0.0,
tersoff_1989,23,1,sh,UNSPECIFIED,dft,-162.744771,-3.837449393792606,1 1 1,14.269215706504188,3,1.5777218104420236e-30,7.251946429389431e-16,1.2560739669470201e-15,0.0,
tersoff_1989,24,1,sh,UNSPECIFIED,dft,-162.803822,-4.009006260099866,1 1 1,15.722909861446086,3,7.075288836695388e-30,1.535717946835224e-15,2.659941510013968e-15,0.0,
tersoff_1989,25,1,sh,UNSPECIFIED,dft,-162.769283,-4.023050706988084,1 1 1,14.810777458339874,3,3.8888810771304553e-29,3.6004078829721755e-15,6.236089381279309e-15,0.0,
tersoff_1989,26,1,sh,UNSPECIFIED,dft,-162.719155,-3.637891905234626,1 1 1,16.153034725616607,3,5.12840958933808e-29,4.1345735730697716e-15,7.161291496188436e-15,0.0,
tersoff_1989,27,1,sh,UNSPECIFIED,dft,-162.711887,-3.7288001481105235,1 1 1,15.011116637127031,3,3.165323641498754e-29,3.248242417830887e-15,5.62612090298347e-15,0.0,
tersoff_1989,28,1,sh,UNSPECIFIED,dft,-162.711684,-3.7321586363263215,1 1 1,14.439153722432248,3,1.3489521479279302e-28,6.705600017716362e-15,1.1614439925919503e-14,0.0,
tersoff_1989,29,1,sh,UNSPECIFIED,dft,-162.743183,-3.7784610421974945,1 1 1,13.97190813955927,3,3.2146852259733986e-29,3.2734717686137647e-15,5.6698194203813926e-15,0.0,
tersoff_1989,30,1,sh,UNSPECIFIED,dft,-162.801072,-4.083983840648856,1 1 1,15.196172620108575,3,3.6484865014720406e-29,3.487351670189496e-15,6.04027027662839e-15,0.0,
tersoff_1989,31,1,sh,UNSPECIFIED,dft,-162.671933,-3.8267079727297473,1 1 1,13.601235675259625,3,2.0511153907724062e-29,2.614775574035884e-15,4.528924144620228e-15,0.0,
tersoff_1989,32,1,sh,UNSPECIFIED,dft,-162.676607,-3.860195644317956,1 1 1,13.88512988820373,3,5.127595883936577e-29,4.134245551462635e-15,7.160723346098895e-15,0.0,
tersoff_1989,33,1,sh,UNSPECIFIED,dft,-162.718406,-3.978010797939759,1 1 1,14.71914069174737,3,9.707996552073852e-29,5.688584051142502e-15,9.852916599704806e-15,0.0,
tersoff_1989,34,1,sh,UNSPECIFIED,dft,-162.730704,-3.9307180209490324,1 1 1,14.204132420797086,3,8.874685183736383e-30,1.7199501139797033e-15,2.9790409838967277e-15,0.0,
tersoff_1989,35,1,sh,UNSPECIFIED,dft,-162.806776,-4.092253888713461,1 1 1,15.392744999595191,3,3.155491769132657e-30,1.0255879239299212e-15,1.776370391875708e-15,0.0,
tersoff_1989,36,1,sh,UNSPECIFIED,dft,-162.772251,-3.9103807093693614,1 1 1,14.475324092828833,3,7.87633124881465e-30,1.6203221129160964e-15,2.8064802241980343e-15,0.0,
tersoff_1989,37,1,sh,UNSPECIFIED,dft,-162.776474,-4.004010280422674,1 1 1,14.74738229012934,3,5.709400060836517e-29,4.362491666023183e-15,7.55605721314795e-15,0.0,
tersoff_1989,38,1,sh,UNSPECIFIED,dft,-162.779422,-4.061361803768839,1 1 1,15.048576784181694,3,3.0161651821308233e-29,3.1707860130314816e-15,5.491962474499278e-15,0.0,
tersoff_1989,39,1,sh,UNSPECIFIED,dft,-162.732649,-3.845892192804434,1 1 1,14.050631381248213,3,4.733165431326071e-30,1.2560739669470201e-15,2.175583928816829e-15,0.0,
tersoff_1989,40,1,sh,UNSPECIFIED,dft,-162.797575,-3.920132998225431,1 1 1,14.009832696877224,3,2.3665827156630354e-29,2.808666774861361e-15,4.864753555590494e-15,0.0,
tersoff_1989,41,1,sh,UNSPECIFIED,dft,-162.781603,-3.878424125773055,1 1 1,13.77024000251213,3,9.224819247625982e-29,5.545213926629577e-15,9.604592259760943e-15,0.0,
tersoff_1989,42,1,sh,UNSPECIFIED,dft,-162.78679,-3.912728225366277,1 1 1,14.05281966800802,3,5.7192415628523356e-30,1.3807294645527456e-15,2.3914935841127266e-15,0.0,
tersoff_1989,43,1,sh,UNSPECIFIED,dft,-162.746901,-3.85098066825862,1 1 1,14.068906541105576,3,9.096571572629236e-29,5.506532960229826e-15,9.53759486067071e-15,0.0,
tersoff_1989,44,1,sh,UNSPECIFIED,dft,-162.58302,-3.457578063559211,1 1 1,12.644563112345235,3,2.8695008020408743e-29,3.092733851056308e-15,5.356772164317682e-15,0.0,
tersoff_1989,45,1,sh,UNSPECIFIED,dft,-162.666719,-3.716591240340441,1 1 1,14.116417459848927,3,4.506387180374474e-29,3.875730976377004e-15,6.712962967553504e-15,0.0,
tersoff_1989,46,1,sh,UNSPECIFIED,dft,-162.695387,-3.8771282170637225,1 1 1,15.109429137083229,3,3.825975390321907e-29,3.571169458464975e-15,6.1854469444995704e-15,0.0,
tersoff_1989,47,1,sh,UNSPECIFIED,dft,-162.770296,-4.026261593232457,1 1 1,14.778371575607345,3,1.5777218104420236e-30,7.251946429389431e-16,1.2560739669470201e-15,0.0,
tersoff_1989,48,1,sh,UNSPECIFIED,dft,-162.741465,-3.8760499039490153,1 1 1,13.918488510318726,3,3.2343297114061484e-29,3.2834583959630877e-15,5.687116766346677e-15,0.0,
tersoff_1989,49,1,sh,UNSPECIFIED,dft,-162.685779,-3.855712284367443,1 1 1,13.842032610061619,3,4.733165431326071e-30,1.2560739669470201e-15,2.175583928816829e-15,0.0,
tersoff_1989,50,1,sh,UNSPECIFIED,dft,-162.691919,-3.7962746089454824,1 1 1,14.072074693546298,3,3.549874073494553e-29,3.4399002279594067e-15,5.9580819677934555e-15,0.0,
tersoff_1989,51,1,sh,UNSPECIFIED,dft,-162.721617,-3.7075328076621754,1 1 1,13.22909745211105,3,1.3510013373887582e-29,2.122106922682234e-15,3.675597009179268e-15,0.0,
tersoff_1989,52,1,sh,UNSPECIFIED,dft,-162.761584,-3.7893841905923855,1 1 1,13.907374473502525,3,2.830057756779824e-29,3.071404541237241e-15,5.31982871602068e-15,0.0,
tersoff_1989,53,1,sh,UNSPECIFIED,dft,-162.697194,-3.7062914377911045,1 1 1,13.446776471216332,3,2.2852362496369795e-29,2.7599735805722124e-15,4.780414469098866e-15,0.0,
tersoff_1989,54,1,sh,UNSPECIFIED,dft,-162.714662,-3.786530870196556,1 1 1,13.657190458489328,3,6.725039217009126e-29,4.7346380421348386e-15,8.200633644425975e-15,0.0,
tersoff_1989,55,1,sh,UNSPECIFIED,dft,-162.709299,-3.775173124338573,1 1 1,13.70697516166664,3,2.4652095881151058e-29,2.866594720869523e-15,4.965087701254738e-15,0.0,
tersoff_1989,56,1,sh,UNSPECIFIED,dft,-162.726555,-3.872189628869169,1 1 1,14.032178398769966,3,3.8654376948824017e-29,3.589539290253649e-15,6.217264426484048e-15,0.0,
tersoff_1989,57,1,sh,UNSPECIFIED,dft,-162.703008,-3.8394178709151308,1 1 1,13.919261481388123,3,1.9721522630525295e-29,2.563950248511419e-15,4.440892098500626e-15,0.0,
tersoff_1989,58,1,sh,UNSPECIFIED,dft,-162.665059,-3.8630151900237015,1 1 1,14.639939781430625,3,7.126884499905522e-29,4.874041615164128e-15,8.442087715669342e-15,0.0,
tersoff_1989,59,1,sh,UNSPECIFIED,dft,-162.74212,-3.995990924225109,1 1 1,15.25733799560258,3,7.173896449848015e-30,1.5463824936334494e-15,2.67841304690819e-15,0.0,
tersoff_1989,60,1,sh,UNSPECIFIED,dft,-162.698121,-3.7302907891728094,1 1 1,13.759804690839616,3,7.888609052210118e-30,1.6215845185301648e-15,2.808666774861361e-15,0.0,
tersoff_1989,61,1,sh,UNSPECIFIED,dft,-162.637168,-3.5582277175197485,1 1 1,13.313843775182843,3,6.233233746410401e-29,4.558228364328405e-15,7.895083119518377e-15,0.0,
tersoff_1989,62,1,sh,UNSPECIFIED,dft,-162.67536,-3.7147517930031677,1 1 1,13.208798104120422,3,1.2656364185337384e-28,6.4952198282884376e-15,1.1250050748924372e-14,0.0,
tersoff_1989,63,1,sh,UNSPECIFIED,dft,-162.739175,-3.834459419790267,1 1 1,13.719691198696477,3,7.888609052210118e-31,5.127900497022837e-16,8.881784197001252e-16,0.0,
tersoff_1989,64,1,sh,UNSPECIFIED,dft,-162.728794,-3.761041397109559,1 1 1,14.200008624358984,3,4.402873260688521e-29,3.830958653169605e-15,6.635415028985392e-15,0.0,
tersoff_1989,65,1,sh,UNSPECIFIED,dft,-162.710696,-3.719574985137264,1 1 1,13.399430580577503,3,4.8897098320307263e-29,4.037206060313959e-15,6.9926460170887574e-15,0.0,
tersoff_1989,66,1,sh,UNSPECIFIED,dft,-162.742815,-3.7759228510535126,1 1 1,13.585453976815769,3,7.099748146989106e-29,4.864753555590494e-15,8.426000324584083e-15,0.0,
tersoff_1989,67,1,sh,UNSPECIFIED,dft,-162.737175,-3.8396257193153067,1 1 1,14.028074005931774,3,9.515827262222894e-30,1.780994784029691e-15,3.0847734539545838e-15,0.0,
tersoff_1989,68,1,sh,UNSPECIFIED,dft,-162.730526,-3.907984206473434,1 1 1,14.510809747296642,3,9.939647405784749e-29,5.756054031998179e-15,9.969778034532539e-15,0.0,
tersoff_1989,69,1,sh,UNSPECIFIED,dft,-162.775506,-3.8632370755308774,1 1 1,13.918186432766419,3,9.170508023194262e-29,5.5288660751834285e-15,9.576276950461626e-15,0.0,
tersoff_1989,70,1,sh,UNSPECIFIED,dft,-162.704131,-3.6776723477295485,1 1 1,13.757969720093579,3,1.4381496673722806e-29,2.1894821818353005e-15,3.7922943812055e-15,0.0,
tersoff_1989,71,1,sh,UNSPECIFIED,dft,-162.592029,-3.4049201868975376,1 1 1,13.157360237447705,3,1.6664879215788313e-29,2.3568962087024757e-15,4.082263981639148e-15,0.0,
tersoff_1989,72,1,sh,UNSPECIFIED,dft,-162.617688,-3.4813975317370223,1 1 1,12.656804444133222,3,5.127595883936577e-29,4.134245551462635e-15,7.160723346098895e-15,0.0,
tersoff_1989,73,1,sh,UNSPECIFIED,dft,-162.73123,-3.736999194678713,1 1 1,13.475674798828965,3,8.874685183736383e-30,1.7199501139797033e-15,2.9790409838967277e-15,0.0,
tersoff_1989,74,1,sh,UNSPECIFIED,dft,-162.77387,-3.885618336437444,1 1 1,14.270797333634711,3,1.0987358110356266e-28,6.0518201422812364e-15,1.0482059964699814e-14,0.0,
tersoff_1989,75,1,sh,UNSPECIFIED,dft,-162.666135,-3.6567540402167835,1 1 1,13.067539790417673,3,6.381149980964202e-29,4.6119952229536554e-15,7.988210050420683e-15,0.0,
tersoff_1989,76,1,sh,UNSPECIFIED,dft,-162.593441,-3.4101887862104348,1 1 1,12.655418422005576,3,1.1438483125704671e-28,6.1748098825536515e-15,1.0695084443661336e-14,0.0,
tersoff_1989,77,1,sh,UNSPECIFIED,dft,-162.681994,-3.6041799610834424,1 1 1,13.229394139838245,3,1.8932661725304283e-29,2.5121479338940403e-15,4.351167857633658e-15,0.0,
tersoff_1989,78,1,sh,UNSPECIFIED,dft,-162.78359,-3.8805600956100865,1 1 1,14.243274614278167,3,3.490709505602977e-29,3.4111139459141383e-15,5.908222664730043e-15,0.0,
tersoff_1989,79,1,sh,UNSPECIFIED,dft,-162.385564,-2.9455862471611916,1 1 1,12.20215643506361,3,4.417621069237666e-29,3.837369354665453e-15,6.646518689688359e-15,0.0,
tersoff_1989,80,1,sh,UNSPECIFIED,dft,-162.738435,-3.972529213301023,1 1 1,14.391419575944102,3,1.1044052673094165e-29,1.9186846773327266e-15,3.3232593448441795e-15,0.0,
tersoff_1989,81,1,sh,UNSPECIFIED,dft,-162.531573,-3.3486070152706224,1 1 1,12.255872140454798,3,3.865418435582958e-29,3.589530347915986e-15,6.217248937900877e-15,0.0,
tersoff_1989,82,1,sh,UNSPECIFIED,dft,-162.671049,-3.6543788476487826,1 1 1,13.228839730854652,3,5.706963759456867e-30,1.3792466252096791e-15,2.388925231031073e-15,0.0,
tersoff_1989,83,1,sh,UNSPECIFIED,dft,-162.593438,-3.621182475903983,1 1 1,13.409742509162022,3,1.3361524175175326e-29,2.1104126117243303e-15,3.655341868440669e-15,0.0,
tersoff_1989,84,1,sh,UNSPECIFIED,dft,-162.541657,-3.4465892209725713,1 1 1,12.641677359915201,3,1.4199496293978212e-29,2.175583928816829e-15,3.76822190084106e-15,0.0,
tersoff_1989,85,1,sh,UNSPECIFIED,dft,-162.620575,-3.6795115533450824,1 1 1,13.559947981031815,3,4.141519752410312e-30,1.1749496091904413e-15,2.0350724194510405e-15,0.0,
tersoff_1989,86,1,sh,UNSPECIFIED,dft,-162.699891,-3.844540838472201,1 1 1,14.0459373509437,3,1.7873400255891304e-29,2.4408605214753875e-15,4.227694437384436e-15,0.0,
tersoff_1989,87,1,sh,UNSPECIFIED,dft,-162.585871,-3.524050855850637,1 1 1,13.100055547430005,3,7.888609052210118e-31,5.127900497022837e-16,8.881784197001252e-16,0.0,
tersoff_1989,88,1,sh,UNSPECIFIED,dft,-162.751037,-3.8975765474374993,1 1 1,14.026656352606103,3,4.4373425918681914e-29,3.845925372767128e-15,6.661338147750939e-15,0.0,
tersoff_1989,89,1,sh,UNSPECIFIED,dft,-162.536158,-3.291222085173986,1 1 1,12.188984079224852,3,1.5777410697414675e-29,2.293280815586749e-15,3.9720788886192424e-15,0.0,
tersoff_1989,90,1,sh,UNSPECIFIED,dft,-162.485886,-3.2958821250696233,1 1 1,12.301358884252203,3,2.0461850101147749e-29,2.6116310421616954e-15,4.523477655648113e-15,0.0,
tersoff_1989,91,1,sh,UNSPECIFIED,dft,-162.581251,-3.429491036214547,1 1 1,12.605764507956478,3,2.59339948521352e-29,2.9401811084883415e-15,5.092543063355989e-15,0.0,
tersoff_1989,92,1,sh,UNSPECIFIED,dft,-162.706291,-3.7136798411306575,1 1 1,13.32174503424255,3,2.0609183741893372e-29,2.6210165802536345e-15,4.539733884479725e-15,0.0,
tersoff_1989,93,1,sh,UNSPECIFIED,dft,-162.331374,-2.843658744358892,1 1 1,11.429792950792464,3,7.888609052210118e-31,5.127900497022837e-16,8.881784197001252e-16,0.0,
tersoff_1989,94,1,sh,UNSPECIFIED,dft,-162.720634,-3.809291182511368,1 1 1,13.671244375203049,3,1.8932661725304283e-29,2.5121479338940403e-15,4.351167857633658e-15,0.0,
tersoff_1989,95,1,sh,UNSPECIFIED,dft,-162.622203,-3.601273197009876,1 1 1,13.155444100256858,3,2.6269087403159137e-28,9.357543730979681e-15,1.620774117610444e-14,0.0,
tersoff_1989,96,1,sh,UNSPECIFIED,dft,-162.502011,-3.4209090164536096,1 1 1,12.55790442392793,3,3.156676216048455e-29,3.2438024066664185e-15,5.618430578060438e-15,0.0,
tersoff_1989,97,1,sh,UNSPECIFIED,dft,-162.574135,-3.5464970155068225,1 1 1,12.680078247408533,3,2.68212707775144e-29,2.9900541119693473e-15,5.17892563931115e-15,0.0,
tersoff_1989,98,1,sh,UNSPECIFIED,dft,-162.656297,-3.6182423537528576,1 1 1,13.167828800653588,3,1.9721522630525295e-29,2.563950248511419e-15,4.440892098500626e-15,0.0,
tersoff_1989,99,1,sh,UNSPECIFIED,dft,-162.748564,-3.7952900187943848,1 1 1,13.505607912361747,3,2.990295128152842e-29,3.157158600256905e-15,5.4683591031979985e-15,0.0,
tersoff_1989,100,1,sh,UNSPECIFIED,dft,-162.715643,-3.678234966927752,1 1 1,13.2357468772006,3,1.9918737856830548e-29,2.5767381096281752e-15,4.463041323674983e-15,0.0,
tersoff_1989,101,1,sh,UNSPECIFIED,dft,-162.712182,-3.692325280234953,1 1 1,13.265916211247863,3,8.041470111896133e-29,5.177344915396994e-15,8.967424441775985e-15,0.0,
tersoff_1989,102,1,sh,UNSPECIFIED,dft,-162.616861,-3.495566273426405,1 1 1,12.646524206769119,3,2.287715884440378e-29,2.7614705529484215e-15,4.783007301311988e-15,0.0,
tersoff_1989,103,1,sh,UNSPECIFIED,dft,-162.587559,-3.412660562653212,1 1 1,12.508603400252687,3,2.0510383535746307e-29,2.6147264698081585e-15,4.5288390936029406e-15,0.0,
tersoff_1989,104,1,sh,UNSPECIFIED,dft,-162.637646,-3.537861244800492,1 1 1,12.812862681716735,3,5.127672921134352e-29,4.134276607878075e-15,7.160777137388339e-15,0.0,
tersoff_1989,105,1,sh,UNSPECIFIED,dft,-162.681335,-3.6658784808807994,1 1 1,13.076274007497146,3,3.01739296247037e-29,3.1714313080323688e-15,5.4930801582266845e-15,0.0,
tersoff_1989,106,1,sh,UNSPECIFIED,dft,-162.488676,-3.252762895035243,1 1 1,12.187603223369875,3,7.099748146989106e-30,1.538370149106851e-15,2.6645352591003757e-15,0.0,
tersoff_1989,107,1,sh,UNSPECIFIED,dft,-162.615495,-3.6164468758809645,1 1 1,13.164696257673492,3,2.369067165291295e-29,2.810140663911859e-15,4.867306406310676e-15,0.0,
tersoff_1989,108,1,sh,UNSPECIFIED,dft,-162.740207,-3.842221098357841,1 1 1,13.936763280676665,3,7.33640641855541e-29,4.945168153041043e-15,8.565282493038633e-15,0.0,
tersoff_1989,109,1,sh,UNSPECIFIED,dft,-162.316621,-2.8392663064445425,1 1 1,11.838025587188913,3,1.3608620987040209e-29,2.1298373167169526e-15,3.688986444409929e-15,0.0,
tersoff_1989,110,1,sh,UNSPECIFIED,dft,-162.615483,-3.4430806131194096,1 1 1,12.810867845031494,3,6.084108990816497e-29,4.503372436599227e-15,7.800069865595113e-15,0.0,
tersoff_1989,111,8,sh,UNSPECIFIED,DFT,-1302.295986,-32.85094173032696,1 1 1,123.98719511874528,24,49.00261648784809,1.4289071652818004,4.548087020897435,0.443984524426245,
tersoff_1989,112,8,sh,UNSPECIFIED,DFT,-1302.272905,-32.036139344765566,1 1 1,121.89566884609496,24,21.44753595161168,0.9453292184827217,2.435203747579576,0.4762747459798674,
tersoff_1989,113,8,sh,UNSPECIFIED,DFT,-1302.302711,-32.82770851837355,1 1 1,122.19473901541132,24,92.20650696315084,1.9600861690576985,6.6202800351006506,0.5089264855245624,
tersoff_1989,114,8,sh,UNSPECIFIED,DFT,-1302.550978,-32.12465229409561,1 1 1,123.8430671894148,24,38.19835102059584,1.2615854942061966,3.185388273011869,0.29690604134977244,
tersoff_1989,115,8,sh,UNSPECIFIED,DFT,-1302.252121,-31.52147996634521,1 1 1,126.8223571117541,24,82.7840704326021,1.8572388828648532,6.336083214162179,0.36613958313560113,
tersoff_1989,116,8,sh,UNSPECIFIED,DFT,-1301.96717,-30.978394802757368,1 1 1,110.53428885598309,24,72.42135758331827,1.7371115582977377,5.935325569234907,0.5082927429071025,
tersoff_1989,117,8,sh,UNSPECIFIED,DFT,-1301.76601,-30.087683838834803,1 1 1,111.08424832272132,24,14.305693125295718,0.7720560516486621,2.073346238849622,0.4365950934008065,
tersoff_1989,118,8,sh,UNSPECIFIED,DFT,-1302.016609,-30.555957873355393,1 1 1,112.82306688341268,24,22.37664840452273,0.9655880851524873,2.075399597182292,0.5601547301810287,
tersoff_1989,119,8,sh,UNSPECIFIED,DFT,-1302.345095,-31.212754933300555,1 1 1,115.69313424954582,24,22.741613844028056,0.9734306567502222,2.777409314457987,0.35400473948116906,
tersoff_1989,120,8,sh,UNSPECIFIED,DFT,-1301.883915,-31.550159800211993,1 1 1,110.91843924113337,24,45.06447926765976,1.370287063411346,3.7739280244719877,0.49513886058429957,
tersoff_1989,121,8,sh,UNSPECIFIED,DFT,-1301.630701,-29.211414081907044,1 1 1,106.32121220082357,24,13.862778237455165,0.7600103682805683,2.360627150201125,0.4557215616996898,
tersoff_1989,122,8,sh,UNSPECIFIED,DFT,-1301.719228,-30.25390418277985,1 1 1,108.61113859612188,24,46.2215345920897,1.3877670102255653,3.2729870496139637,0.6401444915887038,
tersoff_1989,123,8,sh,UNSPECIFIED,DFT,-1301.638908,-29.69768014837831,1 1 1,107.36318539592197,24,15.854425335575963,0.8127736804603102,2.0668610734978397,0.27589764321729265,
tersoff_1989,124,8,sh,UNSPECIFIED,DFT,-1301.857592,-30.18057247832568,1 1 1,109.76201252494013,24,17.077899890012382,0.8435515171486857,2.195014934535027,0.4576296385228788,
tersoff_1989,125,8,sh,UNSPECIFIED,DFT,-1302.059255,-29.84015002765735,1 1 1,109.53712912866837,24,19.77832598614444,0.9077978387776388,2.193443421671737,0.3753468572096534,
tersoff_1989,126,8,sh,UNSPECIFIED,DFT,-1301.204404,-28.06503919992668,1 1 1,104.04073900358891,24,27.27968030965439,1.0661394590932274,2.302884438960333,0.5560813907098198,
tersoff_1989,127,8,sh,UNSPECIFIED,DFT,-1301.456271,-29.232958538466264,1 1 1,105.37260582141262,24,19.15248333518173,0.8933197294171362,2.1043127947632123,0.36913535464245806,
tersoff_1989,128,8,sh,UNSPECIFIED,DFT,-1300.828345,-27.617093492902377,1 1 1,102.11661283735445,24,88.69483829608242,1.9223990902871255,7.28890052189018,0.6268626374804003,
tersoff_1989,129,8,sh,UNSPECIFIED,DFT,-1300.982258,-27.72366234114761,1 1 1,102.06070471246716,24,20.65613539691288,0.9277242630246896,2.386781127521601,0.5036060833519179,
tersoff_1989,130,8,sh,UNSPECIFIED,DFT,-1301.84763,-29.65343046673301,1 1 1,107.00657891875606,24,10.928835997883628,0.6748097262032346,1.9415194301504364,0.25242326517520214,
tersoff_1989,131,8,sh,UNSPECIFIED,DFT,-1300.149174,-26.388947063490384,1 1 1,98.91020025048094,24,20.749061114798963,0.9298086970536592,3.045020600705292,0.5395826025316045,
tersoff_1989,132,8,sh,UNSPECIFIED,DFT,-1300.399597,-27.119085742979607,1 1 1,100.73918969715105,24,20.815327888050383,0.931292289600191,2.32015672470199,0.559375873166499,
tersoff_1989,133,8,sh,UNSPECIFIED,DFT,-1300.05383,-25.063179330741985,1 1 1,98.07448447759633,24,48.25279636516979,1.4179327141589178,3.2696960857118023,0.45336503705921904,
tersoff_1989,134,8,sh,UNSPECIFIED,DFT,-1300.835262,-28.205707097527917,1 1 1,102.41759263867277,24,35.1935289904748,1.2109488186004327,2.5465920229063355,0.48793684452123687,
tersoff_1989,135,8,sh,UNSPECIFIED,DFT,-1299.989854,-25.749654922226505,1 1 1,98.66529576994799,24,150.67557749160926,2.5056234877072785,7.165264659430148,0.7877157692096869,
tersoff_1989,136,8,sh,UNSPECIFIED,DFT,-1302.214395,-31.62212196900908,1 1 1,118.98405331518448,24,47.105943074538,1.40098095208527,3.9675589828426427,0.39510254609361045,
tersoff_1989,137,8,sh,UNSPECIFIED,DFT,-1302.30353,-31.157672774109933,1 1 1,116.8181977046261,24,55.47890505284966,1.5204016061122587,4.959609455652509,0.42926024957797243,
tersoff_1989,138,8,sh,UNSPECIFIED,DFT,-1302.317823,-30.838770191344807,1 1 1,118.20808279307808,24,31.800295334379726,1.1510917885204268,3.2601030152870303,0.4582070519149855,
tersoff_1989,139,8,sh,UNSPECIFIED,DFT,-1302.469757,-31.183774898721783,1 1 1,119.0337155591567,24,25.520031846818455,1.0311811966303994,2.8665941599332925,0.4097030696378871,
tersoff_1989,140,8,sh,UNSPECIFIED,DFT,-1302.534238,-31.717259486049276,1 1 1,120.0805583264528,24,41.62122989898823,1.3168970773974111,3.154099969606656,0.30072865634898804,
tersoff_1989,141,27,sh,UNSPECIFIED,DFT,-4395.260734,-107.34111834548705,1 1 1,420.74425977972624,81,97.15538000729312,1.0951936522334795,3.173520835878764,0.37502871335678895,
tersoff_1989,142,27,sh,UNSPECIFIED,DFT,-4395.036789,-106.67586188499669,1 1 1,411.04248065202853,81,68.66039957051171,0.9206841227896432,3.7226445213064117,0.4362638624118022,
tersoff_1989,143,27,sh,UNSPECIFIED,DFT,-4394.885034,-105.66422658483035,1 1 1,425.4500486783721,81,167.4836266937211,1.4379496148976192,4.483634557271084,0.4220942837498075,
tersoff_1989,144,27,sh,UNSPECIFIED,DFT,-4394.713853,-107.19642280307089,1 1 1,423.8521005351693,81,117.82072322457114,1.2060583857894183,4.724363678403272,0.40977263304041456,
tersoff_1989,145,27,sh,UNSPECIFIED,DFT,-4394.889195,-106.68590018553022,1 1 1,421.40260315408375,81,110.94938100753912,1.170361245315958,4.71539104102797,0.4048342664118529,
tersoff_1989,146,27,sh,UNSPECIFIED,DFT,-4394.386073,-103.34517502736908,1 1 1,382.75235094292964,81,49.44923588274014,0.7813350072882155,2.459281143081229,0.5266508370520894,
tersoff_1989,147,27,sh,UNSPECIFIED,DFT,-4394.600738,-103.61171732919752,1 1 1,378.2902814032877,81,42.993963378287546,0.7285531355617676,2.0122532377704805,0.45413230516740083,
tersoff_1989,148,27,sh,UNSPECIFIED,DFT,-4393.712898,-101.16430123934678,1 1 1,369.8230392987771,81,56.57196456106389,0.835714853026252,2.7444057743774755,0.5587357117252305,
tersoff_1989,149,27,sh,UNSPECIFIED,DFT,-4394.781001,-105.01771957613126,1 1 1,385.8286713598541,81,36.04165185582028,0.6670522205095116,1.6224359886831692,0.4571338066319941,
tersoff_1989,150,27,sh,UNSPECIFIED,DFT,-4394.123233,-103.0281635423951,1 1 1,377.756647962589,81,63.40920326824273,0.8847766215143262,2.8641498362181266,0.5237451807348911,
tersoff_1989,151,27,sh,UNSPECIFIED,DFT,-4393.985804,-102.26124016301712,1 1 1,374.36321619034516,81,48.135999177093524,0.7708901314577405,2.2645988845323246,0.46529758732203197,
tersoff_1989,152,27,sh,UNSPECIFIED,DFT,-4394.032927,-102.57780604099153,1 1 1,372.20783145726006,81,38.613315988469886,0.6904401529429792,1.8507940143757264,0.447524266266428,
tersoff_1989,153,27,sh,UNSPECIFIED,DFT,-4393.62481,-101.25565958106017,1 1 1,369.6483147176958,81,39.03171760717882,0.6941707692482815,2.0124098792821417,0.4720214031027302,
tersoff_1989,154,27,sh,UNSPECIFIED,DFT,-4393.123528,-100.07198843533453,1 1 1,363.01336156540725,81,45.16749802609555,0.7467418780414908,2.8528260327429353,0.5115268937393248,
tersoff_1989,155,27,sh,UNSPECIFIED,DFT,-4392.74588,-98.42787894185828,1 1 1,359.24430685566637,81,46.530518747555575,0.7579253582875124,2.3015641708799905,0.5581857320720699,
tersoff_1989,156,27,sh,UNSPECIFIED,DFT,-4387.597827,-87.31625841705063,1 1 1,329.7134124923705,81,59.58181467633033,0.8576584162515057,2.349398021935431,0.713075354646101,
tersoff_1989,157,27,sh,UNSPECIFIED,DFT,-4392.85473,-98.99908173693782,1 1 1,360.09367130605847,81,41.08561500572574,0.7122006844180249,2.2358686333691096,0.5247352238802527,
tersoff_1989,158,27,sh,UNSPECIFIED,DFT,-4394.306057,-102.78767878240451,1 1 1,372.02876944066713,81,35.69203882628565,0.6638090498370008,2.201380686694529,0.4721597246552794,
tersoff_1989,159,27,sh,UNSPECIFIED,DFT,-4389.568177,-91.63916854860872,1 1 1,337.8940421245648,81,56.3572450727915,0.8341273629900795,2.6332208256700502,0.5961713084333724,
tersoff_1989,160,27,sh,UNSPECIFIED,DFT,-4390.371819,-92.93474572345369,1 1 1,345.0214195496134,81,51.04541611683876,0.7938452761276016,2.292448839592636,0.6302613533834631,
tersoff_1989,161,27,sh,UNSPECIFIED,DFT,-4390.84525,-94.26660547599153,1 1 1,345.28568410312533,81,58.50437596201346,0.849868370069513,2.9459913317208404,0.6026384570585378,
tersoff_1989,162,27,sh,UNSPECIFIED,DFT,-4389.395928,-91.46379287864934,1 1 1,338.7838367604752,81,60.18443164527155,0.8619847299302825,2.585175408887312,0.6215652434451362,
tersoff_1989,163,27,sh,UNSPECIFIED,DFT,-4390.231028,-93.35744402343764,1 1 1,342.699756965892,81,56.79758622867632,0.8373797037516871,2.90329720588573,0.6025646998816357,
tersoff_1989,164,27,sh,UNSPECIFIED,DFT,-4390.660914,-94.187738519137,1 1 1,344.5613794101539,81,41.634362153979986,0.7169410512983546,2.401363234721721,0.5677114582842623,
tersoff_1989,165,27,sh,UNSPECIFIED,DFT,-4389.732343,-92.61695124079975,1 1 1,339.600447762454,81,58.31053709997188,0.8484592942939142,2.6261586788769193,0.6100243083323665,
tersoff_1989,166,27,sh,UNSPECIFIED,DFT,-4395.004144,-104.95553751904538,1 1 1,390.490582415377,81,59.01597206760759,0.8535761522841661,2.7239017229535847,0.3945051805855721,
tersoff_1989,167,27,sh,UNSPECIFIED,DFT,-4395.107367,-105.65708499823387,1 1 1,389.551260881851,81,39.26195372270213,0.6962151090417752,2.1325913021970435,0.3885369138167414,
tersoff_1989,168,27,sh,UNSPECIFIED,DFT,-4394.750526,-104.50529502282464,1 1 1,391.03092735149403,81,77.30435088344592,0.9769210317445133,3.7433466817990713,0.4581755699375136,
tersoff_1989,169,27,sh,UNSPECIFIED,DFT,-4395.131111,-106.22981474590932,1 1 1,398.63576148091806,81,58.788266118838614,0.8519278509331283,2.953380772886377,0.46390083395461396,
tersoff_1989,170,27,sh,UNSPECIFIED,DFT,-4394.92666,-106.79549319493546,1 1 1,406.6538768192874,81,84.49474554297748,1.0213447051331033,3.9909567822082814,0.4851343571544282,
tersoff_1989,171,64,sh,PW91,dft,-10421.020323,-260.356382159141,1 1 1,971.8448278238795,192,40.69798995255697,0.46040058391531996,1.5656940084986293,0.16119958532631218,0.2090799264434562
tersoff_1989,172,64,sh,PW91,dft,-10420.265084,-260.93586380662373,1 1 1,1014.3094388925907,192,181.97825960010397,0.9735519685241297,3.463173013628317,0.14938930029352002,0.18822491632653726
tersoff_1989,173,64,sh,PW91,dft,-10420.531759,-260.12316156327785,1 1 1,1000.461821243851,192,133.0107797930111,0.8323247431673526,2.9461331532610484,0.17545144882203167,0.2050901857538001
tersoff_1989,174,64,sh,PW91,dft,-10414.876333,-237.47848194703843,1 1 1,865.5025532266269,192,46.61672724861221,0.4927427872834419,1.7134361576459827,0.34836032864394395,0.4705472735075511
tersoff_1989,175,64,sh,PW91,dft,-10418.292287,-247.3807574295592,1 1 1,980.0976150688051,192,258.7599867350674,1.1609083789193455,4.063255774263623,0.556573265992167,0.36919850034316504
tersoff_1989,176,64,sh,PW91,dft,-10420.799717,-258.1378735697822,1 1 1,945.4725124486849,192,27.101778708580227,0.3757061317579499,1.4387205394881382,0.18416251926514074,0.24029715440217547
tersoff_1989,177,64,sh,PW91,dft,-10420.813164,-258.3904911845661,1 1 1,955.610937858929,192,45.84322495091041,0.48863769463614354,1.757019091531519,0.17550505692352333,0.23656011354616702
tersoff_1989,178,64,sh,PW91,dft,-10420.928683,-258.9592247792873,1 1 1,964.456174833373,192,45.85651095876679,0.4887084965262118,1.5748788665071052,0.16420243804492013,0.22947863550366154
tersoff_1989,179,64,sh,PW91,dft,-10420.829317,-257.87920815728904,1 1 1,964.634722618512,192,72.29831630685956,0.6136397402099163,2.1358890069335184,0.18448921604239502,0.24480130147237844
tersoff_1989,180,64,sh,PW91,dft,-10420.727758,-256.58539772415065,1 1 1,957.0738542400484,192,76.04733370648175,0.6293487610654306,2.938111152613851,0.20989546220355942,0.2634302301151843
tersoff_1989,181,64,sh,PW91,dft,-10420.097675,-254.95842694774294,1 1 1,921.6510927982861,192,27.657621877319325,0.37953934439577075,1.3417280756891752,0.2058155583447734,0.27900660162155466
tersoff_1989,182,64,sh,PW91,dft,-10420.26317,-255.55381368033358,1 1 1,927.7537194488538,192,27.96732841724689,0.38165844526202686,1.1257745714955663,0.16574929888929144,0.2722895432998147
tersoff_1989,183,64,sh,PW91,dft,-10420.391771,-256.06109598420363,1 1 1,935.236922739601,192,34.90798050050398,0.42639465104539587,1.4635727296273342,0.20207576802763447,0.26637264792685045
tersoff_1989,184,64,sh,PW91,dft,-10420.727799,-256.3370601506915,1 1 1,940.6673802885852,192,51.31104889924142,0.5169574898869498,1.8793545847266568,0.18122834087111162,0.26731114532547284
tersoff_1989,185,64,sh,PW91,dft,-10420.739136,-255.6003633617542,1 1 1,941.7126004133089,192,57.449264010852815,0.5470054083125612,2.2521314923471,0.21178687170124594,0.2789991732776169
tersoff_1989,186,64,sh,PW91,dft,-10419.199312,-251.5162073112109,1 1 1,901.4058800880196,192,31.394248122871637,0.4043658108362894,1.4202415840605234,0.21476221159861705,0.3187543615673638
tersoff_1989,187,64,sh,PW91,dft,-10419.451516,-252.14365894302108,1 1 1,905.5108848886275,192,28.71058075478214,0.3866966185066664,1.6613472250694852,0.1743364759281961,0.31289111732030683
tersoff_1989,188,64,sh,PW91,dft,-10419.638717,-252.77526932585923,1 1 1,911.2733061537291,192,34.790632736230684,0.4256773568888392,1.2250149329457574,0.2099968170071275,0.3059472207134708
tersoff_1989,189,64,sh,PW91,dft,-10419.914325,-253.21592173103423,1 1 1,916.8788562557008,192,48.35035215440344,0.5018214331853359,2.082590433719679,0.20992348352286602,0.30336840188261016
tersoff_1989,190,64,sh,PW91,dft,-10420.117295,-253.39726272714563,1 1 1,920.6151541617871,192,50.08748912282151,0.5107566340062183,2.2900076507784246,0.20080563569292986,0.30370635506837385
tersoff_1989,191,64,sh,PW91,dft,-10417.977952,-247.9173153557602,1 1 1,883.4150810002177,192,25.951498510352806,0.3676466438598629,1.1480374185890876,0.23394260362787173,0.3559032983712598
tersoff_1989,192,64,sh,PW91,dft,-10418.313008,-248.7932343616573,1 1 1,887.0361208816697,192,21.81934888592827,0.3371089469506998,1.1017633198916084,0.18832582169524045,0.3474523139041157
tersoff_1989,193,64,sh,PW91,dft,-10418.675419,-249.8986847961155,1 1 1,892.1421474788272,192,22.0621851430503,0.3389796664797467,1.1548971255669573,0.18500004518299,0.33584232274070747
tersoff_1989,194,64,sh,PW91,dft,-10418.74199,-250.19170162140716,1 1 1,897.1872851080312,192,34.92440082477902,0.4264949248964057,1.3754896308141062,0.23262938675337216,0.3323041067205441
tersoff_1989,195,64,sh,PW91,dft,-10419.09546,-251.12688894567762,1 1 1,900.7986212701252,192,30.616332981680323,0.3993245141647559,1.2231203986339074,0.20613469854760624,0.32321477352881844
tersoff_1989,196,64,sh,PW91,dft,-10416.611128,-244.05946770502845,1 1 1,866.5739269124423,192,22.07567161689899,0.3390832587109183,1.2283445078991395,0.22157377483653723,0.39482554291396177
tersoff_1989,197,64,sh,PW91,dft,-10416.976531,-244.98982697890062,1 1 1,869.839366433069,192,21.367134850330707,0.3335973031647675,1.3379928706912902,0.17863024877260428,0.3859981011347058
tersoff_1989,198,64,sh,PW91,dft,-10417.215975,-245.58292704039607,1 1 1,874.5550616469533,192,32.651483773877246,0.41238308806530527,1.3149720673687764,0.23403807355855585,0.3804722251738224
tersoff_1989,199,64,sh,PW91,dft,-10417.73464,-246.56800823595196,1 1 1,879.6276723454015,192,34.20553445783864,0.4220827232915876,1.457484091470986,0.198920823423961,0.37318447211828376
tersoff_1989,200,64,sh,PW91,dft,-10417.96655,-246.98392795624173,1 1 1,883.8518480548162,192,47.99580893276324,0.4999781710483054,1.7117879308176511,0.2289887364497069,0.3703093202387344
tersoff_1989,201,64,sh,PW91,dft,-10414.965986,-239.59838342999345,1 1 1,851.1685233227792,192,27.625057899290017,0.37931584450446504,1.2088020230990284,0.24069547333369887,0.43882464096136475
tersoff_1989,202,64,sh,PW91,dft,-10415.436874,-240.74484289739422,1 1 1,854.607795039376,192,24.023273272849014,0.35372477289943277,1.2640159346274067,0.19761254095108902,0.42826883678325345
tersoff_1989,203,64,sh,PW91,dft,-10415.760721,-241.4887676483981,1 1 1,859.6015887368214,192,39.05448634759681,0.45100862858752494,2.1561900328154606,0.2527060729127402,0.4217051219238126
tersoff_1989,204,64,sh,PW91,dft,-10416.404097,-243.19995198459233,1 1 1,865.0195347039047,192,32.14057101855827,0.4091439934648,1.6818500544671453,0.23388409773414837,0.4050206166707775
tersoff_1989,205,64,sh,PW91,dft,-10416.765712,-244.2272676509776,1 1 1,869.5015120383508,192,36.24808304593897,0.43450212795520204,1.5287673600121132,0.2447090522692203,0.39461904375850443
tersoff_1989,206,64,sh,PW91,dft,-10413.407296,-235.54333523679375,1 1 1,837.4061421421947,192,27.533916840382297,0.3786896049233345,1.3393008225264926,0.2462363249322606,0.47783023773011246
tersoff_1989,207,64,sh,PW91,dft,-10413.936194,-237.09344441041853,1 1 1,841.2999006252102,192,21.49345017651165,0.33458190776350244,1.312660088583571,0.21624783287208915,0.46187381314223286
tersoff_1989,208,64,sh,PW91,dft,-10414.428236,-238.415878000357,1 1 1,846.6845222867704,192,24.89181561869937,0.3600623182368008,1.2179419045181357,0.24165626965278597,0.448898944549442
tersoff_1989,209,64,sh,PW91,dft,-10415.091694,-240.02144007445824,1 1 1,852.0823357051114,192,22.167223244506243,0.33978564968492025,1.207863577040382,0.2213080159175781,0.43417856839162416
tersoff_1989,210,64,sh,PW91,dft,-10415.428528,-240.78754303913996,1 1 1,855.9927809817084,192,31.353054073021912,0.4041004288915349,1.1620220155077943,0.23611545753724136,0.427471240818468
tersoff_1989,211,64,sh,PW91,dft,-10411.652582,-231.13052484490467,1 1 1,824.8753200441986,192,28.34408496779437,0.38422056496314155,1.2990077334219183,0.23982969454798372,0.5193629938533983
tersoff_1989,212,64,sh,PW91,dft,-10412.096825,-232.1921257405753,1 1 1,828.675593772475,192,32.40818299106829,0.41084378995568055,1.3719312971804454,0.24542516356506214,0.5097167767335433
tersoff_1989,213,64,sh,PW91,dft,-10412.754382,-233.70811902615185,1 1 1,834.0784783199408,192,37.27406534763239,0.4406083941766415,2.0432535942671617,0.25876765979389377,0.4963037097713885
tersoff_1989,214,64,sh,PW91,dft,-10413.546255,-235.56870172376054,1 1 1,839.6588506258859,192,37.92415042631237,0.4444340410046358,1.535692136417169,0.26543869982069307,0.4796051207462546
tersoff_1989,215,64,sh,PW91,dft,-10414.062856,-236.88151637311046,1 1 1,843.8368096561896,192,35.95757282055946,0.4327574668415099,1.759200774275249,0.2457822569803487,0.4671642824751805
tersoff_1989,216,64,sh,PW91,dft,-10409.787503,-226.68514203655147,1 1 1,813.5778782821935,192,31.012876669735974,0.4019022260718912,1.435376591440663,0.2501015814863616,0.5596802408589006
tersoff_1989,217,64,sh,PW91,dft,-10410.358766,-228.3429999353111,1 1 1,817.1188240164527,192,28.064267093041526,0.38231931389384183,1.6011715948479908,0.24636877394995527,0.5427021955657785
tersoff_1989,218,64,sh,PW91,dft,-10412.240337,-232.728391770047,1 1 1,830.4854213367631,192,35.225311635108724,0.42832833757083044,1.3573693896623305,0.283158766005266,0.5035799950230282
tersoff_1989,219,64,sh,PW91,dft,-10408.062865,-222.66886214608468,1 1 1,802.9601218941993,192,24.170928148837895,0.3548101616008163,1.1016811278564331,0.23599570773263898,0.5954871453974491
tersoff_1989,220,64,sh,PW91,dft,-10408.587067,-223.9827224796789,1 1 1,806.0210281988852,192,22.308869710167126,0.3408695201106338,1.1871782637689006,0.22842331075289252,0.5831487339350474
tersoff_1989,221,64,sh,PW91,dft,-10409.272145,-225.71291469431102,1 1 1,810.3194447120787,192,25.0846965416495,0.36145464605455613,1.3180991984499257,0.2378580144257546,0.5668188243314272
tersoff_1989,222,64,sh,PW91,dft,-10409.917002,-227.1791069610316,1 1 1,814.7061429304075,192,32.801851198850855,0.41333155576850755,1.462282845529266,0.25787378240947,0.5539854607889074
tersoff_1989,223,64,sh,PW91,dft,-10410.439093,-228.38962300743458,1 1 1,818.0306695734748,192,29.09533335475288,0.3892790702773585,1.3743714421612425,0.25527562407090826,0.5432288194388724
tersoff_1989,224,2,dia,PW91,dft,-326.237661,-9.14875938818719,1 1 1,39.242424094105004,6,0.16984988928893913,0.16825075001761464,0.29141884744208013,0.5521118834378891,-0.006843343288569059
tersoff_1989,225,2,dia,PW91,dft,-326.236413,-9.124785038243145,1 1 1,40.81942539437463,6,0.1463289697895197,0.15616709522683264,0.27048934340332226,0.6832508313691735,0.0045198316834653696
tersoff_1989,226,2,dia,PW91,dft,-326.12843,-9.004682618771236,1 1 1,39.70236121214955,6,0.43782504098552777,0.2701311536351456,0.4678808828032668,0.9520494624580524,0.010579541419396321
tersoff_1989,227,2,dia,PW91,dft,-326.229346,-9.12036266276601,1 1 1,41.61655661170498,6,0.07438328345345165,0.11134277663552587,0.19285134618852395,0.6747773924537386,0.0031975194220299485
tersoff_1989,228,2,dia,PW91,dft,-326.210046,-9.077808561584215,1 1 1,41.638843210792544,6,0.25460494721986054,0.205995528762099,0.3567947219479731,0.5380816073484269,0.01482457001290527
tersoff_1989,229,2,dia,PW91,dft,-326.301008,-9.183246784085963,1 1 1,41.83386488332447,6,0.083565402243836,0.11801511361109361,0.20440817283542861,0.3034940718805998,0.007586458762054882
tersoff_1989,230,2,dia,PW91,dft,-326.312284,-9.2001809398138,1 1 1,41.56078034926101,6,0.0511688903711649,0.09234797450509756,0.15995138381890436,0.3585901436180309,0.004757380898112729
tersoff_1989,231,2,dia,PW91,dft,-326.289353,-9.206415729994983,1 1 1,38.58484226532241,6,0.06977550416983312,0.10783900358855411,0.18678263325298036,0.26755131999923554,-0.009825514192464802
tersoff_1989,232,2,dia,PW91,dft,-326.263811,-9.188160038094175,1 1 1,38.526203628606204,6,0.0763202285754502,0.11278314632917619,0.19534613967960857,0.12733019620917368,-0.013468668242075488
tersoff_1989,233,2,dia,PW91,dft,-326.212372,-9.103810558197269,1 1 1,41.63905242829528,6,0.19621733044880638,0.18083939949063754,0.3132230279280305,0.5745721318801786,0.0029865717063977115
tersoff_1989,234,2,dia,PW91,dft,-326.251954,-9.170421676209447,1 1 1,37.96112861532236,6,0.07299886047879328,0.11030175314320959,0.19104824060796013,0.557221736205615,-0.010527987299693287
tersoff_1989,235,2,dia,PW91,dft,-326.198837,-9.060226935547377,1 1 1,42.04921452495521,6,0.30024097973328917,0.22369658756646585,0.38745385514489933,0.6703457878587737,0.01801088303134879
tersoff_1989,236,2,dia,PW91,dft,-326.054673,-8.94989017426084,1 1 1,37.7234392062473,6,0.5927966257963474,0.31432377834443986,0.5444247541195908,0.966139039717714,0.0010972636745938402
tersoff_1989,237,2,dia,PW91,dft,-326.258639,-9.171239361959234,1 1 1,40.39690430261402,6,0.1052644070763651,0.13245402163037878,0.2294170951306441,0.5140856474363003,-0.0075943301745846625
tersoff_1989,238,2,dia,PW91,dft,-326.263087,-9.160520912289112,1 1 1,41.68411478870187,6,0.07713790058929586,0.11338569911978602,0.19638979172718807,0.5511843735690142,-1.1105339539518866e-05
tersoff_1989,239,2,dia,PW91,dft,-326.236274,-9.10954880589977,1 1 1,41.50054408458249,6,0.21788133570131174,0.19056116065509945,0.33006161220392927,0.5677588118500085,0.012068447855129172
tersoff_1989,240,2,dia,PW91,dft,-326.113481,-9.058409989604293,1 1 1,37.31730718834658,6,0.1936619679324728,0.1796579935750484,0.3111767728578669,0.4302536131942028,-0.0237586439971329
tersoff_1989,241,2,dia,PW91,dft,-326.273146,-9.169713672503123,1 1 1,40.748305701353026,6,0.10735621762561645,0.1337636084202379,0.2316853659876007,0.4931835087132037,0.00042201455346102534
tersoff_1989,242,2,dia,PW91,dft,-326.274482,-9.188626096339334,1 1 1,39.500995337559765,6,0.09389219395894628,0.12509476005475895,0.21667048017548024,0.21282465607474463,-0.008366197364654049
tersoff_1989,243,2,dia,PW91,dft,-326.131924,-9.076671183079197,1 1 1,37.20990087927833,6,0.13687452748169776,0.1510378139637542,0.26160516764935837,0.4635807977400847,-0.02366774073456135
tersoff_1989,244,2,dia,PW91,dft,-326.067312,-9.01841858356551,1 1 1,35.66425617802761,6,0.09616497236757808,0.12659974484412023,0.21927719029527368,0.43343705536867366,-0.026847440977722847
tersoff_1989,245,2,dia,PW91,dft,-326.174643,-9.08604192912734,1 1 1,38.34769718148579,6,0.14513382172231803,0.1555280369806454,0.26938246205192945,1.0541138938780128,-0.006993613758644379
tersoff_1989,246,2,dia,PW91,dft,-326.17604,-9.095496058827376,1 1 1,41.34700550117968,6,0.042165056768794076,0.0838302419265606,0.1451982382275941,0.4358379494720486,-0.011022178608663502
tersoff_1989,247,2,dia,PW91,dft,-326.192207,-9.11649966433815,1 1 1,38.04747532938162,6,0.09720864488788103,0.1272848805422185,0.22046388013445803,0.48981244641869476,-0.013440481364052737
tersoff_1989,248,2,dia,PW91,dft,-326.29298,-9.214632713831787,1 1 1,38.21280199413673,6,0.0149482305834115,0.04991364306381489,0.08645296577738565,0.2609271924630828,-0.012120506110869123
tersoff_1989,249,2,dia,PW91,dft,-326.239,-9.157368727538831,1 1 1,38.18432717652379,6,0.17434516605472078,0.1704626870484764,0.29525003476267525,0.5519473666634045,-0.010478512964403386
tersoff_1989,250,2,dia,PW91,dft,-326.15688,-9.093888648749811,1 1 1,36.0928357172667,6,0.02950766079312383,0.07012805048994758,0.1214653464843459,0.3503245521893472,-0.019798473569880848
tersoff_1989,251,2,dia,PW91,dft,-326.310336,-9.21431063873231,1 1 1,39.778068265562354,6,0.05611785489794784,0.09671078438480706,0.16750799219432477,0.4813184306326392,-0.003281468561127987
tersoff_1989,252,2,dia,PW91,dft,-326.266373,-9.171967122611054,1 1 1,39.20362446925621,6,0.13293980054963977,0.1488510444200509,0.2578175716952207,0.4664005152227,-0.0040912105005093125
tersoff_1989,253,2,dia,PW91,dft,-326.091245,-8.998343636755564,1 1 1,36.81122245171338,6,0.36059160295559745,0.24515015907112844,0.42461253099478685,0.8967409129546096,-0.004843467572750448
tersoff_1989,254,2,dia,PW91,dft,-326.158103,-9.081926375455684,1 1 1,36.822947898703845,6,0.16613801312203058,0.16640212995533368,0.2882169435703191,0.6323970041305804,-0.013205836922826286
tersoff_1989,255,2,dia,PW91,dft,-326.162733,-9.116646853431872,1 1 1,37.42848779753096,6,0.08726255914679065,0.12059751182258464,0.20888101774310533,0.33551037827961944,-0.028251075910910473
tersoff_1989,256,2,dia,PW91,dft,-326.206012,-9.153908079236135,1 1 1,37.9196199977596,6,0.028505682981798185,0.06892711486514601,0.11938526496556981,0.21835498086067712,-0.02524218881305007
tersoff_1989,257,2,dia,PW91,dft,-326.113559,-9.047601592829388,1 1 1,36.22879362847715,6,0.1781605681131739,0.17231781109003885,0.2984632038570031,0.5425007558212861,-0.018315445609665026
tersoff_1989,258,2,dia,PW91,dft,-326.228842,-9.157237535028065,1 1 1,37.96530437003858,6,0.048590195720491884,0.08999092150553473,0.15586884826752956,0.5199423226025492,-0.015491916709015285
tersoff_1989,259,2,dia,PW91,dft,-326.170096,-9.109452667588169,1 1 1,38.06188218247715,6,0.08335793816026948,0.1178685271536819,0.20415427764348926,0.6380294702963701,-0.02097248298905985
tersoff_1989,260,2,dia,PW91,dft,-326.148184,-9.097020307705893,1 1 1,37.0408192792346,6,0.018869911254101337,0.056080167697831376,0.09713369974962763,0.45062847690752966,-0.025712303047915164
tersoff_1989,261,2,dia,PW91,dft,-326.152037,-9.101246632628591,1 1 1,37.100526936811725,6,0.07064325817043454,0.10850749449572178,0.18794049346859157,0.2687560222581068,-0.025898965509267846
tersoff_1989,262,2,dia,PW91,dft,-326.164069,-9.099600076574168,1 1 1,37.029251105368566,6,0.05373610032936932,0.09463623366111709,0.16391476493801568,0.47849215089347774,-0.0190596874820681
tersoff_1989,263,2,dia,PW91,dft,-326.15415,-9.091281652223959,1 1 1,36.87700269739967,6,0.057855432109382376,0.09819659881192626,0.17008149827271438,0.5263524115393918,-0.019859975306947497
tersoff_1989,264,2,dia,PW91,dft,-326.052427,-9.009537626493302,1 1 1,35.94891656818057,6,0.0602924125702189,0.1002433809703654,0.17362662896315634,0.631287375817596,-0.029849462441615238
tersoff_1989,265,2,dia,PW91,dft,-326.096523,-9.030971394941792,1 1 1,36.37386441031273,6,0.14633962945253887,0.15617278329494486,0.2704991954262887,0.6794105058799136,-0.018518346665876706
tersoff_1989,266,2,dia,PW91,dft,-326.099767,-9.036067996126189,1 1 1,35.77024400396622,6,0.13046376486009348,0.14745833584445328,0.25540532968214813,0.5176383229308537,-0.019444647258077374
tersoff_1989,267,2,dia,PW91,dft,-326.122666,-9.074027397098309,1 1 1,36.04896409342738,6,0.0262343299932798,0.06612403747664913,0.11453019251114506,0.20277952896351906,-0.02697484774413983
tersoff_1989,268,2,dia,PW91,dft,-326.149012,-9.106571133227211,1 1 1,37.263565278689484,6,0.02575434754536491,0.06551634343857125,0.11347763556173845,0.17225547132094238,-0.03007371580856777
tersoff_1989,269,2,dia,PW91,dft,-325.828555,-8.810132745146397,1 1 1,34.37039567506351,6,0.14797630702587444,0.15704368130442478,0.27200763502692277,0.41097516818740604,-0.04208302176817735
tersoff_1989,270,2,dia,PW91,dft,-325.874658,-8.82337627187037,1 1 1,35.46313690409582,6,0.6722392854095901,0.33472358880365505,0.5797582622997253,0.5612021169180792,-0.02565328513015519
tersoff_1989,271,2,dia,PW91,dft,-325.850097,-8.806384432880137,1 1 1,34.68789032520507,6,0.1567063539564646,0.16160979444145943,0.2799163749733702,0.5445443067679006,-0.029437865635041582
tersoff_1989,272,2,dia,PW91,dft,-326.000799,-8.945802326907332,1 1 1,34.89304434269461,6,0.12650563091419356,0.14520424173911814,0.25150112416666864,0.45475316737031457,-0.023795812648655712
tersoff_1989,273,2,dia,PW91,dft,-326.052776,-8.996263645199841,1 1 1,35.02018134673118,6,0.036456628596899486,0.07794937309658054,0.13501227462142154,0.2743951336424658,-0.023037971794899192
tersoff_1989,274,2,dia,PW91,dft,-326.160489,-9.0993202075997,1 1 1,36.32480249789512,6,0.05855850892181546,0.09879145452400852,0.1711118185892137,0.3203386743224531,-0.020709752994833686
tersoff_1989,275,2,dia,PW91,dft,-325.826663,-8.781088508041627,1 1 1,33.5825114229924,6,0.08262510691438191,0.11734926992698755,0.20325489774465783,0.4774884574172099,-0.02850690321579119
tersoff_1989,276,2,dia,PW91,dft,-326.109939,-9.04721008403612,1 1 1,35.81823913638979,6,0.09729989529764865,0.12734460811622444,0.2205673313272516,0.5429638543525097,-0.019929691213037337
tersoff_1989,277,2,dia,PW91,dft,-326.170873,-9.100140591390332,1 1 1,37.13859963710017,6,0.11678439749131284,0.13951367763969288,0.2416447780227348,0.7110975146208852,-0.01592794489015592
tersoff_1989,278,2,dia,PW91,dft,-326.08101,-9.006458674658907,1 1 1,35.92221066092561,6,0.253775027501584,0.2056595193929293,0.3562127366487514,0.6965088579958382,-0.014018486524433271
tersoff_1989,279,2,dia,PW91,dft,-326.012398,-8.957345751711834,1 1 1,34.796452339625056,6,0.053056621144956205,0.09403600475789066,0.16287513798145598,0.4495111595945088,-0.0237680250508836
tersoff_1989,280,2,dia,PW91,dft,-325.916679,-8.84878781513273,1 1 1,34.48332301460961,6,0.2876125343321387,0.2189415958393694,0.3792179678840001,0.8722587574032528,-0.01734855676134739
tersoff_1989,281,2,dia,PW91,dft,-325.846255,-8.793382004327533,1 1 1,34.066924180526854,6,0.3731401874322617,0.24937929192038036,0.43193760396165,0.7698150430893558,-0.024857651358749955
tersoff_1989,282,2,dia,PW91,dft,-326.090051,-9.03433503877486,1 1 1,36.39909624052078,6,0.2191239222149468,0.19110377731089234,0.33100145182079493,0.6691253002988304,-0.023436168582397165
tersoff_1989,283,2,dia,PW91,dft,-325.972499,-8.920568145877617,1 1 1,34.93528829875195,6,0.09499218042251792,0.12582539517291275,0.21793597732191827,0.6111266662212235,-0.025328722133770576
tersoff_1989,284,2,dia,PW91,dft,-325.937863,-8.885733345198535,1 1 1,34.209623346673055,6,0.042870455510365425,0.08452855090674534,0.14640774486065558,0.4038949480991313,-0.02522932179424675
tersoff_1989,285,2,dia,PW91,dft,-326.121231,-9.065050186930499,1 1 1,36.59931450200402,6,0.02379061128052821,0.06296905494040732,0.10906560246138289,0.5745113532385587,-0.023203742660213855
tersoff_1989,286,2,dia,PW91,dft,-325.823033,-8.778726935559828,1 1 1,34.756330455734386,6,0.1932012917252215,0.17944418432352974,0.31080644437111143,0.8040433250349968,-0.029141116974884973
tersoff_1989,287,2,dia,PW91,dft,-325.81248,-8.74644760155594,1 1 1,34.48037804952582,6,0.2520102258699421,0.20494317337168616,0.35497198894415766,0.8557813133622398,-0.018277949972948626
tersoff_1989,288,2,dia,PW91,dft,-325.540883,-8.491592032334086,1 1 1,32.570173364643516,6,0.4169645328008157,0.26361731506131375,0.4565985834410881,0.7704498894801661,-0.026648665362015045
tersoff_1989,289,2,dia,PW91,dft,-325.681274,-8.636160245849492,1 1 1,34.23973850787317,6,0.4630755783678059,0.27781156034495935,0.48118373744745735,0.9469389308890692,-0.028737272119735202
tersoff_1989,290,2,dia,PW91,dft,-325.906262,-8.865477295666615,1 1 1,34.11800303677697,6,0.012133688883733156,0.044969784084673926,0.07788995084005809,0.07291635938982874,-0.030901797028270117
tersoff_1989,291,2,dia,PW91,dft,-325.884772,-8.856196068386037,1 1 1,34.36933992571642,6,0.051602739013974525,0.09273864621790145,0.16062804707456094,0.3649607899487286,-0.03700618338799533
tersoff_1989,292,2,dia,PW91,dft,-325.760685,-8.730676162961823,1 1 1,34.152270134925985,6,0.29553481092925427,0.22193648150212344,0.384405262014749,0.9566699440768484,-0.036289730675875376
tersoff_1989,293,2,dia,PW91,dft,-325.899816,-8.857779135834807,1 1 1,34.12573595555145,6,0.037290146170982266,0.07883542580483965,0.13654696293030963,0.09286357987212569,-0.03027571711238597
tersoff_1989,294,2,dia,PW91,dft,-325.990988,-8.948299453018112,1 1 1,35.16837229516589,6,0.04314877792802938,0.0848024939963731,0.1468822282102729,0.434881222404463,-0.029949875704024187
tersoff_1989,295,2,dia,PW91,dft,-325.824101,-8.785333287012623,1 1 1,33.723161689837696,6,0.10677221002662902,0.13339928162389594,0.2310543334657781,0.5574937316837443,-0.031910292701295084
tersoff_1989,296,2,dia,PW91,dft,-325.897974,-8.855615588136427,1 1 1,34.39451860976406,6,0.18510788383740853,0.17564542115552406,0.30422679355820165,0.49234557575616206,-0.030114943263201077
tersoff_1989,297,2,dia,PW91,dft,-325.783289,-8.729494677449829,1 1 1,34.09363244979684,6,0.6698294712242276,0.33412309887829955,0.5787181832395768,0.733925595752049,-0.024396987919877766
tersoff_1989,298,2,dia,PW91,dft,-325.829495,-8.777130543600842,1 1 1,33.67274308173115,6,0.17239997616132297,0.16950908341507984,0.293598344819352,0.6893148358092017,-0.025111920995392722
tersoff_1989,299,2,dia,PW91,dft,-326.019368,-8.95464390817735,1 1 1,35.67175221499578,6,0.2714302480425286,0.21269314674844314,0.36839533659000717,0.7390357872705939,-0.018932103283657575
tersoff_1989,300,2,dia,PW91,dft,-326.051333,-8.992311183815826,1 1 1,35.369569887625126,6,0.1573269490323293,0.16192948518430755,0.2804700955826933,0.39068266018172176,-0.021783241102888873
tersoff_1989,301,2,dia,PW91,dft,-325.916208,-8.855607899916098,1 1 1,34.36209444469479,6,0.18499002041508716,0.17558949304893273,0.30412992323601395,0.5768186001970925,-0.020994099153033297
tersoff_1989,302,2,dia,PW91,dft,-325.592591,-8.534478739576544,1 1 1,32.4544975016076,6,0.2609433174043824,0.20854388722935613,0.36120860828916124,0.8436766278814019,-0.022238018983234298
tersoff_1989,303,2,dia,PW91,dft,-325.506267,-8.432880868020412,1 1 1,32.15081691830926,6,0.5772814817369127,0.31018313991815455,0.5372529579894901,0.8262192890712086,-0.014601083205191934
tersoff_1989,304,2,dia,PW91,dft,-325.774701,-8.728071095576245,1 1 1,33.118309173256584,6,0.03999805538439405,0.08164767335365825,0.14141791856832378,0.2983139032406413,-0.027979196983102028
tersoff_1989,305,2,dia,PW91,dft,-325.719906,-8.660182003781763,1 1 1,33.22853877888028,6,0.18463638259571646,0.17542157915324844,0.3038390878373928,0.7223417779232578,-0.021432151085867268
tersoff_1989,306,2,dia,PW91,dft,-325.970205,-8.938334049173182,1 1 1,34.995949882226384,6,0.05584593219443215,0.0964761906676393,0.16710166395705564,0.3288813446112949,-0.03535867378155633
tersoff_1989,307,2,dia,PW91,dft,-325.891364,-8.83358978609126,1 1 1,34.03473488920352,6,0.14935505912521185,0.15777360316035752,0.27327189676694946,0.6339708589780237,-0.02240704224060064
tersoff_1989,308,2,dia,PW91,dft,-325.900213,-8.864749479740862,1 1 1,34.14525972137586,6,0.0365177104864278,0.07801464658044219,0.1351253316118569,0.2750933415527658,-0.033562389065402876
tersoff_1989,309,2,dia,PW91,dft,-325.688405,-8.627201058842328,1 1 1,33.06249195026083,6,0.24164497832381826,0.20068423718361567,0.3475952950802264,0.7899225491569833,-0.020692178616145362
tersoff_1989,310,2,dia,PW91,dft,-325.82164,-8.76155180564243,1 1 1,33.99650847198679,6,0.43775938979459394,0.27011090000053495,0.467845802479084,0.8479585705681617,-0.02125005201618979
tersoff_1989,311,2,dia,PW91,dft,-325.597441,-8.550166675994399,1 1 1,32.91631707899788,6,0.14855858461271482,0.15735235651911647,0.27254227618180255,0.3320581234763978,-0.027656987192173688
tersoff_1989,312,2,dia,PW91,dft,-325.624041,-8.58162344356274,1 1 1,32.78703984591281,6,0.1566441483729482,0.16157771523993658,0.2798608121664679,0.39419934373359883,-0.030085370976357773
tersoff_1989,313,2,dia,PW91,dft,-325.601864,-8.552817274054206,1 1 1,32.737069545076466,6,0.13474119700743148,0.1498561515851293,0.25955846837218854,0.5481577117642938,-0.02677078622209006
tersoff_1989,314,2,dia,PW91,dft,-325.639236,-8.58995743264387,1 1 1,32.46259757061399,6,0.06147074362158638,0.101218199632927,0.17531506441487948,0.43941755396585297,-0.0266548655169192
tersoff_1989,315,2,dia,PW91,dft,-325.735582,-8.690105849219709,1 1 1,32.95310876686775,6,0.003839477728555083,0.025296500840218603,0.043814824708969184,0.13198724597475317,-0.02855607380481917
tersoff_1989,316,2,dia,PW91,dft,-325.622407,-8.592110854966684,1 1 1,32.50039650842978,6,0.04822800617926858,0.08965489964234023,0.1552868413280236,0.15931184795864997,-0.036146076678313044
tersoff_1989,317,2,dia,PW91,dft,-325.541994,-8.507895546266038,1 1 1,32.457662661263036,6,0.2804261606392867,0.2161890224777408,0.3744503709700976,0.19115210113066156,-0.034244922328000804
tersoff_1989,318,2,dia,PW91,dft,-325.609169,-8.537757039619631,1 1 1,32.87071383378769,6,0.7532316304840782,0.3543142744523281,0.6136903251983385,1.2054153299865846,-0.015588169004787211
tersoff_1989,319,2,dia,PW91,dft,-325.921061,-8.863964935156158,1 1 1,34.19556196544802,6,0.10132253766997493,0.12995033517333646,0.22508058298082437,0.572519069988066,-0.022746116773050495
tersoff_1989,320,2,dia,PW91,dft,-325.263425,-8.206264883831793,1 1 1,30.9540904868635,6,0.23682028203547756,0.19867069991801237,0.3441077462332679,0.8123203681635303,-0.022714091110880297
tersoff_1989,321,2,dia,PW91,dft,-325.713595,-8.654248180664368,1 1 1,33.456789832094806,6,0.2540094034580321,0.20575446672269032,0.3563771902479395,1.0451038032814413,-0.021620739527160815
tersoff_1989,322,2,dia,PW91,dft,-325.648591,-8.605317423042369,1 1 1,32.57240399038872,6,0.054342018280961996,0.0951682880313973,0.1648363101397295,0.4899863034140172,-0.02965736071615499
tersoff_1989,323,2,dia,PW91,dft,-325.404926,-8.429493993765618,1 1 1,32.233977651986194,6,0.6782010968947867,0.33620457484860483,0.5823234053748784,0.28408746710593674,-0.06357814607779044
tersoff_1989,324,2,dia,PW91,dft,-325.500775,-8.457711486272196,1 1 1,32.1221578950876,6,0.05078914094236084,0.09200465653284516,0.15935673964781238,0.3574052288369604,-0.029762392331085685
tersoff_1989,325,2,dia,PW91,dft,-325.704869,-8.653762653223279,1 1 1,33.18913818754807,6,0.16479650529049555,0.16572894802985563,0.2870509582726539,0.45880561875373765,-0.025740975806628263
tersoff_1989,326,2,dia,PW91,dft,-325.824011,-8.780084803963877,1 1 1,33.39870620854934,6,0.012925906730812245,0.04641462903512973,0.08039249570330635,0.1890111479075595,-0.02933105117692225
tersoff_1989,327,2,dia,PW91,dft,-325.421726,-8.385456899004296,1 1 1,31.577523609725635,6,0.15008191297080595,0.15815704904240274,0.27393604451660464,0.38567344092293077,-0.03315959869713492
tersoff_1989,328,16,dia,PW91,dft,-2610.73934,-73.90774443704551,1 1 1,326.43914658726345,48,0.07949519216708612,0.040695820876526054,0.13133652903810983,0.2960158199847603,0.0006805734896850879
tersoff_1989,329,16,dia,PW91,dft,-2610.732741,-73.87280532006179,1 1 1,328.4464414532255,48,0.12292639729103072,0.050605993817232825,0.13858804250794932,0.2611697718877831,0.002451830801150301
tersoff_1989,330,16,dia,PW91,dft,-2610.74796,-73.85116362366898,1 1 1,330.4605461633847,48,0.21433495925140328,0.06682298744497212,0.19341158403853087,0.19521008513265906,0.004755624325722074
tersoff_1989,331,16,dia,PW91,dft,-2610.697766,-73.78264830215483,1 1 1,331.09453941772887,48,0.27566201430077897,0.07578231080711532,0.20906278484006946,0.25876570848452857,0.005900706920333398
tersoff_1989,332,16,dia,PW91,dft,-2610.684849,-73.78520389843344,1 1 1,329.90442250700517,48,0.2612284857995592,0.07377167559994927,0.1976179157800314,0.3029653732620831,0.004933669652947614
tersoff_1989,333,16,dia,PW91,dft,-2610.748093,-73.87979642438991,1 1 1,327.64299189674074,48,0.21903472767682508,0.06755163575567352,0.16233586492752403,0.24873851683712625,0.0029743867806644175
tersoff_1989,334,16,dia,PW91,dft,-2610.718691,-73.86853368692556,1 1 1,325.7843227553519,48,0.2378216149108447,0.07038904017891752,0.18996940039915247,0.30283772840898915,0.001840682872178867
tersoff_1989,335,16,dia,PW91,dft,-2610.715952,-73.86977226068905,1 1 1,325.61983033877624,48,0.2164692769395356,0.06715487028434343,0.17394534181399102,0.30851745079627724,0.0015920845119596905
tersoff_1989,336,16,dia,PW91,dft,-2610.715371,-73.85097921082975,1 1 1,327.28698933791196,48,0.20415447629994976,0.06521670227977609,0.17825257893954033,0.2924273958039271,0.0027303376281508918
tersoff_1989,337,16,dia,PW91,dft,-2610.663313,-73.76358212453547,1 1 1,329.73772947010787,48,0.23018167199770445,0.06924919855097368,0.1951583630384293,0.3282475205986584,0.004939030521557974
tersoff_1989,338,16,dia,PW91,dft,-2610.657972,-73.72607380771372,1 1 1,331.4098386169702,48,0.29627060942304867,0.07856401442760025,0.20656044169261908,0.30033163303602123,0.006949487822915046
tersoff_1989,339,16,dia,PW91,dft,-2610.673933,-73.73025314770992,1 1 1,331.0883332657728,48,0.3818435525341056,0.08919122160351432,0.21946588222019628,0.2575500638993967,0.007685841573156438
tersoff_1989,340,16,dia,PW91,dft,-2610.572826,-73.62817712388814,1 1 1,328.8612095237667,48,0.5292300296370798,0.10500297908840092,0.29417769098440866,0.39198609851519817,0.007746405562020442
tersoff_1989,341,16,dia,PW91,dft,-2610.676902,-73.77618383695474,1 1 1,326.2029314554719,48,0.4578075723310779,0.09766093260304991,0.2538585399986153,0.2817792675311948,0.0050007359953623265
tersoff_1989,342,16,dia,PW91,dft,-2610.674456,-73.80020251382058,1 1 1,324.8013596649154,48,0.3738617367809666,0.08825410009136575,0.19669284558078534,0.3098207579324428,0.003346693691249847
tersoff_1989,343,16,dia,PW91,dft,-2610.686083,-73.80933759239949,1 1 1,325.5880783880847,48,0.31779199269673053,0.08136747823617996,0.20699729900336644,0.2881539403542257,0.0035024387800595136
tersoff_1989,344,16,dia,PW91,dft,-2610.679104,-73.78665126337316,1 1 1,328.14225495997994,48,0.24024966965332356,0.07074744837173216,0.18855743633684618,0.30803603320742634,0.0044841468441907395
tersoff_1989,345,16,dia,PW91,dft,-2610.660522,-73.73413671180566,1 1 1,330.84486903297824,48,0.2850866991054461,0.07706689452263832,0.22354215570699812,0.2847709076828249,0.00660493131717832
tersoff_1989,346,16,dia,PW91,dft,-2610.636109,-73.68152699295266,1 1 1,331.86415130781023,48,0.3993854916105499,0.09121694511010435,0.26913856899364474,0.27228205008777207,0.008367226245485249
tersoff_1989,347,16,dia,PW91,dft,-2610.639725,-73.71098080261469,1 1 1,330.5149518589235,48,0.34507782857609914,0.08478868691440346,0.2580594050391804,0.30688215486228043,0.00675236314160621
tersoff_1989,348,16,dia,PW91,dft,-2610.592744,-73.84023949793065,1 1 1,315.67850308321124,48,0.2132304552364733,0.06665059002559437,0.18745476627037902,0.3554014500650403,-0.004262617815639302
tersoff_1989,349,16,dia,PW91,dft,-2610.672597,-73.91030085776708,1 1 1,315.7000284755459,48,0.23753381556444167,0.0703464367085678,0.17544753877946023,0.2060009097926916,-0.003650640305404629
tersoff_1989,350,16,dia,PW91,dft,-2610.605762,-73.8203405752871,1 1 1,315.72967486506184,48,0.37513362367183445,0.08840409394647146,0.28319257783429586,0.3290134543791485,-0.002205310150411144
tersoff_1989,351,16,dia,PW91,dft,-2610.585733,-73.79837803418772,1 1 1,315.76753165989015,48,0.3606432697875405,0.08667987917566045,0.2828207520400263,0.343961030799033,-0.002084463831715233
tersoff_1989,352,16,dia,PW91,dft,-2610.619893,-73.84414652809004,1 1 1,315.8137469735702,48,0.2682624726429224,0.07475828725562282,0.20334645408774704,0.29601238197638513,-0.0028099947006001713
tersoff_1989,353,16,dia,PW91,dft,-2610.577733,-73.80256759037678,1 1 1,315.868147766627,48,0.2712571512771399,0.07517440157132667,0.2365978530105284,0.36595243327628435,-0.0028463110935197378
tersoff_1989,354,16,dia,PW91,dft,-2610.560267,-73.7797897234062,1 1 1,315.9310289646796,48,0.3475742552113228,0.08509483131719904,0.24214503709321047,0.3899444523369109,-0.0025143194078731668
tersoff_1989,355,16,dia,PW91,dft,-2610.591773,-73.80483285140996,1 1 1,316.00242307228376,48,0.39215329230502294,0.09038727928394927,0.26731947360080366,0.3463482478511813,-0.0021103899080916477
tersoff_1989,356,16,dia,PW91,dft,-2610.597084,-73.80137068206002,1 1 1,316.08189559327263,48,0.43921519010169463,0.09565728649952376,0.28523746499531205,0.3458360627492695,-0.0015620668237277258
tersoff_1989,357,16,dia,PW91,dft,-2610.58134,-73.77626204121326,1 1 1,316.1684861162612,48,0.49855549270274746,0.10191453657177946,0.2930679388581004,0.3441308994136533,-0.0009767767707931085
tersoff_1989,358,16,dia,PW91,dft,-2610.548628,-73.73738181437821,1 1 1,316.26205229706125,48,0.5160626282477813,0.10368849866384464,0.30057227814100274,0.3872787421494153,-0.0005912625936135285
tersoff_1989,359,16,dia,PW91,dft,-2610.624833,-73.82745204866916,1 1 1,316.3621885650701,48,0.4039974976111493,0.09174210883539581,0.2489610504817568,0.3054886220944516,-0.0014578397368074647
tersoff_1989,360,16,dia,PW91,dft,-2610.604139,-73.81279435292606,1 1 1,316.4684307980907,48,0.37675741992948253,0.08859521948275513,0.21332693989524867,0.34111153787409965,-0.0018351087528527543
tersoff_1989,361,16,dia,PW91,dft,-2610.586916,-73.80079616518589,1 1 1,316.580724586471,48,0.35179016037135596,0.08560935506358665,0.21773091880752946,0.3723299378491475,-0.002161659519081205
tersoff_1989,362,16,dia,PW91,dft,-2610.604001,-73.8170999490751,1 1 1,316.69892812218814,48,0.3375111523014501,0.08385393455058351,0.24111723161341791,0.3486233368909775,-0.0021128335121600728
tersoff_1989,363,16,dia,PW91,dft,-2610.568714,-73.76083201825374,1 1 1,316.8225481018009,48,0.4340308239791274,0.09509105548314462,0.2807197839909705,0.390836502040282,-0.000801525335834441
tersoff_1989,364,16,dia,PW91,dft,-2610.574051,-73.75825179897514,1 1 1,316.95106144120973,48,0.4477735731093313,0.09658476125375266,0.2869321677122704,0.3673675842367106,-0.00030669913091863066
tersoff_1989,365,16,dia,PW91,dft,-2610.608002,-73.7891132761598,1 1 1,317.08332963890354,48,0.4466010322722008,0.09645821982774468,0.26016358423943414,0.32544414637922126,-0.00011360395496673448
tersoff_1989,366,16,dia,PW91,dft,-2610.579303,-73.74891722535344,1 1 1,317.2185061213697,48,0.5177472511163874,0.10385759993820741,0.2835774849598912,0.36510100300864234,0.000604961720433117
tersoff_1989,367,16,dia,PW91,dft,-2610.554032,-73.7265548525443,1 1 1,317.35632955551176,48,0.5064192392519771,0.10271514405261535,0.3050805344257091,0.4013929052790213,0.0004231725210059878
tersoff_1989,368,16,dia,PW91,dft,-2610.449497,-73.78579955492825,1 1 1,306.9627658825496,48,0.1219091963270397,0.05039617965163623,0.12777332498355062,0.21721952889972085,-0.009813058877987224
tersoff_1989,369,16,dia,PW91,dft,-2610.326348,-73.62934579698091,1 1 1,306.98334856288653,48,0.346790434063517,0.08499882769577828,0.21120358000121087,0.4221374838174762,-0.007731511506279709
tersoff_1989,370,16,dia,PW91,dft,-2610.37558,-73.67814759745228,1 1 1,307.01238961135033,48,0.3031960750857346,0.07947694569885956,0.2231745669243997,0.3317267697625311,-0.007704624035749674
tersoff_1989,371,16,dia,PW91,dft,-2610.305575,-73.5951486684457,1 1 1,307.0497184336666,48,0.3755782260754641,0.08845646599639943,0.25986770460216124,0.44021028969118836,-0.006892503472840872
tersoff_1989,372,16,dia,PW91,dft,-2610.370586,-73.66422725939861,1 1 1,307.0953083161092,48,0.3161751178836626,0.08116022192291186,0.28491591607746364,0.33608985074679065,-0.007146727907389128
tersoff_1989,373,16,dia,PW91,dft,-2610.267229,-73.54168127924333,1 1 1,307.1489324976939,48,0.4505391381901073,0.09688256832695569,0.2680316770916098,0.492319119897518,-0.005947416647681614
tersoff_1989,374,16,dia,PW91,dft,-2610.389829,-73.66018736268839,1 1 1,307.21042167593447,48,0.460823598653506,0.09798209856200625,0.318087317919997,0.29921742134343826,-0.005691546862988339
tersoff_1989,375,16,dia,PW91,dft,-2610.289323,-73.5392772910445,1 1 1,307.27874606737515,48,0.6064605400264274,0.11240371250045038,0.3232122077529735,0.4272248838092572,-0.004416292385259091
tersoff_1989,376,16,dia,PW91,dft,-2610.337563,-73.60571856761013,1 1 1,307.35365064238374,48,0.4646086091105165,0.0983836674613005,0.2992732017472099,0.37549429260254186,-0.005553872170605878
tersoff_1989,377,16,dia,PW91,dft,-2610.369769,-73.65924993385191,1 1 1,307.434823186091,48,0.3455714638722583,0.0848493105295424,0.22937419902967507,0.37442981146894094,-0.00688670756072618
tersoff_1989,378,16,dia,PW91,dft,-2610.38323,-73.68299851724493,1 1 1,307.5222953195719,48,0.2882762237099807,0.0774968041962028,0.1840751276360068,0.35752450196921237,-0.007529681522789211
tersoff_1989,379,16,dia,PW91,dft,-2610.403752,-73.70737275077266,1 1 1,307.6158982233406,48,0.2672251223516119,0.07461360498589996,0.234470237001067,0.3314946427860235,-0.007770446118256835
tersoff_1989,380,16,dia,PW91,dft,-2610.400459,-73.6951065691049,1 1 1,307.71537770846794,48,0.3324473051191361,0.08322250611051878,0.21663255323293296,0.3375568317921937,-0.007209622264034543
tersoff_1989,381,16,dia,PW91,dft,-2610.420417,-73.70607284954606,1 1 1,307.8202206634318,48,0.3676190409138832,0.08751417038993876,0.21984476257362215,0.3051247833912928,-0.0066476397916162
tersoff_1989,382,16,dia,PW91,dft,-2610.414036,-73.69110882042038,1 1 1,307.9296257614218,48,0.4182856204127061,0.0933503281118928,0.23206558006180553,0.31326989513503634,-0.006111200471242029
tersoff_1989,383,16,dia,PW91,dft,-2610.432874,-73.70752333419249,1 1 1,308.0428778322855,48,0.4111835472695644,0.09255443750274353,0.25173772553084395,0.28446029541704054,-0.005959732582001109
tersoff_1989,384,16,dia,PW91,dft,-2610.398504,-73.66084100336761,1 1 1,308.1596068898135,48,0.4522511657940777,0.09706646839860106,0.26194471985086704,0.3405206419954596,-0.005190211905465425
tersoff_1989,385,16,dia,PW91,dft,-2610.412475,-73.6810983274686,1 1 1,308.2792119950771,48,0.36550366955361135,0.08726201798243553,0.2749485305858935,0.321116793306968,-0.0055831071617582495
tersoff_1989,386,16,dia,PW91,dft,-2610.380417,-73.64634203238204,1 1 1,308.40143571996714,48,0.3711486364781395,0.08793328869069574,0.2726237967010804,0.36015056080177543,-0.00541446371886245
tersoff_1989,387,16,dia,PW91,dft,-2610.395318,-73.6683084678458,1 1 1,308.52642381172615,48,0.3562853102972999,0.08615457405845466,0.26882073607164136,0.3741884118217274,-0.0058560534353473415
tersoff_1989,388,16,dia,PW91,dft,-2610.077978,-73.44373060234032,1 1 1,299.33189773875466,48,0.3050988089162321,0.07972593797350293,0.24165580750288904,0.23890896705562004,-0.011653686841258448
tersoff_1989,389,16,dia,PW91,dft,-2610.052509,-73.38666469639506,1 1 1,299.3463589777257,48,0.4833663470221013,0.10035004847844922,0.264052464088499,0.27819572718681357,-0.00967888021966079
tersoff_1989,390,16,dia,PW91,dft,-2610.049447,-73.37596722742379,1 1 1,299.36614881984076,48,0.45299331144765764,0.09714607894897012,0.32159330041485135,0.25385636703737935,-0.00920166340897044
tersoff_1989,391,16,dia,PW91,dft,-2610.027046,-73.34248870879055,1 1 1,299.3909014540558,48,0.47454428576474245,0.09943007234617436,0.27171834297263325,0.2888639852328139,-0.008509318494375862
tersoff_1989,392,16,dia,PW91,dft,-2610.01602,-73.32263234799107,1 1 1,299.42056131441973,48,0.4711304462277286,0.09907178018863064,0.2563867943621825,0.3019742168733119,-0.007957420944416427
tersoff_1989,393,16,dia,PW91,dft,-2610.012254,-73.3094527578521,1 1 1,299.45490380694974,48,0.5277353357947079,0.1048545953327261,0.27183795607662103,0.2967008542356538,-0.007369071560718865
tersoff_1989,394,16,dia,PW91,dft,-2609.933061,-73.18995133810857,1 1 1,299.493986373242,48,0.8656536862052839,0.1342924115352145,0.4294303869158292,0.3994338345969622,-0.004849795326750339
tersoff_1989,395,16,dia,PW91,dft,-2610.011449,-73.26136916694337,1 1 1,299.53727442719645,48,0.9693024597024598,0.142104895214068,0.4074141843860732,0.29381217693026274,-0.0044141596289311025
tersoff_1989,396,16,dia,PW91,dft,-2609.949721,-73.19310247305177,1 1 1,299.58462817394513,48,1.0665401788262625,0.1490623596313988,0.35368193883420945,0.3886383171219954,-0.004005491260714145
tersoff_1989,397,16,dia,PW91,dft,-2610.040764,-73.30657201674178,1 1 1,299.6358232194036,48,0.8895117238655604,0.13613043101084774,0.3827524281577421,0.26259844601199883,-0.0054071502413464145
tersoff_1989,398,16,dia,PW91,dft,-2609.945223,-73.21162583906305,1 1 1,299.69100189706757,48,0.8391539281533199,0.1322209268731473,0.3044891000498508,0.40523250966266267,-0.005444326636405705
tersoff_1989,399,16,dia,PW91,dft,-2610.012298,-73.31581549037432,1 1 1,299.75022212755437,48,0.5490847918819302,0.10695450667241756,0.2585821775411373,0.3504388486805984,-0.007763992343364556
tersoff_1989,400,16,dia,PW91,dft,-2610.036635,-73.37223282750827,1 1 1,299.8135701391454,48,0.33157872578414116,0.0831137180043279,0.23341982890603777,0.3276278106867863,-0.009769013414246963
tersoff_1989,401,16,dia,PW91,dft,-2610.012636,-73.35905016787925,1 1 1,299.88124520673983,48,0.2860321075351628,0.07719457390462034,0.23194078331073348,0.3767759274561164,-0.010445034687433186
tersoff_1989,402,16,dia,PW91,dft,-2610.041499,-73.37005467669054,1 1 1,299.9533058302455,48,0.4563988593743636,0.09751056132696212,0.2980489473692052,0.3338489683162632,-0.009328878988139166
tersoff_1989,403,16,dia,PW91,dft,-2610.026409,-73.32939740102931,1 1 1,300.02935884770403,48,0.6548711646258631,0.11680389232829022,0.32164957971924374,0.35038821753223476,-0.007730924259304217
tersoff_1989,404,16,dia,PW91,dft,-2610.061303,-73.36113785132541,1 1 1,300.10875670222714,48,0.706251823830005,0.12129954518927556,0.29658190942588397,0.31438039894966413,-0.007533827402816939
tersoff_1989,405,16,dia,PW91,dft,-2609.99613,-73.30515711539847,1 1 1,300.19121875907604,48,0.6340411555277579,0.11493124353352148,0.27438303724707275,0.404415489982147,-0.0081083439073808
tersoff_1989,406,16,dia,PW91,dft,-2610.050271,-73.36078293419853,1 1 1,300.2768880147086,48,0.5686153769092208,0.10884003714446613,0.29556026525173756,0.3630357105368561,-0.008201145082379568
tersoff_1989,407,16,dia,PW91,dft,-2609.984622,-73.28683533241727,1 1 1,300.36562492766615,48,0.5489794542421361,0.10694424698588435,0.3190390369188447,0.43493704374646763,-0.007682482471058627
tersoff_1989,408,16,dia,PW91,dft,-2609.661212,-73.06104394379823,1 1 1,292.546101341209,48,0.5011437515842907,0.10217873959230815,0.2443701081793827,0.185253817195265,-0.013783645682366341
tersoff_1989,409,16,dia,PW91,dft,-2609.61865,-72.96522520310417,1 1 1,292.5573171031705,48,0.8697018198130959,0.1346060470884307,0.41088193465944395,0.2608063744827441,-0.01045509938899336
tersoff_1989,410,16,dia,PW91,dft,-2609.609243,-72.91005670821454,1 1 1,292.57219785665046,48,1.1644491386885583,0.1557541558226028,0.4321317913831928,0.24929229668286318,-0.0075950059583922425
tersoff_1989,411,16,dia,PW91,dft,-2609.554864,-72.83875744801065,1 1 1,292.59024424108827,48,1.2147482328458687,0.159082540999808,0.5157017348908415,0.3301744108674484,-0.006537489695630505
tersoff_1989,412,16,dia,PW91,dft,-2609.595644,-72.90483425818576,1 1 1,292.6115121637819,48,0.9852627277477213,0.14327004860778658,0.4059228624562462,0.2748201970796846,-0.00811854033158621
tersoff_1989,413,16,dia,PW91,dft,-2609.561927,-72.90460562272658,1 1 1,292.6361408957327,48,0.6809321858866313,0.11910536178515006,0.33721059089493666,0.34422059567594154,-0.010211563115374744
tersoff_1989,414,16,dia,PW91,dft,-2609.589074,-72.94324201251376,1 1 1,292.66438095751056,48,0.5684994105956036,0.1088289378829994,0.30216872212398693,0.3108458843891401,-0.01092964997708723
tersoff_1989,415,16,dia,PW91,dft,-2609.583959,-72.94021711618939,1 1 1,292.69626089209817,48,0.5521712707607137,0.1072546881998554,0.26528761745052454,0.32418339056903167,-0.011060281456809484
tersoff_1989,416,16,dia,PW91,dft,-2609.566017,-72.91813870860055,1 1 1,292.7317814178447,48,0.647411456095767,0.11613672403103943,0.3348774143295097,0.3635686764818306,-0.010801755982503991
tersoff_1989,417,16,dia,PW91,dft,-2609.620326,-72.95957483252472,1 1 1,292.77094335239815,48,0.8173637652483892,0.13049295680613612,0.32738322195010033,0.2717904017230005,-0.009997201227758268
tersoff_1989,418,16,dia,PW91,dft,-2609.543854,-72.87103299884916,1 1 1,292.8134144199763,48,0.9435630521687411,0.14020543351400036,0.46081900111989516,0.37874077271763334,-0.009242836623047701
tersoff_1989,419,16,dia,PW91,dft,-2609.588232,-72.90427971650999,1 1 1,292.85922339362725,48,1.0020601001770162,0.14448616572883777,0.3497173266660661,0.332711984279697,-0.008547131476846381
tersoff_1989,420,16,dia,PW91,dft,-2609.535179,-72.81170345941591,1 1 1,292.908009999834,48,1.2182558496025426,0.15931205290263814,0.42345075602961674,0.3844632518606297,-0.00607692790847203
tersoff_1989,421,16,dia,PW91,dft,-2609.591727,-72.85093965678055,1 1 1,292.9594418276755,48,1.3412546580284022,0.1671610163153829,0.47398329079816787,0.3067395596226545,-0.004994940243761015
tersoff_1989,422,16,dia,PW91,dft,-2609.490218,-72.72453657571347,1 1 1,293.01285293263066,48,1.3770418299467757,0.16937641942497336,0.4866457297875071,0.4275546295114423,-0.0034390601770732943
tersoff_1989,423,16,dia,PW91,dft,-2609.548003,-72.76281939152119,1 1 1,293.06827165267663,48,1.325193176922209,0.1661571280020191,0.5475698849716567,0.3333778499690704,-0.0022201736650577786
tersoff_1989,424,16,dia,PW91,dft,-2609.505594,-72.68396832177837,1 1 1,293.12500376351124,48,1.4849398933081588,0.17588703129353597,0.5134301482127133,0.3955529445519904,5.7455693888819326e-05
tersoff_1989,425,16,dia,PW91,dft,-2609.549579,-72.74432251234515,1 1 1,293.18254952788425,48,1.237019430932225,0.16053422732994155,0.3976560792730294,0.3076959264774777,-0.0009656187165481
tersoff_1989,426,16,dia,PW91,dft,-2609.564213,-72.79160366059807,1 1 1,293.2404364461836,48,1.101964496042822,0.151517634840169,0.39888025621421686,0.32622517947730517,-0.0030060654823484967
tersoff_1989,427,16,dia,PW91,dft,-2609.582207,-72.85458106481391,1 1 1,293.29905388079726,48,0.9767476546632576,0.14264960382752978,0.4038512397278001,0.3372759922773435,-0.005817528245850134
tersoff_1989,428,16,dia,PW91,dft,-2609.052644,-72.5280284103517,1 1 1,286.4232429816887,48,0.2799744517157193,0.07637277707017612,0.18368890325730552,0.4003144691260443,-0.018505674841964748
tersoff_1989,429,16,dia,PW91,dft,-2609.123159,-72.57721715572907,1 1 1,286.4297029777241,48,0.41022067534342954,0.09244600623961417,0.25313994675392165,0.2712652248377038,-0.017172783928029567
tersoff_1989,430,16,dia,PW91,dft,-2609.085258,-72.50755841526015,1 1 1,286.44054285746444,48,0.5960632165293356,0.11143600709687372,0.2971721760923233,0.31604121327038454,-0.015187925148731019
tersoff_1989,431,16,dia,PW91,dft,-2609.06189,-72.4493704528444,1 1 1,286.455379719979,48,0.7952252075498967,0.1287136038806939,0.3217781857469969,0.35288210930965785,-0.013011677497754448
tersoff_1989,432,16,dia,PW91,dft,-2609.051166,-72.41595977816361,1 1 1,286.4738032919711,48,0.8394551253867908,0.13224465375038094,0.33122476188403494,0.352531713576358,-0.01159376033018944
tersoff_1989,433,16,dia,PW91,dft,-2609.033195,-72.37293460728218,1 1 1,286.49554027074527,48,0.9326147235826634,0.13938964598553277,0.3860457779202384,0.37318658956512624,-0.010027874650113233
tersoff_1989,434,16,dia,PW91,dft,-2608.99137,-72.3149686823378,1 1 1,286.5203721902782,48,1.0904820664072181,0.15072616356652788,0.440669749256866,0.43319020223992444,-0.009019066841077006
tersoff_1989,435,16,dia,PW91,dft,-2609.053193,-72.3901832554577,1 1 1,286.54805304736976,48,0.9052513080359526,0.13732953888639185,0.39448356032828985,0.35108750596064603,-0.009856040161070112
tersoff_1989,436,16,dia,PW91,dft,-2609.005156,-72.32984148102874,1 1 1,286.5786381589202,48,1.049054972032268,0.14783542172747002,0.41704490486312085,0.4254634128903839,-0.00908699175926131
tersoff_1989,437,16,dia,PW91,dft,-2609.047988,-72.3801181266077,1 1 1,286.61196397904456,48,1.0655657137202077,0.14899424721278445,0.42478418361470227,0.3733860397067848,-0.009552282107969212
tersoff_1989,438,16,dia,PW91,dft,-2609.075232,-72.44936778748043,1 1 1,286.6481953458056,48,0.7603028236196174,0.125855640154671,0.39399823996467453,0.36141407848489154,-0.012177635912493656
tersoff_1989,439,16,dia,PW91,dft,-2609.046759,-72.43961805362585,1 1 1,286.6874973269529,48,0.7122351980658973,0.12181228711849855,0.3522864506879173,0.41740424589808617,-0.013347840046601611
tersoff_1989,440,16,dia,PW91,dft,-2609.054771,-72.450076813193,1 1 1,286.7302270230147,48,0.754014414797192,0.12533408810697977,0.46089870292819163,0.4241259215458109,-0.01350076251953336
tersoff_1989,441,16,dia,PW91,dft,-2609.033883,-72.4035740446035,1 1 1,286.7764127069768,48,0.8720001787340184,0.1347837912743667,0.30568833584634797,0.44600101065608583,-0.011899839482691021
tersoff_1989,442,16,dia,PW91,dft,-2609.05618,-72.39506512457369,1 1 1,286.82569918382933,48,0.9661435528688704,0.14187314997831033,0.45495189596005137,0.3665537217533741,-0.009974469480829029
tersoff_1989,443,16,dia,PW91,dft,-2609.029571,-72.350956550019,1 1 1,286.87762193224626,48,1.0856324969140683,0.15039063696158,0.3934877773090856,0.4477081041584647,-0.008880746071161738
tersoff_1989,444,16,dia,PW91,dft,-2609.021411,-72.33660358407155,1 1 1,286.9317983570535,48,1.0520561042489858,0.14804673419291356,0.3793611847551797,0.4029307838719532,-0.008493685699437314
tersoff_1989,445,16,dia,PW91,dft,-2609.079523,-72.40193535990389,1 1 1,286.98784531116564,48,1.0563225934066758,0.14834662347344618,0.4470231329629092,0.3561312132136132,-0.008944921688976315
tersoff_1989,446,16,dia,PW91,dft,-2609.016489,-72.29001975027357,1 1 1,287.0458183842845,48,1.4568278998090067,0.1742141821035847,0.5073089650157168,0.4517208798698779,-0.00588982108706837
tersoff_1989,447,16,dia,PW91,dft,-2609.054478,-72.27925468872826,1 1 1,287.1052524555972,48,1.6912741905538813,0.18770956014511495,0.47168439391479383,0.3623410299732606,-0.0028426922404909405
tersoff_1989,448,16,dia,PW91,dft,-2608.590395,-72.04334354901323,1 1 1,280.86800364284903,48,0.7157016845045733,0.12210836073140914,0.34964736834533855,0.1790255837513175,-0.01710343350829202
tersoff_1989,449,16,dia,PW91,dft,-2608.484719,-71.83671576034955,1 1 1,280.87673044684567,48,1.4392613067847408,0.1731606495657008,0.4696651897524392,0.36285362802777194,-0.010793946716820102
tersoff_1989,450,16,dia,PW91,dft,-2608.510532,-71.80109185641946,1 1 1,280.8878621103372,48,1.8285079869820113,0.1951766287121964,0.5227961345740099,0.29932740596279633,-0.0069541402212056624
tersoff_1989,451,16,dia,PW91,dft,-2608.447887,-71.7114220827338,1 1 1,280.9010745820371,48,2.0432099902388705,0.20631741273252516,0.6402210470889552,0.3877846698797543,-0.0052650918658505574
tersoff_1989,452,16,dia,PW91,dft,-2608.493977,-71.76157645038138,1 1 1,280.9160438163183,48,1.9734070882640657,0.2027625401107612,0.6773093048578817,0.3318368392027674,-0.00551911484380696
tersoff_1989,453,16,dia,PW91,dft,-2608.482846,-71.76588043977043,1 1 1,280.9327429710813,48,1.684320515903123,0.18732327871351637,0.5048060064978069,0.33791827794724766,-0.006483801680635004
tersoff_1989,454,16,dia,PW91,dft,-2608.50503,-71.79876732571995,1 1 1,280.9511722453207,48,1.4501886413572076,0.17381675224675122,0.5020831227555165,0.30860626529811414,-0.0071527320524849
tersoff_1989,455,16,dia,PW91,dft,-2608.462532,-71.74157546753159,1 1 1,280.97114269959906,48,1.474715552043744,0.1752804628804306,0.49503643673638276,0.3678026780365164,-0.006234365915699591
tersoff_1989,456,16,dia,PW91,dft,-2608.49004,-71.7660576551348,1 1 1,280.9927356388232,48,1.3724104662900378,0.1690913502056678,0.46066710119647536,0.32417126572680166,-0.006045252640892507
tersoff_1989,457,16,dia,PW91,dft,-2608.459675,-71.74242697218239,1 1 1,281.01576211411145,48,1.246209437880189,0.1611294405827313,0.42504952670816043,0.37337676419904603,-0.006466147456371196
tersoff_1989,458,16,dia,PW91,dft,-2608.479514,-71.76183184362507,1 1 1,281.04016828914223,48,1.242521617452185,0.16089085440215006,0.45784069401339356,0.3335035687277824,-0.006439014421536271
tersoff_1989,459,16,dia,PW91,dft,-2608.440903,-71.68401053432012,1 1 1,281.06587330278217,48,1.5815237072796877,0.18151697046922866,0.5716115150502218,0.37741266360852727,-0.0039883700899734364
tersoff_1989,460,16,dia,PW91,dft,-2608.496543,-71.71598227437684,1 1 1,281.0925260279951,48,1.698876257460062,0.18813095269984492,0.4933521302738051,0.3055566297622532,-0.0025091038435158808
tersoff_1989,461,16,dia,PW91,dft,-2608.401852,-71.60006171208053,1 1 1,281.1198833077317,48,1.9430309251437565,0.20119595160065953,0.5498629642797548,0.4342007647750634,-0.0011822562000114445
tersoff_1989,462,16,dia,PW91,dft,-2608.487776,-71.71058815281869,1 1 1,281.1478370578167,48,1.912437930862095,0.19960575365695327,0.4718785954906043,0.3322776901647927,-0.0027199087461475813
tersoff_1989,463,16,dia,PW91,dft,-2608.446217,-71.71818931774213,1 1 1,281.17663081776624,48,1.700699100278364,0.18823185505062434,0.5507236478886915,0.4047079013107272,-0.005792419053848974
tersoff_1989,464,16,dia,PW91,dft,-2608.514133,-71.83591026816487,1 1 1,281.20667035290035,48,1.4385678682565741,0.17311892999326203,0.48017408590058935,0.3644514654415592,-0.008905228455271974
tersoff_1989,465,16,dia,PW91,dft,-2608.485841,-71.84323159597174,1 1 1,281.23838847773186,48,1.228073167463164,0.15995267317391912,0.39381038625537884,0.41663174373730016,-0.011131061443199641
tersoff_1989,466,16,dia,PW91,dft,-2608.528834,-71.9277928633221,1 1 1,281.27192083961836,48,0.7820487885761931,0.12764279492136388,0.34450831021584516,0.35065678563589786,-0.013729078152595164
tersoff_1989,467,16,dia,PW91,dft,-2608.479209,-71.87825851890575,1 1 1,281.3076466195484,48,0.7808594000935081,0.12754569443385672,0.3204182385793422,0.44373208638020906,-0.013734744126580267
tersoff_1989,468,16,dia,PW91,dft,-2607.845836,-71.37649471953587,1 1 1,275.7845629398624,48,0.3579522525406561,0.08635588338148711,0.23355330236542035,0.44406545938023967,-0.021960319165970077
tersoff_1989,469,16,dia,PW91,dft,-2607.926254,-71.44572130421862,1 1 1,275.7899011055939,48,0.40056801578290413,0.09135188556060114,0.2324649038039012,0.3195712112835729,-0.021260855708641557
tersoff_1989,470,16,dia,PW91,dft,-2607.920661,-71.37983001127819,1 1 1,275.7989761461548,48,0.8594422651475762,0.13380974250993274,0.3764895981944864,0.31705312617065196,-0.017492212399855767
tersoff_1989,471,16,dia,PW91,dft,-2607.866431,-71.2439727212474,1 1 1,275.81106760274645,48,1.5198140383398548,0.17794041830178337,0.4539182329645745,0.3953106261194058,-0.01239050677294351
tersoff_1989,472,16,dia,PW91,dft,-2607.948782,-71.26537680386063,1 1 1,275.825535073068,48,1.9273288977688274,0.20038134985617775,0.5326758143921064,0.2404868335229949,-0.008581324436269355
tersoff_1989,473,16,dia,PW91,dft,-2607.854202,-71.12051757982827,1 1 1,275.84176488046506,48,2.2535348773959365,0.2166763560684045,0.5447476004728858,0.39276103807425533,-0.0054388729342438324
tersoff_1989,474,16,dia,PW91,dft,-2607.898033,-71.11763015936245,1 1 1,275.85924997013194,48,2.5587735569113197,0.23088478173247473,0.6036230833735314,0.3125898529356533,-0.002518971655132596
tersoff_1989,475,16,dia,PW91,dft,-2607.858357,-71.085451638031,1 1 1,275.8777768933555,48,2.2819720540489055,0.21803918101880726,0.5625700988989368,0.3751677283507116,-0.0029875640719092544
tersoff_1989,476,16,dia,PW91,dft,-2607.850335,-71.0591865064227,1 1 1,275.89710560167526,48,2.384826734836742,0.2228988342479583,0.501798301763476,0.3914695526474568,-0.001847368346389544
tersoff_1989,477,16,dia,PW91,dft,-2607.883342,-71.06719000421411,1 1 1,275.9171559908731,48,2.5982417807003317,0.23265862781750343,0.6210507533175416,0.330750203401298,-0.0002846494583526038
tersoff_1989,478,16,dia,PW91,dft,-2607.865968,-71.03772846247386,1 1 1,275.93750098940876,48,2.5762052064424017,0.2316698983486706,0.6599125046130593,0.34696366498645553,0.0004708219004116998
tersoff_1989,479,16,dia,PW91,dft,-2607.864208,-71.03243773854179,1 1 1,275.9579805095729,48,2.4325782564986,0.2251193320820186,0.5841875427290734,0.3564455842148279,0.0006914921461600443
tersoff_1989,480,16,dia,PW91,dft,-2607.853582,-70.99518507878541,1 1 1,275.9786478528828,48,2.5626133266995796,0.23105795298923293,0.5791283128507058,0.37103556754204847,0.002355658380947645
tersoff_1989,481,16,dia,PW91,dft,-2607.821408,-70.94399048271322,1 1 1,275.99912915339183,48,2.4983411916373477,0.22814200583359934,0.5902947015647314,0.3911078374523664,0.0035444456354349896
tersoff_1989,482,16,dia,PW91,dft,-2607.845009,-70.93902028025337,1 1 1,276.01929089648075,48,2.7038828252801523,0.23734129896277326,0.6649563159008678,0.3942022947252675,0.005330145789195662
tersoff_1989,483,16,dia,PW91,dft,-2607.8033,-70.9022819060319,1 1 1,276.0388123960201,48,2.7034095459145187,0.23732052630683353,0.6139571352474376,0.42792327140310255,0.005019481678032456
tersoff_1989,484,16,dia,PW91,dft,-2607.898124,-70.97901512095427,1 1 1,276.05766700489477,48,2.887906278085385,0.24528496514621284,0.62671615170442,0.31306148114561033,0.006150155745371144
tersoff_1989,485,16,dia,PW91,dft,-2607.840956,-70.86123520054147,1 1 1,276.07540064746206,48,3.4571833600876687,0.26837409214594427,0.6917942978879827,0.38960916646258037,0.009938400771182465
tersoff_1989,486,16,dia,PW91,dft,-2607.896914,-70.90864097145074,1 1 1,276.0918528578244,48,3.711158318886869,0.2780571853237084,0.777937669487445,0.3272821524280184,0.010472915089348334
tersoff_1989,487,16,dia,PW91,dft,-2607.896353,-70.94024191079126,1 1 1,276.1067029129907,48,3.68551889348653,0.27709500828109973,0.627465442274435,0.3159633453820237,0.008462793880576136
tersoff_1989,488,16,dia,PW91,dft,-2607.267077,-70.82322558244344,1 1 1,271.14489262636135,48,0.26678140108964077,0.07455163214869398,0.20747286437312,0.3423520743784825,-0.02355343559769274
tersoff_1989,489,16,dia,PW91,dft,-2607.253068,-70.7800272195032,1 1 1,271.1494318145161,48,0.4531175974748456,0.09715940483243306,0.2608542523377991,0.38158677746680375,-0.021729100413926616
tersoff_1989,490,16,dia,PW91,dft,-2607.308051,-70.81880636658953,1 1 1,271.1569004780967,48,0.4550952773656016,0.09737120524972137,0.2536311451508812,0.23850517414024097,-0.02071635960682272
tersoff_1989,491,16,dia,PW91,dft,-2607.227735,-70.68741606025561,1 1 1,271.16698207341454,48,0.9118019401306467,0.13782551923617706,0.45992602615242134,0.3865685254448211,-0.017524215460955617
tersoff_1989,492,16,dia,PW91,dft,-2607.265793,-70.70061518398977,1 1 1,271.17954482777066,48,1.0853957845241724,0.1503742404056856,0.3968431566924747,0.3432189111042446,-0.015970535694334487
tersoff_1989,493,16,dia,PW91,dft,-2607.257046,-70.64699099917776,1 1 1,271.1942722455393,48,1.3867773021785106,0.1699740974248301,0.38484882159187156,0.3372376539592171,-0.013165711643575051
tersoff_1989,494,16,dia,PW91,dft,-2607.247802,-70.57567748901985,1 1 1,271.21082142569185,48,1.9650347545468194,0.20233196498096573,0.47217882825076196,0.38701430700567563,-0.009286367258725114
tersoff_1989,495,16,dia,PW91,dft,-2607.243735,-70.53520380276615,1 1 1,271.228691063764,48,2.3509956657044704,0.22131216950010482,0.5065636436150763,0.39797600826976154,-0.007010949367859176
tersoff_1989,496,16,dia,PW91,dft,-2607.274742,-70.51146083272104,1 1 1,271.2476965539281,48,2.813193135551292,0.24209128510540245,0.555660283922451,0.34729203139852877,-0.0035890762400372367
tersoff_1989,497,16,dia,PW91,dft,-2607.253726,-70.38588955322113,1 1 1,271.2674156744233,48,3.6153513362100855,0.2744445654487929,0.6428084020481407,0.3610324737240867,0.0029456287286979688
tersoff_1989,498,16,dia,PW91,dft,-2607.249675,-70.2886251305825,1 1 1,271.28695095613546,48,4.157085386382311,0.2942888811179102,0.6750431308830488,0.3688009910535536,0.008771467643619246
tersoff_1989,499,16,dia,PW91,dft,-2607.2487,-70.19982241468934,1 1 1,271.30564236592926,48,4.53892134925135,0.307507498189453,0.7498259307429169,0.3763296177942505,0.014260699886946782
tersoff_1989,500,16,dia,PW91,dft,-2607.203578,-70.13455226119804,1 1 1,271.3226712815853,48,4.593210109022281,0.309341037160118,0.7069539940867875,0.3992513396319625,0.015519959480153389
tersoff_1989,501,16,dia,PW91,dft,-2607.276888,-70.24944972779885,1 1 1,271.3377470657344,48,4.089173965023994,0.2918751861178562,0.7598249343744149,0.3023891928459084,0.012920742817588149
tersoff_1989,502,16,dia,PW91,dft,-2607.185297,-70.16714616053844,1 1 1,271.3510015607613,48,3.853559332744348,0.28334164201338385,0.7105336726896773,0.4368234249194214,0.012340278271371297
tersoff_1989,503,16,dia,PW91,dft,-2607.23852,-70.22455070507448,1 1 1,271.3624609425924,48,3.949749831204794,0.28685615701387085,0.6918688523137942,0.37295707592049604,0.012078931737861787
tersoff_1989,504,16,dia,PW91,dft,-2607.258345,-70.2485699531857,1 1 1,271.3722042816318,48,4.05984615752153,0.2908266292513437,0.7288147928492877,0.3459100710685751,0.011816791230930157
tersoff_1989,505,16,dia,PW91,dft,-2607.251114,-70.209656260726,1 1 1,271.38012587154054,48,4.179480348098725,0.2950805097800544,0.6860822222623704,0.35908417903222917,0.013796959509657647
tersoff_1989,506,16,dia,PW91,dft,-2607.294699,-70.19733148630095,1 1 1,271.3861463594501,48,4.570980768565487,0.30859158447984447,0.6521987650398234,0.2835191915278106,0.017291320411216837
tersoff_1989,507,16,dia,PW91,dft,-2607.220113,-70.02145164731296,1 1 1,271.38971112857536,48,5.344274871293283,0.3336750812071679,0.8472384683544146,0.40598034839550223,0.023622185347955238
tersoff_1989,508,16,dia,PW91,dft,-2606.589993,-70.15078746048519,1 1 1,266.88877187525935,48,0.3467653081934572,0.08499574844679207,0.20971940210984052,0.34660820981392904,-0.0238438029752972
tersoff_1989,509,16,dia,PW91,dft,-2606.62437,-70.12442931735094,1 1 1,266.8924016780882,48,0.7850988431222266,0.1278914613974667,0.3536167037333786,0.30282382410542497,-0.02004785652940999
tersoff_1989,510,16,dia,PW91,dft,-2606.600771,-69.99704930479382,1 1 1,266.8980945285181,48,1.4344721998698393,0.17287231558953653,0.44691229965765067,0.3367050528528889,-0.01356154324459613
tersoff_1989,511,16,dia,PW91,dft,-2606.590711,-69.85453402746876,1 1 1,266.90519763884896,48,2.3798784866824327,0.22266746912354307,0.5573836616149086,0.3685191131124228,-0.005283088411784043
tersoff_1989,512,16,dia,PW91,dft,-2606.604707,-69.68579544412844,1 1 1,266.9127709393108,48,3.72812814805193,0.27869218937341705,0.7409394403096763,0.3486280773050511,0.006137823046993951
tersoff_1989,513,16,dia,PW91,dft,-2606.5858,-69.4198631279553,1 1 1,266.91958702878156,48,5.234042608391174,0.33021592078741874,0.9094918101688712,0.3667080810995989,0.02157690530780787
tersoff_1989,514,16,dia,PW91,dft,-2606.560322,-69.09318551185488,1 1 1,266.92381773862024,48,6.708662779420572,0.3738499804795973,1.0747207066591018,0.4100430130740351,0.04040188131408229
tersoff_1989,515,16,dia,PW91,dft,-2606.544361,-68.74577480708473,1 1 1,266.9233475804976,48,8.168100767791325,0.4125151706248542,1.0416698119885226,0.40582823668343154,0.06111748786224158
tersoff_1989,516,16,dia,PW91,dft,-2606.555327,-68.45406558253771,1 1 1,266.91572173092953,48,9.526316499335442,0.44549402585162506,1.0770407133494528,0.33661771155929493,0.08003468939641945
tersoff_1989,517,16,dia,PW91,dft,-2606.551571,-68.2911374444741,1 1 1,266.89872088997527,48,9.868380745404288,0.45342173032316835,1.1806153430208284,0.3365677348741756,0.08998294802539064
tersoff_1989,518,16,dia,PW91,dft,-2606.577811,-68.34409778107253,1 1 1,266.87114505850934,48,9.847647279709207,0.45294516039723304,1.1628280566066176,0.3002318335123154,0.08831292698799764
tersoff_1989,519,16,dia,PW91,dft,-2606.59372,-68.3827313229436,1 1 1,266.83283977481966,48,10.431646051123213,0.4661823242020232,1.1468901848797692,0.2767689899123154,0.08689264312103973
tersoff_1989,520,16,dia,PW91,dft,-2606.557038,-68.47107000503262,1 1 1,266.784643546672,48,10.419394158216697,0.4659084798858189,1.1217377025246145,0.38690306682789855,0.07907885049048069
tersoff_1989,521,16,dia,PW91,dft,-2606.570953,-68.59581783956128,1 1 1,266.72755183383236,48,10.042686803447168,0.4574086157239309,1.1514768678776388,0.3750000902722114,0.07215179833243912
tersoff_1989,522,16,dia,PW91,dft,-2606.564004,-68.66413037800946,1 1 1,266.6627950645281,48,9.548292347710042,0.446007575321271,1.1406085758030375,0.35699145171254915,0.0674479521794229
tersoff_1989,523,16,dia,PW91,dft,-2606.53307,-68.61716862353569,1 1 1,266.5907683569092,48,9.823995867542006,0.45240090691088564,1.1341765830783321,0.39866777174892126,0.06844968683404051
tersoff_1989,524,16,dia,PW91,dft,-2606.509374,-68.63259975880457,1 1 1,266.51171054444035,48,9.54689581588628,0.44597495762762757,1.0961883984227394,0.381304292926485,0.06600424087975121
tersoff_1989,525,16,dia,PW91,dft,-2606.519553,-68.7385859502466,1 1 1,266.4259127026692,48,8.701060305366193,0.4257606013890071,1.1239575358364131,0.3472420426194098,0.06001629141461695
tersoff_1989,526,16,dia,PW91,dft,-2606.507913,-68.77674512705599,1 1 1,266.3339528825914,48,8.131304673042074,0.41158496168880676,1.1002110367104432,0.317456284736576,0.056903842864019616
tersoff_1989,527,16,dia,PW91,dft,-2606.442965,-68.71077285567596,1 1 1,266.23612211754346,48,8.42847695524681,0.41903850646566504,1.1483258835582248,0.3817437208444517,0.056967859825288514
tersoff_1989,528,16,dia,PW91,dft,-2605.875149,-69.39685760953817,1 1 1,262.95794576442756,48,0.8864156691916009,0.1358933151709765,0.3384407168943049,0.4308752575572192,-0.02140093729111392
tersoff_1989,529,16,dia,PW91,dft,-2605.952989,-69.37807888312852,1 1 1,262.96283267980397,48,1.5476439656143899,0.17956219707100504,0.45614096126304376,0.26215006843250427,-0.015362266890515563
tersoff_1989,530,16,dia,PW91,dft,-2605.88901,-69.12404056202065,1 1 1,262.96880565446816,48,2.9692023053578676,0.2487134523133444,0.5828605087856619,0.41550457720603595,-0.003483559321274754
tersoff_1989,531,16,dia,PW91,dft,-2605.945896,-68.97930781296806,1 1 1,262.97480455446083,48,4.36653971397444,0.3016116333539996,0.7262185741974744,0.3608310718270162,0.009117612494531357
tersoff_1989,532,16,dia,PW91,dft,-2605.929446,-68.74720943760285,1 1 1,262.9794589480313,48,5.45846569837078,0.33722104824984545,0.7841676020668105,0.37227035600823766,0.022595635954852256
tersoff_1989,533,16,dia,PW91,dft,-2605.953107,-68.57717379167028,1 1 1,262.9812948331411,48,6.16888759300231,0.358494758010325,0.7849562102394536,0.3639563237733112,0.03470167632562049
tersoff_1989,534,16,dia,PW91,dft,-2605.876581,-68.30171632710207,1 1 1,262.97891580661553,48,6.905259449959512,0.3792882437858528,0.931929340200273,0.4670872872320012,0.04713489286114392
tersoff_1989,535,16,dia,PW91,dft,-2605.943087,-68.25952303691427,1 1 1,262.97087400186916,48,7.045036449626484,0.38310780819575024,1.054965867321665,0.3338495628741334,0.05392859849788856
tersoff_1989,536,16,dia,PW91,dft,-2605.908803,-68.07784209855298,1 1 1,262.9561095782574,48,7.160671957735334,0.38623913031456664,0.8216805862407413,0.38481885821448514,0.06314090714545095
tersoff_1989,537,16,dia,PW91,dft,-2605.875843,-67.82783922207119,1 1 1,262.9334598040454,48,8.219979017942169,0.4138231057756384,0.9922688473206652,0.4188661545171679,0.07670608692556247
tersoff_1989,538,16,dia,PW91,dft,-2605.885528,-67.69825402874785,1 1 1,262.90137494987573,48,8.333474151437446,0.4166701871043973,1.0596865856529447,0.3612285224353599,0.0854104740082704
tersoff_1989,539,16,dia,PW91,dft,-2605.870126,-67.55745421083415,1 1 1,262.8587456564966,48,8.521102655226878,0.42133475050592883,0.9250237869864494,0.3860481637724539,0.09324783762787714
tersoff_1989,540,16,dia,PW91,dft,-2605.777116,-67.29819937589843,1 1 1,262.80479994882734,48,9.477414616973444,0.4443491170843185,0.9883879175932632,0.4929767783281819,0.10363813981138481
tersoff_1989,541,16,dia,PW91,dft,-2605.853292,-67.24477263931297,1 1 1,262.7384313561454,48,9.277983406332456,0.439649088439018,1.111723620197581,0.3683890732437875,0.11173831084794994
tersoff_1989,542,16,dia,PW91,dft,-2605.7107,-66.94936521129284,1 1 1,262.65848333621653,48,9.88247854856411,0.4537454900731822,1.0632469057106615,0.5112218107346685,0.12128927509922693
tersoff_1989,543,16,dia,PW91,dft,-2605.834171,-67.07241562361705,1 1 1,262.5643700808261,48,10.186063016575064,0.4606621822753059,0.9948349497685348,0.34117365322393617,0.12131556182895675
tersoff_1989,544,16,dia,PW91,dft,-2605.706588,-67.02640547538884,1 1 1,262.45597269460427,48,9.603244228206181,0.4472891548960569,1.1578807850179853,0.5144853375279513,0.11621725859322218
tersoff_1989,545,16,dia,PW91,dft,-2605.82073,-67.25839887143412,1 1 1,262.3340515080103,48,9.18392201930278,0.4374148016876825,1.0695182357197537,0.337325280290281,0.10885154634038585
tersoff_1989,546,16,dia,PW91,dft,-2605.741423,-67.22131411859723,1 1 1,262.1994191397673,48,10.045864272303733,0.4574809711958824,1.076602921646003,0.42921012417919113,0.10621265589269324
tersoff_1989,547,16,dia,PW91,dft,-2605.729927,-67.24711042657799,1 1 1,262.0531979807797,48,10.101694346403857,0.4587504392914304,1.1948230922036562,0.47047611261536615,0.10388188664389109
tersoff_1989,548,54,dia,PW91,dft,-8811.437742,-249.66785794347064,1 1 1,1100.125049230911,162,0.18301446872290322,0.033611291893260675,0.09883884991330433,0.1953892008480118,0.0
tersoff_1989,549,54,dia,PW91,dft,-8811.326287,-249.5293257445215,1 1 1,1100.8317804770156,162,0.30740834377698234,0.0435612484783634,0.12910874048246432,0.24835673721806892,0.0005014296101668592
tersoff_1989,550,54,dia,PW91,dft,-8811.218759,-249.39239785434427,1 1 1,1101.7547036218139,162,0.4284887645316699,0.0514294893388247,0.1532493328136519,0.28788784109012117,0.0010458720208585959
tersoff_1989,551,54,dia,PW91,dft,-8811.180718,-249.34540353648825,1 1 1,1102.1293760836759,162,0.4607489184471997,0.053330377143024986,0.16456730033883468,0.3006234882500939,0.0012116742033692063
tersoff_1989,552,54,dia,PW91,dft,-8811.172907,-249.3369963123566,1 1 1,1102.3249710431107,162,0.4560911241009892,0.05306012918628606,0.17067935570246126,0.30262286394675025,0.0012227153910036037
tersoff_1989,553,54,dia,PW91,dft,-8811.167593,-249.32908142187148,1 1 1,1102.7117839954087,162,0.44852894794605636,0.05261841131717641,0.17330639607225296,0.3012291811247893,0.0012708800296321598
tersoff_1989,554,54,dia,PW91,dft,-8811.166979,-249.32355905588545,1 1 1,1103.278431595894,162,0.43935652613304227,0.05207760864142,0.17698271059436702,0.2955978841712897,0.0013617756960364602
tersoff_1989,555,54,dia,PW91,dft,-8811.163847,-249.3126546105563,1 1 1,1104.0081902960446,162,0.4337926879925519,0.05174681286735766,0.177811964267435,0.28910326140915016,0.0015057098688027182
tersoff_1989,556,54,dia,PW91,dft,-8811.150976,-249.28810342658875,1 1 1,1104.8803257207019,162,0.44574126495555394,0.05245464030807092,0.17565218271424882,0.28648804684736806,0.0017220095719236994
tersoff_1989,557,54,dia,PW91,dft,-8811.120918,-249.2414499867628,1 1 1,1105.8700744969474,162,0.4818827626931486,0.054539755728239006,0.17316537131865736,0.2916597863802242,0.002029332531650496
tersoff_1989,558,54,dia,PW91,dft,-8811.250108,-249.8202087537962,1 1 1,1065.3624103444795,162,0.06862649822403491,0.02058203972903616,0.062254314625126886,0.11074823735743056,-0.006296015006013178
tersoff_1989,559,54,dia,PW91,dft,-8811.088592,-249.62945329956173,1 1 1,1065.3687844245053,162,0.2836003320783123,0.04184040312684311,0.13884096819698682,0.22666478059808992,-0.005754543631312892
tersoff_1989,560,54,dia,PW91,dft,-8810.926952,-249.43759386465914,1 1 1,1065.3802184042593,162,0.48809942890245306,0.05489043120316567,0.19143709086554034,0.2952531726782004,-0.0051949244664522
tersoff_1989,561,54,dia,PW91,dft,-8810.941554,-249.45481410954483,1 1 1,1065.3846211647026,162,0.45069331096924503,0.052745212817077496,0.1421881768127554,0.285920048670046,-0.005243410482820288
tersoff_1989,562,54,dia,PW91,dft,-8810.93714,-249.44727309285236,1 1 1,1065.3913896091385,162,0.45706253920258677,0.05311660473695019,0.18891284297136107,0.28575422215754603,-0.005185502766320127
tersoff_1989,563,54,dia,PW91,dft,-8810.877346,-249.37144632013457,1 1 1,1065.4038751625044,162,0.5627880755544297,0.05894065206956374,0.22658721497155113,0.3075871620601184,-0.00488859956785781
tersoff_1989,564,54,dia,PW91,dft,-8810.792501,-249.2620682918508,1 1 1,1065.4218808172418,162,0.7176771454621711,0.06655904022885427,0.2599369623444498,0.33255245145746615,-0.004434284229255958
tersoff_1989,565,54,dia,PW91,dft,-8810.734493,-249.18155330780388,1 1 1,1065.4456039078182,162,0.8399741821780269,0.07200712336924553,0.2538520120877686,0.3405795963664164,-0.004017488228393873
tersoff_1989,566,54,dia,PW91,dft,-8810.706458,-249.1319334849747,1 1 1,1065.474978977013,162,0.9411320619949843,0.07621979515065981,0.29531035238360903,0.3356823009038806,-0.0036177692870813516
tersoff_1989,567,54,dia,PW91,dft,-8810.693527,-249.09832597126734,1 1 1,1065.5097434633317,162,1.0205041658565444,0.07936881271137446,0.32081178053839693,0.33005085756348984,-0.0032348708851106522
tersoff_1989,568,54,dia,PW91,dft,-8810.450804,-249.27748053100802,1 1 1,1035.9478656931387,162,0.05866279622637843,0.019029346444078308,0.06260501778230908,0.09187319552271792,-0.01104741828771072
tersoff_1989,569,54,dia,PW91,dft,-8810.33216,-249.1326538244905,1 1 1,1035.9498006002816,162,0.29467305990581144,0.0426493787245656,0.14268616345273177,0.2015511166989471,-0.010562553352205128
tersoff_1989,570,54,dia,PW91,dft,-8810.181698,-248.9467208499285,1 1 1,1035.9534769304719,162,0.6084583751402626,0.06128552762216825,0.20975429461208314,0.2825093431001688,-0.009905683452894998
tersoff_1989,571,54,dia,PW91,dft,-8810.053496,-248.78308202424012,1 1 1,1035.959023690658,162,0.9055788986066742,0.07476625710356087,0.2674963143873597,0.33223486496382476,-0.009249445940159085
tersoff_1989,572,54,dia,PW91,dft,-8810.022508,-248.74041382991845,1 1 1,1035.9625065500986,162,0.9832155631851509,0.07790527499157729,0.2678952323712673,0.33796043787204844,-0.00903314604533012
tersoff_1989,573,54,dia,PW91,dft,-8810.011268,-248.72846460694274,1 1 1,1035.9643769779182,162,0.9565205304731222,0.07684040420878778,0.22460063240026043,0.3378018055552986,-0.00902001228649052
tersoff_1989,574,54,dia,PW91,dft,-8809.963048,-248.67350702396544,1 1 1,1035.967795351841,162,0.9656778184054652,0.07720734542573042,0.24558501747742822,0.3523376511386152,-0.008895242231371725
tersoff_1989,575,54,dia,PW91,dft,-8809.911502,-248.61260421566743,1 1 1,1035.9732776655399,162,0.9849180644447086,0.07797269482676346,0.24671412630461242,0.36891621932892926,-0.008721968003627012
tersoff_1989,576,54,dia,PW91,dft,-8809.876056,-248.56904428341034,1 1 1,1035.9806304455021,162,0.9819802109666731,0.07785631792304988,0.2382024277989143,0.3800465797637488,-0.008571709998891563
tersoff_1989,577,54,dia,PW91,dft,-8809.862846,-248.54889317041312,1 1 1,1035.9897892178974,162,0.9676176449582565,0.07728485249819819,0.2539837310388764,0.3837267192278676,-0.008443170869290029
tersoff_1989,578,54,dia,PW91,dft,-8809.204637,-248.22681575128323,1 1 1,1010.2069097636663,162,0.15383357180279367,0.030815417397789063,0.09481213491209821,0.14977770913491667,-0.014667829774288599
tersoff_1989,579,54,dia,PW91,dft,-8809.001442,-247.9780472945527,1 1 1,1010.2102712388345,162,0.5622556844403653,0.05891276688022501,0.18227017149314095,0.28081755582232515,-0.013823876871867036
tersoff_1989,580,54,dia,PW91,dft,-8808.863467,-247.79869486678206,1 1 1,1010.216296542899,162,0.8783369772317179,0.07363309848694663,0.22292254177149093,0.3330526706760425,-0.013057628209470984
tersoff_1989,581,54,dia,PW91,dft,-8808.815697,-247.73900487196622,1 1 1,1010.2183261242908,162,1.0184501071794223,0.07928889617508306,0.26023327676484614,0.3534329932695609,-0.01283688756471335
tersoff_1989,582,54,dia,PW91,dft,-8808.772527,-247.6903832755326,1 1 1,1010.2220681717101,162,1.05102804164116,0.08054705095494201,0.28160765084225725,0.36861916894567154,-0.012735932075210954
tersoff_1989,583,54,dia,PW91,dft,-8808.781743,-247.70197653516686,1 1 1,1010.2284740703718,162,0.9635085996458816,0.07712058057633753,0.32740985332540545,0.3583823973205984,-0.012779955401775567
tersoff_1989,584,54,dia,PW91,dft,-8808.799784,-247.71949775126677,1 1 1,1010.2377341289288,162,0.8965351249035656,0.0743919850365369,0.32974750227928823,0.3432593079717712,-0.012770329773965194
tersoff_1989,585,54,dia,PW91,dft,-8808.801087,-247.71079444975967,1 1 1,1010.2499752514824,162,0.9307630690047988,0.07579875357312611,0.2827992033393402,0.3405794696307319,-0.012585027894239431
tersoff_1989,586,54,dia,PW91,dft,-8808.807434,-247.7015257271102,1 1 1,1010.2648169517845,162,1.0127213234789014,0.07906558160359163,0.2554601439158437,0.3360585307329589,-0.012295847845156693
tersoff_1989,587,54,dia,PW91,dft,-8808.802522,-247.67630808125804,1 1 1,1010.2824495886291,162,1.111601375388514,0.08283560155581828,0.2909718514519375,0.3323251696943006,-0.011919817366435659
tersoff_1989,588,54,dia,PW91,dft,-8807.702952,-246.89007627800248,1 1 1,987.313734560745,162,0.18267824945279876,0.03358040373701205,0.12811050037372707,0.1627187814078003,-0.017722376565389553
tersoff_1989,589,54,dia,PW91,dft,-8807.475709,-246.60806138550356,1 1 1,987.3162330479669,162,0.6994776844427684,0.06570969094596793,0.2681310285554066,0.3064838144529087,-0.016708082259862422
tersoff_1989,590,54,dia,PW91,dft,-8807.334549,-246.42056775366288,1 1 1,987.3209801841904,162,1.0830301884283011,0.08176412130945963,0.3554342210824886,0.35492252742371755,-0.01585005204058998
tersoff_1989,591,54,dia,PW91,dft,-8807.294306,-246.3689744923946,1 1 1,987.3234162199467,162,1.1310921337482087,0.08355866327510438,0.3436914321534019,0.3725521812626793,-0.01563986201710499
tersoff_1989,592,54,dia,PW91,dft,-8807.261059,-246.32919427913546,1 1 1,987.3257273336443,162,1.1085075547018537,0.08272024677522821,0.2516401533649437,0.391059138937979,-0.015518876586376074
tersoff_1989,593,54,dia,PW91,dft,-8807.299279,-246.3663948025332,1 1 1,987.3303495721058,162,1.0124957149485991,0.0790567742136335,0.2593205850806323,0.36854831398690807,-0.015499997390024056
tersoff_1989,594,54,dia,PW91,dft,-8807.340379,-246.40021963957795,1 1 1,987.3372204927473,162,0.9892162791914894,0.07814264730825624,0.25441254041748285,0.3417930767111211,-0.015365272150148712
tersoff_1989,595,54,dia,PW91,dft,-8807.333326,-246.37351388865008,1 1 1,987.3462776656962,162,1.0910507015153592,0.08206631997081142,0.2856644697871741,0.3328381731579344,-0.015001332318115068
tersoff_1989,596,54,dia,PW91,dft,-8807.277418,-246.28341342273566,1 1 1,987.3572712771479,162,1.3227231389043959,0.0903601551988375,0.25645148853990535,0.3403887946983168,-0.014368138504914363
tersoff_1989,597,54,dia,PW91,dft,-8807.189464,-246.1536445114057,1 1 1,987.3703887642697,162,1.6553993154760938,0.10108666723689286,0.3029133494879122,0.36807658629223244,-0.013593788295089837
tersoff_1989,598,54,dia,PW91,dft,-8805.944371,-245.2627386842969,1 1 1,966.672624941964,162,0.27983484236093514,0.04156170797897061,0.13934644608430735,0.1950013188527734,-0.02015281001530056
tersoff_1989,599,54,dia,PW91,dft,-8805.684192,-244.9415074986388,1 1 1,966.6749037181504,162,0.9734095435086684,0.07751581055407973,0.25689681033905865,0.3561627817731246,-0.019022213984563052
tersoff_1989,600,54,dia,PW91,dft,-8805.569074,-244.7925296682589,1 1 1,966.6787222153382,162,1.2751019466249875,0.08871865458022127,0.26155939311993975,0.39702752917037853,-0.018395180088670138
tersoff_1989,601,54,dia,PW91,dft,-8805.597019,-244.81746164470752,1 1 1,966.6806314673131,162,1.1807825077699623,0.08537435746264953,0.23041370257435573,0.37452510866313865,-0.01833938335620733
tersoff_1989,602,54,dia,PW91,dft,-8805.584447,-244.7900999063365,1 1 1,966.6829718434564,162,1.1599138659781048,0.084616559464843,0.2519514914375548,0.3662344667215455,-0.018065499312321265
tersoff_1989,603,54,dia,PW91,dft,-8805.549109,-244.72908988670682,1 1 1,966.6867287689784,162,1.259901450178444,0.08818826138180721,0.2836677734109397,0.36944508892842703,-0.017590091541404007
tersoff_1989,604,54,dia,PW91,dft,-8805.497207,-244.64059350139146,1 1 1,966.692210200052,162,1.5099407357663588,0.09654336759051999,0.2906981298404965,0.3861768654394218,-0.016912417739269436
tersoff_1989,605,54,dia,PW91,dft,-8805.468592,-244.5742969344418,1 1 1,966.6995393332371,162,1.7507519778404488,0.10395725551554233,0.3709697957952943,0.392775158358388,-0.016214610943909413
tersoff_1989,606,54,dia,PW91,dft,-8805.490055,-244.56951571358306,1 1 1,966.7085930181896,162,1.842107228793759,0.1066350424415196,0.41015094395256646,0.3733580506483697,-0.015728606853916638
tersoff_1989,607,54,dia,PW91,dft,-8805.510316,-244.56622771766618,1 1 1,966.7191249297413,162,1.9499932279153303,0.10971324092398897,0.4099556693321729,0.35949468781854493,-0.015292514336943341
tersoff_1989,608,54,dia,PW91,dft,-8803.908911,-243.30487885105885,1 1 1,947.9075369556474,162,0.6076793660292432,0.06124628313384722,0.19498089097403046,0.26334836250947097,-0.021589850140513178
tersoff_1989,609,54,dia,PW91,dft,-8803.830295,-243.2018442726476,1 1 1,947.908084055467,162,0.8695155798944694,0.07326240593104602,0.25946371137840707,0.3062251593563787,-0.021137654244015813
tersoff_1989,610,54,dia,PW91,dft,-8803.707851,-243.0443634188923,1 1 1,947.9091174668073,162,1.2296589817589227,0.08712340409856438,0.29838394334849805,0.3629372816911457,-0.02048882361891735
tersoff_1989,611,54,dia,PW91,dft,-8803.592969,-242.89528400789064,1 1 1,947.9112450805221,162,1.5398655189310857,0.09749534711693245,0.3146068070501931,0.4089896752107715,-0.019855538230007852
tersoff_1989,612,54,dia,PW91,dft,-8803.592204,-242.88213608052945,1 1 1,947.9144061121193,162,1.5335270908114895,0.09729448396464964,0.31623301932073355,0.40109972215056355,-0.019626224760320277
tersoff_1989,613,54,dia,PW91,dft,-8803.691569,-242.9882498708542,1 1 1,947.9187829361252,162,1.260527602723129,0.08821017279605949,0.2666091088548241,0.33855123800623677,-0.019751202358945896
tersoff_1989,614,54,dia,PW91,dft,-8803.73856,-243.03237438563485,1 1 1,947.9240108260085,162,1.163731652945712,0.0847557002324157,0.23779815315560907,0.3022450899620585,-0.01969811929933396
tersoff_1989,615,54,dia,PW91,dft,-8803.679609,-242.9497562332973,1 1 1,947.9302113715369,162,1.3839892042533672,0.09242912547531701,0.28634709531580244,0.34019458479171144,-0.01925983870047876
tersoff_1989,616,54,dia,PW91,dft,-8803.577657,-242.81399307972683,1 1 1,947.9375061662112,162,1.7234313024026149,0.10314293397827003,0.362801530666397,0.39777570905886644,-0.018633706226959923
tersoff_1989,617,54,dia,PW91,dft,-8803.548174,-242.7637421711968,1 1 1,947.9456520645068,162,1.8495232572692553,0.10684947463631785,0.37086507382951456,0.41113498558154327,-0.01824911532825446
tersoff_1989,618,54,dia,PW91,dft,-8801.865371,-241.36422688009316,1 1 1,930.7676752280789,162,0.49517170946532996,0.0552866664805062,0.18194490068973115,0.2490024226120434,-0.023495184011527392
tersoff_1989,619,54,dia,PW91,dft,-8801.701241,-241.15955667495768,1 1 1,930.7688162516957,162,0.9597131206222199,0.07696853295710696,0.24757248607493773,0.3404314416168959,-0.02274443947196314
tersoff_1989,620,54,dia,PW91,dft,-8801.663918,-241.1102872583766,1 1 1,930.7692966829312,162,1.0881563586528542,0.0819573947828109,0.2383306785190594,0.35756710768404143,-0.022523209535292743
tersoff_1989,621,54,dia,PW91,dft,-8801.656031,-241.09633707076085,1 1 1,930.7700173301098,162,1.1252932809412888,0.08334419488257859,0.26645816973152314,0.36335415649894764,-0.02241092828314084
tersoff_1989,622,54,dia,PW91,dft,-8801.642609,-241.075284053534,1 1 1,930.7713385175412,162,1.1348655629036362,0.0836979269808198,0.25123890566203905,0.36835972719829857,-0.022269613149298984
tersoff_1989,623,54,dia,PW91,dft,-8801.627638,-241.04800029870316,1 1 1,930.7732001928372,162,1.1644400451522103,0.08478149275216407,0.2608970386300449,0.3689213985524241,-0.02204159917096682
tersoff_1989,624,54,dia,PW91,dft,-8801.620463,-241.02585050644333,1 1 1,930.7755423039509,162,1.2223848871464185,0.08686533096193233,0.28003072250211536,0.36091424468516986,-0.021764288203200977
tersoff_1989,625,54,dia,PW91,dft,-8801.598697,-240.98248633568815,1 1 1,930.778605070353,162,1.3684189552789277,0.09190772866381547,0.28766592408778535,0.3608299594419291,-0.021364322078088804
tersoff_1989,626,54,dia,PW91,dft,-8801.561368,-240.9177243876327,1 1 1,930.7822083330486,162,1.6144459691955668,0.0998284321184696,0.2928997324274458,0.3748801185037461,-0.020856304521503333
tersoff_1989,627,54,dia,PW91,dft,-8801.524404,-240.8535104191438,1 1 1,930.7863520961233,162,1.8619909668544157,0.10720900801861707,0.2857585168361958,0.39015528960661894,-0.020351675475434483
tersoff_1989,628,54,dia,PW91,dft,-8799.440168,-238.9536776657516,1 1 1,915.1107764834117,162,1.1026308643218474,0.0825006870275115,0.2374077181172797,0.38121682897914355,-0.02376655041262321
tersoff_1989,629,54,dia,PW91,dft,-8799.419304,-238.92842484794048,1 1 1,915.1111921328688,162,1.1257070049039033,0.08335951458739618,0.2831328212355777,0.38240434229755377,-0.023685276008706957
tersoff_1989,630,54,dia,PW91,dft,-8799.429857,-238.93824255433162,1 1 1,915.1117859180295,162,1.0972861638665357,0.08230049442070318,0.3036828974201609,0.3696310075610775,-0.02367165946038341
tersoff_1989,631,54,dia,PW91,dft,-8799.410212,-238.9071819802524,1 1 1,915.1128547319388,162,1.1902099804967285,0.08571449812167957,0.34615869401099725,0.3740488258648384,-0.023460259940385697
tersoff_1989,632,54,dia,PW91,dft,-8799.362827,-238.83886356713674,1 1 1,915.1145767115883,162,1.3893724029919063,0.09260870832688863,0.4093268717619755,0.3940852481489785,-0.023072604141948894
tersoff_1989,633,54,dia,PW91,dft,-8799.321752,-238.77230656578587,1 1 1,915.1166549654922,162,1.6230980332478733,0.10009557263947247,0.4173460035573797,0.4113240082621479,-0.02260071522804008
tersoff_1989,634,54,dia,PW91,dft,-8799.339262,-238.7705334075929,1 1 1,915.119267631416,162,1.7363770142841504,0.10352959302239938,0.354822824099002,0.40273680491753566,-0.02224361970597677
tersoff_1989,635,54,dia,PW91,dft,-8799.369708,-238.78226331886808,1 1 1,915.122414712262,162,1.7955743358192375,0.10527959059767969,0.29190917166356994,0.3851391245148936,-0.021897025470293485
tersoff_1989,636,54,dia,PW91,dft,-8799.386274,-238.7749056874856,1 1 1,915.1260368323441,162,1.8870940003607342,0.10792927497805441,0.288457967035134,0.37030171711560483,-0.0214539952595052
tersoff_1989,637,54,dia,PW91,dft,-8799.380833,-238.74224765615972,1 1 1,915.1300152366857,162,2.0395476017137533,0.11220427804045051,0.3315467261524635,0.3656803225369677,-0.02094997616090133
tersoff_1989,638,54,dia,PW91,dft,-8797.559801,-237.21179166376956,1 1 1,900.7456390816774,162,0.05885252715663644,0.01906009456090382,0.05846774681876364,0.08388684122592885,-0.026331013338854348
tersoff_1989,639,54,dia,PW91,dft,-8797.49667,-237.134341527869,1 1 1,900.7457565925661,162,0.23819986626427014,0.038345397961700355,0.13129997310139155,0.17530875161790171,-0.026065844155509055
tersoff_1989,640,54,dia,PW91,dft,-8797.333269,-236.9337625608837,1 1 1,900.7463441471945,162,0.704960987253311,0.06596674186609375,0.2018515602640992,0.3030558642090291,-0.02537736328539708
tersoff_1989,641,54,dia,PW91,dft,-8797.176669,-236.73921306487935,1 1 1,900.7473429906137,162,1.1377690436098569,0.08380492647389778,0.266973702910297,0.383313632823077,-0.0246745948408833
tersoff_1989,642,54,dia,PW91,dft,-8797.1085,-236.6474282406503,1 1 1,900.7488118793063,162,1.3212238680251027,0.09030893028401922,0.293168146414658,0.40459621113044436,-0.02423726476258281
tersoff_1989,643,54,dia,PW91,dft,-8797.163952,-236.6993963958291,1 1 1,900.7505745476785,162,1.1849947889478907,0.08552650260490303,0.2902310592959896,0.35921749659142077,-0.02417274911773326
tersoff_1989,644,54,dia,PW91,dft,-8797.265887,-236.79999716551933,1 1 1,900.7526309968702,162,0.9931653374113727,0.07829846889265715,0.26792060080610725,0.27817313128653004,-0.024148041149037347
tersoff_1989,645,54,dia,PW91,dft,-8797.321217,-236.83749339497612,1 1 1,900.7551574956866,162,1.0607676939201882,0.08091939648750722,0.24260237455168449,0.2289464503821638,-0.023817786138953245
tersoff_1989,646,54,dia,PW91,dft,-8797.285116,-236.76380732853553,1 1 1,900.7580365346962,162,1.448081977101837,0.0945451090032218,0.28405004220105284,0.2680476997593829,-0.023121766390102216
tersoff_1989,647,54,dia,PW91,dft,-8797.200485,-236.6311027453366,1 1 1,900.7613268725933,162,1.9670036337324008,0.11019073345381132,0.3530930834550022,0.33425509026845107,-0.022231514849381462
tersoff_1989,648,54,dia,PW91,dft,-8795.211954,-234.89819058777167,1 1 1,887.4698026352503,162,0.0676375102593418,0.020433195918114124,0.06373177622396672,0.09485632447659922,-0.026965197116675554
tersoff_1989,649,54,dia,PW91,dft,-8795.074004,-234.72977096745302,1 1 1,887.4701516954766,162,0.4618016747922436,0.0533912691568045,0.16588360339067315,0.24631908766004923,-0.02640094488855116
tersoff_1989,650,54,dia,PW91,dft,-8794.864502,-234.4717759715062,1 1 1,887.4709661696899,162,1.0438061569353203,0.08026984416527039,0.23799934255088528,0.36761202114390407,-0.025502926445073015
tersoff_1989,651,54,dia,PW91,dft,-8794.750588,-234.32605281102752,1 1 1,887.4721878819562,162,1.2994925816028609,0.08956315730084928,0.27122997346359184,0.4044488390138234,-0.024913867917695676
tersoff_1989,652,54,dia,PW91,dft,-8794.798888,-234.36991827889295,1 1 1,887.4741077177725,162,1.137051715680822,0.08377850411123479,0.26223389253497564,0.3605709394355459,-0.024831746952272304
tersoff_1989,653,54,dia,PW91,dft,-8794.898055,-234.46571437648876,1 1 1,887.4764929721057,162,0.9946109194134714,0.07835543106017838,0.25243547046818654,0.30269849669266613,-0.024769322833657625
tersoff_1989,654,54,dia,PW91,dft,-8794.92847,-234.46899445105626,1 1 1,887.4794018243992,162,1.202187171729987,0.08614469494675256,0.26493983969436596,0.3040784243739649,-0.02426682421453208
tersoff_1989,655,54,dia,PW91,dft,-8794.890452,-234.38148933068334,1 1 1,887.4827179235933,162,1.7170832776907268,0.10295280225383895,0.30650939589845466,0.35056828029819603,-0.023350396059494294
tersoff_1989,656,54,dia,PW91,dft,-8794.853706,-234.29257435797572,1 1 1,887.4863830952028,162,2.2098670396870226,0.1167953533577825,0.3364306261124515,0.37612474516236866,-0.0223843039723155
tersoff_1989,657,54,dia,PW91,dft,-8794.866745,-234.26245898667375,1 1 1,887.4906300526429,162,2.462509687279521,0.12329102595879537,0.3434861684053148,0.35516632879609217,-0.021585148948192412
tersoff_1989,658,128,dia,PW91,dft,-20885.217841,-589.8561283438348,1 1 1,2675.982405977944,384,1.1444436882512787,0.05459232642799754,0.18929705730966054,0.2833495603357237,0.006219230931326258
tersoff_1989,659,128,dia,PW91,dft,-20884.400766,-590.3471741751113,1 1 1,2510.544346658163,384,2.385126929555797,0.07881159842128709,0.29268983329850007,0.3138016489879428,-0.004000463063041693
tersoff_1989,660,128,dia,PW91,dft,-20876.900954,-578.9132638015329,1 1 1,2919.6722120848954,384,1.2857887363053997,0.05786543154130952,0.19013005214560966,0.22151401530504228,0.026734680480553052
tersoff_1989,661,128,dia,PW91,dft,-20851.883614,-559.2130316664753,1 1 1,2163.7741885338937,384,15.451774222951238,0.20059659860593063,0.6869577982031014,0.8243996424093643,-0.014805224714326215
tersoff_1989,662,128,dia,PW91,dft,-20853.645364,-547.5615958485233,1 1 1,3170.985498370611,384,1031.6567996642348,1.639087016947426,6.52804345955479,0.5531911960092889,0.08998528948843543
tersoff_1989,663,128,dia,PW91,dft,-20885.282734,-591.0180306556239,1 1 1,2543.3036390512634,384,1.6892434063344812,0.06632549563073548,0.26411289721471604,0.2561479236345508,-0.0023511543170346982
tersoff_1989,664,128,dia,PW91,dft,-20885.066165,-590.4892144690372,1 1 1,2562.4222711288066,384,2.246519808362203,0.07648733229066913,0.3319110144196081,0.3113838226336055,8.827682817269533e-05
tersoff_1989,665,128,dia,PW91,dft,-20884.819871,-590.447454684396,1 1 1,2546.089398445905,384,2.280660387226956,0.07706633349526583,0.24443847008575517,0.3326658638030715,-0.0015096467293220783
tersoff_1989,666,128,dia,PW91,dft,-20884.586851,-590.4152740806625,1 1 1,2525.693564615467,384,2.294476148507119,0.07729940687614592,0.2926924847205909,0.3231690536366151,-0.0030787045126512425
tersoff_1989,667,128,dia,PW91,dft,-20884.830698,-590.5277271688041,1 1 1,2542.2121262489927,384,2.0942005342640684,0.0738488132920632,0.25345587916359624,0.3252480696085906,-0.0020521895762453113
tersoff_1989,668,128,dia,PW91,dft,-20883.326536,-589.7159468195392,1 1 1,2465.8685190419387,384,2.267001450138226,0.07683521074178794,0.262577344858974,0.2909499387902174,-0.007461421222622278
tersoff_1989,669,128,dia,PW91,dft,-20883.562926,-589.6949616702791,1 1 1,2484.016204324961,384,2.7423255835641336,0.08450723563024015,0.34705880621595797,0.33841586207337354,-0.00545067786904152
tersoff_1989,670,128,dia,PW91,dft,-20883.779565,-589.8883815023595,1 1 1,2490.247593817815,384,2.5973634452242096,0.08224334201180895,0.2893595070724166,0.32425809885638684,-0.00526927811965372
tersoff_1989,671,128,dia,PW91,dft,-20883.224404,-589.358491851297,1 1 1,2477.6482613710273,384,3.0240951417195916,0.08874259273254737,0.26966184049636405,0.35605618505714504,-0.005466710533229779
tersoff_1989,672,128,dia,PW91,dft,-20882.615981,-588.929349440792,1 1 1,2458.80772208075,384,2.972028544107569,0.08797532419347368,0.34169198970563996,0.3473389105728246,-0.006867340138670741
tersoff_1989,673,128,dia,PW91,dft,-20880.517284,-587.3295031439592,1 1 1,2402.076737952053,384,3.1433050378782825,0.09047480424299369,0.3826130076302027,0.3015814954220328,-0.010764611257146228
tersoff_1989,674,128,dia,PW91,dft,-20881.087016,-587.5704724922851,1 1 1,2417.1562386286064,384,4.106830421882108,0.10341600886863692,0.43607202475375134,0.3126728774426737,-0.008196153040943344
tersoff_1989,675,128,dia,PW91,dft,-20881.412791,-587.900316058211,1 1 1,2425.040552587042,384,3.2043819741832973,0.0913495742980539,0.340358147930232,0.30268524553284926,-0.008227938712258798
tersoff_1989,676,128,dia,PW91,dft,-20880.861449,-587.3175698220665,1 1 1,2417.9317763120453,384,3.9406431224282805,0.10130198154358572,0.32946378939343746,0.33505520619082,-0.007982593117370484
tersoff_1989,677,128,dia,PW91,dft,-20880.170129,-586.6683228958645,1 1 1,2402.6086630018967,384,4.919420084584038,0.11318564309842599,0.3702737828903979,0.3367652414118433,-0.008311289006431188
tersoff_1989,678,128,dia,PW91,dft,-20877.02895,-584.2297359853987,1 1 1,2347.201416580702,384,3.227416134886587,0.0916773119039483,0.38046929062081053,0.3319461354855665,-0.013800289705904412
tersoff_1989,679,128,dia,PW91,dft,-20877.927976,-584.8766072971835,1 1 1,2360.952614635299,384,3.3595326406803605,0.09353492886851648,0.3170859758946864,0.299345730485932,-0.01183033120422916
tersoff_1989,680,128,dia,PW91,dft,-20878.176836,-585.0330570740218,1 1 1,2369.074626509962,384,3.929160908872302,0.10115428743684053,0.39585112136700923,0.3550269551932671,-0.011108376335781323
tersoff_1989,681,128,dia,PW91,dft,-20878.084061,-585.1242180677489,1 1 1,2364.5851491339695,384,3.4624957818216955,0.09495744361814928,0.38662027607752203,0.3464903133386271,-0.012545376286753118
tersoff_1989,682,128,dia,PW91,dft,-20876.980323,-583.9968628360448,1 1 1,2351.6165614158353,384,3.9761157275248227,0.10175690659817262,0.32626089419629584,0.3621999475402738,-0.012360866664077541
tersoff_1989,683,128,dia,PW91,dft,-20872.765154,-580.2281112663386,1 1 1,2297.3654787306523,384,4.036593057401722,0.102527855175965,0.4280472476380092,0.37541475315642564,-0.015848502838241352
tersoff_1989,684,128,dia,PW91,dft,-20873.784497,-581.0154108795865,1 1 1,2309.935564554983,384,4.484276269723441,0.10806388289219543,0.35439015531375506,0.3562775111329124,-0.014035663879241156
tersoff_1989,685,128,dia,PW91,dft,-20874.531381,-581.7305703744731,1 1 1,2318.5114786277804,384,4.53155823169903,0.10863209882465476,0.3773265029742496,0.3517278732464767,-0.013787816183041812
tersoff_1989,686,128,dia,PW91,dft,-20874.238169,-581.5405856359847,1 1 1,2315.7882680657203,384,4.0046046956602215,0.102120801316946,0.3593581700402981,0.3812904862540009,-0.014594279163604895
tersoff_1989,687,128,dia,PW91,dft,-20873.152711,-580.3943451330231,1 1 1,2304.2270056681223,384,4.665801659123014,0.11022942054626879,0.4174487172960852,0.36617216198356584,-0.014119415859227935
tersoff_1989,688,128,dia,PW91,dft,-20868.344217,-576.010489189547,1 1 1,2251.883097886007,384,4.705832681980403,0.11070127645751862,0.3620393874047525,0.35415073727620733,-0.01743690067579884
tersoff_1989,689,128,dia,PW91,dft,-20869.449285,-576.7126149331411,1 1 1,2262.202087068628,384,6.261604649220324,0.12769597529814553,0.43731516577942847,0.32490820330998876,-0.014288914297650557
tersoff_1989,690,128,dia,PW91,dft,-20869.911168,-577.0116296566852,1 1 1,2269.628837219366,384,7.235651366077507,0.13726923216496906,0.47765764530781485,0.3661642459142311,-0.013016505887838647
tersoff_1989,691,128,dia,PW91,dft,-20869.896793,-577.2416738181713,1 1 1,2268.5609297972255,384,6.2097302837070085,0.1271659255218171,0.4842394253507654,0.3702213956793286,-0.014926030586940087
tersoff_1989,692,128,dia,PW91,dft,-20868.847108,-576.1602783582448,1 1 1,2260.4090665725357,384,6.375583395121117,0.1288529462531917,0.5617892317534632,0.38917013289498464,-0.014678292618749644
tersoff_1989,693,128,dia,PW91,dft,-20863.36547,-571.2190089684028,1 1 1,2210.6425270493887,384,5.425009066551595,0.11885969786886601,0.4456471292716553,0.37548376024199603,-0.018899922385617884
tersoff_1989,694,128,dia,PW91,dft,-20864.620709,-572.2871097485161,1 1 1,2219.9967918297334,384,5.573463196684113,0.12047500601659338,0.39417623865301393,0.34000418871385796,-0.01743790504276621
tersoff_1989,695,128,dia,PW91,dft,-20865.28669,-572.8136363282302,1 1 1,2227.8762128027042,384,6.730731505698508,0.13239315174669422,0.4538647345457866,0.3906528686108759,-0.016348417384268288
tersoff_1989,696,128,dia,PW91,dft,-20865.334716,-572.931818064943,1 1 1,2228.566359808886,384,6.172630244552044,0.12678547995934292,0.41074745377086713,0.42248550869224843,-0.0168965090773332
tersoff_1989,697,128,dia,PW91,dft,-20864.422538,-571.8695087800426,1 1 1,2221.771239825049,384,7.074404263375124,0.13573108623011182,0.47674093767666814,0.4005332842081838,-0.01572360841406706
tersoff_1989,698,128,dia,PW91,dft,-20858.487243,-566.4784306575889,1 1 1,2173.0339677791167,384,4.9283661934346545,0.11328851204808638,0.41753519861238625,0.32292652861298227,-0.019975302769892345
tersoff_1989,699,128,dia,PW91,dft,-20859.414669,-566.9229226319184,1 1 1,2180.8863499745203,384,7.83887786255677,0.14287667561131728,0.5166934311476985,0.35029442718991766,-0.01620238069432567
tersoff_1989,700,128,dia,PW91,dft,-20859.98592,-567.2530928518192,1 1 1,2187.0770437208967,384,8.879580130311155,0.15206546810289298,0.5830351518317178,0.38325364426777636,-0.01431893709982024
tersoff_1989,701,128,dia,PW91,dft,-20859.873657,-567.1690434480126,1 1 1,2186.684610220646,384,9.448505520223414,0.15686135000560783,0.5971046536918987,0.4075074183233253,-0.01453935582007393
tersoff_1989,702,128,dia,PW91,dft,-20859.056789,-566.5135836457376,1 1 1,2180.1881277469433,384,8.281987721163606,0.14685937612967342,0.5479448419931215,0.383427705241307,-0.015800357364813777
tersoff_1989,703,128,dia,PW91,dft,-20853.012499,-561.1557677116776,1 1 1,2138.259037160192,384,5.574732262345311,0.12048872118663603,0.41880395134659326,0.3532140126035194,-0.021163436004954406
tersoff_1989,704,128,dia,PW91,dft,-20853.85068,-561.5001410174538,1 1 1,2144.7501219031083,384,8.721147070376656,0.15070275543523595,0.5167531399075741,0.3879798350789182,-0.01730556339383682
tersoff_1989,705,128,dia,PW91,dft,-20854.72915,-561.8813641898402,1 1 1,2150.0422232454193,384,11.661512991046415,0.17426566906359775,0.5908706665493557,0.35268247842687467,-0.01342082255310828
tersoff_1989,706,128,dia,PW91,dft,-20854.433282,-560.8306949678953,1 1 1,2149.2927201719576,384,17.607472251268618,0.21413265122585118,0.766225668072407,0.3871654677212746,-0.00752393800664386
tersoff_1989,707,128,dia,PW91,dft,-20853.146688,-558.5362012834178,1 1 1,2141.2786501272317,384,24.748549728940866,0.25386876186811597,0.8332419356310141,0.37674744522227405,0.00035027827832845304
tersoff_1989,708,128,dia,PW91,dft,-20847.479926,-555.5425449181718,1 1 1,2106.3125784478807,384,6.761200412050897,0.13269247431454384,0.4727378905495777,0.3516943372262044,-0.020533359493192904
tersoff_1989,709,128,dia,PW91,dft,-20848.149056,-554.9754984874644,1 1 1,2111.3449808058886,384,15.42469340242184,0.20042073845323544,0.696286072716236,0.39303261302604814,-0.01087573112830409
tersoff_1989,710,128,dia,PW91,dft,-20848.467227,-553.3433724514639,1 1 1,2113.7509126589753,384,27.366346366580757,0.2669579124062519,0.8281189343715508,0.4039717017951902,0.004360964465470296
tersoff_1989,711,128,dia,PW91,dft,-20847.712071,-549.6616285738919,1 1 1,2107.7146325468284,384,44.50355910409911,0.3404330847125831,0.9629357125001505,0.3695857818026514,0.02722493225900724
tersoff_1989,712,128,dia,PW91,dft,-20844.789522,-542.7617214237952,1 1 1,2089.79852501234,384,65.66256245348904,0.41351693603683803,1.0906868605040096,0.39386663256378474,0.058298042806617545
tersoff_1989,713,2,bt,UNSPECIFIED,dft,-323.962276,-5.134467529441333,1 1 1,26.217399989342944,6,29.698088928431538,2.2247879647444884,3.8534457910052127,3.8335014132469896,
tersoff_1989,714,2,bt,UNSPECIFIED,dft,-325.290601,-7.513384796203324,1 1 1,31.10463887859847,6,20.97754329689773,1.8698281247616373,3.238637313508394,0.0513035232708242,
tersoff_1989,715,2,bt,UNSPECIFIED,dft,-325.277218,-7.415597019589332,1 1 1,28.65424874769037,6,23.06579993272357,1.9606886516699336,3.396012362516043,0.8219842127234968,
tersoff_1989,716,2,bt,UNSPECIFIED,dft,-325.157426,-6.849314638876113,1 1 1,28.465225704788338,6,4.104760263083375,0.8271195261350658,1.4326130431982305,1.5004226852235116,
tersoff_1989,717,2,bt,UNSPECIFIED,dft,-325.278572,-7.271181822195492,1 1 1,32.982894590379495,6,1.9543585779874224,0.5707244778915396,0.9885237928313677,0.1580642359928393,
tersoff_1989,718,2,bt,UNSPECIFIED,dft,-325.295207,-6.712114739512442,1 1 1,33.9259984364876,6,32.916416279546745,2.342235978701646,4.056871718427066,0.18570900265379348,
tersoff_1989,719,2,bt,UNSPECIFIED,dft,-324.430523,-6.183519684891328,1 1 1,27.880416661669024,6,38.167246192319105,2.522143473064102,4.368480639325254,3.0524917076709643,
tersoff_1989,720,2,bt,UNSPECIFIED,dft,-325.255433,-7.358007490037744,1 1 1,32.80383156478897,6,30.965313860056586,2.2717582713270277,3.9348007484532603,0.24695509585077743,
tersoff_1989,721,2,bt,UNSPECIFIED,dft,-325.481616,-8.070743224934532,1 1 1,30.690766516223206,6,10.380662611416666,1.3153366243042544,2.278229862351105,0.9548023281112519,
tersoff_1989,722,2,bt,UNSPECIFIED,dft,-325.531818,-7.958201174575486,1 1 1,32.624343435234806,6,10.35606487157247,1.3137773068251501,2.2755290452521675,0.33797750778219937,
tersoff_1989,723,2,bt,UNSPECIFIED,dft,-325.431831,-7.580062722993988,1 1 1,30.112085385107797,6,25.338236253215406,2.055003497694323,3.55937046773832,0.49884742320005354,
tersoff_1989,724,2,bt,UNSPECIFIED,dft,-325.031501,-6.218223092036299,1 1 1,31.112432789879417,6,100.89332964478574,4.100677375848729,7.102581560418218,0.8066004930364639,
tersoff_1989,725,2,bt,UNSPECIFIED,dft,-325.29953,-7.17065240001112,1 1 1,30.92399157316894,6,8.985227098325096,1.2237392899310087,2.11957862537877,0.03774016207349054,
tersoff_1989,726,2,bt,UNSPECIFIED,dft,-324.354889,-4.916230406995558,1 1 1,24.006011454635292,6,9.41849918298676,1.2528965894402964,2.1700805495403586,0.833103766986242,
tersoff_1989,727,2,bt,UNSPECIFIED,dft,-325.231754,-7.268942891290237,1 1 1,27.93583187021612,6,7.8087561609324565,1.140815217357925,1.9759499185116607,0.28304991344284136,
tersoff_1989,728,2,bt,UNSPECIFIED,dft,-325.011005,-6.798422972316398,1 1 1,25.72338898280347,6,9.68238696188218,1.2703271863239394,2.200271228949081,0.8640880999836379,
tersoff_1989,729,2,bt,UNSPECIFIED,dft,-324.842526,-5.876567772404085,1 1 1,26.906881430178647,6,25.15317144632433,2.047485101546298,3.5463482236185118,1.252179070793524,
tersoff_1989,730,2,bt,UNSPECIFIED,dft,-325.18817,-7.15685377484086,1 1 1,28.735604660715197,6,10.779959928062983,1.3403954595605347,2.3216330381934838,0.7507767510163501,
tersoff_1989,731,2,bt,UNSPECIFIED,dft,-324.978589,-6.278859831315794,1 1 1,29.113819563878245,6,3.908213851361599,0.8070743306703126,1.3978937462056291,0.34632638892620743,
tersoff_1989,732,2,bt,UNSPECIFIED,dft,-324.590903,-5.656312226621106,1 1 1,24.872819057251046,6,3.782213252933257,0.7939577290315123,1.3751751257445834,1.1865792760985954,
tersoff_1989,733,2,bt,UNSPECIFIED,dft,-324.542545,-5.139832424925302,1 1 1,24.93552774565426,6,7.539897485320161,1.1210038273291905,1.941635584413327,1.658424336109429,
tersoff_1989,734,2,bt,UNSPECIFIED,dft,-325.34767,-7.183180572893749,1 1 1,26.364574768499043,6,4.556995401504932,0.8714925321448,1.5094693440916498,0.5625298822877471,
tersoff_1989,735,2,bt,UNSPECIFIED,dft,-323.646183,-3.4775704039649966,1 1 1,22.249794614990293,6,24.04292146440409,2.0017875954757742,3.4671978213251755,0.7534185460286997,
tersoff_1989,736,2,bt,UNSPECIFIED,dft,-324.846177,-6.558786954165338,1 1 1,26.427314106535196,6,12.631813127131434,1.4509659499296457,2.5131467453305865,0.18002807614369487,
tersoff_1989,737,2,bt,UNSPECIFIED,dft,-325.17637,-6.761660642650867,1 1 1,28.03515426738705,6,4.235307432960755,0.840169371115209,1.4552160377347338,0.16811963498255242,
tersoff_1989,738,2,bt,UNSPECIFIED,dft,-324.870662,-6.122037907940918,1 1 1,26.011029856853252,6,5.598218879157871,0.9659381345922964,1.6730539260821633,0.6866181747764425,
tersoff_1989,739,2,bt,UNSPECIFIED,dft,-324.975745,-6.972636732623284,1 1 1,27.146842692338474,6,1.4774852678846648,0.49623335704831867,0.8595013868181569,0.1153194035422198,
tersoff_1989,740,2,bt,UNSPECIFIED,dft,-325.052148,-6.904778189708903,1 1 1,25.467420425789882,6,18.337633289064975,1.7482197272780566,3.0280053904398017,0.9171810747429684,
tersoff_1989,741,2,bt,UNSPECIFIED,dft,-324.877388,-6.875608923271846,1 1 1,24.873023770038017,6,9.009351929678257,1.2253810243946068,2.122422192882257,0.7259480371899907,
tersoff_1989,742,2,bt,UNSPECIFIED,dft,-325.317474,-7.754668310871645,1 1 1,28.956440168437386,6,26.040417173072175,2.0832833529900254,3.608352613941172,0.09649034735834115,
tersoff_1989,743,2,bt,UNSPECIFIED,dft,-324.7844,-5.633685077849739,1 1 1,25.460921267376445,6,29.85367135957719,2.230607964942039,3.8635263270474294,0.40260223765730196,
tersoff_1989,744,2,bt,UNSPECIFIED,dft,-323.658032,-3.3644505432570093,1 1 1,22.69179697805819,6,34.1423148693788,2.3854529573150534,4.131725721135109,2.0075442698149066,
tersoff_1989,745,2,bt,UNSPECIFIED,dft,-325.18298,-7.275995870349257,1 1 1,26.6703837113038,6,7.107640386695004,1.0883964034835074,1.8851578696086713,0.1345218501458654,
tersoff_1989,746,2,bt,UNSPECIFIED,dft,-325.460995,-7.419523603715637,1 1 1,27.389704670563628,6,6.880491447871975,1.0708634715244185,1.854789940649882,0.5209894475258912,
tersoff_1989,747,2,bt,UNSPECIFIED,dft,-324.997453,-6.5033297917144015,1 1 1,24.796732346399562,6,4.644830169788034,0.8798513292774746,1.5239472054156005,0.5370457991953138,
tersoff_1989,748,2,bt,UNSPECIFIED,dft,-325.550636,-8.355390313486057,1 1 1,29.102315842720223,6,1.171033806508472,0.44178309280091893,0.7651907626561091,0.20625788590984828,
tersoff_1989,749,2,bt,UNSPECIFIED,dft,-325.410779,-7.582991770060951,1 1 1,27.488208235668175,6,17.32453662114352,1.6992418221638104,2.94317317033364,0.48020594654793686,
tersoff_1989,750,2,bt,UNSPECIFIED,dft,-324.591641,-5.776487952372696,1 1 1,24.870234153658004,6,2.7165007449604124,0.6728670924930634,1.165439990939133,0.9211826428383607,
tersoff_1989,751,2,bt,UNSPECIFIED,dft,-325.224523,-7.3688290914862655,1 1 1,27.318525926741398,6,28.664441109670367,2.1857279912220844,3.7857919323221143,0.48498883378898533,
tersoff_1989,752,2,bt,UNSPECIFIED,dft,-325.169081,-7.376357346990268,1 1 1,27.495597072712773,6,3.2583185595156103,0.7369213616476332,1.276385239556543,0.14888157732461954,
tersoff_1989,753,2,bt,UNSPECIFIED,dft,-324.755473,-5.609785987308454,1 1 1,24.751268218637374,6,16.482822329541484,1.6574489599754139,2.870785809629612,0.9284195254481313,
tersoff_1989,754,2,bt,UNSPECIFIED,dft,-324.331611,-5.495354931418278,1 1 1,24.86049829197316,6,14.202710095996355,1.5385442305415615,2.6648367769899544,0.08199189187555884,
tersoff_1989,755,2,bt,UNSPECIFIED,dft,-324.994661,-6.537543067615094,1 1 1,26.861010432801347,6,18.897727156505127,1.7747172148685701,3.0739003852194986,0.21700680204392983,
tersoff_1989,756,2,bt,UNSPECIFIED,dft,-325.353253,-7.262730108259583,1 1 1,26.166543973266727,6,36.70941097695644,2.4735066530789993,4.284239195992475,0.5196341835368417,
tersoff_1989,757,2,bt,UNSPECIFIED,dft,-325.321886,-7.155651646043449,1 1 1,26.636618171657933,6,1.9279116029244887,0.5668497159630714,0.9818125083040277,0.42268732754444704,
tersoff_1989,758,2,bt,UNSPECIFIED,dft,-324.433778,-5.891232810932706,1 1 1,25.211756710709256,6,25.060727132932726,2.043719123433743,3.5398253581873758,2.97075579385112,
tersoff_1989,759,2,bt,UNSPECIFIED,dft,-325.282317,-7.14772681366053,1 1 1,25.58822491072935,6,14.818393739628492,1.5715381923256215,2.721983995142931,0.11824471235535228,
tersoff_1989,760,2,bt,UNSPECIFIED,dft,-324.25527,-4.683772910532909,1 1 1,24.715206898361416,6,58.62306272266076,3.1257815748668034,5.414012501031966,3.0683615849396455,
tersoff_1989,761,2,bt,UNSPECIFIED,dft,-324.375799,-5.379895235914375,1 1 1,24.071586272409196,6,70.27014769088323,3.4222348373269,5.927484613682402,0.698136211924292,
tersoff_1989,762,2,bt,UNSPECIFIED,dft,-324.973312,-6.120772678280746,1 1 1,26.773184974145362,6,17.126490597154806,1.6895014351949516,2.9263023252181966,0.16433091553326173,
tersoff_1989,763,2,bt,UNSPECIFIED,dft,-325.179164,-6.841158768639204,1 1 1,30.119821700095525,6,12.778327119292117,1.4593564288920944,2.527679481193386,0.07144262243227077,
tersoff_1989,764,2,bt,UNSPECIFIED,dft,-324.864895,-6.338969456085566,1 1 1,26.277574367611805,6,24.65302780960432,2.0270268790194637,3.5109135427694826,0.6537729353529405,
tersoff_1989,765,2,bt,UNSPECIFIED,dft,-325.215377,-7.242210660720658,1 1 1,27.909272279303586,6,6.424661636438321,1.0347835229681552,1.792297636615962,0.6997824824662779,
tersoff_1989,766,2,bt,UNSPECIFIED,dft,-325.370056,-7.627067491765244,1 1 1,28.86289111214715,6,3.127359585474038,0.7219602465364741,1.2504718280461258,0.7999613016265225,
tersoff_1989,767,2,bt,UNSPECIFIED,dft,-325.201058,-7.451693598140232,1 1 1,30.521134654169984,6,1.2827184606066937,0.4623704252016078,0.800849068366411,0.2430447836647943,
tersoff_1989,768,2,bt,UNSPECIFIED,dft,-325.601084,-8.154580670209922,1 1 1,29.436132135168194,6,5.4114764138045635,0.9496908631939627,1.6449128265358897,0.32081757853958065,
tersoff_1989,769,2,bt,UNSPECIFIED,dft,-325.053108,-6.597941296848094,1 1 1,27.162777910831498,6,12.554184502513388,1.4465006338582196,2.505412591023025,0.9198969744850054,
tersoff_1989,770,2,bt,UNSPECIFIED,dft,-325.548642,-7.696947944976351,1 1 1,29.055915473993622,6,0.9218609716728962,0.3919738451463516,0.6789186150316168,0.25473285889339053,
tersoff_1989,771,2,bt,UNSPECIFIED,dft,-325.145659,-6.580936349348459,1 1 1,30.471139113457944,6,49.070739326220405,2.8598000899311242,4.953319055250753,0.8183244134408636,
tersoff_1989,772,2,bt,UNSPECIFIED,dft,-325.379143,-7.466602326740839,1 1 1,28.839039794439177,6,3.949402256128924,0.8113160354355266,1.405240594369685,0.26847282581296755,
tersoff_1989,773,16,bt,UNSPECIFIED,dft,-2605.131243,-67.32750935236838,1 1 1,228.7750597950518,48,48.55583549985944,1.0057732876981131,2.9877776981098125,0.18254208067365363,
tersoff_1989,774,16,bt,UNSPECIFIED,dft,-2605.097621,-67.03646299473502,1 1 1,228.78845636489066,48,74.02513138026205,1.2418495227235837,3.695354334669343,0.18532757228755792,
tersoff_1989,775,16,bt,UNSPECIFIED,dft,-2605.084359,-66.91150617787227,1 1 1,228.80802990034599,48,82.82881207006861,1.31362104560629,3.9221911611652427,0.20765578423699962,
tersoff_1989,776,16,bt,UNSPECIFIED,dft,-2605.093025,-66.92799104498353,1 1 1,228.8337613359204,48,92.83569891949526,1.390710991120304,4.110726120092155,0.20930292815777007,
tersoff_1989,777,16,bt,UNSPECIFIED,dft,-2605.13031,-67.19942945968236,1 1 1,228.86552204704117,48,65.00104197844828,1.1636959974800145,3.656121681196673,0.19177801157305982,
tersoff_1989,778,16,bt,UNSPECIFIED,dft,-2605.165017,-67.40075053084315,1 1 1,228.90301884778913,48,44.875433376177725,0.9669047843524732,3.5141666916904506,0.17134288794694688,
tersoff_1989,779,16,bt,UNSPECIFIED,dft,-2605.15204,-67.28428402009723,1 1 1,228.9458457071576,48,52.866886106333595,1.0494729441717956,2.851034227017856,0.18172798947992758,
tersoff_1989,780,16,bt,UNSPECIFIED,dft,-2605.101346,-66.85009929722463,1 1 1,228.9939444104853,48,60.926265034410946,1.1266309015009728,3.001945066769264,0.21248950288778976,
tersoff_1989,781,16,bt,UNSPECIFIED,dft,-2605.045739,-66.34794523249694,1 1 1,229.04731733964059,48,70.43627760608848,1.2113721352775304,3.04513192163802,0.24046409399759316,
tersoff_1989,782,16,bt,UNSPECIFIED,dft,-2605.046485,-66.11078132688425,1 1 1,229.10580539802595,48,64.72465610718203,1.1612193313781392,3.175207965061475,0.2096201488854304,
tersoff_1989,783,16,bt,UNSPECIFIED,dft,-2605.0308,-66.00128072604281,1 1 1,229.16911107383842,48,70.33722884360716,1.210520108978705,2.692371270927979,0.2262006726706768,
tersoff_1989,784,16,bt,UNSPECIFIED,dft,-2605.021849,-66.01957275823086,1 1 1,229.23734594033246,48,96.23570957706174,1.415948662977859,3.417958481963117,0.2330991198905521,
tersoff_1989,785,16,bt,UNSPECIFIED,dft,-2605.045661,-66.39268565652957,1 1 1,229.31054450317097,48,95.42522696731353,1.4099736032348378,3.818869700265466,0.22994423300824485,
tersoff_1989,786,16,bt,UNSPECIFIED,dft,-2605.086589,-66.80515162499611,1 1 1,229.38882719032395,48,67.15935068133658,1.1828580384790526,3.1922851941467876,0.21761858505287796,
tersoff_1989,787,16,bt,UNSPECIFIED,dft,-2604.889134,-67.30974191988061,1 1 1,224.1573299052941,48,7.2208549096162695,0.3878588367997722,1.5909183439582135,0.1598157916946883,
tersoff_1989,788,16,bt,UNSPECIFIED,dft,-2604.823105,-67.04204597693757,1 1 1,224.16254245874944,48,36.93537120288971,0.8772040241928911,2.960656733559076,0.22375580555317442,
tersoff_1989,789,16,bt,UNSPECIFIED,dft,-2604.833938,-66.94637121324098,1 1 1,224.1717872783754,48,50.69291747757493,1.027668452103828,3.4057842205667685,0.18359160362291443,
tersoff_1989,790,16,bt,UNSPECIFIED,dft,-2604.815688,-66.6642261614377,1 1 1,224.184996908515,48,72.43218481607326,1.2284151783232165,4.10552423394204,0.21062132625381663,
tersoff_1989,791,16,bt,UNSPECIFIED,dft,-2604.790092,-66.41154210140178,1 1 1,224.20208818482047,48,87.72619691789129,1.351898332884566,4.073824338770422,0.2407115282691435,
tersoff_1989,792,16,bt,UNSPECIFIED,dft,-2604.80719,-66.44403388781704,1 1 1,224.2231094947668,48,89.79105656981916,1.3677159836278996,3.860599020357144,0.2116675613137261,
tersoff_1989,793,16,bt,UNSPECIFIED,dft,-2604.778884,-66.47224304390322,1 1 1,224.2480415385054,48,91.36848432212248,1.3796775311804632,4.044055268462635,0.25505304616964813,
tersoff_1989,794,16,bt,UNSPECIFIED,dft,-2604.770942,-66.39581838209429,1 1 1,224.27702055349175,48,103.27796925928267,1.4668416272960039,4.211659450087918,0.2550391172447866,
tersoff_1989,795,16,bt,UNSPECIFIED,dft,-2604.792601,-66.48377011094522,1 1 1,224.3102068494827,48,87.09913716049161,1.3470580379145665,4.338401404356801,0.2306007137935252,
tersoff_1989,796,16,bt,UNSPECIFIED,dft,-2604.758827,-66.4512803275296,1 1 1,224.347345973852,48,81.29488958489664,1.301400604356199,3.981947546863317,0.27909501538081377,
tersoff_1989,797,16,bt,UNSPECIFIED,dft,-2604.754037,-66.43634517744641,1 1 1,224.38857460491687,48,61.435397475910776,1.1313284731153346,3.2559309193985766,0.261730568830652,
tersoff_1989,798,16,bt,UNSPECIFIED,dft,-2604.769203,-66.51834382339797,1 1 1,224.43374217215532,48,41.963584006896454,0.9350087344388872,3.069295899103194,0.23294078099379678,
tersoff_1989,799,16,bt,UNSPECIFIED,dft,-2604.752899,-66.54015680259374,1 1 1,224.48289390224912,48,63.258910960879774,1.1479956351622866,3.994451012346978,0.26696573974950416,
tersoff_1989,800,16,bt,UNSPECIFIED,dft,-2604.766204,-66.76671607631128,1 1 1,224.53580801783215,48,64.41786815489478,1.1584640347864241,4.397135689052857,0.26317577404417375,
tersoff_1989,801,16,bt,UNSPECIFIED,dft,-2604.788486,-66.9450393809072,1 1 1,224.59245063506458,48,43.274360610679174,0.9494994362237134,4.32695794531934,0.26119247021672864,
tersoff_1989,802,16,bt,UNSPECIFIED,dft,-2604.805562,-66.79284918401781,1 1 1,224.65273944042673,48,74.55547477934569,1.2462901178710497,3.7848206938357114,0.25563146790920843,
tersoff_1989,803,16,bt,UNSPECIFIED,dft,-2604.799171,-66.64722566196296,1 1 1,224.71665650024394,48,83.52192002406596,1.31910575789107,3.6213191936896982,0.26775988089844605,
tersoff_1989,804,16,bt,UNSPECIFIED,dft,-2604.745182,-66.36811493090377,1 1 1,224.78417592325562,48,78.04065404114063,1.2750870398488212,4.322154744388566,0.31469533868754185,
tersoff_1989,805,16,bt,UNSPECIFIED,dft,-2604.744277,-66.10192236914864,1 1 1,224.85556013833505,48,93.66029751766057,1.3968737230990478,4.135610808050986,0.2927823433706058,
tersoff_1989,806,16,bt,UNSPECIFIED,dft,-2604.743875,-66.06094028365844,1 1 1,224.93069565128116,48,120.75987922729556,1.5861370739111182,4.1093774569850146,0.3258407378900772,
tersoff_1989,807,16,bt,UNSPECIFIED,dft,-2604.443394,-65.77471843732103,1 1 1,219.9868097083696,48,122.20756728194182,1.5956161772307444,4.133602357024784,0.24066554756203334,
tersoff_1989,808,16,bt,UNSPECIFIED,dft,-2604.485878,-65.67485007983281,1 1 1,219.99931924090933,48,103.24459795200355,1.4666046242938393,3.5488522250887504,0.1719786521272335,
tersoff_1989,809,16,bt,UNSPECIFIED,dft,-2604.46874,-65.44062477518258,1 1 1,220.01676873212725,48,117.79270035480658,1.5665294733024135,4.202514679664015,0.20220981734636428,
tersoff_1989,810,16,bt,UNSPECIFIED,dft,-2604.438133,-65.2887672303157,1 1 1,220.0391234243561,48,131.89031227802053,1.6576232500557622,4.2740710819410275,0.238069692076536,
tersoff_1989,811,16,bt,UNSPECIFIED,dft,-2604.463779,-65.35707660163018,1 1 1,220.06644716336245,48,134.28606210402396,1.6726106223009085,4.156150771200832,0.18811781893824767,
tersoff_1989,812,16,bt,UNSPECIFIED,dft,-2604.428384,-65.14411684890278,1 1 1,220.09873300314013,48,151.36500950627902,1.7757921325559136,4.5224964107441865,0.2676788332124899,
tersoff_1989,813,16,bt,UNSPECIFIED,dft,-2604.45528,-65.30790543049895,1 1 1,220.1360135539408,48,158.9750427065017,1.8198846272182896,4.236309620183002,0.23115093347835883,
tersoff_1989,814,16,bt,UNSPECIFIED,dft,-2604.486352,-65.42139778007251,1 1 1,220.17819559968225,48,158.8281122738801,1.8190434315061956,4.311641883632025,0.19635035320081126,
tersoff_1989,815,16,bt,UNSPECIFIED,dft,-2604.463116,-65.57180534387045,1 1 1,220.2251390859898,48,139.32573866635573,1.703707590975951,3.7925427244550125,0.24967340435390123,
tersoff_1989,816,16,bt,UNSPECIFIED,dft,-2604.501479,-65.62081945836717,1 1 1,220.27669259752776,48,127.19241988697932,1.62783355444552,3.8881326710041595,0.19112518138208093,
tersoff_1989,817,16,bt,UNSPECIFIED,dft,-2604.489981,-65.51296074175366,1 1 1,220.33244872355556,48,137.70734368595237,1.693783632421019,3.871550724804325,0.21397134445021684,
tersoff_1989,818,16,bt,UNSPECIFIED,dft,-2604.438251,-65.34112208794595,1 1 1,220.3923902910839,48,133.8863015481301,1.6701191421330925,3.7505812318440985,0.2610740298387605,
tersoff_1989,819,16,bt,UNSPECIFIED,dft,-2604.44867,-65.20164874918528,1 1 1,220.45654354003435,48,129.89119197534822,1.6450126137772991,4.014358774619624,0.25890171685731767,
tersoff_1989,820,16,bt,UNSPECIFIED,dft,-2604.469579,-65.23804113403695,1 1 1,220.52480455378867,48,144.13876082732233,1.7328851233042586,4.079117960154025,0.248778065724084,
tersoff_1989,821,16,bt,UNSPECIFIED,dft,-2604.472333,-65.03458829498832,1 1 1,220.59699025416174,48,196.0626458358775,2.0210488502047927,5.182503359489846,0.2538307229524892,
tersoff_1989,822,16,bt,UNSPECIFIED,dft,-2604.488581,-65.4779818644486,1 1 1,220.67300442069404,48,162.0526440495043,1.8374157806635218,3.994789829768185,0.2595955173277587,
tersoff_1989,823,16,bt,UNSPECIFIED,dft,-2604.518621,-66.02856960794188,1 1 1,220.75280247557004,48,113.55217611637389,1.5380735794355838,3.8615184970653553,0.25311682506552186,
tersoff_1989,824,16,bt,UNSPECIFIED,dft,-2604.509776,-65.90499104551373,1 1 1,220.83633172407818,48,121.85178418103087,1.5932918242132574,4.915012346569517,0.2722881858474277,
tersoff_1989,825,16,bt,UNSPECIFIED,dft,-2604.533314,-65.76667897220577,1 1 1,220.92348440827377,48,126.16083912498704,1.6212189288013807,4.320820928545157,0.2567122719846093,
tersoff_1989,826,16,bt,UNSPECIFIED,dft,-2604.537828,-65.84182308618654,1 1 1,221.01404233987557,48,102.22402848733829,1.4593379526870673,3.8569697027889895,0.23069737793355316,
tersoff_1989,827,16,bt,UNSPECIFIED,dft,-2604.087107,-65.13992828962583,1 1 1,216.3100119662564,48,123.3017806872294,1.6027436156948536,3.5544313115442026,0.23167668292345836,
tersoff_1989,828,16,bt,UNSPECIFIED,dft,-2604.096654,-64.70984722875195,1 1 1,216.3536359111428,48,164.12936324058074,1.849151625524193,4.513825208083369,0.22791861172539934,
tersoff_1989,829,16,bt,UNSPECIFIED,dft,-2604.084022,-63.00147570676345,1 1 1,216.85950602196073,48,131.72283974085727,1.6565705019511021,3.983046548360635,0.2544040514286935,
tersoff_1989,830,16,bt,UNSPECIFIED,dft,-2603.664741,-62.60213247942778,1 1 1,212.92185217927494,48,155.3435684432975,1.798978694306494,4.192485259551534,0.22361468916512767,
tersoff_1989,831,16,bt,UNSPECIFIED,dft,-2603.6504,-62.13942927138669,1 1 1,213.20252332127626,48,164.68848990293102,1.8522986277355666,4.136252246002844,0.26993404789796954,
tersoff_1989,832,16,bt,UNSPECIFIED,dft,-2602.639497,-57.95577067468083,1 1 1,206.70234032051,48,195.42950099573665,2.0177829262364124,4.501038484764641,0.3238639883661298,
tersoff_1989,833,16,bt,UNSPECIFIED,dft,-2602.742459,-59.18922010643911,1 1 1,206.94279386087086,48,170.64060738879886,1.8854741191364335,4.404462258582264,0.275686830653612,
tersoff_1989,834,16,bt,UNSPECIFIED,dft,-2602.224955,-58.49386620964552,1 1 1,203.82697451667843,48,133.7269277398801,1.669124818953784,4.75081335000998,0.3085822835093313,
tersoff_1989,835,16,bt,PW91,dft,-2605.667721,-68.23102322413042,1 1 1,246.3670463022169,48,2.454213403374111,0.22611821223339643,1.0399775160512161,0.11546368309812109,0.038499461796860146
tersoff_1989,836,16,bt,PW91,dft,-2605.595327,-67.9693498268932,1 1 1,247.6911422315119,48,13.336288589640091,0.5271046818398618,2.200896063711269,0.18971576691087993,0.050329424124199384
tersoff_1989,837,16,bt,PW91,dft,-2605.564127,-67.71805605381599,1 1 1,249.6065583156814,48,25.645703752992894,0.7309483530688189,2.0492485178538886,0.19113972839478802,0.0640852849415312
tersoff_1989,838,16,bt,PW91,dft,-2605.57116,-67.59849873367153,1 1 1,251.4852983903066,48,33.21063619109172,0.8317982050840682,2.1149071616798674,0.1456421598902598,0.071997179950551
tersoff_1989,839,16,bt,PW91,dft,-2605.554895,-67.50879368843236,1 1 1,252.5974017609618,48,34.2701038728589,0.8449618318901908,2.0073722551398765,0.14238345483382775,0.0765871827780149
tersoff_1989,840,16,bt,PW91,dft,-2605.515138,-67.40442947903512,1 1 1,252.51578475849286,48,37.088343458098684,0.8790186699062328,2.497056066300708,0.18146208270140993,0.08062513336534227
tersoff_1989,841,16,bt,PW91,dft,-2605.520908,-67.43509587654363,1 1 1,251.30095731432206,48,26.924691752275702,0.7489533217580455,2.3838153780330327,0.18252110734104152,0.0790691085210451
tersoff_1989,842,16,bt,PW91,dft,-2605.556185,-67.45774504337525,1 1 1,249.40401718678595,48,15.829352769754088,0.5742631650238506,1.4457082121844327,0.16210593880494734,0.07985834809406533
tersoff_1989,843,16,bt,PW91,dft,-2605.555694,-67.34138271890005,1 1 1,247.53354445797873,48,25.864198811472054,0.7340554987458381,2.272253337972632,0.16671250783534508,0.08710030587377915
tersoff_1989,844,16,bt,PW91,dft,-2605.540981,-67.32466546876118,1 1 1,246.41274039092085,48,32.50879612424373,0.8229620804883688,3.1065281245755374,0.18686687758267914,0.08722557150745658
tersoff_1989,845,16,bt,PW91,dft,-2605.545026,-67.44563765396983,1 1 1,246.46992754409092,48,21.1067619786251,0.6631170393588321,2.1246315366552913,0.18517227045600895,0.07991762243189626
tersoff_1989,846,16,bt,PW91,dft,-2605.551366,-67.5037445899119,1 1 1,247.68118708426604,48,25.651057132135705,0.7310246395205571,2.834544534610579,0.18849902780474315,0.07668218893553913
tersoff_1989,847,16,bt,PW91,dft,-2605.554652,-67.61174410855855,1 1 1,249.5864825898865,48,31.540055375044187,0.8106074802147383,3.0064856325343774,0.18228024957008734,0.07013759402010233
tersoff_1989,848,16,bt,PW91,dft,-2605.562064,-67.78874403414076,1 1 1,251.4307414405924,48,23.571799429581958,0.7007704009038606,2.325811659683773,0.14996309013942952,0.05953834867123842
tersoff_1989,849,16,bt,PW91,dft,-2605.553228,-67.82944983432044,1 1 1,252.4477373486215,48,22.52261091522245,0.6849971246171775,1.8497545189606934,0.1401177577596192,0.05644198616001006
tersoff_1989,850,16,bt,PW91,dft,-2605.550413,-67.78656868027986,1 1 1,252.21627649575308,48,26.29793949547078,0.7401849360051679,1.96479638350556,0.14834895753622043,0.05894612078752903
tersoff_1989,851,16,bt,PW91,dft,-2605.555163,-67.76762003810657,1 1 1,250.83246317933762,48,26.278700202818957,0.7399141307557665,1.946677256309072,0.15430592191325646,0.060427285923362994
tersoff_1989,852,16,bt,PW91,dft,-2605.547627,-67.69872302629554,1 1 1,248.84116163589334,48,30.711520347810147,0.7998895802417844,2.4501149104980433,0.17681334668113527,0.06426234916154794
tersoff_1989,853,16,bt,PW91,dft,-2605.528926,-67.61084848212548,1 1 1,247.0395008347799,48,33.35063042767603,0.8335495189708791,3.002477802424104,0.19589912521074038,0.06858569567217909
tersoff_1989,854,16,bt,PW91,dft,-2605.547558,-67.68675669890744,1 1 1,246.15116684000466,48,29.432688482304016,0.7830587526156644,2.480029295534075,0.171805831178931,0.06500593212332184
tersoff_1989,855,16,bt,PW91,dft,-2605.597787,-68.18221582470474,1 1 1,239.69636405308924,48,1.3926111697038617,0.17033124405746522,0.49021976279839025,0.13967038968287684,0.03717904926098736
tersoff_1989,856,16,bt,PW91,dft,-2605.527342,-68.00097295901685,1 1 1,239.71319923504768,48,8.283046881336478,0.4154076030773991,1.797253854519342,0.19916693666474028,0.04410391586646245
tersoff_1989,857,16,bt,PW91,dft,-2605.528097,-67.94775920226314,1 1 1,239.74364366115273,48,19.12045322506271,0.6311440212203073,2.84781386067031,0.1626125290503984,0.04747696316357075
tersoff_1989,858,16,bt,PW91,dft,-2605.523827,-67.93358389064018,1 1 1,239.78725798366258,48,18.90141973007554,0.6275185875413628,2.96133508618992,0.15383785322675517,0.04809604514001187
tersoff_1989,859,16,bt,PW91,dft,-2605.494296,-67.90710028549822,1 1 1,239.84398280912265,48,14.05792933829213,0.5411779077910388,2.6194012575259786,0.1860280506402193,0.04790558296137615
tersoff_1989,860,16,bt,PW91,dft,-2605.512024,-68.0015468160814,1 1 1,239.91372849385436,48,8.297714601977638,0.41577524482329087,2.0542548574188064,0.1764520176103124,0.04311067479994346
tersoff_1989,861,16,bt,PW91,dft,-2605.544275,-68.08781065080181,1 1 1,239.99578585132366,48,5.745143624103,0.3459631370085728,1.658656286857288,0.15805363033635134,0.039734872629923146
tersoff_1989,862,16,bt,PW91,dft,-2605.537938,-68.06223248179415,1 1 1,240.08922926140332,48,6.009018275942434,0.35381899433015285,1.1158201310564648,0.17494041092612078,0.04093744569288571
tersoff_1989,863,16,bt,PW91,dft,-2605.486064,-67.9118911419227,1 1 1,240.1937245603354,48,13.022619464597991,0.5208690547336488,1.9328038079455292,0.21843810703778313,0.04709165443486629
tersoff_1989,864,16,bt,PW91,dft,-2605.482029,-67.87051182396434,1 1 1,240.30955947560759,48,16.39783714841422,0.5844840521850272,2.046471452641198,0.21052010628935977,0.04942567430723965
tersoff_1989,865,16,bt,PW91,dft,-2605.493722,-67.85128701233509,1 1 1,240.43656084658045,48,20.751422509608403,0.6575114465037916,2.6685025739175883,0.19911702824072244,0.05135803753409096
tersoff_1989,866,16,bt,PW91,dft,-2605.482343,-67.78506334140457,1 1 1,240.57416390748867,48,26.508722777946467,0.7431453813850185,3.1324216597033345,0.22871894032305237,0.05478582946724675
tersoff_1989,867,16,bt,PW91,dft,-2605.477397,-67.73814444256223,1 1 1,240.7222387378734,48,38.162415834700326,0.89165594816027,3.5759053649962977,0.2475393233197169,0.057409135644891585
tersoff_1989,868,16,bt,PW91,dft,-2605.492828,-67.72713370829386,1 1 1,240.88023667173823,48,41.226032963489075,0.9267554622117723,4.304942491775752,0.2331620416997229,0.05906174403665254
tersoff_1989,869,16,bt,PW91,dft,-2605.489621,-67.82273251597348,1 1 1,241.0476240675347,48,27.054346355694246,0.7507544310516123,3.2704728275435033,0.24762962842721384,0.05288638105669197
tersoff_1989,870,16,bt,PW91,dft,-2605.499931,-67.95153374264054,1 1 1,241.2238318844705,48,5.691736085249806,0.34435132511632793,1.1017268992995133,0.24739255824919903,0.04548067938998024
tersoff_1989,871,16,bt,PW91,dft,-2605.535749,-68.0264703900052,1 1 1,241.40751212111252,48,5.587715856153061,0.34119019183321897,1.382992583839486,0.20578509369606923,0.04303576392970676
tersoff_1989,872,16,bt,PW91,dft,-2605.53621,-68.00222878923223,1 1 1,241.59677862516517,48,8.221799829628115,0.4138689363199245,1.7054972575731997,0.208299944471108,0.044579676478022634
tersoff_1989,873,16,bt,PW91,dft,-2605.519507,-67.8563687794477,1 1 1,241.79089050072395,48,21.529250047373655,0.669720869208671,2.1316248927956614,0.2151300739959432,0.05265198958954098
tersoff_1989,874,16,bt,PW91,dft,-2605.495275,-67.76719403605453,1 1 1,241.98947672803183,48,35.423463418737306,0.8590627574419076,3.2426126500592645,0.22744100267981587,0.05671091105162951
tersoff_1989,875,16,bt,PW91,dft,-2605.452211,-68.03500398291202,1 1 1,233.94156721321175,48,1.0469455214895875,0.14768671243897696,0.42053098381321724,0.1283383124710492,0.037281289373011006
tersoff_1989,876,16,bt,PW91,dft,-2605.377786,-67.8457021367154,1 1 1,233.94772191153544,48,8.357538287233007,0.41727135174131114,1.7161274445389139,0.20872656100945403,0.04446109226031236
tersoff_1989,877,16,bt,PW91,dft,-2605.358139,-67.72999235230621,1 1 1,233.9590013914656,48,18.49038626428774,0.6206580221877379,2.259212823772717,0.20491668378066893,0.05046501628588196
tersoff_1989,878,16,bt,PW91,dft,-2605.37526,-67.7026177126545,1 1 1,233.97548279858262,48,22.86595825222445,0.6901986165261967,2.3711813678283424,0.16359510446908246,0.053245993764105215
tersoff_1989,879,16,bt,PW91,dft,-2605.374515,-67.67674188025424,1 1 1,233.99713776489702,48,24.39346449136868,0.7128794967619101,2.838041704887654,0.16221995239874162,0.05481667078913244
tersoff_1989,880,16,bt,PW91,dft,-2605.340067,-67.59915057620223,1 1 1,234.02398309256154,48,33.44655718195395,0.8347474316366841,3.094529416815377,0.2236609963575828,0.05751312729239011
tersoff_1989,881,16,bt,PW91,dft,-2605.328336,-67.55960876043576,1 1 1,234.0559882433437,48,33.94693589383171,0.8409683888955006,3.194961922114737,0.22403597385520477,0.059251303277791045
tersoff_1989,882,16,bt,PW91,dft,-2605.352626,-67.66066626000534,1 1 1,234.09314318713373,48,27.500839046764444,0.7569241354373585,2.949191337784701,0.19209176763659083,0.054453334554682264
tersoff_1989,883,16,bt,PW91,dft,-2605.335507,-67.66189894829199,1 1 1,234.1350360631824,48,23.98785519752671,0.7069278487100409,2.676089418479286,0.23270147145806794,0.05330635403676087
tersoff_1989,884,16,bt,PW91,dft,-2605.340322,-67.61060695341493,1 1 1,234.18171353899146,48,31.74290807119491,0.8132100496283606,2.6695721863417825,0.22598371020293329,0.05681304121659192
tersoff_1989,885,16,bt,PW91,dft,-2605.358266,-67.63583967492673,1 1 1,234.23315281481925,48,37.30629783581285,0.8815977190567708,2.6602663142395406,0.20418311326784594,0.05635749612211516
tersoff_1989,886,16,bt,PW91,dft,-2605.335367,-67.61543984111765,1 1 1,234.28917863299225,48,37.75746235251631,0.8869125092199098,2.505676449348001,0.2336094495716444,0.05620129823517939
tersoff_1989,887,16,bt,PW91,dft,-2605.317046,-67.64013119816583,1 1 1,234.34990784371524,48,23.524058690823797,0.7000603945795171,2.420434923018972,0.24893550843625478,0.053513025919667
tersoff_1989,888,16,bt,PW91,dft,-2605.345724,-67.71638296907294,1 1 1,234.415154021447,48,15.581268750065952,0.5697453515618833,2.139045860717928,0.22271038117081562,0.05053966523795239
tersoff_1989,889,16,bt,PW91,dft,-2605.377698,-67.75491570696772,1 1 1,234.48485696493674,48,18.591654852504192,0.6223553187372178,2.1232335045741046,0.18419277756266667,0.050129744119527864
tersoff_1989,890,16,bt,PW91,dft,-2605.354035,-67.60707987471334,1 1 1,234.55868207660606,48,31.232448909528507,0.8066449150329472,2.947214406572759,0.21962687654292223,0.057890546135430654
tersoff_1989,891,16,bt,PW91,dft,-2605.332613,-67.47610763927035,1 1 1,234.63657104852842,48,45.73937043900212,0.9761677882477705,3.15060228314114,0.24668184575058755,0.06473743585062941
tersoff_1989,892,16,bt,PW91,dft,-2605.337457,-67.47173842407231,1 1 1,234.71839588198426,48,46.51013586664911,0.9843582497691189,3.0323793680684683,0.2371293557234813,0.06531326180050989
tersoff_1989,893,16,bt,PW91,dft,-2605.372608,-67.630391053132,1 1 1,234.80384652510938,48,31.763139516989902,0.8134691593850519,2.7967649115623283,0.184816131911106,0.057594409984282
tersoff_1989,894,16,bt,PW91,dft,-2605.376519,-67.50086964534809,1 1 1,234.89267806253025,48,39.295600702952626,0.9047974071460305,3.737248582318,0.17955068232953056,0.06593393547076332
tersoff_1989,895,16,bt,PW91,dft,-2605.103368,-66.9855224288871,1 1 1,229.4719666371889,48,40.8653289203843,0.9226922667794897,3.36236684339106,0.2364433008540314,0.0810711989995836
tersoff_1989,896,16,bt,PW91,dft,-2605.11858,-67.0897594113685,1 1 1,229.55988156713943,48,48.66623326957382,1.006916014264739,3.4546996137983363,0.22609018125149383,0.07550713759448247
tersoff_1989,897,16,bt,PW91,dft,-2605.12157,-67.1831569981418,1 1 1,229.65224734611778,48,55.447993110505834,1.0747867337921222,3.623239888029708,0.2220319235117629,0.06985666342114882
tersoff_1989,898,16,bt,PW91,dft,-2605.110247,-67.15853971382961,1 1 1,229.74906329678433,48,50.9628468685933,1.030400881418988,2.7980499058879884,0.24082283438332144,0.0706875561906779
tersoff_1989,899,16,bt,PW91,dft,-2605.131697,-67.08336001076161,1 1 1,229.85000464614384,48,54.706812576674224,1.067579159600845,3.8880535247410584,0.21931962041257655,0.07672691263241127
tersoff_1989,900,16,bt,PW91,dft,-2605.141661,-66.93119655713451,1 1 1,229.9549085177444,48,81.40952756277443,1.302317866046714,4.204993490965031,0.2243676455665641,0.08685987848412413
tersoff_1989,901,16,bt,PW91,dft,-2604.055486,-65.28140036113464,1 1 1,216.14714586788918,48,156.98811529145848,1.8084760809141818,4.8639748080049,0.27198657761382883,0.12208620323412145
tersoff_1989,902,16,bt,PW91,dft,-2604.019219,-64.82424548038637,1 1 1,216.15447622494898,48,195.76477049008827,2.0195129904369287,5.412645918927113,0.2871202681223788,0.1483916957808633
tersoff_1989,903,16,bt,PW91,dft,-2604.099765,-65.08153519998083,1 1 1,216.16736615231488,48,128.76499673888748,1.637865714497627,3.734269651048452,0.18708892485704937,0.13734521330621785
tersoff_1989,904,16,bt,PW91,dft,-2603.985972,-64.44817279001727,1 1 1,216.18544239968497,48,134.14737733983807,1.6717466996866759,4.192037192808372,0.310841719807552,0.1698183014289416
tersoff_1989,905,16,bt,PW91,dft,-2604.033028,-64.4463166355843,1 1 1,216.2088069035272,48,149.44753896601645,1.7645085420947508,4.133550121451272,0.23876096568185792,0.17287531108099508
tersoff_1989,906,16,bt,PW91,dft,-2604.033831,-64.59146511718575,1 1 1,216.23734015691977,48,160.28339469067663,1.8273580353584506,4.3324398300503075,0.27147058082629627,0.16385371848092678
tersoff_1989,907,16,bt,PW91,dft,-2604.016507,-64.62712077916008,1 1 1,216.2711135639477,48,164.047787289072,1.848692033625125,4.34518932431574,0.28943272440096796,0.16054248960750783
tersoff_1989,908,16,bt,PW91,dft,-2604.070818,-64.22993144699254,1 1 1,216.40196006891316,48,166.47026507440768,1.8622917393318086,4.087405149034467,0.2412098936481462,0.18876126036799956
tersoff_1989,909,16,bt,PW91,dft,-2604.097365,-64.1750992822594,1 1 1,216.45481902655183,48,180.4487312067825,1.9389039601816198,4.323151601328119,0.21853927829168376,0.193847458163817
tersoff_1989,910,16,bt,PW91,dft,-2604.111951,-64.19788247406869,1 1 1,216.51213325898968,48,177.91786101883474,1.925258970777453,4.1744838607696275,0.22161380349138154,0.1933351336757223
tersoff_1989,911,16,bt,PW91,dft,-2604.1031,-64.40301330669644,1 1 1,216.57368277707616,48,154.83693681882673,1.7960427380936375,4.550809108154365,0.2263536269406052,0.17996126913648514
tersoff_1989,912,16,bt,PW91,dft,-2604.092484,-64.15409961477877,1 1 1,216.6393489135778,48,174.1109992289438,1.9045504676790084,4.657572247156535,0.21721811440347233,0.19485487488133746
tersoff_1989,913,16,bt,PW91,dft,-2604.048522,-63.0777694694928,1 1 1,216.70899769794093,48,198.00481366701928,2.0310342894027094,4.473915969569273,0.2761029483008406,0.2593778839617271
tersoff_1989,914,16,bt,PW91,dft,-2604.09303,-62.97595577385044,1 1 1,216.78252285682086,48,160.15050945623506,1.8266003796684422,3.9477748697107464,0.22021440161143715,0.26852298993937174
tersoff_1989,915,16,bt,PW91,dft,-2604.110133,-63.04937348722734,1 1 1,216.93966115821314,48,144.38411698471873,1.7343593737117,3.927670304150458,0.20550556063543227,0.2650033203533235
tersoff_1989,916,16,bt,PW91,dft,-2604.122944,-63.65877385308224,1 1 1,217.0230219922214,48,138.32917221644868,1.6976035327806511,4.2644195214386045,0.21352955079937608,0.22771648498739605
tersoff_1989,917,16,bt,PW91,dft,-2604.120965,-63.75829426475775,1 1 1,217.109172834741,48,149.11715948632127,1.7625570882380972,4.37679274182383,0.23499744398875916,0.221372771757669
tersoff_1989,918,16,bt,PW91,dft,-2603.687451,-64.29864067792141,1 1 1,212.76008821672494,48,128.78465908813786,1.6379907603533275,4.974346689961461,0.22004215205557776,0.16050649593492228
tersoff_1989,919,16,bt,PW91,dft,-2603.642947,-63.4506857217646,1 1 1,212.76594777169433,48,137.311918998328,1.6913500463037903,4.347121554055239,0.22451803335608328,0.21072218069472548
tersoff_1989,920,16,bt,PW91,dft,-2603.649978,-62.960730507750526,1 1 1,212.7761417207325,48,140.94437962069077,1.7135755723333956,4.078407427694751,0.21522192472732263,0.2417838190706112
tersoff_1989,921,16,bt,PW91,dft,-2603.613421,-62.28871892141138,1 1 1,212.79043129482707,48,183.22538778344108,1.9537644634964801,4.72796862392759,0.2615289614140915,0.2814997307168139
tersoff_1989,922,16,bt,PW91,dft,-2603.633506,-62.04675901085177,1 1 1,212.80872002959725,48,158.0266948692837,1.8144483486108784,3.796248952297519,0.22892813286415165,0.29787753762679614
tersoff_1989,923,16,bt,PW91,dft,-2603.614393,-61.95317879799766,1 1 1,212.83105084215703,48,146.19953974434088,1.7452288516620875,4.137554517382795,0.25370430780323117,0.30253173843016024
tersoff_1989,924,16,bt,PW91,dft,-2603.637116,-61.81962760684621,1 1 1,212.85744376713478,48,143.84956654997703,1.731145854568929,3.7470599741369015,0.2193991703731276,0.3122988753771283
tersoff_1989,925,16,bt,PW91,dft,-2603.639855,-61.84472576932159,1 1 1,212.88776564152374,48,147.39634383153566,1.7523576013921909,4.000828527874017,0.24213129878659498,0.31090142772241824
tersoff_1989,926,16,bt,PW91,dft,-2603.667542,-62.98670827368737,1 1 1,212.95953095003003,48,133.39273699575352,1.6670378982129346,4.6460702126146005,0.19932364728417615,0.24125795869957223
tersoff_1989,927,16,bt,PW91,dft,-2603.620315,-62.63030171361211,1 1 1,213.0008568523502,48,137.50063746697992,1.6925119242993283,3.9692059250622465,0.23968374456423475,0.2605816812042745
tersoff_1989,928,16,bt,PW91,dft,-2603.636933,-62.59822947744017,1 1 1,213.0458349041612,48,136.3450726880988,1.6853849256679394,4.4078357318677,0.23553521525895726,0.2636248209650276
tersoff_1989,929,16,bt,PW91,dft,-2603.643311,-62.523365776351724,1 1 1,213.09457835412263,48,133.84230761583353,1.669844725914119,4.106271903277049,0.2468353424265523,0.2687024272830296
tersoff_1989,930,16,bt,PW91,dft,-2603.661756,-62.183854228651235,1 1 1,213.14684186069147,48,146.6855022381517,1.7481269871765115,4.305236888371812,0.22745765113624264,0.29107471151431996
tersoff_1989,931,16,bt,PW91,dft,-2603.691473,-62.06694177791919,1 1 1,213.26143504136945,48,182.35845830791297,1.9491368725878437,4.298338832015606,0.20647110625137519,0.30023905218506597
tersoff_1989,932,16,bt,PW91,dft,-2603.650474,-61.830266391442834,1 1 1,213.32327836192047,48,173.33831918658922,1.9003197054848278,4.146789626368546,0.2728352218105585,0.31246882633984896
tersoff_1989,933,16,bt,PW91,dft,-2603.670523,-61.73065515239789,1 1 1,213.3879091646447,48,148.87744973441886,1.761139840027965,4.23933191290824,0.25500070456602014,0.31994759128014216
tersoff_1989,934,16,bt,PW91,dft,-2603.691636,-61.84576247085443,1 1 1,213.45525998211036,48,173.0382381062192,1.898674088378405,4.3071299223020585,0.23637836075523777,0.3140729463766232
tersoff_1989,935,16,bt,PW91,dft,-2603.672439,-62.14294981672129,1 1 1,213.52523178295684,48,162.09477084350542,1.837654590115626,4.659508339403914,0.25809759477198413,0.2942989247599397
tersoff_1989,936,16,bt,PW91,dft,-2603.169295,-62.2355190992233,1 1 1,209.60630168125817,48,163.72072131926183,1.8468482235467956,4.339990693010916,0.2928068227268905,0.25706684460357687
tersoff_1989,937,16,bt,PW91,dft,-2603.256705,-62.45108762778721,1 1 1,209.61449167191367,48,165.65940955815026,1.85775070962929,4.539426075889236,0.16989985756934387,0.24905693656830996
tersoff_1989,938,16,bt,PW91,dft,-2603.168589,-62.006850669672986,1 1 1,209.62590942800537,48,208.2792311608655,2.0830628049064432,4.856135008080346,0.32586745833876485,0.27131449645045524
tersoff_1989,939,16,bt,PW91,dft,-2603.236295,-62.327035617409194,1 1 1,209.64082588376158,48,175.3988043578109,1.9115809575988127,4.781159528101803,0.2256215558047369,0.25553456221695914
tersoff_1989,940,16,bt,PW91,dft,-2603.153899,-61.38878582138776,1 1 1,209.65905872956168,48,247.9517448430072,2.2728091320865427,5.143669038104039,0.3183624445371449,0.3090254244682833
tersoff_1989,941,16,bt,PW91,dft,-2603.13094,-60.89134382022102,1 1 1,209.68075405844922,48,246.17780068270878,2.2646642534578425,5.315397778145359,0.3185934392077935,0.33868061204121114
tersoff_1989,942,16,bt,PW91,dft,-2603.186847,-61.02014271373462,1 1 1,209.70593543060613,48,183.63600487795327,1.95595247938799,4.5661447475075585,0.25804246849678963,0.33412486869660674
tersoff_1989,943,16,bt,PW91,dft,-2603.181237,-60.78420944436853,1 1 1,209.73428249118425,48,156.23106939751966,1.8041102920225414,4.98612621302906,0.289967932817579,0.3485200730319775
tersoff_1989,944,16,bt,PW91,dft,-2603.181126,-60.47277171572888,1 1 1,209.765559080706,48,144.02922935308368,1.7322265858876287,4.460651655533768,0.2674382384931768,0.3679779935719658
tersoff_1989,945,16,bt,PW91,dft,-2603.108552,-60.26384607807388,1 1 1,209.79972030799462,48,176.18818955109248,1.9158776793716312,4.274870558843329,0.32657732313407284,0.37649997092541554
tersoff_1989,946,16,bt,PW91,dft,-2603.173244,-60.55615791688646,1 1 1,209.83692347187278,48,167.1390473647748,1.8660288011620136,4.005744577758136,0.24720752918432048,0.36227373099962445
tersoff_1989,947,16,bt,PW91,dft,-2603.147091,-60.803697177245986,1 1 1,209.87692524178945,48,182.10754613909342,1.947795474692123,4.4993447033977425,0.3311573577684281,0.3451679647271386
tersoff_1989,948,16,bt,PW91,dft,-2603.242034,-60.86776074623478,1 1 1,209.91984455486335,48,217.9190876595362,2.130723115026212,4.415991446067448,0.22533830899801155,0.34709792916534266
tersoff_1989,949,16,bt,PW91,dft,-2603.203219,-60.67850449507635,1 1 1,209.96527443617214,48,196.16708523435193,2.021587068546805,4.489147685297515,0.29694924728394245,0.3565005073627514
tersoff_1989,950,16,bt,PW91,dft,-2603.222723,-60.8002217078918,1 1 1,210.01319306858412,48,190.97734912404573,1.9946665820175609,4.566410332217889,0.27535273528921045,0.3501121815617778
tersoff_1989,951,16,bt,PW91,dft,-2603.205735,-60.92124709719339,1 1 1,210.06361368120739,48,212.89092683446398,2.105998015759907,4.921546764037283,0.30016477724049057,0.3414863447304377
tersoff_1989,952,16,bt,PW91,dft,-2603.204321,-61.11944541774771,1 1 1,210.11658344751046,48,191.0341571433916,1.9949632261825425,4.783999310332321,0.3102983949328721,0.3290105746958023
tersoff_1989,953,16,bt,PW91,dft,-2603.262459,-61.362274454605135,1 1 1,210.17212312136363,48,184.07852312253752,1.958307746938548,4.858298611477698,0.23933033664268305,0.3174673848922054
tersoff_1989,954,16,bt,PW91,dft,-2603.2401,-61.467144918526444,1 1 1,210.23006915638786,48,163.7265223462779,1.8468809424398358,4.16036396288492,0.2667733124809964,0.3095155433971204
tersoff_1989,955,16,bt,PW91,dft,-2603.192853,-61.19177385791331,1 1 1,210.290499958966,48,130.14257547241291,1.6466036729204965,4.258070765615729,0.30232534524429694,0.323773297185443
tersoff_1989,956,16,bt,PW91,dft,-2602.700207,-60.29402709144973,1 1 1,206.61297734052428,48,199.30059648275443,2.037669197896799,4.9729040637208906,0.30651436503177687,0.34909209508940764
tersoff_1989,957,16,bt,PW91,dft,-2602.768195,-60.10223151338567,1 1 1,206.61766305290314,48,189.28041845499507,1.9857849962031968,4.244175575106801,0.1985982066205953,0.36532856871842645
tersoff_1989,958,16,bt,PW91,dft,-2602.757228,-59.436065855542815,1 1 1,206.6241473604967,48,216.98352789694508,2.126144436419993,4.893097087206619,0.21610007962168826,0.4062784848335945
tersoff_1989,959,16,bt,PW91,dft,-2602.712259,-59.059863152651616,1 1 1,206.63257816372848,48,221.06125527739232,2.146029547391882,5.236381177231315,0.26655538252318844,0.4269805912642921
tersoff_1989,960,16,bt,PW91,dft,-2602.730396,-59.06521308823781,1 1 1,206.6428078070765,48,174.6199278910969,1.9073319491891945,4.913447171376112,0.22257260808741344,0.4277797827901564
tersoff_1989,961,16,bt,PW91,dft,-2602.698697,-58.89497488689487,1 1 1,206.65491637623822,48,153.03996627551123,1.7855902751582786,4.146133719284106,0.2883144392159655,0.4364384828740828
tersoff_1989,962,16,bt,PW91,dft,-2602.674126,-58.751052865903254,1 1 1,206.6688467134998,48,165.11532102965606,1.8546974204573554,4.261214704278059,0.29801494493425434,0.4438979216860637
tersoff_1989,963,16,bt,PW91,dft,-2602.648174,-58.399203864161905,1 1 1,206.68464071935213,48,155.48671206729597,1.7998073511912323,3.9527140224871795,0.29484047588272205,0.46426648429490047
tersoff_1989,964,16,bt,PW91,dft,-2602.696605,-58.33428426782992,1 1 1,206.72184665943172,48,189.66641921920979,1.9878087769535422,4.393996618380501,0.27399202325295896,0.47135089656565965
tersoff_1989,965,16,bt,PW91,dft,-2602.719106,-58.929292031955455,1 1 1,206.74321375744645,48,215.06826520354295,2.1167401490043942,4.336334697203541,0.26399219760408327,0.4355692238078088
tersoff_1989,966,16,bt,PW91,dft,-2602.711572,-59.28296484776917,1 1 1,206.76633579812187,48,195.29213208166652,2.0170736439294226,4.363825961490982,0.3114934950230368,0.4129937978194609
tersoff_1989,967,16,bt,PW91,dft,-2602.72985,-59.63248264299791,1 1 1,206.79127755535973,48,180.48082000787798,1.9390763480320876,4.492429794207913,0.2807218609154501,0.39229131061766553
tersoff_1989,968,16,bt,PW91,dft,-2602.731854,-59.84697499381655,1 1 1,206.81797517761137,48,163.3849674280595,1.8449535192206261,4.719107122557775,0.2660860037735293,0.3790107886914966
tersoff_1989,969,16,bt,PW91,dft,-2602.708516,-59.60975121237797,1 1 1,206.84653545707982,48,138.40310856595724,1.6980571530793978,4.694277710341579,0.3143441313672008,0.3923786500314099
tersoff_1989,970,16,bt,PW91,dft,-2602.747257,-59.231443224278976,1 1 1,206.8769173627318,48,181.73765369691236,1.9458163116506333,5.808682997513466,0.2710861152191003,0.4184442117875875
tersoff_1989,971,16,bt,PW91,dft,-2602.744347,-59.00705870495765,1 1 1,206.9089893351563,48,175.09696043288992,1.9099354288435704,4.59938138790605,0.27850011016978665,0.4322863692451606
tersoff_1989,972,16,bt,PW91,dft,-2602.745289,-59.15962310783072,1 1 1,206.97819921777352,48,202.64535060725288,2.054696604769449,4.9160779725911405,0.27025768446521553,0.42280996906560153
tersoff_1989,973,16,bt,PW91,dft,-2602.736941,-59.14871305120148,1 1 1,207.01527041410878,48,191.41557335042555,1.9969537913533533,4.523250043855637,0.29826804333867774,0.42297009760493864
tersoff_1989,974,16,bt,PW91,dft,-2602.276265,-57.80707301841748,1 1 1,203.83348347326992,48,215.35810040667715,2.1181659736209943,5.2314409647894635,0.21221507173345,0.4780303496539293
tersoff_1989,975,16,bt,PW91,dft,-2602.227338,-57.215234868336516,1 1 1,203.84449870504037,48,128.89986417453446,1.6387232337919262,3.6851407700703738,0.26661560097122977,0.5119622965340009
tersoff_1989,976,16,bt,PW91,dft,-2602.200929,-56.788033755697114,1 1 1,203.85971040899747,48,131.70468579077436,1.6564563443209521,3.9283894620694606,0.2762328857255233,0.53701180357396
tersoff_1989,977,16,bt,PW91,dft,-2602.175642,-55.95843763932279,1 1 1,203.87881573531098,48,203.18062597434016,2.0574084931774617,4.948166219801174,0.28982516679960124,0.5872811233473594
tersoff_1989,978,16,bt,PW91,dft,-2602.16441,-56.74092321537437,1 1 1,203.90188601332778,48,130.7483409010864,1.6504313886898279,4.304408095038496,0.30464676823467757,0.5376737748441172
tersoff_1989,979,16,bt,PW91,dft,-2602.189722,-57.28636315293733,1 1 1,203.92913931514528,48,163.66317774893133,1.846523635493483,4.210821386922396,0.30144653499487545,0.5051657787464459
tersoff_1989,980,16,bt,PW91,dft,-2602.159618,-57.42509331681654,1 1 1,203.96056798226172,48,152.02994621114064,1.7796883283500597,4.315798373598551,0.3407089646512842,0.4946136435039987
tersoff_1989,981,16,bt,PW91,dft,-2602.224368,-57.34063981023309,1 1 1,203.99637504875375,48,151.40185265485567,1.776008238619074,4.195993951428406,0.29545596433380167,0.5039388626654646
tersoff_1989,982,16,bt,PW91,dft,-2602.250077,-57.82796322229082,1 1 1,204.03625507163025,48,147.95917842367447,1.7557001121565583,4.047356913411522,0.28812171152859456,0.4750879619118571
tersoff_1989,983,16,bt,PW91,dft,-2602.259719,-57.91488931490761,1 1 1,204.08020976167836,48,203.79009598402754,2.0604919314734627,5.28291388098906,0.3115050625491502,0.47025770612330664
tersoff_1989,984,16,bt,PW91,dft,-2602.279319,-58.03429061356866,1 1 1,204.12825298397084,48,161.89890756711173,1.836544011900657,4.518791083714752,0.3113412558926833,0.4640201249569964
tersoff_1989,985,16,bt,PW91,dft,-2602.315189,-58.347681989881536,1 1 1,204.18021403438414,48,154.01794247182357,1.7912864468949843,3.8828523798379355,0.2379843900167964,0.446675038937423
tersoff_1989,986,16,bt,PW91,dft,-2602.325184,-58.45507418621357,1 1 1,204.23570141561328,48,136.82269875095267,1.6883343539254443,4.276639592901371,0.24214259789343828,0.44058771416666387
tersoff_1989,987,16,bt,PW91,dft,-2602.280667,-57.86886894210995,1 1 1,204.29471711260442,48,196.9855116897566,2.0257997993064194,4.219428296184101,0.3169380421739923,0.474443229423152
tersoff_1989,988,16,bt,PW91,dft,-2602.335566,-57.76117743318199,1 1 1,204.35732022192258,48,145.9063012979462,1.7434777344072618,4.89760958541256,0.22751888415213656,0.4846051362311621
tersoff_1989,989,16,bt,PW91,dft,-2602.291071,-57.295115772757796,1 1 1,204.42299126732502,48,146.99976018118358,1.7499985725064628,4.562185249309683,0.2871377053929583,0.5109530525076682
tersoff_1989,990,16,bt,PW91,dft,-2602.337584,-57.27640139972331,1 1 1,204.4913450434429,48,129.41656918239386,1.642004422842157,4.0497199219218265,0.24323356326361842,0.5150297633223095
tersoff_1989,991,16,bt,PW91,dft,-2602.322761,-56.97083208540282,1 1 1,204.56198909643044,48,148.8284882731012,1.7608502223896296,3.9636223685816336,0.2997850869963626,0.5332014079673417
tersoff_1989,992,16,bt,PW91,dft,-2602.38783,-56.798571366042566,1 1 1,204.63494043421238,48,152.30133495395148,1.7812760814111108,4.139719268819707,0.21295057221395297,0.5480345154273714
tersoff_1989,993,54,bt,PW91,dft,-8794.151069,-230.36736006744124,1 1 1,831.2679363690654,162,3.064463361931452,0.1375370513925237,0.7815313160550313,0.09598087003328151,0.0372930532598037
tersoff_1989,994,54,bt,PW91,dft,-8794.134391,-230.3337401309057,1 1 1,831.4991591365202,162,3.7305869164516943,0.15175082964875194,1.007254309149193,0.10364231019398246,0.03760679282527324
tersoff_1989,995,54,bt,PW91,dft,-8794.088589,-230.24183185871885,1 1 1,832.0942221540166,162,4.9996543959003965,0.1756760204815235,1.093375870388874,0.1237123585850123,0.0384606126806073
tersoff_1989,996,54,bt,PW91,dft,-8794.016348,-230.0899134359033,1 1 1,833.0379461760665,162,8.190115058041867,0.22484720543155945,1.1521012469913368,0.14996757580832984,0.03993612051049489
tersoff_1989,997,54,bt,PW91,dft,-8793.932542,-229.89257022548387,1 1 1,834.3069386192536,162,14.73154882266793,0.30155511363543247,1.4887634635767673,0.17447793066427883,0.04203866144421653
tersoff_1989,998,54,bt,PW91,dft,-8793.854187,-229.68249360954044,1 1 1,835.8634330303435,162,23.408471988555817,0.380127269043011,1.8004812779025545,0.19227897310136013,0.04447795062836324
tersoff_1989,999,54,bt,PW91,dft,-8793.791454,-229.49121351818496,1 1 1,837.6565284411855,162,31.954413470439867,0.44412775849626057,2.36010743658047,0.20176989708362297,0.04685845232011854
tersoff_1989,1000,54,bt,PW91,dft,-8793.754405,-229.35128222390625,1 1 1,839.6215194231505,162,38.5408683635394,0.48775669635245705,2.7851697903537684,0.20121092494208503,0.04876367999195086
tersoff_1989,1001,54,bt,PW91,dft,-8793.740806,-229.25878603216205,1 1 1,841.6808541388594,162,44.09407739490518,0.521714158262466,2.973861738806006,0.1921360157448267,0.05022473909830705
tersoff_1989,1002,54,bt,PW91,dft,-8793.733843,-229.16492469751736,1 1 1,843.7458152586984,162,49.9753425845048,0.5554185530211906,2.992203985167653,0.1812982948293356,0.051833967517656454
tersoff_1989,1003,54,bt,PW91,dft,-8794.034363,-230.432490676452,1 1 1,808.961632506475,162,0.5627917968538135,0.058940846934610804,0.2311626613697779,0.054266513177733615,0.03392570864853006
tersoff_1989,1004,54,bt,PW91,dft,-8793.963293,-230.28720852495695,1 1 1,808.9667650546255,162,2.116274009008343,0.11429531840234523,0.4463695503939294,0.10615620748526354,0.03530000775027897
tersoff_1989,1005,54,bt,PW91,dft,-8793.926288,-230.21199769762717,1 1 1,808.9691210395763,162,2.888652810640835,0.1335334796563804,0.4476948063305486,0.12406359009161291,0.03600752307118782
tersoff_1989,1006,54,bt,PW91,dft,-8793.851438,-230.05864517675803,1 1 1,808.9777645964282,162,4.435158759645723,0.1654615460090037,0.5697318403783317,0.15279541324275636,0.03746127345764716
tersoff_1989,1007,54,bt,PW91,dft,-8793.761323,-229.87348519943038,1 1 1,808.9927063025902,162,6.829356571638981,0.20532053488911967,0.6761233757071436,0.18023086925926596,0.039221365630392135
tersoff_1989,1008,54,bt,PW91,dft,-8793.684179,-229.71346046995507,1 1 1,809.0139568334589,162,9.155869830837062,0.23773454735306573,0.7979645892276249,0.19764038015366178,0.04075619395401198
tersoff_1989,1009,54,bt,PW91,dft,-8793.634353,-229.6021597511036,1 1 1,809.0420040761165,162,12.370945892687322,0.2763401229193961,1.034130102733517,0.2042503938358474,0.041894614673479325
tersoff_1989,1010,54,bt,PW91,dft,-8793.615562,-229.54874129243072,1 1 1,809.0768945507157,162,14.997423145284062,0.3042641715384846,1.4673832129649473,0.2013248810327216,0.0425358639081761
tersoff_1989,1011,54,bt,PW91,dft,-8793.619557,-229.5402713631856,1 1 1,809.1184802375985,162,15.972317053737502,0.3139976906195793,1.536667872380195,0.19374450940049762,0.04276669593123028
tersoff_1989,1012,54,bt,PW91,dft,-8793.628987,-229.54213034742517,1 1 1,809.166797430539,162,17.412292722462784,0.3278464402891453,1.7041729454469414,0.18451355486525195,0.0429068999267761
tersoff_1989,1013,54,bt,PW91,dft,-8793.486462,-229.8237266721939,1 1 1,789.5482060924139,162,0.7803695195061057,0.06940530094611222,0.2602001945506538,0.06465580536890121,0.03505280131997335
tersoff_1989,1014,54,bt,PW91,dft,-8793.434516,-229.71889921352135,1 1 1,789.5503475159629,162,1.8863289300968205,0.10790739428481441,0.39873711101950643,0.10045837314314772,0.036032087591646444
tersoff_1989,1015,54,bt,PW91,dft,-8793.387681,-229.6253239410195,1 1 1,789.5523977511369,162,2.8570650702691935,0.13280137099241165,0.48789978713087906,0.12346173017539173,0.03689764819354924
tersoff_1989,1016,54,bt,PW91,dft,-8793.366102,-229.58376612189684,1 1 1,789.5530996705381,162,3.254426520816894,0.14173585501782937,0.4891367207329449,0.13122017589664206,0.03726762632545544
tersoff_1989,1017,54,bt,PW91,dft,-8793.330992,-229.51385965628404,1 1 1,789.5551399859401,162,4.202976741094716,0.16107234669847906,0.5132679836726516,0.14323131640595474,0.037912005318262665
tersoff_1989,1018,54,bt,PW91,dft,-8793.287258,-229.42027312150918,1 1 1,789.5582609487998,162,6.3280503857083605,0.1976411885664343,0.86428454912423,0.15641219971324424,0.03883520040672206
tersoff_1989,1019,54,bt,PW91,dft,-8793.239168,-229.30888748753952,1 1 1,789.5626192063822,162,10.359828151499514,0.2528824954217625,1.4016805278282913,0.16926762560265474,0.04000734177651477
tersoff_1989,1020,54,bt,PW91,dft,-8793.185966,-229.17082061383854,1 1 1,789.5682147722863,162,18.318980204144314,0.3362738834892478,1.9731269826102678,0.18187594629510725,0.04157891351171372
tersoff_1989,1021,54,bt,PW91,dft,-8793.134165,-229.01535275441003,1 1 1,789.5749465454189,162,29.55491002350105,0.42712728336463235,2.433624088811729,0.19300631399669957,0.04349867016779374
tersoff_1989,1022,54,bt,PW91,dft,-8793.087215,-228.86217498463552,1 1 1,789.5830723059115,162,41.170514320577986,0.5041219865146912,2.7538866760099103,0.20193517966979307,0.045465851089541154
tersoff_1989,1023,54,bt,PW91,dft,-8792.560206,-228.6247808294924,1 1 1,772.0874260009699,162,3.0780381884903614,0.13784134260599024,0.4590054979187217,0.13960643696468766,0.04010261322182629
tersoff_1989,1024,54,bt,PW91,dft,-8792.533636,-228.56645182919087,1 1 1,772.0883811952508,162,5.169309123653985,0.17863178770339566,0.8933312154628984,0.1486432378233779,0.04069074285705643
tersoff_1989,1025,54,bt,PW91,dft,-8792.478828,-228.44216922964483,1 1 1,772.0908190848045,162,12.216895820376966,0.2746141605285874,1.617016110177928,0.16821633442286948,0.04197730951529621
tersoff_1989,1026,54,bt,PW91,dft,-8792.407682,-228.2363609320569,1 1 1,772.095003429224,162,31.704927930075932,0.4423905872270966,2.59561766305112,0.19092833568296422,0.044471055766909906
tersoff_1989,1027,54,bt,PW91,dft,-8792.329958,-227.93876164792,1 1 1,772.100570694275,162,67.5081009307828,0.6455359574897742,3.143098574463694,0.21162794515171146,0.048542820287988064
tersoff_1989,1028,54,bt,PW91,dft,-8792.261399,-227.61537575241303,1 1 1,772.1078298049076,162,108.23972409450705,0.8174022541122707,3.2988366913640745,0.22594610218226385,0.0532618368714628
tersoff_1989,1029,54,bt,PW91,dft,-8792.207102,-227.30729394981492,1 1 1,772.1168354436358,162,142.83694721341755,0.9389939034413952,3.2793606478153383,0.23406554974047045,0.0579615554380748
tersoff_1989,1030,54,bt,PW91,dft,-8792.172025,-227.07764180093625,1 1 1,772.1274331958369,162,164.92599545023614,1.0089904361836635,3.533977585432056,0.23609807686375894,0.06156479893584166
tersoff_1989,1031,54,bt,PW91,dft,-8792.159542,-226.97367780846344,1 1 1,772.139677756754,162,171.4221037000887,1.028669594160907,3.6329998544163544,0.2310286950818763,0.06325889138902951
tersoff_1989,1032,54,bt,PW91,dft,-8792.16327,-226.93872221698714,1 1 1,772.1536689841939,162,164.87607565664013,1.008837724034966,3.618652245004078,0.2204697917243153,0.06397525419414496
tersoff_1989,1033,54,bt,PW91,dft,-8791.634668,-227.50065207739584,1 1 1,756.5270043433892,162,4.6185139118590826,0.16884710579377016,1.3892566189033155,0.0893905143385119,0.04378021974215418
tersoff_1989,1034,54,bt,PW91,dft,-8791.55718,-227.30698947061268,1 1 1,756.5283593081663,162,18.210373241664424,0.33527557526354185,2.7320203720689156,0.13929227333600064,0.04593160134923835
tersoff_1989,1035,54,bt,PW91,dft,-8791.491577,-227.11195026499075,1 1 1,756.5296695548691,162,35.11580137370589,0.4655794303988635,3.639908956006879,0.17032785269504136,0.04832856812000941
tersoff_1989,1036,54,bt,PW91,dft,-8791.471344,-227.01807085283957,1 1 1,756.5301361172425,162,46.104343397250524,0.5334741908740356,4.029319592984145,0.17719317004296903,0.049692390567245504
tersoff_1989,1037,54,bt,PW91,dft,-8791.439674,-226.86763142619597,1 1 1,756.531338616426,162,65.34687515322366,0.6351187074482717,4.17005014893841,0.1862572246274649,0.05189182439396944
tersoff_1989,1038,54,bt,PW91,dft,-8791.397103,-226.67037891768268,1 1 1,756.5332231799023,162,88.05510032651709,0.7372584363813938,4.224337563183414,0.19740750760142686,0.05475629677385818
tersoff_1989,1039,54,bt,PW91,dft,-8791.345333,-226.438507823334,1 1 1,756.5358345309687,162,110.76888013276232,0.8268969218336945,4.2205390024296126,0.2104912982175478,0.05809150222476145
tersoff_1989,1040,54,bt,PW91,dft,-8791.29296,-226.1782099069054,1 1 1,756.539083234541,162,136.07608245273218,0.9165019463206054,4.172435100195557,0.2220831825140201,0.06194196364013571
tersoff_1989,1041,54,bt,PW91,dft,-8791.249757,-225.92056980226553,1 1 1,756.5432112074075,162,163.83382132832384,1.005644014919166,4.080458929488059,0.2302106764305092,0.06591302113342135
tersoff_1989,1042,54,bt,PW91,dft,-8791.215035,-225.6738095346731,1 1 1,756.5479765467268,162,189.15106603414486,1.080555030088832,3.9589318826874464,0.2349106603557306,0.06983965571846973
tersoff_1989,1043,54,bt,PW91,dft,-8790.326028,-225.2049974041023,1 1 1,742.427607436625,162,120.16732725322376,0.8612628083343085,2.698222481862984,0.16089260256226592,0.06205826924757751
tersoff_1989,1044,54,bt,PW91,dft,-8790.293683,-225.1092322727087,1 1 1,742.4281745987231,162,127.601864389988,0.8875053969232115,2.6351219138769335,0.1747398303192492,0.06323271612522952
tersoff_1989,1045,54,bt,PW91,dft,-8790.230223,-224.83239085962697,1 1 1,742.4298317874058,162,155.245309577995,0.9789302222891477,3.0301656832435007,0.19811403298306463,0.06718422377491517
tersoff_1989,1046,54,bt,PW91,dft,-8790.153101,-224.40947254666642,1 1 1,742.4326676063891,162,200.03454983144854,1.1112070787207329,3.751334990454707,0.22139294290028622,0.07358785920009137
tersoff_1989,1047,54,bt,PW91,dft,-8790.076419,-223.86804402807698,1 1 1,742.436646639614,162,263.76553561827814,1.2760024759503197,4.476194130350572,0.2389477239060388,0.08219427621103659
tersoff_1989,1048,54,bt,PW91,dft,-8790.013605,-223.28765779558861,1 1 1,742.4415562015741,162,328.08404467707624,1.4230987851613222,4.987548297374614,0.24891025744206796,0.0917789471830055
tersoff_1989,1049,54,bt,PW91,dft,-8789.969206,-222.78137016675205,1 1 1,742.4477064779932,162,372.09329256128564,1.5155435250444746,5.161763649288678,0.2523640390241696,0.10033244030960553
tersoff_1989,1050,54,bt,PW91,dft,-8789.934445,-222.32575056835222,1 1 1,742.4550354395826,162,398.3011265871686,1.568007949453836,5.201644107099698,0.2537944690658074,0.10812611805776573
tersoff_1989,1051,54,bt,PW91,dft,-8789.912105,-221.94799047786935,1 1 1,742.4634545078096,162,408.3440166808466,1.5876530094062842,5.183092194894608,0.2553327395772034,0.11470797158521595
tersoff_1989,1052,54,bt,PW91,dft,-8789.898719,-221.6322556310635,1 1 1,742.472963706885,162,413.4864868852287,1.5976187660120162,5.125834310854666,0.25636154322449467,0.12030702430385354
tersoff_1989,1053,54,bt,PW91,dft,-8789.115904,-223.58266450328438,1 1 1,729.4903590061158,162,70.20406179570588,0.6582996324974917,1.7974313885548197,0.07633196375530202,0.0696917674108608
tersoff_1989,1054,54,bt,PW91,dft,-8788.9976,-222.5920573961429,1 1 1,729.4918478484508,162,222.4584816418917,1.1718363810542385,3.3723050179304193,0.15935326326811614,0.08584552865425454
tersoff_1989,1055,54,bt,PW91,dft,-8788.934593,-222.13534206873342,1 1 1,729.493170458548,162,274.6085520031859,1.3019656364659493,4.023793670548169,0.1867271595267766,0.09313642360624641
tersoff_1989,1056,54,bt,PW91,dft,-8788.880595,-221.67058695884776,1 1 1,729.4946506642706,162,317.99055802877433,1.4010370013636202,3.996013274727158,0.20435096655835355,0.1007430367523039
tersoff_1989,1057,54,bt,PW91,dft,-8788.79719,-220.86382175427178,1 1 1,729.4976636131738,162,410.51210574107716,1.5918622252194827,4.118610102513726,0.2293600266643721,0.11413859609627774
tersoff_1989,1058,54,bt,PW91,dft,-8788.707004,-220.08928898606538,1 1 1,729.5020603633063,162,485.40255788876004,1.730985871037972,4.7672965651375305,0.2534222066550718,0.12681168439639734
tersoff_1989,1059,54,bt,PW91,dft,-8788.644993,-219.54199852479786,1 1 1,729.5081827336703,162,518.8784104162471,1.7896796223675273,4.896956883757606,0.2669628026338566,0.13579834108654953
tersoff_1989,1060,54,bt,PW91,dft,-8788.616179,-219.20265390617348,1 1 1,729.5156364161247,162,524.5096750130507,1.7993648999828902,4.805567092515218,0.2707821290638848,0.14154890809812937
tersoff_1989,1061,54,bt,PW91,dft,-8788.62417,-219.13330702873674,1 1 1,729.5247718859325,162,508.3676996989684,1.7714604766587378,4.637309793174678,0.26375872425802754,0.14298109101357692
tersoff_1989,1062,54,bt,PW91,dft,-8788.660337,-219.25811561643732,1 1 1,729.5355891851392,162,470.2078267591981,1.7036776247667433,4.541010641086148,0.24426432065502676,0.14133958013024017
tersoff_1989,1063,54,bt,PW91,dft,-8787.692051,-219.43949340797408,1 1 1,718.0601704892503,162,151.25098751139876,0.9662546615970435,3.2724968331424686,0.10535844156327473,0.12004950991660213
tersoff_1989,1064,54,bt,PW91,dft,-8787.604762,-218.64444365637846,1 1 1,718.0608810407305,162,289.1132285770176,1.335907765946958,4.43692146221316,0.16261326799807063,0.1331561905017269
tersoff_1989,1065,54,bt,PW91,dft,-8787.55754,-218.241159750177,1 1 1,718.0614357428286,162,348.1552021248677,1.4659830101184574,4.742445366941057,0.18731290317949498,0.1397499295054354
tersoff_1989,1066,54,bt,PW91,dft,-8787.525745,-217.94928091090435,1 1 1,718.0618865452868,162,367.6091498677333,1.5063838432266048,4.683187303936091,0.20180049686708523,0.1445662968994137
tersoff_1989,1067,54,bt,PW91,dft,-8787.485095,-217.57824510474364,1 1 1,718.062700997894,162,383.7901309336791,1.5391799382485016,4.4620012437942975,0.2173294198721731,0.150684552569043
tersoff_1989,1068,54,bt,PW91,dft,-8787.436923,-217.14660525544687,1 1 1,718.0641573075305,162,399.4409854610603,1.570250010488344,4.202031434626272,0.2328554311208333,0.15778580903747397
tersoff_1989,1069,54,bt,PW91,dft,-8787.385178,-216.68006156913475,1 1 1,718.0659253200591,162,421.8236496474734,1.6136448460494441,4.31714461985271,0.24683652599280664,0.16546726619142849
tersoff_1989,1070,54,bt,PW91,dft,-8787.344578,-216.2504633009505,1 1 1,718.0680050369492,162,445.9030677190233,1.659062407608481,4.426198492789422,0.25447468075320273,0.17267093782447596
tersoff_1989,1071,54,bt,PW91,dft,-8787.308405,-215.80562338580702,1 1 1,718.0707785685805,162,469.2574793333739,1.7019550837187611,4.448715976820968,0.25927196404928804,0.18023884366044962
tersoff_1989,1072,54,bt,PW91,dft,-8787.280849,-215.36679185142708,1 1 1,718.07386381043,162,493.33388549158605,1.7450704564848407,4.582001977198809,0.26128198511272155,0.18785505726009077
tersoff_1989,1073,54,bt,PW91,dft,-8786.223995,-214.30330931339958,1 1 1,707.4014288414793,162,69.79849477890575,0.6563953884989048,2.673418984442228,0.07755604231381792,0.18797780796428798
tersoff_1989,1074,54,bt,PW91,dft,-8786.103006,-213.22300895585008,1 1 1,707.4027680431669,162,272.4119296612032,1.2967479020092734,4.279867920110919,0.1659543837703379,0.20574283310409136
tersoff_1989,1075,54,bt,PW91,dft,-8786.055398,-212.88875792093313,1 1 1,707.4031197553277,162,330.095564569466,1.4274547074379722,4.325679346358708,0.18873417649477398,0.21105103745441722
tersoff_1989,1076,54,bt,PW91,dft,-8785.975766,-212.32629225598575,1 1 1,707.4041234877423,162,437.49225792000493,1.6433409546814575,4.403667927526252,0.21871454053199904,0.21999240162008116
tersoff_1989,1077,54,bt,PW91,dft,-8785.862596,-211.41864458577842,1 1 1,707.406415022575,162,550.3025783383865,1.8430760960730748,5.177076280876406,0.2530843816219951,0.23470495106839184
tersoff_1989,1078,54,bt,PW91,dft,-8785.752086,-210.58276090612634,1 1 1,707.4096156106054,162,619.0839201303615,1.954867177026881,5.644236426072842,0.28108601293975904,0.24813779698788485
tersoff_1989,1079,54,bt,PW91,dft,-8785.678841,-210.0139604557421,1 1 1,707.4140607344146,162,635.9712155986042,1.9813501064768508,5.84587113132863,0.29499975446526716,0.2573147497727728
tersoff_1989,1080,54,bt,PW91,dft,-8785.671168,-209.7650459674813,1 1 1,707.419509623464,162,614.7088223167118,1.9479473563701815,5.7587151324702495,0.2882798058931677,0.26178218474056125
tersoff_1989,1081,54,bt,PW91,dft,-8785.704192,-209.67825393629533,1 1 1,707.426297771295,162,591.5935788777373,1.9109715370184546,5.595896858761492,0.274716184017453,0.2640010001328754
tersoff_1989,1082,54,bt,PW91,dft,-8785.745657,-209.41495925534466,1 1 1,707.4340897223826,162,619.6320830380323,1.9557324462894548,5.670410103932446,0.2626365766147699,0.2696446979282552
tersoff_1989,1083,54,bt,PW91,dft,-8784.551675,-207.05804951701873,1 1 1,697.3082343101092,162,157.2473565138797,0.9852221549123434,3.304913973448687,0.13836783685720902,0.2911803967861659
tersoff_1989,1084,54,bt,PW91,dft,-8784.432958,-206.06390859057024,1 1 1,697.3093731649323,162,324.41950408725586,1.4151288038206324,4.430277046929292,0.2017083497448485,0.30739195097963945
tersoff_1989,1085,54,bt,PW91,dft,-8784.316759,-205.01968338227937,1 1 1,697.311200769459,162,461.49893039571765,1.687826658636246,4.605889921393684,0.2455123915004025,0.32457762150354874
tersoff_1989,1086,54,bt,PW91,dft,-8784.262996,-204.56540266980835,1 1 1,697.3124843929513,162,512.2398978723386,1.778194218364325,4.7546114442749,0.26015321529394514,0.3319946161789411
tersoff_1989,1087,54,bt,PW91,dft,-8784.254726,-204.59638468634392,1 1 1,697.3130283771853,162,494.52219476902644,1.747170896206077,5.26270104187299,0.25811458000491005,0.331267726983814
tersoff_1989,1088,54,bt,PW91,dft,-8784.233507,-204.51279627178937,1 1 1,697.3142181279096,162,481.5986276932262,1.7241899649236367,5.590220865948461,0.2609754397247108,0.33242271614227636
tersoff_1989,1089,54,bt,PW91,dft,-8784.211976,-204.35459600130517,1 1 1,697.3161475224854,162,470.6686196833538,1.704512202918256,5.027438766312158,0.2652457086328602,0.3349536285586434
tersoff_1989,1090,54,bt,PW91,dft,-8784.188658,-204.09150639647171,1 1 1,697.3186130011723,162,486.5745737734816,1.7330743641541058,4.577955201874369,0.2702739237751942,0.3393938434629358
tersoff_1989,1091,54,bt,PW91,dft,-8784.172484,-203.8513112591568,1 1 1,697.3217321629604,162,483.3255909649881,1.7272785826996795,4.474546567844113,0.2709225845247228,0.34354238304287144
tersoff_1989,1092,54,bt,PW91,dft,-8784.156891,-203.606203165389,1 1 1,697.3254892004294,162,466.0462644811114,1.696121691711205,4.414707220932158,0.27086986015223047,0.34779266255708663
tersoff_1989,1093,54,bt,PW91,dft,-8782.795547,-199.31648502751955,1 1 1,687.9109484977364,162,151.67353725259008,0.9676034326074737,3.3542943372998604,0.2006934855924807,0.4020218132583513
tersoff_1989,1094,54,bt,PW91,dft,-8782.6339,-198.38533482474332,1 1 1,687.9128528041493,162,280.096267516225,1.3149103793246557,4.3946353904754965,0.26940134596092047,0.41627187256905085
tersoff_1989,1095,54,bt,PW91,dft,-8782.549493,-197.84240623545568,1 1 1,687.9143692576353,162,337.2149248819224,1.442765958283684,4.577027057718184,0.2947456777638882,0.42476301311141684
tersoff_1989,1096,54,bt,PW91,dft,-8782.525109,-197.64127991033925,1 1 1,687.9150595875477,162,369.50171599234045,1.5102565312145402,4.302516169761708,0.29898972291165815,0.428036019132076
tersoff_1989,1097,54,bt,PW91,dft,-8782.482871,-197.29755344027353,1 1 1,687.9166768689203,162,407.8636820731015,1.5867189574193534,4.838271334146991,0.31147468962031905,0.43361913894810566
tersoff_1989,1098,54,bt,PW91,dft,-8782.433979,-196.89422133814503,1 1 1,687.9194150352258,162,438.3977840993778,1.6450407779466352,5.238179071222991,0.32491480350742963,0.4401828445430551
tersoff_1989,1099,54,bt,PW91,dft,-8782.394511,-196.50017411805814,1 1 1,687.9228939565221,162,462.533608658608,1.6897176487391445,4.935626764627076,0.3325557108901891,0.44674912639655195
tersoff_1989,1100,54,bt,PW91,dft,-8782.370671,-196.17169908115872,1 1 1,687.9274510886329,162,474.39311354056963,1.7112429847101098,4.798847960513559,0.33291671488156144,0.4523905159687569
tersoff_1989,1101,54,bt,PW91,dft,-8782.369408,-195.85133714819779,1 1 1,687.9328421010812,162,480.14081536868457,1.7215784018260263,4.953227530697329,0.32570374611024494,0.45829975546804524
tersoff_1989,1102,54,bt,PW91,dft,-8782.386094,-195.58547434214628,1 1 1,687.9391678336586,162,494.81242080645256,1.7476835123382866,4.963758783072014,0.31571620735956235,0.4635321407652824
tersoff_1989,1103,128,bt,PW91,dft,-20843.679643,-539.413878669467,1 1 1,2047.8635612346918,384,201.2489461277168,0.7239377025736371,2.142407928393014,0.1813777321296636,0.07578213463730954
tersoff_1989,1104,128,bt,PW91,dft,-20842.587014,-533.5555489815005,1 1 1,1896.069176696104,384,165.1293933652787,0.6557625041802456,3.8299165410213023,0.2292713113816385,0.1130141712620567
tersoff_1989,1105,128,bt,PW91,dft,-20842.994116,-538.3348910602924,1 1 1,1942.0688943394684,384,312.793758479621,0.902533699855032,4.1458133350395014,0.294010316201341,0.07885604564650261
tersoff_1989,1106,128,bt,PW91,dft,-20811.48224,-438.8585907417521,1 1 1,2433.0875637759173,384,1855.0081393940484,2.1978968044485923,7.571688602386406,0.25151249586408475,0.6098281106350951
tersoff_1989,1107,128,bt,PW91,dft,-20787.988249,-471.8921683611363,1 1 1,2183.760075977968,384,469.8870768588387,1.106193591851456,5.3372395824805405,1.1220518144800018,0.16820648079616074
tersoff_1989,1108,128,bt,PW91,dft,-20844.39127,-545.4108756518377,1 1 1,1946.6892202066952,384,73.04559524500648,0.4361455081551007,2.8228175348494604,0.17810955089801822,0.03449018165004247
tersoff_1989,1109,128,bt,PW91,dft,-20844.124738,-546.636764412702,1 1 1,1955.2186026523161,384,59.80964413481228,0.3946571697069162,2.2098450004735786,0.18867290796301084,0.022830644455779314
tersoff_1989,1110,128,bt,PW91,dft,-20843.705662,-545.1525893788261,1 1 1,1917.517105470953,384,92.97302983280153,0.49205412831271655,3.823680943352495,0.216845280586182,0.03115173065794785
tersoff_1989,1111,128,bt,PW91,dft,-20844.14964,-544.2360721245258,1 1 1,1944.014319224841,384,105.55416007811695,0.5242905923277944,2.9193373594772396,0.20190912820782975,0.041780599832163645
tersoff_1989,1112,128,bt,PW91,dft,-20844.237499,-543.7182931557638,1 1 1,1960.4175239392623,384,154.85203490971287,0.6350279581068673,3.8271193153713696,0.19776738013067272,0.04651214646311086
tersoff_1989,1113,128,bt,PW91,dft,-20843.491628,-543.3429185952837,1 1 1,1890.0091695111114,384,166.7976431479279,0.6590666600309831,4.3790992351731015,0.1728483727761247,0.04361764302936866
tersoff_1989,1114,128,bt,PW91,dft,-20843.761733,-544.8510287295039,1 1 1,1914.10623054584,384,136.45307033970732,0.5961095011346387,3.1016465109136595,0.19666950623722465,0.033945727918269775
tersoff_1989,1115,128,bt,PW91,dft,-20843.235368,-544.8594791817103,1 1 1,1899.990873176694,384,125.80563521010485,0.5723799801643846,3.060147417889716,0.2105476706710383,0.02976748219792391
tersoff_1989,1116,128,bt,PW91,dft,-20842.312829,-542.4547912841219,1 1 1,1874.8567090115578,384,251.11715101610014,0.8086723156535207,3.5655925753946835,0.2429519769612402,0.041346770460310545
tersoff_1989,1117,128,bt,PW91,dft,-20842.61403,-541.7613115962051,1 1 1,1883.380744773073,384,279.24509477256504,0.8527606743025197,4.244021950982629,0.25240058282967653,0.049117713334676516
tersoff_1989,1118,128,bt,PW91,dft,-20841.734467,-541.1749919047484,1 1 1,1844.321411770143,384,182.7422289640926,0.6898486944690537,3.6213750938154634,0.17324504882595732,0.04682674998666503
tersoff_1989,1119,128,bt,PW91,dft,-20842.469439,-542.062426206063,1 1 1,1867.9851367450422,384,254.7515518351899,0.8145032225662505,4.345479729927603,0.20236833763289674,0.04563563825765993
tersoff_1989,1120,128,bt,PW91,dft,-20842.282796,-542.393872978331,1 1 1,1869.021343952325,384,212.38537023320703,0.7436981253499142,4.370527097677712,0.22214475023630897,0.04158806191180897
tersoff_1989,1121,128,bt,PW91,dft,-20841.141235,-539.2132164404316,1 1 1,1845.2607467745872,384,455.17395265306476,1.0887372663016652,4.332500495847805,0.23535375147771792,0.05751849580164592
tersoff_1989,1122,128,bt,PW91,dft,-20840.400532,-535.3966446737107,1 1 1,1830.5905329439158,384,576.3839320768307,1.225152979475113,4.6097339622699325,0.2390024784929672,0.0815487205416563
tersoff_1989,1123,128,bt,PW91,dft,-20839.37868,-535.9341710269025,1 1 1,1805.4869332912228,384,474.2234178258414,1.111286109539211,3.9972919963645697,0.1971565616761947,0.06936607715736098
tersoff_1989,1124,128,bt,PW91,dft,-20840.430782,-537.7958651969984,1 1 1,1828.1553038447496,384,422.39680199343104,1.0488048778766683,4.131411751668568,0.23422171706870945,0.06304113832846969
tersoff_1989,1125,128,bt,PW91,dft,-20840.753045,-538.7459739645012,1 1 1,1834.2711771390584,384,437.39141778697024,1.067258239830877,4.12036498213709,0.22585108861226183,0.05813609326986846
tersoff_1989,1126,128,bt,PW91,dft,-20839.660269,-536.7658049046557,1 1 1,1815.3613864751794,384,558.2977472526835,1.2057779163139992,3.831618477501395,0.22501177445117546,0.06506885154990094
tersoff_1989,1127,128,bt,PW91,dft,-20837.935275,-531.3495576951826,1 1 1,1794.2815812953993,384,812.2541312204073,1.454388233377346,4.8220844583644995,0.2588443775385769,0.09390676724890845
tersoff_1989,1128,128,bt,PW91,dft,-20836.580269,-528.581889564636,1 1 1,1770.2564309077754,384,791.4790286279565,1.4356682429163907,4.334116474665129,0.2164512344298316,0.10494319014379183
tersoff_1989,1129,128,bt,PW91,dft,-20838.103051,-529.4449185607439,1 1 1,1790.5087349557493,384,950.5196978851259,1.57331233810789,4.581616112008955,0.22971417918240902,0.1100975104866988
tersoff_1989,1130,128,bt,PW91,dft,-20838.59159,-528.3571158692347,1 1 1,1800.3128172176926,384,914.6064927882942,1.5433041636813474,4.592804192133381,0.22669700625171382,0.12241267995162808
tersoff_1989,1131,128,bt,PW91,dft,-20837.332327,-523.1820738969624,1 1 1,1788.053324546211,384,922.5300755386943,1.5499748616398106,4.407254296993928,0.2604870560728698,0.15300470317250614
tersoff_1989,1132,128,bt,PW91,dft,-20835.548422,-519.5391992281341,1 1 1,1766.1098706775542,384,1045.1572977071905,1.6497768928289895,4.3197759361365184,0.2576057951650237,0.16752790371022552
tersoff_1989,1133,128,bt,PW91,dft,-20833.458696,-520.2637919410877,1 1 1,1738.5525028207244,384,1135.4661821356476,1.7195764544343224,4.585657750143409,0.22999241994415998,0.14554103876528846
tersoff_1989,1134,128,bt,PW91,dft,-20835.253504,-522.3458054486758,1 1 1,1757.454888433355,384,1062.7568306825697,1.6636093030624284,4.49442080924095,0.23422230340811287,0.14329724573724612
tersoff_1989,1135,128,bt,PW91,dft,-20836.128128,-520.6891350790141,1 1 1,1769.375358225971,384,1089.729478572526,1.6845881347625062,4.691771063538578,0.2387238616527385,0.16307298300022843
tersoff_1989,1136,128,bt,PW91,dft,-20835.233809,-513.473869387224,1 1 1,1760.3550488825063,384,1064.0971153909188,1.6646579943030895,4.612192221894171,0.25737047889980424,0.21245537902984601
tersoff_1989,1137,128,bt,PW91,dft,-20832.858061,-497.43474265799705,1 1 1,1737.8057704405426,384,1016.4221137768656,1.6269396386960973,4.835433723093657,0.26909460426015064,0.31920052535191434
tersoff_1989,1138,128,bt,PW91,dft,-20830.087725,-509.88107448127136,1 1 1,1709.9194440385954,384,1245.0546923875713,1.8006470859367845,5.280290778272153,0.22860194825695385,0.20032030798260125
tersoff_1989,1139,128,bt,PW91,dft,-20831.959013,-512.4216839483096,1 1 1,1726.6647814703779,384,1301.1650122420087,1.840774443736539,5.248329184954367,0.23721164506716097,0.1950912340213531
tersoff_1989,1140,128,bt,PW91,dft,-20833.1164,-512.3414090640123,1 1 1,1738.0739640171482,384,1256.540462743331,1.8089336053028844,4.744355823939016,0.25752182032295423,0.20476046749242016
tersoff_1989,1141,128,bt,PW91,dft,-20832.473906,-507.63528460393974,1 1 1,1733.3341064994006,384,1141.722412615633,1.7243072375652424,5.450059308483123,0.26143310749955717,0.23650758046173914
tersoff_1989,1142,128,bt,PW91,dft,-20830.415167,-497.95992279264243,1 1 1,1715.7197524103565,384,1302.7378530550297,1.8418866665272342,5.450627450149225,0.2545005719603101,0.2960124461749989
tersoff_1989,1143,128,bt,PW91,dft,-20826.494545,-497.22433251593736,1 1 1,1683.5667396770907,384,1465.409123533743,1.953501879327427,5.123880392560289,0.25290648166820806,0.27112938583677426
tersoff_1989,1144,128,bt,PW91,dft,-20828.278928,-501.10163101329476,1 1 1,1698.1840863831724,384,1429.0116322894175,1.9290890231109152,5.413159519385354,0.2730956086030701,0.2547784835136566
tersoff_1989,1145,128,bt,PW91,dft,-20829.721055,-502.7412422919856,1 1 1,1709.833147300858,384,1374.6804875780135,1.8920616012877973,4.8550202726374465,0.271815642072933,0.25323563758640066
tersoff_1989,1146,128,bt,PW91,dft,-20829.463019,-497.52308534145726,1 1 1,1707.820695683674,384,1430.6909406110287,1.9302221783621751,5.168141230259886,0.2674570326818676,0.29198658251238063
tersoff_1989,1147,128,bt,PW91,dft,-20827.354079,-486.30678453028844,1 1 1,1692.9910154246174,384,1207.0107410708874,1.772923331169579,4.6575728558027265,0.28261600209996735,0.3631378388496507
tersoff_1989,1148,128,bt,PW91,dft,-20822.706965,-483.106821470116,1 1 1,1658.9481173237161,384,1226.6692025233347,1.7873027298803776,4.6969228450765605,0.2501962653587762,0.35183197213225226
tersoff_1989,1149,128,bt,PW91,dft,-20824.692381,-487.79681662455073,1 1 1,1671.9092050892252,384,1403.849205452976,1.9120296299657924,5.069219723120173,0.2543522728058674,0.3307024474882274
tersoff_1989,1150,128,bt,PW91,dft,-20826.139513,-489.7796449568705,1 1 1,1683.1750099760723,384,1414.037103245025,1.9189549993943542,4.784862637656937,0.2708758312583384,0.32651731989195953
tersoff_1989,1151,128,bt,PW91,dft,-20826.112023,-485.57631773099786,1 1 1,1682.7559781379016,384,1268.8354700361929,1.817762095696955,5.274097715022399,0.253883771641404,0.3591410482191151
tersoff_1989,1152,128,bt,PW91,dft,-20824.198454,-477.1091319381584,1 1 1,1670.3959345877208,384,1285.7790831199745,1.8298587456299098,5.593879634000396,0.28055981120945567,0.4103411794131713
tersoff_1989,1153,128,bt,PW91,dft,-20818.742605,-466.1955139807972,1 1 1,1636.4164123907574,384,1308.3460314281172,1.8458469935264736,5.672368970876644,0.28072380019994375,0.45297999939254163
tersoff_1989,1154,128,bt,PW91,dft,-20820.891931,-466.6799625097122,1 1 1,1648.868625558975,384,1114.9308545358476,1.7039559169827243,4.5547952501064275,0.26722799641498785,0.46598685463538425
tersoff_1989,1155,128,bt,PW91,dft,-20822.115917,-467.60691923641775,1 1 1,1659.119443351788,384,994.4842466296553,1.609286402601495,5.420781740832461,0.3073398336638296,0.46830739583300396
tersoff_1989,1156,128,bt,PW91,dft,-20822.180794,-462.5487561435479,1 1 1,1657.1467095016178,384,825.9016138060307,1.4665556425243031,4.380060884972504,0.265759582259531,0.5083311465585552
tersoff_1989,1157,128,bt,PW91,dft,-20819.620501,-453.042099413657,1 1 1,1643.1209802426647,384,686.7277911492919,1.33729339442944,4.376171476043897,0.28232879110160874,0.5625996131983384
tersoff_1989,1158,64,liq,UNSPECIFIED,dft,-10399.005258,-226.59496968469816,1 1 1,1300.025431944,192,729.5753743623429,1.9493259710655209,8.70595186467131,1.539962346197715,
tersoff_1989,1159,64,liq,UNSPECIFIED,dft,-10400.913348,-228.6474125631234,1 1 1,1300.025431944,192,556.9898562958938,1.7032289437637111,8.459697841706785,1.2370862178859376,
tersoff_1989,1160,64,liq,UNSPECIFIED,dft,-10399.914693,-223.83618899248128,1 1 1,1300.025431944,192,731.882181564787,1.9524052761444277,7.2791127458917675,1.094888986346523,
tersoff_1989,1161,64,liq,UNSPECIFIED,dft,-10397.128438,-216.0040700318579,1 1 1,1300.025431944,192,810.8260578044703,2.055006662859827,8.42086942789059,1.1852298369778327,
tersoff_1989,1162,64,liq,UNSPECIFIED,dft,-10396.28065,-206.53693104144398,1 1 1,1300.025431944,192,1004.9219306774886,2.287786788349223,8.37631437551018,1.0507287008230684,
tersoff_1989,1163,64,liq,UNSPECIFIED,dft,-10396.524375,-204.81490972902165,1 1 1,1300.025431944,192,1202.6155794715255,2.502723078917747,10.295900938030334,0.8596813302995622,
tersoff_1989,1164,64,liq,UNSPECIFIED,dft,-10394.201572,-198.6983265223897,1 1 1,1300.025431944,192,1223.1378735163912,2.5239868775209335,8.08354101570543,1.1976908326531326,
tersoff_1989,1165,64,liq,UNSPECIFIED,dft,-10394.081954,-201.97174777797932,1 1 1,1300.025431944,192,1038.9304756279353,2.3261763104349655,7.433086008266675,1.1292694880974676,
tersoff_1989,1166,64,liq,UNSPECIFIED,dft,-10397.045358,-217.94805729469138,1 1 1,1300.025431944,192,1126.739376926767,2.422485140269577,11.054914091292984,1.1788075438790888,
tersoff_1989,1167,64,liq,UNSPECIFIED,dft,-10396.561871,-217.23091846348555,1 1 1,1300.025431944,192,1198.6404502876399,2.4985834010324313,10.304856210071167,1.1503547707768063,
tersoff_1989,1168,64,liq,UNSPECIFIED,dft,-10395.431556,-210.36162932881112,1 1 1,1300.025431944,192,1034.151042269923,2.3208195417041475,12.413808950728384,1.1863685721801513,
tersoff_1989,1169,64,liq,UNSPECIFIED,dft,-10394.758246,-208.88103141208833,1 1 1,1300.025431944,192,1005.894099530712,2.288893131709981,9.023106211944867,1.1833642890705278,
tersoff_1989,1170,64,liq,UNSPECIFIED,dft,-10396.364942,-211.1716907668696,1 1 1,1300.025431944,192,1086.3586472140805,2.378679876368403,9.480611213236903,0.8500804723634992,
tersoff_1989,1171,64,liq,UNSPECIFIED,dft,-10396.551385,-211.36548650550623,1 1 1,1300.025431944,192,946.3614325162409,2.220127427503976,9.463433624243018,0.8400916315315079,
tersoff_1989,1172,64,liq,UNSPECIFIED,dft,-10393.488669,-199.79591484751757,1 1 1,1300.025431944,192,1396.4675144104372,2.6968997579111145,11.866264604487084,1.173440894424074,
tersoff_1989,1173,64,liq,UNSPECIFIED,dft,-10391.273404,-191.14126747957945,1 1 1,1300.025431944,192,1028.4097454102148,2.314368327934184,8.654201515257446,1.240456969180948,
tersoff_1989,1174,64,liq,UNSPECIFIED,dft,-10394.168004,-199.48096166052002,1 1 1,1300.025431944,192,982.5186475781334,2.2621416009619684,7.034583086073956,0.8959495571825598,
tersoff_1989,1175,64,liq,UNSPECIFIED,dft,-10393.741239,-195.71373927136608,1 1 1,1300.025431944,192,1742.1256496476394,3.0122368917325857,12.686763861488803,1.0577117784731498,
tersoff_1989,1176,64,liq,UNSPECIFIED,dft,-10400.964141,-216.44041167839302,1 1 1,980.5490258837202,192,1030.8066312729397,2.317063775099834,8.947766557402957,1.0634660583904112,
tersoff_1989,1177,64,liq,UNSPECIFIED,dft,-10398.43497,-209.17195894625013,1 1 1,980.5490258837202,192,994.5146957924037,2.2759094974505105,7.686450420259194,1.1895111444712716,
tersoff_1989,1178,64,liq,UNSPECIFIED,dft,-10398.286273,-209.5055406948323,1 1 1,980.5490258837202,192,988.5730204426386,2.269100662113827,8.483422097184317,1.0500736668012274,
tersoff_1989,1179,64,liq,UNSPECIFIED,dft,-10396.658767,-202.861120192455,1 1 1,980.5490258837202,192,1423.9932513125718,2.723349319726167,10.850696684534347,1.1326787848535398,
tersoff_1989,1180,64,liq,UNSPECIFIED,dft,-10397.130096,-203.0588331912647,1 1 1,980.5490258837202,192,1361.998590722642,2.663408091151966,11.169797962594206,1.0794656222797714,
tersoff_1989,1181,64,liq,UNSPECIFIED,dft,-10393.547828,-195.73206936679,1 1 1,980.5490258837202,192,1265.7041961789353,2.567529815814925,8.80891164135524,1.5028428032868726,
tersoff_1989,1182,64,liq,UNSPECIFIED,dft,-10397.02162,-204.0433112621158,1 1 1,980.5490258837202,192,1136.7295237277867,2.43320082800733,7.98232148124844,1.2405535983185254,
tersoff_1989,1183,64,liq,UNSPECIFIED,dft,-10396.083464,-205.9674691392628,1 1 1,980.5490258837202,192,1225.2755638464323,2.526191513266595,11.196352054094818,1.159443667853251,
tersoff_1989,1184,64,liq,UNSPECIFIED,dft,-10396.025063,-200.9992832115261,1 1 1,980.5490258837202,192,1022.1431286457466,2.307306249365971,6.939397855900285,1.0088776259281587,
tersoff_1989,1185,64,liq,UNSPECIFIED,dft,-10393.004491,-197.52411263300203,1 1 1,980.5490258837202,192,1034.8246930070857,2.321575314898321,10.765411260935316,1.7939634791478185,
tersoff_1989,1186,64,liq,UNSPECIFIED,dft,-10416.720954,-257.07143525634154,1 1 1,1347.8648190673844,192,367.27203973032795,1.3830673182924942,6.835739915115,0.9375102110621694,
tersoff_1989,1187,64,liq,UNSPECIFIED,dft,-10421.206114,-265.74117771146507,1 1 1,1305.8780177822182,192,180.79660139546655,0.9703859879457186,5.048226884135455,0.9129701094798481,
tersoff_1989,1188,64,liq,UNSPECIFIED,dft,-10419.216612,-260.9496798594988,1 1 1,1297.7568183865358,192,260.9798971122048,1.1658774796089852,6.964024238115583,1.0344925713478847,
tersoff_1989,1189,64,liq,UNSPECIFIED,dft,-10421.659944,-266.1820371323392,1 1 1,1329.7707161412843,192,161.68096304957862,0.9176537196658417,4.3722688474691305,0.9515931497756802,
tersoff_1989,1190,64,liq,UNSPECIFIED,dft,-10420.716204,-266.3242595358514,1 1 1,1383.9143802413753,192,115.66740086155411,0.7761664637738872,5.970839930473823,0.871673785905838,
tersoff_1989,1191,64,liq,UNSPECIFIED,dft,-10419.269261,-262.6100068781878,1 1 1,1400.3246973507783,192,429.50666389648245,1.4956650274913985,6.927791386848912,1.0846121639400264,
tersoff_1989,1192,64,liq,UNSPECIFIED,dft,-10421.319002,-267.04804620326615,1 1 1,1358.2602228352673,192,108.3553038756429,0.751232681010999,4.7447833622731705,0.9927550998494459,
tersoff_1989,1193,64,liq,UNSPECIFIED,dft,-10421.614044,-266.06138543694755,1 1 1,1308.4461147523432,192,127.9065903776144,0.8161986021898969,4.525727830819165,1.0163460562790916,
tersoff_1989,1194,64,liq,UNSPECIFIED,dft,-10421.728018,-264.8297670715664,1 1 1,1312.092241570883,192,196.5594066726323,1.0118037901457442,5.367552912828965,0.9446912964688297,
tersoff_1989,1195,64,liq,UNSPECIFIED,dft,-10421.564838,-265.79596065099804,1 1 1,1355.497142585966,192,187.33728037752644,0.9877828718733098,5.666470764392778,0.8992026360667406,
tersoff_1989,1196,64,liq,UNSPECIFIED,dft,-10398.548139,-208.80141148133933,1 1 1,1202.7529418009933,192,1237.7183968245283,2.538986014821879,8.53282186083376,0.7672502435442755,
tersoff_1989,1197,64,liq,UNSPECIFIED,dft,-10396.693235,-204.56292443902407,1 1 1,1203.0223588864037,192,1490.4551419646791,2.7861778833614883,12.40322724406444,0.9702740796714564,
tersoff_1989,1198,64,liq,UNSPECIFIED,dft,-10396.885554,-203.85755675336625,1 1 1,1202.3451941589103,192,1026.486903961222,2.3122037016948496,10.5913547198173,0.9960423324295341,
tersoff_1989,1199,64,liq,UNSPECIFIED,dft,-10398.24021,-211.23045647597854,1 1 1,1210.1301449117268,192,1119.5737362044906,2.414769804639438,11.11183011255522,1.1238677405912436,
tersoff_1989,1200,64,liq,UNSPECIFIED,dft,-10398.606072,-211.03803245317874,1 1 1,1220.5481585964392,192,1100.2785229663614,2.3938707791183016,8.839460247954962,0.9394398227584219,
tersoff_1989,1201,64,liq,UNSPECIFIED,dft,-10396.919603,-206.89729683363376,1 1 1,1232.3986920022899,192,942.3306105292567,2.215394305725254,8.596527781093256,0.8371969780992653,
tersoff_1989,1202,64,liq,UNSPECIFIED,dft,-10397.593081,-209.9930099412688,1 1 1,1239.4789135947035,192,921.1661891479746,2.1903745269882577,7.781293400915108,0.8525135537797186,
tersoff_1989,1203,64,liq,UNSPECIFIED,dft,-10398.201601,-208.08872027605491,1 1 1,1242.4695680452137,192,1024.4898779978062,2.3099534153827808,9.593327423944235,0.832265743963429,
tersoff_1989,1204,64,liq,UNSPECIFIED,dft,-10399.151985,-212.5005891283704,1 1 1,1234.502502412116,192,800.088882390454,2.0413548431822464,8.107595719076977,0.6815469563243607,
tersoff_1989,1205,64,liq,UNSPECIFIED,dft,-10398.065456,-212.32997772772228,1 1 1,1219.4080720385289,192,680.4026153008813,1.8824886776176788,6.978519821437876,0.812535510582012,
tersoff_1989,1206,64,liq,UNSPECIFIED,dft,-10418.982616,-263.4393483809324,1 1 1,1442.8970000000002,192,149.16228548155024,0.8814118807627572,5.971132543527115,0.8547352110750805,
tersoff_1989,1207,64,liq,UNSPECIFIED,dft,-10417.963412,-259.159440407492,1 1 1,1442.8970000000002,192,545.8622901901854,1.6861295209464828,7.135566934233036,0.8719987956676507,
tersoff_1989,1208,64,liq,UNSPECIFIED,dft,-10418.618732,-260.94309282290993,1 1 1,1442.8970000000002,192,218.82381563078172,1.0675707812960171,4.322252797809978,0.9543696889949911,
tersoff_1989,1209,64,liq,UNSPECIFIED,dft,-10418.441883,-262.68006131223575,1 1 1,1442.8970000000002,192,391.73537753950114,1.428386650975464,7.425043279211057,0.8569820984519965,
tersoff_1989,1210,64,liq,UNSPECIFIED,dft,-10420.603132,-265.77187681887534,1 1 1,1442.8970000000002,192,187.7709942173095,0.9889256434207546,5.142390356799954,0.8322472162248803,
tersoff_1989,1211,64,liq,UNSPECIFIED,dft,-10395.519816,-200.8659253756834,1 1 1,941.1920000000005,192,1134.925742515179,2.4312695398906086,10.872260435672557,1.2624730758046965,
tersoff_1989,1212,64,liq,UNSPECIFIED,dft,-10395.445407,-201.14734086725207,1 1 1,941.1920000000005,192,1164.1521173561118,2.46237533245775,9.129304718067344,1.306743534753592,
tersoff_1989,1213,64,liq,UNSPECIFIED,dft,-10394.504496,-199.4915482877253,1 1 1,941.1920000000005,192,1162.440449844829,2.460564435844308,7.8915964751727365,1.3261704901368812,
tersoff_1989,1214,64,liq,UNSPECIFIED,dft,-10396.039918,-205.7504881008985,1 1 1,941.1920000000005,192,944.9392134779926,2.218458564754188,7.415885581827158,1.160126811206969,
tersoff_1989,1215,64,liq,UNSPECIFIED,dft,-10397.965164,-204.95386958039546,1 1 1,941.1920000000005,192,936.4021554638324,2.20841449001483,8.70516327238215,1.1602014627944202,
tersoff_1989,1216,64,liq,UNSPECIFIED,dft,-10395.878364,-201.62408406111877,1 1 1,941.1920000000005,192,1047.046155958647,2.3352441832960324,10.291525456478377,1.2728317849750248,
tersoff_1989,1217,64,liq,UNSPECIFIED,dft,-10393.351078,-196.73297004342467,1 1 1,941.1920000000005,192,1409.6439538420047,2.709593252303214,11.40970911471712,1.3086515234888498,
tersoff_1989,1218,64,liq,UNSPECIFIED,dft,-10395.091509,-200.08456601578905,1 1 1,941.1920000000005,192,1246.6589177660558,2.5481395559698465,9.067967424840166,1.2419739280281057,
tersoff_1989,1219,64,liq,UNSPECIFIED,dft,-10393.983281,-201.12804938626817,1 1 1,941.1920000000005,192,1179.7715484137561,2.4788391398639904,8.872478046062538,1.472235868896919,
tersoff_1989,1220,64,liq,UNSPECIFIED,dft,-10397.206178,-207.58618544054377,1 1 1,941.1920000000005,192,1055.0695955964645,2.3441745122178053,7.552060905640957,1.2031205424690152,
tersoff_1989,1221,64,liq,UNSPECIFIED,dft,-10397.520979,-207.2423512668118,1 1 1,1196.6145470695274,192,885.0825901919027,2.147045681220941,9.027924202282069,1.1361655290323933,
tersoff_1989,1222,64,liq,UNSPECIFIED,dft,-10399.80122,-212.4293539049942,1 1 1,1196.6145470695274,192,886.033892124789,2.148199212088257,8.483437319005253,0.8055109161155111,
tersoff_1989,1223,64,liq,PW91,dft,-10391.021962,-198.07895648710226,1 1 1,1442.8970000000002,192,944.4589206153914,2.2178946950216467,12.263158690180981,0.8539226360699829,0.7134403119440624
tersoff_1989,1224,64,liq,PW91,dft,-10392.093033,-205.26205336840283,1 1 1,1442.8970000000002,192,742.3171803371242,1.9662744758186368,8.102344558437354,0.778222974825901,0.6179399075487173
tersoff_1989,1225,64,liq,PW91,dft,-10389.448986,-196.43326854775282,1 1 1,1442.8970000000002,192,1097.80655666683,2.3911801443303555,9.287555371695008,0.932818227088505,0.7145764359963773
tersoff_1989,1226,64,liq,PW91,dft,-10390.320457,-194.49826795905008,1 1 1,1442.8970000000002,192,1017.5564424023677,2.3021236147332167,9.062974263728238,0.8403837414634732,0.7584275545698635
tersoff_1989,1227,128,liq,UNSPECIFIED,dft,-20782.174591,-395.11657345685546,1 1 1,2656.7416250000024,384,2145.5558885519677,2.363765031985501,11.914892336858097,1.1528463424233093,
tersoff_1989,1228,128,liq,UNSPECIFIED,dft,-20782.125585,-386.6999569569285,1 1 1,2656.7416250000024,384,2319.4268500555345,2.4576765630746222,11.55783831844534,1.0464102093116077,
tersoff_1989,1229,128,liq,UNSPECIFIED,dft,-20784.898341,-391.06682906847425,1 1 1,2656.7416250000024,384,2386.9577846562333,2.4931979258659496,10.341450215198714,1.0695479044410638,
tersoff_1989,1230,128,liq,UNSPECIFIED,dft,-20780.787759,-387.4108510532082,1 1 1,2656.7416250000024,384,2125.7943226266616,2.3528541636007954,10.559135832448364,1.173045323054196,
tersoff_1989,1231,128,liq,UNSPECIFIED,dft,-20785.208074,-396.1872893665746,1 1 1,2656.7416250000024,384,2010.6370462848856,2.288238181374531,9.890718845609314,0.9351294877603349,
tersoff_1989,1232,128,liq,UNSPECIFIED,dft,-20788.358708,-408.0774021655846,1 1 1,2656.7416250000024,384,1928.987777926271,2.241295534212969,10.166193517470127,0.9528630667626174,
tersoff_1989,1233,128,liq,UNSPECIFIED,dft,-20778.905217,-373.99899169868377,1 1 1,2656.7416250000024,384,2268.178444600243,2.4303733662710756,12.729449614845059,1.0900880301542977,
tersoff_1989,1234,64,amorph,UNSPECIFIED,dft,-10418.559105,-264.07299241653425,1 1 1,1369.854789407834,192,212.60064035831113,1.0522808569323134,5.709159598511765,0.9827993995258306,
tersoff_1989,1235,64,amorph,UNSPECIFIED,dft,-10420.848058,-267.55957032486805,1 1 1,1369.854789407834,192,114.15812000473541,0.7710859496134852,3.5721336451148136,0.9154715870511311,
tersoff_1989,1236,64,amorph,UNSPECIFIED,dft,-10420.568955,-267.8203804323282,1 1 1,1369.854789407834,192,250.87741146369493,1.1430893161545796,8.335513133935946,0.9835505079160272,
tersoff_1989,1237,64,amorph,UNSPECIFIED,dft,-10420.619693,-264.6039330266761,1 1 1,1369.854789407834,192,216.95555661989118,1.06300369585212,5.321500246333714,1.0847878956508137,
tersoff_1989,1238,64,amorph,UNSPECIFIED,dft,-10421.452226,-266.69668846437946,1 1 1,1369.854789407834,192,76.73274307360154,0.6321785376840481,4.1237543758094395,0.8906888242882467,
tersoff_1989,1239,64,amorph,UNSPECIFIED,dft,-10419.690642,-264.37540553078895,1 1 1,1369.854789407834,192,212.41369720033472,1.0518181114551493,7.244601731842112,1.105242150180646,
tersoff_1989,1240,64,amorph,UNSPECIFIED,dft,-10419.389098,-263.6796979381296,1 1 1,1369.854789407834,192,135.1403351696394,0.8389612102724844,5.250624103274371,1.0006775160917019,
tersoff_1989,1241,64,amorph,UNSPECIFIED,dft,-10420.856705,-265.2952705234142,1 1 1,1369.854789407834,192,302.45157582467215,1.2550970576361153,7.160814218856332,0.9847705092706457,
tersoff_1989,1242,64,amorph,UNSPECIFIED,dft,-10422.523675,-268.3241727568864,1 1 1,1369.854789407834,192,148.25119517083084,0.8787159048946047,5.39194543791631,1.0426252699720906,
tersoff_1989,1243,64,amorph,UNSPECIFIED,dft,-10420.432014,-266.1977738028353,1 1 1,1369.854789407834,192,138.69031905977275,0.8499090608821921,5.156279545557033,1.0905266090584784,
tersoff_1989,1244,64,amorph,UNSPECIFIED,dft,-10421.574437,-266.03756044715834,1 1 1,1369.854789407834,192,125.2095467936835,0.8075475566287732,5.321470866973153,0.957162383995766,
tersoff_1989,1245,64,amorph,UNSPECIFIED,dft,-10421.479275,-266.5637258047033,1 1 1,1369.854789407834,192,219.4058110598253,1.0689895225257933,5.833859126657345,0.9786577016029511,
tersoff_1989,1246,64,amorph,UNSPECIFIED,dft,-10420.030978,-263.11837755458595,1 1 1,1369.854789407834,192,201.95985019142034,1.025609194453219,4.346250879647544,0.9988036241405787,
tersoff_1989,1247,64,amorph,UNSPECIFIED,dft,-10420.29342,-265.2111433723529,1 1 1,1369.854789407834,192,183.49222536414203,0.9775933069388175,6.440802999581888,0.9917655339797327,
tersoff_1989,1248,64,amorph,UNSPECIFIED,dft,-10421.293903,-265.5262532422569,1 1 1,1369.854789407834,192,189.54981797696024,0.9935988301606781,6.112779706196636,0.9329386436902617,
tersoff_1989,1249,64,amorph,UNSPECIFIED,dft,-10418.469943,-260.8473957876595,1 1 1,1369.854789407834,192,255.4838667828831,1.1535359290001255,6.849795348622959,1.0934465601658554,
tersoff_1989,1250,64,amorph,UNSPECIFIED,dft,-10421.556415,-266.3157881144976,1 1 1,1369.854789407834,192,72.01307512254238,0.6124280362594244,3.136769109075736,1.0396120411725913,
tersoff_1989,1251,64,amorph,UNSPECIFIED,dft,-10418.47034,-261.3095751838814,1 1 1,1369.854789407834,192,167.01391263748823,0.932665067599431,4.9602986540930685,1.0894415386303338,
tersoff_1989,1252,64,amorph,UNSPECIFIED,dft,-10420.470153,-264.81051035506084,1 1 1,1369.854789407834,192,176.76429508642002,0.9595037103845774,4.728168328734539,1.0039860473092574,
tersoff_1989,1253,64,amorph,UNSPECIFIED,dft,-10421.143159,-267.36465692946126,1 1 1,1369.854789407834,192,76.32228293286876,0.6304854401771369,3.9350779864528036,0.9297673964441994,
tersoff_1989,1254,64,amorph,UNSPECIFIED,dft,-10421.252702,-265.714861530553,1 1 1,1369.854789407834,192,138.45107187221342,0.8491756783303313,5.8815912288299765,1.0636344156767301,
tersoff_1989,1255,64,amorph,UNSPECIFIED,dft,-10422.505867,-268.65764711147904,1 1 1,1369.854789407834,192,111.82330952992221,0.76315992456912,4.153157547992426,0.9683805268559205,
tersoff_1989,1256,64,amorph,UNSPECIFIED,dft,-10423.200354,-268.325785502181,1 1 1,1369.854789407834,192,132.68456043226857,0.8313034457513486,4.069183983817679,0.9256891956047532,
tersoff_1989,1257,64,amorph,UNSPECIFIED,dft,-10421.428821,-266.9977767143855,1 1 1,1369.854789407834,192,111.47343628331994,0.7619651002346661,3.7039464941648683,0.8672567616896131,
tersoff_1989,1258,64,amorph,UNSPECIFIED,dft,-10420.797826,-266.21820066705516,1 1 1,1369.854789407834,192,75.5493681795779,0.627284857622092,4.2163314308568935,1.0431911640460487,
tersoff_1989,1259,64,amorph,UNSPECIFIED,dft,-10421.256919,-265.5311303912766,1 1 1,1369.854789407834,192,120.50080472036899,0.7922173678471007,5.966748338257156,0.9267854032456871,
tersoff_1989,1260,64,amorph,UNSPECIFIED,dft,-10421.844645,-268.24896929827804,1 1 1,1369.854789407834,192,180.62078942566492,0.9699140571507723,9.628244473199464,1.1115120204864803,
tersoff_1989,1261,64,amorph,UNSPECIFIED,dft,-10422.217208,-268.12588547360724,1 1 1,1369.854789407834,192,98.48839594590783,0.7162125351818434,4.6366220638387,0.9153030576766296,
tersoff_1989,1262,64,amorph,UNSPECIFIED,dft,-10423.115313,-268.6156820947074,1 1 1,1369.854789407834,192,171.68380409777012,0.9456143398214126,5.169765016567207,0.8855883178527071,
tersoff_1989,1263,64,amorph,UNSPECIFIED,dft,-10421.571253,-265.5265989515228,1 1 1,1369.854789407834,192,217.3366662161447,1.0639369357293162,8.017100477309024,0.8747169296531736,
tersoff_1989,1264,64,amorph,UNSPECIFIED,dft,-10421.22663,-265.51317312360226,1 1 1,1369.854789407834,192,215.43461512750963,1.0592711112469961,5.997593458808317,0.9134552312345645,
tersoff_1989,1265,216,amorph,PW91,dft,-35210.82590887,-951.4517942889426,1 1 1,4423.3609412645965,648,114.58768820005884,0.4205149844661717,4.872980654257751,0.004254681027779656,0.05691934423585199
tersoff_1989,1266,216,amorph,PW91,dft,-35210.16158956,-952.0705890806657,1 1 1,4411.031030146403,648,43.03964728316928,0.25771924408224345,1.9891234533213187,0.008206422469815115,0.050979001172290594
tersoff_1989,1267,216,amorph,PW91,dft,-35208.92716773,-947.121374250889,1 1 1,4406.998635954716,648,140.36654634240648,0.4654192095862201,4.711210778361003,0.014135340894062582,0.0681771169120049
tersoff_1989,1268,216,amorph,PW91,dft,-35210.43343326,-950.1925670950324,1 1 1,4424.988745490016,648,82.8226977141896,0.3575091678747415,3.0348611495388798,0.012604143216996858,0.06093208305023712
tersoff_1989,1269,216,amorph,PW91,dft,-35211.15678939,-951.7797179407647,1 1 1,4432.98503687492,648,59.94134273596615,0.30414153304572616,2.5757550798077675,0.006385800690826717,0.0569330334403606
tersoff_1989,1270,216,amorph,PW91,dft,-35210.50512324,-951.1066933312683,1 1 1,4434.493565415644,648,51.28922670484163,0.2813361711745849,2.786594994634625,0.008574294476608846,0.05703191519731465
tersoff_1989,1271,216,amorph,PW91,dft,-35211.20700925,-951.7391093690641,1 1 1,4435.715389176123,648,51.22969228825184,0.28117284205893667,2.533930449106469,0.006420168825421461,0.05735353543897581
tersoff_1989,1272,216,amorph,PW91,dft,-35210.3491529,-951.4159177403411,1 1 1,4418.6280866695615,648,56.382990198800734,0.2949759097686255,3.0547764281804315,0.004500719061205802,0.054878235803458075
tersoff_1989,1273,216,amorph,PW91,dft,-35210.63412366,-951.9907530807551,1 1 1,4411.136307158164,648,55.65996204475239,0.2930784931643434,2.7724637690388443,0.03231694638677102,0.05353627015338169
tersoff_1989,1274,216,amorph,PW91,dft,-35210.7883784,-952.1572169991641,1 1 1,4404.092572995741,648,66.00691387192688,0.31915908479517635,3.5092912636431044,0.009263461217847673,0.05347974617927065
tersoff_1989,1275,216,amorph,PW91,dft,-35210.32870514,-952.6844036253497,1 1 1,4414.220431405106,648,52.17972726143049,0.2837679870337218,2.3941439156334825,0.009498786821497096,0.048910950409861265
tersoff_1989,1276,216,amorph,PW91,dft,-35209.89728014,-952.2647748917075,1 1 1,4416.418838383543,648,64.95613177129016,0.3166085028730232,3.2636451735207714,0.007189508559931849,0.048856338065641935
tersoff_1989,1277,216,amorph,PW91,dft,-35207.97809444,-949.4607680568395,1 1 1,4402.029080164509,648,132.07861021041532,0.45146983925486517,4.486797951246311,0.010511674675108083,0.052952732208520814
tersoff_1989,1278,216,amorph,PW91,dft,-35208.20026323,-945.7452681851161,1 1 1,4400.492732220389,648,61.72243370313504,0.30862707155232105,2.857169521132057,0.012537195333127247,0.07118267971651981
tersoff_1989,1279,216,amorph,PW91,dft,-35208.52140558,-947.1530740778528,1 1 1,4403.816736089087,648,84.83077737864704,0.3618172100461315,3.3718303835997774,0.0999190366583285,0.06615182998164926
tersoff_1989,1280,216,amorph,PW91,dft,-35211.06640797,-951.5104486328125,1 1 1,4427.413847160403,648,41.07698159410587,0.25177450962042963,2.0415203953956547,0.008373151832191882,0.057761218106807455
tersoff_1989,1281,216,amorph,PW91,dft,-35208.09916509,-945.8674646257948,1 1 1,4399.500909606059,648,103.95678893390166,0.4005335733949339,4.320979001913467,0.04172104000211434,0.07014890850968403
tersoff_1989,1282,216,amorph,PW91,dft,-35207.19102693,-944.583385377034,1 1 1,4394.7533160694575,648,166.38722472091771,0.5067251804676128,6.09601505987962,0.012092545032803078,0.07188937651318383
tersoff_1989,1283,216,amorph,PW91,dft,-35208.96287104,-949.1463474346384,1 1 1,4418.244024987839,648,56.10169769050718,0.29423917816434997,2.4699929798889415,0.008441519385574912,0.058967534163185675
tersoff_1989,1284,216,amorph,PW91,dft,-35208.88070385,-948.9654360029239,1 1 1,4384.480532940353,648,161.91185181594813,0.49986395034226244,5.397859719040078,0.052510077983324445,0.05942468343038776
tersoff_1989,1285,216,amorph,PW91,dft,-35208.12865397,-948.7731466555981,1 1 1,4394.556238232581,648,116.33400242657882,0.42370718842438604,5.939485542241733,0.025947028452094994,0.05683319948280818
tersoff_1989,1286,216,amorph,PW91,dft,-35208.59004435,-947.9075566469434,1 1 1,4393.624815254957,648,123.14202650515114,0.4359288835581957,5.6261471747688265,0.013942098529982962,0.0629766272080694
tersoff_1989,1287,216,amorph,PW91,dft,-35209.15169294,-950.550138202251,1 1 1,4410.49557703676,648,122.5530806561833,0.43488518538738324,4.2292065462426045,0.01286782982053009,0.05334267829461403
tersoff_1989,1288,216,amorph,PW91,dft,-35208.13970269,-948.9866164202822,1 1 1,4399.4986730519495,648,88.67052681729251,0.36991516965749777,3.5776795476374197,0.029776628551103135,0.05589606501669753
tersoff_1989,1289,216,amorph,PW91,dft,-35208.74591194,-949.2380703944444,1 1 1,4398.226529839007,648,83.2144707091123,0.3583537261835263,4.4432453188252605,0.04473989131463865,0.05753845055298257
tersoff_1989,1290,216,amorph,PW91,dft,-35208.10601901,-947.7213641246703,1 1 1,4423.17560521532,648,124.52783043672011,0.43837492838259423,6.11736913359067,0.015320893554913425,0.061597771570442106
tersoff_1989,1291,216,amorph,PW91,dft,-35207.65655752,-944.2532321342594,1 1 1,4398.57495201019,648,182.88089958258576,0.5312472216086906,6.829139595046572,0.06683886188918821,0.07557309796122968
tersoff_1989,1292,216,amorph,PW91,dft,-35207.08409948,-946.026168167942,1 1 1,4400.138628805824,648,128.02475943512536,0.4444874274963848,5.362861141685935,0.03325433038727697,0.06471479206456454
tersoff_1989,1293,216,amorph,PW91,dft,-35208.22998213,-947.4468937055912,1 1 1,4397.216313563154,648,116.39650526886196,0.4238209958532276,5.713597968134197,0.012982741791069414,0.06344237128837271
tersoff_1989,1294,216,amorph,PW91,dft,-35209.86777922,-950.3057642808996,1 1 1,4409.388797868186,648,77.73569125454966,0.34635601121380105,3.602861562577823,0.03157318794346843,0.05778925330087148
tersoff_1989,1295,216,amorph,PW91,dft,-35209.86725603,-950.152275399704,1 1 1,4413.898545419547,648,96.8566840476647,0.3866137496670046,3.9019057531589016,0.019587009844017275,0.058497427797120416
tersoff_1989,1296,216,amorph,PW91,dft,-35209.7955344,-950.3663670628796,1 1 1,4415.4812128928,648,96.92496842987455,0.3867500078404928,4.22570793755472,0.025902370702788797,0.05717421810649448
tersoff_1989,1297,216,amorph,PW91,dft,-35213.95074263,-955.1570418165641,1 1 1,4396.139367981033,648,33.33572277929594,0.22681273472782776,1.3887699131157438,0.008846766846818972,0.054232243459793494
tersoff_1989,1298,216,amorph,PW91,dft,-35213.8242356,-954.4025232553115,1 1 1,4388.032454443725,648,130.66426402745407,0.44904608088526593,5.228946932855737,0.032502915353572234,0.05713970425264581
tersoff_1989,1299,216,amorph,PW91,dft,-35213.69553857,-954.7298073076124,1 1 1,4382.519482106235,648,38.842283896345734,0.24483013731225167,1.7085279204934567,0.014771584082159107,0.05502868072346967
tersoff_1989,1300,216,amorph,PW91,dft,-35213.25946303,-954.8785000876152,1 1 1,4388.687378001581,648,36.85642608163796,0.23848941432119888,1.1584636469577034,0.02009966047176536,0.05232141998273132
tersoff_1989,1301,216,amorph,PW91,dft,-35213.59291859,-954.8419595815416,1 1 1,4386.427281197652,648,99.9521917097993,0.3927431850824437,5.222538567214732,0.008060283660342555,0.05403436473307455
tersoff_1989,1302,216,amorph,PW91,dft,-35213.20150794,-955.2975975072653,1 1 1,4384.434874549302,648,35.53639758421382,0.23417967402984624,1.2429414505745868,0.007161352627165995,0.05011284354916423
tersoff_1989,1303,216,amorph,PW91,dft,-35214.20457494,-955.3201753797673,1 1 1,4380.30379194563,648,103.92364367509964,0.40046971586597035,6.080611901751723,0.008223910065124695,0.054652145065361424
tersoff_1989,1304,216,amorph,PW91,dft,-35213.9205316,-955.007775174765,1 1 1,4381.865306735312,648,116.77865728570927,0.42451616847036727,4.918298432900286,0.007037481958400662,0.05478342684779225
tersoff_1989,1305,216,amorph,PW91,dft,-35213.67237128,-954.1768188035104,1 1 1,4372.662561421619,648,62.79429865096968,0.311295329018571,3.1740560608513717,0.03984852363584867,0.057481556714694904
tersoff_1989,1306,216,amorph,PW91,dft,-35213.47685621,-954.5466269833448,1 1 1,4387.943967003498,648,36.11489949767023,0.2360781006259795,1.1194308146137542,0.008423645117637686,0.054864319446946475
tersoff_1989,1307,216,amorph,PW91,dft,-35213.03527649,-954.3664253604416,1 1 1,4380.742662663524,648,38.698109849198495,0.24437533697743966,1.0901917264137977,0.006175757338473048,0.05365423566411032
tersoff_1989,1308,216,amorph,PW91,dft,-35212.0189038,-952.8712981044366,1 1 1,4374.052501879853,648,110.85738947786416,0.41361360994294816,5.495639502636608,0.030969811884287383,0.05587069198819972
tersoff_1989,1309,216,amorph,PW91,dft,-35213.42798871,-953.6660137811352,1 1 1,4376.882684572416,648,98.8430188392336,0.39055796355989447,4.576171077599952,0.03077288270088167,0.05871499399420088
tersoff_1989,1310,216,amorph,PW91,dft,-35213.93816007,-954.8781504202947,1 1 1,4384.3898568198565,648,100.28859309855696,0.3934035426560319,4.43585580588372,0.00783107024046593,0.055465154738844724
tersoff_1989,1311,216,amorph,PW91,dft,-35213.02708205,-954.3610390323748,1 1 1,4378.078746484656,648,41.75643571825438,0.25384826966054314,1.3599307783970818,0.009157652908367049,0.05364123514589192
tersoff_1989,1312,216,amorph,PW91,dft,-35213.73350438,-953.3229046103797,1 1 1,4381.4887180980095,648,59.99025046280667,0.3042655863066083,3.138758180313831,0.008522747140867227,0.06171788677547685
tersoff_1989,1313,216,amorph,PW91,dft,-35214.48882821,-956.0550819016114,1 1 1,4380.844744570204,648,103.10493071987739,0.39888914175146234,4.850599232516239,0.007106810700541652,0.05256578741794815
tersoff_1989,1314,216,amorph,PW91,dft,-35214.07602426,-955.287924570624,1 1 1,4392.397572450346,648,113.9109633210995,0.41927142001771606,6.043812102893134,0.006627165648830353,0.05420631232990836
tersoff_1989,1315,216,amorph,PW91,dft,-35212.99849195,-953.9361606222268,1 1 1,4391.032718572285,648,49.42401138790297,0.2761731748598983,2.4934228887565606,0.031770146985907584,0.05547590324841423
tersoff_1989,1316,216,amorph,PW91,dft,-35214.07225023,-955.4416235072576,1 1 1,4403.168201927146,648,42.17074080944747,0.2551044956841865,2.359300080575339,0.009157389067689384,0.05347727081770426
tersoff_1989,1317,216,amorph,PW91,dft,-35211.31350649,-951.9155874935399,1 1 1,4378.961467967021,648,111.06321295595852,0.4139973999365902,4.5140505570192655,0.009808302070499911,0.05702954986269759
tersoff_1989,1318,216,amorph,PW91,dft,-35213.97123498,-955.762949958923,1 1 1,4393.786512662264,648,40.86545386280646,0.251125410921523,1.7642423209259714,0.006713242625081406,0.05152198516186335
tersoff_1989,1319,216,amorph,PW91,dft,-35213.88724104,-954.8609622755772,1 1 1,4397.227010079453,648,85.0094889018286,0.3621981265456688,4.393633915055583,0.017338993101968854,0.05530899323290228
tersoff_1989,1320,216,amorph,PW91,dft,-35213.95514774,-955.1630231057406,1 1 1,4396.146938428685,648,33.34899574067174,0.22685788414732705,1.3975953341521916,0.008476684999470425,0.054224946334012536
tersoff_1989,1321,216,amorph,PW91,dft,-35214.08974729,-955.3676002423623,1 1 1,4394.886600788103,648,102.78317185118183,0.3982662500679437,5.733161227733838,0.011330210592389766,0.05390097602557464
tersoff_1989,1322,216,amorph,PW91,dft,-35213.93308179,-955.0439574870956,1 1 1,4395.898940243487,648,102.97322544452783,0.39863429170795867,5.896202249893392,0.0061056344904411195,0.05467401887401646
tersoff_1989,1323,216,amorph,PW91,dft,-35213.67133108,-953.3339551888488,1 1 1,4396.22974314717,648,68.1435239454922,0.3242834549821225,3.812968847656813,0.03497004833946041,0.06137888733813046
tersoff_1989,1324,216,amorph,PW91,dft,-35214.0486902,-955.3943161468906,1 1 1,4394.167581709645,648,64.70624941619812,0.31599892906961763,4.176930529953781,0.008025559045563565,0.05358721216200202
tersoff_1989,1325,216,amorph,PW91,dft,-35213.87387173,-954.5237738821146,1 1 1,4397.258260605588,648,42.10673551223995,0.2549108277643015,2.1950779558343343,0.04581425005920815,0.056808155656354664
tersoff_1989,1326,216,amorph,PW91,dft,-35213.61060098,-955.255398759083,1 1 1,4392.410232998577,648,41.3657854586759,0.2526580469147898,2.164538927927851,0.003698658478021056,0.05220215738333778
tersoff_1989,1327,216,amorph,PW91,dft,-35213.08894075,-954.5488869956038,1 1 1,4397.579793222626,648,80.08856014726699,0.35155861106988595,4.284843258197335,0.015644218797694037,0.053057951519832613
tersoff_1989,1328,216,amorph,PW91,dft,-35213.94580755,-954.4146374704576,1 1 1,4393.947080703533,648,62.903587638424106,0.31156610488565256,3.797781242863411,0.008830366028513816,0.05764645302513305
tersoff_1989,1329,216,amorph,UNSPECIFIED,dft,-35208.760846,-951.7114913791343,1 1 1,4423.3609412645965,648,124.38541425020236,0.43812418304497963,5.243791017447286,0.18963726729813019,
tersoff_1989,1330,216,amorph,UNSPECIFIED,dft,-35207.361395,-952.1443047749415,1 1 1,4411.031030146403,648,163.7025673234697,0.5026205514193169,6.885193858611479,0.1988735270301079,
tersoff_1989,1331,216,amorph,UNSPECIFIED,dft,-35204.301014,-946.3836296643912,1 1 1,4406.998635954716,648,199.78808117955015,0.5552611458511196,5.664059583490911,0.20175865177878394,
tersoff_1989,1332,216,amorph,UNSPECIFIED,dft,-35208.284946,-950.2641603033014,1 1 1,4424.988745490016,648,104.53736263170356,0.40165045808641126,5.3749653253913126,0.19447699256080095,
tersoff_1989,1333,216,amorph,UNSPECIFIED,dft,-35208.061878,-950.560482334594,1 1 1,4432.98503687492,648,73.14141215199442,0.33596510178480643,4.432764482254228,0.20024789023718687,
tersoff_1989,1334,216,amorph,UNSPECIFIED,dft,-35208.170218,-950.8602348478722,1 1 1,4434.493565415644,648,66.7174600956187,0.32087231628396407,4.655354090718506,0.1933801716738429,
tersoff_1989,1335,216,amorph,UNSPECIFIED,dft,-35208.735719,-951.6656760192317,1 1 1,4435.715389176123,648,64.09947714129609,0.3145138251423995,4.472477505237724,0.19617560259313027,
tersoff_1989,1336,216,amorph,UNSPECIFIED,dft,-35207.729724,-950.6002794551092,1 1 1,4418.6280866695615,648,94.13817700425521,0.3811495303850439,4.238868090983736,0.19818570680342423,
tersoff_1989,1337,216,amorph,UNSPECIFIED,dft,-35207.937628,-950.4535058096907,1 1 1,4411.136307158164,648,59.85688321911283,0.3039271843103681,2.927669139895088,0.19832097682563504,
tersoff_1989,1338,216,amorph,UNSPECIFIED,dft,-35207.931087,-950.7750452438225,1 1 1,4404.092572995741,648,45.84448121278943,0.26598431568905767,1.9783562437871258,0.20149493963639403,
tersoff_1989,1339,216,amorph,UNSPECIFIED,dft,-35208.019043,-952.4391768288315,1 1 1,4414.220431405106,648,86.01439065509848,0.3643326188852625,4.598550688154659,0.1995893883025694,
tersoff_1989,1340,216,amorph,UNSPECIFIED,dft,-35207.029433,-951.5776244712248,1 1 1,4416.418838383543,648,46.81673541928179,0.2687899709560347,2.637778216994487,0.20518715261813308,
tersoff_1989,1341,216,amorph,UNSPECIFIED,dft,-35204.594725,-949.924606578519,1 1 1,4402.029080164509,648,60.86866366311773,0.30648511046527216,2.328140960515619,0.21422436641280826,
tersoff_1989,1342,216,amorph,UNSPECIFIED,dft,-35204.576928,-949.0874114425136,1 1 1,4400.492732220389,648,74.90975471824125,0.34000216665577176,3.7333624927532196,0.21260078599286492,
tersoff_1989,1343,216,amorph,UNSPECIFIED,dft,-35204.280442,-949.2898378898353,1 1 1,4403.816736089087,648,84.99458217747993,0.36216636877124647,4.265135833552025,0.2008518548828378,
tersoff_1989,1344,216,amorph,UNSPECIFIED,dft,-35208.096048,-952.2952229664696,1 1 1,4427.413847160403,648,33.77938560799778,0.2283170635187474,1.537049204804311,0.20164140634803246,
tersoff_1989,1345,216,amorph,UNSPECIFIED,dft,-35204.742205,-947.6044405936686,1 1 1,4399.500909606059,648,107.924676922402,0.408105902125154,5.4821528711013725,0.20489893011442747,
tersoff_1989,1346,216,amorph,UNSPECIFIED,dft,-35203.503134,-946.1226496686934,1 1 1,4394.7533160694575,648,121.57839319146481,0.4331523717438498,5.7637600540381,0.21579499350556744,
tersoff_1989,1347,216,amorph,UNSPECIFIED,dft,-35206.389711,-948.8939838272206,1 1 1,4418.244024987839,648,95.01147608319191,0.3829133691535603,4.588415531763492,0.2090903613860214,
tersoff_1989,1348,216,amorph,UNSPECIFIED,dft,-35202.495799,-947.0622298882654,1 1 1,4384.480532940353,648,137.8532705220745,0.46123370278357617,6.161098805170454,0.21369171654670896,
tersoff_1989,1349,216,amorph,UNSPECIFIED,dft,-35204.279828,-947.8363712263526,1 1 1,4394.556238232581,648,161.99682290713588,0.49999509705487455,5.511565811872722,0.2139282241427637,
tersoff_1989,1350,216,amorph,UNSPECIFIED,dft,-35204.456148,-947.8567477141256,1 1 1,4393.624815254957,648,123.74245656701774,0.4369903673102428,5.676028496530703,0.20986279907843847,
tersoff_1989,1351,216,amorph,UNSPECIFIED,dft,-35206.672463,-949.6883686625737,1 1 1,4410.49557703676,648,117.48498387621409,0.425798059487468,5.668272898901942,0.19619443981271723,
tersoff_1989,1352,216,amorph,UNSPECIFIED,dft,-35205.097148,-948.8713726681378,1 1 1,4399.4986730519495,648,89.16528981401007,0.37094575868422863,5.324927001152132,0.20781520919778645,
tersoff_1989,1353,216,amorph,UNSPECIFIED,dft,-35205.272837,-949.3793279530353,1 1 1,4398.226529839007,648,102.51142595135997,0.39773941844713684,5.635024595207431,0.20119827878554386,
tersoff_1989,1354,216,amorph,UNSPECIFIED,dft,-35205.154593,-948.1753682382862,1 1 1,4423.17560521532,648,97.38694699700653,0.3876706056076093,4.843514010960791,0.19823334047356575,
tersoff_1989,1355,216,amorph,UNSPECIFIED,dft,-35203.975563,-945.1724847080485,1 1 1,4398.57495201019,648,168.68853856991913,0.5102174230470177,5.751902757921718,0.21035568297792934,
tersoff_1989,1356,216,amorph,UNSPECIFIED,dft,-35203.988345,-946.2556845541285,1 1 1,4400.138628805824,648,109.99517668622632,0.41200199396883974,4.731872996107819,0.22309487428191668,
tersoff_1989,1357,216,amorph,UNSPECIFIED,dft,-35204.376453,-946.7983354732445,1 1 1,4397.216313563154,648,97.43320957479406,0.38776267396324604,4.963064771683105,0.20836178466910343,
tersoff_1989,1358,216,amorph,UNSPECIFIED,dft,-35207.253184,-949.700733468118,1 1 1,4409.388797868186,648,103.53395905479942,0.39971818593977776,6.001844497193102,0.19346542794802155,
tersoff_1989,1359,216,amorph,UNSPECIFIED,dft,-35206.924684,-950.0950455284545,1 1 1,4413.898545419547,648,203.55224141856263,0.5604675096289112,6.184338655779509,0.21113081199815437,
tersoff_1989,1360,216,amorph,UNSPECIFIED,dft,-35205.489633,-948.4475520990725,1 1 1,4415.4812128928,648,247.37428188427197,0.6178595592904528,6.230634221743385,0.2089383855214023,
tersoff_1989,1361,216,amorph,UNSPECIFIED,dft,-35211.951781,-954.9645472435433,1 1 1,4396.139367981033,648,27.889476949481715,0.207459191842792,0.9809126223022793,0.19048830657056998,
tersoff_1989,1362,216,amorph,UNSPECIFIED,dft,-35211.635785,-954.6677893778843,1 1 1,4388.032454443725,648,31.176997060613637,0.2193459591259834,1.5596154024612146,0.18772396940877428,
tersoff_1989,1363,216,amorph,UNSPECIFIED,dft,-35211.151803,-954.6210694592023,1 1 1,4382.519482106235,648,31.201687332413123,0.21943279621832532,1.0232860131126296,0.1960492481397008,
tersoff_1989,1364,216,amorph,UNSPECIFIED,dft,-35210.763198,-954.1633637665153,1 1 1,4388.687378001581,648,39.332976987417275,0.24637174870676454,2.2646579773198865,0.19450932300325655,
tersoff_1989,1365,216,amorph,UNSPECIFIED,dft,-35211.451139,-954.7054843818347,1 1 1,4386.427281197652,648,37.205526112490205,0.23961622515760736,1.8457076288129342,0.192352864292136,
tersoff_1989,1366,216,amorph,UNSPECIFIED,dft,-35211.133728,-954.7265324169738,1 1 1,4384.434874549302,648,38.75159162312165,0.24454414514473752,2.478663779886079,0.19084884375104585,
tersoff_1989,1367,216,amorph,UNSPECIFIED,dft,-35210.321236,-953.4840613909788,1 1 1,4380.30379194563,648,31.208962952936755,0.21945837843573696,1.3597210073568111,0.19244026426769362,
tersoff_1989,1368,216,amorph,UNSPECIFIED,dft,-35211.778742,-954.8147022121087,1 1 1,4381.865306735312,648,50.0047059602755,0.27779084958208444,2.9224290914021283,0.19412226321077672,
tersoff_1989,1369,216,amorph,UNSPECIFIED,dft,-35209.959986,-952.0256009450336,1 1 1,4372.662561421619,648,57.044921052279875,0.2967023518182928,2.4857152029693275,0.19643507884521524,
tersoff_1989,1370,216,amorph,UNSPECIFIED,dft,-35210.164649,-952.3971787760228,1 1 1,4387.943967003498,648,117.00691375613769,0.424930847235537,6.462130783642461,0.19350357468904358,
tersoff_1989,1371,216,amorph,UNSPECIFIED,dft,-35209.270962,-952.9238856050627,1 1 1,4380.742662663524,648,61.69643804306938,0.3085620724191502,3.3941384438678543,0.20249803319270432,
tersoff_1989,1372,216,amorph,UNSPECIFIED,dft,-35208.914311,-952.636680565692,1 1 1,4374.052501879853,648,70.66568329900271,0.33023019304675266,4.019831685888912,0.2037395250329404,
tersoff_1989,1373,216,amorph,UNSPECIFIED,dft,-35210.597867,-954.2841474571227,1 1 1,4376.882684572416,648,51.761125839770585,0.2826274590639238,2.3606965616264977,0.19629585943343247,
tersoff_1989,1374,216,amorph,UNSPECIFIED,dft,-35211.319252,-953.2907139918001,1 1 1,4384.3898568198565,648,47.43339105437003,0.27055438926958875,2.4514651907261955,0.19011487102952804,
tersoff_1989,1375,216,amorph,UNSPECIFIED,dft,-35210.11406,-953.6171087637867,1 1 1,4378.078746484656,648,113.70645105065586,0.4188948773714584,5.191416674685216,0.20336132222287148,
tersoff_1989,1376,216,amorph,UNSPECIFIED,dft,-35211.447462,-953.0119746552025,1 1 1,4381.4887180980095,648,56.05268757217854,0.2941106272615404,3.5289634885082948,0.20024515258540124,
tersoff_1989,1377,216,amorph,UNSPECIFIED,dft,-35212.256123,-955.2496501701451,1 1 1,4380.844744570204,648,59.06396184492476,0.30190741837003476,3.30190409168808,0.19433668537981597,
tersoff_1989,1378,216,amorph,UNSPECIFIED,dft,-35212.18546,-955.5309744431116,1 1 1,4392.397572450346,648,31.917286631849876,0.221934837199416,1.626759499960677,0.18360306374321497,
tersoff_1989,1379,216,amorph,UNSPECIFIED,dft,-35210.527608,-953.4303171928542,1 1 1,4391.032718572285,648,43.24693910289807,0.2583391250930742,2.2406526981681303,0.18790064593324216,
tersoff_1989,1380,216,amorph,UNSPECIFIED,dft,-35212.050018,-954.8845646436781,1 1 1,4403.168201927146,648,37.90483103873112,0.24185762263710334,2.353127283427668,0.18527120482510412,
tersoff_1989,1381,216,amorph,UNSPECIFIED,dft,-35208.873412,-952.0007835216707,1 1 1,4378.961467967021,648,79.98963745692825,0.35134142731058965,4.291218008264858,0.19101268550563355,
tersoff_1989,1382,216,amorph,UNSPECIFIED,dft,-35211.849491,-954.9949074691762,1 1 1,4393.786512662264,648,33.258229412981436,0.226548953002332,1.7280073194135372,0.18771301402804716,
tersoff_1989,1383,216,amorph,UNSPECIFIED,dft,-35211.839494,-954.5588159273167,1 1 1,4397.227010079453,648,25.96422431993249,0.20017054580358026,0.8311000411207708,0.18432156543752415,
tersoff_1989,1384,216,amorph,UNSPECIFIED,dft,-35211.951824,-954.9646642431248,1 1 1,4396.146938428685,648,27.88766597927382,0.2074524561747906,0.9807665560120379,0.19048736520063542,
tersoff_1989,1385,216,amorph,UNSPECIFIED,dft,-35211.734042,-954.6423114211644,1 1 1,4394.886600788103,648,32.397741005554295,0.22359900245184533,1.6427712693990564,0.18329494672706886,
tersoff_1989,1386,216,amorph,UNSPECIFIED,dft,-35211.993204,-955.3755864348209,1 1 1,4395.898940243487,648,40.825707877222,0.2510032581720742,2.757120223307595,0.18606493440662253,
tersoff_1989,1387,216,amorph,UNSPECIFIED,dft,-35211.457656,-954.2925831149743,1 1 1,4396.22974314717,648,61.45677377469464,0.30796217343951593,3.9913323670780123,0.18580029673792567,
tersoff_1989,1388,216,amorph,UNSPECIFIED,dft,-35212.033336,-955.207928103474,1 1 1,4394.167581709645,648,26.565926071439094,0.20247666407011344,0.7468552836826242,0.18642255562024002,
tersoff_1989,1389,216,amorph,UNSPECIFIED,dft,-35211.839796,-954.5590137237501,1 1 1,4397.258260605588,648,25.965035380333408,0.2001736722042247,0.8312607546766383,0.18431572075710165,
tersoff_1989,1390,216,amorph,UNSPECIFIED,dft,-35211.184041,-954.6815932153626,1 1 1,4392.410232998577,648,37.318384822599356,0.239979374186357,2.1054921780046034,0.1913503863476665,
tersoff_1989,1391,216,amorph,UNSPECIFIED,dft,-35210.713074,-953.8651289577848,1 1 1,4397.579793222626,648,29.040888820406067,0.21169833832896265,0.9294179956981894,0.19256765460000844,
tersoff_1989,1392,216,amorph,UNSPECIFIED,dft,-35211.596194,-954.1538971980378,1 1 1,4393.947080703533,648,36.347644004676994,0.2368375882690375,2.101846249173809,0.18824219855131338,
tersoff_1989,1393,144,surface_001,UNSPECIFIED,dft,-23426.173049,-589.8731173797875,1 1 1,5587.04154151112,432,37.254097811514484,0.2936602416512217,0.7761782652987257,0.03687502684242589,
tersoff_1989,1394,144,surface_001,UNSPECIFIED,dft,-23423.197422,-577.5559104036288,1 1 1,5587.04154151112,432,106.57570947823277,0.4966920889239257,1.9061798264955052,0.5650128920876333,
tersoff_1989,1395,144,surface_001,UNSPECIFIED,dft,-23433.156867,-581.4809885344969,1 1 1,5587.04154151112,432,477.51046388703594,1.0513554565582495,7.992894429501314,0.6560785224123964,
tersoff_1989,1396,144,surface_001,UNSPECIFIED,dft,-23434.652378,-577.4178368927402,1 1 1,5587.04154151112,432,449.365913693205,1.0199014042003405,7.346353588211948,0.7007225041017519,
tersoff_1989,1397,144,surface_001,UNSPECIFIED,dft,-23436.178063,-578.7304674103336,1 1 1,5587.04154151112,432,308.73233278042846,0.8453745783571169,6.164039048048942,0.7017693129385011,
tersoff_1989,1398,144,surface_001,UNSPECIFIED,dft,-23437.140847,-584.7913546443223,1 1 1,5587.04154151112,432,652.6310385408825,1.2291135003010965,7.885218951665202,0.7491443779722662,
tersoff_1989,1399,144,surface_001,UNSPECIFIED,dft,-23437.603362,-584.6765738929423,1 1 1,5587.04154151112,432,238.55383533787037,0.7431069587690565,4.602862521833506,0.700140256904921,
tersoff_1989,1400,144,surface_001,UNSPECIFIED,dft,-23437.563681,-581.9137983331059,1 1 1,5587.04154151112,432,487.04898675547383,1.0618042239895806,7.554054280960042,0.6893906144427213,
tersoff_1989,1401,144,surface_001,UNSPECIFIED,dft,-23438.459522,-581.3417649128124,1 1 1,5587.04154151112,432,255.85668709107748,0.7695848554564106,5.8038168005130295,0.7101919663014178,
tersoff_1989,1402,144,surface_001,UNSPECIFIED,dft,-23438.992177,-581.9268848067844,1 1 1,5587.04154151112,432,383.2819283363175,0.941927112872168,6.159032977731393,0.7487082773863609,
tersoff_1989,1403,144,surface_001,UNSPECIFIED,dft,-23441.587972,-588.4738172236831,1 1 1,5587.04154151112,432,427.26516039177636,0.9945047627483299,6.8218932580778375,0.7003863913499423,
tersoff_1989,1404,144,surface_001,UNSPECIFIED,dft,-23442.527677,-586.7404883401755,1 1 1,5587.04154151112,432,408.3450413141103,0.972236160194667,6.668805428163692,0.662299369003305,
tersoff_1989,1405,144,surface_001,UNSPECIFIED,dft,-23441.28194,-587.4159363320956,1 1 1,5587.04154151112,432,423.87239076228286,0.9905483782872528,7.374051749318502,0.727822123201651,
tersoff_1989,1406,144,surface_001,UNSPECIFIED,dft,-23442.938333,-593.6966987762828,1 1 1,5587.04154151112,432,245.29143046951913,0.7535278609301457,5.6944574500313285,0.6797667595254913,
tersoff_1989,1407,144,surface_001,UNSPECIFIED,dft,-23442.834842,-589.3331160775565,1 1 1,5587.04154151112,432,250.7146471174247,0.7618122993483915,5.689493409873256,0.6373655202119838,
tersoff_1989,1408,144,surface_001,UNSPECIFIED,dft,-23443.429529,-591.0254267127239,1 1 1,5587.04154151112,432,481.32830530449803,1.0555500423516453,6.809177395016216,0.6603838028593184,
tersoff_1989,1409,144,surface_001,UNSPECIFIED,dft,-23442.472915,-589.9285906100464,1 1 1,5587.04154151112,432,366.0384347224028,0.9204950795561286,6.202620525468645,0.6869721157634959,
tersoff_1989,1410,144,surface_001,UNSPECIFIED,dft,-23442.964798,-586.7370072889714,1 1 1,5587.04154151112,432,562.6769817479844,1.1412681601208015,6.920725994494303,0.6569587597781961,
tersoff_1989,1411,144,surface_001,UNSPECIFIED,dft,-23442.628675,-589.672343918286,1 1 1,5587.04154151112,432,479.7353637838438,1.0538019393023605,7.031672411443902,0.6479214443843139,
tersoff_1989,1412,144,surface_001,PW91,dft,-23423.206131,-551.7683772394315,1 1 1,5587.041468075078,432,704.4866157861844,1.2770105931669526,7.5390999926289295,0.9392002499426633,0.27813469636451726
tersoff_1989,1413,144,surface_001,PW91,dft,-23426.074739,-563.3581581067135,1 1 1,5587.041468075078,432,447.58176791529394,1.0178747011353257,5.916849407214428,0.8370931612272194,0.21757099589728268
tersoff_1989,1414,144,surface_001,PW91,dft,-23426.359267,-564.1304482472011,1 1 1,5587.041468075078,432,478.3541268251805,1.0522838112898691,7.54325596893425,0.9106340397475765,0.2141837588105675
tersoff_1989,1415,144,surface_001,PW91,dft,-23422.155095,-558.1993391563524,1 1 1,5587.041468075078,432,764.2271551596823,1.330054262294367,7.964203801825915,0.955329765842834,0.22617637749701247
tersoff_1989,1416,144,surface_001,PW91,dft,-23421.76211,-548.8631978190654,1 1 1,5587.041468075078,432,735.4170184893642,1.3047429668199484,7.485193231932191,0.9360562580239927,0.28828162983930294
tersoff_1989,1417,144,surface_001,PW91,dft,-23428.232995,-572.8142242154452,1 1 1,5587.041468075078,432,289.6502841794431,0.8188325646515874,5.786437833571281,0.9521155826170835,0.1668917590310981
tersoff_1989,1418,144,surface_001,PW91,dft,-23421.641218,-551.0334011878551,1 1 1,5587.041468075078,432,700.2133483565301,1.2731316633823788,6.891766995637149,1.0190366171245961,0.27237124533382495
tersoff_1989,1419,144,surface_001,PW91,dft,-23426.081852,-566.000269448835,1 1 1,5587.041468075078,432,448.0303502099937,1.0183846484274806,5.428705098476584,0.8049240823850857,0.19927239629922777
tersoff_1989,1420,144,surface_001,PW91,dft,-23428.141524,-566.9756681087819,1 1 1,5587.041468075078,432,541.1164629390602,1.119189172996026,6.959932747834976,0.9086949168217235,0.20680207227181135
tersoff_1989,1421,144,surface_001,PW91,dft,-23427.336657,-566.107279297931,1 1 1,5587.041468075078,432,609.3455673627791,1.1876540517646963,7.099476627475062,0.9078911398108206,0.20724319595828344
tersoff_1989,1422,108,surface_110,UNSPECIFIED,dft,-17579.891185,-462.87256545405785,1 1 1,5020.745965666801,324,5.400593743402363,0.12910654208068617,0.3533489405604803,0.21165389089105116,
tersoff_1989,1423,108,surface_110,UNSPECIFIED,dft,-17577.076337,-454.231959553924,1 1 1,5020.745965666801,324,62.18517108679813,0.43809763796595874,1.6572750047107356,0.5874327773453669,
tersoff_1989,1424,108,surface_110,UNSPECIFIED,dft,-17577.740722,-442.68402119978157,1 1 1,5020.745965666801,324,139.14908068229371,0.655341492080005,3.955100126091577,0.6515555346945103,
tersoff_1989,1425,108,surface_110,UNSPECIFIED,dft,-17577.23383,-434.1156504146173,1 1 1,5020.745965666801,324,215.5506027372541,0.8156467606004114,4.634960751423364,0.6875245998963632,
tersoff_1989,1426,108,surface_110,UNSPECIFIED,dft,-17578.833991,-435.78844171139525,1 1 1,5020.745965666801,324,254.2215441872609,0.8857959108280496,4.791096696426821,0.6637813455203472,
tersoff_1989,1427,108,surface_110,UNSPECIFIED,dft,-17579.657221,-440.8145392637991,1 1 1,5020.745965666801,324,155.5453819716481,0.6928768573265144,4.162252254221612,0.7107699582225803,
tersoff_1989,1428,108,surface_110,UNSPECIFIED,dft,-17580.027866,-439.3795526503601,1 1 1,5020.745965666801,324,186.29126433042572,0.758269766017919,4.769127793770779,0.6270428244553364,
tersoff_1989,1429,108,surface_110,UNSPECIFIED,dft,-17580.349873,-438.5446619988572,1 1 1,5020.745965666801,324,189.0839396361297,0.7639322000572767,5.039610959423748,0.6119697494437607,
tersoff_1989,1430,108,surface_110,UNSPECIFIED,dft,-17580.404707,-439.1935146845421,1 1 1,5020.745965666801,324,165.30210695311607,0.7142770387790031,4.161970038446568,0.6320190782318791,
tersoff_1989,1431,108,surface_110,UNSPECIFIED,dft,-17579.647987,-438.4646226393773,1 1 1,5020.745965666801,324,250.311403572188,0.8789573712120444,6.745281473865568,0.6939163142849893,
tersoff_1989,1432,108,surface_110,UNSPECIFIED,dft,-17580.160945,-435.62627761639266,1 1 1,5020.745965666801,324,197.55634762450063,0.780859663227565,4.926853009767223,0.6222349050329449,
tersoff_1989,1433,108,surface_110,UNSPECIFIED,dft,-17579.643882,-435.8345907547148,1 1 1,5020.745965666801,324,130.91232583329904,0.6356495798585725,3.5218380437811545,0.6730251024552327,
tersoff_1989,1434,108,surface_110,UNSPECIFIED,dft,-17580.953868,-438.64038132320223,1 1 1,5020.745965666801,324,235.46019095161557,0.8524840083066465,6.043399501790508,0.6314418211680801,
tersoff_1989,1435,108,surface_110,UNSPECIFIED,dft,-17580.348701,-439.09549207976613,1 1 1,5020.745965666801,324,174.08880223773545,0.7330150871692219,3.8089015672115383,0.6949753660680054,
tersoff_1989,1436,108,surface_110,PW91,dft,-17564.633638,-411.45684294893397,1 1 1,5020.745924145242,324,601.4837915616854,1.3625092496703648,7.895000548639497,1.0077461161163217,0.2744169160926728
tersoff_1989,1437,108,surface_110,PW91,dft,-17565.792714,-414.207316744043,1 1 1,5020.745924145242,324,495.0624254208602,1.2361110180035673,8.360762135102382,0.8830568836635009,0.2596817513231504
tersoff_1989,1438,108,surface_110,PW91,dft,-17566.747403,-415.30822125899226,1 1 1,5020.745924145242,324,547.516877960904,1.2999488094870277,9.404175084073433,0.8227261162202173,0.25832790396252703
tersoff_1989,1439,108,surface_110,PW91,dft,-17562.279688,-408.2080142585936,1 1 1,5020.745924145242,324,418.3158013634488,1.1362650009378639,7.546019372414542,0.8831498493584844,0.28270282989209683
tersoff_1989,1440,108,surface_110,PW91,dft,-17563.505577,-409.6720280220788,1 1 1,5020.745924145242,324,517.0853895971155,1.26330620218731,7.875605732838839,0.8750865817050602,0.28049797097096363
tersoff_1989,1441,108,surface_110,PW91,dft,-17563.147335,-406.8284082010038,1 1 1,5020.745924145242,324,603.6602706065602,1.3649721547905587,7.761019056519244,0.9237698908563636,0.30351072857350925
tersoff_1989,1442,108,surface_110,PW91,dft,-17563.034357,-408.41624096253565,1 1 1,5020.745924145242,324,585.6125244289881,1.3444129064585895,8.901035233300957,0.8442213567542579,0.2877624807815522
tersoff_1989,1443,108,surface_110,PW91,dft,-17561.448983,-399.19388651956285,1 1 1,5020.745924145242,324,460.2088197623714,1.1918043429435767,6.257426105690855,0.9467082080225911,0.3584752626609111
tersoff_1989,1444,108,surface_110,PW91,dft,-17567.781689,-419.7009803378374,1 1 1,5020.745924145242,324,442.9983224865787,1.1693069627376398,6.5780813651443975,0.9787290651615365,0.22723093101022718
tersoff_1989,1445,108,surface_110,PW91,dft,-17566.855194,-417.5019443026965,1 1 1,5020.745924145242,324,325.2554577055229,1.001935561531524,5.436826842139909,0.9539602830122513,0.23901371837263863
tersoff_1989,1446,108,surface_110,PW91,dft,-17564.805759,-412.3875835239722,1 1 1,5020.745924145242,324,468.47445313540663,1.2024594820506334,7.962563588955757,0.9379842433478439,0.26739266076822554
tersoff_1989,1447,108,surface_110,PW91,dft,-17562.110714,-402.14896778144225,1 1 1,5020.745924145242,324,757.365955118476,1.5289045896303755,6.251423398047858,0.9453277967773277,0.3372405380138903
tersoff_1989,1448,96,surface_111,PW91,dft,-15608.12922,-361.3142274343887,1 1 1,4100.609558165113,288,527.6681305113234,1.353580809822551,6.393853951587934,0.8564685519026743,0.26969535669681566
tersoff_1989,1449,96,surface_111,PW91,dft,-15609.040608,-366.6680220846599,1 1 1,4100.609558165113,288,403.9158572493987,1.1842658550550638,5.946547668228707,0.96388313871962,0.2234202874231337
tersoff_1989,1450,96,surface_111,PW91,dft,-15611.310432,-366.0897802466146,1 1 1,4100.609558165113,288,354.3798549396371,1.1092725577734694,5.632479765551202,1.0309411727111166,0.2530876399027906
tersoff_1989,1451,96,surface_111,PW91,dft,-15615.470714,-374.96936433059824,1 1 1,4100.609558165113,288,250.00653706942097,0.9317071716549504,5.817481488723793,0.8193020456616394,0.20392824319461678
tersoff_1989,1452,96,surface_111,PW91,dft,-15610.391604,-366.5062722617264,1 1 1,4100.609558165113,288,341.32113424104637,1.0886426535947669,5.83063530741352,0.893349812149979,0.23917805641203538
tersoff_1989,1453,96,surface_111,PW91,dft,-15608.782891,-359.8348177499891,1 1 1,4100.609558165113,288,503.12529369825506,1.3217272129078539,9.319676859623897,0.9117012234170844,0.2919149471593121
tersoff_1989,1454,96,surface_111,PW91,dft,-15604.493457,-355.7656689815784,1 1 1,4100.609558165113,288,489.5857363793383,1.3038214883715367,8.288421463107536,0.9590584675001209,0.28962030933025407
tersoff_1989,1455,96,surface_111,PW91,dft,-15608.82782,-361.26712429956734,1 1 1,4100.609558165113,288,287.68343158787974,0.9994502509502824,5.814659296396067,0.8380371211999071,0.2774630976845258
tersoff_1989,1456,96,surface_111,PW91,dft,-15604.967183,-356.8634367580571,1 1 1,4100.609558165113,288,586.2590370520886,1.4267521355970922,11.256608696439454,0.8251841465512074,0.2831198741586123
tersoff_1989,1457,96,surface_111,PW91,dft,-15599.054592,-340.4559025748761,1 1 1,4100.609558165113,288,499.81356500615857,1.3173700191603326,5.9350275364454115,0.8848896232748544,0.39244219898339283
tersoff_1989,1458,96,surface_111,PW91,dft,-15610.040349,-365.45158332956686,1 1 1,4100.609558165113,288,434.1138695554669,1.2277376856826425,6.760782534995329,0.8620836700861273,0.24650549320536808
tersoff_1989,1459,96,surface_111,PW91,dft,-15610.754411,-368.79774299166036,1 1 1,4100.609558165113,288,290.03304457072085,1.003523384150676,5.905123288815935,0.8573112412909037,0.21908780922522775
tersoff_1989,1460,96,surface_111,PW91,dft,-15606.773749,-366.6435879653389,1 1 1,4100.609558165113,288,285.08006814255106,0.9949177592731929,4.955254509803648,0.8545188991658389,0.20006169491606718
tersoff_1989,1461,96,surface_111,PW91,dft,-15605.589377,-354.673958754311,1 1 1,4100.609558165113,288,418.7203200828865,1.2057736107113144,5.258020724160992,0.8502651421885019,0.3124081241976202
tersoff_1989,1462,96,surface_111,PW91,dft,-15611.246705,-368.44442066924495,1 1 1,4100.609558165113,288,326.6002221276483,1.0649077655150865,6.5442048737857546,0.8219846028230242,0.22789631258372767
tersoff_1989,1463,96,surface_111,PW91,dft,-15610.822493,-368.0449825922599,1 1 1,4100.609558165113,288,444.20178271239223,1.241920811116673,8.068089141640206,0.8887055437646687,0.22763825088565648
tersoff_1989,1464,96,surface_111,PW91,dft,-15607.080725,-356.1787317580371,1 1 1,4100.609558165113,288,675.9795350877961,1.5320415018854066,8.877508928984764,0.9814897876469262,0.31226828040879306
tersoff_1989,1465,96,surface_111,PW91,dft,-15606.932127,-359.4167456357561,1 1 1,4100.609558165113,288,335.9991381687772,1.0801220644895386,6.522977151447082,0.9027062983387325,0.2769910733492411
tersoff_1989,1466,96,surface_111,PW91,dft,-15608.563744,-364.08149611579836,1 1 1,4100.609558165113,288,248.63926127561416,0.9291559440256004,5.703769461649964,0.9917625117234818,0.24539593293211537
tersoff_1989,1467,96,surface_111,PW91,dft,-15613.801497,-372.58561238199195,1 1 1,4100.609558165113,288,338.8894395181235,1.0847577806917368,6.963222730378005,0.8462478400204257,0.21137131557594513
tersoff_1989,1468,96,surface_111,PW91,dft,-15612.535424,-371.7846981612448,1 1 1,4100.609558165113,288,297.8747944044263,1.0169992529844478,6.524285787045461,0.8498797733482824,0.20652591162537792
tersoff_1989,1469,96,surface_111,PW91,dft,-15606.879667,-359.9625233754949,1 1 1,4100.609558165113,288,395.0082232659712,1.1711346339275523,7.633759315203475,0.9047672235398527,0.2707594302269345
tersoff_1989,1470,96,surface_111,PW91,dft,-15608.796528,-362.1406728716721,1 1 1,4100.609558165113,288,379.05837954947685,1.147246673122759,5.57022267406245,0.8788339840444601,0.26803767505844744
tersoff_1989,1471,96,surface_111,PW91,dft,-15605.26086,-357.85093260800755,1 1 1,4100.609558165113,288,390.4319994665147,1.1643309945261644,6.422871613764067,0.8206108589741665,0.27589259447162506
tersoff_1989,1472,96,surface_111,PW91,dft,-15607.011938,-364.68771747019963,1 1 1,4100.609558165113,288,484.02899043544755,1.296401256089236,10.115071313932114,0.919691759956155,0.22291648132377428
tersoff_1989,1473,96,surface_111,PW91,dft,-15614.892903,-377.87800843892774,1 1 1,4100.609558165113,288,280.04264283707164,0.9860883771897532,6.170157896757048,0.9005206007281366,0.16761100248285965
tersoff_1989,1474,96,surface_111,PW91,dft,-15609.600844,-365.0291763780167,1 1 1,4100.609558165113,288,279.3944704035024,0.9849465411386803,5.494694969946518,0.8366884612410752,0.24632738853403158
tersoff_1989,1475,96,surface_111,PW91,dft,-15595.928133,-329.7323706446691,1 1 1,4100.609558165113,288,634.283562447237,1.484039581924813,6.627191677081312,0.7160955289289853,0.4715783753397056
tersoff_1989,1476,96,surface_111,PW91,dft,-15626.867404,-407.3226583841867,1 1 1,4100.610542463511,288,24.340830257042978,0.2907176838891017,1.0489382689022952,0.3426826430198695,-0.014369715696915364
tersoff_1989,1477,96,surface_111,PW91,dft,-15627.505607,-406.97204239903886,1 1 1,4100.610542463511,288,24.87849293579481,0.2939109661565307,1.3104015688874822,0.333284416370592,-0.0040695179349636845
tersoff_1989,1478,96,surface_111,PW91,dft,-15627.853123,-405.4431688623519,1 1 1,4100.610542463511,288,35.11054258653897,0.3491584256512512,1.5741514059156516,0.3629130143171555,0.015476206405523385
tersoff_1989,1479,96,surface_111,PW91,dft,-15628.473963,-403.6572234223356,1 1 1,4100.610542463511,288,46.654792947406435,0.40248702941232933,1.6509725589278923,0.3286494205483042,0.04054688807237472
tersoff_1989,1480,96,surface_111,PW91,dft,-15628.791093,-401.0482472155637,1 1 1,4100.610542463511,288,60.853113676354525,0.4596689391273389,1.6751316737427544,0.3437664123955676,0.0710271610595763
tersoff_1989,1481,96,surface_111,PW91,dft,-15629.385745,-397.83165053820375,1 1 1,4100.610542463511,288,118.09280489279486,0.6403471413485934,3.709024244032463,0.29703562309978543,0.1107276681153877
tersoff_1989,1482,96,surface_111,PW91,dft,-15629.541068,-395.5532091192225,1 1 1,4100.610542463511,288,148.7014615879768,0.7185572485214364,4.830472024465353,0.30366460223296615,0.13607938081312732
tersoff_1989,1483,96,surface_111,PW91,dft,-15629.637192,-393.5384977697425,1 1 1,4100.610542463511,288,141.514940352346,0.7009788303992268,4.265400495062449,0.30204997002945005,0.15806724903686487
tersoff_1989,1484,96,surface_111,PW91,dft,-15629.786964,-393.83702406488965,1 1 1,4100.610542463511,288,168.65075590083524,0.7652404213274777,3.896042446685512,0.3003259004982245,0.1565177251291079
tersoff_1989,1485,96,surface_111,PW91,dft,-15630.029887,-393.6758883393085,1 1 1,4100.610542463511,288,156.87698566549142,0.7380459035744025,3.6882260293256786,0.2837958463904506,0.16072667018723408
tersoff_1989,1486,96,surface_111,PW91,dft,-15630.266244,-393.6010354411464,1 1 1,4100.610542463511,288,164.4565617628979,0.7556650900652984,4.053140473259255,0.2731944683552919,0.16396843995975274
tersoff_1989,1487,96,surface_111,PW91,dft,-15630.358233,-394.0963976319586,1 1 1,4100.610542463511,288,134.31113963098164,0.6829041834098589,4.426594097967993,0.30036289377104136,0.1597666358888068
tersoff_1989,1488,96,surface_111,PW91,dft,-15630.995749,-395.5887512263148,1 1 1,4100.610542463511,288,173.17592798325376,0.7754387825595318,4.717325648664014,0.2867070372966396,0.15086207761425108
tersoff_1989,1489,96,surface_111,PW91,dft,-15631.266907,-394.82680112837977,1 1 1,4100.610542463511,288,114.12394891833188,0.6294948065885736,2.5354985810320914,0.2917851504752208,0.1616236203010697
tersoff_1989,1490,96,surface_111,PW91,dft,-15631.476438,-395.18085884681,1 1 1,4100.610542463511,288,113.1249028545882,0.6267334374185178,2.611111961863107,0.2887878927866244,0.1601181336507409
tersoff_1989,1491,96,surface_111,PW91,dft,-15631.493315,-395.42459644715547,1 1 1,4100.610542463511,288,110.75456307532174,0.6201326109169272,2.582993501711521,0.3124264534087716,0.1577550023971419
tersoff_1989,1492,96,surface_111,PW91,dft,-15631.708667,-395.29797501313186,1 1 1,4100.610542463511,288,138.9182931369832,0.6945179511743479,4.027788159231427,0.3016979257722495,0.1613172256682418
tersoff_1989,1493,96,surface_111,PW91,dft,-15631.868695,-394.8744294982639,1 1 1,4100.610542463511,288,124.23839206916193,0.6567977662840375,3.7113937834058897,0.30476582910706945,0.16739611644810015
tersoff_1989,1494,96,surface_111,PW91,dft,-15632.105001,-394.6215316250788,1 1 1,4100.610542463511,288,157.27022348481552,0.7389703410001186,4.2729308339039624,0.2966687457856686,0.17249199012712868
tersoff_1989,1495,96,surface_111_pandey,PBE,dft,-15625.32074,-408.62032430059054,1 1 1,3075.457168623838,288,10.918545871021363,0.19470905887429343,0.5794897733960891,0.3790603472898478,
tersoff_1989,1496,96,surface_111_pandey,PBE,dft,-15619.366568,-393.26315643510014,1 1 1,3075.457168623838,288,92.22714135042837,0.5658914469127337,4.065962986932407,0.8469809894825218,
tersoff_1989,1497,96,surface_111_pandey,PBE,dft,-15618.03917,-383.26348687505276,1 1 1,3075.457168623838,288,108.54564643122049,0.6139174257699158,2.666875339671027,0.8382448019468848,
tersoff_1989,1498,96,surface_111_pandey,PBE,dft,-15618.237291,-378.49325328100446,1 1 1,3075.457168623838,288,451.3665878535399,1.251896599849077,7.771313828354012,0.909793334014387,
tersoff_1989,1499,96,surface_111_pandey,PBE,dft,-15616.619333,-374.70188706977683,1 1 1,3075.457168623838,288,357.2969419730975,1.1138287039985246,7.7909694445981215,0.9052623518015295,
tersoff_1989,1500,96,surface_111_pandey,PBE,dft,-15616.506782,-373.13709649247,1 1 1,3075.457168623838,288,455.5045231390087,1.257621933478421,7.815341207671789,0.8141149413661166,
tersoff_1989,1501,96,surface_111_pandey,PBE,dft,-15615.846754,-375.6797395347486,1 1 1,3075.457168623838,288,345.26529179094837,1.094914525759235,6.709910953390376,0.850009528143288,
tersoff_1989,1502,96,surface_111_pandey,PBE,dft,-15616.168214,-378.15797329762114,1 1 1,3075.457168623838,288,170.41424322027024,0.769230864105572,3.613568564382507,0.8509172071228656,
tersoff_1989,1503,96,surface_111_pandey,PBE,dft,-15615.738458,-376.00026694126024,1 1 1,3075.457168623838,288,347.77925364292634,1.0988934675057576,6.026090624188583,0.8765546748216771,
tersoff_1989,1504,96,surface_111_pandey,PBE,dft,-15615.238589,-373.08579697653033,1 1 1,3075.457168623838,288,276.9454086352083,0.9806202130313164,5.266936705224368,0.8548611065523062,
tersoff_1989,1505,96,surface_111_pandey,PBE,dft,-15615.809878,-372.70648581709213,1 1 1,3075.457168623838,288,337.36070800158166,1.0823083420299937,6.459428640259962,0.7996042703987583,
tersoff_1989,1506,96,surface_111_pandey,PBE,dft,-15615.384245,-371.27765728741394,1 1 1,3075.457168623838,288,278.3448366034335,0.9830946684298798,4.853885676755993,0.8655936549583567,
tersoff_1989,1507,96,surface_111_pandey,PBE,dft,-15615.420374,-374.1741940810853,1 1 1,3075.457168623838,288,197.6521459038157,0.8284275304920388,4.051855954366219,0.8640778842570574,
tersoff_1989,1508,96,surface_111_pandey,PBE,dft,-15616.340423,-375.32112385572617,1 1 1,3075.457168623838,288,358.7405666425847,1.1160765957177736,5.895910024638107,0.9680175823445176,
tersoff_1989,1509,96,surface_111_pandey,PBE,dft,-15615.619163,-374.23183253414766,1 1 1,3075.457168623838,288,335.82599467166654,1.0798437301289674,5.983048325347431,0.9041762537711774,
tersoff_1989,1510,96,surface_111_pandey,PBE,dft,-15616.218102,-375.9506317407448,1 1 1,3075.457168623838,288,333.44246641441123,1.076004805619708,5.994297601562667,0.9769553787184676,
tersoff_1989,1511,96,surface_111_pandey,PBE,dft,-15616.815299,-375.94408360757495,1 1 1,3075.457168623838,288,347.5499347641496,1.0985311132689706,7.812640252292227,0.9282462375991695,
tersoff_1989,1512,96,surface_111_pandey,PBE,dft,-15617.276095,-377.1532851434553,1 1 1,3075.457168623838,288,241.66989817189142,0.916041260465173,6.492055364774701,0.7870926773882883,
tersoff_1989,1513,96,surface_111_pandey,PBE,dft,-15616.113713,-374.44976421432057,1 1 1,3075.457168623838,288,256.79060095916515,0.9442637508176475,6.305836413861341,0.8607635794090923,
tersoff_1989,1514,96,surface_111_pandey,PBE,dft,-15616.145697,-373.7126891893641,1 1 1,3075.457168623838,288,377.5167720527844,1.1449114049494307,7.2026603454278915,0.8293219685034041,
tersoff_1989,1515,96,surface_111_pandey,PBE,dft,-15615.031501,-373.27674947016925,1 1 1,3075.457168623838,288,385.51562684998083,1.1569770639742316,5.674697106942622,0.9451844838848847,
tersoff_1989,1516,96,surface_111_pandey,PBE,dft,-15615.328706,-373.7858686143137,1 1 1,3075.457168623838,288,304.2635216333465,1.0278475379290928,6.935047315097077,0.8764625983322661,
tersoff_1989,1517,96,surface_111_pandey,PBE,dft,-15613.488458,-369.5415468605738,1 1 1,3075.457168623838,288,446.71517521640305,1.2454293871554052,10.057316001784393,0.98698926843045,
tersoff_1989,1518,96,surface_111_pandey,PBE,dft,-15615.418402,-372.50898476444206,1 1 1,3075.457168623838,288,307.5208302211822,1.033334728193249,5.178609589892854,0.8352574851609299,
tersoff_1989,1519,96,surface_111_pandey,PBE,dft,-15616.110889,-373.6145654031361,1 1 1,3075.457168623838,288,325.82771372285396,1.0636476052736423,5.262639932778445,0.8327618200525002,
tersoff_1989,1520,96,surface_111_pandey,PBE,dft,-15614.432961,-372.64814319506576,1 1 1,3075.457168623838,288,284.24926413245856,0.993466965515732,6.1337101344529215,0.8159325547975593,
tersoff_1989,1521,96,surface_111_pandey,PBE,dft,-15615.248052,-371.92957266801045,1 1 1,3075.457168623838,288,343.2464187241791,1.0917086803686633,5.598682291753405,0.8756873489242449,
tersoff_1989,1522,96,surface_111_pandey,PBE,dft,-15612.816393,-370.588293387875,1 1 1,3075.457168623838,288,287.87535987292995,0.9997835874733125,7.891845820537269,0.9672714366866527,
tersoff_1989,1523,96,surface_111_pandey,PBE,dft,-15613.238272,-369.3963348178226,1 1 1,3075.457168623838,288,284.4868412254948,0.9938820513687567,5.784717026083177,0.9349506915223524,
tersoff_1989,1524,96,surface_111_pandey,PBE,dft,-15613.066243,-366.6559189651803,1 1 1,3075.457168623838,288,362.2171011641383,1.1214714744169982,5.517388465708231,0.9519892590060285,
tersoff_1989,1525,96,surface_111_pandey,PBE,dft,-15614.40909,-370.5723510842652,1 1 1,3075.457168623838,288,372.4564964556123,1.1372122597845178,8.225865324638166,0.9832535266253464,
tersoff_1989,1526,96,surface_111_pandey,PBE,dft,-15614.429449,-366.9114198570347,1 1 1,3075.457168623838,288,378.4817335754215,1.146373711328801,9.21598411484423,0.8692039333237945,
tersoff_1989,1527,96,surface_111_pandey,PBE,dft,-15613.68129,-367.82347314066453,1 1 1,3075.457168623838,288,307.5181993379828,1.0333303080230962,6.304864109356548,0.9081718498749057,
tersoff_1989,1528,96,surface_111_pandey,PBE,dft,-15614.835597,-372.1985447429335,1 1 1,3075.457168623838,288,276.17459472972735,0.9792545966365312,5.810522347079952,0.9085528818626752,
tersoff_1989,1529,96,surface_111_pandey,PBE,dft,-15614.415183,-368.5215366737492,1 1 1,3075.457168623838,288,422.68542517811306,1.2114692428257898,9.391122299219568,0.8493992160483851,
tersoff_1989,1530,96,surface_111_pandey,PBE,dft,-15614.848586,-373.22532022983967,1 1 1,3075.457168623838,288,334.94373323532886,1.0784243477100193,4.887509387095015,0.8520670916930079,
tersoff_1989,1531,96,surface_111_pandey,PBE,dft,-15616.016454,-369.22122019057656,1 1 1,3075.457168623838,288,399.9391963017375,1.1784217262663603,8.473162779268801,0.8746062365754073,
tersoff_1989,1532,96,surface_111_pandey,PBE,dft,-15617.19921,-373.29782409128893,1 1 1,3075.457168623838,288,298.7739283675901,1.0185330006919642,4.673772209003383,0.8016828062181226,
tersoff_1989,1533,96,surface_111_pandey,PBE,dft,-15614.840249,-369.3482616047858,1 1 1,3075.457168623838,288,282.2481135456013,0.9899637225844884,4.038347568441935,0.9131173885483972,
tersoff_1989,1534,96,surface_111_pandey,PBE,dft,-15614.586055,-368.2822869026088,1 1 1,3075.457168623838,288,526.7983131299054,1.352464716537492,7.788856360779227,0.9877575447845587,
tersoff_1989,1535,96,surface_111_pandey,PBE,dft,-15615.659566,-368.8039330992354,1 1 1,3075.457168623838,288,553.7426547872043,1.3866209111882235,7.868346760653735,0.8542385979084516,
tersoff_1989,1536,96,surface_111_pandey,PBE,dft,-15614.337034,-368.20165192925026,1 1 1,3075.457168623838,288,481.276030040406,1.2927092969918594,9.40745764436562,0.8789756162245692,
tersoff_1989,1537,96,surface_111_pandey,PBE,dft,-15613.820224,-367.3496491177836,1 1 1,3075.457168623838,288,256.9269833621298,0.9445144684537693,4.019837168131627,0.8312895485696371,
tersoff_1989,1538,96,surface_111_pandey,PBE,dft,-15611.498898,-358.9044106729937,1 1 1,3075.457168623838,288,713.4831151099517,1.5739669397624303,8.556807923834022,0.9041722998993103,
tersoff_1989,1539,96,surface_111_pandey,PBE,dft,-15613.046083,-362.1889007191093,1 1 1,3075.457168623838,288,555.9607694689581,1.3893953139527577,6.451119776443815,0.8906988981217377,
tersoff_1989,1540,96,surface_111_pandey,PBE,dft,-15609.373371,-357.6861011880568,1 1 1,3075.457168623838,288,647.83480359024,1.4998087882643574,8.111031622666447,0.9947089793697899,
tersoff_1989,1541,96,surface_111_pandey,PBE,dft,-15611.546497,-360.07869911223514,1 1 1,3075.457168623838,288,657.3944615096284,1.5108340934793414,10.828898971658875,0.9120313115726285,
tersoff_1989,1542,96,surface_111_pandey,PBE,dft,-15614.991224,-366.08904202478084,1 1 1,3075.457168623838,288,369.365263332803,1.1324832340750663,6.4704296257784755,0.7365915291460541,
tersoff_1989,1543,96,surface_111_pandey,PBE,dft,-15614.234883,-366.347287478685,1 1 1,3075.457168623838,288,385.7280375591369,1.1572957546569516,6.893591524317729,0.7965100361237348,
tersoff_1989,1544,96,surface_111_pandey,PBE,dft,-15614.382043,-368.01146221358994,1 1 1,3075.457168623838,288,281.56793599537997,0.9887701676468615,5.638474134985055,0.7478377100361303,
tersoff_1989,1545,200,crack_110_1-10,PW91,dft,-32561.21209,-837.333217676667,1 1 1,10043.253547215558,600,455.66177688630773,0.8714564216359375,7.457465902586759,0.4891579727536903,0.06810021242170716
tersoff_1989,1546,200,crack_110_1-10,PW91,dft,-32557.208234,-832.5952632764745,1 1 1,10043.253547215558,600,328.97481597602433,0.7404669877584283,6.61291212466947,0.5039899471370106,0.0717707044226561
tersoff_1989,1547,200,crack_110_1-10,PW91,dft,-32557.594267,-827.3529978303698,1 1 1,10043.253547215558,600,230.56173997410468,0.6198948028686059,5.663274177670363,0.5090596450345152,0.09991219665318418
tersoff_1989,1548,200,crack_110_1-10,PW91,dft,-32553.736541,-828.261707396609,1 1 1,10043.253547215558,600,258.3254671334865,0.6561573326744718,6.886498366728971,0.5352692683259208,0.07608001882198234
tersoff_1989,1549,200,crack_110_1-10,PW91,dft,-32549.991213,-813.2844954381599,1 1 1,10043.253547215558,600,547.3873152900369,0.9551503505470024,7.434519551505174,0.5718144675637078,0.13223943861421716
tersoff_1989,1550,200,crack_110_1-10,PW91,dft,-32553.694469,-821.925685415826,1 1 1,10043.253547215558,600,362.5715334949998,0.7773582759309462,6.422813981796334,0.5711484405778414,0.10754976872588617
tersoff_1989,1551,200,crack_110_1-10,PW91,dft,-32551.709281,-818.9354211816063,1 1 1,10043.253547215558,600,357.9148118279931,0.772350106091783,7.17187688502103,0.6072579682728201,0.11257514989699668
tersoff_1989,1552,192,crack_111_1-10,PW91,dft,-31254.86577,-799.4024750090201,1 1 1,9763.787468103765,576,391.7573134284252,0.8247025067878277,7.575283297332777,0.48055155822665113,0.07091051221637912
tersoff_1989,1553,192,crack_111_1-10,PW91,dft,-31249.45651,-789.3735346184185,1 1 1,9763.787468103765,576,595.6862639277139,1.0169452008545838,7.777723128172229,0.5118590011025714,0.09497134758409409
tersoff_1989,1554,192,crack_111_1-10,PW91,dft,-31247.183522,-779.9040760445604,1 1 1,9763.787468103765,576,301.57345692664205,0.7235779359450725,7.721224237430903,0.5796957438331156,0.13245296515626848
tersoff_1989,1555,192,crack_111_1-10,PW91,dft,-31248.816668,-783.7691099891231,1 1 1,9763.787468103765,576,250.23954544033236,0.6591233991282321,4.768477325283311,0.6123460855563466,0.1208285487783387
tersoff_1989,1556,192,crack_111_1-10,PW91,dft,-31248.7843,-781.0603425961415,1 1 1,9763.787468103765,576,311.8093740649555,0.7357552030823634,4.7906326010934,0.63543510446542,0.13476812895011747
tersoff_1989,1557,192,crack_111_1-10,PW91,dft,-31250.290814,-784.3368347463928,1 1 1,9763.787468103765,576,247.64763033159738,0.6557010009592964,5.0392845877459065,0.6383001331817123,0.12554949275089466
tersoff_1989,1558,192,crack_111_1-10,PW91,dft,-31248.452573,-777.7400252531784,1 1 1,9763.787468103765,576,588.8504914727062,1.0110934086566896,9.282759760485547,0.6215354821816401,0.150333703653037
tersoff_1989,1559,192,crack_111_1-10,PW91,dft,-31248.376306,-781.501946593489,1 1 1,9763.787468103765,576,290.4803627164587,0.7101451860511552,4.387961454799894,0.6333986472242861,0.13034313938060293
tersoff_1989,1560,192,crack_111_1-10,PW91,dft,-31247.964531,-781.8936245359337,1 1 1,9763.787468103765,576,359.60006511264476,0.7901301592765217,6.226487764693649,0.6710787419921894,0.12615848863871992
tersoff_1989,1561,192,crack_111_1-10,PW91,dft,-31249.261335,-780.3482027857368,1 1 1,9763.787468103765,576,300.10265587682926,0.7218113017553255,4.844379439988583,0.6703662595168488,0.14096174775430725
tersoff_1989,1562,4,sp,UNSPECIFIED,dft,-639.93807173,1.0675866196495667,1 1 1,373.15546979302593,12,92.86392102670517,2.78184472707568,5.6661225116851055,5.121234711655644,
tersoff_1989,1563,4,sp,UNSPECIFIED,dft,-638.94102964,2.0298960214378567,1 1 1,373.15546979302593,12,128.9673173005693,3.278303897095891,7.16363349535992,6.311178308580735,
tersoff_1989,1564,4,sp,UNSPECIFIED,dft,-638.66981658,1.5544494918515142,1 1 1,373.15546979302593,12,138.8877895209928,3.402055622720289,6.789965296390955,6.952120412136861,
tersoff_1989,1565,4,sp,UNSPECIFIED,dft,-639.18860661,2.5326596114579196,1 1 1,373.15546979302593,12,889.0987528705979,8.60764559790983,21.312926803624766,7.2522604424982555,
tersoff_1989,1566,4,sp,UNSPECIFIED,dft,-638.56746435,2.871648110574938,1 1 1,373.15546979302593,12,962.5401061263639,8.956097113728186,22.87383950446676,7.865748806734805,
tersoff_1989,1567,4,sp,UNSPECIFIED,dft,-639.13677732,0.4808237341727395,1 1 1,373.15546979302593,12,146.2672941746582,3.491266415102336,7.694052158362396,7.485365057856788,
tersoff_1989,1568,4,sp,UNSPECIFIED,dft,-639.41395754,1.5046074740078126,1 1 1,373.15546979302593,12,817.4237577670293,8.253402115527013,22.863402683914448,7.381754474748872,
tersoff_1989,1569,4,sp,UNSPECIFIED,dft,-640.40372855,-1.4282394798177969,1 1 1,373.15546979302593,12,301.11843525905647,5.009311623192822,12.227413305138466,7.053793541752315,
tersoff_1989,1570,4,sp,UNSPECIFIED,dft,-641.07921886,-0.7942213116779758,1 1 1,373.15546979302593,12,468.5692569439429,6.248794930117478,17.176243010725617,5.767429550385366,
tersoff_1989,1571,4,sp,UNSPECIFIED,dft,-640.82188169,-1.0481055071842444,1 1 1,373.15546979302593,12,38.04047082132668,1.7804603997591624,3.6948903827680493,5.8679791549803015,
tersoff_1989,1572,4,sp,UNSPECIFIED,dft,-639.6409724,-0.047861960360371825,1 1 1,373.15546979302593,12,307.95558522789355,5.0658627533380525,12.070566579435532,6.633531128041836,
tersoff_1989,1573,4,sp,UNSPECIFIED,dft,-637.34921825,3.6461299956938813,1 1 1,373.15546979302593,12,69.54015873767146,2.407283370968048,4.575951512918081,8.587062288081025,
tersoff_1989,1574,4,sp,UNSPECIFIED,dft,-639.00546539,0.5672801597959953,1 1 1,373.15546979302593,12,319.67527779319727,5.161357038877124,12.457300345375403,7.838800242134209,
tersoff_1989,1575,4,sp,UNSPECIFIED,dft,-640.23761705,-0.8968963227195594,1 1 1,373.15546979302593,12,327.70470262375983,5.225775083051953,12.592144320720086,7.0054214214920725,
tersoff_1989,1576,4,sp,UNSPECIFIED,dft,-640.1939206,-1.368846435407324,1 1 1,373.15546979302593,12,176.85085352891838,3.8389544315359965,9.47824031256245,7.130490298039352,
tersoff_1989,1577,4,sp,UNSPECIFIED,dft,-639.43621838,0.4587634648120229,1 1 1,373.15546979302593,12,243.0411503145649,4.5003810053017075,10.345126434151789,7.009779215147103,
tersoff_1989,1578,4,sp,UNSPECIFIED,dft,-637.81819249,3.1088916894519034,1 1 1,373.15546979302593,12,234.07532477522983,4.416591113585509,9.577801470657668,7.6281931924986885,
tersoff_1989,1579,4,sp,UNSPECIFIED,dft,-636.84563658,4.660977955403318,1 1 1,373.15546979302593,12,888.2376023002131,8.603476052833786,22.095683679824326,9.006350696756984,
tersoff_1989,1580,4,sp,UNSPECIFIED,dft,-637.53688308,5.350031554294904,1 1 1,373.15546979302593,12,1734.690123229314,12.023207154046274,24.88200353673965,9.695599421678374,
tersoff_1989,1581,4,sp,UNSPECIFIED,dft,-638.73170876,4.9336672286079155,1 1 1,373.15546979302593,12,1623.4471802682353,11.631305387717793,22.664724826469207,8.098557634829179,
tersoff_1989,1582,4,sp,UNSPECIFIED,dft,-639.76015526,1.418311130091791,1 1 1,373.15546979302593,12,1216.9233423774397,10.070267053631364,25.68212771458165,7.364679123956001,
tersoff_1989,1583,4,sp,UNSPECIFIED,dft,-638.94241731,1.8864560597919784,1 1 1,373.15546979302593,12,824.318812680141,8.288138173921315,23.44068970669619,8.157869370795192,
tersoff_1989,1584,4,sp,UNSPECIFIED,dft,-638.61770975,0.8584988080494735,1 1 1,373.15546979302593,12,127.28779634512698,3.256887526779811,6.545904343061471,7.973999112512492,
tersoff_1989,1585,4,sp,UNSPECIFIED,dft,-638.04244506,2.843406388906482,1 1 1,373.15546979302593,12,105.80885979283414,2.969411554961046,7.046797033483994,8.547399800315981,
tersoff_1989,1586,4,sp,UNSPECIFIED,dft,-639.18447648,0.519492734431859,1 1 1,373.15546979302593,12,318.9910013442202,5.155830044265587,12.120856338813685,7.314989006326325,
tersoff_1989,1587,4,sp,UNSPECIFIED,dft,-640.28805156,-1.5712664100532017,1 1 1,373.15546979302593,12,76.08739208923677,2.518057983334855,4.7859301431164365,6.488215006271628,
tersoff_1989,1588,4,sp,UNSPECIFIED,dft,-640.74053696,-2.2995140954124818,1 1 1,373.15546979302593,12,108.65143103939751,3.009034050978784,6.437781570895642,6.239735206140561,
tersoff_1989,1589,4,sp,UNSPECIFIED,dft,-640.42650528,-1.7770273808966444,1 1 1,373.15546979302593,12,72.04046720382922,2.450178007203919,4.991010012454221,6.524657414125282,
tersoff_1989,1590,4,sp,UNSPECIFIED,dft,-639.60741132,-0.385302589684156,1 1 1,373.15546979302593,12,144.73500808438388,3.4729311357553083,7.981774054314633,7.594835558702593,
tersoff_1989,1591,4,sp,UNSPECIFIED,dft,-640.50857815,2.1446050686406695,1 1 1,373.15546979302593,12,543.4226274936005,6.729429318879874,14.2847616269352,6.5734790336681685,
tersoff_1989,1592,4,sp,UNSPECIFIED,dft,-641.29119764,2.1663301520391958,1 1 1,373.15546979302593,12,364.9482617084182,5.5147398073135045,11.645516247752429,6.342130332174145,
tersoff_1989,1593,4,sp,UNSPECIFIED,dft,-640.29761891,1.4877275955711107,1 1 1,373.15546979302593,12,675.669236189683,7.503717057730361,19.649290273955142,6.788216070745931,
tersoff_1989,1594,4,sp,UNSPECIFIED,dft,-640.73023555,-2.2225708071006576,1 1 1,373.15546979302593,12,69.58483505531846,2.4080565306092527,5.402782198160855,6.547050325671478,
tersoff_1989,1595,4,sp,UNSPECIFIED,dft,-638.64121441,2.058924339581905,1 1 1,373.15546979302593,12,143.51879060873358,3.4583087221060045,8.040677808061627,7.7731109013396305,
tersoff_1989,1596,4,sp,UNSPECIFIED,dft,-637.59418723,3.327838861975861,1 1 1,373.15546979302593,12,129.24376087427365,3.2818155655352528,7.053775118526334,8.479121170418155,
tersoff_1989,1597,4,sp,UNSPECIFIED,dft,-636.08683989,5.083123910532674,1 1 1,373.15546979302593,12,313.64571575066583,5.112449802122477,11.834842477118904,9.60908138802083,
tersoff_1989,1598,4,sp,UNSPECIFIED,dft,-637.74461195,3.211070471780129,1 1 1,373.15546979302593,12,348.26586872598614,5.38722152200608,14.08367937623594,8.423069380403044,
tersoff_1989,1599,4,sp,UNSPECIFIED,dft,-637.84276729,3.561351860848884,1 1 1,373.15546979302593,12,946.6060883363361,8.881657542074828,24.37237669048851,8.742761414535074,
tersoff_1989,1600,4,sp,UNSPECIFIED,dft,-638.16830687,1.8459183843297424,1 1 1,373.15546979302593,12,144.01774467444554,3.4643150438247474,7.976465764701387,8.073493836836276,
tersoff_1989,1601,4,sp,UNSPECIFIED,dft,-637.42853863,2.7082451563589545,1 1 1,373.15546979302593,12,363.54081281684967,5.504095541933976,12.807004640469778,8.769183146874818,
tersoff_1989,1602,4,sp,UNSPECIFIED,dft,-638.53674707,2.1136035312894896,1 1 1,373.15546979302593,12,168.24698410375024,3.744406763246463,8.559213771842114,7.920525616546333,
tersoff_1989,1603,4,sp,UNSPECIFIED,dft,-638.89133493,1.6413185620310704,1 1 1,373.15546979302593,12,236.2045767345434,4.436633264974536,10.63688183691519,7.8292413104335985,
tersoff_1989,1604,4,sp,UNSPECIFIED,dft,-641.30764524,2.0217822110318675,1 1 1,373.15546979302593,12,578.7660041382685,6.944818236991931,13.86828178758448,5.719086924171841,
tersoff_1989,1605,4,sp,UNSPECIFIED,dft,-640.17995972,2.463508748737217,1 1 1,373.15546979302593,12,642.8616331959894,7.31927610944774,14.850455883878423,7.432805890524004,
tersoff_1989,1606,4,sp,UNSPECIFIED,dft,-640.56732648,2.2219084128333453,1 1 1,373.15546979302593,12,333.74426800489226,5.273710490133206,12.793611125891765,6.428299896603042,
tersoff_1989,1607,4,sp,UNSPECIFIED,dft,-637.98302909,2.6665108360148437,1 1 1,373.15546979302593,12,271.31551747028755,4.754958091913881,11.626521946622827,8.428803266081134,
tersoff_1989,1608,4,sp,UNSPECIFIED,dft,-639.09727913,0.30952556143140875,1 1 1,373.15546979302593,12,128.43417814668902,3.2715207746384176,6.298136323591251,7.536814131779532,
tersoff_1989,1609,4,sp,UNSPECIFIED,dft,-636.87261987,4.171606331336317,1 1 1,373.15546979302593,12,280.50726242400253,4.834832489549169,11.856840037148634,8.856368844509111,
tersoff_1989,1610,4,sp,UNSPECIFIED,dft,-637.39397678,3.6448013434049074,1 1 1,373.15546979302593,12,101.23638529067432,2.904542208488203,5.646404272426924,8.476117869624435,
tersoff_1989,1611,4,sp,UNSPECIFIED,dft,-637.10606266,3.9515019601204973,1 1 1,373.15546979302593,12,71.70784313757589,2.444515001958055,4.551225946058196,8.500103203501904,
tersoff_1989,1612,4,sp,UNSPECIFIED,dft,-635.64602427,6.471487509906124,1 1 1,373.15546979302593,12,119.0153706874208,3.149277307142873,6.26218540965933,8.67657225831146,
tersoff_1989,1613,4,sp,UNSPECIFIED,dft,-639.67264089,-0.6506046061666204,1 1 1,373.15546979302593,12,106.35685626902242,2.9770910895959948,6.083950785405084,7.373391470598858,
tersoff_1989,1614,4,sp,UNSPECIFIED,dft,-641.0545686,-0.0743454036171931,1 1 1,373.15546979302593,12,844.0969580741175,8.386978786955595,22.9945796571983,6.2891621056889075,
tersoff_1989,1615,4,sp,UNSPECIFIED,dft,-641.14232463,-1.802542508422893,1 1 1,373.15546979302593,12,668.002650891781,7.4610245659905905,20.946924283870306,6.269377936874998,
tersoff_1989,1616,4,sp,UNSPECIFIED,dft,-641.34420294,-1.564798538046956,1 1 1,373.15546979302593,12,259.8406572512037,4.653320116246784,11.146236575520424,5.721815166337077,
tersoff_1989,1617,4,sp,UNSPECIFIED,dft,-641.41086818,-3.1792457944136236,1 1 1,373.15546979302593,12,69.35060244749198,2.404000181078265,4.850144276791657,5.742041831886401,
tersoff_1989,1618,4,sp,UNSPECIFIED,dft,-641.13591039,-2.6642471347544454,1 1 1,373.15546979302593,12,189.18025373531412,3.9705190019202163,9.403096710394877,5.8121866666047755,
tersoff_1989,1619,4,sp,UNSPECIFIED,dft,-639.87568333,-0.9720079195843336,1 1 1,373.15546979302593,12,100.6944445902432,2.8967574485713503,5.27782877436664,6.746042563567671,
tersoff_1989,1620,4,sp,UNSPECIFIED,dft,-640.25397161,1.1125882679963528,1 1 1,373.15546979302593,12,955.315784240631,8.922423924400771,18.4332003814309,6.714827868730764,
tersoff_1989,1621,4,sp,UNSPECIFIED,dft,-641.06342575,-0.0043058774327526805,1 1 1,373.15546979302593,12,642.5937475565242,7.317750949782569,16.83073815736782,5.782508895994742,
tersoff_1989,1622,4,sp,UNSPECIFIED,dft,-638.69862596,1.4079685061977454,1 1 1,373.15546979302593,12,252.14101614130993,4.583857692501935,10.629768208919005,7.4530838467185285,
tersoff_1989,1623,4,sp,UNSPECIFIED,dft,-639.9121915,0.14754792852604026,1 1 1,373.15546979302593,12,147.13038450736266,3.501551852481062,7.996466355097924,6.948463234891103,
tersoff_1989,1624,4,sp,UNSPECIFIED,dft,-639.82769508,0.05993658730026996,1 1 1,373.15546979302593,12,294.9612225345895,4.957832376944833,11.63131822169038,6.863818326090442,
tersoff_1989,1625,4,sp,UNSPECIFIED,dft,-640.32919746,1.286731775098529,1 1 1,373.15546979302593,12,734.6418313889625,7.824330809452453,20.659908611522038,6.6927488276292975,
tersoff_1989,1626,4,sp,UNSPECIFIED,dft,-640.06489446,1.529151462556337,1 1 1,373.15546979302593,12,678.8863258003223,7.521559710815317,19.414450414369398,6.650797788177997,
tersoff_1989,1627,4,sp,UNSPECIFIED,dft,-638.73091367,1.8025487078617193,1 1 1,373.15546979302593,12,51.76403950032237,2.0769376394971992,4.132543005770409,7.576737532764899,
tersoff_1989,1628,4,sp,UNSPECIFIED,dft,-639.71462145,0.08841560879409371,1 1 1,373.15546979302593,12,257.81936613470555,4.635185775984834,10.998685582890833,6.802029970119214,
tersoff_1989,1629,4,sp,UNSPECIFIED,dft,-639.79804413,-0.6360933259089379,1 1 1,373.15546979302593,12,98.59179815885803,2.8663536383190467,6.584765602364639,7.126111387695958,
tersoff_1989,1630,4,sp,UNSPECIFIED,dft,-640.13213397,-0.9967591806271638,1 1 1,373.15546979302593,12,115.3530068688016,3.1004436089695506,6.578221751472003,7.308076339311187,
tersoff_1989,1631,4,sp,UNSPECIFIED,dft,-639.70470676,3.2099446576828026,1 1 1,373.15546979302593,12,536.4521485457863,6.686130847668841,12.468841681390895,7.192443543898462,
tersoff_1989,1632,4,sp,UNSPECIFIED,dft,-640.48727773,2.127403064442003,1 1 1,373.15546979302593,12,228.90443035148513,4.367535826522444,9.159149714104338,6.2056914369908585,
tersoff_1989,1633,4,sp,UNSPECIFIED,dft,-639.32984868,2.3876435575596773,1 1 1,373.15546979302593,12,811.6101831873167,8.224000360668548,22.656048716487263,7.862696785743002,
tersoff_1989,1634,4,sp,UNSPECIFIED,dft,-638.36072617,1.5987489657505467,1 1 1,373.15546979302593,12,364.0563507653689,5.507996843721627,13.0403869826827,8.038618140687595,
tersoff_1989,1635,4,sp,UNSPECIFIED,dft,-637.46346254,2.500169274172027,1 1 1,373.15546979302593,12,275.42722675859716,4.790852627304431,10.492124792441128,8.207268627231697,
tersoff_1989,1636,4,sp,UNSPECIFIED,dft,-636.98736657,4.108423846527252,1 1 1,373.15546979302593,12,71.48590394605054,2.440729125112182,4.832164122741659,8.995586793775137,
tersoff_1989,1637,4,sp,UNSPECIFIED,dft,-637.02517948,4.451852952182093,1 1 1,373.15546979302593,12,1893.848715268596,12.562671940012722,34.85189200673889,9.219060433313327,
tersoff_1989,1638,4,sp,UNSPECIFIED,dft,-638.7824048,1.882054718086876,1 1 1,373.15546979302593,12,126.63501968998024,3.2485255590034003,7.703633599017439,7.88029016900869,
tersoff_1989,1639,4,sp,UNSPECIFIED,dft,-638.75526836,0.501380807285944,1 1 1,373.15546979302593,12,135.66508914284793,3.362353951510359,6.56755352727385,7.4595387808921085,
tersoff_1989,1640,4,sp,UNSPECIFIED,dft,-637.73203825,2.505755326551016,1 1 1,373.15546979302593,12,308.6730094992598,5.071760127569617,12.153884785489868,7.9077469580084365,
tersoff_1989,1641,4,sp,UNSPECIFIED,dft,-638.65906008,1.791612096835994,1 1 1,373.15546979302593,12,74.28763658350974,2.488098949390708,4.683295254586974,7.167239063707401,
tersoff_1989,1642,4,sp,UNSPECIFIED,dft,-639.72429868,0.5049988327464945,1 1 1,373.15546979302593,12,47.415201979670634,1.9877793719724581,4.167256319629009,6.764138372554064,
tersoff_1989,1643,4,sp,UNSPECIFIED,dft,-639.94329544,-0.987925051074491,1 1 1,373.15546979302593,12,97.84702686276783,2.8555067685492626,5.349205914500623,6.751370881896876,
tersoff_1989,1644,4,sp,UNSPECIFIED,dft,-638.55372372,1.7103072350935697,1 1 1,373.15546979302593,12,305.9970977093355,5.049728521657835,11.8827736329444,7.709009289041297,
tersoff_1989,1645,4,sp,UNSPECIFIED,dft,-638.69817915,1.5580192113975997,1 1 1,373.15546979302593,12,347.2706540776525,5.379518674857232,13.05256659606293,8.089295046642404,
tersoff_1989,1646,4,sp,UNSPECIFIED,dft,-638.86608824,5.781246715200252,1 1 1,373.15546979302593,12,1104.715559744842,9.594770970624408,20.373998080336257,7.943631491834093,
tersoff_1989,1647,4,sp,UNSPECIFIED,dft,-639.2051769,3.0526792757916326,1 1 1,373.15546979302593,12,1102.7543405446977,9.586250312055881,26.42578872584667,7.659105267238575,
tersoff_1989,1648,4,sp,UNSPECIFIED,dft,-639.28802547,-0.051946513215218815,1 1 1,373.15546979302593,12,137.62601231443435,3.3865667510823103,6.287079738451965,7.469704088008886,
tersoff_1989,1649,4,sp,UNSPECIFIED,dft,-638.51011096,2.4124488654011724,1 1 1,373.15546979302593,12,557.2606888204264,6.814571940704385,17.727731024368687,8.082310480475762,
tersoff_1989,1650,4,sp,UNSPECIFIED,dft,-637.60793799,3.269605315670944,1 1 1,373.15546979302593,12,82.94031205891679,2.6290098272118345,4.738934023788419,8.446426973049512,
tersoff_1989,1651,4,sp,UNSPECIFIED,dft,-640.11177645,-0.9821664836446562,1 1 1,373.15546979302593,12,109.85148839120163,3.0256058400371324,5.903529286896933,6.280850428719161,
tersoff_1989,1652,4,sp,UNSPECIFIED,dft,-640.24170866,-0.24063750443809973,1 1 1,373.15546979302593,12,177.00636308920966,3.840641906951771,9.043645219259727,6.624297827891521,
tersoff_1989,1653,4,sp,UNSPECIFIED,dft,-639.76019033,2.5717960624408165,1 1 1,373.15546979302593,12,993.225259570063,9.097734422966994,18.19872591923224,7.211393054487924,
tersoff_1989,1654,4,sp,UNSPECIFIED,dft,-639.18171127,0.5485313977663306,1 1 1,373.15546979302593,12,353.5540768224118,5.427968287969356,12.986654433113298,7.672715075968872,
tersoff_1989,1655,4,sp,UNSPECIFIED,dft,-640.73576424,0.4965468253698847,1 1 1,373.15546979302593,12,749.2790575729866,7.901893536641427,20.580338148901046,6.337952704980923,
tersoff_1989,1656,4,sp,UNSPECIFIED,dft,-640.42388142,-0.44556525986693174,1 1 1,373.15546979302593,12,244.73063209567178,4.515995941241088,11.266057883070394,6.857076327693044,
tersoff_1989,1657,4,sp,UNSPECIFIED,dft,-638.49208872,0.877194007853566,1 1 1,373.15546979302593,12,148.33223251921495,3.5158241390321625,7.425467016425406,7.798267473947338,
tersoff_1989,1658,4,sp,UNSPECIFIED,dft,-638.02349079,2.838161217248066,1 1 1,373.15546979302593,12,125.60275406942367,3.235258285276768,6.780435564056067,7.851365657941829,
tersoff_1989,1659,4,sp,UNSPECIFIED,dft,-637.33692987,3.911531896378605,1 1 1,373.15546979302593,12,94.3674243562333,2.804273886353847,5.504317632123894,7.944988887183333,
tersoff_1989,1660,4,sp,UNSPECIFIED,dft,-638.65805523,2.050936614991512,1 1 1,373.15546979302593,12,182.98766641727042,3.904993239615045,8.52226072769235,7.134724328935212,
tersoff_1989,1661,4,sp,UNSPECIFIED,dft,-640.01184677,-0.2769045177740761,1 1 1,373.15546979302593,12,837.3046000679531,8.353166066767503,23.539481025735952,7.158629061762337,
tersoff_1989,1662,8,sp2,UNSPECIFIED,dft,-1299.66308533,-28.818732640706862,1 1 1,482.9675384254308,24,2.94257784920082,0.3501534097840081,0.6066223137913496,0.6700260020389756,
tersoff_1989,1663,8,sp2,UNSPECIFIED,dft,-1299.78580447,-30.383095287679573,1 1 1,482.9675384254308,24,1.7849162194024313,0.2727114026618029,0.7972353537655172,0.6390532266368741,
tersoff_1989,1664,8,sp2,UNSPECIFIED,dft,-1299.94086379,-29.987044097987134,1 1 1,482.9675384254308,24,4.015047702965235,0.4090154694998933,0.8361590428815869,0.4849947854101114,
tersoff_1989,1665,8,sp2,UNSPECIFIED,dft,-1300.06507212,-30.04186582328522,1 1 1,482.9675384254308,24,3.942074157931077,0.40528149465993984,0.8896273405871221,0.5933135686408438,
tersoff_1989,1666,8,sp2,UNSPECIFIED,dft,-1300.00565144,-29.892983997793543,1 1 1,482.9675384254308,24,4.505628285423192,0.43328340828219236,0.892385270406991,0.588342756028179,
tersoff_1989,1667,8,sp2,UNSPECIFIED,dft,-1300.03683153,-29.96029621637176,1 1 1,482.9675384254308,24,4.330133152929406,0.42476136206744597,1.0132187708311164,0.5940708344374152,
tersoff_1989,1668,8,sp2,UNSPECIFIED,dft,-1300.06073042,-30.097494654431564,1 1 1,482.9675384254308,24,3.8312295338153026,0.3995429437607063,0.9304618378879713,0.5167579492413896,
tersoff_1989,1669,8,sp2,UNSPECIFIED,dft,-1300.08249495,-30.058898854051783,1 1 1,482.9675384254308,24,4.0726936434333325,0.41194121968599945,0.8222916802681343,0.40987637224533935,
tersoff_1989,1670,8,sp2,UNSPECIFIED,dft,-1300.11592447,-30.308167576082155,1 1 1,482.9675384254308,24,3.628472708931432,0.38882690605479325,0.920817466457935,0.5218851931858832,
tersoff_1989,1671,8,sp2,UNSPECIFIED,dft,-1300.01136564,-29.95282226407289,1 1 1,482.9675384254308,24,4.284573221379183,0.4225208683889266,0.8598749085620644,0.5820943898329549,
tersoff_1989,1672,8,sp2,UNSPECIFIED,dft,-1300.01478209,-29.804422607099276,1 1 1,482.9675384254308,24,4.6269956131155565,0.43908027042878484,1.0023277362984844,0.5851026679993863,
tersoff_1989,1673,8,sp2,UNSPECIFIED,dft,-1300.02050523,-29.91226902324212,1 1 1,482.9675384254308,24,4.475439426844877,0.4318294139879812,0.9272733882004642,0.5878245753446912,
tersoff_1989,1674,8,sp2,UNSPECIFIED,dft,-1300.09252939,-30.014642398583387,1 1 1,482.9675384254308,24,4.162816045521101,0.416474091106973,0.8123119473324836,0.49834750741408684,
tersoff_1989,1675,8,sp2,UNSPECIFIED,dft,-1300.13094325,-30.194481328896632,1 1 1,482.9675384254308,24,3.7393598252065514,0.3947235227138184,0.7961298509515321,0.40940362121322277,
tersoff_1989,1676,8,sp2,UNSPECIFIED,dft,-1300.05779727,-30.05712431500393,1 1 1,482.9675384254308,24,4.0527618753567625,0.4109319629085393,0.9567225094694712,0.5338041376720803,
tersoff_1989,1677,8,sp2,UNSPECIFIED,dft,-1300.10675881,-30.18408059659088,1 1 1,482.9675384254308,24,3.7876011999065113,0.3972615217495539,0.8279279707054085,0.4925555821089298,
tersoff_1989,1678,8,sp2,UNSPECIFIED,dft,-1300.12213374,-29.97494025054428,1 1 1,482.9675384254308,24,4.2820713316050085,0.42239748912236136,0.9295998147877967,0.48647105250466854,
tersoff_1989,1679,8,sp2,UNSPECIFIED,dft,-1299.83369106,-30.014518858526962,1 1 1,482.9675384254308,24,3.903274740861304,0.40328209424159617,0.9980835889905454,0.613611902012719,
tersoff_1989,1680,8,sp2,UNSPECIFIED,dft,-1299.83494989,-30.219777627854775,1 1 1,482.9675384254308,24,3.081451215780236,0.35832080690005963,1.0033290046669014,0.5972620694224884,
tersoff_1989,1681,8,sp2,UNSPECIFIED,dft,-1299.98607039,-30.292285008042313,1 1 1,482.9675384254308,24,3.089721747637775,0.35880134636254357,0.759461267977138,0.36585320133217364,
tersoff_1989,1682,8,sp2,UNSPECIFIED,dft,-1300.04732195,-29.985666335344145,1 1 1,482.9675384254308,24,4.379885817910798,0.4271946188951236,1.0154614404881142,0.5630901136696507,
tersoff_1989,1683,8,sp2,UNSPECIFIED,dft,-1299.82699335,-29.645655764180898,1 1 1,482.9675384254308,24,5.090686173284071,0.46055610286569465,1.096382767376014,0.672434355055074,
tersoff_1989,1684,8,sp2,UNSPECIFIED,dft,-1299.87401993,-30.02087380707555,1 1 1,482.9675384254308,24,4.164210679242522,0.4165438491945017,1.0278186679105044,0.6625547642365119,
tersoff_1989,1685,8,sp2,UNSPECIFIED,dft,-1300.04050795,-30.146695445648124,1 1 1,482.9675384254308,24,3.6807453420916274,0.3916176569740157,0.844224975334463,0.5782429566835783,
tersoff_1989,1686,8,sp2,UNSPECIFIED,dft,-1300.0940677,-30.037531680864504,1 1 1,482.9675384254308,24,4.375234164559113,0.4269677078226132,0.859602026010403,0.4618632737934103,
tersoff_1989,1687,8,sp2,UNSPECIFIED,dft,-1299.99287641,-29.813529001320354,1 1 1,482.9675384254308,24,3.6690759327875684,0.39099637321354874,0.8394990010897962,0.4597785484293861,
tersoff_1989,1688,8,sp2,UNSPECIFIED,dft,-1300.08326111,-29.977204698603778,1 1 1,482.9675384254308,24,4.207167284256194,0.41868680041769657,0.9062447327997173,0.43381718587730017,
tersoff_1989,1689,8,sp2,UNSPECIFIED,dft,-1300.04772146,-29.995410700944383,1 1 1,482.9675384254308,24,4.377987815342411,0.42710204749286845,0.8104159799944294,0.5195865839700509,
tersoff_1989,1690,8,sp2,UNSPECIFIED,dft,-1300.09276047,-30.05394151068667,1 1 1,482.9675384254308,24,4.118008366090447,0.4142266069682575,0.7898258123979476,0.553399682300987,
tersoff_1989,1691,8,sp2,UNSPECIFIED,dft,-1300.14723745,-30.180049251695905,1 1 1,482.9675384254308,24,3.6315292075849013,0.3889906386826092,0.7544125627291686,0.2982136057914975,
tersoff_1989,1692,8,sp2,UNSPECIFIED,dft,-1300.1632375,-30.303468979248578,1 1 1,482.9675384254308,24,3.3631122811141436,0.3743389885915652,0.7470777573278952,0.4657081030762008,
tersoff_1989,1693,8,sp2,UNSPECIFIED,dft,-1299.94096915,-30.312858344909582,1 1 1,482.9675384254308,24,3.078595856286923,0.3581547533473323,0.8126117563171436,0.487337510595412,
tersoff_1989,1694,8,sp2,UNSPECIFIED,dft,-1299.95917063,-30.309517945336907,1 1 1,482.9675384254308,24,3.421411837534082,0.37756963141110816,1.0234144507773593,0.4837073273814445,
tersoff_1989,1695,8,sp2,UNSPECIFIED,dft,-1300.00041556,-30.066275501281183,1 1 1,482.9675384254308,24,3.8018814677778785,0.39800970820330284,0.7691390805430149,0.5875565051798565,
tersoff_1989,1696,8,sp2,UNSPECIFIED,dft,-1300.16975186,-30.270074190776484,1 1 1,482.9675384254308,24,3.2790957653358745,0.3696335891424481,0.7083071954731366,0.290272334885707,
tersoff_1989,1697,8,sp2,UNSPECIFIED,dft,-1300.09116701,-30.23707325259503,1 1 1,482.9675384254308,24,3.5709147414679503,0.38573062391756147,0.8817302440794437,0.4046663576279023,
tersoff_1989,1698,8,sp2,UNSPECIFIED,dft,-1300.06004557,-30.360873082506778,1 1 1,482.9675384254308,24,3.223390464768709,0.36648047155616564,0.7769311547729614,0.4210650111770153,
tersoff_1989,1699,8,sp2,UNSPECIFIED,dft,-1299.94177188,-29.742506983853346,1 1 1,482.9675384254308,24,4.053055139204499,0.41094683046210995,0.8981858399372113,0.4713898308459783,
tersoff_1989,1700,8,sp2,UNSPECIFIED,dft,-1299.94160174,-29.82520589858666,1 1 1,482.9675384254308,24,5.32892301531041,0.47120957011850584,1.1873416573346736,0.6421106380134189,
tersoff_1989,1701,8,sp2,UNSPECIFIED,dft,-1299.79773181,-29.905537798361106,1 1 1,482.9675384254308,24,4.235768778425955,0.4201075645209785,0.8252320182574844,0.9298058794514584,
tersoff_1989,1702,8,sp2,UNSPECIFIED,dft,-1299.88592902,-29.995020622174348,1 1 1,482.9675384254308,24,4.47522071102191,0.43181886205434905,0.9455781134399374,0.7070799463668636,
tersoff_1989,1703,8,sp2,UNSPECIFIED,dft,-1300.04178555,-29.978822424536453,1 1 1,482.9675384254308,24,4.217351571534914,0.41919325155265574,0.9769417808638128,0.5440215994677968,
tersoff_1989,1704,8,sp2,UNSPECIFIED,dft,-1300.16552675,-30.090327730135844,1 1 1,482.9675384254308,24,3.902726149839607,0.4032537533323779,0.7611108778908986,0.3924479696140199,
tersoff_1989,1705,8,sp2,UNSPECIFIED,dft,-1300.05992607,-29.89885668782869,1 1 1,482.9675384254308,24,4.158987052429291,0.4162825088621353,0.8548046482830556,0.4364024217298372,
tersoff_1989,1706,8,sp2,UNSPECIFIED,dft,-1300.04862044,-30.12104852674118,1 1 1,482.9675384254308,24,4.15641559110737,0.41615379724665147,0.8704530349919157,0.5640830995592169,
tersoff_1989,1707,8,sp2,UNSPECIFIED,dft,-1300.01909272,-30.146484446673412,1 1 1,482.9675384254308,24,3.9931461159129653,0.4078983797014156,0.8316111805726497,0.47715890554143486,
tersoff_1989,1708,8,sp2,UNSPECIFIED,dft,-1300.06130395,-29.951406816210984,1 1 1,482.9675384254308,24,4.759588582205948,0.44532706062538785,0.9536024202237602,0.5493356339555384,
tersoff_1989,1709,8,sp2,UNSPECIFIED,dft,-1300.09259906,-30.089361873320392,1 1 1,482.9675384254308,24,4.365077920550968,0.4264718592001396,0.8784179867229125,0.48360104154922995,
tersoff_1989,1710,8,sp2,UNSPECIFIED,dft,-1299.89237929,-29.91219422160882,1 1 1,482.9675384254308,24,4.643249789571369,0.4398508170188392,0.9061710737444532,0.7477197910592354,
tersoff_1989,1711,8,sp2,UNSPECIFIED,dft,-1300.11586802,-30.15522038013588,1 1 1,482.9675384254308,24,3.5428196817060438,0.38421021165210045,0.7641148410033387,0.44228802922982213,
tersoff_1989,1712,8,sp2,UNSPECIFIED,dft,-1300.17326613,-30.117477473979644,1 1 1,482.9675384254308,24,3.894449090932145,0.4028259079579822,0.7701753795268063,0.29188071539728916,
tersoff_1989,1713,217,interstitial,PW91,dft,-35405.075709,-996.8092825146891,1 1 1,4346.707967999998,651,53.77569317668611,0.28741042330347205,2.953636077075464,0.11306309976748496,0.012145604193552373
tersoff_1989,1714,217,interstitial,PW91,dft,-35392.714865,-984.1532054667753,1 1 1,4346.707967999998,651,40.11549427922513,0.2482364658523007,2.6292917664219657,0.715192620119521,0.013506125151702797
tersoff_1989,1715,217,interstitial,PW91,dft,-35388.867948,-978.1832841215007,1 1 1,4346.707967999998,651,50.34447047664614,0.2780900142610563,2.4096725698397936,0.8656217607117239,0.023289555314228494
tersoff_1989,1716,217,interstitial,PW91,dft,-35391.150026,-980.7030562009079,1 1 1,4346.707967999998,651,49.60407244884066,0.276037555184542,2.5423349797223476,0.7227792791853279,0.022194190893017662
tersoff_1989,1717,217,interstitial,PW91,dft,-35391.195792,-980.5363248162396,1 1 1,4346.707967999998,651,48.19339739117821,0.27208417135109664,2.7593989298021246,0.6939551825299779,0.02317344151359446
tersoff_1989,1718,217,interstitial,PW91,dft,-35390.527199,-979.5739967085455,1 1 1,4346.707967999998,651,55.69948877938035,0.2925062231784591,2.793083211710724,0.7498276363798253,0.024527059521376238
tersoff_1989,1719,217,interstitial,PW91,dft,-35390.471858,-980.0569745564457,1 1 1,4346.707967999998,651,78.164696086623,0.3465092460283538,4.043342046327192,0.7192377733023023,0.022046327503415064
tersoff_1989,1720,217,interstitial,PW91,dft,-35390.699187,-979.6790552077471,1 1 1,4346.707967999998,651,65.43765127735132,0.317046787645936,2.9531597977213107,0.7482658716206814,0.02483549040066446
tersoff_1989,1721,217,interstitial,PW91,dft,-35391.875467,-981.6665611009729,1 1 1,4346.707967999998,651,43.984608400116926,0.2599320731311715,2.412708186396289,0.7630062183146278,0.02109712222910698
tersoff_1989,1722,217,interstitial,PW91,dft,-35392.542524,-983.4294296710154,1 1 1,4346.707967999998,651,50.51460541888821,0.2785595089545754,3.3139153932808005,0.7537800518193204,0.01604729932568194
tersoff_1989,1723,217,interstitial,PW91,dft,-35393.862427,-984.7106442597918,1 1 1,4346.707967999998,651,61.35767599650191,0.3070039452868023,4.070858900322298,0.7257625075320235,0.01622558693502718
tersoff_1989,1724,217,interstitial,PW91,dft,-35392.349451,-982.907640807114,1 1 1,4346.707967999998,651,84.68319702119392,0.36066842924543385,5.071534116827415,0.7031721348302205,0.017562118975001262
tersoff_1989,1725,217,interstitial,PW91,dft,-35391.207077,-980.8390833206929,1 1 1,4346.707967999998,651,45.53056048890667,0.26446061527881765,3.1226152773300275,0.7342250896236607,0.02183024564054925
tersoff_1989,1726,217,interstitial,PW91,dft,-35389.524939,-979.0255260688422,1 1 1,4346.707967999998,651,36.33351478116525,0.23624531881565866,2.0238981574164594,0.7591893558229929,0.02243586431268163
tersoff_1989,1727,217,interstitial,PW91,dft,-35390.566347,-980.0466451146948,1 1 1,4346.707967999998,651,59.230048173144965,0.30163417730302605,4.189646011654616,0.7673251574179304,0.022529361797220204
tersoff_1989,1728,217,interstitial,PW91,dft,-35391.423853,-981.0084187956386,1 1 1,4346.707967999998,651,54.263065930817845,0.2887098957216136,3.3445268467429057,0.7469144032145447,0.022048865571675513
tersoff_1989,1729,217,interstitial,PW91,dft,-35392.394429,-982.7180756806944,1 1 1,4346.707967999998,651,45.331377759744996,0.26388151276651844,3.098927652639339,0.7178032207171332,0.018642962875545344
tersoff_1989,1730,217,interstitial,PW91,dft,-35390.988317,-980.5797861541358,1 1 1,4346.707967999998,651,73.28507460222508,0.3355191190768281,3.6629510545411033,0.7681178768218073,0.02201705285972544
tersoff_1989,1731,217,interstitial,PW91,dft,-35392.146614,-982.4349524386986,1 1 1,4346.707967999998,651,47.0464028971528,0.26882689596769593,3.1511896234211627,0.7523563357964475,0.018805673668164324
tersoff_1989,1732,217,interstitial,PW91,dft,-35392.520445,-982.4251513873053,1 1 1,4346.707967999998,651,63.49870945389604,0.31231436133780877,3.612434405456834,0.7540940605790597,0.020573563305942955
tersoff_1989,1733,217,interstitial,PW91,dft,-35392.520445,-982.4251513873053,1 1 1,4346.707967999998,651,63.49871107066444,0.312314365313795,3.612434405456834,0.7540940530579037,0.020573563305942955
tersoff_1989,1734,217,interstitial,PW91,dft,-35405.337289,-996.7937576754434,1 1 1,4399.077383787771,651,52.49161654263646,0.2839582424858135,2.930052892351109,0.10769396394434595,0.01342258501958149
tersoff_1989,1735,217,interstitial,PW91,dft,-35391.490697,-981.3445638359722,1 1 1,4399.077383787771,651,55.54994407556624,0.29211329177441503,3.835916971373913,0.7443277400935767,0.020807846952624942
tersoff_1989,1736,217,interstitial,PW91,dft,-35390.096103,-979.2925921523014,1 1 1,4399.077383787771,651,41.29629436990021,0.25186339154970283,2.65406334121071,0.8011633847007111,0.023837237199964
tersoff_1989,1737,217,interstitial,PW91,dft,-35390.938837,-979.530984115827,1 1 1,4399.077383787771,651,46.35527997376664,0.26684502476308036,2.4470228073028157,0.6770069969746902,0.026622223543150803
tersoff_1989,1738,217,interstitial,PW91,dft,-35389.463159,-977.4906174432843,1 1 1,4399.077383787771,651,56.27011128960955,0.2940007191690253,3.521553604208916,0.7286888815782707,0.029224475490358337
tersoff_1989,1739,217,interstitial,PW91,dft,-35390.843342,-979.2352223510152,1 1 1,4399.077383787771,651,63.80989286623148,0.3130786939600373,3.3327923118759473,0.7302812111123267,0.027545111860242777
tersoff_1989,1740,217,interstitial,PW91,dft,-35392.29135,-981.7181099724245,1 1 1,4399.077383787771,651,53.85342959064859,0.28761808391966054,2.419284168453055,0.7179686474347136,0.022776081346837174
tersoff_1989,1741,217,interstitial,PW91,dft,-35392.343844,-981.8656893799085,1 1 1,4399.077383787771,651,41.366100934701066,0.2520761744972277,2.4799729943486484,0.7010640834081105,0.02233789974554945
tersoff_1989,1742,217,interstitial,PW91,dft,-35391.831295,-981.2398848014075,1 1 1,4399.077383787771,651,50.59981031475758,0.278794338403038,2.8697143998439674,0.7218360928841967,0.02285981485384969
tersoff_1989,1743,217,interstitial,PW91,dft,-35392.494419,-982.2405752719362,1 1 1,4399.077383787771,651,41.70533937181287,0.25310768723843663,3.2254343100383682,0.6940669157312929,0.021304208998864205
tersoff_1989,1744,217,interstitial,PW91,dft,-35391.981882,-981.9555479260061,1 1 1,4399.077383787771,651,75.17110020924012,0.3398090640553806,4.30719552466138,0.7013526321640717,0.020255777413301423
tersoff_1989,1745,217,interstitial,PW91,dft,-35392.692783,-981.8209163782496,1 1 1,4399.077383787771,651,83.2996949043382,0.357710106916734,4.140249062739574,0.6952750082186588,0.02415224076699829
tersoff_1989,1746,217,interstitial,PW91,dft,-35390.701563,-980.0696811138884,1 1 1,4399.077383787771,651,38.84892337111168,0.24428623691690562,2.1112058088857917,0.7312730961828978,0.02304632032629872
tersoff_1989,1747,217,interstitial,PW91,dft,-35391.329423,-979.4506839513932,1 1 1,4399.077383787771,651,54.81555441014609,0.29017594749933506,3.0044916890280198,0.7246081600391978,0.02879220586774789
tersoff_1989,1748,217,interstitial,PW91,dft,-35390.276934,-979.6358802506085,1 1 1,4399.077383787771,651,35.76205860630615,0.23438011391264682,1.9418560511157352,0.7220987597949386,0.023088586977338288
tersoff_1989,1749,217,interstitial,PW91,dft,-35392.631963,-982.2565356582899,1 1 1,4399.077383787771,651,67.68044886880307,0.3224342152240716,3.354601516545466,0.7116810317374417,0.02186450214932112
tersoff_1989,1750,217,interstitial,PW91,dft,-35391.231087,-981.3498838872316,1 1 1,4399.077383787771,651,70.99100262465967,0.3302259214199646,4.420128548456756,0.696512496056148,0.01958697114035246
tersoff_1989,1751,217,interstitial,PW91,dft,-35391.698922,-981.5959272642966,1 1 1,4399.077383787771,651,64.58372177441782,0.31497134137893046,3.3200473116014955,0.7378283834910028,0.02060905235205901
tersoff_1989,1752,217,interstitial,PW91,dft,-35390.393806,-978.804948254733,1 1 1,4399.077383787771,651,52.63428478886757,0.2843438691577505,2.6245589745441094,0.7395359494550657,0.027456347326989317
tersoff_1989,1753,217,interstitial,PW91,dft,-35390.583705,-980.4178054888488,1 1 1,4399.077383787771,651,59.73819925484929,0.30292531577148246,4.386264459012717,0.7252156446959952,0.02089893610986948
tersoff_1989,1754,217,interstitial,PW91,dft,-35391.938537,-981.0028795890922,1 1 1,4399.077383787771,651,54.15511318950955,0.28842256822944695,3.6090623157054402,0.735912090102157,0.02444620753732174
tersoff_1989,1755,217,interstitial,PW91,dft,-35391.938537,-981.0028795890922,1 1 1,4399.077383787771,651,54.155120100441664,0.28842258663277587,3.6090623157054402,0.7359120481226293,0.02444620753732174
tersoff_1989,1756,217,interstitial,PW91,dft,-35404.492747,-996.4469309583945,1 1 1,4294.7558361771535,651,54.397422175078184,0.2890670999739861,3.0905773953083995,0.11844708980557579,0.011128966204125845
tersoff_1989,1757,217,interstitial,PW91,dft,-35392.778783,-984.0015073473488,1 1 1,4294.7558361771535,651,63.415910488126116,0.31211067419495647,3.244426600895391,0.6966908385300506,0.014499747821849596
tersoff_1989,1758,217,interstitial,PW91,dft,-35389.730085,-980.1510996469677,1 1 1,4294.7558361771535,651,58.73293396097708,0.3003657114517904,4.117161259357361,0.8169387284748029,0.018194262570167652
tersoff_1989,1759,217,interstitial,PW91,dft,-35387.978189,-977.8685897806439,1 1 1,4294.7558361771535,651,76.16069382243725,0.3420384672683783,3.5535301296602286,0.8314418200106805,0.020639487760575115
tersoff_1989,1760,217,interstitial,PW91,dft,-35391.994321,-982.27921802004,1 1 1,4294.7558361771535,651,50.702360447469786,0.27907671026290803,3.5738970267868653,0.6839568086156951,0.01882153274031939
tersoff_1989,1761,217,interstitial,PW91,dft,-35391.898998,-982.158191593412,1 1 1,4294.7558361771535,651,59.80699264085429,0.30309968713156715,3.643940553362077,0.7070018414923536,0.01893998171095035
tersoff_1989,1762,217,interstitial,PW91,dft,-35391.041879,-980.828046731512,1 1 1,4294.7558361771535,651,58.37235088299303,0.2994422641497507,3.6478126589599773,0.7335182060579227,0.021119824392517472
tersoff_1989,1763,217,interstitial,PW91,dft,-35388.800109,-978.2596411309464,1 1 1,4294.7558361771535,651,48.59147394373392,0.27320556549887587,2.788069725977811,0.7803819335778379,0.022625057574869878
tersoff_1989,1764,217,interstitial,PW91,dft,-35391.822725,-981.7528329245614,1 1 1,4294.7558361771535,651,66.98875616967129,0.32078234858044385,4.344509010985938,0.7482605203111914,0.020456505530547453
tersoff_1989,1765,217,interstitial,PW91,dft,-35392.199492,-982.9500896947753,1 1 1,4294.7558361771535,651,69.85751925164095,0.32757902448665216,4.082523580206897,0.7360606112788474,0.01667544668162968
tersoff_1989,1766,217,interstitial,PW91,dft,-35392.397456,-983.7591189484071,1 1 1,4294.7558361771535,651,74.87116403580987,0.3391304595063559,5.003284632623281,0.7405671559905629,0.013859477770888695
tersoff_1989,1767,217,interstitial,PW91,dft,-35391.465187,-981.999520495451,1 1 1,4294.7558361771535,651,99.09123253641877,0.3901459660997798,4.2401810587606645,0.757255272609731,0.017672055895118
tersoff_1989,1768,217,interstitial,PW91,dft,-35390.965713,-981.6824402796212,1 1 1,4294.7558361771535,651,45.03278665028036,0.26301100258587934,3.0448426873628547,0.7902455883954649,0.016831531544093892
tersoff_1989,1769,217,interstitial,PW91,dft,-35391.219029,-981.4558670220042,1 1 1,4294.7558361771535,651,44.96614469431786,0.26281632157322515,2.3329881905648855,0.7360338400630587,0.019043002777356044
tersoff_1989,1770,217,interstitial,PW91,dft,-35391.649366,-982.2616345903841,1 1 1,4294.7558361771535,651,55.491532593502704,0.29195967093484865,3.8028931825924,0.7712429729222005,0.01731290799218943
tersoff_1989,1771,217,interstitial,PW91,dft,-35391.522791,-980.9587111120293,1 1 1,4294.7558361771535,651,70.17103032438769,0.3283132667327513,2.9352821150758452,0.718152238008759,0.02273386872194827
tersoff_1989,1772,217,interstitial,PW91,dft,-35390.104622,-980.7945214745521,1 1 1,4294.7558361771535,651,60.45601796557023,0.3047398678280981,3.7723143593765913,0.785184914857523,0.01695516198220659
tersoff_1989,1773,217,interstitial,PW91,dft,-35390.743503,-980.5910442205463,1 1 1,4294.7558361771535,651,55.73625152419804,0.29260273715111185,2.9752273708257158,0.74418825277204,0.02083699725411403
tersoff_1989,1774,217,interstitial,PW91,dft,-35390.083696,-980.1019725901541,1 1 1,4294.7558361771535,651,50.084350663323285,0.27737066612386363,3.020899561680063,0.7619482665079097,0.02005019831584054
tersoff_1989,1775,217,interstitial,PW91,dft,-35391.960349,-982.8119302719603,1 1 1,4294.7558361771535,651,44.045390552560235,0.26011161066729177,2.351631421945409,0.7505210813429866,0.01621008457480233
tersoff_1989,1776,217,interstitial,PW91,dft,-35391.033769,-982.1168543357297,1 1 1,4294.7558361771535,651,95.70571294080426,0.38342324386198484,6.293289696960018,0.7459463845177582,0.015143245571247022
tersoff_1989,1777,217,interstitial,PW91,dft,-35391.033769,-982.1168543357297,1 1 1,4294.7558361771535,651,95.70572001672478,0.3834232580360204,6.293289696960018,0.7459463946969943,0.015143245571247022
tersoff_1989,1778,144,screw_disloc,PW91,dft,-23487.532404,-656.6524672468682,1 1 1,2889.974033768585,432,33.158892977275606,0.2770499895445883,4.042521203175512,0.1326137124651757,-0.003516810631554179
tersoff_1989,1779,144,screw_disloc,PW91,dft,-23485.626153,-654.2168008127444,1 1 1,2889.974033768585,432,23.284603295087678,0.2321627546885047,2.7227771339651,0.43711883394357925,0.00015968543874134156
tersoff_1989,1780,144,screw_disloc,PW91,dft,-23475.813755,-640.6587549298902,1 1 1,2889.974033768585,432,127.69034141633541,0.5436722303183187,5.640690137063029,0.9469090155537844,0.026171129069682664
tersoff_1989,1781,144,screw_disloc,PW91,dft,-23459.660011,-617.9800880515351,1 1 1,2889.974033768585,432,319.8200847360755,0.8604209842991958,8.63511175488849,1.2251691237067066,0.07148309350269688
tersoff_1989,1782,144,screw_disloc,PW91,dft,-23452.131748,-605.419049379404,1 1 1,2889.974033768585,432,535.5903558308976,1.1134596940838497,8.167736057139603,1.068764022399022,0.10643292455915887
tersoff_1989,1783,144,screw_disloc,PW91,dft,-23456.835935,-612.1688442738628,1 1 1,2889.974033768585,432,406.0974748523963,0.969556832293607,7.553605234985177,0.8150767611996339,0.09222731418096153
tersoff_1989,1784,144,screw_disloc,PW91,dft,-23459.945049,-617.889353266531,1 1 1,2889.974033768585,432,135.48050402293399,0.5600109622416919,4.050676424138638,0.7887084679885541,0.07409262673190131
tersoff_1989,1785,144,screw_disloc,PW91,dft,-23460.962112,-620.1079664508353,1 1 1,2889.974033768585,432,179.63943364149574,0.6448503875460394,6.970596847370437,0.9151619577024028,0.06574852822978361
tersoff_1989,1786,144,screw_disloc,PW91,dft,-23462.061807,-621.7414482687595,1 1 1,2889.974033768585,432,271.52655158010504,0.7928011631003111,8.012102347627314,1.0087068921316025,0.06204167532752791
tersoff_1989,1787,144,screw_disloc,PW91,dft,-23464.150206,-624.1035133367385,1 1 1,2889.974033768585,432,189.22345788873764,0.6618287268102958,5.61536541129952,0.9678841359054813,0.06014121652211646
tersoff_1989,1788,144,screw_disloc,PW91,dft,-23466.717399,-627.1268918401215,1 1 1,2889.974033768585,432,156.109867672184,0.601136785121616,5.86390609581497,0.9144042354867771,0.05697326163751448
tersoff_1989,1789,144,screw_disloc,PW91,dft,-23470.841659,-632.6733952957271,1 1 1,2889.974033768585,432,125.31730818368031,0.5385966594180631,5.340777878929108,0.8031293219487399,0.04709657097358999
tersoff_1989,1790,144,screw_disloc,PW91,dft,-23471.466904,-633.717782985031,1 1 1,2889.974033768585,432,122.08109632529204,0.5315967742402322,5.312788232478829,0.8728055716023695,0.044185857853425325
tersoff_1989,1791,144,screw_disloc,PW91,dft,-23468.912229,-631.6406041828554,1 1 1,2889.974033768585,432,122.39820920700794,0.5322867535259402,4.665132147460089,1.0212771082350085,0.04086991203521073
tersoff_1989,1792,144,screw_disloc,PW91,dft,-23468.175907,-630.9418256637617,1 1 1,2889.974033768585,432,58.075499577292604,0.3666524605117064,2.600643315464948,1.0094779112643106,0.04060919341780789
tersoff_1989,1793,144,screw_disloc,PW91,dft,-23467.702993,-630.0314178143088,1 1 1,2889.974033768585,432,76.19700400049784,0.4199785157658141,3.741124063662955,0.9934294124962938,0.04364734515009783
tersoff_1989,1794,144,screw_disloc,PW91,dft,-23468.111092,-630.8099248304934,1 1 1,2889.974033768585,432,61.890576728630606,0.3785039285250117,3.267857095383631,0.970638592814006,0.0410750672599125
tersoff_1989,1795,144,screw_disloc,PW91,dft,-23467.905936,-629.6809839788247,1 1 1,2889.974033768585,432,128.24250104819356,0.5448464382881317,6.285037396866885,1.0044351175526056,0.04749023984095224
tersoff_1989,1796,144,screw_disloc,PW91,dft,-23469.078542,-631.6289335385426,1 1 1,2889.974033768585,432,53.142590782004426,0.3507353082309009,1.5128828145599418,1.0198377039010413,0.0421059095651275
tersoff_1989,1797,214,divacancy,PW91,dft,-34911.97886,-982.3426449046525,1 1 1,4346.707967999998,642,11.645802913200608,0.13468437150279816,1.1682437843445213,0.05524920752592738,-0.00159220949709038
tersoff_1989,1798,214,divacancy,PW91,dft,-34883.855181,-941.1901704373755,1 1 1,4346.707967999998,642,105.8699972099121,0.4060868598097499,4.16615505214037,1.038694341796724,0.05929001231260411
tersoff_1989,1799,214,divacancy,PW91,dft,-34886.109639,-946.8713578961255,1 1 1,4346.707967999998,642,304.4410295204814,0.688627047893918,8.420475176742206,1.0031965930180338,0.04327725783248315
tersoff_1989,1800,214,divacancy,PW91,dft,-34884.795364,-943.9168447698918,1 1 1,4346.707967999998,642,151.77532971672724,0.48622029050455,5.398816849268715,0.9872370515232457,0.05094192197375769
tersoff_1989,1801,214,divacancy,PW91,dft,-34884.366125,-945.8263597220409,1 1 1,4346.707967999998,642,164.7645906539342,0.5065991162349092,4.9169751364496594,1.0326405822196998,0.04001316518802156
tersoff_1989,1802,214,divacancy,PW91,dft,-34882.319489,-938.3617264181908,1 1 1,4346.707967999998,642,352.8290996422079,0.7413353066095456,9.277027909142204,1.0325803245552971,0.06533090959851862
tersoff_1989,1803,214,divacancy,PW91,dft,-34884.371719,-945.7271224801752,1 1 1,4346.707967999998,642,158.95843109468603,0.497593008721155,5.465041314866819,1.0128025604775932,0.04050303080421891
tersoff_1989,1804,214,divacancy,PW91,dft,-34883.233609,-943.1231235252661,1 1 1,4346.707967999998,642,194.6575822995705,0.5506404969241852,7.0657316537443275,0.9994422795884572,0.04735297919163717
tersoff_1989,1805,214,divacancy,PW91,dft,-34885.111682,-945.0924061042865,1 1 1,4346.707967999998,642,199.13034217279784,0.5569307609957442,6.197574738659443,1.023350148306883,0.046926766205555026
tersoff_1989,1806,214,divacancy,PW91,dft,-34882.390568,-938.9113957020556,1 1 1,4346.707967999998,642,331.4905390608477,0.718568301222347,7.604051415240046,0.9886177213326807,0.06309450640291558
tersoff_1989,1807,214,divacancy,PW91,dft,-34886.503962,-945.3626734820882,1 1 1,4346.707967999998,642,124.38080401747908,0.4401585738352531,5.023401212058882,0.9770803886881745,0.05216981584202074
tersoff_1989,1808,214,divacancy,PW91,dft,-34884.92587,-943.4428563502452,1 1 1,4346.707967999998,642,147.21969546465849,0.4788675885779218,5.871344697812146,0.9744299070481388,0.05376666225245863
tersoff_1989,1809,214,divacancy,PW91,dft,-34884.043038,-940.7082849534787,1 1 1,4346.707967999998,642,161.91388240235082,0.502197480119056,5.127480470182424,1.0124387138675086,0.06241965008786199
tersoff_1989,1810,214,divacancy,PW91,dft,-34882.662369,-940.2777622645863,1 1 1,4346.707967999998,642,142.77461882973157,0.4715828368472793,6.351848669576813,1.0501883168037485,0.05797971405461766
tersoff_1989,1811,214,divacancy,PW91,dft,-34884.369964,-942.4671960407894,1 1 1,4346.707967999998,642,203.7064722030176,0.5632937075267925,7.286475966063495,1.093111774369513,0.055728130988228486
tersoff_1989,1812,214,divacancy,PW91,dft,-34884.701742,-945.2609902114993,1 1 1,4346.707967999998,642,93.12085746718293,0.3808517619634017,4.249642710073138,1.0123493052467063,0.04422338252696534
tersoff_1989,1813,214,divacancy,PW91,dft,-34884.24739,-944.6810682445647,1 1 1,4346.707967999998,642,149.41818133485475,0.48242989149725596,5.388865404181258,1.0179682368554401,0.04481015807339439
tersoff_1989,1814,214,divacancy,PW91,dft,-34885.818216,-945.4601713468202,1 1 1,4346.707967999998,642,124.57476964342645,0.4405016427482469,5.9324390099206825,1.0146553052379452,0.04850979778251041
tersoff_1989,1815,214,divacancy,PW91,dft,-34883.46003,-943.2043398020929,1 1 1,4346.707967999998,642,126.58508758860081,0.44404170257657566,4.76890280513776,1.0220675081175845,0.048031505935449026
tersoff_1989,1816,214,divacancy,PW91,dft,-34885.738349,-946.3008596381404,1 1 1,4346.707967999998,642,177.39017750517917,0.5256507278628759,6.256939636462134,0.9878764276214691,0.04420813754266906
tersoff_1989,1817,214,divacancy,PW91,dft,-34881.542934,-938.3851396516656,1 1 1,4346.707967999998,642,131.19686172121703,0.45205805205946975,3.8370298460438437,1.0495766884228543,0.06159274028320816
tersoff_1989,1818,214,divacancy,PW91,dft,-34884.701843,-943.5612780554766,1 1 1,4346.707967999998,642,112.45478493992566,0.4185250487334416,4.488423127556369,1.0275250656487407,0.052166434657960004
tersoff_1989,1819,214,divacancy,PW91,dft,-34886.160154,-947.2978029237012,1 1 1,4346.707967999998,642,116.33959986234129,0.42569276480067975,4.325173774336066,0.9571926565552202,0.0415205754606216
tersoff_1989,1820,214,divacancy,PW91,dft,-34886.122337,-946.047881015484,1 1 1,4346.707967999998,642,225.01372037131486,0.592020828193155,7.6666624121651905,1.0020816997754056,0.047184617087819625
tersoff_1989,1821,214,divacancy,PW91,dft,-34884.293506,-944.0088567358581,1 1 1,4346.707967999998,642,137.07242045985026,0.46206973833381354,6.3534370518134144,1.0456438803094028,0.04816682867484978
tersoff_1989,1822,214,divacancy,PW91,dft,-34883.329434,-943.5972687515831,1 1 1,4346.707967999998,642,154.72816848108494,0.49092729423611087,5.113444697368661,1.0471489812284833,0.04558512766679179
tersoff_1989,1823,214,divacancy,PW91,dft,-34910.645469,-981.2060105291406,1 1 1,4291.015624999997,642,12.669252700913244,0.14047789318943657,1.223139305105004,0.22219154789276846,-0.0025116329759926614
tersoff_1989,1824,214,divacancy,PW91,dft,-34881.05269,-938.2752347216679,1 1 1,4291.015624999997,642,201.0371459767439,0.5595908969295269,5.136209917309504,1.0831920440793026,0.05981545490936302
tersoff_1989,1825,214,divacancy,PW91,dft,-34884.994432,-945.1473459087301,1 1 1,4291.015624999997,642,95.61474558785699,0.3859178999816632,2.9984900927752083,1.0593185536560463,0.046122140951137425
tersoff_1989,1826,214,divacancy,PW91,dft,-34883.443523,-941.5025101196273,1 1 1,4291.015624999997,642,130.8587182003414,0.45147511462788026,5.175105258455738,1.021828022838149,0.05590684557312464
tersoff_1989,1827,214,divacancy,PW91,dft,-34884.887333,-943.1399986827823,1 1 1,4291.015624999997,642,202.68105182111367,0.5618741611162446,5.672119147947859,1.017384005146551,0.055001805558365646
tersoff_1989,1828,214,divacancy,PW91,dft,-34885.448944,-944.6388603759875,1 1 1,4291.015624999997,642,78.46116017558853,0.34959068227473605,2.512464608068355,1.0061120344969825,0.05062212942193156
tersoff_1989,1829,214,divacancy,PW91,dft,-34884.31011,-943.2322379784,1 1 1,4291.015624999997,642,94.24544829067514,0.38314457283464215,3.4958783251397945,1.0752863927122767,0.05187347707418688
tersoff_1989,1830,214,divacancy,PW91,dft,-34883.733618,-944.0493150314054,1 1 1,4291.015624999997,642,250.73767652254878,0.6249457004730856,7.476969552664191,1.051072860544431,0.04536147215358444
tersoff_1989,1831,214,divacancy,PW91,dft,-34883.292603,-941.0935868667493,1 1 1,4291.015624999997,642,215.1908100624684,0.5789543830626004,6.275839820625868,1.046872021188304,0.05711246825013383
tersoff_1989,1832,214,divacancy,PW91,dft,-34882.806412,-940.8203982814686,1 1 1,4291.015624999997,642,194.6121193912803,0.5505761912342552,6.340080244161151,1.0446794606110459,0.0561171298635843
tersoff_1989,1833,214,divacancy,PW91,dft,-34886.475762,-945.1441178375543,1 1 1,4291.015624999997,642,158.07388939533908,0.49620662180105957,5.121318456464587,0.9672739540230101,0.05305932819962589
tersoff_1989,1834,214,divacancy,PW91,dft,-34883.698106,-942.5248928131152,1 1 1,4291.015624999997,642,284.3590099763011,0.6655274651106957,6.071710932123602,1.0277766490034497,0.05231899653815475
tersoff_1989,1835,214,divacancy,PW91,dft,-34883.898646,-942.5604927691293,1 1 1,4291.015624999997,642,241.6047408810378,0.6134585333083598,5.995317073470325,1.052336909465261,0.053089744407242456
tersoff_1989,1836,214,divacancy,PW91,dft,-34883.368806,-941.8177844706145,1 1 1,4291.015624999997,642,277.9700515984281,0.6580084788610275,7.932147518622906,1.0678698632238013,0.054084456082517995
tersoff_1989,1837,214,divacancy,PW91,dft,-34882.184593,-939.6428761409566,1 1 1,4291.015624999997,642,310.86461175345744,0.6958540011333095,7.241653118442925,1.0381208121018493,0.05871387351081214
tersoff_1989,1838,214,divacancy,PW91,dft,-34884.192191,-943.653732253684,1 1 1,4291.015624999997,642,202.6252056310551,0.5617967471382345,5.103082285061975,1.018631269111183,0.04935285429247749
tersoff_1989,1839,214,divacancy,PW91,dft,-34884.136843,-942.535455196585,1 1 1,4291.015624999997,642,220.37290705545146,0.5858839303455521,5.530007431329987,0.9759138384207817,0.054319812503238474
tersoff_1989,1840,214,divacancy,PW91,dft,-34884.398285,-942.8873647675802,1 1 1,4291.015624999997,642,121.7206137019092,0.43542619523669096,3.8770533768150264,1.0199812188195936,0.053897066844393215
tersoff_1989,1841,214,divacancy,PW91,dft,-34884.248019,-942.8644153874585,1 1 1,4291.015624999997,642,153.25620153251032,0.4885865581624143,6.019543846159971,1.018712035599326,0.053302129368287154
tersoff_1989,1842,214,divacancy,PW91,dft,-34883.17992,-940.948633796188,1 1 1,4291.015624999997,642,162.46907726254346,0.5030577487125979,5.1520656070735225,1.011940924386541,0.057263262972388596
tersoff_1989,1843,214,divacancy,PW91,dft,-34884.489884,-943.2053228729391,1 1 1,4291.015624999997,642,69.2726346455897,0.3284833330186054,2.0027321310143886,1.0481832503518762,0.05283931401559361
tersoff_1989,1844,214,divacancy,PW91,dft,-34883.451418,-940.2876490820275,1 1 1,4291.015624999997,642,213.86574121850464,0.5771691324953708,5.784523117983721,1.0533672240171728,0.061620658832926445
tersoff_1989,1845,214,divacancy,PW91,dft,-34884.013569,-942.7603316431299,1 1 1,4291.015624999997,642,97.29694506133325,0.3892979243809429,3.6990706513871396,0.9780073187434396,0.05269294125769264
tersoff_1989,1846,214,divacancy,PW91,dft,-34883.730007,-941.7706799092296,1 1 1,4291.015624999997,642,76.88756784846508,0.3460672864374173,2.078696938021447,1.0362798559774637,0.055992425995520456
tersoff_1989,1847,214,divacancy,PW91,dft,-34882.255947,-939.4478887289964,1 1 1,4291.015624999997,642,140.69016516839042,0.46812771703064276,5.446590675925512,1.0463337279088625,0.05995845954802892
tersoff_1989,1848,214,divacancy,PW91,dft,-34886.090112,-945.1122925248451,1 1 1,4291.015624999997,642,142.5471498943283,0.471207023531519,5.126324334346567,0.9454871773521749,0.05140594181041802
tersoff_1989,1849,214,divacancy,PW91,dft,-34910.855197,-980.8899171951385,1 1 1,4410.944000000001,642,11.827929024213907,0.13573343529977097,1.2030538132079271,0.22507781816878344,-5.452393861915539e-05
tersoff_1989,1850,214,divacancy,PW91,dft,-34882.992306,-941.7264862115502,1 1 1,4410.944000000001,642,172.66092732021997,0.5185964272850961,5.908814160952431,1.000607614259465,0.052751737666925536
tersoff_1989,1851,214,divacancy,PW91,dft,-34884.936056,-944.6516180302103,1 1 1,4410.944000000001,642,215.4037929949531,0.5792408193345977,5.913459785831376,1.0070985401980301,0.04816584131806323
tersoff_1989,1852,214,divacancy,PW91,dft,-34878.452366,-936.7634838897158,1 1 1,4410.944000000001,642,164.35657240416563,0.5059714637456035,5.97788945283834,1.0572044286379148,0.054728664404464666
tersoff_1989,1853,214,divacancy,PW91,dft,-34884.138315,-943.0192661772593,1 1 1,4410.944000000001,642,176.39417691255275,0.5241729532420748,5.969376407415874,0.9679492196218306,0.05206589203277456
tersoff_1989,1854,214,divacancy,PW91,dft,-34881.080582,-938.8329748316517,1 1 1,4410.944000000001,642,126.59619374227552,0.4440611815188233,5.526813688402093,0.9535700106412703,0.05733952916179774
tersoff_1989,1855,214,divacancy,PW91,dft,-34884.296222,-941.6379803181533,1 1 1,4410.944000000001,642,173.95778828052357,0.5205403798374474,5.7760158110089135,1.0214157153793884,0.059258382028605006
tersoff_1989,1856,214,divacancy,PW91,dft,-34882.712262,-940.5584215684952,1 1 1,4410.944000000001,642,223.83432590481613,0.5904672708817819,8.299136061980608,1.0703716434117347,0.056901366840111045
tersoff_1989,1857,214,divacancy,PW91,dft,-34883.779711,-942.7981295627068,1 1 1,4410.944000000001,642,112.66488777254668,0.4189158380826513,4.388562108452287,0.9905302739946922,0.05142352107275805
tersoff_1989,1858,214,divacancy,PW91,dft,-34884.842289,-945.7679877944435,1 1 1,4410.944000000001,642,144.73178485885273,0.4748040829917402,5.7539918143997415,1.018325340897734,0.04251099662539293
tersoff_1989,1859,214,divacancy,PW91,dft,-34885.882862,-947.2186464249526,1 1 1,4410.944000000001,642,81.17630856262838,0.35558803161579144,4.122511586522675,0.9917237013935702,0.04059470863233017
tersoff_1989,1860,214,divacancy,PW91,dft,-34885.894376,-943.1199813032221,1 1 1,4410.944000000001,642,248.86521667269682,0.6226078415923625,8.887805806962518,0.9690075947493556,0.05980115312640599
tersoff_1989,1861,214,divacancy,PW91,dft,-34882.052161,-938.9175323424416,1 1 1,4410.944000000001,642,289.72370441615277,0.6717760256853442,7.45727958588227,1.014213133174013,0.061484489391738784
tersoff_1989,1862,214,divacancy,PW91,dft,-34882.996279,-941.199341877622,1 1 1,4410.944000000001,642,175.56283845280313,0.5229362917137059,7.748264216277642,1.047225908653124,0.0552335943675244
tersoff_1989,1863,214,divacancy,PW91,dft,-34883.577272,-942.7946607579748,1 1 1,4410.944000000001,642,89.67776110642215,0.37374454664526546,2.606017370095448,1.0193381139947468,0.05049375380515819
tersoff_1989,1864,214,divacancy,PW91,dft,-34885.238654,-944.7147348727194,1 1 1,4410.944000000001,642,175.88939130751328,0.5234224054219347,7.721845529826273,0.9409946046348349,0.0492849121474741
tersoff_1989,1865,214,divacancy,PW91,dft,-34883.761494,-942.500926086059,1 1 1,4410.944000000001,642,90.95922247295458,0.37640540895334823,3.6355829369815122,0.9799450314228245,0.052727196197260184
tersoff_1989,1866,214,divacancy,PW91,dft,-34885.389641,-944.8186381315063,1 1 1,4410.944000000001,642,113.47307104843273,0.4204156655634294,4.024071095029513,0.9875749850440397,0.04950492962977204
tersoff_1989,1867,214,divacancy,PW91,dft,-34885.264637,-942.3781438403603,1 1 1,4410.944000000001,642,217.91653299364512,0.5826095193309354,5.85915934463035,0.9661507642734806,0.060324977719227846
tersoff_1989,1868,214,divacancy,PW91,dft,-34881.751888,-941.1860666450308,1 1 1,4410.944000000001,642,205.17881846022726,0.5653257248451494,5.439988925185934,1.0645365152596615,0.049480716949739545
tersoff_1989,1869,214,divacancy,PW91,dft,-34883.477407,-942.0844666171906,1 1 1,4410.944000000001,642,201.5809216244064,0.5603471910278884,6.022411168795726,0.986434478380521,0.05334575913589301
tersoff_1989,1870,214,divacancy,PW91,dft,-34882.901284,-941.3582871170852,1 1 1,4410.944000000001,642,173.21388262287695,0.5194261790546827,6.040845812689815,0.977658416097861,0.054046957734531276
tersoff_1989,1871,214,divacancy,PW91,dft,-34884.368766,-943.3448706994001,1 1 1,4410.944000000001,642,198.13729225289381,0.555540336802357,5.8555440869020945,0.9350545510949425,0.05162124940595003
tersoff_1989,1872,214,divacancy,PW91,dft,-34882.452453,-940.7942985132058,1 1 1,4410.944000000001,642,72.93413362929633,0.3370527696311631,2.0627703462888918,0.9826625546200163,0.054585077378824565
tersoff_1989,1873,214,divacancy,PW91,dft,-34883.991864,-941.6701359351498,1 1 1,4410.944000000001,642,98.89199352302737,0.39247595224271725,3.1303774006507195,1.027039727579151,0.057685888491266546
tersoff_1989,1874,214,divacancy,PW91,dft,-34881.846804,-938.4226582083932,1 1 1,4410.944000000001,642,334.7382199236218,0.7220797022865547,8.889281517586536,1.0107117679207813,0.06283737319570726
tersoff_1989,1875,63,vacancy,PW91,dft,-10276.460533,-287.412313568019,1 1 1,1302.1048650963166,189,5.568895380021496,0.17165388117007044,1.1369784155894942,0.08231087126925346,0.005026794169786797
tersoff_1989,1876,63,vacancy,UNSPECIFIED,dft,-10275.877021,-285.11123862257074,1 1 1,1301.6091132053368,189,11.616747033003971,0.2479198862856589,1.669880070723947,0.289199744201361,
tersoff_1989,1877,63,vacancy,UNSPECIFIED,dft,-10275.644237,-285.2184114065484,1 1 1,1298.1360777324062,189,10.318989432152382,0.2336617805361971,1.6886231685763344,0.37818659736937515,
tersoff_1989,1878,63,vacancy,UNSPECIFIED,dft,-10275.581456,-285.0944628810638,1 1 1,1292.2558747194107,189,10.76711305193588,0.23868148676980555,1.6145378614570858,0.38103245354853554,
tersoff_1989,1879,63,vacancy,UNSPECIFIED,dft,-10275.610573,-284.91265001686094,1 1 1,1285.257538949762,189,12.717939485300413,0.25940448166407915,1.8094123053766082,0.3573807606028186,
tersoff_1989,1880,63,vacancy,UNSPECIFIED,dft,-10275.456892,-284.8779234095897,1 1 1,1278.5310020569605,189,11.86415245067846,0.250545990568265,1.6275123135851504,0.407172097117833,
tersoff_1989,1881,63,vacancy,UNSPECIFIED,dft,-10275.270109,-284.06881813178217,1 1 1,1273.5267272945823,189,8.609396368118867,0.21342999258791784,1.4562878502654226,0.4215471216180087,
tersoff_1989,1882,63,vacancy,UNSPECIFIED,dft,-10275.286556,-284.3726586982032,1 1 1,1270.5244669793194,189,13.251949401047131,0.26479451353280486,1.9113701968538035,0.41666684132657994,
tersoff_1989,1883,63,vacancy,UNSPECIFIED,dft,-10275.195801,-283.97205295594074,1 1 1,1270.4784181812784,189,14.684540717344266,0.2787399910874849,2.011791036873897,0.44651628560423234,
tersoff_1989,1884,63,vacancy,UNSPECIFIED,dft,-10275.130573,-284.41332620496274,1 1 1,1273.258307584969,189,13.151132791953547,0.26378535437916073,1.7867811276142351,0.46436019079080526,
tersoff_1989,1885,63,vacancy,UNSPECIFIED,dft,-10275.04277,-283.44167996991337,1 1 1,1278.9018241605718,189,16.305809798371428,0.2937245749291488,1.9648085313761678,0.46603478679717875,
tersoff_1989,1886,63,vacancy,UNSPECIFIED,dft,-10274.810534,-283.7370466444805,1 1 1,1285.4710298468456,189,13.89444103464226,0.27113753157734033,2.1980041393263146,0.4763908772398063,
tersoff_1989,1887,63,vacancy,UNSPECIFIED,dft,-10274.588003,-282.96593089550265,1 1 1,1292.0215168253487,189,15.999763177816098,0.29095503368846637,2.0207521587841795,0.47111209665785597,
tersoff_1989,1888,63,vacancy,UNSPECIFIED,dft,-10274.536891,-283.60474317070447,1 1 1,1296.6248464061314,189,14.040280694484398,0.2725567820504865,1.666718435250759,0.5248707621037193,
tersoff_1989,1889,63,vacancy,UNSPECIFIED,dft,-10274.432878,-282.98197076893445,1 1 1,1299.179128929401,189,15.605711747516413,0.28734979280662926,1.8882817795501816,0.5436848999663615,
tersoff_1989,1890,63,vacancy,UNSPECIFIED,dft,-10274.680608,-283.77655270315654,1 1 1,1298.9383312963637,189,12.933790936538294,0.26159655249635916,1.8105382603315063,0.5011915768937413,
tersoff_1989,1891,63,vacancy,UNSPECIFIED,dft,-10274.097732,-283.0729557724425,1 1 1,1296.1180381451825,189,13.385132506044059,0.26612178961950117,1.6434867952743835,0.5998807541533022,
tersoff_1989,1892,63,vacancy,UNSPECIFIED,dft,-10274.108052,-283.25074519644306,1 1 1,1291.6664124355223,189,13.079999026644325,0.2630709867247226,1.4584159365213583,0.5931732592563612,
tersoff_1989,1893,63,vacancy,UNSPECIFIED,dft,-10274.136447,-282.767081447023,1 1 1,1286.8089809817789,189,16.734315772503347,0.2975589912835243,1.9731386477544306,0.6029850462317826,
tersoff_1989,1894,63,vacancy,UNSPECIFIED,dft,-10273.648178,-282.13474397314667,1 1 1,1281.950971531624,189,69.60627821086888,0.6068666956596758,5.646758084142055,0.6201753358326332,
tersoff_1989,1895,63,vacancy,UNSPECIFIED,dft,-10273.811334,-282.4513169990385,1 1 1,1277.536931378102,189,137.75338098745593,0.8537293878381468,8.85521134589189,0.6104997253881869,
tersoff_1989,1896,63,vacancy,UNSPECIFIED,dft,-10273.862521,-283.5016817705448,1 1 1,1274.194214044328,189,199.0731007702819,1.0263025038809908,10.767351635127085,0.5930445030078456,
tersoff_1989,1897,63,vacancy,UNSPECIFIED,dft,-10274.001757,-283.02461774327963,1 1 1,1272.2469601167531,189,99.48272394118472,0.7255092134056101,7.602471270115629,0.5687143360700578,
tersoff_1989,1898,63,vacancy,UNSPECIFIED,dft,-10273.135262,-283.5903099936818,1 1 1,1272.1066654479064,189,30.470025302009297,0.4015184492523305,3.4613640340279326,0.6825685442459878,
tersoff_1989,1899,63,vacancy,UNSPECIFIED,dft,-10272.951671,-281.0794010223316,1 1 1,1273.689816564293,189,104.31561697083674,0.7429229309472003,7.409246471955202,0.7152863280094117,
tersoff_1989,1900,63,vacancy,UNSPECIFIED,dft,-10273.207148,-281.5010664541652,1 1 1,1277.1446996473755,189,34.151916504473725,0.4250858394761479,3.57279527025578,0.6978170414562469,
tersoff_1989,1901,63,vacancy,UNSPECIFIED,dft,-10272.866411,-281.02878935406034,1 1 1,1282.3862130492312,189,14.426162959480997,0.27627686212840646,1.7375448386669143,0.7447314222081489,
tersoff_1989,1902,63,vacancy,UNSPECIFIED,dft,-10272.758795,-280.8358560775811,1 1 1,1288.2897815188905,189,123.88948265979667,0.8096294882555183,5.687813509005368,0.661513706335772,
tersoff_1989,1903,63,vacancy,UNSPECIFIED,dft,-10272.691108,-281.7488591189176,1 1 1,1293.1718968776931,189,42.0235536876947,0.47153668458396486,4.204445314513005,0.6934048963093681,
tersoff_1989,1904,63,vacancy,UNSPECIFIED,dft,-10272.387998,-280.25591037783056,1 1 1,1296.3162618446033,189,58.71871892123622,0.5573877039308576,5.584260779899937,0.7115182681116294,
tersoff_1989,1905,63,vacancy,UNSPECIFIED,dft,-10273.000755,-281.32927009522,1 1 1,1296.7501114962429,189,16.501927569052214,0.2954856782986975,1.708895369789831,0.6960587510931144,
tersoff_1989,1906,63,vacancy,UNSPECIFIED,dft,-10273.031134,-281.2093847383811,1 1 1,1295.177834519442,189,17.71709031418858,0.3061718775354627,2.0870928062750482,0.6732391963921877,
tersoff_1989,1907,63,vacancy,UNSPECIFIED,dft,-10272.398526,-282.02287925350777,1 1 1,1292.2365637276896,189,13.120332129159458,0.26347627353355635,2.0587202894807843,0.7562683135569953,
tersoff_1989,1908,63,vacancy,UNSPECIFIED,dft,-10271.52338,-279.2146490888512,1 1 1,1287.560347640438,189,22.40769470667631,0.3443243111548408,2.4533768145369876,0.8472361436144367,
tersoff_1989,1909,63,vacancy,UNSPECIFIED,dft,-10271.661394,-279.95026662031023,1 1 1,1282.9639234307444,189,16.79726451780159,0.2981181232969637,2.1881475682354803,0.7861789610965537,
tersoff_1989,1910,63,vacancy,UNSPECIFIED,dft,-10271.143447,-280.20551478683154,1 1 1,1279.5164998888667,189,58.32561788673024,0.5555188141186962,4.868667741492023,0.8309502638353153,
tersoff_1989,1911,63,vacancy,UNSPECIFIED,dft,-10272.560935,-282.06636568177913,1 1 1,1277.1291378458322,189,13.542443357201009,0.26768104052414693,1.5354135561255282,0.6889796763036423,
tersoff_1989,1912,63,vacancy,UNSPECIFIED,dft,-10270.544456,-278.4479623315887,1 1 1,1276.1034710209758,189,77.00868188970176,0.6383207213711265,5.596422125817425,0.8494205146547695,
tersoff_1989,1913,63,vacancy,UNSPECIFIED,dft,-10270.317527,-277.1993376626024,1 1 1,1276.8154412051238,189,25.94259269570501,0.37048939959919286,2.0033000097069324,0.906255238976137,
tersoff_1989,1914,63,vacancy,UNSPECIFIED,dft,-10270.400405,-279.35146248903465,1 1 1,1279.4536545155108,189,50.099477512712525,0.5148559027498496,3.7619227013476455,0.9181911802034758,
tersoff_1989,1915,63,vacancy,UNSPECIFIED,dft,-10271.189704,-279.6104648054684,1 1 1,1283.7841677273243,189,37.29134978351583,0.4441944720652332,3.8622392212805616,0.8061647792623996,
tersoff_1989,1916,63,vacancy,UNSPECIFIED,dft,-10271.587476,-280.1655888042035,1 1 1,1288.7100623968126,189,129.89713408051418,0.8290273962339388,7.389690721067056,0.821664491817496,
tersoff_1989,1917,63,vacancy,UNSPECIFIED,dft,-10272.698135,-282.48708373484857,1 1 1,1293.4097362280024,189,77.65176912947399,0.6409804375485793,5.055008633315805,0.7376131013682579,
tersoff_1989,1918,63,vacancy,UNSPECIFIED,dft,-10271.463228,-278.9695742972344,1 1 1,1296.153885128756,189,108.17218417146137,0.7565312939930515,7.431204841193518,0.8032848446085292,
tersoff_1989,1919,63,vacancy,UNSPECIFIED,dft,-10271.164114,-279.4469109392938,1 1 1,1296.2493922761953,189,69.39236852249527,0.6059334856301568,5.580717701634102,0.8960573428816982,
tersoff_1989,1920,63,vacancy,UNSPECIFIED,dft,-10270.798372,-278.6974285775797,1 1 1,1294.2603885732276,189,28.393135121253476,0.3875928639110636,2.8503446975903612,0.8180829474662524,
tersoff_1989,1921,63,vacancy,UNSPECIFIED,dft,-10271.199779,-278.9558311193682,1 1 1,1290.7433775529157,189,41.40066092488166,0.4680289691938576,3.815009823985664,0.8511843733211042,
tersoff_1989,1922,63,vacancy,UNSPECIFIED,dft,-10270.292408,-277.32326620542295,1 1 1,1287.4277454777525,189,62.93569562741341,0.5770555420041843,5.610953277554401,0.9300485506375346,
tersoff_1989,1923,63,vacancy,UNSPECIFIED,dft,-10270.022954,-277.70562832299396,1 1 1,1284.6509229603835,189,59.676015914889625,0.5619129077995957,4.975094935350998,0.9613132768789779,
tersoff_1989,1924,63,vacancy,UNSPECIFIED,dft,-10271.358241,-279.8574930932485,1 1 1,1282.872946313686,189,74.64888699806835,0.6284645225264794,5.591377277209386,0.7745103261208736,
tersoff_1989,1925,63,vacancy,UNSPECIFIED,dft,-10271.546664,-279.74353936193285,1 1 1,1280.9449005967126,189,43.30963777089268,0.4786977361522778,4.160095329596508,0.789288997579105,
tersoff_1989,1926,63,vacancy,UNSPECIFIED,dft,-10270.177696,-276.9365625070157,1 1 1,1279.948827316855,189,22.18832260699784,0.34263469221921744,2.2048057256223386,0.8897173562683857,
tersoff_1989,1927,63,vacancy,UNSPECIFIED,dft,-10268.184742,-274.7098675240211,1 1 1,1280.3493345818501,189,106.19769068270183,0.7495949194696551,7.229292209614849,0.9433938850151746,
tersoff_1989,1928,63,vacancy,UNSPECIFIED,dft,-10269.074643,-275.8248026782866,1 1 1,1281.9417111471046,189,86.77524442079788,0.6775900511066547,6.231585422441596,0.9815049531308858,
tersoff_1989,1929,63,vacancy,UNSPECIFIED,dft,-10268.620206,-276.03714341730483,1 1 1,1284.656336113429,189,79.04911926329213,0.6467219713844481,4.84267384127245,0.9373455717450365,
tersoff_1989,1930,63,vacancy,UNSPECIFIED,dft,-10269.104984,-275.0986254623811,1 1 1,1287.9555213992855,189,20.221970130948527,0.32710021546522955,1.9336893181690642,0.8578307164547375,
tersoff_1989,1931,63,vacancy,UNSPECIFIED,dft,-10269.420077,-276.1329266529024,1 1 1,1291.1446342614036,189,79.47030137776903,0.6484425842490305,4.862505362747659,0.9153103668739875,
tersoff_1989,1932,63,vacancy,UNSPECIFIED,dft,-10269.440312,-275.711877348673,1 1 1,1294.001858293714,189,33.175947659713465,0.41896791595736604,2.7275389594568624,0.8185609920513722,
tersoff_1989,1933,63,vacancy,UNSPECIFIED,dft,-10269.509234,-275.98147171355856,1 1 1,1295.4752748513376,189,81.54758150548487,0.6568627598016238,6.151989879661985,0.8923168429241752,
tersoff_1989,1934,63,vacancy,UNSPECIFIED,dft,-10268.958177,-276.0507279804842,1 1 1,1295.7396890392624,189,121.93063146166423,0.8032033467306281,5.526007533725437,0.858331346887439,
tersoff_1989,1935,63,vacancy,UNSPECIFIED,dft,-10268.301977,-276.70113735191484,1 1 1,1294.4043887769428,189,70.3919750509739,0.6102821580539737,5.236337697102853,0.9479746558963329,
tersoff_1989,1936,63,vacancy,UNSPECIFIED,dft,-10267.779341,-274.4176266212637,1 1 1,1292.333335169606,189,65.05140040530358,0.5866747853212757,4.739733998211535,0.9859038698298397,
tersoff_1989,1937,63,vacancy,UNSPECIFIED,dft,-10268.067755,-275.12151769103036,1 1 1,1290.371881814771,189,100.21148759130298,0.7281617341395352,6.493402111613296,0.9694241397454615,
tersoff_1989,1938,63,vacancy,UNSPECIFIED,dft,-10267.582208,-273.607584717887,1 1 1,1287.9733846582424,189,66.52651977172611,0.5932892786022439,4.879610675673462,0.9568384420821449,
tersoff_1989,1939,63,vacancy,UNSPECIFIED,dft,-10267.370565,-274.72528894778407,1 1 1,1286.4105084628384,189,115.81408756296466,0.7827981541039786,7.186405865258145,0.9691718798756764,
tersoff_1989,1940,63,vacancy,UNSPECIFIED,dft,-10267.607988,-273.56918831209555,1 1 1,1285.5704860014027,189,75.49352301231417,0.6320099917681555,5.0167644816747865,1.09393733192695,
tersoff_1989,1941,63,vacancy,UNSPECIFIED,dft,-10268.600096,-275.47903415646977,1 1 1,1285.8296799331163,189,39.05235147623602,0.45456154510359,3.043567659086606,1.0088834852766912,
tersoff_1989,1942,63,vacancy,UNSPECIFIED,dft,-10268.671904,-276.6690469038004,1 1 1,1287.7341283152266,189,149.13613765084176,0.8883018030999921,7.790489797436962,0.9863867511834555,
tersoff_1989,1943,63,vacancy,UNSPECIFIED,dft,-10267.724604,-274.24093096198965,1 1 1,1290.4994447112633,189,72.49856838622695,0.6193466791077803,5.647949828733381,0.9625687642957925,
tersoff_1989,1944,63,vacancy,UNSPECIFIED,dft,-10267.302171,-273.6956568721539,1 1 1,1294.064254088655,189,89.53776119190024,0.6882911943437257,4.057891728151358,1.0511165185841833,
tersoff_1989,1945,63,vacancy,UNSPECIFIED,dft,-10267.740641,-274.94618505647946,1 1 1,1298.607741188014,189,131.7558030141185,0.8349375131519435,7.330979610543591,1.0322437753941243,
tersoff_1989,1946,63,vacancy,UNSPECIFIED,dft,-10268.964454,-276.8567940051756,1 1 1,1302.5070445072863,189,65.32507067746857,0.5879075561597935,4.995817937048495,0.923880286920871,
tersoff_1989,1947,63,vacancy,UNSPECIFIED,dft,-10267.824218,-274.7537257355488,1 1 1,1304.707305784263,189,98.8833405092277,0.7233203148167495,5.037078902866716,0.9868980861565356,
tersoff_1989,1948,63,vacancy,UNSPECIFIED,dft,-10268.439965,-275.30951303510835,1 1 1,1304.281286971165,189,27.400995437281512,0.38076083285635925,1.9589205825481173,0.9486535873937199,
tersoff_1989,1949,63,vacancy,UNSPECIFIED,dft,-10268.106079,-273.19776398080086,1 1 1,1301.0122214224107,189,162.4749546818507,0.9271762749755393,7.5904362173036795,1.0161774774940897,
tersoff_1989,1950,63,vacancy,UNSPECIFIED,dft,-10267.506714,-273.71855875787685,1 1 1,1296.4638598294373,189,174.38968814518483,0.9605710607096882,5.935139349355378,1.0588127773965759,
tersoff_1989,1951,63,vacancy,UNSPECIFIED,dft,-10267.391742,-275.3605304061198,1 1 1,1291.8289290523035,189,51.60673211165489,0.5225432926124483,3.8408654615220095,1.0836602873933623,
tersoff_1989,1952,63,vacancy,UNSPECIFIED,dft,-10267.80601,-274.44515710962315,1 1 1,1287.6143326162098,189,125.66169904142671,0.815399726824153,5.00159397114915,0.9627429675418275,
tersoff_1989,1953,63,vacancy,UNSPECIFIED,dft,-10266.892885,-273.57402220042525,1 1 1,1284.432404503389,189,123.28193344198988,0.8076418526345267,5.740115027778658,1.0238898509504137,
tersoff_1989,1954,63,vacancy,UNSPECIFIED,dft,-10266.368396,-273.58516657755735,1 1 1,1283.18819507103,189,150.59516030330195,0.8926364265279345,6.8980686608657376,1.162142779857793,
tersoff_1989,1955,63,vacancy,UNSPECIFIED,dft,-10268.633199,-276.46549166955725,1 1 1,1283.855146395105,189,108.83201098539404,0.7588351243547348,7.102715301651172,0.9446542342896445,
tersoff_1989,1956,63,vacancy,UNSPECIFIED,dft,-10265.941009,-271.9873721289502,1 1 1,1285.3892322147863,189,42.2207702897519,0.47264185065797576,3.304130751159344,1.0598099056383419,
tersoff_1989,1957,63,vacancy,UNSPECIFIED,dft,-10267.604185,-274.6777257611264,1 1 1,1288.3872432038777,189,59.306712978413955,0.5601715203050941,4.448648803134885,1.101451536405278,
tersoff_1989,1958,63,vacancy,UNSPECIFIED,dft,-10267.427056,-274.53588720108746,1 1 1,1291.8684181248898,189,191.1522480543348,1.0056776600099264,7.899557513555385,1.1082939289484957,
tersoff_1989,1959,63,vacancy,UNSPECIFIED,dft,-10266.312343,-272.669377927789,1 1 1,1295.1881061877184,189,144.24296265259886,0.8736076227833518,5.9810951820219795,1.0731179528844843,
tersoff_1989,1960,63,vacancy,UNSPECIFIED,dft,-10265.346345,-271.3930245082909,1 1 1,1297.6783313390035,189,53.62060170389079,0.5326414247147638,4.02240002498238,1.1556443529542844,
tersoff_1989,1961,63,vacancy,UNSPECIFIED,dft,-10266.900038,-272.96791601711533,1 1 1,1298.44774636511,189,123.86033768015074,0.809534250054548,5.613842426532428,1.063114252004719,
tersoff_1989,1962,63,vacancy,UNSPECIFIED,dft,-10265.369075,-270.6010677134106,1 1 1,1298.7170326756984,189,123.1915721073689,0.807345811797738,7.417468074608005,1.0714764839317024,
tersoff_1989,1963,63,vacancy,UNSPECIFIED,dft,-10265.394288,-271.33417350388896,1 1 1,1298.0434962613315,189,156.62461824966562,0.9103305354983237,6.866381941573081,1.0723913748230467,
tersoff_1989,1964,63,vacancy,UNSPECIFIED,dft,-10265.758042,-270.81783748381963,1 1 1,1296.3305770401564,189,156.08759985542048,0.9087685715820868,5.792310052484648,1.090646438704211,
tersoff_1989,1965,63,vacancy,UNSPECIFIED,dft,-10264.674442,-269.04183767492424,1 1 1,1293.8788911610025,189,77.57263380236151,0.6406537410220209,4.667350239671824,1.1496164079050242,
tersoff_1989,1966,63,vacancy,UNSPECIFIED,dft,-10263.585421,-268.45786731272483,1 1 1,1291.5081031139143,189,46.190542896556764,0.4943626268844447,2.84364462705844,1.098859841659105,
tersoff_1989,1967,63,vacancy,UNSPECIFIED,dft,-10263.754681,-269.55624938448625,1 1 1,1290.0336663414487,189,162.25758047918754,0.9265558357816857,6.473249970829574,1.1889381279522233,
tersoff_1989,1968,63,vacancy,UNSPECIFIED,dft,-10264.260431,-269.03272703136304,1 1 1,1288.925595401916,189,69.07954868174795,0.6045661730326847,4.13780567547189,1.1944044779175385,
tersoff_1989,1969,63,vacancy,UNSPECIFIED,dft,-10264.182733,-269.9248941047303,1 1 1,1289.4859136771113,189,50.172366259157556,0.5152302934993807,3.6284073302626036,1.0414761934712666,
tersoff_1989,1970,63,vacancy,UNSPECIFIED,dft,-10264.655101,-268.1924708537935,1 1 1,1289.3719596551712,189,109.75463839912685,0.7620448625128002,5.879838443171888,1.1019299186370137,
tersoff_1989,1971,63,vacancy,UNSPECIFIED,dft,-10263.284825,-267.7136027502413,1 1 1,1290.7528211225924,189,164.7375023839758,0.9336096597297034,5.95800979765842,1.1778241860506427,
tersoff_1989,1972,63,vacancy,UNSPECIFIED,dft,-10262.467728,-265.85846540877276,1 1 1,1293.183684204394,189,223.2292109353951,1.0867874383549487,6.74592604730351,1.1914853996159094,
tersoff_1989,1973,63,vacancy,UNSPECIFIED,dft,-10263.991077,-269.83172175585986,1 1 1,1296.8162131041638,189,88.44315431721554,0.684071047074487,4.849045192992695,1.278082742954048,
tersoff_1989,1974,63,vacancy,UNSPECIFIED,dft,-10260.718474,-264.20187040863107,1 1 1,1303.559324563623,189,250.3603823397204,1.1509379251799674,5.608712818017802,1.235149211998958,
tersoff_1989,1975,215,vacancy,UNSPECIFIED,dft,-35071.086175,-979.1929097975357,1 1 1,4472.861876650349,645,29.855276917868864,0.2151447211424338,2.1651917480301224,0.31216819485571756,
tersoff_1989,1976,215,vacancy,UNSPECIFIED,dft,-35067.361532,-974.4197863944535,1 1 1,4385.613078317089,645,36.06406696833615,0.23645989537647052,2.170017442376797,0.6514298662411893,
tersoff_1989,1977,215,vacancy,UNSPECIFIED,dft,-35068.911686,-978.4373045074574,1 1 1,4173.483694784638,645,84.28506466669319,0.3614893067064228,5.5503742209901,0.40103233088210616,
tersoff_1989,1978,215,vacancy,UNSPECIFIED,dft,-35057.033856,-962.6393202420538,1 1 1,4571.548191973963,645,106.19508457433858,0.40576291350457194,6.1011913256250585,0.6498212152648369,
tersoff_1989,1979,215,vacancy,UNSPECIFIED,dft,-35069.464302,-976.1941201980159,1 1 1,4429.949099182137,645,87.04263042048385,0.36735516139752455,5.749728651053467,0.4782314195833582,
tersoff_1989,1980,215,vacancy,UNSPECIFIED,dft,-35063.691477,-970.152804288501,1 1 1,4346.992829165837,645,104.08138790153446,0.4017044845039648,5.804945503341562,0.7360908610827629,
tersoff_1989,1981,215,vacancy,UNSPECIFIED,dft,-35069.918448,-978.0244713022861,1 1 1,4309.1516235386325,645,71.8348321705067,0.3337241867508122,4.966127977747161,0.5872745286167811,
tersoff_1989,1982,215,vacancy,UNSPECIFIED,dft,-35067.779713,-975.1791249603351,1 1 1,4303.233556205657,645,91.7925837055293,0.37724538865887614,5.635925784652834,0.6286462929703793,
tersoff_1989,1983,215,vacancy,UNSPECIFIED,dft,-35065.45352,-972.2878070155796,1 1 1,4391.389475312441,645,74.07214028922454,0.33888128832998893,4.668440011035243,0.6443907053637683,
tersoff_1989,1984,215,vacancy,UNSPECIFIED,dft,-35069.611985,-975.361950619226,1 1 1,4458.696127278203,645,35.16552817083604,0.2334956074843261,2.984470748791611,0.5233489110241465,
tersoff_1989,1985,215,vacancy,UNSPECIFIED,dft,-35053.145948,-959.5420976827652,1 1 1,4196.404282261863,645,88.44879997223694,0.37031057564911196,3.098262207557211,0.9362076616786759,
tersoff_1989,1986,215,vacancy,UNSPECIFIED,dft,-35066.133215,-972.5633982287216,1 1 1,4372.864193737563,645,28.111333703138556,0.20876652774245485,1.4842040922967996,0.6255279637204011,
tersoff_1989,1987,215,vacancy,UNSPECIFIED,dft,-35054.922036,-957.7703674196722,1 1 1,4602.593443160735,645,50.88039483191233,0.2808635488502064,2.138473637545606,0.7398032114063247,
tersoff_1989,1988,215,vacancy,UNSPECIFIED,dft,-35065.723699,-972.0655972662403,1 1 1,4377.337882949941,645,67.42808159191156,0.32332593676166566,4.50965205751693,0.608980202807184,
tersoff_1989,1989,215,vacancy,UNSPECIFIED,dft,-35062.661589,-968.3649200157603,1 1 1,4369.0948743320705,645,30.475429971859825,0.21736772676398483,1.660666502743494,0.7491830309477648,
tersoff_1989,1990,215,vacancy,UNSPECIFIED,dft,-35064.254114,-970.2280683303063,1 1 1,4380.662830105804,645,42.58469312476016,0.25694898333791444,2.443864111147028,0.6592314507553035,
tersoff_1989,1991,215,vacancy,UNSPECIFIED,dft,-35058.117121,-964.3202883364878,1 1 1,4256.29863931207,645,57.133670099799104,0.29762280404575964,2.122080582314721,0.8808012842118077,
tersoff_1989,1992,215,vacancy,UNSPECIFIED,dft,-35063.5428,-968.4167722411783,1 1 1,4499.290234900277,645,38.06547913584397,0.24293259707630574,2.0240944371870593,0.6298589941954799,
tersoff_1989,1993,215,vacancy,UNSPECIFIED,dft,-35065.839886,-971.4153497719905,1 1 1,4419.547202516189,645,37.404154753524836,0.240813076061837,2.0448197106088726,0.7129440427608067,
tersoff_1989,1994,215,vacancy,UNSPECIFIED,dft,-35062.370411,-966.2680735598577,1 1 1,4666.576656888623,645,29.473714161934538,0.21376548100948464,2.1193858282705316,0.5804688359144881,
tersoff_1989,1995,215,vacancy,UNSPECIFIED,dft,-35065.207826,-969.7950835023779,1 1 1,4479.047331022325,645,33.15269981014892,0.2267146545536441,2.1649785951757536,0.6368683478078118,
tersoff_1989,1996,215,vacancy,UNSPECIFIED,dft,-35060.140088,-964.9705423338628,1 1 1,4328.459654323416,645,116.71287434646186,0.4253824077053636,5.447982998232543,0.7674125764985366,
tersoff_1989,1997,215,vacancy,UNSPECIFIED,dft,-35062.772633,-968.6326077849187,1 1 1,4283.702170660895,645,50.5868242000683,0.2800521108763643,3.5625283262368126,0.7041140327964731,
tersoff_1989,1998,215,vacancy,UNSPECIFIED,dft,-35057.595094,-960.24713908166,1 1 1,4685.111085186977,645,101.74998370472733,0.39717995004847295,5.314992554098853,0.6424225998867983,
tersoff_1989,1999,215,vacancy,UNSPECIFIED,dft,-35065.724319,-971.6686033829499,1 1 1,4369.778812743809,645,30.157131954348145,0.21622960791731238,1.9625283345056372,0.666283828258187,
tersoff_1989,2000,215,vacancy,UNSPECIFIED,dft,-35062.125476,-968.824343837107,1 1 1,4373.6394491575975,645,78.77914567284381,0.34948277546324696,4.9956185367342085,0.7151169172393349,
tersoff_1989,2001,215,vacancy,UNSPECIFIED,dft,-35062.864113,-968.5478825728045,1 1 1,4395.850007999358,645,104.04723932371641,0.4016385804913358,5.907788260869719,0.7629418504869773,
tersoff_1989,2002,215,vacancy,UNSPECIFIED,dft,-35056.813896,-959.4296721303773,1 1 1,4647.341749585205,645,181.52101778402383,0.5304978176664576,6.480706299326921,0.6864124166128516,
tersoff_1989,2003,215,vacancy,UNSPECIFIED,dft,-35062.087985,-969.4321368001016,1 1 1,4240.830130404242,645,93.73302482618159,0.38121190840575675,5.57868106310236,0.7935886455763962,
tersoff_1989,2004,215,vacancy,UNSPECIFIED,dft,-35056.029778,-959.6092532882283,1 1 1,4405.271593123785,645,76.6793061087805,0.34479362686959897,3.7584765520972025,0.8033974323486394,
tersoff_1989,2005,215,vacancy,UNSPECIFIED,dft,-35060.820745,-963.9885752152447,1 1 1,4470.665814169806,645,83.3280673933948,0.3594312203472342,5.255896953815582,0.6962786587562273,
tersoff_1989,2006,215,vacancy,UNSPECIFIED,dft,-35055.462882,-960.2864927847384,1 1 1,4307.636359813346,645,89.67685074412736,0.37287246763830406,4.509300380215845,0.8410169030902858,
tersoff_1989,2007,215,vacancy,UNSPECIFIED,dft,-35060.421763,-965.9505135869146,1 1 1,4365.790478687747,645,92.4713691055698,0.3786376417230141,5.227554409494067,0.8083455602900191,
tersoff_1989,2008,215,vacancy,UNSPECIFIED,dft,-35052.496634,-958.1228569600312,1 1 1,4287.277205952785,645,135.06807874014817,0.45761105102011423,6.511468078800457,0.8625196395507075,
tersoff_1989,2009,215,vacancy,UNSPECIFIED,dft,-35064.562483,-970.5308903042021,1 1 1,4462.557496011655,645,51.006025633805706,0.2812100807399626,3.5612400175590766,0.6610235690561438,
tersoff_1989,2010,215,vacancy,UNSPECIFIED,dft,-35059.98711,-966.1267338500098,1 1 1,4245.286256895769,645,108.88583149246992,0.410871321247887,5.927102537525676,0.8265336828702623,
tersoff_1989,2011,215,vacancy,UNSPECIFIED,dft,-35058.85989,-962.7759428682759,1 1 1,4694.148687529787,645,60.80099124606238,0.30702622478718894,4.110561920836388,0.606318282564043,
tersoff_1989,2012,215,vacancy,UNSPECIFIED,dft,-35059.511268,-963.8103100074401,1 1 1,4418.108627725046,645,79.90942415821607,0.3519809371120224,3.9704620780780417,0.7369091184779116,
tersoff_1989,2013,215,vacancy,UNSPECIFIED,dft,-35060.854356,-966.4559934400472,1 1 1,4296.081235775913,645,82.26266608066284,0.3571260522271124,4.535939668934798,0.7441131635893383,
tersoff_1989,2014,215,vacancy,UNSPECIFIED,dft,-35059.851483,-965.2440880684022,1 1 1,4306.511560092926,645,42.10921432104263,0.25551047649463554,2.247950930718637,0.7692281974819354,
tersoff_1989,2015,215,vacancy,UNSPECIFIED,dft,-35063.73569,-968.0955102491118,1 1 1,4377.196973713237,645,129.46392207402562,0.4480170298431713,5.93737440259992,0.6947445667655822,
tersoff_1989,2016,215,vacancy,UNSPECIFIED,dft,-35065.210147,-969.9697693843056,1 1 1,4367.705494301739,645,39.01032702284823,0.2459291100443511,2.176129672665067,0.7035073941871314,
tersoff_1989,2017,215,vacancy,UNSPECIFIED,dft,-35056.783407,-962.7648140044334,1 1 1,4206.156950171486,645,55.75908597893488,0.2940207396021208,1.8418351136957558,0.9122873375343222,
tersoff_1989,2018,215,vacancy,UNSPECIFIED,dft,-35063.939255,-971.0119947163068,1 1 1,4219.283554095883,645,39.58423113601236,0.2477315098772574,1.9099711030639004,0.7615179650486159,
tersoff_1989,2019,215,vacancy,UNSPECIFIED,dft,-35062.507123,-968.1246788849686,1 1 1,4314.075927416142,645,62.79758183922216,0.31202658860871785,3.978277651150934,0.7405428257436155,
tersoff_1989,2020,215,vacancy,UNSPECIFIED,dft,-35062.00089,-967.1888823775585,1 1 1,4325.42019316187,645,74.96324038616706,0.3409135933313432,5.099667756850106,0.7369206949406053,
tersoff_1989,2021,215,vacancy,UNSPECIFIED,dft,-35058.857274,-963.7769398309023,1 1 1,4458.880591850369,645,62.04412132295295,0.3101490547456448,3.8794823876763194,0.7315558087175871,
tersoff_1989,2022,215,vacancy,UNSPECIFIED,dft,-35063.292976,-968.4880835421075,1 1 1,4492.213156423205,645,100.64033798869035,0.39500826797095195,6.569348434130812,0.6663556349679574,
tersoff_1989,2023,215,vacancy,UNSPECIFIED,dft,-35061.044615,-968.4046387063905,1 1 1,4319.4687103724245,645,94.72316062517883,0.3832200586769569,5.362135570723914,0.7390146784088024,
tersoff_1989,2024,215,vacancy,UNSPECIFIED,dft,-35056.514217,-962.5684667825906,1 1 1,4307.792524676868,645,106.8078416276542,0.4069318774820815,5.717032194439604,0.8244530348092777,
tersoff_1989,2025,215,vacancy,UNSPECIFIED,dft,-35056.861284,-964.4457549420202,1 1 1,4246.144641684082,645,143.78138909257962,0.47214074417918744,6.468397000554146,0.8396853757590896,
tersoff_1989,2026,215,vacancy,UNSPECIFIED,dft,-35060.637877,-965.896319443518,1 1 1,4458.205049067806,645,154.31857997737853,0.48913557667381824,4.940146848628196,0.725733452434767,
tersoff_1989,2027,215,vacancy,UNSPECIFIED,dft,-35058.583133,-962.4510896833497,1 1 1,4501.234308893304,645,110.34784216543807,0.41362050945025497,5.1478565715592355,0.7609118615342354,
tersoff_1989,2028,215,vacancy,UNSPECIFIED,dft,-35060.054684,-964.8201263909318,1 1 1,4595.452438784302,645,82.8912421118116,0.3584878710106151,5.502372211150044,0.678873000980587,
tersoff_1989,2029,215,vacancy,UNSPECIFIED,dft,-35056.466115,-961.3857490678347,1 1 1,4410.121134240181,645,89.49861535622061,0.37250173581869245,4.450397196718111,0.8888086306878717,
tersoff_1989,2030,215,vacancy,UNSPECIFIED,dft,-35060.264674,-966.6308072291225,1 1 1,4367.750230240856,645,48.270081993627024,0.2735641358515914,2.259609309614767,0.7948518083470568,
tersoff_1989,2031,215,vacancy,UNSPECIFIED,dft,-35057.852427,-961.113707726826,1 1 1,4540.59202522059,645,44.41573601340807,0.2624149504550724,1.8302626364379557,0.8097325459972287,
tersoff_1989,2032,215,vacancy,UNSPECIFIED,dft,-35053.653572,-955.8212875483414,1 1 1,4798.42512579614,645,30.63400536243089,0.21793251698004407,2.400677469091631,0.6333611519610844,
tersoff_1989,2033,215,vacancy,UNSPECIFIED,dft,-35059.442586,-962.9171793291191,1 1 1,4505.589308404929,645,36.88912491972725,0.23914941299533068,1.8425195945246546,0.7317288652635544,
tersoff_1989,2034,215,vacancy,UNSPECIFIED,dft,-35059.656022,-962.9559705674902,1 1 1,4530.210221926192,645,73.97024513614424,0.33864812209530004,4.605376999039799,0.6997560360853058,
tersoff_1989,2035,215,vacancy,UNSPECIFIED,dft,-35057.566755,-962.997121774059,1 1 1,4238.830082478681,645,145.97328223199375,0.47572593607155067,7.4313142696567835,0.8821072315341816,
tersoff_1989,2036,215,vacancy,UNSPECIFIED,dft,-35057.936359,-962.9388316804879,1 1 1,4433.469854450249,645,132.42360427284018,0.45310916300743975,6.72798213475413,0.7746826868251262,
tersoff_1989,2037,215,vacancy,UNSPECIFIED,dft,-35053.582321,-957.2977934704588,1 1 1,4391.23036072994,645,121.57394936517366,0.43415059967921227,6.464897527887909,0.8863834196483387,
tersoff_1989,2038,215,vacancy,UNSPECIFIED,dft,-35055.490932,-959.8457333459561,1 1 1,4198.29696871856,645,80.8995846954827,0.35415492754749966,3.4570608633844917,0.9540502858756256,
tersoff_1989,2039,215,vacancy,UNSPECIFIED,dft,-35058.030125,-966.415160557452,1 1 1,4140.4484600955475,645,84.25230279912039,0.36141904386730106,5.231153518873866,0.8287590459694625,
tersoff_1989,2040,215,vacancy,UNSPECIFIED,dft,-35062.424002,-966.2301191577965,1 1 1,4551.57287340645,645,128.84293021630913,0.44694125000442514,5.759481707474561,0.715720645960562,
tersoff_1989,2041,215,vacancy,UNSPECIFIED,dft,-35051.396198,-957.9591145989561,1 1 1,4359.049493190443,645,80.357211466036,0.3529657546821652,3.2005100809197993,0.8958322244533917,
tersoff_1989,2042,215,vacancy,UNSPECIFIED,dft,-35061.275579,-964.7272096390853,1 1 1,4523.851561140517,645,50.386345612166295,0.2794966284057471,3.403610324509969,0.7694875959301823,
tersoff_1989,2043,215,vacancy,UNSPECIFIED,dft,-35062.343468,-967.2333118139181,1 1 1,4368.264437758311,645,51.955793985035754,0.28381617040163654,2.501063066498634,0.755529257709773,
tersoff_1989,2044,215,vacancy,UNSPECIFIED,dft,-35057.000527,-960.4987198116006,1 1 1,4408.438646630702,645,84.17683175798359,0.36125713266847825,3.8858027140105627,0.8849596920308698,
tersoff_1989,2045,215,vacancy,UNSPECIFIED,dft,-35057.917238,-962.0120793201285,1 1 1,4509.814118036552,645,110.75064521010157,0.4143747418488825,5.114002833730116,0.7806254017498504,
tersoff_1989,2046,215,vacancy,UNSPECIFIED,dft,-35056.124816,-958.275122561251,1 1 1,4726.657425315668,645,101.36422294986846,0.3964263286296759,5.870429427391361,0.6427856064293598,
tersoff_1989,2047,215,vacancy,UNSPECIFIED,dft,-35055.888859,-959.0864326587325,1 1 1,4639.285927228964,645,35.84799250476553,0.23575046755653498,1.875452246351935,0.6942685074053989,
tersoff_1989,2048,215,vacancy,UNSPECIFIED,dft,-35055.456551,-959.6780462257041,1 1 1,4365.495207341429,645,64.59279459509284,0.3164551588918898,1.844605488115502,0.9134301563104128,
tersoff_1989,2049,215,vacancy,UNSPECIFIED,dft,-35063.152342,-968.257221087653,1 1 1,4382.158366983621,645,166.57565369004666,0.5081897553339981,7.27947960105599,0.7896427196497235,
tersoff_1989,2050,215,vacancy,UNSPECIFIED,dft,-35062.946646,-968.2816379894015,1 1 1,4410.646558622232,645,79.64364482162907,0.35139510398311025,5.0938128102125875,0.7277200380043676,
tersoff_1989,2051,215,vacancy,UNSPECIFIED,dft,-35062.923386,-968.8363029991617,1 1 1,4266.775942924458,645,126.81096556559345,0.44340291853314495,6.60468489483644,0.8144035295574823,
tersoff_1989,2052,215,vacancy,UNSPECIFIED,dft,-35059.238638,-964.0647744895155,1 1 1,4317.126054902701,645,87.64972458449444,0.36863402700704834,4.890077492455805,0.8608747544213916,
tersoff_1989,2053,215,vacancy,UNSPECIFIED,dft,-35060.156972,-965.4225801826809,1 1 1,4271.17161019162,645,87.21892333282486,0.3677269869755497,5.130812569344502,0.8772837298782421,
tersoff_1989,2054,215,vacancy,UNSPECIFIED,dft,-35057.340729,-959.937768381885,1 1 1,4689.062133988048,645,103.60126348623649,0.4007768879715366,5.621794323190464,0.668204807796466,
tersoff_1989,2055,215,vacancy,UNSPECIFIED,dft,-35059.786532,-965.244361820933,1 1 1,4489.509409228447,645,100.52290001319315,0.3947777316222327,5.787010401482324,0.7377754842971092,
tersoff_1989,2056,215,vacancy,UNSPECIFIED,dft,-35060.945195,-965.2190083374641,1 1 1,4531.046119391315,645,74.62507156463523,0.3401437716194837,4.335708187664718,0.7064868849326715,
tersoff_1989,2057,215,vacancy,UNSPECIFIED,dft,-35061.120948,-966.1361600827647,1 1 1,4339.910243050325,645,48.21052096871691,0.27339530674455387,1.9964121029806465,0.7805282793072809,
tersoff_1989,2058,215,vacancy,UNSPECIFIED,dft,-35060.9004,-964.1169444415273,1 1 1,4444.553290381797,645,41.522073294578334,0.2537228949729503,2.036867748107401,0.7912327178178177,
tersoff_1989,2059,215,vacancy,UNSPECIFIED,dft,-35057.920642,-960.0258593465045,1 1 1,4615.813295770269,645,72.41274581907426,0.33506390879250025,3.1869039518183735,0.6931304234120323,
tersoff_1989,2060,215,vacancy,UNSPECIFIED,dft,-35056.49015,-960.4948500677784,1 1 1,4341.887153733853,645,62.80923987211901,0.3120555502925746,2.314519118554694,0.8851208174154981,
tersoff_1989,2061,215,vacancy,UNSPECIFIED,dft,-35063.88601,-969.616866249267,1 1 1,4318.655315708923,645,73.34337814661096,0.33721011816550717,4.361758856674828,0.7575164833886886,
tersoff_1989,2062,215,vacancy,UNSPECIFIED,dft,-35055.498329,-961.4319528409399,1 1 1,4310.768702916984,645,53.79222017758512,0.28878848829723147,1.894730575447697,0.8584137686428308,
tersoff_1989,2063,215,vacancy,UNSPECIFIED,dft,-35063.768463,-967.5439024747104,1 1 1,4499.565654515877,645,41.52601840600901,0.25373494809601077,2.9391273053446105,0.6801308428457179,
tersoff_1989,2064,215,vacancy,UNSPECIFIED,dft,-35056.104025,-959.6006207840907,1 1 1,4452.641552917695,645,105.00834239285082,0.40348932032561036,5.580320334807314,0.7938166645078559,
tersoff_1989,2065,215,vacancy,UNSPECIFIED,dft,-35061.445484,-966.9041397236263,1 1 1,4519.51268795552,645,29.082020894504144,0.21234030349324484,1.9779795527468067,0.7163357672425832,
tersoff_1989,2066,215,vacancy,UNSPECIFIED,dft,-35059.800194,-965.1173693090493,1 1 1,4311.779807667983,645,49.962482614437576,0.27831854655361576,1.9404884763256887,0.8484400714597479,
tersoff_1989,2067,215,vacancy,UNSPECIFIED,dft,-35060.115377,-966.950220790275,1 1 1,4184.325705146704,645,45.12213428161264,0.26449347314410904,1.8874178411305478,0.824902769178545,
tersoff_1989,2068,215,vacancy,UNSPECIFIED,dft,-35060.220152,-967.3746189142252,1 1 1,4296.7161207901945,645,87.46075583364465,0.36823643364001096,4.969948120108668,0.756149950128429,
tersoff_1989,2069,215,vacancy,UNSPECIFIED,dft,-35056.296459,-963.1711611317925,1 1 1,4138.033116048192,645,74.02991239960562,0.33878467790601846,3.9558863286564394,0.8758705558277662,
tersoff_1989,2070,215,vacancy,UNSPECIFIED,dft,-35056.108179,-959.0600635277088,1 1 1,4745.051793094415,645,82.7809385123071,0.3582492712192982,5.539872619645831,0.6662874300849416,
tersoff_1989,2071,215,vacancy,UNSPECIFIED,dft,-35056.742664,-959.9256150586527,1 1 1,4508.410704852095,645,178.95060544639688,0.5267283921925043,5.796362021497385,0.7943483568795018,
tersoff_1989,2072,215,vacancy,UNSPECIFIED,dft,-35063.872947,-969.7296168974557,1 1 1,4312.209447951557,645,71.04132233913299,0.3318758578473457,4.187171673492055,0.7774132358328479,
tersoff_1989,2073,215,vacancy,UNSPECIFIED,dft,-35060.813749,-965.3612748230086,1 1 1,4473.692560164184,645,40.59503909969088,0.25087456051939544,1.9628365710587912,0.7035295148667465,
tersoff_1989,2074,215,vacancy,UNSPECIFIED,dft,-35059.09785,-965.0073171772631,1 1 1,4206.248962094032,645,49.24354561723838,0.2763088531920531,2.0408616908343546,0.8606359030767611,
tersoff_1989,2075,215,vacancy,UNSPECIFIED,dft,-35056.178075,-960.7724922708663,1 1 1,4324.767334693289,645,116.26376557656931,0.4245631874276338,5.219639791051337,0.9075999461565369,
tersoff_1989,2076,215,vacancy,UNSPECIFIED,dft,-35060.01911,-963.5769730958172,1 1 1,4494.976567925754,645,74.46433123397532,0.3397772440240089,4.161707887007305,0.7489860113934423,
tersoff_1989,2077,215,vacancy,UNSPECIFIED,dft,-35058.89593,-962.455239712118,1 1 1,4560.029609530336,645,35.546740347291035,0.2347578014563888,2.300152870646325,0.742377882183531,
tersoff_1989,2078,215,vacancy,UNSPECIFIED,dft,-35064.078393,-969.2719829840528,1 1 1,4382.173623356519,645,78.30354048809224,0.3484262303071261,4.861695721112736,0.7698370637805196,
tersoff_1989,2079,215,vacancy,UNSPECIFIED,dft,-35056.71634,-964.6807233769337,1 1 1,4109.752658729713,645,56.01467324715192,0.29469383204734223,2.0900489973906065,0.8979987182913999,
tersoff_1989,2080,215,vacancy,UNSPECIFIED,dft,-35063.411013,-969.5372756193941,1 1 1,4299.612200547961,645,41.506053683957845,0.25367394589874936,2.067984995840904,0.7719357313021301,
tersoff_1989,2081,215,vacancy,UNSPECIFIED,dft,-35061.964786,-968.5509488345856,1 1 1,4249.0094571657855,645,32.578074430505765,0.22474127909201708,1.4860425592633868,0.8053629234921583,
tersoff_1989,2082,215,vacancy,UNSPECIFIED,dft,-35057.985763,-961.5510310055226,1 1 1,4552.104172710981,645,133.12927782606138,0.45431484801366173,5.262287610503316,0.745521050127656,
tersoff_1989,2083,215,vacancy,UNSPECIFIED,dft,-35060.678246,-966.2321548551037,1 1 1,4402.106034966835,645,57.81884885026042,0.29940211442879755,3.27900003388329,0.7401107683265314,
tersoff_1989,2084,215,vacancy,UNSPECIFIED,dft,-35060.690813,-965.6536493232801,1 1 1,4344.177780429385,645,48.2988616359011,0.2736456760569274,2.2706016926105446,0.7853345427207179,
tersoff_1989,2085,215,vacancy,UNSPECIFIED,dft,-35062.98799,-969.7741403412053,1 1 1,4301.810857635359,645,28.881370481492493,0.21160651827379362,1.1789602880853052,0.8054079925671167,
tersoff_1989,2086,217,interstitial,UNSPECIFIED,dft,-35404.833648,-996.6714131905146,1 1 1,4320.000239067858,651,54.07500026765442,0.2882091541574899,3.0421162550482306,0.11573918021975803,
tersoff_1989,2087,217,interstitial,UNSPECIFIED,dft,-35372.623102,-955.8711291469123,1 1 1,4484.608719920449,651,123.8325224790375,0.43614095031219907,3.953795833343762,1.0519506113647594,
tersoff_1989,2088,217,interstitial,UNSPECIFIED,dft,-35364.952414,-944.0855430279294,1 1 1,4559.160711568433,651,361.8808627286526,0.7455766773206116,5.951204089134569,1.1324750192964146,
tersoff_1989,2089,217,interstitial,UNSPECIFIED,dft,-35369.473172,-950.6967656613884,1 1 1,4456.096174549767,651,263.61420402722865,0.6363468656127406,5.741810936964838,1.0365199480442728,
tersoff_1989,2090,217,interstitial,UNSPECIFIED,dft,-35368.848559,-951.0255583467408,1 1 1,4464.156559296952,651,226.21327997718737,0.589479293222872,5.184199654115122,1.1437159166075883,
tersoff_1989,2091,217,interstitial,UNSPECIFIED,dft,-35369.633291,-951.8287896221489,1 1 1,4511.322403322172,651,178.67772861733633,0.5238955592633685,5.571423564800467,1.1292901761660965,
tersoff_1989,2092,217,interstitial,UNSPECIFIED,dft,-35370.288947,-951.8761352963029,1 1 1,4509.850653569692,651,274.5995867130403,0.6494705237012254,5.862961102472708,1.0683035338758855,
tersoff_1989,2093,217,interstitial,UNSPECIFIED,dft,-35369.089229,-950.6312398864051,1 1 1,4479.863431588866,651,187.26020062607012,0.5363301947183478,5.075292437604428,1.081453111079033,
tersoff_1989,2094,217,interstitial,UNSPECIFIED,dft,-35370.772095,-952.2591368640027,1 1 1,4541.929458107839,651,280.43941102649626,0.6563402360186711,6.16851547783188,1.0279473916661201,
tersoff_1989,2095,217,interstitial,UNSPECIFIED,dft,-35366.73876,-947.1908975488429,1 1 1,4535.238695218511,651,235.34150252355084,0.6012550909289448,5.815297968910747,1.0807132573460607,
tersoff_1989,2096,217,interstitial,UNSPECIFIED,dft,-35369.781559,-950.7050503190451,1 1 1,4513.77550941375,651,111.70891467307891,0.41424132468146385,3.266968594400752,1.085501620172835,
tersoff_1989,2097,217,interstitial,UNSPECIFIED,dft,-35366.629169,-947.3032631685568,1 1 1,4434.663889772831,651,150.7055328584372,0.4811429251017618,4.099488109898286,1.1063777095638794,
tersoff_1989,2098,217,interstitial,UNSPECIFIED,dft,-35369.824761,-951.6213669333061,1 1 1,4476.542215467572,651,197.13432611788576,0.5502887471593514,5.223940640176873,1.0406969874138623,
tersoff_1989,2099,217,interstitial,UNSPECIFIED,dft,-35369.572608,-951.8082076488437,1 1 1,4482.663618560283,651,129.80648979737646,0.4465372656818996,4.244720383694611,1.071708917184374,
tersoff_1989,2100,217,interstitial,UNSPECIFIED,dft,-35369.816446,-951.0728794198142,1 1 1,4487.175855169651,651,225.38221238325755,0.5883954755194526,5.417795796891282,1.0772681542850475,
tersoff_1989,2101,217,interstitial,UNSPECIFIED,dft,-35371.012976,-951.8535259441052,1 1 1,4508.9512751825905,651,208.75377795461603,0.5662740728508834,4.87857241125152,1.064578325750365,
tersoff_1989,2102,217,interstitial,UNSPECIFIED,dft,-35368.294486,-949.1278961566877,1 1 1,4461.93989534948,651,259.7898842304453,0.6317141776130283,7.380960430392685,1.1402891698155417,
tersoff_1989,2103,217,interstitial,UNSPECIFIED,dft,-35373.163074,-956.0536904445825,1 1 1,4493.21176143206,651,177.36478098956388,0.5219671832436927,5.135276639841017,1.017301263185494,
tersoff_1989,2104,217,interstitial,UNSPECIFIED,dft,-35370.173054,-951.5920483318758,1 1 1,4516.801265811045,651,230.69681374802684,0.5952923532081188,5.0114531522775,1.0598599658310661,
tersoff_1989,2105,217,interstitial,UNSPECIFIED,dft,-35367.883429,-948.5494021579289,1 1 1,4547.910928216629,651,314.46330263669336,0.6950155018623844,5.740751610629159,1.0951115587004758,
tersoff_1989,2106,217,interstitial,UNSPECIFIED,dft,-35366.705392,-949.2100318356378,1 1 1,4493.875783490228,651,161.54903329386167,0.4981517811591003,5.792575836230554,1.172809764417052,
tersoff_1989,2107,217,interstitial,UNSPECIFIED,dft,-35368.622918,-949.7610946537517,1 1 1,4534.044261466069,651,130.0892283126958,0.4470233146026098,4.870781433312686,1.0786214220829244,
tersoff_1989,2108,217,interstitial,UNSPECIFIED,dft,-35366.884913,-947.3658624813106,1 1 1,4573.835504219468,651,111.00845132083703,0.4129405459652198,3.6419210213224047,1.0525358297097955,
tersoff_1989,2109,217,interstitial,UNSPECIFIED,dft,-35371.369399,-953.0590248814934,1 1 1,4483.718010393717,651,99.1871031212657,0.39033465322376976,4.067091345199266,1.0541316116446322,
tersoff_1989,2110,217,interstitial,UNSPECIFIED,dft,-35364.83866,-943.8085527179838,1 1 1,4477.767365298002,651,263.45627756260564,0.6361562251520466,6.132161134661479,1.188486569138103,
tersoff_1989,2111,217,interstitial,UNSPECIFIED,dft,-35370.577332,-954.386899207697,1 1 1,4534.2169389054525,651,97.32921104880508,0.38666165653463647,3.377145807736728,1.0857975251987129,
tersoff_1989,2112,217,interstitial,UNSPECIFIED,dft,-35366.50598,-947.5484303259527,1 1 1,4569.232193021303,651,227.60481546517542,0.5912895842566028,4.868121964424937,1.0700809535744316,
tersoff_1989,2113,217,interstitial,UNSPECIFIED,dft,-35372.020943,-955.0762392585108,1 1 1,4463.212791671286,651,251.74951606635844,0.6218617259860317,5.791085440585105,1.0433864595975848,
tersoff_1989,2114,217,interstitial,UNSPECIFIED,dft,-35369.524358,-951.461763776196,1 1 1,4478.421993755843,651,195.0315473483746,0.5473459877768767,5.055402169144411,1.2027923677927252,
tersoff_1989,2115,217,interstitial,UNSPECIFIED,dft,-35368.446528,-950.2250313614669,1 1 1,4602.77109348292,651,262.8133437852296,0.6353795191148709,5.9573276969562485,1.0862236707412742,
tersoff_1989,2116,217,interstitial,UNSPECIFIED,dft,-35368.844448,-950.6088614316329,1 1 1,4493.387485906845,651,379.3812486418003,0.7633917048246496,6.020363710064784,1.1063817600916939,
tersoff_1989,2117,217,interstitial,UNSPECIFIED,dft,-35370.6309,-953.3259808350527,1 1 1,4430.041317957312,651,229.38870730887075,0.5936022285143395,6.2704850627391115,1.101810648197787,
tersoff_1989,2118,217,interstitial,UNSPECIFIED,dft,-35369.304894,-951.190428640992,1 1 1,4545.629630669066,651,233.03157221411837,0.5982970870084213,6.4195303674813085,1.140069696965437,
tersoff_1989,2119,217,interstitial,UNSPECIFIED,dft,-35367.801231,-947.7222608723524,1 1 1,4482.340197459258,651,231.69694237364487,0.5965813286383895,5.096367523324287,1.1052537284961699,
tersoff_1989,2120,217,interstitial,UNSPECIFIED,dft,-35364.987122,-943.905137131507,1 1 1,4487.929684154586,651,278.73097426323085,0.6543379697004847,5.1091141976930565,1.1086002983256045,
tersoff_1989,2121,217,interstitial,UNSPECIFIED,dft,-35368.7262,-951.1113830447923,1 1 1,4492.349769032744,651,144.38746171242246,0.47094939851727446,5.285354608475857,1.1271379879073684,
tersoff_1989,2122,217,interstitial,UNSPECIFIED,dft,-35367.572447,-948.3103437728383,1 1 1,4486.154493184908,651,254.9058244767465,0.6257478775531591,5.85681204316846,1.0889719772435895,
tersoff_1989,2123,217,interstitial,UNSPECIFIED,dft,-35365.09493,-944.2888978490511,1 1 1,4514.370347479794,651,263.16785617292066,0.6358079106069334,6.262455670721917,1.1083856246932176,
tersoff_1989,2124,217,interstitial,UNSPECIFIED,dft,-35372.669416,-956.0108638874319,1 1 1,4490.112020930114,651,277.3220445981873,0.6526821003474501,5.568413183062858,1.115909386824587,
tersoff_1989,2125,217,interstitial,UNSPECIFIED,dft,-35365.913838,-945.3482734413826,1 1 1,4501.167049855311,651,491.53632502045554,0.8689350483845105,6.9833326082058305,1.1397041467517093,
tersoff_1989,2126,217,interstitial,UNSPECIFIED,dft,-35366.565096,-947.3693226836914,1 1 1,4518.317059339931,651,332.96866341791156,0.7151731267716878,5.61002765753873,1.0898866535360765,
tersoff_1989,2127,217,interstitial,UNSPECIFIED,dft,-35366.018087,-946.9573075706237,1 1 1,4554.497096464592,651,284.5202365434816,0.6610983698348394,6.128111302714109,1.0658548330526199,
tersoff_1989,2128,217,interstitial,UNSPECIFIED,dft,-35367.539917,-948.5893568319975,1 1 1,4420.200380042926,651,112.03618774476497,0.4148476813075793,3.274926517778971,1.1202245545421143,
tersoff_1989,2129,217,interstitial,UNSPECIFIED,dft,-35368.899308,-949.2963871926564,1 1 1,4471.465592153418,651,180.06626847430442,0.5259272675417573,5.011301128759948,1.0941746473857454,
tersoff_1989,2130,217,interstitial,UNSPECIFIED,dft,-35371.745838,-954.8669781232024,1 1 1,4533.800920079801,651,245.88972907104596,0.6145818068769663,5.592279670845559,1.0442874028303406,
tersoff_1989,2131,217,interstitial,UNSPECIFIED,dft,-35368.999449,-950.5998870159743,1 1 1,4513.436574713861,651,189.565608263364,0.5396215438089939,5.555676197357164,1.118000542407998,
tersoff_1989,2132,217,interstitial,UNSPECIFIED,dft,-35372.726806,-954.3501281857857,1 1 1,4471.037356137472,651,291.154392988671,0.668761370822171,5.290384590894117,0.996611415017105,
tersoff_1989,2133,217,interstitial,UNSPECIFIED,dft,-35368.750229,-949.0848068334052,1 1 1,4507.188641182594,651,344.3108977026536,0.727251942710447,5.7354869571544,1.06371406271905,
tersoff_1989,2134,217,interstitial,UNSPECIFIED,dft,-35366.699815,-947.0283218230816,1 1 1,4515.469174616489,651,378.4805059077678,0.7624849281155202,7.118512165457779,1.0656444364022286,
tersoff_1989,2135,217,interstitial,UNSPECIFIED,dft,-35373.500261,-956.684972739423,1 1 1,4513.008407617218,651,191.84190899943826,0.5428517590071913,5.973975156780473,1.029674435507921,
tersoff_1989,2136,146,111adatom,UNSPECIFIED,dft,-23805.61189933,-649.897206349261,1 1 1,3410.3815108701388,438,64.79460646905338,0.38462045120073507,3.2588056187134615,0.6428146576462176,
tersoff_1989,2137,146,111adatom,UNSPECIFIED,dft,-23805.11310402,-648.6799820664208,1 1 1,3410.3815108701388,438,72.66087744837803,0.4072989249503407,3.780105265585258,0.7630388437741554,
tersoff_1989,2138,146,111adatom,UNSPECIFIED,dft,-23805.70194419,-648.673493031211,1 1 1,3410.3815108701388,438,64.78605377632717,0.3845950659929676,2.8341361060898635,0.7175875078782041,
tersoff_1989,2139,146,111adatom,UNSPECIFIED,dft,-23805.41218456,-648.1918425271047,1 1 1,3410.3815108701388,438,60.27071742212683,0.3709506404848072,2.648915528620446,0.7051489490082109,
tersoff_1989,2140,146,111adatom,UNSPECIFIED,dft,-23804.85978672,-647.4569115935598,1 1 1,3410.3815108701388,438,81.6864460286657,0.43185499328508886,4.089250436492859,0.7458510809540849,
tersoff_1989,2141,146,111adatom,UNSPECIFIED,dft,-23804.42369702,-647.1142151334047,1 1 1,3410.3815108701388,438,70.59977418814898,0.40148063348024754,3.7682341431361457,0.7038245578032402,
tersoff_1989,2142,146,111adatom,UNSPECIFIED,dft,-23805.18550933,-648.4879285158895,1 1 1,3410.3815108701388,438,84.60876701124856,0.4395118894170255,4.590721716489898,0.747506489837218,
tersoff_1989,2143,146,111adatom,UNSPECIFIED,dft,-23805.59717463,-648.9326328680932,1 1 1,3410.3815108701388,438,160.39311538608104,0.6051399237907559,7.026480090957437,0.6916359766582603,
tersoff_1989,2144,146,111adatom,UNSPECIFIED,dft,-23804.03413274,-646.0438115546422,1 1 1,3410.3815108701388,438,125.75140758383228,0.5358205579134885,4.820341267321049,0.7769832784575066,
tersoff_1989,2145,146,111adatom,UNSPECIFIED,dft,-23805.43840308,-649.6573354035208,1 1 1,3410.3815108701388,438,116.54320988572695,0.5158298051363032,6.448696719589562,0.7360635208797953,
tersoff_1989,2146,146,111adatom,UNSPECIFIED,dft,-23805.43839795,-649.6573354035208,1 1 1,3410.3815108701388,438,116.54377332698229,0.5158310520533992,6.448919497952832,0.7360549146966164,
tersoff_1989,2147,52,surface_111_3x3_das,PW91,dft,-8464.047547,-212.56555976191794,1 1 1,1745.9802282395826,156,73.71994675307852,0.6874327321547052,3.0668878867849636,0.2187004052409691,0.1310517592296705
tersoff_1989,2148,32,decohesion,UNSPECIFIED,dft,-5216.86693074,-142.31038325206586,1 1 1,651.81674738547,96,8.38212296040942,0.2954890536679796,1.122523284174289,1.4681940336033017,
tersoff_1989,2149,32,decohesion,UNSPECIFIED,dft,-5214.16770287,-139.54102502092954,1 1 1,648.5955643284884,96,19.357222039817756,0.4490408996755585,1.9592979294161044,1.8608378988165184,
tersoff_1989,2150,32,decohesion,UNSPECIFIED,dft,-5213.52619997,-135.34386350713126,1 1 1,689.1061265532871,96,164.69148221935384,1.3097848193952581,8.63775126783803,1.4666276090107195,
tersoff_1989,2151,32,decohesion,UNSPECIFIED,dft,-5210.79909789,-132.78865065544886,1 1 1,670.0925787144173,96,29.72692857736344,0.5564669855563783,2.308539496910122,1.729395757900357,
tersoff_1989,2152,32,decohesion,UNSPECIFIED,dft,-5210.8027236,-134.1614990699958,1 1 1,713.3430488964783,96,19.890083074942474,0.45517948697627414,1.872419616270089,1.3925446162440211,
tersoff_1989,2153,32,decohesion,UNSPECIFIED,dft,-5208.87997623,-132.70455300676997,1 1 1,692.0025528799937,96,19.824094569564924,0.4544237946010691,1.4241567187405566,1.6770490217883467,
tersoff_1989,2154,32,decohesion,UNSPECIFIED,dft,-5209.42635625,-133.70118725967208,1 1 1,711.9422925211114,96,17.610086487547548,0.4282970942137638,1.477177787701413,1.4921531427098758,
tersoff_1989,2155,32,decohesion,UNSPECIFIED,dft,-5209.07544947,-133.63748307036494,1 1 1,723.8680720913245,96,16.347640724125686,0.41265957423721866,1.4101455965047198,1.5135941450997386,
tersoff_1989,2156,32,decohesion,UNSPECIFIED,dft,-5208.73565554,-133.3755618020121,1 1 1,733.7503894533023,96,17.263230284038976,0.4240581510344299,1.4775799980765643,1.575299893143366,
tersoff_1989,2157,32,decohesion,UNSPECIFIED,dft,-5208.59380679,-133.25545663623132,1 1 1,739.2432032712392,96,18.212339835273166,0.43555926495035724,1.557813561516826,1.5514777634528125,
tersoff_1989,2158,32,decohesion,UNSPECIFIED,dft,-5208.7877664,-133.6955792421839,1 1 1,773.8478276127091,96,14.500151925193027,0.3886428298846651,1.2863500003754464,1.4932896957165858,
tersoff_1989,2159,16,decohesion,UNSPECIFIED,dft,-2608.73517513,-71.56330732644388,1 1 -1,328.14806848881676,48,3.1025705057719923,0.25423785228977314,0.7864736384518791,1.3374102308698765,
tersoff_1989,2160,16,decohesion,UNSPECIFIED,dft,-2607.20158704,-69.40673844901347,1 1 -1,325.2042066684052,48,122.72385100132358,1.598983081793209,5.775214484567695,1.6295964074241154,
tersoff_1989,2161,16,decohesion,UNSPECIFIED,dft,-2606.40226664,-67.17176541409549,1 1 -1,336.2834397744042,48,17.099576818444103,0.5968594338012808,1.8882848196119357,1.5331762431101978,
tersoff_1989,2162,16,decohesion,UNSPECIFIED,dft,-2605.57721305,-67.3715040571733,1 1 -1,354.1002531456985,48,12.033821567773622,0.5007041202100136,1.492320921596028,1.3771955406444045,
tersoff_1989,2163,16,decohesion,UNSPECIFIED,dft,-2604.75953226,-67.30541163737158,1 1 -1,358.28414584870234,48,8.640299435841417,0.4242714204924675,0.9890756695301982,1.3893042907408129,
tersoff_1989,2164,16,decohesion,UNSPECIFIED,dft,-2603.77677668,-66.6845557029388,1 1 -1,353.528383869545,48,9.222191734982655,0.4383252154266342,1.1746071475132627,1.477727968925889,
tersoff_1989,2165,16,decohesion,UNSPECIFIED,dft,-2604.17228612,-67.3557345152609,1 1 -1,373.9481675578679,48,7.356913615987738,0.39149589227271747,1.1265687295150832,1.3392189769281884,
tersoff_1989,2166,16,decohesion,UNSPECIFIED,dft,-2604.04583452,-67.3301154360888,1 1 -1,381.1629262665485,48,7.360849396078942,0.39160059893337495,1.1735562191402122,1.3597752727840728,
tersoff_1989,2167,16,decohesion,UNSPECIFIED,dft,-2603.62984903,-66.89087926009192,1 1 -1,393.1966652384923,48,8.919882837625664,0.43108107410385654,1.2203554225805182,1.4497141722156535,
tersoff_1989,2168,16,decohesion,UNSPECIFIED,dft,-2604.02410055,-67.40184948160613,1 1 -1,403.13971540917254,48,6.8577930455897285,0.3779823917192255,1.1981472840762901,1.3091982125617954,
tersoff_1989,2169,16,decohesion,UNSPECIFIED,dft,-2603.60194131,-66.85572572344523,1 1 -1,398.47840456477996,48,10.24542084763366,0.462002454169926,1.3423253490904958,1.5389192217950938,
tersoff_1989,2170,24,decohesion,UNSPECIFIED,dft,-3911.30136038,-105.40970102766089,1 1 1,487.4864485551927,72,8.357908508191843,0.3407081780846706,0.9449843247464389,1.9676911113500795,
tersoff_1989,2171,24,decohesion,UNSPECIFIED,dft,-3910.74761507,-103.89183108362839,1 1 1,486.61488334114324,72,17.843701084642397,0.4978244487077191,2.0852310320245797,2.0111584028631224,
tersoff_1989,2172,24,decohesion,UNSPECIFIED,dft,-3910.18722747,-103.80364748776248,1 1 1,498.7036547672315,72,14.050675336776653,0.4417558925089086,1.7926491566167388,1.98100893115555,
tersoff_1989,2173,24,decohesion,UNSPECIFIED,dft,-3909.88561561,-103.93366867492792,1 1 1,501.8991942810063,72,11.005726665115233,0.3909697108386622,1.4082112191231138,1.9219828999586164,
tersoff_1989,2174,24,decohesion,UNSPECIFIED,dft,-3909.81120943,-104.19836070569177,1 1 1,510.8373481445762,72,8.751122308642376,0.3486307005956457,1.0591849384018042,1.8503301671893888,
tersoff_1989,2175,24,decohesion,UNSPECIFIED,dft,-3909.80435124,-104.41395941462706,1 1 1,509.77103273530804,72,8.306614673395318,0.33966107849090044,0.9287329214317424,1.8247008474340085,
tersoff_1989,2176,24,decohesion,UNSPECIFIED,dft,-3909.28742127,-103.89534568019413,1 1 1,513.5670611736535,72,10.469908936262346,0.38133371460248905,1.0812532212380426,1.9643684332102918,
tersoff_1989,2177,24,decohesion,UNSPECIFIED,dft,-3909.66405036,-104.37403586128771,1 1 1,520.3232575480138,72,8.201946414415634,0.3375143292105379,0.9416789503288742,1.8284105787279197,
tersoff_1989,2178,24,decohesion,UNSPECIFIED,dft,-3909.28878553,-103.94299150098342,1 1 1,516.0214816365481,72,9.987416970384094,0.3724434515314613,0.9700872284819306,1.9299619836584,
tersoff_1989,2179,24,decohesion,UNSPECIFIED,dft,-3909.11081739,-103.7744603856336,1 1 1,515.6319090901321,72,11.726317351020677,0.4035660029836211,1.0562708336100814,1.9051260971455406,
tersoff_1989,2180,24,decohesion,UNSPECIFIED,dft,-3909.07304595,-103.69789975189711,1 1 1,544.8512911524033,72,9.415742797718902,0.36162716369746567,1.0758570275024986,1.9961693126151372,
tersoff_1989,2181,8,bc8,UNSPECIFIED,dft,-1302.10136192,-32.17925705608894,1 1 1,149.13734205194962,24,16.772508401222808,0.8359751890562405,2.430662670192502,1.8940040637155016,
tersoff_1989,2182,8,bc8,UNSPECIFIED,dft,-1299.66341544,-28.737310349547293,1 1 1,137.39985219915934,24,156.99391229062766,2.5576186213173937,7.442355063371033,3.6735118976997563,
tersoff_1989,2183,8,bc8,UNSPECIFIED,dft,-1302.84743312,-33.34673428308437,1 1 1,143.989558447863,24,9.629138130620396,0.633414626272436,1.7056627320914224,1.2695410402631733,
tersoff_1989,2184,8,bc8,UNSPECIFIED,dft,-1302.58868117,-33.010814109847445,1 1 1,146.4917189186953,24,17.278163240546313,0.848483039521767,2.3790766775152687,1.4284919231877022,
tersoff_1989,2185,8,bc8,UNSPECIFIED,dft,-1301.70159192,-30.82619848097314,1 1 1,142.85331470358093,24,184.99685810493878,2.7763649653889373,6.99810183506021,2.0021381500806417,
tersoff_1989,2186,8,bc8,UNSPECIFIED,dft,-1302.93886247,-33.353016326148335,1 1 1,150.84885290707177,24,16.360914464474334,0.8256541463307122,2.2543299328023383,1.0539701528723824,
tersoff_1989,2187,8,bc8,UNSPECIFIED,dft,-1302.74465185,-33.218962054985006,1 1 1,148.99033097797266,24,7.940384453198823,0.5751950557998718,1.4480733393453227,1.4065586606768308,
tersoff_1989,2188,8,bc8,UNSPECIFIED,dft,-1301.85740986,-31.247670524721322,1 1 1,165.3650399022885,24,104.46411686757637,2.086305714929865,5.944252092184128,1.2758828057303435,
tersoff_1989,2189,8,bc8,UNSPECIFIED,dft,-1301.53730674,-31.63106724918635,1 1 1,138.19734857564748,24,20.39885842367084,0.9219286492563393,2.7094566921463654,2.7238502841604255,
tersoff_1989,2190,8,bc8,UNSPECIFIED,dft,-1302.30361733,-32.64840224921274,1 1 1,146.54321090826204,24,12.945531314620563,0.7344366127237871,2.1379737771887073,1.9516959023308422,
tersoff_1989,2191,8,bc8,UNSPECIFIED,dft,-1301.56615586,-30.41863532436366,1 1 1,144.39867690236835,24,148.98493467262904,2.4915267631232747,6.756195228512421,2.0366004762798555,
tersoff_1989,2192,8,bc8,UNSPECIFIED,dft,-1302.15699202,-32.373897643749906,1 1 1,148.75112737888108,24,38.948216179804355,1.2739082937265074,3.7571358125735634,2.2056976634908887,
tersoff_1989,2193,8,bc8,UNSPECIFIED,dft,-1302.72374355,-33.192207268151456,1 1 1,153.03803960128334,24,23.303186937076124,0.9853761324378483,3.1839551924421037,1.4257078070003217,
tersoff_1989,2194,8,bc8,UNSPECIFIED,dft,-1300.64944229,-30.48250640926554,1 1 1,147.73847783721746,24,73.34739635362635,1.7481823459623516,5.710460383005827,3.6486132199142918,
tersoff_1989,2195,8,bc8,UNSPECIFIED,dft,-1302.50627207,-32.80948806617069,1 1 1,149.75878199216655,24,27.94085058869339,1.0789819775428247,3.3271549925859647,1.4652379080644777,
tersoff_1989,2196,8,bc8,UNSPECIFIED,dft,-1302.202766,-32.39807279503026,1 1 1,144.86871895785524,24,39.89596250848332,1.2893144578367237,4.05475610975252,1.961226734858823,
tersoff_1989,2197,8,bc8,UNSPECIFIED,dft,-1302.37281778,-32.25357757191231,1 1 1,146.46369331216573,24,124.94024229199493,2.2816317469813403,5.6254757925197705,1.5119201366805062,
tersoff_1989,2198,8,bc8,UNSPECIFIED,dft,-1302.22814673,-32.47191626854681,1 1 1,148.72446987543964,24,13.380216354236643,0.7466652628587057,2.1598772326284132,1.8644315296715332,
tersoff_1989,2199,8,bc8,UNSPECIFIED,dft,-1301.57628424,-31.667825516978567,1 1 1,146.82384191440687,24,20.32343690934678,0.9202227291383225,2.8735293732073286,2.7956574931370497,
tersoff_1989,2200,8,bc8,UNSPECIFIED,dft,-1301.85247959,-31.78585844696537,1 1 1,146.13055619102965,24,102.99139171923238,2.071547245008269,6.196606576202562,2.333819385787848,
tersoff_1989,2201,8,bc8,UNSPECIFIED,dft,-1302.64844516,-32.969360668554785,1 1 1,153.58950770862901,24,11.33675301435474,0.687287937426118,2.0242342016828383,1.4332373007562866,
tersoff_1989,2202,8,bc8,UNSPECIFIED,dft,-1301.45377561,-30.61946964382634,1 1 1,153.07102521491987,24,165.1365473488284,2.6231068359614804,6.236978715120895,2.457255317980985,
tersoff_1989,2203,8,bc8,UNSPECIFIED,dft,-1303.02869364,-33.654026115683145,1 1 1,146.52275261224395,24,6.416985812498587,0.5170825938417457,1.4649784797052527,1.390055886512901,
tersoff_1989,2204,8,bc8,UNSPECIFIED,dft,-1302.02203019,-31.547820770099506,1 1 1,151.12656459372357,24,95.75126817674881,1.9974073630662326,5.898074716855455,1.6696037119940068,
tersoff_1989,2205,8,bc8,UNSPECIFIED,dft,-1300.30563796,-29.93912699720733,1 1 1,142.61754147501165,24,39.6434024418561,1.2852269974900687,4.094484965885153,3.899516619125162,
tersoff_1989,2206,8,bc8,UNSPECIFIED,dft,-1302.60265142,-32.41018044884793,1 1 1,152.05580761470216,24,95.4901260456531,1.9946817420085372,7.06307307138453,1.2002955686968662,
tersoff_1989,2207,8,bc8,UNSPECIFIED,dft,-1301.70387228,-31.722998455335794,1 1 1,149.52993228412967,24,68.86282940040286,1.6938962655222187,5.485313023500934,2.500882939770139,
tersoff_1989,2208,8,bc8,UNSPECIFIED,dft,-1302.40668542,-32.756446946202985,1 1 1,148.13815551759208,24,20.697373112233258,0.9286498513126745,2.756470825815377,1.5002016815942893,
tersoff_1989,2209,8,bc8,UNSPECIFIED,dft,-1302.3135141,-31.85127582979854,1 1 1,153.81242620917308,24,74.3573678685901,1.760177167557645,5.827056900214611,1.216215479042468,
tersoff_1989,2210,8,bc8,UNSPECIFIED,dft,-1302.46604925,-32.0452617537942,1 1 1,147.0670723399787,24,138.6206934232451,2.403302358416133,6.096647088802804,1.3079108773727666,
tersoff_1989,2211,8,bc8,UNSPECIFIED,dft,-1302.71017558,-33.15693215708737,1 1 1,149.50648816394573,24,15.359267798336266,0.7999809320210979,2.1857190880241277,1.2320872516688905,
tersoff_1989,2212,8,bc8,UNSPECIFIED,dft,-1300.89095575,-30.407470869116384,1 1 1,145.04454799870402,24,140.1075090810868,2.4161566336598743,6.665495111951482,3.1503206226337768,
tersoff_1989,2213,8,bc8,UNSPECIFIED,dft,-1302.24970965,-30.816518209579776,1 1 1,155.3553390987346,24,128.3638104156235,2.312680717403719,6.034832077687636,1.118599533225959,
tersoff_1989,2214,8,bc8,UNSPECIFIED,dft,-1302.49966322,-32.02687679764068,1 1 1,147.85251065550972,24,30.265450619607453,1.1229694753125055,3.6329196536403634,1.3221349538861378,
tersoff_1989,2215,8,bc8,UNSPECIFIED,dft,-1301.24840624,-29.921161244066845,1 1 1,147.4195931178364,24,192.0424683560555,2.8287399164355223,6.6978326404147035,2.3446770310419796,
tersoff_1989,2216,8,bc8,UNSPECIFIED,dft,-1302.40820293,-32.31944154972824,1 1 1,150.68144196289452,24,57.625607939319366,1.5495376721692313,4.119000262768876,1.1786263327563433,
tersoff_1989,2217,8,bc8,UNSPECIFIED,dft,-1302.11508044,-32.716321826570116,1 1 1,143.2052588467521,24,9.289814013251886,0.6221539872776637,1.7937052308616503,2.0622137223341652,
tersoff_1989,2218,8,bc8,UNSPECIFIED,dft,-1302.14779007,-32.30953079736184,1 1 1,144.8457360585274,24,19.014465912521242,0.890095170766429,2.71705344659815,1.72446763663094,
tersoff_1989,2219,8,bc8,UNSPECIFIED,dft,-1302.07589927,-32.1702712542617,1 1 1,148.40443716863433,24,69.00180417432443,1.6956046632190491,4.922358468656056,1.50534339664161,
tersoff_1989,2220,8,bc8,UNSPECIFIED,dft,-1302.5095079,-32.86993626495447,1 1 1,148.87374008868815,24,12.357384971536192,0.7175590850101995,1.751663257375741,1.4822198748723707,
tersoff_1989,2221,8,bc8,UNSPECIFIED,dft,-1301.84388739,-31.71615830074852,1 1 1,149.17862894628774,24,91.57927727072462,1.9534081037032496,6.341267493864241,2.5435509016415745,
tersoff_1989,2222,8,bc8,UNSPECIFIED,dft,-1302.65878388,-32.49604425223763,1 1 1,149.51624005960858,24,89.68400446434717,1.933089113141916,6.735371083843184,1.3187690380284562,
tersoff_1989,2223,8,bc8,UNSPECIFIED,dft,-1302.97551966,-33.360760891675014,1 1 1,152.9177315915076,24,43.53055207571491,1.3467639003013065,4.5195581966991965,1.0785621669264132,
tersoff_1989,2224,8,bc8,UNSPECIFIED,dft,-1302.86372194,-33.38796996154923,1 1 1,149.06968691804985,24,7.629902696160025,0.5638373988482859,1.513045047698818,1.383274675545015,
tersoff_1989,2225,8,bc8,UNSPECIFIED,dft,-1302.41534202,-32.6814373275749,1 1 1,142.06934444961752,24,10.74944658142766,0.6692485394526355,1.571485720140984,1.5185836686846836,
tersoff_1989,2226,8,bc8,UNSPECIFIED,dft,-1302.48000311,-32.722693963108284,1 1 1,149.08904726512895,24,13.914738377932188,0.7614333626438853,2.268335985674582,1.6546023750310324,
tersoff_1989,2227,8,bc8,UNSPECIFIED,dft,-1300.89687469,-30.824466404142175,1 1 1,143.31238107823467,24,31.342254589071246,1.1427717508516892,3.684102147442668,3.8832866641603774,
tersoff_1989,2228,8,bc8,UNSPECIFIED,dft,-1302.39624337,-32.67405552016333,1 1 1,145.94502832614864,24,51.34917596047333,1.4627197265207903,4.696269843106167,1.5792120926060988,
tersoff_1989,2229,8,bc8,UNSPECIFIED,dft,-1302.20670043,-31.807976708646603,1 1 1,154.19870680884372,24,102.96674742976319,2.0712993851461454,6.5062585957704995,1.6764136548857802,
tersoff_1989,2230,2,bcc,UNSPECIFIED,dft,-325.14809468,-7.2994717957037585,1 1 1,30.746005771069402,6,93.28919895055873,3.9431205694339506,6.829685166629525,0.3201343135310553,
tersoff_1989,2231,2,bcc,UNSPECIFIED,dft,-325.20285006,-8.297518852908192,1 1 1,29.618540160253044,6,9.632121065738605,1.267025457895947,2.194552467559002,0.06413919108730116,
tersoff_1989,2232,2,bcc,UNSPECIFIED,dft,-325.19538225,-8.220809776319472,1 1 1,29.343583009481172,6,5.039328944594486,0.9164541218372114,1.5873451018279683,0.156571008917147,
tersoff_1989,2233,2,bcc,UNSPECIFIED,dft,-325.17379633,-7.769857931985109,1 1 1,30.238850697576282,6,43.09574714842508,2.6800418886162047,4.641968717496122,0.20784281191964918,
tersoff_1989,2234,2,bcc,UNSPECIFIED,dft,-325.15035125,-7.901899578112147,1 1 1,29.429998453845272,6,38.839865181083745,2.544270202536271,4.406805258976381,0.3421216659318729,
tersoff_1989,2235,2,bcc,UNSPECIFIED,dft,-325.15934765,-7.948682804381804,1 1 1,28.036180737642844,6,3.7216759062316074,0.7875781343493913,1.3641253436234542,0.3309513653091644,
tersoff_1989,2236,2,bcc,UNSPECIFIED,dft,-325.19164337,-8.141957324932907,1 1 1,30.35587695696243,6,23.932366110792167,1.9971799330886608,3.459217115966573,0.07887750693321893,
tersoff_1989,2237,2,bcc,UNSPECIFIED,dft,-325.21020763,-8.293005824409331,1 1 1,29.16604952629458,6,3.7734539025489853,0.7930378198788278,1.3735817963537862,0.137772493384323,
tersoff_1989,2238,2,bcc,UNSPECIFIED,dft,-325.1737924,-8.190716344557712,1 1 1,28.5676288848366,6,9.869913667815116,1.2825699245275164,2.2214762735414393,0.20554372357238251,
tersoff_1989,2239,2,bcc,UNSPECIFIED,dft,-325.19545817,-8.099904714094414,1 1 1,29.686280600743807,6,16.100187744881712,1.6380978676950142,2.8372687346180068,0.12249241364264156,
tersoff_1989,2240,2,bcc,UNSPECIFIED,dft,-325.17998033,-8.072272166131532,1 1 1,29.056140376618977,6,23.820492107904062,1.9925064662339267,3.451122433926687,0.20784882928064166,
tersoff_1989,2241,2,bcc,UNSPECIFIED,dft,-325.17699549,-7.848088209429451,1 1 1,29.582507437276252,6,16.90543521874404,1.678562640015957,2.9073557761945863,0.20097270411675314,
tersoff_1989,2242,2,bcc,UNSPECIFIED,dft,-325.14861914,-7.813962708280041,1 1 1,29.065508446704893,6,34.721796625108134,2.40561137846176,4.166641130761573,0.36137129645283117,
tersoff_1989,2243,2,bcc,UNSPECIFIED,dft,-325.1595081,-8.049180233174459,1 1 1,29.03261170273623,6,27.856719054382083,2.1547126279538253,3.732071747326281,0.35073980179994785,
tersoff_1989,2244,2,bcc,UNSPECIFIED,dft,-325.19690415,-8.120315400837235,1 1 1,30.46160726873303,6,11.332009328229372,1.3742882599264108,2.380337090437967,0.06311003116251276,
tersoff_1989,2245,2,bcc,UNSPECIFIED,dft,-325.15708848,-7.90297797846473,1 1 1,29.329182111159074,6,30.629196189368997,2.259395058762743,3.91338703614714,0.305593569903993,
tersoff_1989,2246,2,bcc,UNSPECIFIED,dft,-325.10853978,-7.924575505573547,1 1 1,28.546217658586855,6,20.713428457658217,1.858019934305434,3.2181849276928034,0.5143199339905075,
tersoff_1989,2247,2,bcc,UNSPECIFIED,dft,-325.20666544,-8.197077718342474,1 1 1,28.403904025058164,6,0.6229159726554687,0.3222100693273124,0.5580842107851973,0.11962933057295495,
tersoff_1989,2248,2,bcc,UNSPECIFIED,dft,-325.17588916,-8.190869460583873,1 1 1,29.006325023619514,6,16.393770745742767,1.652965554477909,2.8630203235170013,0.20969346548394557,
tersoff_1989,2249,2,bcc,UNSPECIFIED,dft,-325.06670275,-7.844858247521337,1 1 1,27.482038903138164,6,15.636312824010709,1.6143271469361835,2.7960966385311816,0.4995786375203274,
tersoff_1989,2250,2,bcc,UNSPECIFIED,dft,-325.20626425,-8.322454534498323,1 1 1,28.76542400293267,6,0.7367741665507915,0.3504221660014274,0.6069489956128087,0.056709654086995326,
tersoff_1989,2251,2,bcc,UNSPECIFIED,dft,-325.15337263,-8.124418622396194,1 1 1,27.918052639685474,6,9.03659412743889,1.227232260511357,2.1256286278932754,0.25407585258474813,
tersoff_1989,2252,2,bcc,UNSPECIFIED,dft,-325.14032766,-8.201093675388101,1 1 1,27.58242082515664,6,4.75110708180839,0.8898602026730931,1.5412830826633361,0.2714983464651918,
tersoff_1989,2253,2,bcc,UNSPECIFIED,dft,-325.15156516,-7.229304424867571,1 1 1,31.29024112956019,6,79.18626113137984,3.6328652863219832,6.2923072529629325,0.1932148891778271,
tersoff_1989,2254,2,bcc,UNSPECIFIED,dft,-325.1764287,-7.791082754036509,1 1 1,30.876102534128094,6,38.651870940126315,2.5381052952982572,4.3961273264161935,0.09998660410274968,
tersoff_1989,2255,2,bcc,UNSPECIFIED,dft,-325.18065179,-8.191307667274982,1 1 1,29.649302373458493,6,18.837394661754253,1.771881987311526,3.068989627039677,0.19479146849900794,
tersoff_1989,2256,2,bcc,UNSPECIFIED,dft,-325.17332917,-8.007158822005275,1 1 1,30.17175961252378,6,35.73301258235989,2.440389742860755,4.226879024904776,0.17867922412338075,
tersoff_1989,2257,2,bcc,UNSPECIFIED,dft,-325.17567483,-7.883046791895932,1 1 1,30.059640758167763,6,36.600556866408624,2.469836596025758,4.2778824707095815,0.18399317423933603,
tersoff_1989,2258,2,bcc,UNSPECIFIED,dft,-325.16825825,-8.024916656525326,1 1 1,28.363626481246776,6,15.11993276726207,1.5874472572478362,2.749539303889115,0.3357783245932749,
tersoff_1989,2259,2,bcc,UNSPECIFIED,dft,-325.12456953,-7.546153826056595,1 1 1,29.188478712729392,6,19.80526432304468,1.8168316892805765,3.146844794635153,0.41165117194861317,
tersoff_1989,2260,2,bcc,UNSPECIFIED,dft,-325.16788754,-7.557761339065441,1 1 1,31.43228497073823,6,11.252305736104987,1.3694467092044258,2.371951278600067,0.1201990445053537,
tersoff_1989,2261,2,bcc,UNSPECIFIED,dft,-325.1896491,-8.052190515062133,1 1 1,30.607342544863997,6,26.426645743184,2.0986760010057135,3.635013462367369,0.06545654563652643,
tersoff_1989,2262,2,bcc,UNSPECIFIED,dft,-325.15402601,-7.577791423473425,1 1 1,30.71283449317573,6,79.8237782367921,3.6474598064221833,6.317585703288566,0.23433958877378502,
tersoff_1989,2263,2,bcc,UNSPECIFIED,dft,-325.18881735,-8.168261407936022,1 1 1,29.057138558298146,6,18.10563353483314,1.7371256687812935,3.008789917461266,0.17260311130838094,
tersoff_1989,2264,2,bcc,UNSPECIFIED,dft,-325.05685195,-7.61495522757024,1 1 1,28.20898173672688,6,27.64700862705985,2.1465867723380394,3.717997352544771,0.6674914024664786,
tersoff_1989,2265,2,bcc,UNSPECIFIED,dft,-325.16485707,-7.985789273823404,1 1 1,29.15874903470181,6,31.553085474532004,2.2932177347754545,3.971969629449099,0.3429156271835197,
tersoff_1989,2266,2,bcc,UNSPECIFIED,dft,-325.18590168,-8.163045363993781,1 1 1,29.80910364366422,6,23.702431495459727,1.9875626403319437,3.442559476280674,0.1272652229270301,
tersoff_1989,2267,2,bcc,UNSPECIFIED,dft,-325.15660669,-7.89319722602951,1 1 1,28.789293425251223,6,19.53363078475859,1.804329551604445,3.1251904569768723,0.36362789056946665,
tersoff_1989,2268,2,bcc,UNSPECIFIED,dft,-325.05181451,-7.816112043840937,1 1 1,27.054385951777782,6,17.63295872987289,1.7143005731139491,2.969255692077809,0.5117731837445179,
tersoff_1989,2269,2,bcc,UNSPECIFIED,dft,-325.16344774,-8.107635044780393,1 1 1,29.007156426388104,6,18.45787606107374,1.75394203919218,3.037916725411821,0.28855533594095956,
tersoff_1989,2270,2,bcc,UNSPECIFIED,dft,-325.17803403,-8.187589879131785,1 1 1,28.96896353046928,6,5.972864851624127,0.9977361751839451,1.7281297479680375,0.24679904524396631,
tersoff_1989,2271,2,bcc,UNSPECIFIED,dft,-325.17258713,-8.15202669909267,1 1 1,28.898190148396953,6,15.460921795399157,1.6052477376508565,2.78037064034628,0.24292679404846773,
tersoff_1989,2272,2,bcc,UNSPECIFIED,dft,-325.16383985,-7.994334975248686,1 1 1,28.92934903727925,6,13.914605894696402,1.5228594756081075,2.637669984540941,0.324492311413794,
tersoff_1989,2273,2,bcc,UNSPECIFIED,dft,-325.1737563,-7.7713228639227765,1 1 1,30.514334627508774,6,13.738920567578386,1.5132151514561296,2.620965525105051,0.15617718495350083,
tersoff_1989,2274,2,bcc,UNSPECIFIED,dft,-325.13603661,-8.067655925197192,1 1 1,28.016131410435225,6,8.700818976377814,1.2042161334507062,2.0857635264307666,0.3685809747757834,
tersoff_1989,2275,2,bcc,UNSPECIFIED,dft,-325.19724072,-8.125642540331299,1 1 1,29.570687749794217,6,17.21200979821427,1.6937143500904686,2.9335993078651925,0.10504056264129585,
tersoff_1989,2276,2,bcc,UNSPECIFIED,dft,-325.13563846,-7.944035563634744,1 1 1,27.989273904737868,6,17.245030054793027,1.695338218704114,2.936411930808842,0.32930943442300586,
tersoff_1989,2277,2,bcc,UNSPECIFIED,dft,-325.17242013,-7.895302333191042,1 1 1,29.89862101738674,6,32.91564400590462,2.3422085021728467,4.0568241276831705,0.22034208585742307,
tersoff_1989,2278,2,bcc,UNSPECIFIED,dft,-325.18081668,-7.784421108597652,1 1 1,30.360447735552324,6,8.780193801091691,1.2096965047131787,2.0952558079017107,0.12640345116596566,
tersoff_1989,2279,4,fcc,UNSPECIFIED,dft,-650.24507815,-14.403114807335685,1 1 1,56.87191435300801,12,51.07197676351206,2.0630070440078496,4.001160790624663,0.3746589857457045,
tersoff_1989,2280,4,fcc,UNSPECIFIED,dft,-650.25157072,-13.14018628977669,1 1 1,63.37053765748363,12,119.65411005415936,3.1577168710710297,7.212822227575696,0.15199838623046846,
tersoff_1989,2281,4,fcc,UNSPECIFIED,dft,-650.29904771,-14.398025692096336,1 1 1,59.19545245444573,12,121.04505450604684,3.1760176125934665,6.122262623329924,0.1982944349109845,
tersoff_1989,2282,4,fcc,UNSPECIFIED,dft,-650.32346537,-14.7628621806759,1 1 1,59.87158195577297,12,97.1618868612129,2.8454918564461007,5.438597746673111,0.14202482957802368,
tersoff_1989,2283,4,fcc,UNSPECIFIED,dft,-650.24607611,-14.126073547278187,1 1 1,57.90614450380806,12,99.13782727065075,2.8742800152190395,5.298647578622523,0.3499726017371455,
tersoff_1989,2284,4,fcc,UNSPECIFIED,dft,-650.30159983,-14.490708493034179,1 1 1,58.99342049983603,12,87.18484579662227,2.6954413027156034,5.439221145656437,0.20663586416286336,
tersoff_1989,2285,4,fcc,UNSPECIFIED,dft,-650.27610222,-13.611288814326402,1 1 1,61.1140166974206,12,151.83889044676403,3.5571394224241013,7.426968579036864,0.20222488327766852,
tersoff_1989,2286,4,fcc,UNSPECIFIED,dft,-650.30151238,-13.78234899272087,1 1 1,61.30963985308366,12,138.74589332838005,3.4003173053944544,7.586196512981365,0.17216689877364155,
tersoff_1989,2287,4,fcc,UNSPECIFIED,dft,-650.28574431,-14.11682478060947,1 1 1,59.64324655254197,12,104.49834229706607,2.950965128804841,5.957343222986166,0.23629329816635372,
tersoff_1989,2288,4,fcc,UNSPECIFIED,dft,-650.27729849,-14.454366370347657,1 1 1,57.36652777752013,12,61.27716485177706,2.259741225077499,5.143052812085195,0.3104865407039947,
tersoff_1989,2289,4,fcc,UNSPECIFIED,dft,-650.29460816,-14.645926346768341,1 1 1,58.35475942774754,12,75.82942863301328,2.513785800888991,5.324664855933178,0.225762966663416,
tersoff_1989,2290,4,fcc,UNSPECIFIED,dft,-650.31160952,-14.836961809689559,1 1 1,58.92047448785386,12,20.17037675470843,1.2964816734373978,2.731865048146242,0.1958990254357246,
tersoff_1989,2291,4,fcc,UNSPECIFIED,dft,-650.26990969,-13.39199142788572,1 1 1,62.44097311516933,12,118.34008755825569,3.1403302315501747,7.01996471454585,0.13137480558184156,
tersoff_1989,2292,4,fcc,UNSPECIFIED,dft,-650.25507698,-14.477880984787408,1 1 1,56.47083373524752,12,45.902039092281385,1.9558041630891325,3.4663790598061714,0.2998532342246787,
tersoff_1989,2293,4,fcc,UNSPECIFIED,dft,-650.31199663,-14.789539004766727,1 1 1,59.64776031928079,12,53.68961895340988,2.11521509846733,4.900525105987047,0.1814578018208825,
tersoff_1989,2294,4,fcc,UNSPECIFIED,dft,-650.25581528,-14.29822441022526,1 1 1,55.42749662192174,12,36.90300867618862,1.753639279617025,3.664727652641495,0.3028283620991711,
tersoff_1989,2295,4,fcc,UNSPECIFIED,dft,-650.31287879,-14.616268666094053,1 1 1,59.29553162745552,12,98.26125385778792,2.861544656559168,6.0562079545150445,0.19900987915176474,
tersoff_1989,2296,4,fcc,UNSPECIFIED,dft,-650.27715676,-13.906593759530859,1 1 1,61.13800799729507,12,99.40129806807693,2.8780968548110186,6.088755283946441,0.19418470442682487,
tersoff_1989,2297,4,fcc,UNSPECIFIED,dft,-650.31486381,-14.628986765127307,1 1 1,58.263877628388016,12,66.35039928288258,2.351425087099356,4.807592480762185,0.25164193347559016,
tersoff_1989,2298,4,fcc,UNSPECIFIED,dft,-650.28473737,-14.586514890141471,1 1 1,57.42216342894895,12,59.706231783193154,2.2305872131046782,4.4287965293446065,0.31793912391630363,
tersoff_1989,2299,4,fcc,UNSPECIFIED,dft,-650.23202302,-14.256118176296445,1 1 1,56.93468498072697,12,67.4053440725757,2.370044726592301,4.842889539396146,0.41859848643021474,
tersoff_1989,2300,4,fcc,UNSPECIFIED,dft,-650.29712879,-14.7765045150837,1 1 1,57.473197344908705,12,38.50773794617244,1.7913620968919257,3.604747377448464,0.20686230547153825,
tersoff_1989,2301,4,fcc,UNSPECIFIED,dft,-650.30622633,-14.326216479294454,1 1 1,60.24399466542776,12,111.46452515261834,3.0477385762865,6.2495366583443035,0.2046080799764923,
tersoff_1989,2302,4,fcc,UNSPECIFIED,dft,-650.31246787,-14.804796290187854,1 1 1,56.974962869532774,12,31.061227296835416,1.6088615876046073,3.4497298970795303,0.1700346082419694,
tersoff_1989,2303,4,fcc,UNSPECIFIED,dft,-650.14339152,-14.04728180930671,1 1 1,55.104464003439546,12,40.29667811165897,1.8325000707516805,3.427039529467052,0.45773839638487834,
tersoff_1989,2304,4,fcc,UNSPECIFIED,dft,-650.29159738,-14.371384608597769,1 1 1,58.856743118286104,12,127.6732321797903,3.261814834564115,6.43873978781885,0.255505540970576,
tersoff_1989,2305,4,fcc,UNSPECIFIED,dft,-650.27724544,-14.451837757203887,1 1 1,57.65591403731142,12,65.62004585463697,2.338447594998246,4.826310405128582,0.3110696695409781,
tersoff_1989,2306,4,fcc,UNSPECIFIED,dft,-650.24585387,-14.366704061580311,1 1 1,56.25048808415398,12,63.41224786979282,2.2987722786629825,4.628700810038847,0.3726561888322801,
tersoff_1989,2307,4,fcc,UNSPECIFIED,dft,-650.27788525,-14.583533342829329,1 1 1,56.80742276850124,12,51.85322497813276,2.078726071783164,4.002933696334469,0.23196548936928815,
tersoff_1989,2308,4,fcc,UNSPECIFIED,dft,-650.09689283,-13.789843746499434,1 1 1,54.080828938840334,12,39.20366978326831,1.8074768274971122,3.229470109081659,0.4615070345888565,
tersoff_1989,2309,4,fcc,UNSPECIFIED,dft,-650.20406619,-14.220853432394906,1 1 1,56.40846485044225,12,87.35795421521176,2.6981159200327762,5.151556745486855,0.37809771271237985,
tersoff_1989,2310,4,fcc,UNSPECIFIED,dft,-650.23430266,-14.103160089458152,1 1 1,58.406462812308135,12,96.88809300223116,2.8414798521520312,6.2215940798349845,0.3743387314874947,
tersoff_1989,2311,4,fcc,UNSPECIFIED,dft,-650.21548663,-14.247703815472372,1 1 1,57.04223223927988,12,69.39267729134772,2.4047293210696936,4.555887900360802,0.39691902688079844,
tersoff_1989,2312,4,fcc,UNSPECIFIED,dft,-650.29118239,-14.156672073760049,1 1 1,61.43595050293841,12,99.03377367686701,2.872771218366031,7.115539370387747,0.20660638784897237,
tersoff_1989,2313,4,fcc,UNSPECIFIED,dft,-650.31336395,-14.687583337611384,1 1 1,59.42931784064117,12,46.09595049792114,1.9599309192316179,4.165238395553975,0.18804066907187922,
tersoff_1989,2314,4,fcc,UNSPECIFIED,dft,-650.25123429,-14.32477174002238,1 1 1,57.57273220883356,12,71.24513961878246,2.436615474019623,4.473038698269759,0.35170337570647986,
tersoff_1989,2315,4,fcc,UNSPECIFIED,dft,-650.2985133,-14.807951422322821,1 1 1,57.92450682614331,12,51.255253317928464,2.066705375670991,4.240770618925629,0.2061505521053323,
tersoff_1989,2316,4,fcc,UNSPECIFIED,dft,-650.1397255,-14.005952188788434,1 1 1,55.76185357265816,12,68.78512001270084,2.394179052283212,5.042466888369691,0.46897129993920383,
tersoff_1989,2317,4,fcc,UNSPECIFIED,dft,-650.14177717,-12.88956796408093,1 1 1,60.009840669949625,12,83.80880728489707,2.6427385935316083,5.765193903872003,0.5458083845163368,
tersoff_1989,2318,4,fcc,UNSPECIFIED,dft,-650.30734509,-14.562095486406035,1 1 1,60.63524089438866,12,84.06435741523946,2.6467646510289917,6.043738171319005,0.15375697146796305,
tersoff_1989,2319,4,fcc,UNSPECIFIED,dft,-650.28323393,-14.133671944422401,1 1 1,59.146170449870645,12,149.1085160993853,3.5250120106105705,6.738008747484552,0.30461404481737214,
tersoff_1989,2320,4,fcc,UNSPECIFIED,dft,-650.24920327,-14.06812232170964,1 1 1,59.54210087498977,12,80.19526515301803,2.585138054872796,5.738535084357438,0.3690426231254777,
tersoff_1989,2321,4,fcc,UNSPECIFIED,dft,-650.32402041,-14.732109269492234,1 1 1,58.35269455508649,12,81.770883738751,2.6104099891707784,5.581336464742136,0.21421630709402123,
tersoff_1989,2322,4,fcc,UNSPECIFIED,dft,-650.25014116,-14.506585616419677,1 1 1,56.36470256423483,12,52.82463722856155,2.098107028342484,3.7972477930977075,0.2765286552812686,
tersoff_1989,2323,4,fcc,UNSPECIFIED,dft,-650.26180545,-14.491380532865527,1 1 1,56.64853572410076,12,44.668124066824966,1.9293376252578018,3.4698106151016037,0.27579493199960486,
tersoff_1989,2324,4,fcc,UNSPECIFIED,dft,-650.26961019,-14.645642092268716,1 1 1,56.72811679199877,12,46.02684957895839,1.9584613343761812,3.609121925204733,0.2384657475928147,
tersoff_1989,2325,4,fcc,UNSPECIFIED,dft,-650.30881826,-14.742761005822688,1 1 1,57.324027800318454,12,48.463434219882245,2.0096316872311504,4.2017671884203205,0.22033609170613275,
tersoff_1989,2326,4,fcc,UNSPECIFIED,dft,-650.26360563,-14.518993286871659,1 1 1,56.89145618992016,12,62.3048068962926,2.278610813929776,4.681048872472887,0.2918613767841393,
tersoff_1989,2327,4,fcc,UNSPECIFIED,dft,-650.18175674,-13.504610405944806,1 1 1,57.802574248054235,12,100.90722913305255,2.899816504727103,5.6257493429820205,0.5264034723321394,
tersoff_1989,2328,2,hcp,UNSPECIFIED,dft,-325.2206723,-7.295638571588335,1 1 1,28.417179049829063,6,36.61744491639918,2.4704063402741117,4.278869296695053,0.1589833118076653,
tersoff_1989,2329,2,hcp,UNSPECIFIED,dft,-325.19548859,-7.348551355413616,1 1 1,27.493601183214906,6,5.59631622480651,0.9657739750071365,1.6727695933401192,0.17450860809713656,
tersoff_1989,2330,2,hcp,UNSPECIFIED,dft,-325.19678324,-7.171671188879163,1 1 1,29.322087244141464,6,39.427440293933586,2.5634430067760294,4.440013530043213,0.2270106558438759,
tersoff_1989,2331,2,hcp,UNSPECIFIED,dft,-325.21105265,-6.938035969896016,1 1 1,28.065337294338917,6,47.97706681464397,2.827751368568436,4.897809041532959,0.22230982419437367,
tersoff_1989,2332,2,hcp,UNSPECIFIED,dft,-325.21042187,-7.0665039984290186,1 1 1,28.952830279378208,6,50.99711685189578,2.9153935369544817,5.049609730063099,0.2073975083424742,
tersoff_1989,2333,2,hcp,UNSPECIFIED,dft,-325.2232401,-7.329525665522751,1 1 1,29.482561572453044,6,45.61575479215641,2.7572859479373433,4.775759352823194,0.13254630549358967,
tersoff_1989,2334,2,hcp,UNSPECIFIED,dft,-325.2353145,-7.615625856615861,1 1 1,29.265491648616564,6,12.523409578518603,1.4447265934262787,2.5023398628602207,0.07856141270793611,
tersoff_1989,2335,2,hcp,UNSPECIFIED,dft,-325.21999746,-7.206462595756216,1 1 1,29.357642561776597,6,48.47244817859084,2.8423126786295825,4.923029970383628,0.15316664062386431,
tersoff_1989,2336,2,hcp,UNSPECIFIED,dft,-325.15838281,-7.036588380796906,1 1 1,26.689329567174912,6,1.647810766399608,0.5240564165557635,0.9076923395070639,0.20154068853046359,
tersoff_1989,2337,2,hcp,UNSPECIFIED,dft,-325.20843472,-7.186365716461544,1 1 1,28.71667019965651,6,40.58993993212414,2.600959436186454,4.50499389190064,0.1430461827522846,
tersoff_1989,2338,2,hcp,UNSPECIFIED,dft,-325.22771527,-7.576227446676052,1 1 1,28.898364587419273,6,7.772051350749223,1.1381308763896782,1.9713005035698183,0.056173985972156185,
tersoff_1989,2339,2,hcp,UNSPECIFIED,dft,-325.21435082,-7.313627720069456,1 1 1,29.91555493844122,6,52.83777166647377,2.967540273988818,5.1399305280555,0.1397396213200346,
tersoff_1989,2340,2,hcp,UNSPECIFIED,dft,-325.21352571,-7.125783113974448,1 1 1,28.204962142842508,6,48.8153914245624,2.852349657871629,4.940414528385368,0.22338635604411175,
tersoff_1989,2341,2,hcp,UNSPECIFIED,dft,-325.23664192,-7.6850824301791425,1 1 1,29.57781361092806,6,17.548630826929323,1.7101964227796234,2.962147095176852,0.059510636584283544,
tersoff_1989,2342,2,hcp,UNSPECIFIED,dft,-325.22525243,-7.510800513926034,1 1 1,28.95911530475283,6,19.971129076736503,1.8244236111137724,3.15999438897734,0.09292707337835765,
tersoff_1989,2343,2,hcp,UNSPECIFIED,dft,-325.23804213,-7.550965819364725,1 1 1,28.85148760230137,6,1.4460306248489552,0.4909227068913115,0.850303070924997,0.09436894015864895,
tersoff_1989,2344,2,hcp,UNSPECIFIED,dft,-325.23479507,-7.587841422881928,1 1 1,28.40689777075206,6,2.553347359657519,0.6523479848027839,1.1298998538935934,0.0944870781288814,
tersoff_1989,2345,2,hcp,UNSPECIFIED,dft,-325.22516567,-7.573573565882227,1 1 1,28.337263406693367,6,0.08330625224127532,0.11783197941792324,0.20409097510825688,0.028852653835190506,
tersoff_1989,2346,2,hcp,UNSPECIFIED,dft,-325.14269791,-6.530925864267408,1 1 1,28.363329595988528,6,9.123493631451591,1.2331189204243842,2.135824621949518,0.31787624473474996,
tersoff_1989,2347,2,hcp,UNSPECIFIED,dft,-325.2011449,-7.24503343979399,1 1 1,27.340461231135013,6,1.8067008356591008,0.5487411101267915,0.9504474829413514,0.10512549579748325,
tersoff_1989,2348,2,hcp,UNSPECIFIED,dft,-325.23691061,-7.660852437962952,1 1 1,29.408171820252676,6,17.19344331220779,1.6928006041374055,2.932016653449278,0.09572768338713032,
tersoff_1989,2349,2,hcp,UNSPECIFIED,dft,-325.17984721,-6.899865880231695,1 1 1,28.73500634565459,6,38.036548451875696,2.5178214277385287,4.360994637228745,0.2611501333843555,
tersoff_1989,2350,2,hcp,UNSPECIFIED,dft,-325.22979155,-7.475026116693829,1 1 1,28.33353857675374,6,6.593287276573365,1.0482753515952894,1.8156661692851723,0.13199193131905199,
tersoff_1989,2351,2,hcp,UNSPECIFIED,dft,-325.208782,-7.362470844999448,1 1 1,30.23418475032912,6,27.271541808084855,2.1319608270355586,3.6926644721721535,0.08363470591407214,
tersoff_1989,2352,2,hcp,UNSPECIFIED,dft,-325.21075476,-7.434262300202657,1 1 1,28.772084845775325,6,29.70889955842098,2.2251928589982555,3.8541470884244307,0.20268898810739572,
tersoff_1989,2353,2,hcp,UNSPECIFIED,dft,-325.21476082,-7.366447296156732,1 1 1,28.403156210186708,6,30.76469423615995,2.2643871222385963,3.922033543721928,0.16029809709829165,
tersoff_1989,2354,2,hcp,UNSPECIFIED,dft,-325.21343844,-7.302077444817589,1 1 1,28.50560614293755,6,36.0278088438823,2.4504356362315898,4.244279022630485,0.18980128257381892,
tersoff_1989,2355,2,hcp,UNSPECIFIED,dft,-325.22305512,-7.6468457241729535,1 1 1,29.763824980524134,6,11.59681239925654,1.3902525189845034,2.407987998231779,0.06421265737116529,
tersoff_1989,2356,2,hcp,UNSPECIFIED,dft,-325.21553343,-7.283339959877644,1 1 1,28.06349962104677,6,27.300995309875205,2.1331117844546266,3.694657988899326,0.14183938099131707,
tersoff_1989,2357,2,hcp,UNSPECIFIED,dft,-325.24247358,-7.659052171799874,1 1 1,29.002609820633843,6,10.08438844699025,1.296430255675834,2.2454830713000553,0.0921555341076523,
tersoff_1989,2358,2,hcp,UNSPECIFIED,dft,-325.21773318,-7.239735957387767,1 1 1,29.224932402734918,6,52.53876471758866,2.9591317622344526,5.125366558480901,0.12237847604869084,
tersoff_1989,2359,2,hcp,UNSPECIFIED,dft,-325.20171982,-7.332428465033112,1 1 1,27.534127195995005,6,1.3404993899532647,0.4726696150507358,0.818687788461903,0.1429791319272385,
tersoff_1989,2360,2,hcp,UNSPECIFIED,dft,-325.22142558,-7.547590653595685,1 1 1,28.397095938152574,6,5.700875113896117,0.9747542522687549,1.688323889823294,0.09620404859810562,
tersoff_1989,2361,2,hcp,UNSPECIFIED,dft,-325.22007234,-7.282916703520517,1 1 1,29.93311575744765,6,48.23962830916024,2.8354784519595113,4.9111927425606225,0.15123490337881662,
tersoff_1989,2362,2,hcp,UNSPECIFIED,dft,-325.23396483,-7.247445082218188,1 1 1,28.995827452098457,6,51.88601951411453,2.9406920816398117,5.093428094815641,0.17268445867149326,
tersoff_1989,2363,2,hcp,UNSPECIFIED,dft,-325.20510924,-6.877530214163844,1 1 1,29.13688165234882,6,24.415599242434297,2.017242310781161,3.4939661734506178,0.24515218878620412,
tersoff_1989,2364,2,hcp,UNSPECIFIED,dft,-325.19644938,-6.996945092069012,1 1 1,30.63731881815935,6,9.20193285494407,1.238408444667595,2.1449863466866277,0.18921308710904045,
tersoff_1989,2365,2,hcp,UNSPECIFIED,dft,-325.22048553,-7.517661882249676,1 1 1,28.263569816999635,6,0.6573265098772761,0.33099005772512163,0.5732915967800708,0.05274201930150191,
tersoff_1989,2366,2,hcp,UNSPECIFIED,dft,-325.22434426,-7.57745539751007,1 1 1,29.479111386330153,6,35.34735999270882,2.427184926092668,4.204007611357813,0.1400251106052054,
tersoff_1989,2367,2,hcp,UNSPECIFIED,dft,-325.23132833,-7.377422196786012,1 1 1,29.183767527509346,6,42.40849372657662,2.6585865206464074,4.604806930077344,0.12658322874693945,
tersoff_1989,2368,2,hcp,UNSPECIFIED,dft,-325.2014843,-7.29546351363483,1 1 1,28.219654216824647,6,28.42498261405488,2.176579220323138,3.769945796298331,0.2064555876373092,
tersoff_1989,2369,2,hcp,UNSPECIFIED,dft,-325.22909201,-7.449112268080323,1 1 1,29.096448758935175,6,34.274575852569825,2.3900688920534567,4.139720754626446,0.07854727854398692,
tersoff_1989,2370,2,hcp,UNSPECIFIED,dft,-325.22631113,-7.492105640325364,1 1 1,28.37074492914826,6,7.797188795390438,1.139969940787215,1.974485856544745,0.08762936151770136,
tersoff_1989,2371,2,hcp,UNSPECIFIED,dft,-325.21896463,-7.250570169404219,1 1 1,27.99161452427423,6,35.34987253309673,2.4272711884300833,4.204157022108998,0.12499913146364924,
tersoff_1989,2372,2,hcp,UNSPECIFIED,dft,-325.19692658,-6.960611511736228,1 1 1,30.63820396689333,6,7.092551169617397,1.0872404801160134,1.883155751606519,0.16352472443028299,
tersoff_1989,2373,2,hcp,UNSPECIFIED,dft,-325.22277635,-7.518448239350812,1 1 1,28.29860958898578,6,1.2682774041399834,0.45976033686765966,0.7963282627597693,0.034026855080460584,
tersoff_1989,2374,2,hcp,UNSPECIFIED,dft,-325.23276232,-7.654175290523669,1 1 1,29.06380775788539,6,3.676945061352618,0.7828308737473906,1.355902847064025,0.06877202483568445,
tersoff_1989,2375,2,hcp,UNSPECIFIED,dft,-325.23514293,-7.59235852804318,1 1 1,28.805235619911972,6,7.679479708147177,1.1313325261350866,1.9595254155212176,0.07442494787815888,
tersoff_1989,2376,2,hcp,UNSPECIFIED,dft,-325.22880673,-7.5702745439321335,1 1 1,29.913913455524995,6,31.450541731450993,2.28948836101908,3.9655101646226427,0.12872661807101124,
tersoff_1989,2377,4,hex_diamond,UNSPECIFIED,dft,-651.96217247,-17.782841313038737,1 1 1,76.83481770138339,12,1.1620114318379302,0.3111820785111093,0.6601262573163056,1.699141528341101,
tersoff_1989,2378,4,hex_diamond,UNSPECIFIED,dft,-652.48872182,-18.309576831753663,1 1 1,82.89698708893407,12,0.09961401805663044,0.09111074673926162,0.2181587690041929,0.7088357818282031,
tersoff_1989,2379,4,hex_diamond,UNSPECIFIED,dft,-652.28949689,-18.128376193942486,1 1 1,76.79235830861393,12,0.5094806303456976,0.20605028317251786,0.4579928778005369,0.9085098443376017,
tersoff_1989,2380,4,hex_diamond,UNSPECIFIED,dft,-652.50151714,-18.311161383339048,1 1 1,83.45166901696831,12,0.09962189852280215,0.0911143505541261,0.21439505779971563,0.7250296125963868,
tersoff_1989,2381,4,hex_diamond,UNSPECIFIED,dft,-652.24103806,-18.06915281793901,1 1 1,76.23282484384764,12,0.601694942735604,0.22392240894552515,0.5405395489057283,1.089814671752343,
tersoff_1989,2382,4,hex_diamond,UNSPECIFIED,dft,-652.30999841,-18.084864690328487,1 1 1,81.11929041640497,12,0.5750123623363015,0.21890111206057966,0.40867450006452494,1.0896491925768281,
tersoff_1989,2383,4,hex_diamond,UNSPECIFIED,dft,-652.42184307,-18.21131077684818,1 1 1,83.04595804388727,12,0.18508539386589096,0.12419252321358794,0.2434455005384662,0.8046211803596356,
tersoff_1989,2384,4,hex_diamond,UNSPECIFIED,dft,-652.32169906,-18.143957604828387,1 1 1,78.22919301691825,12,0.4955906368241635,0.2032220946042702,0.5423510790522418,0.97668795811832,
tersoff_1989,2385,4,hex_diamond,UNSPECIFIED,dft,-652.34393984,-18.110776039151535,1 1 1,84.55186843062218,12,0.3458775938117207,0.16977376952180626,0.43100949834617913,0.8626785915391665,
tersoff_1989,2386,4,hex_diamond,UNSPECIFIED,dft,-652.26254619,-18.09711088563917,1 1 1,76.53186362146812,12,0.47116097662624806,0.19814998036551507,0.5074884345021841,1.078222365972499,
tersoff_1989,2387,4,hex_diamond,UNSPECIFIED,dft,-652.42929075,-18.28145017524176,1 1 1,80.00816785930952,12,0.15733776277377495,0.11450537206239676,0.304000762080223,0.8836818334342212,
tersoff_1989,2388,4,hex_diamond,UNSPECIFIED,dft,-652.26279369,-18.040731733124442,1 1 1,82.85839942159663,12,0.5655594618518857,0.2170943462053395,0.5334067182648885,1.0525224015668266,
tersoff_1989,2389,4,hex_diamond,UNSPECIFIED,dft,-651.84570846,-17.638405197650577,1 1 1,73.00163926348874,12,1.951998146302865,0.40331936748922115,0.9350323863989445,1.3028779890496271,
tersoff_1989,2390,4,hex_diamond,UNSPECIFIED,dft,-652.35989123,-18.189808243475895,1 1 1,81.66811455321786,12,0.27853797200975333,0.152353200384762,0.32159089695404935,1.1152742359393049,
tersoff_1989,2391,4,hex_diamond,UNSPECIFIED,dft,-652.37826545,-18.190266230458455,1 1 1,79.49985757491947,12,0.47491351903167134,0.19893749416832568,0.49091042589460165,0.9080588229569712,
tersoff_1989,2392,4,hex_diamond,UNSPECIFIED,dft,-652.30831386,-18.107019845879535,1 1 1,78.57992779757805,12,0.6326234279623795,0.22960535489588424,0.41671829621152795,1.0218063611116996,
tersoff_1989,2393,4,hex_diamond,UNSPECIFIED,dft,-651.78496035,-17.49563044611324,1 1 1,80.58216879022957,12,2.1710310937785042,0.42534604478574306,0.9435104546077109,1.895617071516555,
tersoff_1989,2394,4,hex_diamond,UNSPECIFIED,dft,-652.35248724,-18.155198559392208,1 1 1,81.09012890381186,12,0.29937019483881805,0.1579478275778688,0.4242949788762886,0.8422746052060455,
tersoff_1989,2395,4,hex_diamond,UNSPECIFIED,dft,-652.2600828,-18.0618351624732,1 1 1,79.49635294385749,12,0.4592822578811674,0.19563619677886115,0.43344201629768647,1.0142537853803324,
tersoff_1989,2396,4,hex_diamond,UNSPECIFIED,dft,-652.38703579,-18.19698261493492,1 1 1,78.88750452657696,12,0.36753809404818283,0.17500906977644112,0.4438257923302293,0.8017483607300568,
tersoff_1989,2397,4,hex_diamond,UNSPECIFIED,dft,-652.42008386,-18.206131989097596,1 1 1,82.02197190802451,12,0.3699695807196193,0.17558701089004736,0.3899900539624954,0.7581032853664027,
tersoff_1989,2398,4,hex_diamond,UNSPECIFIED,dft,-652.40583312,-18.242971788251893,1 1 1,80.21021210579853,12,0.27455156148093013,0.15125903870538618,0.35435067628093436,0.8281198613425474,
tersoff_1989,2399,4,hex_diamond,UNSPECIFIED,dft,-652.07853932,-17.858089263209106,1 1 1,77.24009627068081,12,1.1641141700897122,0.3114635037594978,0.665809997766288,1.439448480726791,
tersoff_1989,2400,4,hex_diamond,UNSPECIFIED,dft,-652.29481101,-18.096641119766172,1 1 1,83.36204384145303,12,0.29650235714186224,0.1571894708999997,0.3252979346166428,1.0887908618508884,
tersoff_1989,2401,4,hex_diamond,UNSPECIFIED,dft,-652.32673001,-18.164772578792107,1 1 1,80.27418924276864,12,0.316433745398811,0.16238681837893815,0.39635996880176055,0.8851921680488366,
tersoff_1989,2402,4,hex_diamond,UNSPECIFIED,dft,-652.33532314,-18.154929656149534,1 1 1,80.17377345108957,12,0.5156699386719007,0.2072980822133313,0.5000962480334319,0.972526403579015,
tersoff_1989,2403,4,hex_diamond,UNSPECIFIED,dft,-652.27765185,-18.073750283869273,1 1 1,84.13689845880569,12,0.25173537697596676,0.14483766112903979,0.32597743503869,0.8837529486513751,
tersoff_1989,2404,4,hex_diamond,UNSPECIFIED,dft,-651.5797183,-17.283868593100323,1 1 1,76.07061875207287,12,3.341404244346018,0.5276839524710805,1.0515237546036442,2.141707784845231,
tersoff_1989,2405,4,hex_diamond,UNSPECIFIED,dft,-652.42436747,-18.2424838912435,1 1 1,82.91161506389355,12,0.2000653148113363,0.1291205234175085,0.24595905524108472,0.8064173639416916,
tersoff_1989,2406,4,hex_diamond,UNSPECIFIED,dft,-652.41954703,-18.214935538150247,1 1 1,84.23900763693851,12,0.12574094314370565,0.10236411445737288,0.21468816394441492,0.7762522822618086,
tersoff_1989,2407,4,hex_diamond,UNSPECIFIED,dft,-652.36795678,-18.165262348289556,1 1 1,80.58560788149966,12,0.4788913398638221,0.19976889561520458,0.4632717819565887,0.9599283190990531,
tersoff_1989,2408,4,hex_diamond,UNSPECIFIED,dft,-652.46185567,-18.270929805018103,1 1 1,82.18057700881133,12,0.15305767823879843,0.11293717952870909,0.2902902705981901,0.7578304957849523,
tersoff_1989,2409,4,hex_diamond,UNSPECIFIED,dft,-652.43999753,-18.230981686132182,1 1 1,84.7349329472379,12,0.13336734635884656,0.10542269931046103,0.20889249181023478,0.7374041534610899,
tersoff_1989,2410,4,hex_diamond,UNSPECIFIED,dft,-652.38575832,-18.184015232619057,1 1 1,85.22158917649915,12,0.13361622593408715,0.10552101920710992,0.23767853877182232,0.893380184859727,
tersoff_1989,2411,4,hex_diamond,UNSPECIFIED,dft,-652.0888858,-17.90282551349394,1 1 1,79.12316886129857,12,0.8053847124311599,0.2590663866706691,0.5757064832320259,1.7323269597615418,
tersoff_1989,2412,4,hex_diamond,UNSPECIFIED,dft,-652.4256098,-18.208260874112348,1 1 1,81.32618029854555,12,0.27835856538723486,0.15230412704717788,0.37005155213105584,0.7334502089553637,
tersoff_1989,2413,4,hex_diamond,UNSPECIFIED,dft,-652.40821728,-18.195602273979,1 1 1,85.15898050275433,12,0.14477807788980016,0.1098400647493892,0.2472663216451282,0.7831198254311618,
tersoff_1989,2414,4,hex_diamond,UNSPECIFIED,dft,-652.35055635,-18.16104914634041,1 1 1,81.78461843279136,12,0.3515704923485761,0.17116524480468578,0.4583736404706057,0.9716130504689955,
tersoff_1989,2415,4,hex_diamond,UNSPECIFIED,dft,-651.88892761,-17.624377892133236,1 1 1,79.43443978481359,12,1.4657789265563541,0.3494971300020877,0.7736476762351988,1.7238308290476185,
tersoff_1989,2416,4,hex_diamond,UNSPECIFIED,dft,-652.45963844,-18.293497875360572,1 1 1,80.5672985715496,12,0.16505953862035705,0.11728154821495332,0.23836373256522567,0.8434216595412601,
tersoff_1989,2417,4,hex_diamond,UNSPECIFIED,dft,-652.45117361,-18.249580657519907,1 1 1,82.66538440677758,12,0.18304102934963834,0.1235047331581663,0.27577164924961545,0.8722515227654616,
tersoff_1989,2418,4,hex_diamond,UNSPECIFIED,dft,-652.09436493,-17.904582337123053,1 1 1,77.17219229561945,12,0.9159619061163508,0.2762791321164688,0.6325456169291137,1.5329017498549389,
tersoff_1989,2419,4,hex_diamond,UNSPECIFIED,dft,-652.51755545,-18.32980106289236,1 1 1,83.57291928579504,12,0.09169705929299528,0.08741522526282024,0.21924812516206732,0.6774021661526727,
tersoff_1989,2420,4,hex_diamond,UNSPECIFIED,dft,-652.42539289,-18.268397829905815,1 1 1,81.56946528928815,12,0.1885413162341876,0.12534662481634265,0.2969189989033599,0.7973620630815506,
tersoff_1989,2421,4,hex_diamond,UNSPECIFIED,dft,-652.34320911,-18.140418829158403,1 1 1,84.66566715231156,12,0.18779819645962034,0.12509935933076702,0.23456715316794796,0.8660940396544707,
tersoff_1989,2422,4,hex_diamond,UNSPECIFIED,dft,-652.40500062,-18.17718041320308,1 1 1,84.63201053216856,12,0.1503521617081036,0.11193456485379587,0.23307088340578597,0.7248039463077813,
tersoff_1989,2423,4,hex_diamond,UNSPECIFIED,dft,-652.09654745,-17.93833958950183,1 1 1,78.0720152065176,12,0.5333531905133709,0.21082243526116376,0.5001364128183645,1.3739284422050517,
tersoff_1989,2424,4,hex_diamond,UNSPECIFIED,dft,-652.43981417,-18.25835070234732,1 1 1,80.37938484025473,12,0.20568947107421895,0.13092283703076754,0.2802539885978263,0.8872232053341106,
tersoff_1989,2425,4,hex_diamond,UNSPECIFIED,dft,-652.24122324,-18.05664765703222,1 1 1,82.32147184665801,12,0.4849945756568541,0.20103784379581666,0.4210720178008581,0.9722881867661461,
tersoff_1989,2426,12,st12,UNSPECIFIED,dft,-1953.75292841,-47.482013169108846,1 1 1,226.53201458065212,36,23.02649972188613,0.7997655858278816,3.099815761250096,1.4322424559022433,
tersoff_1989,2427,12,st12,UNSPECIFIED,dft,-1953.12197974,-45.66178045227902,1 1 1,218.50237912861616,36,15.81223107766849,0.6627432693331158,2.058625557179832,1.6536864288948832,
tersoff_1989,2428,12,st12,UNSPECIFIED,dft,-1953.65278821,-47.336372867357035,1 1 1,231.28574711072014,36,10.797849563932452,0.5476680250523946,1.7361128793820022,1.4340279283978399,
tersoff_1989,2429,12,st12,UNSPECIFIED,dft,-1953.76020813,-47.416668270646255,1 1 1,219.96540303522997,36,7.706609346298418,0.4626796751983198,1.1835346752789218,1.5380495491386341,
tersoff_1989,2430,12,st12,UNSPECIFIED,dft,-1953.9073577,-47.44590190086884,1 1 1,218.71983458372844,36,8.426545518727066,0.48380854565988146,1.1987534731840166,1.4580051537946175,
tersoff_1989,2431,12,st12,UNSPECIFIED,dft,-1953.71478843,-47.13558811866543,1 1 1,208.6247036362042,36,10.323812827650988,0.5355115111235806,1.1613182119171244,1.4405132202688888,
tersoff_1989,2432,12,st12,UNSPECIFIED,dft,-1953.56416904,-47.16696986532491,1 1 1,215.87703073779903,36,8.484299202217363,0.4854636730378198,1.3356110770065595,1.7049930009061296,
tersoff_1989,2433,12,st12,UNSPECIFIED,dft,-1953.6050134,-47.149905568943204,1 1 1,212.86299256471338,36,9.369007600939252,0.5101472445649408,1.3098565103549014,1.5533361925188278,
tersoff_1989,2434,12,st12,UNSPECIFIED,dft,-1953.73685254,-47.4982596244739,1 1 1,223.57984663897903,36,7.90860278933308,0.46870396927571223,1.1543433515735613,1.6286386852035863,
tersoff_1989,2435,12,st12,UNSPECIFIED,dft,-1953.47604903,-47.0416468114365,1 1 1,220.04773616068118,36,36.947357513452346,1.0130723007193452,4.140535595910409,1.4644953399218372,
tersoff_1989,2436,12,st12,UNSPECIFIED,dft,-1953.38008495,-46.95623461418067,1 1 1,211.90249948787041,36,9.522517521636034,0.514309610644212,1.1457660667428462,1.5378970900262188,
tersoff_1989,2437,12,st12,UNSPECIFIED,dft,-1953.05720936,-46.365634528266476,1 1 1,212.2181196626717,36,45.921661969511845,1.1294253943379036,4.182292822292101,1.8584049209768874,
tersoff_1989,2438,12,st12,UNSPECIFIED,dft,-1950.88854185,-43.215545454818624,1 1 1,196.42928710593105,36,372.72814045040496,3.2176947426621583,10.978576110436334,2.512483058972184,
tersoff_1989,2439,12,st12,UNSPECIFIED,dft,-1953.66160314,-47.15868468541044,1 1 1,230.31012702426537,36,51.65126480257025,1.1978135729849413,4.788859462657757,1.486049455540128,
tersoff_1989,2440,12,st12,UNSPECIFIED,dft,-1953.50451295,-47.21972469263507,1 1 1,227.49974091107615,36,16.224141400577366,0.6713200387747131,2.6239174234805405,1.518224722677773,
tersoff_1989,2441,12,st12,UNSPECIFIED,dft,-1951.65273719,-44.96348205309389,1 1 1,208.1806535309029,36,19.542612839141043,0.7367837923317849,2.0819785910156456,2.510072213882059,
tersoff_1989,2442,12,st12,UNSPECIFIED,dft,-1953.88235459,-47.45735797554979,1 1 1,223.3928904639136,36,7.880124943538208,0.4678593373469509,1.03902838414185,1.4566013886765465,
tersoff_1989,2443,12,st12,UNSPECIFIED,dft,-1953.39635902,-46.79085523611255,1 1 1,215.92391084753913,36,42.12221139565601,1.0816937772110513,4.562440443244192,1.7369812078790605,
tersoff_1989,2444,12,st12,UNSPECIFIED,dft,-1953.26637235,-47.0097429332257,1 1 1,229.05438868621056,36,9.413476485201336,0.5113564881002874,1.6153271494640495,1.651420236963559,
tersoff_1989,2445,12,st12,UNSPECIFIED,dft,-1952.24201659,-45.0995208097714,1 1 1,219.98501411929095,36,96.72681305762102,1.6391631762174412,5.672761081635677,1.9608644236945885,
tersoff_1989,2446,12,st12,UNSPECIFIED,dft,-1952.95407045,-46.04301934959683,1 1 1,211.94141023733752,36,144.3789996370453,2.0026302124195827,8.23341365421033,1.929503694643896,
tersoff_1989,2447,12,st12,UNSPECIFIED,dft,-1953.29146694,-47.117502593910615,1 1 1,227.37658451999377,36,7.691573046349309,0.4622280896300401,1.3280648317224102,1.7388847021742286,
tersoff_1989,2448,12,st12,UNSPECIFIED,dft,-1953.76279173,-47.42977588114776,1 1 1,219.20852422658066,36,8.174992802221942,0.47653240539868214,1.1386912727763634,1.3536619574653375,
tersoff_1989,2449,12,st12,UNSPECIFIED,dft,-1953.31904876,-46.582264355820634,1 1 1,226.34373352046302,36,21.973720874083863,0.7812689264211258,3.031632783448469,1.6138461547969118,
tersoff_1989,2450,12,st12,UNSPECIFIED,dft,-1953.10298349,-46.51463800252931,1 1 1,211.93684749247484,36,10.890094306311791,0.5500023814673641,1.5359135975729135,1.7415098350784586,
tersoff_1989,2451,12,st12,UNSPECIFIED,dft,-1952.94783871,-46.18916147479197,1 1 1,205.117328941343,36,14.226231975545183,0.6286279586781124,1.7969540928926568,1.8747233859485035,
tersoff_1989,2452,12,st12,UNSPECIFIED,dft,-1952.93045297,-46.23370984275684,1 1 1,218.2479177308758,36,50.541633434922254,1.184877319422215,5.127548697053645,2.0011089528114714,
tersoff_1989,2453,12,st12,UNSPECIFIED,dft,-1952.08475785,-44.58383295126378,1 1 1,228.05672254146072,36,79.37401990188489,1.4848683060000536,5.939754819641672,1.898555872092874,
tersoff_1989,2454,12,st12,UNSPECIFIED,dft,-1952.26936768,-44.93993687348991,1 1 1,201.2900811959376,36,175.1833534210585,2.2059474748271026,7.877122616778001,2.074646539345116,
tersoff_1989,2455,12,st12,UNSPECIFIED,dft,-1952.68847575,-46.272609594334476,1 1 1,217.71798489976047,36,15.355939233054539,0.6531109152240899,1.879925730931821,1.9695541311614162,
tersoff_1989,2456,12,st12,UNSPECIFIED,dft,-1953.51503744,-47.37536377255974,1 1 1,222.0424597656922,36,7.825845677285578,0.4662452167548978,1.141065401861688,1.4899657617002104,
tersoff_1989,2457,12,st12,UNSPECIFIED,dft,-1953.83199318,-47.20007810192041,1 1 1,208.6808370598712,36,10.298051461597181,0.5348429536269186,1.0801352259214132,1.4685736009399657,
tersoff_1989,2458,12,st12,UNSPECIFIED,dft,-1952.524297,-45.47077545609786,1 1 1,225.11723974825185,36,39.760633759453384,1.0509338936744332,3.7242703700076363,2.2023099234667223,
tersoff_1989,2459,12,st12,UNSPECIFIED,dft,-1952.55219744,-45.50529416110143,1 1 1,235.7789626430987,36,33.54827709337736,0.965347909267508,3.3580055588118443,1.837537337806591,
tersoff_1989,2460,12,st12,UNSPECIFIED,dft,-1953.94855784,-47.58784277593253,1 1 1,211.37400104252114,36,8.485716524561976,0.48550422027465356,1.049970113051888,1.4670655765014582,
tersoff_1989,2461,12,st12,UNSPECIFIED,dft,-1953.76243651,-47.33896894741798,1 1 1,211.51017597105906,36,10.749904987208284,0.5464507954673474,1.575401265921606,1.6299889017388023,
tersoff_1989,2462,12,st12,UNSPECIFIED,dft,-1954.00566121,-47.69014273766878,1 1 1,215.1416083140832,36,7.716562439861169,0.4629783544214678,1.1467173779491744,1.4869335310911962,
tersoff_1989,2463,12,st12,UNSPECIFIED,dft,-1953.22324171,-46.772196432285895,1 1 1,216.82299603470517,36,11.076912871807428,0.5546999407038665,1.490514002540867,1.8109097718772615,
tersoff_1989,2464,12,st12,UNSPECIFIED,dft,-1953.3815208,-47.15216038103407,1 1 1,224.4412499351028,36,7.142061371659382,0.44541058996975486,1.222990273912941,1.735677496264467,
tersoff_1989,2465,12,st12,UNSPECIFIED,dft,-1953.50570332,-47.113907080745996,1 1 1,223.26748684734616,36,10.198040921794627,0.5322395273692994,1.4050899341836511,1.632350183204674,
tersoff_1989,2466,12,st12,UNSPECIFIED,dft,-1953.33252581,-46.926881928500194,1 1 1,225.1241164348338,36,15.394793906952799,0.6539366667208852,1.9702714298806314,1.6335347845742034,
tersoff_1989,2467,12,st12,UNSPECIFIED,dft,-1953.51458608,-47.03887447996478,1 1 1,222.3654635260922,36,8.01596368612493,0.47187462100426075,1.1786489801110882,1.5911591501559486,
tersoff_1989,2468,12,st12,UNSPECIFIED,dft,-1954.1159279,-47.90344808463216,1 1 1,218.76135504320234,36,6.963529206649223,0.4398083296748338,1.0005438582299397,1.3562314543063805,
tersoff_1989,2469,12,st12,UNSPECIFIED,dft,-1953.88682283,-47.4330145252894,1 1 1,221.8311837300409,36,11.022374650625832,0.5533326970534954,1.583134663391335,1.352701130640509,
tersoff_1989,2470,12,st12,UNSPECIFIED,dft,-1953.8263331,-47.25351413106256,1 1 1,213.9249173613062,36,19.239971402965278,0.7310565300182803,2.648239217724115,1.4887112191804992,
tersoff_1989,2471,12,st12,UNSPECIFIED,dft,-1952.39185405,-45.65357515676155,1 1 1,213.8683942061855,36,44.68501810592613,1.114114223471899,4.545630439060789,2.20592103435466,
tersoff_1989,2472,12,st12,UNSPECIFIED,dft,-1953.1495848,-46.45292945464234,1 1 1,229.78363585128787,36,75.84886709844585,1.451520917850249,6.050117552133937,1.644132244404831,
tersoff_1989,2473,12,st12,UNSPECIFIED,dft,-1953.06770551,-46.238757179022144,1 1 1,210.08618344933765,36,36.120130873378564,1.0016670947500272,3.2853838223069816,1.7725682333841986,
tersoff_1989,2474,12,st12,UNSPECIFIED,dft,-1952.46351935,-45.87593624034878,1 1 1,204.5600566874774,36,12.794780789801901,0.5961632138051604,1.5803260431799986,2.2411750168921807,
