dataset,source_frame,baseline_raw_sha256,reused_parent_index,reused_prediction_sha256
CP2K,497,f18d748451e343a5c9f9ea3a3dfe0e9da9f1325d20ce3831347d660534c1f013,0,0a5d54bb12f4414260eb89a8914c8449b5b0daa552a3718826543e2041f32fc7
CP2K,505,79a29223cce466479f1600bfb676b5fca6badf17b0da2a3dcc011e5453b3250b,1,dd2205d887ae589d5a3755c5ace0c9d310965d94ed61ca83fb448306ab482d69
CP2K,513,d259b5f54ccee403ddbd386d9d050e537b45ff511ef86319bab3501ac094af63,2,f33a8e59069901f725f433ff757eb7d91f5492bed8fa7a3e4cbe5512140ec7ad
CP2K,522,d199a3757a88c2dbc69520d16834b1420d2fc069861c7123d6fd2d07de491eb3,3,055388dfd27da77a8e6c0568c5b4a75b340f4b77a05a7cd7b663a0508ac213d1
CP2K,530,b4d3e199bd85c7d1927510e9673895480ae82c355d488dfff9d9b9fec72a5235,4,661a03bf603a339b11c297ca2e60cb5facaa5c70d5104951e6e4c89036e55589
CP2K,538,a99cb4b7b59b620b72ca3885178a3de7818f168e52e0f7d0ce7d949c802cf765,5,9de276c8e883ecf1d58954538a8dfe68a2328338d13e998b17e906312b3e6d89
CP2K,547,0dc50b70af2135b1490efef5a66eb66544a6cf3fcbd157be7efa8b8996334669,6,cacf6bf0c6cefdde1ad240f50d1830b6725c72b877e47915ea177acf6a44e5d6
CP2K,555,0971064c32008a808a3df46ea1c49d4f08baba2632f5c9a6d3fd4baf1dd14777,7,bd8048b8446f69d1dd01ff6614b36b70e69fc203985ab2a7846029b6d3b247ef
CP2K,563,3170a9203d121e6811fcca229aa1d0fd14cabf7537d8d6fcdd78c76064e2da02,8,99fc86d1ba407766ebd59c9fd63e332d67da84473af427200a344eb52e4b55b1
CP2K,572,6c3a4533778b91b3a8564b4635ebb83e0cd77de7ce316cbbc5ae3f00da0d647d,9,9507867f2a19d47c95a4ee745a1485fb768f10bb5f197d3c720a90bcf51471c3
CP2K,580,0b0d1c729920d7c866d4da98c9460a36c8cd4f5dd77fabf2223919764f8a1431,10,214f7e7c7480bf66ab20b15a4a5eed36c5aaa6104fa5ef4c744afb31f40feeea
CP2K,589,218d2b36187e1db53cab5d6640c9c0f185d105c3e72f2b87d0827c04ea2ed8b7,11,2cf5a4a6a381444245ef9602247315503715e0bb32301ae5a7633d7a8341d6c6
CP2K,771,9b9da82e82a9d7e5588483fa88eff1a4abbbba9d3a5c3776cd0d586a8dc34dd1,12,59c75363e07d10aedbd11439e7c32ba17c2cb9ea44a7089155cc8e2496d745b5
CP2K,778,9f5e25c4cdc7c1d9ebde724c4a0b7366b295480a679299749ca853c010ee3b62,13,5752788489abb1c9ad5aa5c93ff493357aeb0b2365056c06ace172b26759004f
CP2K,786,797321c90621bbcd1b82d48850c7b4be609d5839c66db9455a7c61aa0bb58492,14,3b1a7b51ce4340f5eca5ae4df7e4f538961cff90dcaf9246ba2d200f776e629b
CP2K,794,5c224c6612b93a4433631d83fa7e90b0b394e3d87586f8d8c0224bd4fc6c55d3,15,41f0d3d4ef6605b0e23e3ebc5abc6ca5e5ac313baee6f6180714cd3724b6e91e
CP2K,801,00bb210dc4d612fd7bf24e1d113bbf2c4956ea551b82a58cfd4392f82f11cde5,16,eba6853ca1869693f9a748005c6c43a3fe67c0659dda8b5ff974978e13ef6970
CP2K,809,1dc43595d7973f0b0d5da3abeff5cecc5f6cb336a8eec2fa43c8451c1532a35c,17,5f42a04de9cec912dbb1b4ba3a508dd237de28c482d52abb55bec8195d13bccc
CP2K,817,c5da3f29d14c656d625be012c4117514fa00ab1d64e24e856015ffd9e63e34fc,18,75758c7734f7795846832923fed5ae2d1e205bd5e3d3cfa0158ab0a0f94e9e56
CP2K,825,7b0d44aabacff2e6a4fd4add4738d804fca176ff7876ce7c48b535495112ab35,19,b5500b0dbd322e242670cd4da261f1bcbf8a91e7418d3dabf2cbf030a54c5931
CP2K,832,d00079f6155cac30b1d2eed4b9128f74e1bea4a9668a602cc25f8a83c4b772c9,20,fb0229d619f3064e812b80f88154d7d6d4d32f16939f7b26362a493c7e88623e
CP2K,840,df5f5cf8f0d9cccda16ab61ec30e73814cc603a191ff3c0aac206459d7df359d,21,0f03b2c8cfe753080f502c161610d55516d4a7a7862a52ef32d3594b6b5ac542
CP2K,848,d4df9d452668c879a7d9561d1448a61081d3f7a97764d21c8812dae78d7021a1,22,7006a30b8469af35f98dac18c0f432e7d80a0399b2a84bd6edf463c42abaf346
CP2K,856,bdea8d93f39da9a9846edc587df0bf9e41afe5698dc111caa758a270909dd439,23,f3c1d44c28232345bf8f3484608b7fa31e7712dcdbde68f7f3a28ecd4d0b9368
CP2K,857,f52d5110bf083b083c7862947b6d77b46cdc9fe1500fe1df94ec83bf61e09e5c,24,90245e2414926b33180b279c79cfe41be714b857befb71dab1a6948d78427edc
CP2K,864,00becd9c370602eed10524a0daa87c7e05b4af59f054a0202f42473bf7067a22,25,7ad7d15039820a3b2df1823b8515ca9605aa3f93770beb0a246785d5069d688f
CP2K,871,0e774171798391380107578275a2f2abde83f46ad92aac820546e0a2c4d3cd15,26,115e173be2948cb81bc1e0bbe20004cd6c08225cfcae43a5ed967c152bffd43d
CP2K,878,01adadf9620b538f5a99a436a617ec25c85d5f25072c57fe0c4e3546be7f43c1,27,63d895a5dd9ff175b63dc824faf0cbfb1650b141aaa844289f8be32a7880dc08
CP2K,885,81049c328c50668e9786f1ecb0cf31487da55bf755e54c6f11f9e46dd8360156,28,051d921229be2711733f7c3e76bfd141ede6af1cd07fd0be9125998e2a39417c
CP2K,892,0727fd11ae19f0c6d207a189742a16b1484037ba61a981f9e2a45ee8266b1ab3,29,1d9f16b3bd3579e395d26cd0fde2bc114cbc7f3d875e0537de5c752cf8ed4b23
CP2K,900,b082333fff052331c29e3dded1f068b17b706e900254510370d32d562259b77d,30,d4408525f63414b238ea79cb1312439fc566928b8c32289d2ad5eaef78051dda
CP2K,907,98930d89eeaa361968a2a5bb726769128d716a3edcad28ba82cf6652c133d961,31,fb0d6f2bc8ee3e22b44e94924cebc08ec9faeaf85327008153c7c9feeeb59d2e
CP2K,914,bcee1e8561907cbad0e95350d8b0813161a0d25b2eda979adfd46d101a8b7b1a,32,dc33bfe5d55eae2b3bf7619e9d0d92b46bdce1a0f97adb44dea4914c8e9405b9
CP2K,921,39e6aeebc49ad2bcca8ca3fda7368529f6fe3dd1358d26db0728cd9588e1550e,33,76650c815d21d80da87db6b16d6cbf78497fbd59ac85a8dea753c5665373c25d
CP2K,928,60d752ce4ea434d851f27dbeeadcdd8f753d7b804ebc4983e30ce9b7a18f39d7,34,23ad88faadda5d1222fb0c2b9ecc4916d956d334e96a8462821df333adfcbd4d
CP2K,936,141c90ac27c6e44d2df8cdbda5ed3c8c63e3138b13f68d6ed95e05ff3baf3286,35,1e99eab035459789bddc541f29de26e2e5f41753df835b83bd1e1906a5893703
CP2K,937,3af858c715ba33c53e416287c76431aa3011d2486907ccb0549a3c4296382f4c,36,6b718e92bb55512301b556948dd3fdbef5ea3f4a887b3287a991d35425e246f1
CP2K,943,c29f992dbd2e5b8ce4b3a494f0654825668bb57bb721f7ceb0a5413f1c1a7bfb,37,a309dcda3102701491b70dbba2aa6b6cafb5559a0b50e7587a68de190146fbb9
CP2K,950,4c93590616c887f557bf82d60d696048a66f47348cd251936c07bb5bf69d2e76,38,0b2619b59862086332af070c1a35c664a56450103dc8d47e874e7f8b37ad92a8
CP2K,957,6ccee1a190fd18cdd679ca48fe4a399f38245ad63fb567db87152393e6273a17,39,07fa054290ef401afefca85f364b7d36fc040a2b41be4afda6f8a2ed41a6743c
CP2K,964,61b305d0cc5aea4ed7bc9e1f7a0bf8901cb3a2275efc44b93ff8154cc22b7193,40,8a9f115bf6acf8ff6f44e223fad17b19ecb11159e22cd632ac7aec38a89e550b
CP2K,971,64632aadfcdc2e14ae8661e569e51b15a2e84bdfe9a4fed3a92a457009c07c16,41,8821a90d5bd0f78fdf44107aace2c08a5aa4e3c966168def6ac6140813c47b8e
CP2K,977,6a2f44aeeb2829346ff87fed27aedf4b2b04038f209402d51e40d09349ef6ab3,42,d1852ecf5de86f4111984116535cd7fcbb8e94c3c6146788793c4fc6b03b298d
CP2K,984,795c54341bd80e5a82ca279ec6d531ef902fe994d09e3882e756bd0494a14be0,43,8cbaa94dc25e13c554ddd88724300c48f492f202c3b191377da67220d75eb0ff
CP2K,991,fb29d1e81156594ed200e08ea1d100fbe8d6a8c6c3ca076cbaf9f6be54f6a509,44,d2e6bfb30a173950598b9d8b87844220aba3fe626d305f384e411a354806ed27
CP2K,998,66726688d0430cb6107b8ed6aa958cf69746e180209d97dc9e996200ba38485e,45,a65eb60391e6f63f907d778a3c62015a36503391634b1c418587f64a708ab6f6
CP2K,1005,ae80acc60d281b93ca2e6391d6baef26220e27bf69876c4f4008300de315b1d7,46,1cb992734ddca5932c5a2b44cebba590d932d64abb7620df66eb4c888ff35264
CP2K,1012,ceb989ad178ec64642bd469fe413389f6f99340f15f5433ed4cd2827d0b3aa1c,47,fcd9fc2f18bd6a89dcf22fcd81d12ef931ebc82761678db42258449f7196d831
CP2K,590,fb5e432119d8c2f524832274cd7fcdecc7179a86a4528b13b72830e201cbd6c5,48,35ac437d9790a681d2c9ed3349037985f6f51296ca6e7d4a786c95c8c0300121
CP2K,606,4a9a6be5065fcb700b19e738f607bc56889688d7da4222ee585f861199977366,49,b1881ecfc0c47f3e48a733a894cebef3636a4daccfcc884004a738115538600a
CP2K,622,4ed3c867fadd427e954540a4b4484a9af56c0a0215a3c2f0f16bf9d12c7d48d7,50,d3c3eb425cad0425132eb29f443f99bb9d5c666c5d6f0f0efe9f9ea1918bd0e6
CP2K,639,82b95f958355f40b5ae5ba8ce37c486d7322de695da16f38f6f317d57024b49b,51,16b9f53198261a9d5c7ebaa3797d7cb3c774b73a628d29236b0e787dc58f1f1a
CP2K,655,a794372fc65cc02b59f060ee07c76b79ffae8b7170e3dfe672b73053e12c638e,52,caf16afe5aa966d28ed5e9159226b89932e16b87152f32ae97c559313109eb80
CP2K,671,d05ea23aefcd344fa637774975141887e5ebbd87bd85a08c481c85112187ef6e,53,6ba93d8bc85f7830ced87b6f548cba1c19ced0327973818481ef1242d4d83108
CP2K,688,10c3dd48f61afe88c008a9e417f633d7eaa74fa0f16c5c9bfa7e9a0f7ce0b6f2,54,3387a16a5488bc7cb65dd61aaa213ac3cb7c75dc9792dcad2a9625d6872d534e
CP2K,704,ee6d4f47c8b149f8ac63c38356175e906fd4e961d9ec9c1cae01b0f14063350c,55,5783ad1c9b6f88dddc5d0307f03b0bf9aa774b68dece834ba2105f0bd5156c59
CP2K,720,03282a4a08a3d48e98ae7a6a02795317d4ed831ef38393d39db7d735f0f16645,56,0f6805deb08037e4350e9c2d12918ea5b87a72bd945d9b6a54868c5c345d98b5
CP2K,737,9b292724b4060be3109c6bbfdd09d07ffd2350211428362688c184034f258d5d,57,227c0e487e3648b373e2eabd86da16e29ab14e923cea327ccc18a36bbd793853
CP2K,753,22ebadfb015731584bf734106482ad7cf6f26c839fbd00bf25f181bab38d182e,58,03b3c4d6d402272fe5180a263193af53097900714e17b4cf77dd73527ab51d4c
CP2K,770,c47a3da48ac6ec32555bd0e964df068b0ae50b761dcf96591c20e06d4794967e,59,7ecafedc9e869347154793925c91d28f33f5572c9a99ef623f4df689e983bb74
CP2K,433,feddee778c67368df5bc92af63a75f594a700c7e674430998d46202e82c1cc01,60,bdebc4d0895e43b213156ee1974e6e2727cd09fae2b63216d6910755485e8edb
CP2K,438,606308ef9752e6b3b6b1aa7108f333990fdeea55db1199423247e1279832f6ee,61,ed6f5617321ef83b666064dab489241a1650a2245fcca1f5f6af14d6a3c59f74
CP2K,444,5da3e63149c3dcb9e9031357735377fdd0f388416c5b22fc6183c5b81a7dbd1e,62,8a1d5d6c8b74451f782c59904970af30ccea2a28a9fe03d89bcea107ad5f0d62
CP2K,450,456f65ae9f7ade70e8a84f8108b7792d100b8d4c5c032c8821f4ca0ff83c8c4a,63,35fd21c5069c7869e2da77dec31c30e5225883c2b01f124c929e5efd7925a04e
CP2K,455,4aa8f172b106f5ab4aac96fee08af21915991f952ae3c87a36a7ccb55ba2dca8,64,fcc064fe23c3dc17dbea51fb038e6ce7e38ac37aace20260a4f00436e9ad8513
CP2K,461,a67462ebd74e5eae51597ba20b892269030c005914de9fa1dffac7af1b201367,65,261a33bd7da5d3d247531bd5f9c7bdeabab8fa6e6fcec7625a7af39522b19a5c
CP2K,467,95029d9e2d70d7952fce38263b554fad106b6d2f824f8b319d2a47e69862041c,66,895be01a84a62dc7c9bb7f9785a2127ef5bf36876a58c62beec7a49e1690a128
CP2K,473,e4c17080ef495f4b6fc2e56681621782e4343218939adb5d87b6db7ff69661f6,67,c82306df9492da1ccae23649f53daa97d3f275011e6e1f737217bdfa361f05d1
CP2K,478,40c27e744f65a2ab245b5a36d2df9836f351efff299b3407f196b37c6fa30278,68,60af8404fe503f492c9cebb848e1e330ff06de9988d515f33acc1740f5eac2b4
CP2K,484,c24af5b9e1aa3c1722453af99af9472dc875f096cec6725df0e917b57ace647c,69,9fb7efaeda84fa3828887b49a4d73309360a4a31347dabbb740774fba99f90f9
CP2K,490,d82baf95e84d0529e425d0b4e5d55e6d6bd55941c0fb0e2f480e64c2be16e9f3,70,585036e9bf50c9f77c5362af2d1e26abcf61cffd544458ec434ab16aa7f572f1
CP2K,496,2252061166e3b572960901e78b83f96bc93a32e9f8268250f2ba376107dc48e8,71,bd02ca7380d94ac2f7ec2de32909c00a89bd5cc552be1ef79fc496e161068f31
CP2K,232,0d6d20ef5d607554e4b8a79c1ca5523b72e8879a0872ccc8b5054b3a5eb66c11,72,a9c35f847fcbefc33f94e728a6d49513f9bacaa13e05e6ab50040831020910ee
CP2K,250,7d76b175b904c8c49e533dcb2936825a4d9eb0d434c1c43ce4f34bf4bfddf2bb,73,78b5a8ce35567b45bb00b246340d9320e6be9db98e4cf14b490f33b398f8ac6a
CP2K,268,fb039b98a0ac9560fed333f9391de3c678e90f73e9570c82a7e92dcdcdcd3be5,74,8afc928728381ecb08c2e238aea436591d96e77580973135d297c5140889d042
CP2K,286,b3b1ead717224b4ee71f0675204f5096ddc8703c7e8d58050ff807b0810319e4,75,b807feac31e834e63123be9e77a55ddc56455d4959f9214c1d31886f4592e956
CP2K,304,bdeabaf15d60c7a2fb3e761b025705d97da51fbf32d647ac75fd757b076fa2dc,76,efc46f730a66974a9c2831e0b6e00c2ee75d0b46be5530a2c7781cffe74e9be8
CP2K,322,34591bb88d07d2bec31dbd5349a740fe9516d321737994d07e9dc428ccc0c364,77,a4d6582990040bdd22e5cf3277b23bc53826f6468ee9a0b8a1f4f097bda6ee87
CP2K,341,c0cfff593f9a3409f1c37f9877f58cc627d70561a021112a698eaf8e2cdd9e07,78,8ebd57f44b881d4d86271f96b419f9d5a31b53fa7b3937f0a869766ec594befb
CP2K,359,725c1201c9cfd127f2dd6755cc7396f2b7a5bd528dd2cef8b37f9ae8df40717d,79,d9991b13da6fd926532d858772bc0e703d3da80ca881abd8fdcdefc4bc3af637
CP2K,377,ab4ade0116182a734b9e284b9048525135428c83a8cdd6377d30933b43745a2b,80,e253ad7c72fa3a139718c049cfaaa7e047f93eed4644af45fb53a618c0479fac
CP2K,395,1459a7ab9ef8930d24945aec0e7eb2efa94720d8ead0dff6dceed45864322558,81,527095ddc79b7fac55ca70c2671400e3c91db310c20ecb0178542eb46b0c1bcb
CP2K,413,e6b50d59c490f120e829ec06be8626ff56529adce982f32650ee2dec904c66fa,82,fcca4ad8aa9c3858127a7e6b8f5454048a0cffbb5b1c57b96551f44d7361f439
CP2K,432,5b214c26c57d2c550c5de4d5fe117088d678abed89e112b543b5831de0786dff,83,c0b45af5cc61c0da8edce61636b196535412978fa5eb48ad32fdc75ef7ba2dee
CP2K,2,9c517e27d06aef2617129773f1537dc20d998232ded8e4c88caf11c3ab5e2e97,84,a92ac8ff8872522d6f056e7da381eda68ae6e5b575312e1f1796b20617ef19f1
CP2K,0,f7acfecd40a1b637169c9cae397a72f88460c80e882ddd4f297387cdfc67a7ef,85,e9d46d2fd7a4adcc2fd579ed08d5781d32f37b8846666a535667b19c56183e1f
CP2K,95,9c44ef9c1c10faa84599dccfca93ddf843bc85636f9154bf3c4013821b23d6de,86,b0c13f46420438f91d51b913c114933f71ccc69b432057bf9e592efba0c8df0f
CP2K,180,911bb7afb7ea638aadd6a0097d999fd9021df45c7abc74f45c7340bbd442de39,87,da58f15ddc0ec30745c66998b2dd656c3b62fed6151630443d1be994f5e107ce
CP2K,185,7dc9036c0abf62b2ed830c8425dfb073481cb76ab873db04306e5504ba3d034f,88,ecf0b9772b90e1a8143510cf34e80b4b20ed54b8a240fab0e2c3b35d4e1c07a3
CP2K,190,34fe3aa89dbe461db1830e87885025c20177ee1e78a1e4992466c9e9dbb6a089,89,b7f89e7ba01054340a11236b3529621989c5f456b6fd91cf008dcda7babfb27c
CP2K,195,3ecfcbbc78c7596bf04017d7ee7819d63662ba2786e08427bb18d05c51f69cd1,90,3532900b57b54b3c87805fa0209fb6694426f662e9bf9e3534422e265b72b0ad
CP2K,200,ffe9db29a5809331bb69b838dd69ca16075e304e78f2f27652047a771975b9a3,91,5847befd5ef661f2c6077685b68c58deb618eca37db141fabddbc65767c80dc2
CP2K,205,0315cbec7db6197880d645f1bcee20c146f5d09e6f10d86c046a5d56331e0dd7,92,fa7aa3929de0d8ee7b055cde61998cc3a446cefe877ad146250460ac8c52fa99
CP2K,210,9762c906cc73f7e6cee4701286e30db3505dd27f36ae47ae7fb1f481357e93dc,93,07f8e1607f3a8ec06635ab26c7bb7f1fb2a21a37bb418c12f3593ccae9941967
CP2K,215,8890240bcffb19d54cbf7467e2f62a6312ef3557fa7459c13918745e1c94171e,94,4a946cf822d09b3658dae31bc6af8dcfb5118fe93c8c02f513a19677b6e950dd
CP2K,220,44ce12438af45741f1edfb1ecef1e48de130efb1fdfe7b933fdb3eddc26cb28b,95,4ac663725b8f03012babf3ea0297121a10a7bd62b0174fbc5e9a87929bf6e000
CP2K,225,16a8a7cacbe0a47cffb5aca6e0886fd0ccf3033a32e6f300110ea015ef408794,96,34c536c44c91bbcc4fe28959f5060000291c1fa13104748e659de0959110f885
CP2K,231,f55731022a9018aa50b3aab7cab89e3781ade84b20d955cbabd09d3fe595c0d3,97,f5fc8eabf4528ebc46dcd317dbf86a4a05a5ff109bab426f7f58623eba8a4848
CP2K,1,94c87eacdbed862ec6623d4b1f1ffca7c2802a2b5f4e0eb53481c4e49c643229,98,eadcbd7a5b0b99a621398ef3ef9a36a1332eae61e678eea454ab29308d36356b
CP2K,55,5b77cbdd841f80383d525ea86440c286b3774f7b7bfc729ef999464429f9d004,99,e8c87a0ddaf46020714fc9a9ed166611b60aa102a3c3a6a8eb58eed7cbada1b7
CP2K,63,879b1050691eeae5faf560d2b77cfc9793d43e6156052563f0677bb7d750e1ab,100,e1f4e486eb0886b830d274955b8116b1fe95912a7e4c6e80b1113a89f0275938
CP2K,72,b454d45ff5928ba0894320b2610293e2c549872b36d8b02d4c0813a85a56c798,101,a4e709963356796ee6e95c97c53596221998dc77bbb19e9b7a29424a7e7f1ebb
CP2K,81,909f29f534c57b1541d8b7e70c45f53bcb585dfdc4f68845bf36364fc007ba26,102,7f06b62881de4dd755226c1a7c556cb760db53c5b98b9f91d11767699d5c16bb
CP2K,89,0d4c0eff0861fe6bc7393bb521ad8daff2801fd0a98d6b7568a0e7cc82de87b2,103,e648355806d2c34c042f3309f33e5e49e0691b42ca1fe7fe1db57d0289d37761
CP2K,100,c3bf2cbf879c0b097eb2cad6864021b0e63f1b347ee0387281d20d243a6381dd,104,8dc94a7845650798af7a64c84594edc5bb6fc91bd0b87eba7ca63ba97d956729
CP2K,109,d40907039fa5b20ac1e87eef7fff583fbdc6fb5e94af499fe725a0f3763172c1,105,458bd669cbaa7ec42eb8d75c69911beeefcdc16d210e9a85fbfbd7892d2ad261
CP2K,118,2cfac2e92d381c64dbdbfc0fc377d532e685870262d7e5b22e62a945393089c5,106,66f24541e6a67b7e87a06a25f15076d624422ce4075911b27bf1ac9afb7f197f
CP2K,126,bb149382e3bc8b71ed36235becd08a739df115904f93ffbdb2f3927d41d922ff,107,8a9b6461ecbec22977f13c913bbf46bf142966d451a32fff5f15e84675cef80f
CP2K,135,5c069d292132e00f42cac26702c642e5e3a4c073c6c73360a9728a02a74be64d,108,57042e609361def8c2cb8ebc3c4e494f0c588d099c3b517201e65df4e2222ef4
CP2K,144,e368647b1eeb725863c70bc55812758d168f84904b399b3d3647d670bf3a5fc5,109,5375514380c7a3bce0fad261475f00852c229dfc397ed54097ab58e87185d2dc
CP2K,153,d0066d3163d6151cc421b24332ed7df9690039654f78c1d8ac2235004c06e428,110,94a1459fc902bd34cff9cbe8e621d5aafc80437d3c95e04476eab174d1bc4603
CP2K,3,f1004d4809b1c0aa97abe9a8edf9f39408124d1f87e0dd4c7993a9f71eb58b05,111,9bce9e813dc36afe7e1b6aa1526ba6a6fef173f66862bb88c166058f8bee7c17
CP2K,7,a3a0003a79de60d0b23cf5a3d4f26f467bbca1becd0a26e9b34bc62910c9955c,112,8d8c3a8abbf91f46e59a06f615bfa4e3c264c952407ac709d1b244cda847ba4c
CP2K,12,8fa743a1ce2127e64247d676158bc871311aafc0e36c706e06b13a506b4b8798,113,067fcecb8040a33bd2ce61daa7f0d9e48e25a13665b6658941f5a45d05ccea8f
CP2K,16,ad5bf346bdef1f17a07c06ae4e7299979cce3c00f474d1d3494c55d3fdba854d,114,e74c9bc11b6af2ed78bae8bfbffc693d291a5d6d2b0d0ffcb800033ed1affbc3
CP2K,21,3ca3064cbc56b1b0848630b57af769800f57f63f789d562062804013f327d1f1,115,3008c3d9b58503be43722518c136c1146797ec35824ee3655b87998ed5fbc1da
CP2K,26,d50898acf4a3161ce564368d6497d25b12a0aaa25d7af6dcba5c6a8acd46d687,116,ffc8b228f7343180c61270418fed5a6ddad40bca805261e1c7fee2efa0f6ce48
CP2K,30,ec0d048aa02acb2771e7dd0dd32d6784d9bad7d70ea2809a4299b32d8c5b4d86,117,6237762d8e6eebe277db7dc9dbf6036c1f899e8dee46f908cb307f51d0469a23
CP2K,35,655e0024c53c1b4fb2ada7d4a4b8ed17efca6399a53f62fc96a0424c36054b8b,118,fcc64d36f24e048e89ccb6d911d2aeff9aa14c3f3b1dcb39210a9f26a3745041
CP2K,40,cfb3200633bab8184434665bed3fef11e1ba2565e05b395f9515c263d32f5e47,119,29cc33fa3364fe5558b9e067ce186c48ac671d77e61455d612d8e5ecad9d08c0
CP2K,44,85f999cb61cf810aa9581bf115e9ca2fe713f3d87b1f988f2df60800c4e1c2d8,120,9284ba632b5379b0100f2b3a3ae409b417530abff4e63ab5c6bcbdd3d01fdfef
CP2K,49,764b189e2d43e8d5870c10703828b16b3ec2294a849525f0da65a89ed7779df9,121,2b7d2a2e66353133ef39f550eb1eb3e3741d32d3df852f2d41034e116077b039
CP2K,54,70f45d56dcdc32b562cbbbad4982ace3e29f5755bb8deb342cb7523eafb1adee,122,a115651eac49a2a4e49994e423a9ca7edac54efcda0304a8370182d486b552ac
CP2K,154,af0df2f7cfb10152e257a60cc02bc76849f48496885111899aadd3eb45c5207b,123,407f17cf28c5b566581cf4132867229ef048ee5b29d8b74f40b344be4439901f
CP2K,156,e0bc7314a577d280164286ca8fd272e079414f1609db791c15404a7383120630,124,b039158ff71e95b99abc57de218d474aedad18686ce42b0c31141932ae6c9442
CP2K,158,f5ff11332d3beffc74882c32ddd9ad3159ba01f78889db47588d8edcdbc1521b,125,b0da2711cb743a07d1a348d4affed4d8bdd9316926fd31181407508abdc175c6
CP2K,160,1d02a74943502a2ca2e9853adc818429937010c3d398f8de13fb92b77d9f48cf,126,46b4ebf222de752e105dd72a23c4d22eebb642387ed999041bb7ab7f236a0b8d
CP2K,162,4a29cdae343e664a8fb65b9f4eb286b08166972af6bba3449b86cbbf13f16609,127,a79e048893890a2de5d0277ff8793a502756d83a29ae2db0c71235669e45d052
CP2K,164,7da28f1c4f9deb09e812a370b0464d8dd10b2a8674f64f357132a3746461c0e5,128,4bffe4d0bcf8bd5e4bc4ecb3564ff65a052c9550610465c6778ca041a0f13c07
CP2K,166,b5f4a0753c44cd47c3115505e72325634cb35eb52a2f34ffda29481b375c6de7,129,86e7c9a8fb22b9d7d9a25ffa5577e6b95b9d419e97b1633f59ede8eacc9ec79d
CP2K,168,3bb168b273ca00dd24e086a2a62def1add01f0b4d5ab79ef6d93acbaa97f00ba,130,8397b939662e2edfa0d17240fab80570f78325a5b0e750ee36958b282e974924
CP2K,170,a0d13e541609b59dd3a774d6d82f92ee664fbe1a4c83b71fc6072f5a8e074db0,131,0e8b107298142851713fe64b940cc91df73972f8346b2eefd8b44f81de7f612e
CP2K,172,ec57ca8b433ca8848e708f6a16201cbccef9993b4d85f31d99f87ead7813c2f0,132,5bf9f2acbb7fb382562343886ab8b5bdbf96bdd8b6a93201a8de50739af6ac50
CP2K,174,bc545566f7e67adf7e136a2b35b0ca0a12340deeff0ff991da86d2cc5b849b55,133,14f836fcbdea98dbac8c6b0d74703b8993e123247db825de2fa96d083ed881c4
CP2K,176,7d26e6cb5551104188825b0551e8ca3c3d1d8966b1f907dcede8dbdc9a14d04e,134,6200057a3fe49219f5e83bcead12acdb576eb700e88011de9edff6ed91709c3e
QE,379,225aa701e1fef847c3e252dd4735ca40908dc0f10c80e2a4e18c6eb65f47e515,135,b2dd8280ab0c1a4db969d0b115ed864774f1c031bb24deffda581c50aa8606c2
QE,783,612d86fba26c06b9d75992167009890ad2b2a022a4d703b3ec33301c753c4d44,136,6c2a24726ee56383511c7d540d0f66ff6853b3afc9094a6f164ab3c6354f8590
QE,784,551e008acc16ae60b456e5e8e8dc79ab9586aaca95363fe3e134fea7258d6493,137,a6c1f13e889bbd440537ab45663d6c7e51df393a50bd3acb529b5c324e1f20cd
QE,785,ac4316af33c24552a5a535683e12654e92923dd4cc884a89b1cfccdb4c4809ff,,
QE,786,18e048b7ed8277e8c7d075b0fd06960de363fc7a3d90b328a10b8f747a6c8163,138,b79f76d426c5a0a18944af63b5aa8d7287bba1633c5df4e8c4e96a34b92a8004
QE,787,bfce8d5b37a8d722687acac7dacd9b83af138deee807bce65b7953f2393e2607,139,f53fcca99d8e1e5405b24be009bdbe36a65416b1f0edbb9a2128e43f2e7db8ef
QE,788,75a4ccd4d3628476078440775e2a7c66789a15233b7206b3043c987d55a19182,,
QE,789,d36f3a98529e44b6dd69cab7c062c677c55373b9259ec6c4fd53546888f2ae55,140,e2af38c3bea5c800f3afb3f61d24aa79f1de69dc571cb43f6ce32570e9f1a588
QE,790,abd950a3c1605045a464cac7c68e0d099924b909cbab863fb5c66a95370a4c47,141,bb078d7288608712fc0bfad057f99dbb84f1467a7f91a157d7025a4b9d6c4178
QE,791,80da9a73611d4917760ff847484cd7d33555424627951e0631b717b9c34ef95a,142,67dde5f5e590e2785ff20580a72a153a078d9c1079f4f02af5c4eafcb005f339
QE,792,8ac50f298bef31da6d5315a50d6b30d374d8313409d45c73bab2fd6a8069f54e,,
QE,793,18b934e4cac46bebf1c5c69548e5506e8166c827ce125078a3782d4670b02c80,143,ca3d6bd9ca39ac096f00c33b049d78881294f8db0234f7e7401b38215bba9cdf
QE,794,5a8f0ffc34eef76ad8e2d3cb9fd50ebe81147503529b080cf5a7d237bc8668b0,144,18c5f68e2a7f7ee45b4a9d3c21b436098359863a36459f113e3b77e2bdd1493f
QE,795,2a7303cd5c412ee6388661dca9c5b81784e0dca4fe8c0ecc9f3eaf3d33af0fcc,,
QE,796,9ec82e66f698d2e99f8fc21f37afc0d9d67dea51c57ffbf44a5b8c9140b130ec,145,b5a1624b5a78649dfcf55fbe2ea3335e8612833b2f9ad30e7ceffb074fae4aa0
QE,797,c0a1dfc6b083ef45fe1e1194345107cb3ed55d89b2cc18627c7cf9e8fb2bc860,146,afd066d5b19f668a2b7f4cfb17e150e465e5da695cb849e9682060943991841b
QE,798,d12548743df6e48680505c80cc38719b98b65736a65e0d739e83cb8640d11bd9,147,c2c18bffe5c272208b93bc4e5df3e0e2ba797c140188ffc8b53f152dcce45ab9
QE,799,3357dbc66510780af594e938766f97922a29d9bff9471d21497f5cb53c6f5e6c,,
QE,800,a8eb110719e8c4efef9a920ea79ea2d7324b8412ce616739038e6003df16bb46,148,591bdcd98ce5e7f05679728a06b29050d66b65ce3fa84cc9f79d55d0b4ec39ea
QE,801,0dc248e65fb5944faa87c5eba61af53e10aa6d08a254c140282a2366075e7c4e,149,e56e9269a036100bac68c5342a15d6e469b9929c3e1edd5cb76c27cb946eb73a
QE,802,ef9b7fb9a56a086677280ea5bf15f0bfc0ad83873bd19fe74e9334359a2fd0e0,,
QE,803,0aae263b9f50293ba2b30a14cbc84297892e94b9f852e6736159765cea271652,150,473c8d3ff816eac6fddcc289aa0dc064bfa8df5541ad8d8fd3eb7fa7c055e92f
QE,26,9ec736435aabebc01057789d54097b9e3f3ba08dcaa034ef32f3c9c37f5fb886,151,2e9ce56209626aadfd3849ab9a42dae7e9ea4af37f576807628c838672d0b742
QE,27,33a83911c5c730b3a931e40417d205aa6296db4bc1bc5218badb00b791bd0796,,
QE,28,3c7c69dd7852d1500a529d616a2783b6d6cf2939b2f1d6f07a3381120532d44f,,
QE,29,4cb152e51845d65dce0e11c47f9a9612849666034d9f390c573ef8ca1fdac105,,
QE,30,5c6578ea83c0fcbffff74116388e53480784ba81e4ed927a0b10a92a93a9efde,,
QE,31,da95ca71570ae1fbf11582b8f98ce24f88c3457edd3ee6c18b0bd4ca1dc65ab2,,
QE,32,3546610a68bfe1c96b7a3b0822c30e82bff3c8c9cff376e0c62eb711c2542605,,
QE,33,5278bb703859901b846f55db735eabd5237acf21dc4e7a044196f6ed18554351,,
QE,34,a0664eadd176841b0f00127f40853e03c2076b872cdc5fb767eb32e83a6ef178,,
QE,35,388eeea9c1b4e2d91d52495d31682c39df0f81efb87957b1d6a9c7a332eed7f8,,
QE,36,8e59d9a6548c43f51401d091428e07ffce5c924f3d121da4e8815db1ccd1106c,,
QE,37,7ed3785237284a830aa7b2ab7947596aacf3e7a949ba6b45fc03bd2fac52d3ba,,
QE,38,e621880acd0576724dd300de753a0ece9c0aa701c46ee0e7239729bdc7829c0d,,
QE,39,5a217ae6f30bc49b91cd772da03ef797ec6274b96876d1c256738f5f95b24591,,
QE,40,12a550f97c3ba86672f99ccae7edd3e65bf6f4ea10129fdc8222e4e0831a0b55,,
QE,41,11c91da6fa96ab8d39b56ca1f2dfbaa2ad020e854a8405cbc456faf9e5ae07a0,,
QE,42,ced943a6e77b8bf57031e9914be05c80bfdd44f1e9ea9b0763da0b36705a2026,,
QE,43,609b0d3404c46e44111babfd3d6554fbb9d8eca7196f43771a443a684b547bf5,,
QE,44,658a3979e0c6dc188ffdb5c7149aea25ac641b09a8eefe97825d40877320fe10,,
QE,45,0590ab5c22b72b89b57f7ff2812e44e676c019f2ea09e68e0735fe64aa7b41a8,,
QE,46,c644de48b4cd48c6dcb68c04d9f59d65445f12cdda985c78296b0521e8c6f30a,,
QE,47,e3d131f6078e1830881c35ac556b5a1cfa7e0ed8c8a3997a89b044133603df8a,,
QE,48,b2c768cde0f171a6eaca9ea8ce7a05ba790b4828c053be6875390c0faa63f25c,,
QE,49,c52141d148afc8306f3395fb6dfbb288c6cc0f612bf7593ed2ef227e884ac047,,
QE,50,a8abaf8fcd545fbb07ab019ea468720f5cfdd4f91294eec8b499f65b1494698d,,
QE,51,624daa860b75eb9e89a0254004e93b94eb1ea767a0767646bd2a015b5f8dd339,,
QE,52,17da423a83d86ccc06017579eb5a892dd38805585de02ca03bb5747bb485754d,,
QE,53,1bc68bc44e84b8e7624e50b6541c89cc46dd0bf80ed99059ee54380b363a87a2,,
QE,54,6b3340a50368d711332a3ed6bb339c8791cf2e160b55db69eb0c6173efac06ed,,
QE,55,f89b5a72cc1efdbdbc2437b9039a23b4939d333c6d9187de08f2bf3235792d78,,
QE,56,f4df7c6ac2cb81f614cc738c13dff7bdf949e02e06a2a8f77e2bbcb479bb13a9,,
QE,57,dfae0d5fe9057bc6761901db8f092f08af7f15c195636479f3a5e3c3590681f9,,
QE,58,dcf34132478c6078b7beb1b86c20d93d34fd991e79827d356abc482087919464,152,24f6d4e6ae46ce095af4e3d9e3d09b5d0c02c305b023d13de9e7ab4eb1b8bef6
QE,59,442cbc5737d47f67e9857b3b6dc3c5896f73ee075d91cfd34d1460ab30d09a09,,
QE,60,e1772c76805b391b5ec7c8c60238bd7765277f7a2b0f0cd3b35ddc4d816805c0,,
QE,61,d519b988c794ef725c5db882ae10662ae61cb6d0cec6a39204ab829a40c682f4,,
QE,62,54036e08f3c37aaba97b53658cbf782caa8c4bdc99c8535c16cfec7653a2dbba,,
QE,63,8e650f209bae440c2adfe80c29e14b0f1d565e0d23538e5c0dfbcfe50b92c9d3,,
QE,64,f78e01daf0807c76c1a6af965d76bbcb0452d944dcb21bc7725ec3f426412dd6,,
QE,65,d0e7ed4e77a218a4ac1734b323f7444f7b15212577fd4d9ea64f09290484223b,,
QE,66,97a30d5acaf6819734b3b01836595d45d7d21571cabdcf42154a2b2749a353cc,,
QE,67,5828819324f39ae02c9f2a8d9ffc3fbfb8ee6ada4c3805ca48211253b7cc599c,,
QE,68,c82fd832db736b7314bd3e8b9735b9aec79f9abb575c3d8af64b1159c1f972d5,,
QE,69,0854694c2b2082ea66a7c06a05f6587758159ca6ac24d9ab4f9858de875ff0b6,,
QE,70,36cf67b597f4da8c90b3932ce61a7a5e1d69d26ae01d98a04e6f7b048ea60d4b,,
QE,71,94175f63338cad8dd647256f1b15a8012dd2f3f4512e88eb34c20688faf66e5c,,
QE,72,fe4768bd19cc7575269b91a14e9840dd5d5af908a31a1328550110ce521d360c,,
QE,73,86bf4bcadb38e7804bdd4987004ac48e6beebb652ec56f78f9f3c50394e2716c,,
QE,74,7dc618b87abfdba206736697a72e7f5a185567a410954efd98da7ad6d33a3dfa,,
QE,75,7a6fda2c1b5b12737b0cc1723a62cde1ad64ee0471cf1c1fd6582e47c2d8b88d,,
QE,76,f1f5f08c8ee10f06a5424957643e596313050e068dd7ebe2e120f82cca11f9ca,,
QE,77,51a55ea7fa201872a3cd4d5fed9f54c35f9aa9a1a864066dc38ee993d6a431cd,,
QE,78,439435a382a2c6f3cb2772a87cb258692c36c7efd9a497518773051c033415ac,,
QE,79,0cb2ba9079bb233e125c2084efc1ea7e0044139c327573861fbf26573218c1f5,,
QE,80,e3141c5847fbe0bec56e3de29aa802702ec1585331013ac57c95dc231a1e3fe3,,
QE,81,94e74f69e309610deb9320c6490554e4398c310facb6e578328b5c6570933aaf,,
QE,82,17b8b11c40220d2198c862654050e723261861f93e674eeec1c42eae32ecd8a3,,
QE,83,a65c66b2bf25535e2e7725f2448896fcd004683238044c0ad50687b80b146e6c,,
QE,84,dacf00bca0d0a63cd85721f58c32a0402539e26c33bae6ec74f12c0cccc3497e,,
QE,85,7339e04b1985903e7b8591668d32a8e12cb1e16fb324d9f1516ffd6d96289439,,
QE,86,ddc54bb3752582c2ad9c075c586046e852100b7fabf3b984c063d780781cfa25,,
QE,87,41c1a304115d1bab9117d48e19e4b102785d96adf29f374c7c6cdb12eb659153,,
QE,88,070e814793de5d1fefdcb82df70914397600d8d319e1706773cd8167b6c66ff8,,
QE,89,d7b06e58a0cf6c03c3c374c7e5089f7064802bf37f8e3f6025f7fcfa22cefa45,,
QE,90,7288f2d1b209c685c8fbc3f867222e35bb31cf6121eefdce63f2ab9d091ae74a,,
QE,91,6ddad88108680e6934bc96087c81fc4a81024b1c809394da1593c8537036a93f,153,710f1736eea8d9b2cb82fe6b3fbaa69566ce9331c8be926f42d58b0e63f7354d
QE,92,c4f2ca9db098e56033ade6c515ae4751367276dde89d90c17e7e02822e0df93d,,
QE,93,95ef182baca7b5076c952a60d1804b05799fd2ffb9b4164c647d40de00ab17c4,,
QE,94,59e9daa7cb132d890e7ffd1ccce71375f03f87b570bd42a30cd052dafa91735e,,
QE,95,8ca384c6a51bd87cf005a1db5c198509089184601b9041460b38c88126fa7e6f,,
QE,96,aa0d0d4d5e0902f14894f18271a563f44e0ba7d84314fab7f3ecf4ce64a9fc16,,
QE,97,6d733031daaf9b5a4436b10a08a02e4a623980fd4391e47fbe5d7580582678d8,,
QE,98,689fe3c99e0f64af1cf8cf9428726a807b01063246383dc7a5d54811d41ecd8c,,
QE,99,cc462bea284234362a9e9084ac34481e700d6677f10e1794fa04d0b71e3ab184,,
QE,100,b41aa470d2b33df0c688e42e11b12b76a5f6ff2dd809f787c5465939f85bda5c,,
QE,101,5eb248a1bdc08514394b9349f08f49803d16ded8b3b84eee314c4103cc70a7b7,,
QE,102,8415d96b094e3ed66e779c39f2623d9d8d75828b7c2408fba8167fe8a52ecd0f,,
QE,103,3abf2581672160a612a67e1690296a2efc4d985d24bb960bb19381b40a77846e,,
QE,104,f3c3da50b8fc256a2374cdaed6f749db4085da3c7e43a4d351ad220eaffbb34e,,
QE,105,6636cc3de7ca6058d3cbb45bd36c0bb7f000fa314d86642d7f673e9693afda65,,
QE,106,33297b32a0aa84e3db0d6901df4bd118489ad4de7bbdb28209465428892bbfe5,,
QE,107,eb1bef3abca822f7274563f687600d8c6c2e21f23bec343cc229417ffd40458d,,
QE,108,e1cd2a3e84108f389666c17c1d7f5a8a90d4212786d24fa4baf80cc6690432c3,,
QE,109,cb1cc63af55e3bddce7c28b1504137ce55295a44fab7c3e31a1190c603521999,,
QE,110,074a1231755b33f1eaa37b76a58be27062415f315aaae3dc0e55d68d3027e6ee,,
QE,111,760b243a3619800eadfc293cf109d7b975c336b0df913ea09a6f3aeeec7ace73,,
QE,112,71eb67cbe5fa5fd839101a902e2c1357ed2c09f8d95644111d5060e378fa6d40,,
QE,113,8e526154827f8506f988390b32ac619ff8177ffbec4ea6cbdf312ad0b0e2b1cc,,
QE,114,c1bf7ec3148423b2d6acb9794a0a83025efcdce69212136c7b5d51d44ea49cbf,,
QE,115,b5ed2ed6f891ef605a5510eca5c0739402ca195cd924296c83c3df3675b75207,,
QE,116,33d388d84e57b2ee4f4ef4f31e2841c10c036cbd34dd6017d35f110663bba6b8,,
QE,117,8c6bd9737e7510bdd07a8c29a0c37a94e0737c3d8434327b0a04a5ea62440ab3,,
QE,118,ecd4ca36a6b3a24b173781cf8338305a57a3acde7d12a775945fbe718e4d2f9b,,
QE,119,3f0370260acf4ea8abbd8bd4aa37f6476e266b3597140546698a20ebb482517f,,
QE,120,da79ebd3572bfcdbb66cfed6615b8db5ffe7164a50861be5ef4505c2a7b99a7a,,
QE,121,79d25589795c782e790b11012f901183ba14141ab3db5ab9f888b4077dfe725d,,
QE,122,7ade5c7dc7ed5b4daffb924fc4989c45839a5adb73fb3843c22078c98dff0abe,,
QE,123,053e9d8b45309fe2111228930b42a0f1b1d92e0d0fcd7b6d479006a39b89de71,,
QE,124,ac34e6f4f8be344594f9e1adb43b0fdb1523304c43678e8e73e7038dbecd5d0f,154,db8b5889e0725242175beaf4c2ca42f080f7e05c8ac38389075daf795f92b87b
QE,125,6b14c56ba797fc3767c7b1e577fee1b671512893a2d4d1670fff34b6b37a93a8,,
QE,126,d52e218d7aaa7700737a8ea0df4f14e93bf8d9831b6c0d2a46d324b8ce594830,,
QE,127,68246a8cb722621f81829e07bd95b242c28212887a53babebeee7cf05dfe9def,,
QE,128,981fcc42e19208a43f7aeea741fe74f7b8e5b8e177844d5dd7cdd3070c80cc9e,,
QE,129,6060a8804a496f162b79bf56bf567088d30561fcbb0f8e2a429fc66ab8aa803e,,
QE,130,3015d361bb00f763db38969e468fce92dc29a301bde579b826e9864f8da214b7,,
QE,131,b599a1d8c7600bae2841cb5c506fe1219aa894b5f4006975f4737022568cbb0d,,
QE,132,951e3f2e44a20d71bf69385a4a3e03a9f3875670aca8afb2170065fe5dd462c7,,
QE,133,60f4100cdd6441769e5873c984f03a48687aab7a29addd05060cf05284626f9c,,
QE,134,7f946403a752db873e0fa3bff1fa427ed0321ca49068b142f5392fe3ce7e03fb,,
QE,135,0978a0ad7fcb7f751d36e35b40e28cc4b6f3fc99ee1c3c256c1ac372e6241fe0,,
QE,136,33a78328c9821f0c239b8f50a36a936b13a59bd80693a3e8355dce6e3db10ad5,,
QE,137,0022a80d5dab7b42bc4a178ecc064a96eb7ef4c5c481fe8043f17bed0444b8c5,,
QE,138,886f7c468482bfa9a402bfaea496c5cb4f941bebf3bffe6ce7b448e555646e27,,
QE,139,53e5329153b477ac4363f7bda1c79abf00e12e848c8469424c658b3b0e18193f,,
QE,140,f1b4173f4ae9095243778f3776fb73ad183483b94025627df8088a03bd187984,,
QE,141,bbb8ff6fa6c59823f1c9d959d694359451abb7f5b9d2e39550effa023b819328,,
QE,142,87ff93801af52a4f7903246794597d87f12359604e05ad352384a1cf44f1a8f9,,
QE,143,7c0fae2d269ee009d0508c0a1f1fd2ecefc877541cec06a8c7fddc743561736c,,
QE,144,969ffb84a93bddb71ae2691d927c7c7802926358e7f8ae9729b02d66396f1c8d,,
QE,145,fe1c974d687e6a88d4d0ba9784240e4f4adc1143e1a9e0a5b74cdb4e3df2cb6b,,
QE,146,2a97e9d0a723262010bfe49a37f232b1a04aac51d56bf23c2469a3ae29001155,,
QE,147,b00311b07a1313dd970d5746922d06e2bba3edd94462066f26b0b5bf926e0064,,
QE,148,0ccc777149ece3b335109eb60ac450e3a9a7ae9f0263b1ddfd38637d6a2cf686,,
QE,149,d2bf3846a951f4ab9e4bd8d863d68a12394ea3c544b20d11c1f6fe42f8b144e8,,
QE,150,5f752534cff34f6f3c32447125e9c40f21307b00413a65cd197ae6d7264dfcf2,,
QE,151,01212448499a2a7ff31e74bb20a8e50020921579f210f69aac84d58d650cadbb,,
QE,152,1d6487c67f1914a8f8b617a71f12aee1dbb797a0f7a7f6976504d6f974ff15c2,,
QE,153,9d0051ff14188b44efb9a8e568e6fd00c6a8053e8f3d6f19f5cb641975dd73a1,,
QE,154,d4975a3b31fe3c60422063b49f413df81b8e0aff5e79c115a125208c24423b8b,,
QE,155,8a83b6dca978aef098c1c8972482011ac9434b3dc7daa97e6fd2efbaf2888b2c,,
QE,156,c47fef0143df4de46561a12f24dc499dd9c8a63a085bde7636e5c6c17b6dd483,,
QE,157,4aa07437679be3cfe058c8250294bf7f740bd405b6e4a1e1d9c125ade5ab7360,155,c180eeb6e83bc1033f70dd4d253add90b0d0aa7b469597d3be1eec7da0571283
QE,158,ed27c3d63eef8823c37e15722603518f81f2d0e92782332a3f9a178f5dfd2819,,
QE,159,7db2975278a3de9147b84806661b5c0358eef0b6f6e998a2e5ced359a61d0a5b,,
QE,160,7a0961e3869775ffb5870c7a090fb05624929d3c10930893d94045174ae670af,,
QE,161,4642aa4aeba1c140629ba06a1fb5112e30ef514fe7eab995c6388e25352af619,,
QE,162,55c1cb8a0963c8ea6f6f57ebd1b4db2e233942ccdc957b390828d018c59dc855,,
QE,163,82afa66d5f8b88e107ea5019fdf4d9afd1e537ebeb522603d36012d51c1513a2,,
QE,164,c32a70119ead215e2effc95de9a1b46ed280850e2e87ecaa33bd7bf7b33826b0,,
QE,165,890cff6b06226b010e9ed75d0cf05377f269b8350f7d396da6bba5311d5faa62,,
QE,166,2994655929a17749305646d1367000584168f25a915a4d70fd6ea1219bec774b,,
QE,167,1116877121d5612ef247c81c21698754e772d31d0258619a766f50e98d50f5e3,,
QE,168,374f88bf274af057fafafb0a0507edf5917c0c6f9ba7c051abdbe9cef93a7784,,
QE,169,c35b4375a75939658173ca456622f59ed2ea6bd2a4de96a063ca786265074011,,
QE,170,3562d2698dd4474d178f2a6bfe3a8489f1b9f96c4dfd7bf2c3f25136af05ee1f,,
QE,171,0adcfde6ba44231f7073c6f453f7cc610b687a733dfd837b22986dde62cbfc2d,,
QE,172,529fb134bb478efb00d036e8480a4ef4f7a5c5a15ba22aad0aff811c671ce24a,,
QE,173,d76fd4688108acdb0af4e8e496efffaa3a6e2b13dfcf6e36b8c22e27c577f9dd,,
QE,174,6f217e6ec1ef1068dc32c9627e6e8c626e2cf33551bfb94f7e6a911f807dd14c,,
QE,175,aa629792dd15d32a5b564cd6f107d2c662d26a7e79a4d9e1199231d18851b329,,
QE,176,fde8b5ef6524acce1732acb49d46e707c86ca1af1a71702b6d381fc47437bb84,,
QE,177,c3c5bec946012c65718fcb0faa60ec121cbb640d7a28430d9befd75c870038a0,,
QE,178,29f770be7ab5ad85bf578be52a1c082bf11240e24fe20ca86b1643fb26cc1b39,,
QE,179,568100ad752733de946119476c06c3111f35e5b21d60c3a720569042a4b5d47c,,
QE,180,5ade2f943632207381a9a91e10af3d8bd08da4b1ef0c1ecee2655f8170c1151e,,
QE,181,2711222dec29090d2b104b60317bfa927ba2a9232a4fe739f043f2641a749fe8,,
QE,182,b55656160eb1b420235c77d84194dff34450f977fa0ea71080ee9f906a576f06,,
QE,183,63c869bcf4a0ba12eac5442bd68b6b9e8c87f30df0e31be88aed1fcabff1431d,,
QE,184,c6a8259a5e2a8574498c0ec360d241ef6a615d49756d4d14a197974f8f1d3b60,,
QE,185,a9c9046db86b3833fdaadd4af44ff8d40f702e6aa48fb689ca6d4ade0f7cf6bc,,
QE,186,2a343555950013f753f97418b853e27e83315282cdcd49ae7b40816666a6b458,,
QE,187,5c6698c7df6608f7619aa873cd3a7d64482121960caa63db31fbdd4e7068904b,,
QE,188,106a33a784d97f6ea5f3968323844fdee1cf8ec9df47e8c1fb370e87308e1f95,,
QE,189,809869a7eccba923e9811b9fc98d2fb7f4b8c37ad718baf4f800efb6077bde32,,
QE,190,ed4f308ed185874139a9a9c2e609c0e036fd941adfa68c227bcf9463204b4902,156,d899aa8cd2f5df6459ca1b93dfc0c5e8412fa55b499891d772c1821465179e33
QE,191,ec0961b6ba9d4691b43a809c9d1d3ac9327b0d2b0952269ae3159b2f475e38a9,,
QE,192,666fd46aedc35f60285317dee173eaedd49fc737224a37d4301ba3080c259807,,
QE,193,2d1be4764a4c2339bd396d0da591831ed23ba1537b17f1dcbd2f1fdba1577698,,
QE,194,6a2e5233017c4044e13d5b027c7a9cd59ff41f365c0d375018161dccf8747e08,,
QE,195,300abb99773e1793ee86283715c9905e0ffbc0d25e9f0018839c267aa1bcefdb,,
QE,196,2d5cc68ac827c6091134ea7c40a9f98f3ef68283b648f98fb3e451b487e5d5ae,,
QE,197,72fa360fe60c40a098636b91928b6ca154b6ef6b42ebfc492010b672b8460ef5,,
QE,198,cc703a35046048f0fcb46b4f49aeead98d3d0183fd23e974efd40bf7d19a4ca5,,
QE,199,f4c57d79702f23f6d93f0b22f16be58de7e65eafa0b391cdb3a5a0e55cb4b52a,,
QE,200,7846464220037db714d111fd331e330ab5569459107eebb54df8d1d2c3b0efe1,,
QE,201,04b3cc1e522b3e75ba5cf92257c225aacee51d5dd8f5d94f88c4af1eb9841eeb,,
QE,202,3250d0213af55591b276e56af52e5f8d9f4cc0c2054a1b986a174dc46b07e628,,
QE,203,1d3a3d1d04fd9268065f848397fe53705c0d5fc0d9d82df8f26a4dcf571f6c8e,,
QE,204,f196809f9ba253e2678a185748b4139b6bcabccdef44e719739010b34eb9b39b,,
QE,205,96cabdd88ae3d15c244439bec5ceb6cf5912714221f7c2a80e49b4ad1b75fec9,,
QE,206,7789ba64c13d5b0daf061f7e953ef14ca950fb03674bea5e343cb8367653950f,,
QE,207,0b4ee08ee4252839e70ab9eff1decb686093b60c7a118a598795ff02d109c24e,,
QE,208,e716a5ffb8f0164672f13d108ef0efb9ae445245487cc33bfa6bca5d02f25812,,
QE,209,697cbd44c9025622c50226a4ac6d35d1eff30fb18e71d7287298c2b29eb41f7f,,
QE,210,5f1ac5101162266e55d987aeb7bbde595f0f7f06f7db86779d609c5764a53135,,
QE,211,a0918880325b016b022c16d6455cc092a67370b53fc7e61b4f0deba726047e2a,,
QE,212,71b7611c5e9661ef03e3461c90b2c052817426439b1186596ee5d01f99e09587,,
QE,213,e0e15e3421f36cb9409ed054a884fbe9b134a45c10f1bc591c6d26c7c260b5cb,,
QE,214,665f738bda0a6b0131ce2270e7fddc43b9c9f18abade783da1017f4448758a27,,
QE,215,fad2659e373530793fcb04db24bf48462223270a2453a57af5bcf959160a78da,,
QE,216,6b36c0ce44097ecaf5f327933fa9061cc4a8b7b8aa24e9d24e4c149f0a011491,,
QE,217,7807479bccae994d2a5754d8cd4da5516fe254adf8ff49164c7cf7be6c686bfe,,
QE,218,a441a7769e885cf85006d963bbdeecae89cc61b2b662fcabccd83c8663353356,,
QE,219,5d0785cb80ea66fa519fad5eafa2017048e66fc9b330588159bfe851a122e350,,
QE,220,d2cd82724cdbb69242e85e2c8b4700bf646b1c15580059cd422a3e6379674127,,
QE,221,9916dcbf20b38f96d6a81551053df0e95abc06bdecca25026479594b7c48a6a5,,
QE,222,56299ff5c66ab2585b7f34dd13e7f3b59e8569140423ce5f146e38d4f603ba26,157,8c44d48a7f80c98c8228e1b6a3cdbb967b8c24c8ae6d9fb75cb565481bc97831
QE,223,6e6c4a7b6ba93e379a7f409f938665a837ec218cbbcfa8d941946ea62a95e0db,,
QE,224,aee16795f26b8fe60379ed0db4de8d868fc143a5e0ea56f5d3dc48d8358e9663,,
QE,225,c8d1f92ec8ebaafc78764e2e8afb4b742329027bb558f3a6d8ad3fb3a31531bb,,
QE,226,47cc0c65c8c9aee041e3edf64ab165d3d68732c0093f9266b128cd0c7388c0fa,,
QE,227,45913467b3c8f6f57e4c7f0365b4abfd3be8b4ffac466d4c40412bf7a257d6cd,,
QE,228,4c29b6a327d7df8bf90cd7739ecd7c96aaecf52da3b83cbfb060ee90a759ed21,,
QE,229,a192a28198926b4d7e601d56f2cf181d852b55f78861f1e23a789bab577da7b2,,
QE,230,4e18de9d7a97935b5babbdb6982d41c2ae1294d443e541ee5775d803ad445c16,,
QE,231,a2a2fdeddd555b2cfd14b59f8903a0bfffe55f067e70c0e9112950a6fad01e61,,
QE,232,110090faf826cdb00a1ed1a62807d051980398c3f1859e77c9e09a9c99dbf33f,,
QE,233,38af1fc34d194874531ec98628834fdec73084ce1f005e155a1eb21a26652cd1,,
QE,234,d1fb6870b9201a0468144e9d461ce08efbccf685a5b8f526be0060942c17cead,,
QE,235,54e01986a59912a3fe365566d7f74d5df2b36235f50319a94da5f8eef9c727ed,,
QE,236,110c41ca4b6e53c9efb240d68501712f75cb87df1f7d2d2f77222bcb9a43a3c6,,
QE,237,e082e4a5bf500922d54deb3294d034f7ebc8798ccc8353d116e28a58d1f89fdc,,
QE,238,9f9f4bb0b475019b9c601a97ac33f267333a45d3baf3d9bae99e7b5109782f15,,
QE,239,233c7a34cd6e5d5132424875ec389a6aa66d6248506b03ff0a28e290fbc209f5,,
QE,240,396a1e35d44f27df7087e50dc866496e199a96965c053f6c701d034018212073,,
QE,241,031284c6ce22d071c7e4d632d0bce13ea91ec73435e18cf30424546409903fbc,,
QE,242,382c94b93d3d18489c23081f6d9989f826c99ea2cf02c52ac4ee0108a19c1e67,,
QE,243,0ea30497e6b7812a1dfa573377744e209fdad28134834f544d63da99535810a3,,
QE,244,61b83f5f1e3d6b52da117fcc341adab9245178ffd8673915fa41fdbbc2f67e96,,
QE,245,0e2a66cb7511cb65b2dfe9dabeeabd3151ca40519764ff656b940312d983c5be,,
QE,246,1df2db26ff73bd9d9db8c7d6e244e6b88d828c617f61c75b03fccfeeaa62872b,,
QE,247,e40c61695670514ac59846fa36d69a2822d2122c3124a3b20d01869a976e6f83,,
QE,248,bcc150db0d98eaf1b955ad46153e342b32743e323bea7d51a610b9b50889e57a,,
QE,249,b2944c04b1dad1217c1da049a32ca743b4e78e876b203e08f2e981e5d295fba4,,
QE,250,797ca0b501b7f48d1509783d9b198e023226288f4164e485ea6babcf43208bd6,,
QE,251,ffa06f3af09cebb07530f546f5c01fd3c9270fe8e0c3a4d2c3a55610d9d2a66c,,
QE,252,cb278a5516f123198ed48ac7baa7df83f5f20389618ff2e8c04352ee017bc104,,
QE,253,defdd9a42eb40c249120b7f1109d22b825395a5f397ebd166921008b8b4ddfc1,,
QE,254,a220af1238d060139df5b4b2211cce666ed3af157a0e911c989a196226fcb21e,,
QE,255,40ccfac333db017bc37b855c60c533cfcfe5e1ddde736f0a9027469e2e3c51b9,158,3ccf664d55d5a693320f601a793caa4ba1e03b28c3558dfd23a08be000dede42
QE,256,6aefe38f9e634d75437bccf0061b4452f20d86f153688d761f4ee77a8c253f33,,
QE,257,3aadda799e2da72b6054a732ee02a9daea0b407339993701d6683cb9e77492b1,,
QE,258,be6356eb593d3bb9225983307eb8e32123e1222fd7f283cada755e3c8b0798d1,,
QE,259,b11187080fe23b72e2e62511788ff4bef47f340766924ac6ef688e13f33edd11,,
QE,260,d171d9c41b9f58198a9932d6ebfe39e98a049d1f1290e1c8322a72bbb43bb097,,
QE,261,7c1c6859a18f2599bae193afb36605596623f8587416acbf6a60c82964431b1e,,
QE,262,1e820a07a900c5286f90c8fcf186b8c78cd3bbb8696cf9fc4668d8c0ee274d8e,,
QE,263,53252f26576241831a4b6ecd7c2c49a5bb8fd93d8818f5a4ac1c4775913ae1a1,,
QE,264,4fdd9200bbd6bdbcf36cce78b4d46b0abf8d1b419911976b654a90072ae04f5c,,
QE,265,1cbf14cae979fa3cd73a85adcdcb1c87b16fe7587a75f6fe4c841e974ae241b8,,
QE,266,82f4c49e6fbf723835406e25b21d79bda9ed3333f76f818d2981b4e59315bdd7,,
QE,267,a684c63a11f5ceaef044883acb9c7212106caec93c83e49b5c201e9d6c9ec8aa,,
QE,268,ab36905e964d845c52d5926c321f3d9944f23960f1b1dfc138851a3c9961027b,,
QE,269,e78e7fb009460a99d6595016cddab71ba3e90107dfca4075b596bfa48b52fb1d,,
QE,270,fa653afdc6452a09a2bc49a30c0ef7e1ff95b4ed06e5ab0318f6e0433b429047,,
QE,271,b01d17b0c652017435eaa6769de58a9f32284e76faf439eb5058aaa0e6f2deb0,,
QE,272,240a456e4d5568b14e36a0344b3450065ced99d282c106a1e2815bda0abfb0e5,,
QE,273,ef01b8e4e1ff5b8e766a157163c446863e165905c165efd1396ba54a0cd1a707,,
QE,274,55d4c13f792fa0653a757221bec5d086bc5fbbff48932d4a8815c88a31942502,,
QE,275,68e890f4a8b2c4c1ee70a8e4bf0cbb5782c6fc670a85e7effbf2ca9171145c3b,,
QE,276,f65be31c17b613d66852cb741404a329cc90d4ee60690f1724da62a4a6260aae,,
QE,277,cd7688703c005609c29839b78ab8fa153633fddf1c8c1a78b378dc5ad759a887,,
QE,278,76f2c4956e50932359a922f847d9dcd8c17e4ac09273df04d9d5e1e0650f7bf6,,
QE,279,d9c667e747cd92898ed4463934827a40c6a9f3299dfb733eae8657c83f0ee238,,
QE,280,20aca6ab3b6945e08aaaaa803e3b681c606e4922b8038ed19ade226df4ccd221,,
QE,281,52ded6370590b4c36fd7aa618bc9fe36de73284020823c8f254fdaba667986fe,,
QE,282,004e3070266b07990894340a17b3685826cf76ae4f919cf1494f02d07e838d34,,
QE,283,be9e1be371ad97938bfedd9c909e804b8ac3c721489cb9c0cac4a74b592725a6,,
QE,284,02f064668cd2f3167b6fdfdbc0c6044c6e9cce5484ab04af974be9f2b30228b8,,
QE,285,8af8f25893639e6ce082cb3761ed093d42308a499224dee3140b86445e4dbc9b,,
QE,286,0c86e2583eee73dc457c465b94621c0a0193c8b2996bd679eba92197aacd4656,,
QE,287,f351809afa8f95e2892d52c5ff5c457f7aaf72d0270b6197c979de297782cf12,,
QE,288,380652aa62e13020361de145155512a620f3fa64be92acfc00006299bce7b6d6,159,eda10a211a2679a78c95fa31ffb123363522f55c633f01bc23af1707329b8750
QE,289,1538d803cfe0358075fea3c22c715e067bb842cff9d12b97d858f834a92f7d03,,
QE,290,6e0733832aa4489d127c9de47491927347b3185b780857379acdcffee824b9c1,,
QE,291,bb3ebaed3c13a7b51a81a567d5b1c2ded762ddee3effcd0e74d39c5143305eb6,,
QE,292,a4f111f9aad14c207f0efde0a420b4af4cd12dba6d9d5282b656ce1199d59888,,
QE,293,cfe512ea300cda3a77e91140f708d0d462622899874cd85a8478ea89c95d0689,,
QE,294,c2a328478b6cc504ec261d44886ebf743e2d57f30c88e148c05f6f76fb248916,,
QE,295,c6a0d0898c65e0e8eeda0435105338886fdcca669a0396c1a07fb4c67531cffc,,
QE,296,53a36ade4ca44b0b9f2881cc40806649c1bf275a0afd283fb464baed6d53e39f,,
QE,297,015f57f1c955e6ad191711800f76bbd652ff3a70ca66378607d44f0754d0dbcc,,
QE,298,bec3d124ba32bfff6156e0086b872bed7f38f9bad2700f0594c1e5fac01dc98f,,
QE,299,f6a7c3a7ecad752c76edd5ba9dd54fec0745611ea5c776a9512ec4d561e75a7f,,
QE,300,b9d333becd4d24b0b8bc7d22e14b348259a093f75f4734e2738dc8fc2adc3250,,
QE,301,79639c98a3517e8ac21bd146f14ceb542bcf79f1912ac3273ec23efb70617be5,,
QE,302,a13c6283b64e5d5ee17d98c365e47921a2a57d3b2dee19f19216a7e9baf9e4ba,,
QE,303,e5eab6476ca49b5cdd925e5c9310167a7c6da0d5a8d04f3f986320b9e7cd418b,,
QE,304,1382dae899e51f026fc7b60da109d9987253c5d850d5607400420e3f356d5af9,,
QE,305,2ad6122d10ccaa1f075d70ff6798a9cfd4268d66343238dc8d410116220273dc,,
QE,306,326f0133cbabf962d2afb9a4de4356bc640b87ac5009fa1bc651e9de2dcaca0d,,
QE,307,528d4b935087b54540c155c68c76d00191ee07706a61e75d81282048dd662134,,
QE,308,fb10cc95713d243c44296cb4412d74cd4cfde5feefeec68c63d3621fb1c6cd50,,
QE,309,996930eb2e0a1b484ed2e5ed556541b343587fedf914be3a2d524cdb629ae1f7,,
QE,310,b63194c59d90714e9071d716a34d7b6d0e9c441119669a47a6f93611c9b9ec63,,
QE,311,22966c8cb58615f3bc09016a9b15df3430abf6b5a6aa667a4ed1d2c439808d62,,
QE,312,b87b516ef036922e66125c937d3befc014fa621b4b15e198b9eac36ef0388a2a,,
QE,313,e93a8143f98e968fe0f431599d62a84a3ceb1a70cbdc7e642e7a9ddb39cfc350,,
QE,314,3b486a0b1799b87dc670367a5800e4739efeb59e1e23107bf06e316944c31ac8,,
QE,315,9eb3ec8262eebe05ee3fd5960cd89ea70a7fea43ed098df763b8cc833d9ad5d2,,
QE,316,53103d09f79a4ffcd8367ece62485fce254a6e44285702afc22ff91d142e4d16,,
QE,317,fb0b85af6cf8da536177f256c8c105718a43f79cf292d8e351551119c65c09f0,,
QE,318,e19990816312ddeb5687b46d3ed1274a21239e1b1a4d53c14feb828d46b6596f,,
QE,319,d3d7d2396e07d45fdd29bb836d2547820795312eaaecd75240ab85c79335d175,,
QE,320,14f58575e51899093e2c7466dfa4fbd2cb018fccd2c18f7e670a9d2c1fbe74d1,,
QE,321,de2c70f676effe6a515fd3329995b6da1a11c33682b91f70ca60d14ba850cf90,160,6039dc2da0b8b0c852feff63a0e6e0d9e804447c645b8d3306a7841cabe62cc1
QE,322,1a9add25ccfa3a696e866e8f1d5528e570b0ffeef3f546e10d0b12f98b0c0e8e,,
QE,323,c2f448aaa1d1141abbddeabc49cd94a1cf867c39aedf9627be9c16de7617d4f1,,
QE,324,276e7098c0409622a5024b1f4f1c9f5051e0c8956c824a5bc0f509e70e7e0181,,
QE,325,5a547bb1b82866d275b9b7c99e091676d0a6d4d746bf3cbec8dcd81d0ddcdf16,,
QE,326,953cbbfde228dabc2951b59b03601af890b8853a6a9a3dedb6b809e4fc8da274,,
QE,327,f6d1f2c6faa55b076ed187af50b0cf509e66b34ad9e62500e7838b52d9afe724,,
QE,328,5d4c2f96ac73d121f6aaa7b0a3e6f67fb7fd440d7702fe8418cb219df38155ce,,
QE,329,98f0f7c4379acd57ab92c9abc7aae8b43b68e8c281d8a621d46e30455da7f6cb,,
QE,330,ce6c40340208e515e75d445e5f219132e8ea2d1804dd5ff475a9ae42e67b1900,,
QE,331,56c6d30f435fd6ff071f436e17321c146137f17fbd0481bf812cc0da4e9e4699,,
QE,332,7f392fa2aa7122b17017a6bd653155a34f798474b350685c3ba955f42f160e7c,,
QE,333,5b9d0c0d3d0f28663c3298cd5c6abdb9fb7c02604ca7494b72e34d91baef3afc,,
QE,334,11393b717f3c8b0c83f6e4e0a1e5ba4f39a8eea9913a638d6a29e94db039fa7b,,
QE,335,8f323f0c6b73e3a4aa73b31396dc3c42b3b0b4b4dc24eba3ab0d2872c68db8a1,,
QE,336,62b9934227c1a96665cf3c1502b7c725941d563339e49158c0128da3aedc8e17,,
QE,337,b8f16279c348b3eff5a494054f4eaa73d3268df4125985b6a1713e750c8c2970,,
QE,338,ee7889761f078e9e229f1382ec4273105d98482b66d1ff375564fd3d911c098d,,
QE,339,f868a8853f5dcad82c4d490336470f659973d3da2f7f499082d736b8bcb653b5,,
QE,340,ff429fb59c4062905dffe87cf62993f9233073919ffc110dc45ea971bbbfe754,,
QE,341,484095095be005f4439118100e3b7ef97ee1b6b7d7a437f4ca4c58e1e145cf93,,
QE,342,436a10c94c63b8b8e1fd3b129d7673b675336875a46daf3a506aab959a3cdbba,,
QE,343,bba522eb1bcf645bd24257430ac3eb77eb65e8e9c152ae6a01e8fc8f1e50e18e,,
QE,344,bee0925e685089356f38e0b56739519a334ce86ea685a66c3d9f31797e447176,,
QE,345,9f152c6943b7d32f699f343a807a528bce3bf45ad416e40c3c0353c6c5872f59,,
QE,346,0a111dab7d370dafeefff452ab529794393f3daeca81fde82ebe47aea3873439,,
QE,347,cc6b475b4ce3a2765eec8f2d32a87e78b2c8fd95cb9642e23cadb294acb8bf39,,
QE,348,2046dc89c2269b8211601257fb9f836c9c8e99cbbb75f7ea91840ceb94e4822f,,
QE,349,afbceb91e56265d082221cbda14e763b26b88531f0f5e160b7c1c5385f3eb7e3,,
QE,350,df63d5aeb83783427b6f815f24881da247796a794085521970b7440afd6398dd,,
QE,351,82bbe53c802788bf333fae1f84ad5f3555967eadc7add83065da171c7c751c90,,
QE,352,0b7633e90180e89dec8dc035971eb1df70a1232cff1886d5b6495297c85ed124,,
QE,353,66d6c1b5ec3cfa75dd8259500d08fb99feaa3c92ee8733043dae8791c8416380,,
QE,354,eec2204f494659c26f934e37dc5975308b87b08a633f7237135a90fdd015d39e,161,52f0186dee81d8e446cd78a18277f80c29d645307a42862a21f5793b75f77a02
QE,355,0a72e7583a72ff5445fb6545201256dc1a3ba38e41104bbdac55a8f2e2770c47,,
QE,356,86e5e623972b17f68d5b484fc0f8d764c2a6d4781798fea297b7efdc1a0420c6,,
QE,357,a293dd3c5eb2c187eb992533871a4047f841e834f872b53aed0ecef80a822373,,
QE,358,38454e684210120647bf8030d18cbaae5639ed725fa3bf6f22aff47c5ef70b3e,,
QE,359,517cc598953918f1143bee9fa4e67e2719dec8a5c5306521a15b0bfe265caecd,,
QE,360,9c4880bf24bea507ea978b915647ce2c24b076109ac1dfb6c816a9303318f01d,,
QE,361,002602308a76bc40f51dc21655c21d0fee4b2379d7fe3f7b73f74ce6ee5a7f99,,
QE,362,db0acca4994917eb06f0544957eca47ef4020065c48913dcafb12ed81a3a21c1,,
QE,363,a92d5a8e3447da32d47a6a467256ef6dd7b0406a994afeda2632520e01ffba87,,
QE,364,8ad1fe11259a4b91691ea7e89bc309193fcb5ed481a17fec9064d247ff50ffaa,,
QE,365,c291ec4e041cd885186f37a2a8267b75d78c027f1b00a37cb1cc34a9ee88a3d2,,
QE,366,568335e51b8ea15cc7a359ddb86f0955975ed0697a46c5c1af5e0c3e461cff0a,,
QE,367,ce26a022b2040a95e091e2e3562d2b79ff4d83f9912221d2440486904fdf778d,,
QE,368,a1df896de5b782235b013f207611676760cc4f7c4002d18c8c122b441e0f582d,,
QE,369,0e15ddea27bf03e27d6a974108a51da81dd9ac6311ebd830bb8fdb34ce3fa062,,
QE,370,c2775469b3952fba55c525558c1f9a749d8cdb648cb93a019ad9379e31bf4a0e,,
QE,371,768e720e36a401f1a7dc820a31a75cbf0f4b3fc08cb2170249e1ee6789d99621,,
QE,372,edaa94e1e924fa1cff372342c714b2f49d2216fd06c13fe67d45e8d7c0bed9cc,,
QE,373,5d0b50f88fa9198465a513960720e9ae5b63a71f41213f43884b6f49f3739951,,
QE,374,38fca4fe43976fbb7d863c70d8c541f55d66c6b9f49e2231252e0ebc1825cc5d,,
QE,375,511193c745aab66171bebc80d9f277ac66056e74a999af6181765bc1c864e32d,,
QE,376,252d7006db1e1408e396f78896098e94c602a0ff5828d4970353f37d2a01c0ac,,
QE,377,a7d9c9c2823666747cd571609238f9dc340b6ed0ec2e971b6da061981dcfe987,,
QE,378,04a71ea049e14ef207dc99510caef578750cfa5cb2c104518e6867ea828cb97c,,
QE,381,28e5a69be6e55f13d51a0f85f9e4454011597d053d10814489ebbca0fb8b398e,,
QE,433,ae313df9a01a4ae48e25bc30cec8438d1c6a762575f529ae66f2c1b8676ea252,,
QE,434,1cfebfddba1d05f18985a492ec01238f1e9658c8e4fd34918cee62052e7f78e1,,
QE,435,375c4979e39f050b6cc512f41f351f3f73ccaeca621ba0727b86faff52535548,,
QE,436,76dd67a0d994e90e582cc0efbe8fa94aee212ef0ad1446d8bb2259e54b3ec91a,,
QE,437,60162c34dc417c44c20edfec4c9c7634da6415289a5cd0a3251e2a1c5b523499,,
QE,438,ec5f8f4a92ba9eb8527194445a7eb0833ed193448ed103469c11a6afe2e92583,,
QE,439,043784b52186af3a473c877811b0ca7131bb1d2ada6e64554e3129dcbf83e1de,162,330643ddb828671e739df7e2dc0dd1e9b5d682468fc798e144f768d746630c4c
QE,440,d51c252932cb37fe40f5471c58e140f37451b8134d7dd9eaa2492a0df1c7e5e5,,
QE,441,4215f64072eebb6476c539810340b1198f73d0348b9196daa77b5eaa52a7d448,,
QE,442,55e8de82340b3e09eff7354a6433bdba9ab519127c1d17e515c4f9dc6e49317e,,
QE,443,3d47ff6a451e50f9ec90afe825d49a757496cb454de5c22e2085259e46cfa0a7,,
QE,444,d4495d37700f0b74f42d2d8235aa54e0a94e74d065866bfd3df9ac2adfd5d42d,,
QE,445,665a16d3f54fe50c7ffe07f9fc1cfe4fcb4156326f6669e6c39cb6f2ef03506e,,
QE,446,0b8799d670b88f3044372fe6274022fce41810b4b3c0bf18d0ceb0856d620197,,
QE,447,832b5d00bc823821489c0cbf1e97fcbc99c814b02213543847b238e33c2da9ae,,
QE,448,45e293dc7d4d4442b70df24e46666dd1a48ae3e83ecf7c8340201e6380478e7a,,
QE,449,bcfb405d24865aed695aed900e1aa4839e6173b879dc34234147b2a36a0308d5,,
QE,450,ae01bae9627b3b04d23a2749d78bfe8e4ed0998f627f3473a736e561340b99e2,,
QE,451,dfc5770b385c024ed30921ed63e897754f444711586da10834b14870a5d7cfc9,,
QE,452,f8ec8ef0c2276ae6bf795db3e98018debb77c30e0cb9b67e63483a6fa864dc0b,,
QE,453,a4fd450e9aad7f5fcf604cc3a27399837c7d3dc02c266991cc85dfb4adec5819,,
QE,454,f7b15301eea6e1cb69c098a97ce62af21a0c359c117ab5fbb53c1c9bce707c78,,
QE,455,8349f58ed45bc28bcd3902e41d278551ce81007e7a8b3e2040a84066c68df81d,,
QE,456,3838f0fcd5452e1ef8f04b22103e8ad4e502d4342f6d6aef9f055deab318502b,,
QE,457,08a4324c34380d564912f937000be04b4a50b759ef4f3567487c89139dc59d88,,
QE,458,8bcb0192ea3f8a3f8c27cadc2c05b8aa1260801a9c7b6467652391fcb42d3bdc,,
QE,459,7564aa6c416377465cda7b19bff898a495e158efa284b00a873c247e8fb2513d,,
QE,460,3c0e77a1af33a1f6c8835b06e8381466b9e76eaedffb98ef5dcffea94add6011,,
QE,461,cbc792315637df180bd2023b7498c3b6022e8a65d8b50025a06b9b1a3bf9c203,,
QE,462,2dbeeb033233e6f78dcf69a56fae8448bbe7b17f120578cfe74fdacd4098d8ce,,
QE,463,39e69f19342fe758d82eb11753d7da663ac235c4c82c2066d85557d75ea74578,,
QE,464,886b569596ff54232ff4a7cf4f7d670de71aad0a5279e24745a9beb9912aafed,,
QE,465,381b5f8bc1c08fc7e560e864a57e09a99498ab2f1142b4b151c8679a73e41d98,,
QE,466,318d67ffce5ae542558bdd8423e031c8b37f0e45ed784b71ed76714393dc0b02,,
QE,467,3b78611eb27d8b924a1ff1bce274a96e847b9e6db592f0ff76a48d062bb9c045,,
QE,468,28829d2fe4a8b1eb814fd017e6723a2d2aa753ec263cba794ef0a41db0e3e1ba,,
QE,469,888ae664104b88407cba058d09ba447a374417fc67e1eb26324f9c8302bdb431,,
QE,470,9a06a5e6717e3038df3521aa27d81ff3023228e43181ddb3ff8ce43d6389c4a0,,
QE,471,f106ef48c38da4c232c7a3dc341425f59d2ddb7a1dcb5ad02b6054d2766da6ab,,
QE,472,4d7ab3813459cbc9d8617a4140d40859f9057fbd35e5ed3bec46c87d8ada131d,163,4e4e0ced58fa521b1f155183d512d5c672bbc90bcb35c26d6a26b17051fa71df
QE,473,bc75ae93ff373c9e4a4dd81fb9a6a7c58a4fff69ed573135b62518d79a80b59b,,
QE,474,9505868ba0dfbd69759777f3c913e17b880d892f270ddb9e13350638b2a40526,,
QE,475,a53148a82ddbff6858e504d4c38acfd9718877b5cded519782a291465716fa98,,
QE,476,6f117a150921166e96253502a379e3483da46b68d2356b5373f2520ce95c9c56,,
QE,477,19c6202b1a0b5f6b369fd125dd4e9cd95ccaa43accbbaa4b08416acdb5fec1a3,,
QE,478,d5be8bb9fbc735440d603f765a80547815030d1c1319db8469f8d31824575480,,
QE,479,499ed5121dd744a5d85d0814be4d85084204bb8044d440b84bdafe43ff386d46,,
QE,480,0986758d3b8bda7a2d2658265778c20ce235426a27ba8bd8bf3f4088e77ce19f,,
QE,481,79b59a1108ffa3ed1f6d07ed1867ed7031ae527240b9b3d212b7ba1684e1db34,,
QE,482,9bfde1c4b55346b0a38ea2f07df2c49e85ded26b0f47956d6b59e59865e2f80f,,
QE,483,f1cd73ee3e90bb0f760299bd728f39279daa5a2227c1fff850da09d44b89df6f,,
QE,484,b8b1afbdb38c60749902fa51d0f53b627f085ec7233b318cf8e2bb11353b0f31,,
QE,485,5a19cb43b7cb9f0afe98b713e26376b187374bc9fe33d1cc0ac21332aded49a6,,
QE,486,a9cbb0442f22881188169791fbce5866eb5ebc4f7b623020fca57898fbd85041,,
QE,487,296dc2ea6364bbb651d5c37982d7ed582a0e9c247d67cfebe3487ee1b9c95b92,,
QE,488,a45930ccdc8a943cd1c915680131b580b7e43b09a753b1728e5d3a2c4bd6323a,,
QE,489,82965e0da24df552ba2cc0a580fcfaf5b32dcc5ffd3fd83e29da671ad30665e3,,
QE,490,0e93c399a34eb830b1adadd271d3d814b1088775efbb2b9f7043604723dbc031,,
QE,491,2edb50b2f5b96bacb02043f7f5c32a8cd875ea8e3808453cda75e99240527ff9,,
QE,492,e0abeff63fdbb5eb8d77fb9c1277307325060d6cba83de019c4b9cca93b1cb7a,,
QE,493,052e747cfcb1d905bbd968222aca62d05b0d2cd17414858f80343e2f3246f760,,
QE,494,d23c7de53416d0a44653dcb566ecc980b1714a08284b60c3791fd8e6a31964a4,,
QE,495,3dce8a77578d299d58f8e10206cd8aea5c8a5610635c1c6260858fb23cebdcec,,
QE,496,6c7e50c90e16db42aebd7b2c02dd0202c02376dbf50476c31c70f00019b6e0c6,,
QE,497,64ce59e45143cdff582e59fde80460b7627e1cfaef5780ea399e2f1e24ca9dcf,,
QE,498,3394a42981f59cb690aa35f088e8952db80175271dc02c6203a73b7d4eccbf18,,
QE,499,b7e815540003912295c869a229ae2e43a3d67761046304e458592dc9d62e9f26,,
QE,500,f89be048c6113740dc4c9b695bb891441ac580671d07033d46f4bfc3e0450836,,
QE,501,2873a3e5347eb079c9309fcfc7a40aeea890007dedd3876b3dd560527c45203c,,
QE,502,bae130f6c0ef4ded0647117c23203b030b5d9099fb432c0db855746c5ebf3e6c,,
QE,503,4254c50c5b541a98676068c8275e024ac80b38d1bfbee97fddf5b9a18360c61d,,
QE,504,d5dba344b89da038198645e9509ce4ce1901ecc30e48177c982586d7ee4bfe72,,
QE,505,e33a02b32d3590ffff5ea9a88a71d7d784ba713ebecb2f96696dcdda76a55bdd,164,fc79dfb8ce2aa16a08c7f6b41e8837e4a3a72c91b6aa092d5031ebbd36eb931d
QE,506,1711937d4c1d91365124412a892e8417f3f90718eff053ad575ef937363b5a6d,,
QE,507,6f174595eabcad6e4339a2af7276643c6d5b10554dbb34b6c18368754849a93f,,
QE,508,3cede1657577f601709839e8cd7c7aca7b5180af6b39f96af5807f9bd7c70c0a,,
QE,509,2a96b1b410e246609eddbf1cb05c4c37be96609ecc5ec5e1a109514566019d49,,
QE,510,1b943aaf3d649fdc50240c44088b7f6d6b14d14bf5daa8b0633fa17865d74d4f,,
QE,511,6078bea4eece6bd8df54b0171439a32a95a8e8d1427a06594af63696eb7113a4,,
QE,512,59419a1a3c35ddf20d6bbe66289d7f8a46068c7e9a84443653fc07fe6baad861,,
QE,513,351fdd56c713b93795e903bb07da5e8a4706c7d951776d78fbce95e3de193319,,
QE,514,e2474bd38e5a86a15b23f4085cef109f03f96f7330df36fa0c2fe0044303ca58,,
QE,515,8d805f17844838107b4963e3f0f5a953c1960a648afb06ca47c9a8c808fe7d83,,
QE,516,edaee9a957006370c201b06f40b66c4f19669fb270f9136ab67f4d673ca431a1,,
QE,517,c09c58c690de67f37ca6472a84f8e390693849b2a800205ba4b8880a97514b3b,,
QE,518,877ff82c6a19d4a9c8a096316e6832c84869a9b2eb76e258b11b8c4db0adecff,,
QE,519,c4ea6edc9ac1d4f788d6d82ca82d4f56e97ae8444102dfc5dd6cc5973147a84a,,
QE,520,059007546b72c32cfa3a8e5dc8f4e576d4f35983e946a4b827d8285bf2843799,,
QE,521,56795e9ef231b40d4e76ec8151cfe57dbc962f5a12ddfe68237123c911982f9c,,
QE,522,16c6c78d26aa89480acc87fb6ff744dd7e4e9b02c50a10a705e5858c1a14fa4d,,
QE,523,b2ad674ec28bc47283890a2aa7bd1275ed789e7df549777dc81bb71d43ac3edb,,
QE,524,9fcfa361ee0c90e47fe36a468f5bab5628ed278142099bcc002d2ee72de69e7d,,
QE,525,ee1ab75f6029f50ca73dba6a86932da728af5ccb4e641dabacecde4feff3e7bb,,
QE,526,d1b56076d191d077e810e7134046e6014a8f512b8cbdaa09156a27aa9cc6dd95,,
QE,527,1b455d322bb498e431cb04b96a21f41af21271627162fc980b3da06e5b21481c,,
QE,528,461455e43440a3eb7c52a5070a39b46cabed7d6281b7f3b5065a42cdfe162b0b,,
QE,529,dfe4f62d6a04806bb5ff145ddfc8af0d5008d390fd0ade752b32f6588ee927f9,,
QE,530,e580a90d24fc9746c3a98142814c3a254ad7e6119d715157855955290fa0621d,,
QE,531,449f3a482d0f8b330f24fc267f025f746debe5790605829eb14bd6e165fe83da,,
QE,532,24cfc2de0384e5cd40877a3ee5c6c0f0a8d5898eaafd9ac7635a436b9f0066d0,,
QE,533,a33c448140c9210498071089d6b82f05c429e26b2f963c5a17e2473296b7db96,,
QE,534,b69eac0fe6d1ae0ddaef71fdc1c66f8b37d465192ca211202da9f1aad786d31f,,
QE,535,70e98dee7d39747b51148bdb58f090f906f241cb99b2df3ba9d36abe41e8d081,,
QE,536,4a68da280496922f69fa48ed7176d78356602d2a4134889e3413a0ee9b6bba88,,
QE,537,c6227d45c5e1edbd8d0c5b588758f8c6ebebe0e9365edc6540abaf72e66a3713,,
QE,538,0ccf789e6953b2c46366b0a43f52151e0d2c346fc6998c32d172863b0ae8e916,165,df4690eb6da926b81f4e3d30ffd79170fe23ae9a237d2df94605a77c9995082f
QE,539,d766f563d1f23b0889bde18967d75ba1b210d1e9320ee7cc6b6f0421eb53045c,,
QE,540,d086ec681616c1dd844ce4bba5275dcb846918bbe0f3a74f562dfff9c6d6953c,,
QE,541,1ad42eb7d5bf87531efb194dfd306abde29919e9f7461b47c99c3267450db997,,
QE,542,af7001cf250807d8ebe18c204589d066c35889a72064fa568e067af59df43cf3,,
QE,543,08955f779a0de66178c80f2cdb11b6eb97f881ed787fffee2539207871374eb5,,
QE,544,3e215019a27ce0a69571c9861bca061fb3770ffbdfd99f374182e7802f174e86,,
QE,545,8c9ddc5a87eb780cd88f385efb4e1a9daec34fecebfa2192fc74a6c870e3e236,,
QE,546,147b022ed7f87f5ed332c6238bf61fe8eeedb44d053bd8c350ba2b449680d327,,
QE,547,1be106c1716dcc50ad1f9adb2fbafd3b9a65dd340f572e0bd43f2e693c69abb3,,
QE,548,b066840a741bf02095b02737f9f0f2831536542fde98fe70682f0c43492c55e5,,
QE,549,9628cf1bd41428977ed0b2311021fc7ca1878a79deeadc6d898d84659f4ad0f1,,
QE,550,e1189a571937da463c98a3a592fef6f566c50c5382a831a6156c8c1a80497bdd,,
QE,551,5915a423bfae96c709fc709f08de6c120d49513bc0acba8484fd6976c44747ca,,
QE,552,b554c623cd51c5a6767a52d24c75d1ade0f375b6702a6172530f87c7c35af795,,
QE,553,fd08e41f33e7463ae063fce23f89deb00feca94ab7cb348d230ee1a8153b4593,,
QE,554,d2383f2a6d26728cd2675f3858904c32d90d931647ad125683990d16feddecd8,,
QE,555,603b0a8a09e0ab4f31a0756cbeb84589a330da7b0fe539d40dab8cec42552ace,,
QE,556,771a13fb523390a6aa61f389291ddeca97f7d37dc4cbed397d1349890d19632e,,
QE,557,8bc57472290412e314843aec3c64a417702347f2b172548b8cc790a58233663d,,
QE,558,afd5c021d1af5da442ac1f34b72bc45558130091f19351471a9eb05a337caca4,,
QE,559,a33c47d981040a2ed2cbd34125a3494bdc7c399683ca86fa8263402d38314a5c,,
QE,560,e4c0a0f4c4aeebdc19652353e2259521f4f54e72a3b39fd85fde10a6796ad965,,
QE,561,e546b2cf47b45d92677fe328d7d1b637ffa607eb3c639826f18bbeae0309259f,,
QE,562,6a7e483bdc7c4348efa5c615585b06595fe1b8edfcb29cc3e96223d792982675,,
QE,563,3fce2ad298ff32d8a9f2b4a3c45b5a4992d2b1aa522e3ccd7feaf167a4bd4035,,
QE,564,34f6d17b2e021cb114b11439cd500a58d67517e1c3114ad5d23639ab02929cf9,,
QE,565,83b7cb307d6aa3f5dfda7b4f9cb269eb7e4adcfa8cadd04982f08111bd02b6ae,,
QE,566,d017e254cd3b19bd12ed5978d43b6866e43dd8edc5c595554ab572535e9a01d0,,
QE,567,e7e72633ca3794f9937279b0c28ceac5f4c3e3efb9cf172170599b2f39eb153d,,
QE,568,75155360733ad51f692db174c1b344478f0888660f7776cf2d0756578b09c390,,
QE,569,8563872b24c88a2ddc5be6d4f265a920d05822873ef03dcaafbb073e42c205fd,,
QE,570,281bd54cb8fbc3406efe86732c5e93801d72230323969b4e0814b1128cadc110,,
QE,571,62b5f5cc021c5e0e5729a83ed4bb9e5c05a712db8c0c0914ef79a806cf68576e,166,2eed1de00c9bcd3dcd9bfe236b8f025871470e8a3c1868927737c96806aa3af2
QE,380,5fb5c545f620071abb9af6e844275c2011346e7d95234de9bee9a95da82cedc2,167,a6c1f6c75e8d79db5b333e92ea6077b2b6b9199d66d8d27f6d9633a88704b3f3
QE,382,0ba24aabe7512784ef946b6475eb391e98f4144d7bd233df04727d83808ec05b,,
QE,383,c4134e720d3f161b7f38ce4bee0f3ca0640c83fef1f4ebdc8b9bacc98092bb77,,
QE,384,2c980f0312beef6780fdc6d6c961781bad4e05b3421856c70cd2a735ffdd6117,,
QE,385,a6eb5785c21169b8277352ab6da09482a728cfda4996d8742f3878358260a71a,,
QE,386,4f21f218bbc853866117bd28610e1bad2f5ba3cbe59039335f8a080f2ce39ac7,,
QE,387,d9ac488496a40f8806fca30a34ad9d4b9d85aed3b556c470c804094b5e390f2d,,
QE,388,87d3091d4398caa7a462b79525860fb05ee9fce4bc55c8a06b51480101d9d379,,
QE,389,c58b7a756ce352764d1be1262431c1578db6f2672c474fec333f7e29fc122fc2,,
QE,390,e1999b323e2660b7ccc1feec0f303b3e4bb591522af5dea7bb4a88bb6bbe77d0,,
QE,391,d0b83361724a1b299bd2d2debde29f123da118e613821767fead05b1389ec534,,
QE,392,a21c8c6f31f1c6830309fe61330cfb50309ac2774fdc6c4a761886fdf487358a,,
QE,393,9a685d36278531d8df860ccbc4754395d88a2b85435cc7297d192c589b29ef55,,
QE,394,cf05bb205e5d91b7af6204e9feed8ea55b0f698218efb3f771ad5a7a82ee8231,,
QE,395,431d4dd4c31085e914c475db446df31c8b87c1dd89e6128db048c77abb319004,,
QE,396,a1ea7a3b44c477e21a98825d9e0817a98d2958f21c24ddb7aee6e30422fcec02,,
QE,397,a7303644e21f0ee4712c82fd25f12901660b475ffb84e0c2aa04636ed94cc369,,
QE,398,72168c6f4a1225864aeef069374b9c777fa70cb603b2e7ad79e17d97ae0725d9,,
QE,399,e60fa3f6b6efad48daa52567472fca9508ec8b0f0bd5c43687ba77b07a817868,,
QE,400,faf1aee4de223d57f2ef6b736f15bf6bf277a0a40ef49aca5942eee75642d424,,
QE,401,ef14c0177613330615ff4a051a7ceddf6a6f5c9b4b33776392ea1af2f1ced5dd,,
QE,402,26f96ecc96999a6a8a9c35beacbd2d3eaa961680b1e1054758db23c9b8193c75,,
QE,403,560c4901af9a15750028e7c0cc9520432f58f381bf1565e7bcd52dee71711ad0,,
QE,404,3f9c56f0025a300793ff79df0beb582e1555c7aa8b3a80e72f5f2fa2ffc5869b,,
QE,405,a1aa483795be768e64c7afb36ddc5247ab7ebd39f451581cdc5696af30bf9489,,
QE,406,8ba6719377d4abed30146817bae047a0b4ae4cf3d8cb3c27679a9a6e42d7df22,,
QE,407,63520a1f0314dd9b9565d24958a36f3676c5dfa91e5825ba4503160947a28e5c,,
QE,408,a1958025b300c40e8c6bafe54891dcad3a140be0104fc83e240a54500afa93e4,,
QE,409,9771b4848bbfeda93a5ccfbc12ef302e1c62ccd3e6bb9b6d2838b88309a31db0,,
QE,410,721eaeca05bf44190afcbb510ad68ee3dfacfb0f86207731e35a1c124c8c39f2,,
QE,411,80bf0bb4280c1f8a71af855090b9d096f60976c73ac8505a222516c04340181b,,
QE,412,cd09700b2e226468208d87201934527464b69faaf55cbcf1c5caf87bb1cd2497,168,8e29ea975485bfa5f6eea22aba8ab4d3899d3cff32275945d72c21872f4fb372
QE,413,159be418edcc86ba37f83fcf961231dd0843b90a03515b2b4e15197b4dfe545b,,
QE,414,62c64f7ee29ad1399d7fe68275b6b44ff72c685fb08aed0c6ce5e0780ddcab68,,
QE,415,b38987912be089ebe9a5bc4d877fc9949056485204bae10a319c7e7ba54ae65c,,
QE,416,869b25b4215af5faf456f8554d850e2153658f54fda67cc921f4c214736f705e,,
QE,417,d475a112b130f5989dc6ca0989868dc0e58e00f1aa8939ae53021908caf6f832,,
QE,418,9bd9589baeecb53b12d35cffc64bee12473482529fd8f38111d2989a342e334f,,
QE,419,eacbba56eeb3e2180e57c8f1d825b45d843de7648f4ce6a0b0ef9e88a0f81744,,
QE,420,803c87ef47314b338d28684fb0d94dc443b5f7189d2e6a3fa04960df70ac84c4,,
QE,421,c6250f1cde4e57fa60e8c6ce787409587d728a03b3923a77483b29ef42fa0a9c,,
QE,422,e437d9aae85dc74fb51d15db88ba8d5c8e155ea7a55f8e6ca20f8ce608353777,,
QE,423,c092ffc243db27fb379ea22814a45c195248babd9ccbed53f3d9f11e39b47fbb,,
QE,424,d52286c6ce73f716e67a07c2a1fcf5a9364bc5d8f22a45a631b6180dfdad7cc6,,
QE,425,4fa533c7c32efe6ee0642d4ebc8517cb2a766d3b827074c4f6b32169efda54fc,,
QE,426,b1a69eb09b7b882403b80dc5224ffc339ac06737fcc615f6dec7efa5c567a0ed,,
QE,427,0ca70f54514550f149301cc9bf3104c6d6f8a9cf27d306621f89202dd9c612ef,,
QE,428,ef9638fd909542703c8fabeaa0f80bfd2595e9f87667f6b1a3b23709c86af783,,
QE,429,603cc3fe87c7b317c237764c7689ac856100fda546fe286f61aaa329d403ba25,,
QE,430,69016896ee578229cab6344ac31cef43f6a4fd54cacf1b8ab4d5198ce4a9738d,,
QE,431,2ff5dd01ecc7491c3915b0ce2e345346febf6051ea246f333461c16ff8a9b363,,
QE,432,36ab11831ea909d734e29002cc673af79989f9ca9a865f4f0220785392c94386,,
QE,581,cdc30f5fee16b53ade1d3b651dd6d9e23919ebe48866f0c9ad73b9d41a4e8384,,
QE,582,2158a46cf5cdf761d9f732d0a30f3e57764960c2b572e360ab8f9025830f142f,,
QE,583,224503ea80d8671a75d5796d41e4467d53501e155e568188733937a497ea783e,,
QE,584,12cc3cd8b9faa410c479d5a2e086f727cf3d2220f76ec3e7794a1278c8347123,,
QE,585,4fd900dc604e9b8a86f1a5c4bc69b1e0a21bf18d67d1dd2140f0e3171fa580cd,,
QE,586,8737c184a1e6c48eb8da497b3436241602fc4e504d6950868e877e6cfd2512fe,,
QE,587,2065b7c8031cbadb7c2fb931fc7835feaa34920ff599a2b83b10cd73b4aa2af8,,
QE,588,6033681101374a3bac5a2a29aec82d963b7d9ce9abe362f99acfc5836acb6bf0,,
QE,589,0bdafecd917d89147d76946e6b638bd6bb61719a69fd57685807c9c89830c1e6,,
QE,590,bce83fdf9c8944d234821df17dd9ea740efd114b5ab688a0424be770b98bec6f,,
QE,591,861becb0ae59049a14b90df749b01e903581b0eadefd00ee9523c9d2eaf0b7cf,169,52b441d4782a68ed42a8234d3db24e8df910ccd07785ae414bc0a02385e04bc8
QE,592,8dffed28965a923eecd039c9c90660d93147ba0b80765a66bc8742f8671bdd6d,,
QE,593,ef7176aae5f743a77af50658efc8d8383add70795472929982414e18dfcbbf44,,
QE,594,a514aca3cb79b0afccf26efb28b9adcfa29e8aa713d9214314db1afc9bebee59,,
QE,595,062e55a408fcdc9a7dd1890f7f4afa1e8477197c3f35e43193830989a47cb7b5,,
QE,596,cdddfbfe52b24ec9411cb51612bd973fd77e7a81fdd8cba1fc02b08aa1e6d175,,
QE,597,544d6277046b29f1f7d70d0925d97dcc43b2fbfbeea32db0623cf5f11cc44a0b,,
QE,598,75a3ca04c0305aa29e0a20878336c62ca9266b71b28db3b8dc090fd1d60a60cd,,
QE,599,0725f62ddc2771f0c3c1c6701078a40130f46553a303bab2df812a045e31da4a,,
QE,600,267a82c7e9685988afd6ac499625a1418851c416dca8fd898543f26dfac01aa2,,
QE,601,2cbe55d6cb5f18df0072a57f94683b8793b4ee896e5ca362c9b1d0fd79591089,,
QE,602,4b116d714390ea151ca7e42538cf39f7757b798d0531926300415aa76e87d4a5,,
QE,603,92fc8704ca955c16aca73a6c08b0480a55aa72b05819b1d3576dee441f12ba4b,,
QE,604,e6d4ccef9af0aeb36a460aa8ed9e2ec89b4140bda0fd707c3446cdc70cde3480,,
QE,605,a6937e1c0609cb98dd3df3c656e0d3389e536b9e6b02159fcb3b08fb9b711388,,
QE,606,3af3a770ea143b5a99d05d30aa4aeb258d4bf4865b7d3483da3b0c8d7dcfad70,,
QE,607,4b869f4bc459fefb80e0bddadbf818b5006d437024dfceb1b7ef1fac37a68eed,,
QE,608,9f9a1ee513c6b80fc5423807da9b9848398fc6661ade34a3c15d14cd12fbb99d,,
QE,609,6ca4b3dde929d27a0f84ed1e46dd40e27daafeffcf7797eac22e87a8bc3fd2d9,,
QE,610,9909513caa5a1e896bd2adfa228c9fb42509e677743a0b2260b764554b2b7068,,
QE,611,adbfffa0936e1b4557f6fa2a4e5ca88ee1620e5aa74e097d955f0d82fc89fc73,,
QE,612,b9076447e65d9fd91756cf145e5031f98c4bc17a89a61d23575add345cc664f9,,
QE,613,9aeb83f47ebc7aaa1f0a9ca71a9e43114b60d942efe03cec084459101efabb04,,
QE,614,6c0a657581d06bbfa98560035e1e97b7f92d52c0a5d3e2878461e8fcfe43dca3,,
QE,615,12f3bd18f8006a43c2b60fae6b28654baa503b70accf7ed032bb640658a3cd70,,
QE,616,220b4f6d38dbf57047d5f2b097007348ef3dbc86856308be42d5ba829e96355f,,
QE,617,9d3d389c873aef3d5c21c36316f43400a5a4aacf43cad3a400a2fd240f6bebde,,
QE,618,11b4f14ccedd425c522cc57bcf668a5a47e4e1d944a5f874de5d728008d4bb60,,
QE,619,0d13ec78ca14760c9bf9d3daac82d9446ae796da9d67a4e814463262671ffced,,
QE,620,ab5dc9a72e0ef152c15c7d0f87e9d4062d86ed895cb14d532e34cf50c578445d,,
QE,621,14944d802771769ca7bc1ee954dd691d691d4da53f65623ab67b09fc60717a27,,
QE,622,342fdf6f3105539b3b51bb4ad849cbe5ecb334d27601ec2c9e1ddf2141936778,,
QE,623,4bce1b1c934c11d82050441232a0c6731afc21bce1069ca8af9b02a670bd2ce4,170,e1cd63064d3af1bd2dfda9f3243ad6b6d6b662a3775871c37a1bb0894c0feaf1
QE,624,ac51b0ba7d942988f7910222468a405795af9c661e019e947674bfc73b1d4d10,,
QE,625,7dea97a2cbe04f1745c380c03ee4ffa0ab7a8e943003916abbcdaeb035956721,,
QE,626,14d3a3590393901296ee89b449c270fc6b85efc37952e16db76cef3403372e9b,,
QE,627,5cf5e015f9e5cbae716cd5d1845ba6ed26c1dbaf853bf1e5c8b6d4d2f338682e,,
QE,628,ec1c7539a233c3f1e6c38465b2008e3b80ee7f4b068d88a81d99dffae71e3315,,
QE,629,e85b21d7d5b24b9f8f5b2ab7fdf657c4489cd5e943f1447f2bcb88d0fd870451,,
QE,630,1590fd91e9201051cd2cd2fe11a8e840954310ceb543d6220b328492ed8f88c3,,
QE,631,5cedf1f8131b573ec3f60d8067a50a51eec7b0378fa8bceefbc503e69d0186b3,,
QE,632,e3ba2054863f705a5c02d92b82c2a6deebddf4fd5616a33ef6eb68f4546a0d62,,
QE,633,c4e308986df3104781a34ff1b75498ceedb124237d996105ce51f7c390af98c6,,
QE,634,be5c5c2fff39bf0d54139715bcb4bc4f6e2b1ff29d8d923412d8e9ac8cb3982a,,
QE,635,eb635fceed8ef089636953ff053ea131f5a0b55c201e06d98751c7de7c72669e,,
QE,636,df9ab53f9231b15d3641c46a04e8aa38b147bb2ec33eaa9c9990244798619687,,
QE,637,3045d44c7a0d2442a67fb50a7e1ebdf772d63d4433ad7c38ab5aaa2dfcf1d997,,
QE,638,ebfe9e66cece405c99cdbb966176bb1df4a3c2d6557afdf52f9162bde5150f9e,,
QE,639,bd1d66ee4038855d4218848fc1e44cb9f492d97d7973d18ab6623a5ee716c2ee,,
QE,640,e26395e5dec284430b5d35be83faef5b9553627dd72734ccb2fd9a86df484f11,,
QE,641,0e97490df9dc21038fea5c8a211f30fa980a5a5e908d09a346f8738e1dbd0415,,
QE,642,16531728565e89b2e5cc3574cb6d6f32faa5ef27a2b0e72efbf86d5e39961aa4,,
QE,643,9b4a440775556724330fa83b870755696b8e73e687750b332c162f8bc1fff99a,,
QE,644,3cd8d01001e396fbc7cb3e3eb44bc28244de74fc532833a59cfc202bbbb77727,,
QE,645,d3ea102bd183bc11576930e3697c6c75d2a704e328aa72c0dffa55135e7a8190,,
QE,646,255a325a9529cb1b1276b77a570f710360ffb0cd91d7d4919906072682a54423,,
QE,647,bc6a43a0ac23d767298992a08047629aa7f757d6b389580533f53251eaf6444a,,
QE,648,adde0385d12b7458d1763d819a0c10cc35ed95d45702674c65d0117d17190e16,,
QE,649,0dc7d61b723b5a14d9f3054c6885ea8ef39517afbb96077b3a7592a33e7c8593,,
QE,650,cf67631580c0aec5dbd258c9b3aa7928a95d7ec1e2fa4f09fb15493ddd83a052,,
QE,651,e87a978b44aac38339c4fb6e56694948d8f175cab46f3381d00db64d906966c1,,
QE,652,12ad3c459016b2b8f4f69719197860436ac18b32b06384155a2f2ea8b76d6cc3,,
QE,653,115ea78c0d5226f8aa06711c5eec5fe3cc04fd5caed7f4dd41cdb5fd5529439c,,
QE,654,b4f2d3753904e800508886a056b85dbd033035c7cd6d3e98625ca932538387b0,171,451dcec2438033819de4fea18ca3ee675e2def69a2876e90f1cb939f76709a8f
QE,655,443e23dd25ba470801003514b85a08a6ab7d88801e1e448e099c5e549380e1dc,,
QE,656,ee86eca576b6bf4cbc5c9bcee237ef869c007f25b144b8f1d323a04f66df672d,,
QE,657,a1eee948a5238f7840a1b02925d05e6f997702e87a95e935adbac8cb0de46ecd,,
QE,658,2132ec0da3018cc87f6111027871924370152fa4dfd13c5aaa2dd29bd960f6ba,,
QE,659,3f1bcf4ab2974ec300ad59eff1fe78d4979b2e8b14e1d355b0196303ae48408a,,
QE,660,df04a2a4a9607a70eed19bb226bb2f25df1cad1d6e7e2aab8b1dd0e0f53fb229,,
QE,661,0884284b7d39b19e90cbdf7422a1bbf9d87db414874527c240496cd15310d171,,
QE,662,d60467756176fada3344950db3372549341dbd8f03ad55526f8a22c88b17ddb6,,
QE,663,83c6bd1b8b002de91eaf5f81b7f95c39bfa3bbb657a6a1b93e27502f0a3d80c9,,
QE,664,4a164c28af0cfa67b266e21668ec330b39caf2bb6d8e42a09bcc9d8147ebc7c4,,
QE,665,3f73b0f5c6b06b37c7a464fd1d59f486ec20752d412086582ce7a1e29fe97c77,,
QE,666,2ee760a7e4c6c1d6b764187e0126fd078ec345e400212b0ea5862ee0fa1e0a6e,,
QE,667,64b609805140cb64abe930e45d28a35681f470705865118c638a9f6d9dbb2c7a,,
QE,668,53e7d5456ea276e63240104ac543963965ab4aaea3d53fff19e037951d094ea0,,
QE,669,142be6b0ebcbc92d4a695d9d88978d7f6ec700414fecbf38eaf801cd17f49c01,,
QE,670,bdb5f1242baf3382bbd13bd22981652cc1ac94190470382ce716ddd4906031e6,,
QE,671,7c9a84e210186420c67316db4317db7ce1611158f73ddfbd026efc41ef954e68,,
QE,672,7e79c00a938338ae8fc8ebfd502fe23588f24bc5cde5cf39d77e0dfbd62fbe39,,
QE,673,98b2150e6c17981d07c19f3db8f8f202da664e72d39f77d5c17d8a48bc5cab56,,
QE,674,7556a0d6005a729163a799c2bb7f841d41c2c25ed6a731a0fd78566dd6202d6d,,
QE,675,e95e9ff3c99530c80d868984a2c7734d635f3a64ed194a9326219a63d88427ac,,
QE,676,40eb70620bebb7a56581c6dfd8d90182a39099108c7ddbfde283a1bf4b3e936d,,
QE,677,45292ee73c89dda8a37f867112ff62315a5ea9668c8041d7d60aab826a5193e8,,
QE,678,1ac6ad1de14de2f89a61ee0fa2deaa8b76b5c6eaf78b393aa65851ef73f31fda,,
QE,679,fb64a212389accad7531efd0d58376cfe59261f18e665c60e486e5487a25f331,,
QE,680,c8a5a85f51d0b28b8ad2ef0b2863c37ba731b17986eb1086948ca1a282499a3c,,
QE,681,39650b7eee3e9eab3868fbee86a8ae498edfb588afe1f2c487dc547353ab8605,,
QE,682,c6bd35fad7e8a3ca6d62e6baf65f0ea4a4806f3d726fa578ef34398655c9c321,,
QE,683,3535ca9336e5817be74cbcdd8d3b3477beb1a2169b2b4fb5b3577b069524cf9f,,
QE,684,9a65ca9c884daa34f4949100aa5a7ecdb062e224de4d77479ed73cef8156cc95,,
QE,685,3a38da75d0fbcf7cd730f9f5cb05d438c67203f8e8ec7212ae51a057282c3dcb,172,b2f5eca073b58145d8545d6c3451242f4d1fcf42fcaf00fbd26340df3dd79b92
QE,686,f54d7ef0948a61365e4b5b2d40cbdfb6a4b5d2d4b2d8163fe7d5dff815821ee6,,
QE,687,5980b59330448736cb88d01ab3310247772373fa415dee9f326bb5ba0ed4d388,,
QE,688,88c5645b9993b172f307b842bb4cd25a6b1b8b3d72c1c4f69b5a80af5398c526,,
QE,689,f18018c6628cab0c2d5b924a0e04d9f1881a85749b29595a87df91a3186ff652,,
QE,690,cd457f86f484c2bce9bfa2541c29cac6177d213d535bc0d7968b80a622d3043a,,
QE,691,ace9d6a25502e2fec4a4a35f333e238abf957a5cdad2b731c8f33724b6a8c2cd,,
QE,692,279b63e9fbb080a88b6049351d430736a67f6fb9ac46f94b2b0b074fa70044dc,,
QE,693,a1c18be041d55e292984ee908786b72fb20674bb9967b35a2309052ff2d78cd2,,
QE,694,08b85871cfacb9ddbd88600abc4904f4af5435fb51f1299cfdf7a61193bf4841,,
QE,695,6725532598ac7a2a0887d4ab84a19a9890f8a23b911c59b287229499e4c496d6,,
QE,696,5352597fbf625d981a38de950d812a09b9e269ff274988cf9a95d396b84af677,,
QE,697,dc05bce0faf6e82622257bf56e56bf02bef877cc25c285f27c3295fa1d626843,,
QE,698,c715c98d987428b486e2ff9b615959b364d3a46f744a6e2b1a38767dc48b909f,,
QE,699,b89b5b8377656a13654aee8906fb067cf08e011f7875ae7e26804836c9d4405a,,
QE,700,f73b3771896eadc42debe7d422582fc8af34660da5caf095d5e8cec68a0efd09,,
QE,701,aaef4398ea6a5e8182c25881e501e7ffe78a7be65f16c3193e458dcdc38cf7ad,,
QE,702,0407c17d562c343b69c5dbc022d84029c578f9b996653bf4d053d8ecc053822d,,
QE,703,2821e2d412ef41cb947957fe7c4373da78acf2629a397cfb704e2225cb9ab31c,,
QE,704,aa63bdb51418017015d4561ecca00c60f467e0f77109b0133da2034c7ac15d54,,
QE,705,8334f014bb4a0b928f8a258962227f170a64b9f8ece28d683d91580f4da4cf5f,,
QE,706,a6ba96659ab8e21e350565ea9806bd809bf4a35d7b69c0020e1c93b00a8b2dd9,,
QE,707,33c670f319b498c9d7ed88d065cec3bd6e3e75f1dd9eb7b2521e5bdd907e1ed9,,
QE,708,e11b7663136477ed164d012a81304301b6d5fca3cd2605278967ecad4fd956a0,,
QE,709,0835c780385b9a353a3e57b327cfa97d3a05cc8b56f8e604581c17e25595404c,,
QE,710,2627a5d906c29b5fbdc1b1f14cbe3900f36f29b5897362e39f1fdb467b578f7f,,
QE,711,f048bb948817ef96e69d58cfeabb7d111e872452112b2e1407855518d49db836,,
QE,712,c8a8ac27b38316b51ddfadf6cec28a8cddd002a286108aefd935b0c36b36ee53,,
QE,713,114cb5e586612ec6842501242187bdfbcad10c20fc0c8ea45bcabc9745766923,,
QE,714,10e884834c95324ffce996efc61948c9de7b2f60f6552a0c8d48993c4e784396,,
QE,715,95f4c003e14dd13eab45439ea7e2311181cf114a1b1cdc8bde2d43ceb145e1b6,,
QE,716,697584bd779e1c9c729223c03e844f001ed0542f9536b19e6ac81a77d3da7a02,,
QE,717,e4dd5de73610ac242039b763aee24a5c5f06368f441424e4f4744aaab104eed4,173,71441f83f3e51359f6275fe847f67c5897eeb0df3acceabd2e2f4dabecec5e92
QE,718,9fa15110113f4d694d686430c2b6e792d58b3e34c3f71fbf38588d264f5eb56c,,
QE,719,5b1c0dba826d55b9a512eb08a5c45114624cff2e6960246d316fbe31d26d8e73,,
QE,720,07527d302a4a587d9a121aa11217c3152380d99817ccf94f696f5d85a70ca49a,,
QE,721,77c56b2c79fc3d156819205effab117d3948cd09c5a28ad2e21b4a401e7e45ca,,
QE,722,b4bea1ac452fe83e9b322917560170184e77f37d9aeeb7d74fb80c952ffe07e9,,
QE,723,f11424cac7aa089de83017b21ea4ad2ff02e8ac197701df94703938140ee6316,,
QE,724,98f2b8d23e1961ee4e370103bd64b6c42b9620f5c10b64eeb8da25818e360600,,
QE,725,fc1c9eb1112545ed7c2d37d042e49134e26ade139c60aa19b2920c6f7ca7c29a,,
QE,726,b85a2dcad762c2e4ff92fa185003d86736e04e78b06fe987821564cf3f50f1e8,,
QE,727,0ec156f65144a4abac2c54a7772d85d4196d0df7447dcec2c1a025168e5c989f,,
QE,728,d129bda4a6a1a5871f0460e9a2819b90fd09be8fe7898c4f8f311c528e75cd58,,
QE,729,76970229505fd65d36ae37a048209e04a6791e04fb130477a27bf66be2c1646d,,
QE,730,13cd87c11c0d8c82aa652791b0acaed38b9ff54c2b989be6a7858f3bf55ad4a5,,
QE,731,70945371fb4e3a69a9b4bc0149e28e26bb1844ab915deddd26e0b52cb438e74c,,
QE,732,47450a6b3428058b7a98faca0b4547b4a492d09c061fac650408afc136a7f8cf,,
QE,733,98545aea65a9c5b375faafe10dffbbde3045b57b791477f395e60eb421c00188,,
QE,734,b767634b0b1b649c097fe716d3901ba89373f417a008256147f38b77e4b6edeb,,
QE,735,d641542197d697516eae0144acf607f4b5b050193acf57f2d71f03795cfe64fc,,
QE,736,cecf2aabbebe199eeb343e9aac09bc7adf7d903c3a3826ba4737ecf46a1de540,,
QE,737,dd7b782c07cd4c7be9d9087d65dce66073726bfacd269e666c01878cf8b9eac5,,
QE,738,b1dd7fb4219e92dbe67ab5dbb5ef9ef7659de37a7c5021799dd1200a9f877dc0,,
QE,739,3441eabc2212472c440b8f23e4c7948d26ccbad06b7fd85c63636a23b4f3a36b,,
QE,740,aec4fb8af60c3a38131d3d3ba8d60e290c421284a42b2366dec7e6cc4bfb8fc9,,
QE,741,d68c84abc781d0ed8d8152af08ea63aaa4e862792be73991dae7ad4527a74c7e,,
QE,742,21a9a8282affd6260363b35244824447f70ea54275b1af798ab54a5275052d45,,
QE,743,0ae53ca7e7bf12765b28761594e87ec5291e86f2a30846accf4df4e594388a31,,
QE,744,75994d12827cc7bd3de9f9ac8cff65eec909ab97885db116db5f385a98908d84,,
QE,745,7076892c4b70c49ba10a5eb534224ffcac7512504f32dded16ee19e7b88b668a,,
QE,746,5d0729b88e9c12560918d67e0aa67e2667b3c625442509ac3824ec70973f76a9,,
QE,747,0c805faf7ecfa8a53cd5ba23303c95aaaff278d949026391624d4cad5ece4964,,
QE,748,a8d36ebe2566a35c944280ef0196a77846e48754a6f148dd6fef8d3026adffe7,174,43547acebb2373cf4de40c8adce397985f3d9a2591792fe99f1715a65b9355fb
QE,749,ee548c22d81af436986670193f7a97f659f2b198d02f883a9f9bded785ce0044,,
QE,750,e19a41e7fae2c77d7f3ac03e0f7eaa69276cfcbf5153b7b74c6a986ffd775d7f,,
QE,751,0e5393fcb97c64d44ad512500998e92de02e2934b1cf23229e4252d08fef4281,,
QE,752,0382cf10decf6b87e2ba0380b324e0464125fb96860cfca708ed75369bc742c4,,
QE,753,0c805faf7ecfa8a53cd5ba23303c95aaaff278d949026391624d4cad5ece4964,,
QE,754,10af6f641f06a69f8e270eddf6664c47876c9b04feaa4b2d5dcec16fc1a72236,,
QE,755,58cd6151f04ff523033e3426c7c0d38ef6c0b0086974c323eb777d5ac62c6233,,
QE,756,9cada89f07ca1427aa26ac6bdd813cb38a84a754b27992b9d27f48347c8ce1ea,,
QE,757,5310bdfe092e26ad936d46a80015c15e3c84638b52d0f1a2a90c9855cbf1d517,,
QE,758,8230eb1ddc4f9af5e2e25bb596d42db8b94c78a8d8b6966287487453b380cdd7,,
QE,759,8c1728ba82d28b54cf2013ffce402a12f7972d803a78c9373673d0c7aea63c7f,,
QE,760,2a9a0ab1f32e50aae3d67483b0d3ce3209709bcc30287bb82f739ce44380c9c5,,
QE,761,00f1d81cad78c760480d02c3903f5e71ad17da853f5d184adb0ef17bcd38650f,,
QE,762,1b9ed1809a088e5b5863f88ddf83e0e562494a4e5163c6fb0fe2976be2421834,,
QE,763,216a05e2e2b4b4f58db8398ace08b25b86474d58c82e57877f576de85905732f,,
QE,764,a33da4caefb84df03551afa1585b382630b108c1743e29280964f9c74f9c6ca9,,
QE,765,c71f9ee7372da6365bd2c447256e6d2767215c950ba06b692c8a3310636902c4,,
QE,766,216762a23397f0b929cf7a6a85b83d7e37ed993a7c690d4b2fff4a3e2e12ecbf,,
QE,767,311004cf4a553654c173bf2bc05032989cdb633628e999a4dcdca6df79f3025d,,
QE,768,f25e3c20abca25984a12cb5bc68bbb44486be6da80230d235bda0de298ed98a5,,
QE,769,6c699f3af98a052f6cc1199bfd75bfd3207ea9e6d8cf84e8ec7469cc2e6ef3cf,,
QE,770,3e2c61c494440821229635742d75b5415ae47aa310ee08863d990ef7a4c1609e,,
QE,771,b0160bad553e905c5face49c4a5c57457a86e0e2756e423f71d69eb604f400c2,,
QE,772,6b571c237886b5963e108c722f995880814f25537046424f4c9d1641f4f2e215,,
QE,773,a1f2494d6f169b0cd09c7bf6f8e41ee11c6a50d8e055723444357d95281c2a22,,
QE,774,b420ffd99dcc630bc034a9c46dd76b9df6e183741699e6eacbc3bc2135a4a907,,
QE,775,35e1d4cf80991df0fac1b1735acc3fef9f7dd2100faced219f068d94db289e9c,,
QE,776,ef541d39bf056290c0061da912379bee9212039e89f9d4c0be2c8127acd73edd,,
QE,777,556f01ebd2014f674403ff5ffce05c1c9e49eda36015c8c6aed7a7a815babbb9,,
QE,778,3ab7860e678ed3a6017626fbe63f4c009d679747dff1a8bde6e605d9e2ed6eac,,
QE,779,e25a4cc9d0e1e69918a9bd1b669616211336f0b8c724e3c57c4fed1c22afd147,175,178e4b0e4d8d53d342e89100f16a7d1cc81ab6e2e7f970ed5cd0f9513e6ae16c
QE,780,0ca711e109bd3ca43e898e3a6c84c25c46cf80efafb191108cceb9a4407a8917,,
QE,781,3fe2258ed65f57b0bf461537cd4208c6589a6bf86beac015381a61d4a7caf9e5,,
QE,782,c5dd4e6f9e291d290b1c211b21e440863f2f6c68adc675c83e8a15230b0a473d,,
QE,942,545602e1280da5d236d1b2d96f62922f4593b094f01fe2c5b93ba74e18590361,,
QE,943,c41f7187182b842322de4b29b193cd87769e71d2bf96189ba4a04d1e916d6a80,,
QE,944,9282b893dcffa1ec1059fc039738383788721ef902d81669248f99c89954703e,,
QE,945,37637864a62a9464c0416b3723f0eab03b007e5045b3598aa111549bfca03ea7,,
QE,946,0da81f96b6cced09a74fed00b9d9332cfadae0c516974cd8c74cc4097ac468a2,,
QE,947,fe2a32b17185506857883843ee3fbaeb5ec3c218f816dd5c0070d1ae17b0fcdf,,
QE,948,91f5d8db1bef051c68773ac3ea64ce8ef35cefdb336fe858d4e6f9654e972b0b,,
QE,949,16925b4be497b8fb20333fb64f1cadab5a3170fdbe94a4657268940c17262d42,,
QE,950,6237bb686e0c09a4f3e3af44e8f5d22d854dee0bc35536fd8d458cbc41a381c9,,
QE,951,3805a88538c6ef8e5de83c428483bdac382132a62ec38e6b92d9c6c1604a2c17,,
QE,952,a14f698d2b25d4449dd818b67b58d038e9d268e7d3636316384f9c0147e310f2,,
QE,953,1935923a2f74413ef466e37508113f678422a8e16c5d175c889fc7c4e2f4a988,,
QE,954,cdbb6d7f3d2fceccda5feb43c59018adbdb4dbc0bfeedc9cb2444108c1796794,,
QE,955,a4e73385f3f17f5d40e7cff7d888536b05b4223bc4d573ba0c24787287d007b5,,
QE,956,1d0a65d19113027d1e84cff18a47bab7629da416c2d2b83301f9e32caccb0f74,,
QE,957,86a2c02f9ecd42881cd945eb168e1a695e716661b963fbc354afc7c4882ee782,,
QE,958,58f1c97d7f6fc73f8668fb2a86a2297d851abb7937aa6ecc2cf4d267d4504f78,,
QE,959,731be94a08c5f11a67c355696cafe0f15eb3134c52b87bebb7938a96c0f8b124,,
QE,960,3b6d903bf9b3eeba99f58059d6a2fdffa6f57e12def4b43ec9d18668188ec2e8,,
QE,961,8b26dbedbfed346a8e8b1ad3a808cfc00b885d57867f326366264fb9fc975e61,,
QE,962,f222ec252e35cf3378dd928b36c2cd9e41ba7d53fc78e096ab9f7874f9a322a4,,
QE,963,3b366e6836922b0c7338ca1e3c7e899edeceb3121e4bdfcb6aea6fe02bb8dc69,,
QE,964,034d4ad313b0cfe35c736ff1f4084c60c446356ae61948d3b7dc4b1b72096622,,
QE,965,e4e80ccd1c122a77132b473562cd5b6f4308b1184858eb8df742127fae8517da,,
QE,966,ae24d6b6ded5786c73a8c13d35a3f1562b29338f45b6355d84031f0251815502,,
QE,967,108c07e8246579ade03cafdec567bfd181f60980287c4817b0858592f03b1f88,,
QE,968,2affec65a8c4405c39620f25ef5625399f523f1c193311e42178165accd557ce,,
QE,969,af9a3f007a1cae4b33451aa08e876f2bc03b6a6e3bf72b86cca94822b2487999,,
QE,970,2ecb2b3e1605b4333c553f0e1db40655faed72fd255eb8c721a34c017bd3a2e6,176,68cb532a778c2f009ee9ed726b41b66dadf852e4775deed03512b56bf9f1d215
QE,971,871b64f1f431a9810eb5ecd034a3e3ca2cd3c5ad4c14db789e671394243bb69e,,
QE,972,72fd46c7648fad54c78c91012a98263cb6cff69e632c8152373f7a4d0e17089c,,
QE,973,b54131a8b342327488df05b2252f2e25ddb5d222e415cb10739710159bcf79a2,,
QE,974,9ec6e3eb5ae31f28d74637ea23ce9d04f535f30a8e8c4023c729d3257b237f9a,,
QE,975,7dc90efb5565c23e3df0ba002eb08c2dc26b51be34c6bf4a9a76165fc9b96c01,,
QE,976,7535353b001645583f4ef5cc199c102d5284c70d5b42a0078dc038ff220402b1,,
QE,977,984ce5ca5eba88f66d3c6c6c1b87bed642b3ee94771f99302fcca5824090d58c,,
QE,978,7988330ebab31bbbccae9b06c9a57d62e5fd34daa83b961bbc7f26341451ee8c,,
QE,979,e1e203700651c8a010237eb1103c2f9d380881335dcdd119cb4115e311639f00,,
QE,980,a2eab677cc5f87dc1d8a3bb7dbdf4ad3139e34691ddf8a8592227e935b2fc23f,,
QE,981,f515c67f8bdcddbfc384ddcd78c9966b72cb34edf5e26c101e8c4bf9f5e37714,,
QE,982,42f4cccaaea6bff1d38ff5efcc67bf57b1ed5b092415e7ae7631c7549b772684,,
QE,983,ff4ef1febfd611185f893035702d072083c7ac9215d85a02bd5b48838dd718ab,,
QE,984,d9b5424e4c17a961e2567d394502072168d5458a71458ccc892c1043bda84263,,
QE,985,2a6a18f71a18cf60e21878e15809d1215593c318b27a5a2a3e58627badab73f5,,
QE,986,63581fbb31228f5194db29d26bebe21b9d63fdc9d510fe71d1e9f84feb5c13d7,,
QE,987,76449f8c5b2cc37de1f3f49065642f222197706c6e4997b08fb7fdbc795951bf,,
QE,988,6fe2ef6bda42a3860c61811bf98d25a0e4867176f8648ddcdab7de39c93a366f,,
QE,989,3118dfcfa5c9234c9a71f17de508b1fbd82c10f7d75b55dac6b60fd22d496e09,,
QE,990,4ddf0ae6789fd24c0cf1e01884c71916bca844d667d1e42420210143e28c0010,,
QE,991,771de19016e8c14b2f8434702f66f4ca46fb986bc3ee1a3ba4e854ba5f393f89,,
QE,992,fe8a9048065e743cc77b9a80899f5e5ff01e9e2c70568e38b79ecb6306749305,,
QE,993,3165bda9df302a795dd74c7b3a49704e013eb7a8dbec6abe361eed1b86220bce,,
QE,994,0c95abd4267a4095080ee03a41c046e165c786b384b1d7a1c795c0cf796462bc,,
QE,995,cf17eddabaceabe8a4a1d041ead779b0b3c17665f48d75fbcbf381dbc0e3e025,,
QE,996,8ba139c3e15e973e3c3ea5e12e7be4dbe3abfba351b4736beed697cd20aa8e4e,,
QE,997,57d07c54aa3f48994aa3f1486ba637a6453cdbb5f6982591322bccc8ad1a554b,,
QE,998,ee436f4d4c5d14c0ee453c8831c44d2d3f4eefc612e0c272d0081b93485fd84c,,
QE,999,b0a2315d5a0c4b31a6dff4276918def25313c5e48123ce53d044aceb6a4a7bb9,,
QE,1000,5d41af53633fcd102c0fe0a19398be79a848b0391846a7b4fc5802265f7ae415,,
QE,1001,ccf009e70de9340fbc77c892ec2dc834ffd0991f250370eb923c292b19e9ea7b,177,ec10ade025f85963153968ceb192d54348f9b717773ab1add8324a4b5ec1c621
QE,1002,89709c6378c578e322d9718f3c4c446437706bca2bdc40341170f0f8f8b3cd1d,,
QE,1003,5cc404ca801f008fbb54f1f2d90adb6972a92462b25eb9c65f5f90f28e4c1800,,
QE,1004,df2323f26aee30543627a9ef259016882b93f0845b45d68c7777e79a9f8a45ae,,
QE,1005,8e097211ac5e62423d86cb521aac64c392c7aee5626c7afb5b1204bb280196b9,,
QE,1006,d3060634e1ba04a1620d0d6b4c90f5947829d40d897c3a73fc5274c65755080f,,
QE,1007,73ffe0fe98a9dfee951ae4e5a5e2338126d92f112e1db8069bf0a8d5f87e9dcb,,
QE,1008,57eb1f7ad7a0a4c7c0bc35f330ee9524b39df6f1e138c067f4e21990e795e8e6,,
QE,1009,2c90a7ed0ebaf34e5dd03e4a5376ed62ab2b8ffe0e6accd19850c88d9fe49839,,
QE,1010,42d7ae0e59dc7188608858c10c659cee40f992c4f402d21f2affeceb1fe4e265,,
QE,1011,b567797de04667fa9c4201b3af81f7f7b3ab1199246a1f4b80d478a9de923bb0,,
QE,1012,941029209a70c2b52497328a6df4aafb14ad7e29a635ad5d6dabaff1ed28d5bd,,
QE,1013,1097376ddc2be18f459badb2d972561d9f68f75928c73f904469a39f9b924bd0,,
QE,1014,6997ae3eb5bc2a7893b9f40a2315eb427497eeb032bac0955004dfbccf940a67,,
QE,1015,e39fdc9187d57e0a6c5bfaa68b1989fa3801914af0df9ed48f8dac07e4d5bd01,,
QE,1016,793e9a999b6ef97fd3f2723a23d975b4d06fdc8b2f96837f212b97e9ca9496ce,,
QE,1017,7c535596c86759295e0126cf42fc2c492fe620844e57ec237a9467a720717efe,,
QE,1018,52c00b6cfcbd57071086f027feebafff6edf89833938b7282ed6b748ad06e273,,
QE,1019,1fa9174872657f87f704706b6771d52a22cd58801f94367c71d45864c3fbb7ec,,
QE,1020,5220465223d2684342c0c20bfcf4f7120d3df0bc328281b48cd7744f2c89451d,,
QE,1021,1ddbc72e4df91595120f4bbd134761bb85cecb2a7fd785e6a0a6bce0de973880,,
QE,1022,b963e45f4aa373d3e37fff55db437f997911a74b958d21c335cc9013ddc534ba,,
QE,1023,45de98a3e8de1cadd97b0130290ce52d2f0b312099d420a7c28bac2892d54b4b,,
QE,1024,6fc0f97a4eff3643322700ebf615ce7b3b36729d16970aedbaeb66b3c1568f79,,
QE,1025,48904e9237c4409920d3b488ed2145e0541ef5ba94925d3fd924e88e50b3aae4,,
QE,1026,ab68212814d883d2f44a17838f63341dd30205baae9a83cd761444ca74a49519,,
QE,1027,75841e64eea1da3d2c280648df7bab9b1053ce6f746ef6533e4ce234181a7329,,
QE,1028,e25e92258e5c0a590645482ba940c99b42444cfc70ba48b2b1a9e01ff379a105,,
QE,1029,8f7f87a7c9581749cae7d9dddfea4aee73a64ce4e303259209c61ffc441a04be,,
QE,1030,3b87920ad71cf6654d3933454696bc9124e45b8bc437de13ade600883763fa5b,,
QE,1031,0c0c4a7d5d1c0c9e0fcd64a3aa402114ea2d8c58bd655859ab2390003c76adb6,,
QE,1032,2ea97c53de65083431d0cda00bf6f12c74c307ea13942bacd9ce835b734090d6,178,65e04a44bc047b16f3e0500eb856a30ba7399a92f058f3b573775fd962b630f2
QE,1033,f406d8dff784444d21cc6225fcb2ac255d49c9d9d6c2e685524c260ee7b35026,,
QE,1034,63549e179985e0942002eda46b2ede0dd5aae2d56a3621ece6b91e3c9575201d,,
QE,1035,84a059b8f9185a07a14407b90c11f90c96d181ccb0b193c89ddd5c61c23275db,,
QE,1036,d2f48441ce89794bae79fe3a2e8c95841206537a95a49a2a5564f7aa1bcc6876,,
QE,1037,2da8099bfba33865e2af084fc58cf823fee29c92003271aa02ada23db7f4eb18,,
QE,1038,a97ebe3425aa7ade45ee671bcd4b89fdbcc39d270313820910336a5f5c1e69f6,,
QE,1039,05a63b2ed6e94493f61e757107b11e2662b7992d99a4941a584a8617be386ba3,,
QE,1040,a5041b84c7495730bf23a333c46f8cc3a4784c36b19b5b9e5cf82207797e7305,,
QE,1041,4467a2f9e0cfc32a07e5d4de7b4be84afbaf640cda4fb9219c9802e728e26293,,
QE,1042,fd656143790b8127db5968c01024408e6e721e1ea302147cfe0af93636fca859,,
QE,1043,13e01044ba5b2df7f51f6e0b75169e5d28f5db26f9eda02e31f2a6ef4fc82056,,
QE,1044,235b6ad02266cdb92ab36a9559d3495568dc869ff432464046c537bb60a847bd,,
QE,1045,3e525f386b44f38f60326a51bf0028c9106344dd2cb88b08905cca9ae81969cf,,
QE,1046,eb7097fcb2c1cc4568e3dce4006446c2ffa9cc6560b2ce427b5631696dba9619,,
QE,1047,155788242f7b10f9d01eb9b3f8d5c9d49f40baeb4764e8ebec08a40b4da42b5c,,
QE,1048,773d9c98f277a6f7a0d19697e11283b4553adb027cf7c58682445150350264b1,,
QE,1049,b7e8cde11a01922ce884859620452c0c90a39ec580d96b0fde7628d4c262946e,,
QE,1050,48bab7c76e9b74bf6644e15f5d02a04551c1fd800b786f79005af23becd3478b,,
QE,1051,4234226a139eac99a2f4ce0b0c891a4d428a5a6ccb8e1302acf7ed396dfd1ab1,,
QE,1052,3ae4e10c35041840e7de5dafb132a40ef192e7615f4319586dea2d1c40d1091d,,
QE,1053,54645165197efc343d5512dbdda448d728f016bec38afe8c0166554cd7bbd870,,
QE,1054,bec6e122224754977186674d33f60cb1e1d5ce7b6ff96436fd4a01bd5875cb7a,,
QE,1055,cac7c2ca9b2173f4b3dd119f73121d0e6dd7fae30a69dd78fdecfefe47d20029,,
QE,1056,5d6d7b6f75f5ac541779943a0df9c4ddf2fac8b2a65ad71b69838f28ec35f958,,
QE,1057,7da39d959cf1444d5a6e1ab379d8806512153c7e202811f78ef64bd6a5d1e2c8,,
QE,1058,caaa5987da4f2f6dd57c709c7599f0c432169be7b3b1e6f6d90229e1f5d36d61,,
QE,1059,74199a36e675bf944bc278b333ff63fbe65a1410a764df13a84814e6583a79fb,,
QE,1060,5275ad3f6fb9a64b1c0f759fe1eba079174bbbf4db99eee424319a189b0221f8,,
QE,1061,71e0b3193c9648933f263871595ed5a6ea6e3cbd8abb570fd7f13454ee3b3fda,,
QE,1062,acabdffe69ea80426ae98b9228d5cea72a08138ed801db8db40a07645e1664f1,,
QE,1063,54c31350055e146b5b2079fc53b78ead90b56de933ec3cd89a214a6df3bedf9a,,
QE,1064,f5751dec760585a6093a56a68d597f107b140c21e07f3f50d431a298a06a8cdf,179,fd5629aac24b73b9411ea18396e6a710a043be4c93ac24633674bd8224c1ceb1
QE,1065,64e2fa2e10677cbef26d572458d4cb04c822ec503c1e54f3b55a5b27b41c5467,,
QE,1066,106dd16102bcf30303acb65a37c46f0528014777312797b1ab57641cc08cda27,,
QE,1067,a2becda239eb226c310676038c487b6ceae4d79cb9caebcef95bd543358d4459,,
QE,1068,e3fe77af188099024f5cf37027723d5b834dfd276c9636fdf64d7f6a109f0aea,,
QE,1069,2c95fd1e175fce91bfa4e92e9024a81cc718eedf16209213f37bdc3edbe4ab92,,
QE,1070,e4a973518dc336b73398b8e2e40c7e0ad6cc2e37124562e130f82fc28afe007d,,
QE,1071,cbc00bd39f93a7c2e8392afab9680e013854cefb56819ee011e26d782b351845,,
QE,1072,64f383d9326a06bce5b037b9b64bd5995521402250a8fdda728ea2deb7590d84,,
QE,1073,5fd31dd74d31e7387a1e26eecac946d467f366a173567e16eba0223c2bdb510b,,
QE,1074,4ae2ca3deb55ac16b194afe8f372fd05fed55a46581fe660479dd5615e7433b0,,
QE,1075,10a0a689de7d4aa5aded58a166383510fb9b6479e8b9068a9a7126bda2d04ef1,,
QE,1076,700574fbe503ae8574b061278954e7d66d59a6f6e4b858102a99e5941c705b75,,
QE,1077,41a5f55c6ae80b6303d3358953203fa54105fac873516a22abb0bff2df6ab083,,
QE,1078,97add17f0642a183b30fd34be084d9cf075b11fd93235c5493ee989973810b82,,
QE,1079,fddd276be03964ae258118da3ae48bfdd05dbd208ab9272eacbd82899dafe5ec,,
QE,1080,6772a61adc744277db6359d89d74d71768516b100a961659831626d922e879f9,,
QE,1081,9fb9252dd6f802873fda887af01a0dc74c9ed542b4cbd90079a6eb883f7dff54,,
QE,1082,50bf73dad8ea3d758c59864a6de2af180e581909ed82fdc23966eace086c1f68,,
QE,1083,2ac8df43e3191919e5a7c9f433261103af8df4042b8ce73e1a4145fd593472a3,,
QE,1084,1e95302934a506451d0d91982aa4ecd0c5a63257201cadb862892b73a39ee1cc,,
QE,1085,8ee02fcccd2ac0c62dfbe0f20f8d198372d66633b025c0b18396871c514a879d,,
QE,1086,fc3d2f4c3913ef59a5385c164c6f8e993b63607ba95deea8ed7ae977caaeecd2,,
QE,1087,4ad5e8e694f16c086a7b694a49265c2d09a17374fcc17ebc64f96feae4e8263b,,
QE,1088,7b25ef601c122a87a958ac61ff26829866bae525624c906cfc015b9e909a21d6,,
QE,1089,5f5f747ad45e187cff8f829ef31dd5449ee5dc71ff4329e04ede42f996d33231,,
QE,1090,ff1c816892ba8d7442b1831bbd46c578e52374c25b6b3d462271733fe8a680f1,,
QE,1091,89e877fc8d3baa2c9d5f976fd218dfa455228708668d42e5e20b786634ff9989,,
QE,1092,859e7664453dc7592a3421ff5b93b0a8a90373f4bc9330296fd15e6048527307,,
QE,1093,0339f548074937cc08a9749c5ee853dbf79bb3b97e4ac4c7c5dc7f42d9f9a31d,,
QE,1094,df8a1f5484f7b726d9982fcc323cd359f1a3cf9878c4ffb7f15f227d5c81eda5,,
QE,1095,940142374e185774af45ecef157e936944adae6e5e6fa52a2a6f3e936d3da177,180,a153dc1c9a54865290ac477bb0bd8e71bb2db48d36a0083aaa2657996f0b2449
QE,1096,f4fe06779387a46226e7694938a0b393d11e29ad4a88f88f07f9c11d7a403370,,
QE,1097,3bbb2ca0821235f04d5385ba521e1a3b410be58d0c203a7ae20ff22e14a853e9,,
QE,1098,82faf8fa18dc077a288df6ffbd4c2c31c6fb25ceb8c329372e59daf4d4a16e96,,
QE,1099,859b821605e4fefef5d1a217c9c0557c4c9d7cdd9c254894afbf1f4958f43b06,,
QE,1100,2df1b296c0cc4ce3532acae73796ed650c4d67fafa73ca53bf753f49216497bd,,
QE,1101,01b9b2f657474ddd21b07147fef4c72ca8e2e5434a65156e80e2570725397724,,
QE,1102,8522ff20f60395e51b291cdf9faad429666c8e49e75d5306f20a8a47b9402b71,,
QE,1103,37d804278bfc8f7d9302d7e16a34d75dcb99d12126d360667720dd40493f99be,,
QE,1104,37f4d6833e50df1cec1b5c81f13127312c7b64bf9fafafc983b0c41c12ccd29a,,
QE,1105,0a64eac6aea318d8cc633dee652a1e96c5e108a5eca635f7bfa5cca2d35a6073,,
QE,1106,289cb52e9df0072b517917755ea5f7dce883c8a802d169dcc96697caa738ffa1,,
QE,1107,2416d323a1edae1462fba866adcb352ec1dea1e4a32447c7b9eab649e4dcd7de,,
QE,1108,1b2257a24d5e778f0bfd12dedca2d3fa68719bae1381b4026e370e553ffe31fa,,
QE,1109,22ea0a696a677fa780e6d2cd810c4f00b3b066813b5575bab2d6ebbc6f017447,,
QE,1110,4c70147b4d4721b380f04b6c796406a76a8417bf98b4a2d0a249d2f8bc47cf86,,
QE,1111,b5c271e1d2e3a5bd54a005a7d2d1dff42012fb7af014e0736763cca41e0db880,,
QE,1112,c4ac67aa94ebda4d81047d2d03a0ba6ac4111b3ca82f3ec817f6fc2457c71e43,,
QE,1113,74f4f875c0e474e910d29577038cf5a23850f9dc5d419c5d990f3bd449280aaa,,
QE,1114,71c88bc22e573398388f018563e9fbd04d433b0ede8eec30618223e502e6581a,,
QE,1115,c41f92275c1878d6a00ac80217de6c34ade59cc98ff4c954b2f14937bb1929c2,,
QE,1116,a34bbcd9b241cbc4faee1b76c8f4ada7cc3b00da8b211a68db51ccec9f340460,,
QE,1117,e5069ee8f1d9b0ee2abb76cd07146c564032c0cd7e7e384a8aad19c4d17b23ee,,
QE,1118,75d7173da04aea417af0ba16d998ba7fcbb0d9137e6e45e69a89216c22c29d6e,,
QE,1119,b4e1ee200ef629bff83fe0405b607ce5bd06f4af1426d38802476d6547d41ac2,,
QE,1120,b3b6fa4cea320f4de72a78178d2bf1f555053ffaf644556e5ea1d5573aad29ac,,
QE,1121,6ce13944ee1b9eb20302af8f62bf94ab804c0120c085b9d2cc7b62db397502bc,,
QE,1122,fc6dbba3d5e3f4bb81084f3a6e21a2bb8e99fff69e8e40a0d20cf2526903492d,,
QE,1123,a6a71268ac8764ceb1f131e20b6ebe236a32ece865a26f499b9f7675ed09218d,,
QE,1124,35336e8be9aff592a84c0a3f62754dd21fc3e0d60188c6b4887735396bab8940,,
QE,1125,29d72e177f054b2e44245ced6fb6061c84e0438f0037733f81c36a8bf578935b,,
QE,1126,e67163c888712a73abbe1f25fef64b084d51f1d2102da2fd6b3e9eeda98ba70c,181,a677afec3e872b5602f1053e93f3f3702bbedd5d1827ef9d272e1f32f5d64700
QE,1127,421585c2debfb9db852bde74ff4c3d58d2f7d10d39031c6ca9c7a4e008ae82cb,,
QE,1128,80c90f113b157152c387b5b849b7210b8b2cedcb275bb34c625a484ca557c852,,
QE,1129,732f5adcbb66995f9faad2347be22ef9964d560be669c2db8dab71dacbcfe5f6,,
QE,1130,ec4c5d0f036e7cc52642f00f6de4b7142c4ed15429f5898733aaa90445a0b743,,
QE,1131,de875788de71a05321231f6a95d8b9373ab8280c04654dfa82e7f9f86462d339,,
QE,1132,4d7d2a922f3fc4ef80684910eb61b19a2aaf929542db1c6c4368f168db1ac363,,
QE,1133,203e667b45c8bde4170323cc8f900ba8a727812c18ceecffbab6c54a86dd477b,,
QE,1134,515cc8cb805d8c685fb8efe8b026bc2f1112b169599cd86cbf443346a80a721c,,
QE,1135,0ebda34c94fec36e3ac9fa76ce1400f3654f65c5f593890650532d79e1e20ed4,,
QE,1136,13ca3e441e1c4e03d94ad4e48566d06185fb86ff98253537f5ea16cb4c7ec088,,
QE,1137,914ad3ae6b1ec7190f21ff867858b0391076171ee0a9543064a9aa1c046add01,,
QE,1138,680225d48d204807b5bd2622354e3bddc33adb8805431d60574bf8b73d326e2f,,
QE,1139,9a7e2837bcea32d19b1abead5420923599a5ec4e0a51ed2f6e5dfc9570bceed6,,
QE,1140,71cb7e326076eaeac8db4b6771f513f0ed438fb2ca64bc9e0bb14798c3dbefd7,,
QE,1141,acdf9cab6830aab39db37f182c509035292ee91f9b2cfd8b410068d87d59bd10,,
QE,1142,63ccc7702ff1d85bcc60a90ebdb3bbda13d56303ce1a97907502bad93d1fb813,,
QE,1143,c9c313b5981fac19b966ce4504ea32eabce91ad7ac84468e7672f01fd460e365,,
QE,1144,b846e253921b9bfc9df7d4375c1d1ef65c498214d754b5d4e771c8231476e218,,
QE,1145,6225776b5f3f0aea97083631e96f0a771ba7451a9e287bae0a4941bab968810e,,
QE,1146,81cda259ed80afed1135a1f56f7e380cc7b86530528d717a7375eedf0d5854e8,,
QE,1147,022c1d99f4b9a3b1fce8d09c8480db537a06642804a8ad65b7b80443eb1aa1f1,,
QE,1148,383f3cfa429ca8f9d7b8365ae53ac7da7dfb8f44cf93e1ac7881f95ab6797613,,
QE,1149,660fb8652718e7797b0eb60d725ab489690fa939f6638dfe4b47b947b2679172,,
QE,1150,b3c615cdcaa112eba7a7fe576eba9ab2255ac47d474f4e25f6fdd600f8b03313,,
QE,1151,3097fbbb789471f4610d6699feaee41f1ef818b149e9ff9228d59783e2b39714,,
QE,1152,0d231a7264533d06cd4cac0e473a9e3c5862d585086804502b04546d4606647d,,
QE,1153,6d8b96e6ca82c908ee4838c939615799e6363ca3ba714cccce16519ddcbd184c,,
QE,1154,c13e3df1462badcfb61027a87e0a75479d782a197396d6a755c4428da5d6e975,,
QE,1155,808df91503fb2aa028b6bec03d56afb22bd8f8f56e178101435bf2c72d3ec287,,
QE,1156,51fe4a9c8bfa1ff4929b67a6dec6d9adc2f0039967241cf584fb017673259bc9,,
QE,1157,2adcf5409bce5183e72e8b984ce8e2382128829fbfa576109e27060de3e2d3f7,,
QE,1158,77fce87589513cf8e8c964d68a9d8c4196fd451417b9bb359ff2363025e7a8c0,182,82101f5727485b54e74ee38b0fac3b66a60bdf1e8cc49fddbb47bc3f8b202ec8
QE,0,5c99b571e402e2179ca724e2f70d8044e29e70616b254fd1564ea9c3755be58f,183,12b12da7e0e387c1bde212acd32f90fd70c196c208967df5e935aff91fffb784
QE,1,c317549b3ec891769d4cd38ab8bb4b604eec896b206ba93854504fd137b2f0b3,,
QE,2,fc3ab46f6b145c45f67c73807b5ea9d24f69f1b58afada2b6994e957132c4d4b,,
QE,3,741975e1d723b0d856dfd3fd216b09eef172d34c3afb9e120a52ab16d5e7dea4,,
QE,4,36f16345e0ff2deec1444be037a5160d12cc33e633846879f763e17ebbabe515,,
QE,5,b1afc715cad93a7d0e2205cde436496912ec04b5073e195a699567fa53eab5b8,,
QE,6,09e157c514dd844b77861e39a2d91db672acb4ea0b98bb99182a1648be4148ca,,
QE,7,a4ee1925acd8e5e8854a7b08951ba927a33dd4631144f506b66d24d91f870a18,,
QE,8,f0e1e00c6d7e455cd402ccabb4f2b9c8d002c559073283ba547ab30a1b65ce90,,
QE,9,ff9b148f041cc5d6d1c84c992422e5367364210431983009070c83f9c2072a7f,,
QE,10,7ff84d5afeb94269b7910083d2acbc5601b65742a4daed6b9ca6f0e95306b959,,
QE,11,6da4a8de6aae6cb8a7a430fd54fb9bf8f13a3156aee37cb5955efe6e8a0850b5,184,fe9579084cf6a9d37235bd104ad819754ea8e66d7a9e5a33c9d82deb3bda4838
QE,12,715d8792685bf08a149758d9382a6548706bd7ab5aac256dcf8b5d490a382e2c,,
QE,13,05cc8e15c79e9954335fc5491f1b8cf165d441eaef57ad2d19292532b1440ce5,,
QE,14,4e5e47479eca072e2135d7ae30832c2467ff7cde7b8e1497a75de1e16faeb0ec,,
QE,15,0f9af68b13f8eb299d08604cabf3e5b3f9ff1611ed57aac13746cb6833e98edc,,
QE,16,461428a573f3526382e1c36c198a49f4439a8522c15b907fcf2096d6ebfded60,,
QE,17,01cbf0af66df4ad0f92a688d71c0e31c05323ec59c108d7df7f4fe31e47c6221,,
QE,18,eda6ef7b341437b8d9c6bf436f51055ccc5e44ac0fbf5ffd5493a9a1a7ea2f14,,
QE,19,3511fee4b2e224feca1a4e2e95f3c04a849414ceaaba85a185af481ca4df1963,,
QE,20,c62df855642929292a16a9ddd72fa8b8df576bb657a8394cd54984446fb1f6a9,,
QE,21,5f704a74865e2968c80c7ab272daf6f74435b51b95b2d217003eff33bd0449da,,
QE,22,815d8697b45ab30eb77a5a4879c74a1ce81f3ae6ddd2dacfacd9bde251acad56,185,40713b9f1966a5e1964b700911fb18376d938ec4fde5972a4457ff3314e7e37f
QE,23,67e3ffd463c7946c368ed8f6a6f225b2161d8d9878ccf361963c869102ca1921,,
QE,24,129f135333fc6af1e65031a58da03513bb00b85fe94902c73b4373b0b7f5445d,,
QE,25,a27c39e7b289c0b5923f1fbcf68850ebe21e7746c2ff55601e43e1de89d8806f,,
QE,572,026cec30190c9f36a91b754809d1d151adaa73406d3f6c6ae6552eb6d3d9183f,,
QE,573,cf6e5e0b0c98383de2d2b2a87d4b8497d33833e15a8797c1fccbae15cfd41f99,,
QE,574,96e5c8dc3cd2a4a50aa15c2145efd0296da98e315ab36c371fb00b2454ba2f2d,,
QE,575,c7718f9b7d8ddfd59d2ff6484f4e1a04eac9a235be46dfd00850228cbc02cfe5,,
QE,576,e89950ea7099f4c83fa6a6080fe720602bb42c2cd64fd4e41626b0acdecf5550,,
QE,577,f637fabe781959afe1e6cb6040ad8cbb9589c499a1fd635e404c1da71748174d,,
QE,578,8aeb2c6ee434eef63c8b77b48d2e7e6389accc6e3dde21de0093533d545fad89,,
QE,579,9eaaea34f84cc0d5d88c144d84678e384fc839a44e6d65b5413bee48a7dddc39,,
QE,580,a36c13f7aad528863db8623ae29c8facdd1b7f54067a40af91641111a9679807,186,289d08efe28334abe342e169f869ef8c1ecbd32752bdb94e06dea56b6a6c1a2f
QE,804,98a0408cf2d6ffa80b8e1ee9d555633e0c5965060fbcc73f8aecdc60cca90273,,
QE,805,70127f87b2aea3a7d6acbea4e451c1d7a4fe221638606638952013a70fefbf8f,,
QE,806,088048624e8d6d78f406bdafb0f7712fef125d4cb13664ad9123a68f6ce0e15e,,
QE,807,e60a54532f05308841048ba8dcba1d527dd5687c14354328099246e4b3256439,,
QE,808,a2860e4c035591d27bb3169c447270d84a9b614490c11ca430ca0f245f06afc5,,
QE,809,df9591adbdba78604bfb4021783fc799792bbd7588375aadcfbb368dadc71d0a,,
QE,810,36ec4ec63378ac1952fceabbaf040ac0071319395b9f5b67c29fb35d115518ea,,
QE,811,93c81911b11db06421cab3aec5bc3a5890ba9e236bb077f012a396138ecd8956,,
QE,812,b0beb0c8c3bac8b64131014b811a22905222a66827714a09db967df88b87afac,,
QE,813,0d662c2e8cb8eae1389597498745b84127b607d6280dab4901b31c76851f81bd,,
QE,814,e75e255f06cf5fc9d9733ea8f239112c31d3e6a02d9e0ca1e74c0abb181c142d,187,65892fd4de4ab34d280f3c0e779eaf26759009d4c511c1ca9aa9a9b2f79cae4e
QE,815,d040caa0ed7812edffebb04fef5baa8bf315124cdfa5e307803e5ce9a34c1c1c,,
QE,816,1620931ba15d49afb10d3bc4eb17fc432d520458fd7b283cf0936dae434f1389,,
QE,817,d9c2349907c682af012dd8d744c15da1f183233a07428dbc8628a1386504f1f4,,
QE,818,640a2736b44dcd7fbdeee5a56147a6761f39c0247458dfb2ccbf21c2a0ab0939,,
QE,819,6f59b892d03f570d5c38991f6c3557859ba40a17f2d3e9903c86e5309ca5cbda,,
QE,820,367a6e031a2213eb3bcef2d83e9933572141f0203781fab59b13263ea7934888,,
QE,821,5b57ce33237908439e2e25ed9802f360125e69eb30502f61cfc5e99d18d022f1,,
QE,822,10c19b35c697e3c4097bba8b89c13b7189e38990e0957023a034607d64d2bd47,,
QE,823,42757ffb3037c76aa5b6bb777b07cc69ce08271d2380da5bd24094a9678594ff,,
QE,824,6c747a5781820a6ad137bde714190edbbeb51e1f0dd58622b4c4d904f0e5ce2a,,
QE,825,76fcb461b70b679a0768f72cee2df4d0542731234cf58c1453ce645421211ab5,,
QE,826,2c646c91a87d99b0918eeab810455f6b3f2982dd695d316868e57b841f6f9129,188,817cd0273e5863d80cb8bc04229113dfd639c8800bd01440a63292072b490338
QE,827,169129b4201f2fd33d5ede7761a72b1a6705d1093070475b2b826a22efbf84dd,,
QE,828,903aa1a87d1af8c3f21756bb5b5032cf5377dd89f5881b3a786bf516ab0ec7e4,,
QE,829,b6f2739a157cf2da3eebcf90caa7182e15f026c60fb480efe5928a2e651b9f21,,
QE,830,bda8f7e0dcf567f0fec43b7c1967affcc4c6d4c065d871a7062a3e1643aa3f56,,
QE,831,342efcfce1c3d43557d0a79df47aa5e6aec28546ac5b9cc52534fcf01ff93507,,
QE,832,0cea54795127f41eaf90151a6639693bdf68813410f64d8a90a8bc7bbbc05c57,,
QE,833,d60e2e8ebdf15325878d909c5368993de3b3386d7b5cc45acd6c7aea71f19a64,,
QE,834,c3e98f28e036ca7a4bf0cb5f14a1291ef6f6034dd106fe5f814983d6056c0ba7,,
QE,835,47a9686765a007a5cc8879c85e1d1c764ca64c96df23978910f666ec366210a6,,
QE,836,fdcf2135f8376bffb257590579f6696e0a63679d6cc82c1fd421dfe0cf7af8e3,,
QE,837,71a314030bb70184684d03aa71669dcaf14c8d52eff741c58d1d4bd5a38e9a17,189,1cb924b832c2162ba73865ca154164901f6651e4cf5bbeb6aa0510770099bf01
QE,838,5d073026e8e91d867395c040c28e3f29ce983239baa28b5f1b94f82ff725d088,,
QE,839,266be1d0c2cd5b56b1422685787c35b3b8c8ae9f1f6beefc2f3b786505230e7e,,
QE,840,1b763a47f1311e2bd7f6698d9d91522fe8544f545e416fd03c9fe9a2bf4ce944,,
QE,841,ca859957b6026521d77b0d3c7f26d46a4858ada51d9736c491a42b7ef7600c45,,
QE,842,5cdb1b533d1337b7aeae04d1ac4a20ee396e0c56ec0bd396d38b31022383f670,,
QE,843,2843a638ee75c70a6309049242ab101b0787dca71a5ed407ff8a9d1cefa8b359,,
QE,844,8d5c38852734d07928564426a19690ff9d38757e8c26eb630473df393aa41854,,
QE,845,f783f0f26dd8ac3dc2c7175d495c3c923928a5c1860042fab3cf101f4d8f2570,,
QE,846,b1c128075b38455b9f05b7d81008f309fc6e39f01e3f4070c836c25454c0af73,,
QE,847,2644e1734c17d6b16467214211f7b90253d25ccbb190a657a452f6ebd2f5e1c6,,
QE,848,1e402ef6a0bc2aba0d8f35f419d5de4fd9febad192468dffc483c9f5d6035296,,
QE,849,4fb425c8ce190a00262b7b8e0275e284e7c33b1bc582831540364b720ce59296,190,c76f2cb0a665279f631701dbf776743afa43d69fae628adbc12668ae0fc653ba
QE,850,08f89a226ff240d78944335fee1f5cdd39571da25d88feb0bc0a24a76d9fc4c8,,
QE,851,fcfbd67a0c69719a81a0513e976bd3f45d009e7a0aceb15d7aa6deea49fb939e,,
QE,852,79202c82433cb3db9e9b0d7c04fad191e8e22db0a256a1a038e30a629048222e,,
QE,853,4315c4ca058b49b7cb5bd633db732ecb887417b0dbd9abb987b4de3087ffce87,,
QE,854,7bade7d398915fafc18132283b1e347fbca76247511f8ff9941411fefd18536b,,
QE,855,78dc869fdc28e0e65de0da461766fd7ed2daa47dfdf12869284bca6d8cb96166,,
QE,856,71579111013e05b85cd24fb28f1796a7f9cd7766a6982654e8d6b9ff4937bff4,,
QE,857,7e7078edffb8bb87e7bd6b3cfaa0bcea3654d45cd2a624711cc23886b44be3e8,,
QE,858,ac3d75452c8c293c8f63d04801cf77d8850d55b0cc5e929a60c6769d31bfa63b,,
QE,859,e44bb8dbf9679573993be3dcf25b16917d5f86c2715e367e11db353d22ea1565,,
QE,860,8d574d1be72da2b464b6a57440d7650d50630c627c24f1cd80dcba9c33b09e20,191,f575369dcfe99a0beff6a2914fba357840b42bcba050c53ab88f92249a9bd8ec
QE,861,c5e55480d4ac37407705f256e68a400cfc4344b9c0d028c8750c8893de0a9bec,,
QE,862,d494ebcbe4778648655998aaa23bd7fab89692c0365a8f7bf5d5d00c8eb16765,,
QE,863,c997346aa027abfe618386be6b6a8724a8e56289ad5a57c87683206a8ef12715,,
QE,864,a54576bf9ad769da7e14fa939a8287ccffc1956df9d10f0333b88d10b0a2b1b3,,
QE,865,d96ba37ad5885a57972013f55de36cdba50a2a1c910afb4e626b7c2221efc618,,
QE,866,45b7d7b9e5b83652106e70ef126594d260f47de1c1c4fe7f88ef02e4f4191742,,
QE,867,2c27b968bfc71ea4de8d41b96dddab5a1ea5cc52b74568e75c43724137ea39a8,,
QE,868,969084a6463b6767b45e0684900daa6ef2379969471704dafd78fbec0ce4e7f8,,
QE,869,7db64da7c62f3c5ca672b8e37912f10c2384d984b89c4d11f4aac49a61cc4cf2,,
QE,870,b7e5eb6a17b4fcbd4cf00651eb2bf3d408a8b89f1e545c6bc2b388ef578a54cd,,
QE,871,b64f36c5a6a1426b1ff04986c41a7da27f5ee1a539ccf8ca0bec076822e13131,,
QE,872,391abfecd4c6528ca25cf83226fc4e1d16ff7a86bd09daa2cbc5f44bb77e6f5e,192,d4aa5a46515256a7123ef5ddf8c34b5b65897299f6d59bc5e17d2b3fb6692d3f
QE,873,e61ffffd5b1058ca1c814828ecf7140f7b89261d3dc6e330ab92103f989eddd3,,
QE,874,3342bb5b6d321a4d23c54a325d3310d0b839bd6bf165ea97e3d82e481d003780,,
QE,875,d09e57a1189fadf02cfe7d75f9eb44bddbcf4afc9940c738b688c3ea9346e7f6,,
QE,876,542b413efd033b8696f8804d5d9da295f5e9975f3f8a936b8f5037a9844af220,,
QE,877,959c5096a500fc078e0580d27100707e254f95711325547f42b618a8ff009866,,
QE,878,311bdf3d40d010f05c839ce0f6ae8a3ce9022680737e781e27b72a9a68c36d2b,,
QE,879,7559277de787c942af9ee4fae8b35a71157051e0b569178a482794a8ad148583,,
QE,880,472f51c4b38fe96e2879218c436e1d704c4ca56f5a174b1b0d282166a27f751b,,
QE,881,7400c8e1c43bc8db438ab24ce52e7a17ecae017ecbb1b2608d9c53c36ad59bfa,,
QE,882,c9311e045ee5f5f13436c4c2c5c6bb98c76b33a8cae9c55e5112ecd1d4dcade1,,
QE,883,2ac00dd47d507eb572114eb09e8aa30accfe4d5cae09c8108b22b84b8402c062,193,90ccae8a91e8953949ec91bae153b49a63a36729374b57210c9f44421e13142f
QE,884,63e944336c39e88fc1da5689e569b1aa3008a508118ece089abc76f20cee1ad3,,
QE,885,95fc44dd2a6a8955571da6599e65eaf0f1ebf2f960ec4c0668e7c4111d5ca797,,
QE,886,03ad6ea9fe95b3af88ebab35836d4b9b564330e31c1d785cbaa566d8e0264ee2,,
QE,887,3a502c6034b516b1f1dd7eb2a9cde8183c10e999012078c43730449c23f43ce5,,
QE,888,407fbdf2f015eae7f100c4f5859c53b38d538ae0790cf5c99f055428b8aecdc7,,
QE,889,15a537249d22ec1dd1006cddf8046e5ef78684c7fd9bbe9f64bf2a4a45de8a45,,
QE,890,1ec4708e8aeba1dccd0983b14f628bfb216a243931ea9e617fa919b266b1de27,,
QE,891,b810811b0f37d0f8c82533d653ddc5749aa6ba709e6753349e23e8b329d5d7eb,,
QE,892,a7f5454c10cc22534eae0e8e4fd123707ae346ecb991482143a5c466021cde1f,,
QE,893,c922a09a788a5efc3bcaa48bc7aa43af2cbb1214ac2fac28a08c40409e99341b,,
QE,894,eaaf44bcd49df2a206f8228ae5cfb88c7204712c5f8a18d7bf6155791a376069,,
QE,895,c8dc5f604df302fad56fa4fe227f3c1bfcbcf9ca7b668b5e0756d712b06684e7,194,d2fb83ac24d8bf9678e896936076b89f349362cab9ee8bec9953244615ca3d94
QE,896,26c504c6fb508b8069181a4c7f7939a3f41bece2ebad0ba439341b3f30bbea84,,
QE,897,86cb25f1a938cb4763633e3232c67db899eb2f44c3f9a2d66d2ad2790d2715c7,,
QE,898,13b3c9c04d78aca7c21b209d5077b09f38d64eaea881963203815bd7d4c4f2c1,,
QE,899,cb99108aa0a4a0f7b804cef4a511959cb3f379fd2b0566e41ac6b7201a48b7ab,,
QE,900,6f36e6c0bec06d0b182235bded73b5e45792cdb0c7ebc3481b7c6b9e1d824918,,
QE,901,b10ab3c11288fd6ec0fcf0be5e13ab869dc0b8d59d1fd8ac56c933311ea59f36,,
QE,902,6ac1ce66f764c2892301a06563107b67a60950905dab1d1e8853359b14eb2d7d,,
QE,903,8d2d9ae314148cb6d77a27c8207f48038ffd289848f00cd5531614dd2206b385,,
QE,904,debb886071577dbccbf443a261e4c0f3c51d6386b383d4b35a47e9afe3bf7367,,
QE,905,608bcab2f16d6cfe7ccb3de327e0457e52bf09bbce98631191fd927104e2f9ec,,
QE,906,1800049560b0f8099421465c8e327e1ece04814167bb052b62bd02b800bbbc84,195,47507bc19017615afa6026d4a2da10a14265119e9b16fc9173a1554d73e902b2
QE,907,0a91b767359b140ea8d6931552c6b70eb0f9c347e5398228ed7a00f08a77ed1e,,
QE,908,7393e662737cec001470abd1914e213ffb5fbb45dbae9351b4e11a2c2aee411f,,
QE,909,6bc263c913a04b87638e719453c6cdc72410d066f74f9fe4c1e595f6ccbf8528,,
QE,910,edf383b82da3f5a9cb200a682da708c9e85daba1866015a3585530bfa4fc132a,,
QE,911,8045d049e221b618fa1dd8392b7444d8083315ef86bb9b751940c0f91c3cb5e5,,
QE,912,05f1c430f231a5df16b5297e06ceab6fb74afb7c3a4c08503bfde43ea5d503bc,,
QE,913,e2bbcbe022dd4ea2cf5c9b7691ee9e5719c4739ac4dd2eac23823840a15cd8b9,,
QE,914,f8b7bf21fa3de319fdd9f6d7c19176f3241a87bdeb7cda05c5cf67bbad8baaef,,
QE,915,f47908c137a1d6daf0e68febde49ad5fffecda1bb7d109a382b51bb1b4db3bbc,,
QE,916,699769f2aa7edbcb42dac9be71e131aba6a06548fe412d1a5af4b811452bf543,,
QE,917,045de2a60e1e79fa0984d15d442f5c50c2e02965a8bfcd344c286ba84dde93f9,,
QE,918,6a55bde8bee9f0e9b11645bd6783b8dc04c8dc74824aff9ae22b6e687343ecfc,196,de6d020135380fce255c495498b37174f076684e179d02953049524003526b74
QE,919,62b195ab08c2b3fe913a85b0d5c7796c80f5e6ce2d8e0e075a471f7d42c9a529,,
QE,920,49c6a704818f8b11ef366254cd2f14f3cd5a91df8b96a54a4438f92a904065a0,,
QE,921,44c2485d7754b4b71b1397f25c069ab2719bd65d2a65f5d4dd2d2774e843ebc2,,
QE,922,bd19670607a29eb290e55d2f8b3f1e5e79cc82023c8f343c15e6bc841c0ea175,,
QE,923,b7b1ffef8be9963064dc99bc4c529d6f7a19b47a2d1ce2e83ae29e3dd93bff3b,,
QE,924,b5e0d546b490667fb3eeb5d83e318f4de1eb3b322ff1f230b374c585e76a8211,,
QE,925,504144184939393b2d9210d2d21b26def5c533f7f3c3c5f05bb71293a8b5adf6,,
QE,926,f8e52cdea8dca52a68be4405fd372642e632ac6ce8c9fd579d545849f65c5102,,
QE,927,f1f45fc3893113b18e43b844117aa1a6965c4e21adfd5e5839769e3b0e306f1f,,
QE,928,a31fee8a54f8ec9cb54865886fe025f6751e102c36963ccdfb9bf776aa6960c5,,
QE,929,cae96861b0afdb7f1e0c5af0d51aacf6695fbea52027ce6a543dca7e0093687b,197,8a1e9cdf6718f410fed26c86266bcedcc4a81ab6d3d1c6637f4d049639d8477a
QE,930,bd0a21685a31db31c454434d212bac1317b267062f46a459adcc4b4a8f51ff20,,
QE,931,2a9df8a8039e660333de9f812c8474b7370156584abe9365fd88b08e97489257,,
QE,932,ca7a1fd27f5875cb64e72be9fe8e45307d309bfffdbe92c14905ba0c6fe983e6,,
QE,933,5b4861a7a7dadc676aaae18e186af18f07ad47087abf66e392c507c77b176ef0,,
QE,934,36f7ea25a71a33fcbf29b5b59837284cd5f88e4e1e6183c7f8ad2c346779eb24,,
QE,935,d62631b4d162983d2478496f2d915cf4f03622f1d1805f4df59d35369c973e59,,
QE,936,2c2ccb5d429373102da4ad63963fd1c7e2467bf482579107a70075885dad82b6,,
QE,937,b53d9ac384abfc33eb53d15783e1723976b573f1e4478b3d831bcb5e41e19592,,
QE,938,62c881868d516d2ee97b683ea5b283de5550aca34af328720858707be426a544,,
QE,939,1c5322c15fa4c9ba5250d5bd0960a1feeabde38bc105cfae9793b143814c8997,,
QE,940,23e2e1f667d7b32cf481cef8042c29b49fd1034c6a6a9692f557351caaa3c4ed,,
QE,941,dba31ad5dbd1561119436f051b765a34e644c660c768e0accac01076b3ac8bb3,198,130340229f7da1afe178029c4f205a6307cc41bec0e1be294f96d532270b6723
