exponent,observable,role,target,prediction,scale,units,normalized_residual
0.0,normal_strain_force_ev,exact,0.0,2.9976021664879227e-15,0.1,eV/strain,2.9976021664879227e-14
0.0,cohesive_ev_atom,exact,3.36,3.360000000000004,0.0672,eV/atom,5.947623346206196e-14
0.0,C11_GPa,exact,113.99999999999996,114.0,5.699999999999998,GPa,7.479397218527373e-15
0.0,C12_GPa,exact,62.000000000000014,62.00000000000015,3.100000000000001,GPa,4.354939348207064e-14
0.0,C44_GPa,exact,32.0,32.000000000000014,1.6,GPa,8.881784197001252e-15
0.0,perfect_Haa,exact,19.66091286328976,19.660912863289788,1.9660912863289761,eV/L0^2,1.4455945981771848e-14
0.0,perfect_Hxx,exact,4.393593035123306,4.3935930351233,0.43935930351233066,eV/L0^2,-1.4150716482384421e-14
0.0,saddle_energy_at_source_state,fit,0.07624909750742465,0.05012021469030056,0.007624909750742465,eV/cell,-3.426779289365336
0.0,saddle_normal_force_at_source_state,fit,1.4903612010162394e-15,0.1617152401425258,0.03173805605024358,eV/L0,5.095310181774135
0.0,fault_energy_at_source_state,fit,0.06670794504308616,0.03543797139549233,0.006670794504308616,eV/cell,-4.68759360334017
0.0,fault_normal_force_at_source_state,fit,5.29078226360765e-15,0.08527312311485558,0.03173805605024358,eV/L0,2.6867783893209123
0.0,saddle_path_force_at_source_state,fit,2.296700476743968e-16,-0.08293688572287841,0.03173805605024358,eV/L0,-2.6131684181155803
0.0,opening_1.1h_energy,fit,0.05670265774764735,0.051628280104087744,0.005670265774764736,eV/cell,-0.8949100174709441
0.0,opening_1.5h_energy,fit,0.4710312483934004,0.3923732465964097,0.04710312483934004,eV/cell,-1.6699104797246134
0.0,opening_2h_energy,fit,0.7060534019484034,0.6348387091540812,0.07060534019484034,eV/cell,-1.0086304038448117
0.0,opening_40h_energy,fit,0.7719163228888833,0.8159350942654233,0.07719163228888834,eV/cell,0.5702531488361393
0.0,direct_quarter_energy,fit,0.117221996542065,0.09381692509637476,0.0117221996542065,eV/cell,-1.996645009991051
0.0,direct_half_energy,fit,0.26732847628894163,0.18521562009321754,0.026732847628894163,eV/cell,-3.071609030792983
0.0,oblique_energy,fit,0.13339289745734875,0.08248720934246195,0.013339289745734876,eV/cell,-3.8162217843092776
0.0,opening_1.25h_energy,fit,0.24853683654490819,0.18897558674523243,0.02485368365449082,eV/cell,-2.396475734852029
0.0,opening_3h_energy,fit,0.7719163228888833,0.784186402708018,0.07719163228888834,eV/cell,0.15895608701749017
0.0,saddle_Haa,fit,12.717337762538286,17.585394866367963,1.2717337762538286,eV/L0^2,3.8278900778821887
0.0,saddle_Hxx,fit,-0.18642463121762062,0.18216571310357604,0.018642463121762064,eV/L0^2,19.77154745667309
0.0,fault_Haa,fit,14.140554350039636,16.77145446037539,1.4140554350039638,eV/L0^2,1.8605353405599552
0.0,fault_Hxx,fit,2.4858929774856264,2.413418622575156,0.24858929774856264,eV/L0^2,-0.29154253850370976
0.0,saddle_normal_path_coupling,fit,1.2055891043737141,1.369214433729869,0.12055891043737142,eV/L0^2,1.3572230270043446
0.0,opening_1.1h_normal_force,fit,1.2761663221727821,1.1100882086101527,0.03173805605024358,eV/L0,-5.232775230458857
0.0,opening_1.3h_normal_force,fit,1.4139711872929317,1.0759754554781817,0.03173805605024358,eV/L0,-10.649541083413517
0.0,opening_1.5h_normal_force,fit,0.6379256757978651,0.8555367075035236,0.03173805605024358,eV/L0,6.856470079993713
0.0,opening_2h_normal_force,fit,0.5548811295393773,0.3829761044771823,0.03173805605024358,eV/L0,-5.416369067785917
0.0,opening_2.5h_normal_force,fit,0.0005156382639574782,0.1625141479329948,0.03173805605024358,eV/L0,5.104235414184859
0.0,opening_3h_normal_force,fit,0.0,0.06701047352603971,0.03173805605024358,eV/L0,2.1113603624606814
0.0,shockley_0.15_energy,fit,0.013715574532912111,0.01223700371092207,0.004433026104653031,eV/cell,-0.3335353293855166
0.0,shockley_0.35_energy,fit,0.04820527408303389,0.04236535595495559,0.004820527408303389,eV/cell,-1.2114687114980422
0.0,shockley_0.75_energy,fit,0.08334161260537679,0.055179465255586,0.00833416126053768,eV/cell,-3.3791219619350032
0.0,new_direct_017_energy,fit,0.05826439239193282,0.05220372449813733,0.0058264392391932825,eV/cell,-1.0402009949793343
0.0,new_direct_017_normal_force,fit,-0.44118804525591643,-0.6693241311901416,0.03173805605024358,eV/L0,-7.188092603184947
0.0,new_direct_017_Haa,fit,26.109437232644353,20.721095921923382,2.6109437232644357,eV/L0^2,-2.0637523753227374
0.0,new_direct_039_energy,fit,0.2262381941113307,0.1629772860893679,0.022623819411133072,eV/cell,-2.7962081411785142
0.0,new_direct_039_normal_force,fit,-1.9685101248020884,-1.8644193929028656,0.03173805605024358,eV/L0,3.2796820238277933
0.0,new_direct_039_Haa,fit,36.31678531793335,37.5310346875721,3.6316785317933356,eV/L0^2,0.3343493536139472
0.0,new_raised_direct_energy,fit,0.11960599647825673,0.0803205451618906,0.011960599647825674,eV/cell,-3.2845720509931002
0.0,new_raised_direct_normal_force,fit,0.08783049166112324,-0.09285665053923553,0.03173805605024358,eV/L0,-5.693075275761006
0.0,new_raised_direct_Haa,fit,20.00400949091716,20.955510040230823,2.000400949091716,eV/L0^2,0.47565491795317033
0.0,new_off_path_positive_energy,fit,0.05360470506556986,0.041440776872232014,0.0053604705065569865,eV/cell,-2.2691903963390514
0.0,new_off_path_positive_normal_force,fit,0.35206897342006,0.2494079400206554,0.03173805605024358,eV/L0,-3.234635203771931
0.0,new_off_path_positive_Haa,fit,13.446420569551602,16.746511546803774,1.3446420569551603,eV/L0^2,2.4542523864863908
0.0,new_off_path_negative_energy,fit,0.21544733160917068,0.1207552529226201,0.021544733160917068,eV/cell,-4.395138151830326
0.0,new_off_path_negative_normal_force,fit,-0.05312860042135701,0.05383785780973957,0.03173805605024358,eV/L0,3.370290167165914
0.0,new_off_path_negative_Haa,fit,13.5831841481301,19.732261051025805,1.35831841481301,eV/L0^2,4.5269775008845805
0.0,new_shockley_058_energy,fit,0.07969505412787091,0.061348874817094626,0.007969505412787091,eV/cell,-2.3020474120438883
0.0,new_shockley_058_normal_force,fit,-0.6123357455328253,-0.6406283107991518,0.03173805605024358,eV/L0,-0.8914397662395385
0.0,new_shockley_058_Haa,fit,23.107568998056017,27.15844148628149,2.3107568998056016,eV/L0^2,1.7530500454488582
0.0,new_opening_1.17h_energy,fit,0.14263027381623705,0.1160148559179206,0.014263027381623706,eV/cell,-1.8660426840803377
0.0,new_opening_1.17h_normal_force,fit,1.6398229617729339,1.121365847502869,0.03173805605024358,eV/L0,-16.3355031401202
0.0,new_opening_1.42h_energy,fit,0.4226003973463561,0.33332617864618014,0.042260039734635615,eV/cell,-2.112497273091969
0.0,new_opening_1.42h_normal_force,fit,0.8686291067124379,0.9520228226511052,0.03173805605024358,eV/L0,2.6275621861228413
0.0,new_opening_1.78h_energy,fit,0.5953584311886578,0.5516602662651507,0.05953584311886578,eV/cell,-0.7339807859319618
0.0,new_opening_1.78h_normal_force,fit,0.5989965116849877,0.5527913801093776,0.03173805605024358,eV/L0,-1.4558273985799302
0.0,new_opening_2.23h_energy,fit,0.7765619947928292,0.6944000439214117,0.07765619947928293,eV/cell,-1.0580217860563281
0.0,new_opening_2.23h_normal_force,fit,0.15664558956102492,0.2590913315273504,0.03173805605024358,eV/L0,3.227851819410321
0.0,new_opening_3.4h_energy,fit,0.7719163228888833,0.7997814814643163,0.07719163228888834,eV/cell,0.360986777312184
0.0,new_opening_3.4h_normal_force,fit,0.0,0.03255565543893978,0.03173805605024358,eV/L0,1.0257608527567625
0.0,new_opening_5.5h_energy,fit,0.7719163228888833,0.8145263990286846,0.07719163228888834,eV/cell,0.5520038231648453
0.0,new_opening_5.5h_normal_force,fit,0.0,0.0011113398121722201,0.03173805605024358,eV/L0,0.03501600130811071
0.0,v16_direct011_energy,fit,0.025339211626875774,0.024761099952956923,0.004433026104653031,eV/cell,-0.13041016684112192
0.0,v16_direct011_normal_force,fit,-0.1684646879274777,-0.41286025232273416,0.03173805605024358,eV/L0,-7.700394882672116
0.0,v16_direct011_Haa,fit,23.17866876533168,24.480400686849148,2.317866876533168,eV/L0^2,0.5616077155666802
0.0,v16_direct031_energy,fit,0.16617323878813156,0.1259485438632689,0.016617323878813157,eV/cell,-2.4206481872901664
0.0,v16_direct031_normal_force,fit,-1.4977500080753077,-1.4065605946329036,0.03173805605024358,eV/L0,2.8731883672410428
0.0,v16_direct031_Haa,fit,34.460781638400974,30.34011640437978,3.4460781638400975,eV/L0^2,-1.1957550113806406
0.0,v16_raised043_energy,fit,0.1726273519698645,0.10601073452456922,0.017262735196986453,eV/cell,-3.8589839144914024
0.0,v16_raised043_normal_force,fit,-0.17083895700384927,-0.0941318217353007,0.03173805605024358,eV/L0,2.416881964891478
0.0,v16_raised043_Haa,fit,18.238440853611248,20.869652557995998,1.8238440853611249,eV/L0^2,1.4426735955687597
0.0,v16_off_plus_energy,fit,0.0652424878354941,0.052019620333694026,0.006524248783549411,eV/cell,-2.026726438627068
0.0,v16_off_plus_normal_force,fit,-0.08042066717244803,-0.2537851919806033,0.03173805605024358,eV/L0,-5.46235486299813
0.0,v16_off_plus_Haa,fit,20.981095919956758,22.47831276834686,2.098109591995676,eV/L0^2,0.7136027851462149
0.0,v16_off_minus_energy,fit,0.21182429891635463,0.1294317582338605,0.021182429891635463,eV/cell,-3.889664269113402
0.0,v16_off_minus_normal_force,fit,0.3481661631135443,0.6310491217840171,0.03173805605024358,eV/L0,8.913052463662206
0.0,v16_off_minus_Haa,fit,5.497617912510364,10.643010620138858,0.5497617912510364,eV/L0^2,9.35931305069356
0.0,v16_shockley043_energy,fit,0.061697611386283796,0.05218779896377661,0.00616976113862838,eV/cell,-1.541358280949811
0.0,v16_shockley043_normal_force,fit,-0.43484281773712713,-0.56800532655963,0.03173805605024358,eV/L0,-4.195673125401796
0.0,v16_shockley043_Haa,fit,25.03469226049791,26.446452772740557,2.5034692260497913,eV/L0^2,0.5639216562171431
0.0,v16_opening1.21_energy,fit,0.19627832926906572,0.15259806457567426,0.019627832926906574,eV/cell,-2.225424724983923
0.0,v16_opening1.21_normal_force,fit,1.631864707518524,1.1184764330948351,0.03173805605024358,eV/L0,-16.175794560667452
0.0,v16_opening1.21_Haa,fit,-1.3832350292334812,-0.1691288918661199,0.13832350292334814,eV/L0^2,8.777294615219203
0.0,v16_opening1.62_energy,fit,0.5246331923940108,0.46921405072438105,0.05246331923940109,eV/cell,-1.0563407438393417
0.0,v16_opening1.62_normal_force,fit,0.5093642313524578,0.7149462582536131,0.03173805605024358,eV/L0,6.47746120857889
0.0,v16_opening1.62_Haa,fit,-0.15582859326870177,-1.3651155875723495,0.1,eV/L0^2,-12.092869943036476
0.0,v16_opening1.93_energy,fit,0.6719836252695317,0.6116082029569089,0.06719836252695317,eV/cell,-0.8984656774695414
0.0,v16_opening1.93_normal_force,fit,0.6270410192299789,0.4308153022308595,0.03173805605024358,eV/L0,-6.182663383304896
0.0,v16_opening1.93_Haa,fit,-0.6638075680371565,-0.8846238835773397,0.1,eV/L0^2,-2.208163155401832
0.0,v16_opening2.71_energy,fit,0.7719163228888833,0.763394887270591,0.07719163228888834,eV/cell,-0.1103932559218466
0.0,v16_opening2.71_normal_force,fit,0.0,0.11238406108624602,0.03173805605024358,eV/L0,3.5409875421586667
0.0,v16_opening2.71_Haa,fit,0.0,-0.2434346968574568,0.1,eV/L0^2,-2.434346968574568
0.0,v16_opening4.3_energy,fit,0.7719163228888833,0.8116465119696082,0.07719163228888834,eV/cell,0.5146955428022996
0.0,v16_opening4.3_normal_force,fit,0.0,0.006596901559703905,0.03173805605024358,eV/L0,0.2078546193648579
0.0,v16_opening4.3_Haa,fit,0.0,-0.013760940534364599,0.1,eV/L0^2,-0.137609405343646
0.0,v16_opening6.2_energy,fit,0.7719163228888833,0.8149705602730816,0.07719163228888834,eV/cell,0.5577578308367478
0.0,v16_opening6.2_normal_force,fit,0.0,0.0005420841392118243,0.03173805605024358,eV/L0,0.01707994145431172
0.0,v16_opening6.2_Haa,fit,0.0,-0.000569944765031159,0.1,eV/L0^2,-0.00569944765031159
0.0,v17_near_0.985_normal_force,fit,-0.24821900083247345,-0.2750854672612171,0.03173805605024358,eV/L0,-0.8465063640385573
0.0,v17_near_0.985_Haa,fit,20.878110673451364,25.66775702360516,2.0878110673451364,eV/L0^2,2.2940995117169853
0.0,v17_near_1.015_normal_force,fit,0.2329580444899274,0.2168353295549097,0.03173805605024358,eV/L0,-0.507993145815053
0.0,v17_near_1.015_Haa,fit,18.39295935022696,16.1508255326961,1.839295935022696,eV/L0^2,-1.2190174375083327
0.0,v17_near_1.065_normal_force,fit,0.9078686582498847,0.8397925656161809,0.03173805605024358,eV/L0,-2.1449357996575023
0.0,v17_near_1.065_Haa,fit,14.605604041867348,14.712331266059849,1.4605604041867348,eV/L0^2,0.07307279033894384
0.0,v17_near_1.095_normal_force,fit,1.2303804278835464,1.0928636769783369,0.03173805605024358,eV/L0,-4.332866218633896
0.0,v17_near_1.095_Haa,fit,11.545874277606002,5.0165385903869435,1.1545874277606003,eV/L0^2,-5.655124532131051
0.0,v17_direct023_energy,heldout,0.10138618519039871,0.08309181727846052,0.010138618519039872,eV/cell,-1.8044241311163047
0.0,v17_direct023_normal_force,heldout,-0.8610948380753036,-0.9402942973004997,0.03173805605024358,eV/L0,-2.495409898445506
0.0,v17_direct023_Haa,heldout,29.67272464413389,22.829322881906638,2.967272464413389,eV/L0^2,-2.306293690350458
0.0,v17_direct023_Hxx,heldout,1.5318476269016676,0.43108919473301915,0.1531847626901668,eV/L0^2,-7.185821963213501
0.0,v17_direct047_energy,heldout,0.26395051027571553,0.18346806145441674,0.026395051027571555,eV/cell,-3.0491492036605274
0.0,v17_direct047_normal_force,heldout,-2.2580600813748397,-2.1300854851827764,0.03173805605024358,eV/L0,4.032212810686026
0.0,v17_direct047_Haa,heldout,35.337517734960244,41.55200203559737,3.5337517734960247,eV/L0^2,1.7586080457736815
0.0,v17_direct047_Hxx,heldout,-7.290154929569364,-3.7968272222575914,0.7290154929569365,eV/L0^2,4.791842890941313
0.0,v17_off_plus_energy,heldout,0.08014986299727256,0.06206805539252826,0.008014986299727257,eV/cell,-2.2559998144176006
0.0,v17_off_plus_normal_force,heldout,0.496288954541943,0.46481050464234486,0.03173805605024358,eV/L0,-0.9918203512453797
0.0,v17_off_plus_Haa,heldout,13.145916399036436,14.146812554500919,1.3145916399036437,eV/L0^2,0.7613741979508148
0.0,v17_off_plus_Hxx,heldout,0.5867789207029961,-0.050800104943683436,0.1,eV/L0^2,-6.375790256466796
0.0,v17_off_minus_energy,heldout,0.21284911087573022,0.12342149857442783,0.021284911087573022,eV/cell,-4.201455760532342
0.0,v17_off_minus_normal_force,heldout,0.06702268289699899,0.2875389688386948,0.03173805605024358,eV/L0,6.9480085860521195
0.0,v17_off_minus_Haa,heldout,11.464221151869252,17.288225689969288,1.1464221151869252,eV/L0^2,5.080157178536657
0.0,v17_off_minus_Hxx,heldout,-2.835312235036081,-0.7756857912927668,0.2835312235036081,eV/L0^2,7.264196226053755
0.0,v17_shockley067_energy,heldout,0.07506981596967024,0.052403339276521514,0.007506981596967025,eV/cell,-3.0193862074081084
0.0,v17_shockley067_normal_force,heldout,-0.08375074170661885,0.03438341849477691,0.03173805605024358,eV/L0,3.7221611813395583
0.0,v17_shockley067_Haa,heldout,14.560238367523052,18.721139293927912,1.4560238367523053,eV/L0^2,2.8577148404972856
0.0,v17_shockley067_Hxx,heldout,0.4530475235373633,0.0884563299199323,0.1,eV/L0^2,-3.6459119361743095
0.0,v17_compression_energy,heldout,0.025317916775100896,0.03077015600398411,0.004433026104653031,eV/cell,1.2299136301409075
0.0,v17_compression_normal_force,heldout,-0.6769543589544016,-0.8697126255080068,0.03173805605024358,eV/L0,-6.073411246374234
0.0,v17_compression_Haa,heldout,26.962376342241654,22.755739077947506,2.6962376342241656,eV/L0^2,-1.5601878747251428
0.0,v17_compression_Hxx,heldout,5.568444170552721,2.268867752920473,0.5568444170552721,eV/L0^2,-5.925490705431161
0.0,v17_opening1.045_energy,heldout,0.012439540042104347,0.011274616437641978,0.004433026104653031,eV/cell,-0.26278293359013427
0.0,v17_opening1.045_normal_force,heldout,0.6560493060873362,0.5889138821278079,0.03173805605024358,eV/L0,-2.1152972902073213
0.0,v17_opening1.045_Haa,heldout,16.173163667497242,15.306172259601126,1.6173163667497243,eV/L0^2,-0.5360679120798636
0.0,v17_opening1.045_Hxx,heldout,3.5468340021412335,2.4816384903391713,0.35468340021412337,eV/L0^2,-3.003229108435863
0.0,v17_opening1.255_energy,heldout,0.2548812728796389,0.19349088513633037,0.02548812728796389,eV/cell,-2.4085876160975768
0.0,v17_opening1.255_normal_force,heldout,1.5479287243761108,1.1048541038398891,0.03173805605024358,eV/L0,-13.960357869265948
0.0,v17_opening1.255_Haa,heldout,-3.07660296796585,-0.5860303947084711,0.307660296796585,eV/L0^2,8.095203050863805
0.0,v17_opening1.255_Hxx,heldout,-0.8591645505462155,0.08711909102240588,0.1,eV/L0^2,9.462836415686214
0.0,v17_opening1.555_energy,heldout,0.4970497627048889,0.429306998700827,0.04970497627048889,eV/cell,-1.362897019312782
0.0,v17_opening1.555_normal_force,heldout,0.5361595264738468,0.7896406946619007,0.03173805605024358,eV/L0,7.986663322629947
0.0,v17_opening1.555_Haa,heldout,-0.9598397042596563,-1.4452024379574224,0.1,eV/L0^2,-4.853627336977661
0.0,v17_opening1.555_Hxx,heldout,-0.8905810007935903,-0.024096792842277972,0.1,eV/L0^2,8.664842079513123
0.0,v17_opening1.855_energy,heldout,0.6331364785570511,0.5835003371689855,0.06331364785570512,eV/cell,-0.783972225091007
0.0,v17_opening1.855_normal_force,heldout,0.6294361584094642,0.4883061856763083,0.03173805605024358,eV/L0,-4.446711308018904
0.0,v17_opening1.855_Haa,heldout,0.33758173393615254,-0.9945719276536169,0.1,eV/L0^2,-13.321536615897696
0.0,v17_opening1.855_Hxx,heldout,-0.0764657682265532,-0.005680554238185665,0.1,eV/L0^2,0.7078521398836752
0.0,v17_opening2.455_energy,heldout,0.7722611869157332,0.7338693185131674,0.07722611869157332,eV/cell,-0.49713580137175806
0.0,v17_opening2.455_normal_force,heldout,-0.03892592855831557,0.17575843131809368,0.03173805605024358,eV/L0,6.7642567502101825
0.0,v17_opening2.455_Haa,heldout,1.5212189106347462,-0.37417464616914287,0.15212189106347462,eV/L0^2,-12.459702831415724
0.0,v17_opening2.455_Hxx,heldout,0.04446583977668427,-0.00011370623431877845,0.1,eV/L0^2,-0.44579546011003046
0.0,v17_opening3.75_energy,heldout,0.7719163228888833,0.8066774438732204,0.07719163228888834,eV/cell,0.4503223983429207
0.0,v17_opening3.75_normal_force,heldout,0.0,0.01732012981943364,0.03173805605024358,eV/L0,0.5457211932581709
0.0,v17_opening3.75_Haa,heldout,0.0,-0.03802643314726835,0.1,eV/L0^2,-0.38026433147268346
0.0,v17_opening3.75_Hxx,heldout,0.0,-1.634645269654162e-08,0.1,eV/L0^2,-1.634645269654162e-07
0.0,v19_new_0_energy,heldout,0.00042417681882149505,0.00043873751700655836,0.004433026104653031,eV/cell,0.0032845956331680483
0.0,v19_new_0_force,heldout,-0.13054663793646185,-0.13749157249724614,0.03173805605024358,eV/L0,-0.21882041388388668
0.0,v19_new_0_Haa,heldout,20.302032153219432,22.559787859484032,2.030203215321943,eV/L0^2,1.1120836028754748
0.0,v19_new_0_Hxx,heldout,4.57090105595751,5.087770014940032,0.45709010559575103,eV/L0^2,1.1307813331659373
0.0,v19_new_1_energy,heldout,0.004931943136885955,0.0045530417407862135,0.004433026104653031,eV/cell,-0.0854724035353719
0.0,v19_new_1_force,heldout,0.42285939529142164,0.38050187031987553,0.03173805605024358,eV/L0,-1.3345973333871222
0.0,v19_new_1_Haa,heldout,17.415188636660293,14.955020992275953,1.7415188636660295,eV/L0^2,-1.4126563287436922
0.0,v19_new_1_Hxx,heldout,3.8361643120715834,2.92636332312276,0.3836164312071584,eV/L0^2,-2.3716423879078263
0.0,v19_new_2_energy,heldout,0.10968805888528045,0.09308690486913349,0.010968805888528046,eV/cell,-1.5134878112402033
0.0,v19_new_2_force,heldout,1.574309479391436,1.1260897972909887,0.03173805605024358,eV/L0,-14.122468036192387
0.0,v19_new_2_Haa,heldout,5.20946471789603,-0.38232688304231344,0.5209464717896031,eV/L0^2,-10.73390819162074
0.0,v19_new_2_Hxx,heldout,0.9642979846199059,0.4894814123192017,0.1,eV/L0^2,-4.748165723007041
0.0,v19_new_3_energy,heldout,0.3373623063206088,0.25534813499686676,0.03373623063206088,eV/cell,-2.43104134004232
0.0,v19_new_3_force,heldout,1.321138459506241,1.0545129803044617,0.03173805605024358,eV/L0,-8.400813168257448
0.0,v19_new_3_Haa,heldout,-4.940080180276789,-1.1287478121143235,0.4940080180276789,eV/L0^2,7.715122486025964
0.0,v19_new_3_Hxx,heldout,-1.007259835979608,0.009095380433160064,0.10072598359796081,eV/L0^2,10.090298253819626
0.0,v19_new_4_energy,heldout,0.5605338261337047,0.5156467723416926,0.05605338261337048,eV/cell,-0.8007911690472203
0.0,v19_new_4_force,heldout,0.5382315998098468,0.6246479570897007,0.03173805605024358,eV/L0,2.7227993152148535
0.0,v19_new_4_Haa,heldout,0.9032785116339533,-1.234287330246374,0.1,eV/L0^2,-21.37565841880327
0.0,v19_new_4_Hxx,heldout,0.6453579543796875,-0.012923983895655237,0.1,eV/L0^2,-6.582819382753426
0.0,v19_new_5_energy,heldout,0.7666938699728523,0.6822003636641589,0.07666938699728523,eV/cell,-1.1020501091483248
0.0,v19_new_5_force,heldout,0.27979903523926664,0.28462053357157163,0.03173805605024358,eV/L0,0.15191536383552365
0.0,v19_new_5_Haa,heldout,-2.478203100860398,-0.5945675040757631,0.2478203100860398,eV/L0^2,7.600812040508958
0.0,v19_new_5_Hxx,heldout,0.0933444416558671,-0.0007528964250054951,0.1,eV/L0^2,-0.9409733808087258
0.0,v19_new_6_energy,heldout,0.07503741336914271,0.051969791846364424,0.007503741336914272,eV/cell,-3.074149345913392
0.0,v19_new_6_force,heldout,0.3995055633266556,0.18738870942512792,0.03173805605024358,eV/L0,-6.683359987950483
0.0,v19_new_6_Haa,heldout,16.75498366183509,21.60737241061353,1.6754983661835092,eV/L0^2,2.8960868280828747
0.0,v19_new_6_Hxx,heldout,1.866294182504276,1.1411538848368767,0.18662941825042761,eV/L0^2,-3.885455489629046
0.0,v19_new_7_energy,heldout,0.1746163283222475,0.14492178609989914,0.01746163283222475,eV/cell,-1.700559306661646
0.0,v19_new_7_force,heldout,1.0346608991752084,0.9763985748202099,0.03173805605024358,eV/L0,-1.8357244143360638
0.0,v19_new_7_Haa,heldout,3.3869832062735408,1.9998670114045844,0.3386983206273541,eV/L0^2,-4.095432750595485
0.0,v19_new_7_Hxx,heldout,-0.5656137494473082,-0.15441296460179094,0.1,eV/L0^2,4.112007848455173
0.0,v19_new_8_energy,heldout,0.17183161394321733,0.12957493876558526,0.017183161394321734,eV/cell,-2.4591909607271694
0.0,v19_new_8_force,heldout,-1.5479121827267546,-1.4497208130439756,0.03173805605024358,eV/L0,3.0938054154084016
0.0,v19_new_8_Haa,heldout,34.71656366870985,31.03503351371642,3.4716563668709854,eV/L0^2,-1.0604535028654367
0.0,v19_new_8_Hxx,heldout,-0.974896485841256,-1.0202761512340395,0.1,eV/L0^2,-0.45379665392783486
0.0,v19_new_9_energy,heldout,0.07736533900036079,0.04669275156824209,0.007736533900036079,eV/cell,-3.964642025542686
0.0,v19_new_9_force,heldout,-0.22650351113925563,-0.20751784141285654,0.03173805605024358,eV/L0,0.598198884529772
0.0,v19_new_9_Haa,heldout,14.396252629283666,22.946142678268878,1.4396252629283666,eV/L0^2,5.938969167291308
0.0,v19_new_9_Hxx,heldout,-0.11946413441426519,0.8525162111024833,0.1,eV/L0^2,9.719803455167485
0.0,v19_power_new_0_energy,heldout,0.0021758842211834217,0.002361571474023133,0.004433026104653031,eV/cell,0.04188724551944521
0.0,v19_power_new_0_force,heldout,-0.2996693004614922,-0.33973150377439004,0.03173805605024358,eV/L0,-1.2622765316652207
0.0,v19_power_new_0_Haa,heldout,21.133296310436656,27.124507837803744,2.1133296310436656,eV/L0^2,2.834963102470832
0.0,v19_power_new_0_Hxx,heldout,4.803281906544594,6.166422455803854,0.4803281906544594,eV/L0^2,2.837935760967821
0.0,v19_power_new_1_energy,heldout,0.01645069708691336,0.014892125239841557,0.004433026104653031,eV/cell,-0.35158192401255656
0.0,v19_power_new_1_force,heldout,0.747061714559844,0.6771818771649057,0.03173805605024358,eV/L0,-2.2017680378506355
0.0,v19_power_new_1_Haa,heldout,15.66515497295868,15.543408703323461,1.5665154972958681,eV/L0^2,-0.07771788395670413
0.0,v19_power_new_1_Hxx,heldout,3.4372637547611467,2.332861277216634,0.3437263754761147,eV/L0^2,-3.2130280256053756
0.0,v19_power_new_2_energy,heldout,0.13995417796875365,0.11418352863843141,0.013995417796875366,eV/cell,-1.8413633450854052
0.0,v19_power_new_2_force,heldout,1.6376288066594074,1.1215467889093556,0.03173805605024358,eV/L0,-16.260668798777644
0.0,v19_power_new_2_Haa,heldout,1.5124016664736504,-0.11821399473136918,0.15124016664736506,eV/L0^2,-10.781630947332921
0.0,v19_power_new_2_Hxx,heldout,0.07390822082095283,0.34312017403008926,0.1,eV/L0^2,2.6921195320913642
0.0,v19_power_new_3_energy,heldout,0.39535837061576956,0.3055373326276844,0.039535837061576956,eV/cell,-2.271889117920765
0.0,v19_power_new_3_force,heldout,1.0383826381800587,0.9924499654437817,0.03173805605024358,eV/L0,-1.4472427883913976
0.0,v19_power_new_3_Haa,heldout,-6.006053628734572,-1.3750948790546131,0.6006053628734572,eV/L0^2,7.710485180359045
0.0,v19_power_new_3_Hxx,heldout,-1.4153601110072371,-0.01817041730944295,0.14153601110072372,eV/L0^2,9.87161982898817
0.0,v19_power_new_4_energy,heldout,0.5880885299154484,0.5448059327472444,0.05880885299154484,eV/cell,-0.7359877801804232
0.0,v19_power_new_4_force,heldout,0.5878736415051682,0.5665660969031352,0.03173805605024358,eV/L0,-0.6713563227786115
0.0,v19_power_new_4_Haa,heldout,0.9838769358246306,-1.1368370009652464,0.1,eV/L0^2,-21.20713936789877
0.0,v19_power_new_4_Hxx,heldout,0.5300888191539206,-0.009450069392088686,0.1,eV/L0^2,-5.395388885460092
0.0,v19_power_new_5_energy,heldout,0.7807571272106231,0.7055036321676352,0.07807571272106231,eV/cell,-0.9638528092832493
0.0,v19_power_new_5_force,heldout,0.03287588986152218,0.23577242138857338,0.03173805605024358,eV/L0,6.392846846254594
0.0,v19_power_new_5_Haa,heldout,-2.5224317074829634,-0.49606948317192345,0.25224317074829633,eV/L0^2,8.03336803252076
0.0,v19_power_new_5_Hxx,heldout,-0.10536285587305545,-0.0003609779023608388,0.1,eV/L0^2,1.050018779706946
0.0,v19_power_new_6_energy,heldout,0.09299247367372732,0.06507128977637046,0.009299247367372731,eV/cell,-3.002520827150046
0.0,v19_power_new_6_force,heldout,-0.03946790499084763,-0.2813247508650322,0.03173805605024358,eV/L0,-7.6204051530852475
0.0,v19_power_new_6_Haa,heldout,22.032873653678617,20.626288454990373,2.2032873653678617,eV/L0^2,-0.6384029703966465
0.0,v19_power_new_6_Hxx,heldout,1.976588687531336,0.7920411511794303,0.19765886875313363,eV/L0^2,-5.992888372903462
0.0,v19_power_new_7_energy,heldout,0.16640726473220147,0.13273646620277466,0.01664072647322015,eV/cell,-2.0233971505759127
0.0,v19_power_new_7_force,heldout,0.9556810535854069,0.9411374009678344,0.03173805605024358,eV/L0,-0.45824018315894594
0.0,v19_power_new_7_Haa,heldout,3.6257942400934606,2.8967188139731785,0.36257942400934606,eV/L0^2,-2.0108019866606908
0.0,v19_power_new_7_Hxx,heldout,-0.7324824081355719,-0.15669141936543185,0.1,eV/L0^2,5.7579098877014
0.0,v19_power_new_8_energy,heldout,0.18770167030691334,0.13963472833790724,0.018770167030691336,eV/cell,-2.560815888873617
0.0,v19_power_new_8_force,heldout,-1.6817465699911935,-1.571611109385854,0.03173805605024358,eV/L0,3.4701388273745346
0.0,v19_power_new_8_Haa,heldout,35.390692237109825,32.97754140833879,3.5390692237109826,eV/L0^2,-0.6818603073947973
0.0,v19_power_new_8_Hxx,heldout,-1.532495429303305,-1.4656913529082387,0.15324954293033052,eV/L0^2,0.43591696991511725
0.0,v19_power_new_9_energy,heldout,0.07659186968314344,0.04679932777672374,0.007659186968314344,eV/cell,-3.8897786448705176
0.0,v19_power_new_9_force,heldout,-0.15953065932670854,-0.08392106757689717,0.03173805605024358,eV/L0,2.382300656036276
0.0,v19_power_new_9_Haa,heldout,13.640977289265752,20.864622811472284,1.3640977289265752,eV/L0^2,5.295548382659433
0.0,v19_power_new_9_Hxx,heldout,-0.0018561341338510467,0.8000441106643715,0.1,eV/L0^2,8.019002447982224
0.0,v20_new_0_energy,heldout,5.8649043216202346e-05,5.805939578724356e-05,0.004433026104653031,eV/cell,-0.00013301239718391733
0.0,v20_new_0_force,heldout,0.04781880717694997,0.04703876125285406,0.03173805605024358,eV/L0,-0.024577621353401205
0.0,v20_new_0_Haa,heldout,19.407850341619266,18.763044908207174,1.9407850341619266,eV/L0^2,-0.33223949178407225
0.0,v20_new_0_Hxx,heldout,4.329394100444026,4.170212834552041,0.4329394100444026,eV/L0^2,-0.36767561972623225
0.0,v20_new_1_energy,heldout,0.0036442749373840483,0.003390378271519968,0.004433026104653031,eV/cell,-0.05727389369477957
0.0,v20_new_1_force,heldout,0.3655179304564104,0.33137312532863855,0.03173805605024358,eV/L0,-1.0758316474619054
0.0,v20_new_1_Haa,heldout,17.703231197779825,15.15375275168845,1.7703231197779825,eV/L0^2,-1.4401204037888338
0.0,v20_new_1_Hxx,heldout,3.9093512902826126,3.0655237624998635,0.3909351290282613,eV/L0^2,-2.1584847846245805
0.0,v20_new_2_energy,heldout,0.034823381685342755,0.0318446323084801,0.004433026104653031,eV/cell,-0.6719449212663274
0.0,v20_new_2_force,heldout,1.045799857810823,0.9706395345414041,0.03173805605024358,eV/L0,-2.3681451425517306
0.0,v20_new_2_Haa,heldout,13.514055878705095,11.634928977371258,1.3514055878705096,eV/L0^2,-1.3904980993122054
0.0,v20_new_2_Hxx,heldout,2.9805611045837717,1.7448813754045522,0.29805611045837715,eV/L0^2,-4.145795660014758
0.0,v20_new_3_energy,heldout,0.22661995382203423,0.173561369801337,0.022661995382203426,eV/cell,-2.3413023930966115
0.0,v20_new_3_force,heldout,1.596539848274592,1.1134660762942907,0.03173805605024358,eV/L0,-15.220647767952816
0.0,v20_new_3_Haa,heldout,-2.2820717486649773,-0.37245441942193724,0.22820717486649775,eV/L0^2,8.367911001747316
0.0,v20_new_3_Hxx,heldout,-0.8053213981525169,0.12863316606809538,0.1,eV/L0^2,9.339545642206122
0.0,v20_new_4_energy,heldout,0.4890270726004544,0.4175449971310643,0.04890270726004545,eV/cell,-1.4617202088480794
0.0,v20_new_4_force,heldout,0.5582577926902346,0.8110051749188988,0.03173805605024358,eV/L0,7.963543256352793
0.0,v20_new_4_Haa,heldout,-1.9854681988380205,-1.4616009283657736,0.19854681988380207,eV/L0^2,2.6385074854325845
0.0,v20_new_4_Hxx,heldout,-1.0730096719553677,-0.025320131854073807,0.10730096719553678,eV/L0^2,9.764026993270875
0.0,v20_new_5_energy,heldout,0.6157939144055483,0.569554567261793,0.06157939144055483,eV/cell,-0.7508899659781813
0.0,v20_new_5_force,heldout,0.6195747950914187,0.516644089116801,0.03173805605024358,eV/L0,-3.2431320245849666
0.0,v20_new_5_Haa,heldout,0.4318686304614479,-1.0472583351445053,0.1,eV/L0^2,-14.79126965605953
0.0,v20_new_5_Hxx,heldout,0.05966529359502488,-0.006916852989758001,0.1,eV/L0^2,-0.6658214658478288
0.0,v20_new_6_energy,heldout,0.729941495134474,0.6518317267231866,0.0729941495134474,eV/cell,-1.070082587877781
0.0,v20_new_6_force,heldout,0.4717044111502519,0.34781456500910346,0.03173805605024358,eV/L0,-3.903510849720036
0.0,v20_new_6_Haa,heldout,-1.7417609490586863,-0.7211105444307155,0.17417609490586863,eV/L0^2,5.859876495563693
0.0,v20_new_6_Hxx,heldout,0.20899465255336805,-0.0016280726526973768,0.1,eV/L0^2,-2.106227252060654
0.0,v20_new_7_energy,heldout,0.02046914476243608,0.01883736735357216,0.004433026104653031,eV/cell,-0.36809560114053075
0.0,v20_new_7_force,heldout,0.06281548916376087,-0.15551908310134177,0.03173805605024358,eV/L0,-6.879267335071298
0.0,v20_new_7_Haa,heldout,21.501318205218237,23.625269339919953,2.150131820521824,eV/L0^2,0.9878236833806061
0.0,v20_new_7_Hxx,heldout,4.662002299739686,3.257278789343922,0.4662002299739686,eV/L0^2,-3.0131334565712242
0.0,v20_new_8_energy,heldout,0.06003679436536899,0.04621882400125133,0.006003679436536899,eV/cell,-2.3015836388640154
0.0,v20_new_8_force,heldout,0.3178698348179461,0.20826638722289084,0.03173805605024358,eV/L0,-3.4533762062032185
0.0,v20_new_8_Haa,heldout,14.458727489192233,17.512104902878278,1.4458727489192233,eV/L0^2,2.111788479289354
0.0,v20_new_8_Hxx,heldout,0.86111106885732,0.37977475795697324,0.1,eV/L0^2,-4.813363109003467
0.0,v20_new_9_energy,heldout,0.09377427653904365,0.07814384831251309,0.009377427653904365,eV/cell,-1.6668140564137233
0.0,v20_new_9_force,heldout,0.5947790357818696,0.7995974112130739,0.03173805605024358,eV/L0,6.453400142307467
0.0,v20_new_9_Haa,heldout,11.056850642860084,7.685981060921215,1.1056850642860085,eV/L0^2,-3.048670630380265
0.0,v20_new_9_Hxx,heldout,0.0757661767331005,-0.14270470660495643,0.1,eV/L0^2,-2.184708833380569
0.0,v20_new_10_energy,heldout,0.038168092494978115,0.03820586760724311,0.004433026104653031,eV/cell,0.008521292537696295
0.0,v20_new_10_force,heldout,-0.4360667641505048,-0.6526068127620888,0.03173805605024358,eV/L0,-6.8227256347643275
0.0,v20_new_10_Haa,heldout,26.40271381173358,20.59153868580746,2.640271381173358,eV/L0^2,-2.2009764478618052
0.0,v20_new_10_Hxx,heldout,4.254835571305176,1.519955840221469,0.42548355713051766,eV/L0^2,-6.427697816404171
0.0,v20_new_11_energy,heldout,0.2277352928888806,0.19882558956073942,0.022773529288888063,eV/cell,-1.2694432628958905
0.0,v20_new_11_force,heldout,1.3946641093269667,1.037699003364,0.03173805605024358,eV/L0,-11.247226528236824
0.0,v20_new_11_Haa,heldout,2.8654264155114735,0.08393160449815357,0.28654264155114734,eV/L0^2,-9.707088606275825
0.0,v20_new_11_Hxx,heldout,-0.12044589256531853,-0.1233916746024376,0.1,eV/L0^2,-0.029457820371190796
-0.5,normal_strain_force_ev,exact,0.0,-1.1102230246251565e-16,0.1,eV/strain,-1.1102230246251565e-15
-0.5,cohesive_ev_atom,exact,3.36,3.360000000000004,0.0672,eV/atom,5.947623346206196e-14
-0.5,C11_GPa,exact,113.99999999999996,113.99999999999991,5.699999999999998,GPa,-7.479397218527373e-15
-0.5,C12_GPa,exact,62.000000000000014,62.00000000000005,3.100000000000001,GPa,1.1460366705808064e-14
-0.5,C44_GPa,exact,32.0,32.00000000000001,1.6,GPa,4.440892098500626e-15
-0.5,perfect_Haa,exact,19.66091286328976,19.660912863289848,1.9660912863289761,eV/L0^2,4.517483119303703e-14
-0.5,perfect_Hxx,exact,4.393593035123306,4.39359303512331,0.43935930351233066,eV/L0^2,8.086123704219668e-15
-0.5,saddle_energy_at_source_state,fit,0.07624909750742465,0.049723284840019547,0.007624909750742465,eV/cell,-3.47883627931756
-0.5,saddle_normal_force_at_source_state,fit,1.4903612010162394e-15,0.1620557619757006,0.03173805605024358,eV/L0,5.106039315046687
-0.5,fault_energy_at_source_state,fit,0.06670794504308616,0.03543431598354351,0.006670794504308616,eV/cell,-4.688141575841266
-0.5,fault_normal_force_at_source_state,fit,5.29078226360765e-15,0.0872965113639103,0.03173805605024358,eV/L0,2.7505311360503137
-0.5,saddle_path_force_at_source_state,fit,2.296700476743968e-16,-0.07898314767249404,0.03173805605024358,eV/L0,-2.488594372240643
-0.5,opening_1.1h_energy,fit,0.05670265774764735,0.05171164362355407,0.005670265774764736,eV/cell,-0.8802081458519219
-0.5,opening_1.5h_energy,fit,0.4710312483934004,0.3949413573802649,0.04710312483934004,eV/cell,-1.6153894518179817
-0.5,opening_2h_energy,fit,0.7060534019484034,0.635221659330215,0.07060534019484034,eV/cell,-1.0032065906448897
-0.5,opening_40h_energy,fit,0.7719163228888833,0.8133940243725124,0.07719163228888834,eV/cell,0.5373341676258313
-0.5,direct_quarter_energy,fit,0.117221996542065,0.09293464830998083,0.0117221996542065,eV/cell,-2.0719104731652203
-0.5,direct_half_energy,fit,0.26732847628894163,0.1822796250242782,0.026732847628894163,eV/cell,-3.18143627814414
-0.5,oblique_energy,fit,0.13339289745734875,0.0806753251929741,0.013339289745734876,eV/cell,-3.9520524157765333
-0.5,opening_1.25h_energy,fit,0.24853683654490819,0.18986136581769714,0.02485368365449082,eV/cell,-2.3608359848343428
-0.5,opening_3h_energy,fit,0.7719163228888833,0.7802128124517962,0.07719163228888834,eV/cell,0.10747913105222827
-0.5,saddle_Haa,fit,12.717337762538286,17.64572110857573,1.2717337762538286,eV/L0^2,3.875326297108411
-0.5,saddle_Hxx,fit,-0.18642463121762062,0.16999020016008975,0.018642463121762064,eV/L0^2,19.118441004807654
-0.5,fault_Haa,fit,14.140554350039636,16.73841878403858,1.4140554350039638,eV/L0^2,1.8371729775867385
-0.5,fault_Hxx,fit,2.4858929774856264,2.364197863321378,0.24858929774856264,eV/L0^2,-0.48954285347930776
-0.5,saddle_normal_path_coupling,fit,1.2055891043737141,1.3794668947577253,0.12055891043737142,eV/L0^2,1.4422641159679204
-0.5,opening_1.1h_normal_force,fit,1.2761663221727821,1.1127005139376762,0.03173805605024358,eV/L0,-5.150466933964954
-0.5,opening_1.3h_normal_force,fit,1.4139711872929317,1.0862476552430402,0.03173805605024358,eV/L0,-10.325885477392882
-0.5,opening_1.5h_normal_force,fit,0.6379256757978651,0.8591986404635316,0.03173805605024358,eV/L0,6.971849955629789
-0.5,opening_2h_normal_force,fit,0.5548811295393773,0.3734599119629396,0.03173805605024358,eV/L0,-5.716204460954859
-0.5,opening_2.5h_normal_force,fit,0.0005156382639574782,0.1573748031103353,0.03173805605024358,eV/L0,4.942305369870754
-0.5,opening_3h_normal_force,fit,0.0,0.06569397034628924,0.03173805605024358,eV/L0,2.069880091026717
-0.5,shockley_0.15_energy,fit,0.013715574532912111,0.012198213498064903,0.004433026104653031,eV/cell,-0.3422856078502545
-0.5,shockley_0.35_energy,fit,0.04820527408303389,0.042015160395189044,0.004820527408303389,eV/cell,-1.2841154428833528
-0.5,shockley_0.75_energy,fit,0.08334161260537679,0.054798031590913836,0.00833416126053768,eV/cell,-3.4248894546373894
-0.5,new_direct_017_energy,fit,0.05826439239193282,0.051929479329759005,0.0058264392391932825,eV/cell,-1.0872700807656466
-0.5,new_direct_017_normal_force,fit,-0.44118804525591643,-0.6775263645315177,0.03173805605024358,eV/L0,-7.446527881274803
-0.5,new_direct_017_Haa,fit,26.109437232644353,20.741699476740337,2.6109437232644357,eV/L0^2,-2.055861146326352
-0.5,new_direct_039_energy,fit,0.2262381941113307,0.1605965459619344,0.022623819411133072,eV/cell,-2.9014397152186584
-0.5,new_direct_039_normal_force,fit,-1.9685101248020884,-1.871071601438922,0.03173805605024358,eV/L0,3.07008479690484
-0.5,new_direct_039_Haa,fit,36.31678531793335,37.7129286775236,3.6316785317933356,eV/L0^2,0.3844347310390458
-0.5,new_raised_direct_energy,fit,0.11960599647825673,0.0786975966783056,0.011960599647825674,eV/cell,-3.420263281480866
-0.5,new_raised_direct_normal_force,fit,0.08783049166112324,-0.09499072610514088,0.03173805605024358,eV/L0,-5.760315549157933
-0.5,new_raised_direct_Haa,fit,20.00400949091716,21.143441218897358,2.000400949091716,eV/L0^2,0.569601673353314
-0.5,new_off_path_positive_energy,fit,0.05360470506556986,0.04091896060130877,0.0053604705065569865,eV/cell,-2.366535633158273
-0.5,new_off_path_positive_normal_force,fit,0.35206897342006,0.24722945300500948,0.03173805605024358,eV/L0,-3.3032747893910757
-0.5,new_off_path_positive_Haa,fit,13.446420569551602,16.88096150436099,1.3446420569551603,eV/L0^2,2.5542417902550545
-0.5,new_off_path_negative_energy,fit,0.21544733160917068,0.11710979523924575,0.021544733160917068,eV/cell,-4.564342274997994
-0.5,new_off_path_negative_normal_force,fit,-0.05312860042135701,0.06700825816076282,0.03173805605024358,eV/L0,3.7852620334381766
-0.5,new_off_path_negative_Haa,fit,13.5831841481301,19.939016085846408,1.35831841481301,eV/L0^2,4.6791914682179065
-0.5,new_shockley_058_energy,fit,0.07969505412787091,0.0607365586138042,0.007969505412787091,eV/cell,-2.3788798089838497
-0.5,new_shockley_058_normal_force,fit,-0.6123357455328253,-0.6417919733378059,0.03173805605024358,eV/L0,-0.9281043476118795
-0.5,new_shockley_058_Haa,fit,23.107568998056017,27.050195782498065,2.3107568998056016,eV/L0^2,1.7062057825181574
-0.5,new_opening_1.17h_energy,fit,0.14263027381623705,0.11635663361933457,0.014263027381623706,eV/cell,-1.8420801905458788
-0.5,new_opening_1.17h_normal_force,fit,1.6398229617729339,1.1278627745511742,0.03173805605024358,eV/L0,-16.13079850924992
-0.5,new_opening_1.42h_energy,fit,0.4226003973463561,0.3355295128098447,0.042260039734635615,eV/cell,-2.060359741336201
-0.5,new_opening_1.42h_normal_force,fit,0.8686291067124379,0.9594180686433422,0.03173805605024358,eV/L0,2.8605709747055403
-0.5,new_opening_1.78h_energy,fit,0.5953584311886578,0.5536397870352245,0.05953584311886578,eV/cell,-0.7007315588046731
-0.5,new_opening_1.78h_normal_force,fit,0.5989965116849877,0.5453797974651943,0.03173805605024358,eV/L0,-1.6893509210177957
-0.5,new_opening_2.23h_energy,fit,0.7765619947928292,0.6931018762463765,0.07765619947928293,eV/cell,-1.0747386442561881
-0.5,new_opening_2.23h_normal_force,fit,0.15664558956102492,0.2510544817158056,0.03173805605024358,eV/L0,2.9746274316651506
-0.5,new_opening_3.4h_energy,fit,0.7719163228888833,0.7956260671710021,0.07719163228888834,eV/cell,0.30715433239428724
-0.5,new_opening_3.4h_normal_force,fit,0.0,0.032566421544654764,0.03173805605024358,eV/L0,1.0261000703099088
-0.5,new_opening_5.5h_energy,fit,0.7719163228888833,0.8112106999893366,0.07719163228888834,eV/cell,0.5090496979438747
-0.5,new_opening_5.5h_normal_force,fit,0.0,0.0014992424440182178,0.03173805605024358,eV/L0,0.04723800479918529
-0.5,v16_direct011_energy,fit,0.025339211626875774,0.02469992527419222,0.004433026104653031,eV/cell,-0.14420992288146964
-0.5,v16_direct011_normal_force,fit,-0.1684646879274777,-0.418032106795421,0.03173805605024358,eV/L0,-7.86334923830434
-0.5,v16_direct011_Haa,fit,23.17866876533168,24.493343510068815,2.317866876533168,eV/L0^2,0.5671916528284379
-0.5,v16_direct031_energy,fit,0.16617323878813156,0.1244242642346508,0.016617323878813157,eV/cell,-2.5123765329452405
-0.5,v16_direct031_normal_force,fit,-1.4977500080753077,-1.4154271407831396,0.03173805605024358,eV/L0,2.593821977056351
-0.5,v16_direct031_Haa,fit,34.460781638400974,30.459762517025606,3.4460781638400975,eV/L0^2,-1.1610355108477513
-0.5,v16_raised043_energy,fit,0.1726273519698645,0.10331799322379823,0.017262735196986453,eV/cell,-4.014969699481087
-0.5,v16_raised043_normal_force,fit,-0.17083895700384927,-0.08862991310828133,0.03173805605024358,eV/L0,2.5902356390519072
-0.5,v16_raised043_Haa,fit,18.238440853611248,21.04919822754714,1.8238440853611249,eV/L0^2,1.5411171363254754
-0.5,v16_off_plus_energy,fit,0.0652424878354941,0.051377884080967454,0.006524248783549411,eV/cell,-2.1250881464676215
-0.5,v16_off_plus_normal_force,fit,-0.08042066717244803,-0.258856211835917,0.03173805605024358,eV/L0,-5.622132129989087
-0.5,v16_off_plus_Haa,fit,20.981095919956758,22.557016580438454,2.098109591995676,eV/L0^2,0.7511145587884733
-0.5,v16_off_minus_energy,fit,0.21182429891635463,0.1265747130955193,0.021182429891635463,eV/cell,-4.024542333290043
-0.5,v16_off_minus_normal_force,fit,0.3481661631135443,0.6492489650762923,0.03173805605024358,eV/L0,9.486491595014913
-0.5,v16_off_minus_Haa,fit,5.497617912510364,10.788880578133979,0.5497617912510364,eV/L0^2,9.62464607368008
-0.5,v16_shockley043_energy,fit,0.061697611386283796,0.05168754759549112,0.00616976113862838,eV/cell,-1.6224394374233497
-0.5,v16_shockley043_normal_force,fit,-0.43484281773712713,-0.5716657601710787,0.03173805605024358,eV/L0,-4.311005759689605
-0.5,v16_shockley043_Haa,fit,25.03469226049791,26.387575867755963,2.5034692260497913,eV/L0^2,0.5404035301016105
-0.5,v16_opening1.21_energy,fit,0.19627832926906572,0.15318514799562796,0.019627832926906574,eV/cell,-2.1955139639671577
-0.5,v16_opening1.21_normal_force,fit,1.631864707518524,1.1269132477425352,0.03173805605024358,eV/L0,-15.90996811451259
-0.5,v16_opening1.21_Haa,fit,-1.3832350292334812,-0.1185494810546871,0.13832350292334814,eV/L0^2,9.142954895232942
-0.5,v16_opening1.62_energy,fit,0.5246331923940108,0.4718523080494838,0.05246331923940109,eV/cell,-1.0060530883239933
-0.5,v16_opening1.62_normal_force,fit,0.5093642313524578,0.7128471821719256,0.03173805605024358,eV/L0,6.411323695986292
-0.5,v16_opening1.62_Haa,fit,-0.15582859326870177,-1.4183957906341595,0.1,eV/L0^2,-12.625671973654576
-0.5,v16_opening1.93_energy,fit,0.6719836252695317,0.6125329872438281,0.06719836252695317,eV/cell,-0.8847036711922561
-0.5,v16_opening1.93_normal_force,fit,0.6270410192299789,0.42143787774862973,0.03173805605024358,eV/L0,-6.478126484995329
-0.5,v16_opening1.93_Haa,fit,-0.6638075680371565,-0.8907099316217244,0.1,eV/L0^2,-2.2690236358456795
-0.5,v16_opening2.71_energy,fit,0.7719163228888833,0.7599363210435526,0.07719163228888834,eV/cell,-0.15519819299190124
-0.5,v16_opening2.71_normal_force,fit,0.0,0.10919539817261667,0.03173805605024358,eV/L0,3.440519419329043
-0.5,v16_opening2.71_Haa,fit,0.0,-0.23350566950802024,0.1,eV/L0^2,-2.335056695080202
-0.5,v16_opening4.3_energy,fit,0.7719163228888833,0.8078289221272655,0.07719163228888834,eV/cell,0.46523953663759715
-0.5,v16_opening4.3_normal_force,fit,0.0,0.007210411080310289,0.03173805605024358,eV/L0,0.22718502572733817
-0.5,v16_opening4.3_Haa,fit,0.0,-0.01381598653663251,0.1,eV/L0^2,-0.1381598653663251
-0.5,v16_opening6.2_energy,fit,0.7719163228888833,0.811840886510955,0.07719163228888834,eV/cell,0.5172136206765865
-0.5,v16_opening6.2_normal_force,fit,0.0,0.0008121517887904198,0.03173805605024358,eV/L0,0.025589210237222035
-0.5,v16_opening6.2_Haa,fit,0.0,-0.0007398717856046034,0.1,eV/L0^2,-0.0073987178560460335
-0.5,v17_near_0.985_normal_force,fit,-0.24821900083247345,-0.2748186810172903,0.03173805605024358,eV/L0,-0.8381004855088691
-0.5,v17_near_0.985_Haa,fit,20.878110673451364,25.618888321545576,2.0878110673451364,eV/L0^2,2.270692842970026
-0.5,v17_near_1.015_normal_force,fit,0.2329580444899274,0.21698898006082187,0.03173805605024358,eV/L0,-0.5031519386009458
-0.5,v17_near_1.015_Haa,fit,18.39295935022696,16.17225190072227,1.839295935022696,eV/L0^2,-1.2073682147714244
-0.5,v17_near_1.065_normal_force,fit,0.9078686582498847,0.8410945200319673,0.03173805605024358,eV/L0,-2.103913929454573
-0.5,v17_near_1.065_Haa,fit,14.605604041867348,14.746286478541071,1.4605604041867348,eV/L0^2,0.09632086168463354
-0.5,v17_near_1.095_normal_force,fit,1.2303804278835464,1.09524361781724,0.03173805605024358,eV/L0,-4.257879242899291
-0.5,v17_near_1.095_Haa,fit,11.545874277606002,5.071725341814742,1.1545874277606003,eV/L0^2,-5.607326721327899
-0.5,v17_direct023_energy,heldout,0.10138618519039871,0.08239461199353877,0.010138618519039872,eV/cell,-1.8731914176664817
-0.5,v17_direct023_normal_force,heldout,-0.8610948380753036,-0.9498616800475671,0.03173805605024358,eV/L0,-2.796858189163801
-0.5,v17_direct023_Haa,heldout,29.67272464413389,22.883740226934325,2.967272464413389,eV/L0^2,-2.287954509948147
-0.5,v17_direct023_Hxx,heldout,1.5318476269016676,0.3790042402886027,0.1531847626901668,eV/L0^2,-7.525835901478131
-0.5,v17_direct047_energy,heldout,0.26395051027571553,0.18057657423500445,0.026395051027571555,eV/cell,-3.1586957704162395
-0.5,v17_direct047_normal_force,heldout,-2.2580600813748397,-2.135103613700192,0.03173805605024358,eV/L0,3.874102039519969
-0.5,v17_direct047_Haa,heldout,35.337517734960244,41.77160189941365,3.5337517734960247,eV/L0^2,1.820751591187181
-0.5,v17_direct047_Hxx,heldout,-7.290154929569364,-3.7008853444103993,0.7290154929569365,eV/L0^2,4.9234476082266
-0.5,v17_off_plus_energy,heldout,0.08014986299727256,0.06126900915594828,0.008014986299727257,eV/cell,-2.355693838424499
-0.5,v17_off_plus_normal_force,heldout,0.496288954541943,0.4661436135857633,0.03173805605024358,eV/L0,-0.9498168668067607
-0.5,v17_off_plus_Haa,heldout,13.145916399036436,14.292929825191257,1.3145916399036437,eV/L0^2,0.8725245097701171
-0.5,v17_off_plus_Hxx,heldout,0.5867789207029961,-0.04785620273276435,0.1,eV/L0^2,-6.346351234357604
-0.5,v17_off_minus_energy,heldout,0.21284911087573022,0.11999033099169429,0.021284911087573022,eV/cell,-4.362657635824027
-0.5,v17_off_minus_normal_force,heldout,0.06702268289699899,0.30353576352254946,0.03173805605024358,eV/L0,7.452034247186835
-0.5,v17_off_minus_Haa,heldout,11.464221151869252,17.49378745811048,1.1464221151869252,eV/L0^2,5.2594644035265325
-0.5,v17_off_minus_Hxx,heldout,-2.835312235036081,-0.7067195038244367,0.2835312235036081,eV/L0^2,7.507436764489386
-0.5,v17_shockley067_energy,heldout,0.07506981596967024,0.05185631819631391,0.007506981596967025,eV/cell,-3.092254519810608
-0.5,v17_shockley067_normal_force,heldout,-0.08375074170661885,0.03397115520111644,0.03173805605024358,eV/L0,3.7091716241654256
-0.5,v17_shockley067_Haa,heldout,14.560238367523052,18.78715060991555,1.4560238367523053,eV/L0^2,2.9030515405714254
-0.5,v17_shockley067_Hxx,heldout,0.4530475235373633,0.09092523559778881,0.1,eV/L0^2,-3.6212228793957446
-0.5,v17_compression_energy,heldout,0.025317916775100896,0.03083983559100837,0.004433026104653031,eV/cell,1.2456319194943406
-0.5,v17_compression_normal_force,heldout,-0.6769543589544016,-0.8727364831867336,0.03173805605024358,eV/L0,-6.168686699727138
-0.5,v17_compression_Haa,heldout,26.962376342241654,22.637294885299305,2.6962376342241656,eV/L0^2,-1.6041173085201295
-0.5,v17_compression_Hxx,heldout,5.568444170552721,2.234257924282757,0.5568444170552721,eV/L0^2,-5.987644203926739
-0.5,v17_opening1.045_energy,heldout,0.012439540042104347,0.011286722121009306,0.004433026104653031,eV/cell,-0.26005213907606145
-0.5,v17_opening1.045_normal_force,heldout,0.6560493060873362,0.5897174226862961,0.03173805605024358,eV/L0,-2.0899794018900235
-0.5,v17_opening1.045_Haa,heldout,16.173163667497242,15.334643702510297,1.6173163667497243,eV/L0^2,-0.5184637849625522
-0.5,v17_opening1.045_Hxx,heldout,3.5468340021412335,2.446023809033977,0.35468340021412337,eV/L0^2,-3.1036417053707455
-0.5,v17_opening1.255_energy,heldout,0.2548812728796389,0.1944166202175609,0.02548812728796389,eV/cell,-2.372267368996971
-0.5,v17_opening1.255_normal_force,heldout,1.5479287243761108,1.1146946381033138,0.03173805605024358,eV/L0,-13.650303143549715
-0.5,v17_opening1.255_Haa,heldout,-3.07660296796585,-0.5608905293937587,0.307660296796585,eV/L0^2,8.176916114188757
-0.5,v17_opening1.255_Hxx,heldout,-0.8591645505462155,0.05478277962572211,0.1,eV/L0^2,9.139473301719375
-0.5,v17_opening1.555_energy,heldout,0.4970497627048889,0.4319779576656618,0.04970497627048889,eV/cell,-1.309160770646255
-0.5,v17_opening1.555_normal_force,heldout,0.5361595264738468,0.7905670110712394,0.03173805605024358,eV/L0,8.015849622127064
-0.5,v17_opening1.555_Haa,heldout,-0.9598397042596563,-1.5051703447350997,0.1,eV/L0^2,-5.453306404754434
-0.5,v17_opening1.555_Hxx,heldout,-0.8905810007935903,-0.031091714967439937,0.1,eV/L0^2,8.594892858261503
-0.5,v17_opening1.855_energy,heldout,0.6331364785570511,0.5849822772218929,0.06331364785570512,eV/cell,-0.7605658963909963
-0.5,v17_opening1.855_normal_force,heldout,0.6294361584094642,0.47958534864771063,0.03173805605024358,eV/L0,-4.721486707457104
-0.5,v17_opening1.855_Haa,heldout,0.33758173393615254,-1.0102925149076367,0.1,eV/L0^2,-13.478742488437891
-0.5,v17_opening1.855_Hxx,heldout,-0.0764657682265532,-0.006732183006675444,0.1,eV/L0^2,0.6973358521987775
-0.5,v17_opening2.455_energy,heldout,0.7722611869157332,0.7313153983043393,0.07722611869157332,eV/cell,-0.5302064807234931
-0.5,v17_opening2.455_normal_force,heldout,-0.03892592855831557,0.17014542950569034,0.03173805605024358,eV/L0,6.587402761310623
-0.5,v17_opening2.455_Haa,heldout,1.5212189106347462,-0.3610901193982534,0.15212189106347462,eV/L0^2,-12.373689393905735
-0.5,v17_opening2.455_Hxx,heldout,0.04446583977668427,-0.0001294094935359829,0.1,eV/L0^2,-0.4459524927022025
-0.5,v17_opening3.75_energy,heldout,0.7719163228888833,0.802601142029129,0.07719163228888834,eV/cell,0.3975148371705404
-0.5,v17_opening3.75_normal_force,heldout,0.0,0.01778855125879424,0.03173805605024358,eV/L0,0.5604801765626007
-0.5,v17_opening3.75_Haa,heldout,0.0,-0.03712091777315919,0.1,eV/L0^2,-0.3712091777315919
-0.5,v17_opening3.75_Hxx,heldout,0.0,-1.7212580787686105e-08,0.1,eV/L0^2,-1.7212580787686103e-07
-0.5,v19_new_0_energy,heldout,0.00042417681882149505,0.0004385958068712196,0.004433026104653031,eV/cell,0.003252628725689199
-0.5,v19_new_0_force,heldout,-0.13054663793646185,-0.13742415613969683,0.03173805605024358,eV/L0,-0.21669626496176664
-0.5,v19_new_0_Haa,heldout,20.302032153219432,22.537697793945526,2.030203215321943,eV/L0^2,1.101202886417244
-0.5,v19_new_0_Hxx,heldout,4.57090105595751,5.096431177085535,0.45709010559575103,eV/L0^2,1.1497298119001549
-0.5,v19_new_1_energy,heldout,0.004931943136885955,0.0045566964362764644,0.004433026104653031,eV/cell,-0.08464797899918095
-0.5,v19_new_1_force,heldout,0.42285939529142164,0.3809190991273626,0.03173805605024358,eV/L0,-1.3214513232210752
-0.5,v19_new_1_Haa,heldout,17.415188636660293,14.981990745349709,1.7415188636660295,eV/L0^2,-1.397169988838661
-0.5,v19_new_1_Hxx,heldout,3.8361643120715834,2.9009586429928906,0.3836164312071584,eV/L0^2,-2.437866558884878
-0.5,v19_new_2_energy,heldout,0.10968805888528045,0.09331033545039474,0.010968805888528046,eV/cell,-1.4931181754264327
-0.5,v19_new_2_force,heldout,1.574309479391436,1.131174434898948,0.03173805605024358,eV/L0,-13.962261702196692
-0.5,v19_new_2_Haa,heldout,5.20946471789603,-0.3115698425618545,0.5209464717896031,eV/L0^2,-10.59808417838309
-0.5,v19_new_2_Hxx,heldout,0.9642979846199059,0.4440713465846462,0.1,eV/L0^2,-5.202266380352596
-0.5,v19_new_3_energy,heldout,0.3373623063206088,0.25685479228396696,0.03373623063206088,eV/cell,-2.386381422236673
-0.5,v19_new_3_force,heldout,1.321138459506241,1.0646175163349219,0.03173805605024358,eV/L0,-8.08244029707517
-0.5,v19_new_3_Haa,heldout,-4.940080180276789,-1.1435810103977917,0.4940080180276789,eV/L0^2,7.685096256203441
-0.5,v19_new_3_Hxx,heldout,-1.007259835979608,-0.014785575369260522,0.10072598359796081,eV/L0^2,9.853209918224518
-0.5,v19_new_4_energy,heldout,0.5605338261337047,0.5180210839333105,0.05605338261337048,eV/cell,-0.7584331260367797
-0.5,v19_new_4_force,heldout,0.5382315998098468,0.6192953811767351,0.03173805605024358,eV/L0,2.5541508036459013
-0.5,v19_new_4_Haa,heldout,0.9032785116339533,-1.2742776842053396,0.1,eV/L0^2,-21.775561958392927
-0.5,v19_new_4_Hxx,heldout,0.6453579543796875,-0.015714988046652393,0.1,eV/L0^2,-6.610729424263398
-0.5,v19_new_5_energy,heldout,0.7666938699728523,0.6812750804669501,0.07666938699728523,eV/cell,-1.1141185921954322
-0.5,v19_new_5_force,heldout,0.27979903523926664,0.2760610228212634,0.03173805605024358,eV/L0,-0.11777698079824797
-0.5,v19_new_5_Haa,heldout,-2.478203100860398,-0.58368539046156,0.2478203100860398,eV/L0^2,7.64472334709406
-0.5,v19_new_5_Hxx,heldout,0.0933444416558671,-0.0008694472304087939,0.1,eV/L0^2,-0.9421388888627589
-0.5,v19_new_6_energy,heldout,0.07503741336914271,0.05120147541613458,0.007503741336914272,eV/cell,-3.1765404593237316
-0.5,v19_new_6_force,heldout,0.3995055633266556,0.18304544682200155,0.03173805605024358,eV/L0,-6.820207140663638
-0.5,v19_new_6_Haa,heldout,16.75498366183509,21.80025656473235,1.6754983661835092,eV/L0^2,3.0112072949313013
-0.5,v19_new_6_Hxx,heldout,1.866294182504276,1.0889733616283648,0.18662941825042761,eV/L0^2,-4.165049798488188
-0.5,v19_new_7_energy,heldout,0.1746163283222475,0.144395621456309,0.01746163283222475,eV/cell,-1.7306919207559668
-0.5,v19_new_7_force,heldout,1.0346608991752084,0.9883699314911163,0.03173805605024358,eV/L0,-1.458531915464837
-0.5,v19_new_7_Haa,heldout,3.3869832062735408,2.0577124317058786,0.3386983206273541,eV/L0^2,-3.924645307084841
-0.5,v19_new_7_Hxx,heldout,-0.5656137494473082,-0.1412792155789191,0.1,eV/L0^2,4.243345338683891
-0.5,v19_new_8_energy,heldout,0.17183161394321733,0.12797147055166155,0.017183161394321734,eV/cell,-2.5525072124416868
-0.5,v19_new_8_force,heldout,-1.5479121827267546,-1.4584240618244597,0.03173805605024358,eV/L0,2.8195841850121144
-0.5,v19_new_8_Haa,heldout,34.71656366870985,31.16053979585242,3.4716563668709854,eV/L0^2,-1.0243018020998689
-0.5,v19_new_8_Hxx,heldout,-0.974896485841256,-1.0209267559052744,0.1,eV/L0^2,-0.46030270064018386
-0.5,v19_new_9_energy,heldout,0.07736533900036079,0.046431936335255455,0.007736533900036079,eV/cell,-3.9983541809286294
-0.5,v19_new_9_force,heldout,-0.22650351113925563,-0.20722921061176214,0.03173805605024358,eV/L0,0.6072930395289778
-0.5,v19_new_9_Haa,heldout,14.396252629283666,22.923168262541914,1.4396252629283666,eV/L0^2,5.923010558951641
-0.5,v19_new_9_Hxx,heldout,-0.11946413441426519,0.8309115393775772,0.1,eV/L0^2,9.503756737918424
-0.5,v19_power_new_0_energy,heldout,0.0021758842211834217,0.0023597341594510392,0.004433026104653031,eV/cell,0.04147278493908334
-0.5,v19_power_new_0_force,heldout,-0.2996693004614922,-0.33932854634430404,0.03173805605024358,eV/L0,-1.2495801828577167
-0.5,v19_power_new_0_Haa,heldout,21.133296310436656,27.061977785152532,2.1133296310436656,eV/L0^2,2.805374697646199
-0.5,v19_power_new_0_Hxx,heldout,4.803281906544594,6.186144646465603,0.4803281906544594,eV/L0^2,2.8789955843250077
-0.5,v19_power_new_1_energy,heldout,0.01645069708691336,0.014909293043261865,0.004433026104653031,eV/cell,-0.34770921877351274
-0.5,v19_power_new_1_force,heldout,0.747061714559844,0.6781506588561415,0.03173805605024358,eV/L0,-2.1712437458239893
-0.5,v19_power_new_1_Haa,heldout,15.66515497295868,15.572883542605819,1.5665154972958681,eV/L0^2,-0.05890234122301427
-0.5,v19_power_new_1_Hxx,heldout,3.4372637547611467,2.294175428942302,0.3437263754761147,eV/L0^2,-3.325576410118335
-0.5,v19_power_new_2_energy,heldout,0.13995417796875365,0.11451478602377776,0.013995417796875366,eV/cell,-1.817694356409675
-0.5,v19_power_new_2_force,heldout,1.6376288066594074,1.127934420890092,0.03173805605024358,eV/L0,-16.059407827701644
-0.5,v19_power_new_2_Haa,heldout,1.5124016664736504,-0.05102258183264996,0.15124016664736506,eV/L0^2,-10.33736131719304
-0.5,v19_power_new_2_Hxx,heldout,0.07390822082095283,0.2999293302446672,0.1,eV/L0^2,2.260211094237144
-0.5,v19_power_new_3_energy,heldout,0.39535837061576956,0.3075099089990963,0.039535837061576956,eV/cell,-2.2219957422388585
-0.5,v19_power_new_3_force,heldout,1.0383826381800587,1.0011563762135713,0.03173805605024358,eV/L0,-1.172921930302082
-0.5,v19_power_new_3_Haa,heldout,-6.006053628734572,-1.4156289841869607,0.6006053628734572,eV/L0^2,7.6429964304444225
-0.5,v19_power_new_3_Hxx,heldout,-1.4153601110072371,-0.03600761669667708,0.14153601110072372,eV/L0^2,9.74559395579509
-0.5,v19_power_new_4_energy,heldout,0.5880885299154484,0.5468741156989437,0.05880885299154484,eV/cell,-0.7008198956444562
-0.5,v19_power_new_4_force,heldout,0.5878736415051682,0.5595042921806721,0.03173805605024358,eV/L0,-0.8938590718847242
-0.5,v19_power_new_4_Haa,heldout,0.9838769358246306,-1.1666454433341205,0.1,eV/L0^2,-21.50522379158751
-0.5,v19_power_new_4_Hxx,heldout,0.5300888191539206,-0.011349717668715942,0.1,eV/L0^2,-5.414385368226365
-0.5,v19_power_new_5_energy,heldout,0.7807571272106231,0.7038572569110139,0.07807571272106231,eV/cell,-0.9849397158159288
-0.5,v19_power_new_5_force,heldout,0.03287588986152218,0.22830749859115462,0.03173805605024358,eV/L0,6.157642686755938
-0.5,v19_power_new_5_Haa,heldout,-2.5224317074829634,-0.4829717988896332,0.25224317074829633,eV/L0^2,8.08529286459227
-0.5,v19_power_new_5_Hxx,heldout,-0.10536285587305545,-0.00041437050760452206,0.1,eV/L0^2,1.0494848536545092
-0.5,v19_power_new_6_energy,heldout,0.09299247367372732,0.0640700113342295,0.009299247367372731,eV/cell,-3.1101938895587344
-0.5,v19_power_new_6_force,heldout,-0.03946790499084763,-0.28893343930728754,0.03173805605024358,eV/L0,-7.860139068426824
-0.5,v19_power_new_6_Haa,heldout,22.032873653678617,20.802460169323577,2.2032873653678617,eV/L0^2,-0.558444397083723
-0.5,v19_power_new_6_Hxx,heldout,1.976588687531336,0.7265665848011429,0.19765886875313363,eV/L0^2,-6.324138707337288
-0.5,v19_power_new_7_energy,heldout,0.16640726473220147,0.1319421445411614,0.01664072647322015,eV/cell,-2.0711307433905985
-0.5,v19_power_new_7_force,heldout,0.9556810535854069,0.9528158649896844,0.03173805605024358,eV/L0,-0.09027612123397522
-0.5,v19_power_new_7_Haa,heldout,3.6257942400934606,2.967901955875339,0.36257942400934606,eV/L0^2,-1.8144777134434513
-0.5,v19_power_new_7_Hxx,heldout,-0.7324824081355719,-0.14172807385103467,0.1,eV/L0^2,5.907543342845371
-0.5,v19_power_new_8_energy,heldout,0.18770167030691334,0.13780574184574373,0.018770167030691336,eV/cell,-2.658257029870014
-0.5,v19_power_new_8_force,heldout,-1.6817465699911935,-1.5797942418104678,0.03173805605024358,eV/L0,3.2123053793631224
-0.5,v19_power_new_8_Haa,heldout,35.390692237109825,33.11953404535463,3.5390692237109826,eV/L0^2,-0.6417388438007766
-0.5,v19_power_new_8_Hxx,heldout,-1.532495429303305,-1.4506740550992754,0.15324954293033052,eV/L0^2,0.5339094175388626
-0.5,v19_power_new_9_energy,heldout,0.07659186968314344,0.04650201959616525,0.007659186968314344,eV/cell,-3.928595843326234
-0.5,v19_power_new_9_force,heldout,-0.15953065932670854,-0.08376743196851744,0.03173805605024358,eV/L0,2.3871413938601838
-0.5,v19_power_new_9_Haa,heldout,13.640977289265752,20.871462486753455,1.3640977289265752,eV/L0^2,5.300562448100736
-0.5,v19_power_new_9_Hxx,heldout,-0.0018561341338510467,0.7806443004939801,0.1,eV/L0^2,7.825004346278311
-0.5,v20_new_0_energy,heldout,5.8649043216202346e-05,5.806581419232887e-05,0.004433026104653031,eV/cell,-0.0001315645363020319
-0.5,v20_new_0_force,heldout,0.04781880717694997,0.04704651097095738,0.03173805605024358,eV/L0,-0.0243334438873634
-0.5,v20_new_0_Haa,heldout,19.407850341619266,18.769192469648594,1.9407850341619266,eV/L0^2,-0.329071927456643
-0.5,v20_new_0_Hxx,heldout,4.329394100444026,4.167069912316195,0.4329394100444026,eV/L0^2,-0.37493511646625877
-0.5,v20_new_1_energy,heldout,0.0036442749373840483,0.0033928126714376228,0.004433026104653031,eV/cell,-0.05672474287541044
-0.5,v20_new_1_force,heldout,0.3655179304564104,0.3317036854849892,0.03173805605024358,eV/L0,-1.065416385864682
-0.5,v20_new_1_Haa,heldout,17.703231197779825,15.179775785780151,1.7703231197779825,eV/L0^2,-1.4254208081043092
-0.5,v20_new_1_Hxx,heldout,3.9093512902826126,3.0431212129548166,0.3909351290282613,eV/L0^2,-2.2157898152590296
-0.5,v20_new_2_energy,heldout,0.034823381685342755,0.03188830464857807,0.004433026104653031,eV/cell,-0.6620933347728185
-0.5,v20_new_2_force,heldout,1.045799857810823,0.9723087176796336,0.03173805605024358,eV/L0,-2.3155526606559564
-0.5,v20_new_2_Haa,heldout,13.514055878705095,11.676404522238833,1.3514055878705096,eV/L0^2,-1.3598074278810397
-0.5,v20_new_2_Hxx,heldout,2.9805611045837717,1.6996012498454798,0.29805611045837715,eV/L0^2,-4.297713785395367
-0.5,v20_new_3_energy,heldout,0.22661995382203423,0.17431509960487962,0.022661995382203426,eV/cell,-2.3080427532974377
-0.5,v20_new_3_force,heldout,1.596539848274592,1.1227378801430727,0.03173805605024358,eV/L0,-14.928512552295496
-0.5,v20_new_3_Haa,heldout,-2.2820717486649773,-0.3343651931363568,0.22820717486649775,eV/L0^2,8.534817350366122
-0.5,v20_new_3_Hxx,heldout,-0.8053213981525169,0.09344936374584067,0.1,eV/L0^2,8.987707618983576
-0.5,v20_new_4_energy,heldout,0.4890270726004544,0.42019582846024456,0.04890270726004545,eV/cell,-1.4075139802422851
-0.5,v20_new_4_force,heldout,0.5582577926902346,0.8128201036332966,0.03173805605024358,eV/L0,8.020727877601324
-0.5,v20_new_4_Haa,heldout,-1.9854681988380205,-1.5224743418524902,0.19854681988380207,eV/L0^2,2.331912730994602
-0.5,v20_new_4_Hxx,heldout,-1.0730096719553677,-0.03309118158289116,0.10730096719553678,eV/L0^2,9.691604069862777
-0.5,v20_new_5_energy,heldout,0.6157939144055483,0.5712719117973981,0.06157939144055483,eV/cell,-0.7230016660870895
-0.5,v20_new_5_force,heldout,0.6195747950914187,0.5084288530564075,0.03173805605024358,eV/L0,-3.501976991251742
-0.5,v20_new_5_Haa,heldout,0.4318686304614479,-1.0680276519863032,0.1,eV/L0^2,-14.99896282447751
-0.5,v20_new_5_Hxx,heldout,0.05966529359502488,-0.00823410776633104,0.1,eV/L0^2,-0.6789940136135592
-0.5,v20_new_6_energy,heldout,0.729941495134474,0.6517744447358002,0.0729941495134474,eV/cell,-1.0708673355290412
-0.5,v20_new_6_force,heldout,0.4717044111502519,0.33844600444421086,0.03173805605024358,eV/L0,-4.198694667848705
-0.5,v20_new_6_Haa,heldout,-1.7417609490586863,-0.7158710180546688,0.17417609490586863,eV/L0^2,5.889958272163854
-0.5,v20_new_6_Hxx,heldout,0.20899465255336805,-0.001894115937173005,0.1,eV/L0^2,-2.1088876849054103
-0.5,v20_new_7_energy,heldout,0.02046914476243608,0.01876433378448791,0.004433026104653031,eV/cell,-0.38457048023217216
-0.5,v20_new_7_force,heldout,0.06281548916376087,-0.16005412452269366,0.03173805605024358,eV/L0,-7.022157038655305
-0.5,v20_new_7_Haa,heldout,21.501318205218237,23.6884973841085,2.150131820521824,eV/L0^2,1.0172302730534213
-0.5,v20_new_7_Hxx,heldout,4.662002299739686,3.2122647223442633,0.4662002299739686,eV/L0^2,-3.109688679210587
-0.5,v20_new_8_energy,heldout,0.06003679436536899,0.04560428228552538,0.006003679436536899,eV/cell,-2.403944486444585
-0.5,v20_new_8_force,heldout,0.3178698348179461,0.2059732226946961,0.03173805605024358,eV/L0,-3.5256290412402636
-0.5,v20_new_8_Haa,heldout,14.458727489192233,17.65366364731856,1.4458727489192233,eV/L0^2,2.2096938755602884
-0.5,v20_new_8_Hxx,heldout,0.86111106885732,0.3721618664335327,0.1,eV/L0^2,-4.889492024237873
-0.5,v20_new_9_energy,heldout,0.09377427653904365,0.07778262928662376,0.009377427653904365,eV/cell,-1.7053341110833993
-0.5,v20_new_9_force,heldout,0.5947790357818696,0.8036895083708457,0.03173805605024358,eV/L0,6.582333595298215
-0.5,v20_new_9_Haa,heldout,11.056850642860084,7.764557588271283,1.1056850642860085,eV/L0^2,-2.97760470945204
-0.5,v20_new_9_Hxx,heldout,0.0757661767331005,-0.153351935044968,0.1,eV/L0^2,-2.291181117780685
-0.5,v20_new_10_energy,heldout,0.038168092494978115,0.03815039537993362,0.004433026104653031,eV/cell,-0.003992107112998149
-0.5,v20_new_10_force,heldout,-0.4360667641505048,-0.6595064447190476,0.03173805605024358,eV/L0,-7.04011865801806
-0.5,v20_new_10_Haa,heldout,26.40271381173358,20.581536370508985,2.640271381173358,eV/L0^2,-2.204764814228156
-0.5,v20_new_10_Hxx,heldout,4.254835571305176,1.4588114529000318,0.42548355713051766,eV/L0^2,-6.571403457425407
-0.5,v20_new_11_energy,heldout,0.2277352928888806,0.19942965087039966,0.022773529288888063,eV/cell,-1.2429185507181002
-0.5,v20_new_11_force,heldout,1.3946641093269667,1.0491348013960258,0.03173805605024358,eV/L0,-10.886908365904443
-0.5,v20_new_11_Haa,heldout,2.8654264155114735,0.1049369013655519,0.28654264155114734,eV/L0^2,-9.633782599345443
-0.5,v20_new_11_Hxx,heldout,-0.12044589256531853,-0.12774217534606325,0.1,eV/L0^2,-0.0729628278074472
0.5,normal_strain_force_ev,exact,0.0,1.7763568394002505e-15,0.1,eV/strain,1.7763568394002505e-14
0.5,cohesive_ev_atom,exact,3.36,3.3600000000000074,0.0672,eV/atom,1.1234399653945037e-13
0.5,C11_GPa,exact,113.99999999999996,113.99999999999991,5.699999999999998,GPa,-7.479397218527373e-15
0.5,C12_GPa,exact,62.000000000000014,62.000000000000114,3.100000000000001,GPa,3.208902677626258e-14
0.5,C44_GPa,exact,32.0,32.000000000000064,1.6,GPa,3.9968028886505635e-14
0.5,perfect_Haa,exact,19.66091286328976,19.66091286328982,1.9660912863289761,eV/L0^2,3.071888521126518e-14
0.5,perfect_Hxx,exact,4.393593035123306,4.393593035123306,0.43935930351233066,eV/L0^2,0.0
0.5,saddle_energy_at_source_state,fit,0.07624909750742465,0.05035529757804476,0.007624909750742465,eV/cell,-3.3959483817967175
0.5,saddle_normal_force_at_source_state,fit,1.4903612010162394e-15,0.16184213915768414,0.03173805605024358,eV/L0,5.0993085052680955
0.5,fault_energy_at_source_state,fit,0.06670794504308616,0.03534150746356609,0.006670794504308616,eV/cell,-4.702054239455395
0.5,fault_normal_force_at_source_state,fit,5.29078226360765e-15,0.0843836965732881,0.03173805605024358,eV/L0,2.658754412674093
0.5,saddle_path_force_at_source_state,fit,2.296700476743968e-16,-0.08626819295722289,0.03173805605024358,eV/L0,-2.7181309662020414
0.5,opening_1.1h_energy,fit,0.05670265774764735,0.05150488159058535,0.005670265774764736,eV/cell,-0.9166724036454295
0.5,opening_1.5h_energy,fit,0.4710312483934004,0.3897397056621848,0.04710312483934004,eV/cell,-1.7258205906399173
0.5,opening_2h_energy,fit,0.7060534019484034,0.6349420048030163,0.07060534019484034,eV/cell,-1.0071674033316773
0.5,opening_40h_energy,fit,0.7719163228888833,0.8201083156603093,0.07719163228888834,eV/cell,0.624316280695662
0.5,direct_quarter_energy,fit,0.117221996542065,0.09450826531916824,0.0117221996542065,eV/cell,-1.9376680054025488
0.5,direct_half_energy,fit,0.26732847628894163,0.1874388111244586,0.026732847628894163,eV/cell,-2.9884457605681485
0.5,oblique_energy,fit,0.13339289745734875,0.08391800335965359,0.013339289745734876,eV/cell,-3.7089601501095166
0.5,opening_1.25h_energy,fit,0.24853683654490819,0.18791909886252975,0.02485368365449082,eV/cell,-2.438984036534375
0.5,opening_3h_energy,fit,0.7719163228888833,0.7891775613663495,0.07719163228888834,eV/cell,0.2236154096711714
0.5,saddle_Haa,fit,12.717337762538286,17.50607732077956,1.2717337762538286,eV/L0^2,3.765520463211695
0.5,saddle_Hxx,fit,-0.18642463121762062,0.19328486340342066,0.018642463121762064,eV/L0^2,20.367989580614584
0.5,fault_Haa,fit,14.140554350039636,16.772654666853903,1.4140554350039638,eV/L0^2,1.8613841096030925
0.5,fault_Hxx,fit,2.4858929774856264,2.4529005355285136,0.24858929774856264,eV/L0^2,-0.13271867395708745
0.5,saddle_normal_path_coupling,fit,1.2055891043737141,1.3610992711216976,0.12055891043737142,eV/L0^2,1.2899101873417205
0.5,opening_1.1h_normal_force,fit,1.2761663221727821,1.106302333359038,0.03173805605024358,eV/L0,-5.352060269376215
0.5,opening_1.3h_normal_force,fit,1.4139711872929317,1.0655857205893813,0.03173805605024358,eV/L0,-10.976899976231426
0.5,opening_1.5h_normal_force,fit,0.6379256757978651,0.8532307892810489,0.03173805605024358,eV/L0,6.783815402630226
0.5,opening_2h_normal_force,fit,0.5548811295393773,0.39349301243122736,0.03173805605024358,eV/L0,-5.085003216726984
0.5,opening_2.5h_normal_force,fit,0.0005156382639574782,0.16827127947641837,0.03173805605024358,eV/L0,5.285630630524185
0.5,opening_3h_normal_force,fit,0.0,0.06878735042766444,0.03173805605024358,eV/L0,2.167346050393547
0.5,shockley_0.15_energy,fit,0.013715574532912111,0.012267794854343275,0.004433026104653031,eV/cell,-0.3265894773435251
0.5,shockley_0.35_energy,fit,0.04820527408303389,0.042625572686035326,0.004820527408303389,eV/cell,-1.1574877444711742
0.5,shockley_0.75_energy,fit,0.08334161260537679,0.05537409746457864,0.00833416126053768,eV/cell,-3.3557684170601014
0.5,new_direct_017_energy,fit,0.05826439239193282,0.05242234325985341,0.0058264392391932825,eV/cell,-1.0026791479744812
0.5,new_direct_017_normal_force,fit,-0.44118804525591643,-0.6630131912166886,0.03173805605024358,eV/L0,-6.989248037422559
0.5,new_direct_017_Haa,fit,26.109437232644353,20.733861872736245,2.6109437232644357,eV/L0^2,-2.0588629743375253
0.5,new_direct_039_energy,fit,0.2262381941113307,0.16479241898113356,0.022623819411133072,eV/cell,-2.7159770865197044
0.5,new_direct_039_normal_force,fit,-1.9685101248020884,-1.8594073352406109,0.03173805605024358,eV/L0,3.4376015150001673
0.5,new_direct_039_Haa,fit,36.31678531793335,37.44622832943871,3.6316785317933356,eV/L0^2,0.31099751853522006
0.5,new_raised_direct_energy,fit,0.11960599647825673,0.08158540987210827,0.011960599647825674,eV/cell,-3.178819434279806
0.5,new_raised_direct_normal_force,fit,0.08783049166112324,-0.09129611707099762,0.03173805605024358,eV/L0,-5.643906118526944
0.5,new_raised_direct_Haa,fit,20.00400949091716,20.780248999119173,2.000400949091716,eV/L0^2,0.3880419615649885
0.5,new_off_path_positive_energy,fit,0.05360470506556986,0.04183842985851295,0.0053604705065569865,eV/cell,-2.195007918178874
0.5,new_off_path_positive_normal_force,fit,0.35206897342006,0.25090457179931275,0.03173805605024358,eV/L0,-3.1874794555973076
0.5,new_off_path_positive_Haa,fit,13.446420569551602,16.614503607112372,1.3446420569551603,eV/L0^2,2.356079092702673
0.5,new_off_path_negative_energy,fit,0.21544733160917068,0.12360213024369683,0.021544733160917068,eV/cell,-4.263000181041202
0.5,new_off_path_negative_normal_force,fit,-0.05312860042135701,0.042856513647796385,0.03173805605024358,eV/L0,3.024290899140205
0.5,new_off_path_negative_Haa,fit,13.5831841481301,19.52235119243017,1.35831841481301,eV/L0^2,4.372440938391954
0.5,new_shockley_058_energy,fit,0.07969505412787091,0.06175935561055096,0.007969505412787091,eV/cell,-2.250540979436701
0.5,new_shockley_058_normal_force,fit,-0.6123357455328253,-0.6388990404063499,0.03173805605024358,eV/L0,-0.8369540601816643
0.5,new_shockley_058_Haa,fit,23.107568998056017,27.245403174121876,2.3107568998056016,eV/L0^2,1.7906834667090963
0.5,new_opening_1.17h_energy,fit,0.14263027381623705,0.11556288668480534,0.014263027381623706,eV/cell,-1.8977308538511937
0.5,new_opening_1.17h_normal_force,fit,1.6398229617729339,1.113699027212642,0.03173805605024358,eV/L0,-16.577068668837203
0.5,new_opening_1.42h_energy,fit,0.4226003973463561,0.3309809205074556,0.042260039734635615,eV/cell,-2.16799315415245
0.5,new_opening_1.42h_normal_force,fit,0.8686291067124379,0.9455702029519245,0.03173805605024358,eV/L0,2.4242535874813336
0.5,new_opening_1.78h_energy,fit,0.5953584311886578,0.5499549909340734,0.05953584311886578,eV/cell,-0.7626236209325964
0.5,new_opening_1.78h_normal_force,fit,0.5989965116849877,0.5615759853417085,0.03173805605024358,eV/L0,-1.179042795943137
0.5,new_opening_2.23h_energy,fit,0.7765619947928292,0.6963471449022384,0.07765619947928293,eV/cell,-1.0329484371945148
0.5,new_opening_2.23h_normal_force,fit,0.15664558956102492,0.2678868998420784,0.03173805605024358,eV/L0,3.5049818459249886
0.5,new_opening_3.4h_energy,fit,0.7719163228888833,0.8050870922062827,0.07719163228888834,eV/cell,0.42971975502808835
0.5,new_opening_3.4h_normal_force,fit,0.0,0.032899468213217736,0.03173805605024358,eV/L0,1.0365936767247357
0.5,new_opening_5.5h_energy,fit,0.7719163228888833,0.8193122533417001,0.07719163228888834,eV/cell,0.6140034748253322
0.5,new_opening_5.5h_normal_force,fit,0.0,0.000809030829471096,0.03173805605024358,eV/L0,0.02549087531354608
0.5,v16_direct011_energy,fit,0.025339211626875774,0.024809989066124697,0.004433026104653031,eV/cell,-0.11938178306588128
0.5,v16_direct011_normal_force,fit,-0.1684646879274777,-0.4086745249628414,0.03173805605024358,eV/L0,-7.568511337149779
0.5,v16_direct011_Haa,fit,23.17866876533168,24.47825174359616,2.317866876533168,eV/L0^2,0.560680594481883
0.5,v16_direct031_energy,fit,0.16617323878813156,0.12712648371884147,0.016617323878813157,eV/cell,-2.349761932429693
0.5,v16_direct031_normal_force,fit,-1.4977500080753077,-1.400060773510339,0.03173805605024358,eV/L0,3.077984184359614
0.5,v16_direct031_Haa,fit,34.460781638400974,30.298216346392785,3.4460781638400975,eV/L0^2,-1.207913777373431
0.5,v16_raised043_energy,fit,0.1726273519698645,0.10809310435621364,0.017262735196986453,eV/cell,-3.738355879137657
0.5,v16_raised043_normal_force,fit,-0.17083895700384927,-0.0985095060107329,0.03173805605024358,eV/L0,2.2789502570231064
0.5,v16_raised043_Haa,fit,18.238440853611248,20.689390199034538,1.8238440853611249,eV/L0^2,1.343837099396573
0.5,v16_off_plus_energy,fit,0.0652424878354941,0.052506637654622414,0.006524248783549411,eV/cell,-1.9520791746912756
0.5,v16_off_plus_normal_force,fit,-0.08042066717244803,-0.24952189447088274,0.03173805605024358,eV/L0,-5.328027243720773
0.5,v16_off_plus_Haa,fit,20.981095919956758,22.404732971308253,2.098109591995676,eV/L0^2,0.6785332171316001
0.5,v16_off_minus_energy,fit,0.21182429891635463,0.13161225985709052,0.021182429891635463,eV/cell,-3.786725105174941
0.5,v16_off_minus_normal_force,fit,0.3481661631135443,0.614556446679213,0.03173805605024358,eV/L0,8.393402643941208
0.5,v16_off_minus_Haa,fit,5.497617912510364,10.497130293340504,0.5497617912510364,eV/L0^2,9.0939611671689
0.5,v16_shockley043_energy,fit,0.061697611386283796,0.05254921676753035,0.00616976113862838,eV/cell,-1.4827793837067829
0.5,v16_shockley043_normal_force,fit,-0.43484281773712713,-0.5647470596336309,0.03173805605024358,eV/L0,-4.093011925206012
0.5,v16_shockley043_Haa,fit,25.03469226049791,26.50095473349558,2.5034692260497913,eV/L0^2,0.5856922297028897
0.5,v16_opening1.21_energy,fit,0.19627832926906572,0.15186590247779094,0.019627832926906574,eV/cell,-2.2627269631173874
0.5,v16_opening1.21_normal_force,fit,1.631864707518524,1.1090948127771658,0.03173805605024358,eV/L0,-16.47138986438793
0.5,v16_opening1.21_Haa,fit,-1.3832350292334812,-0.21091121428503756,0.13832350292334814,eV/L0^2,8.475232264744523
0.5,v16_opening1.62_energy,fit,0.5246331923940108,0.466656190410997,0.05246331923940109,eV/cell,-1.1050959570143224
0.5,v16_opening1.62_normal_force,fit,0.5093642313524578,0.7185945953299188,0.03173805605024358,eV/L0,6.5924127062550575
0.5,v16_opening1.62_Haa,fit,-0.15582859326870177,-1.3118304180157123,0.1,eV/L0^2,-11.560018247470104
0.5,v16_opening1.93_energy,fit,0.6719836252695317,0.6111094642574757,0.06719836252695317,eV/cell,-0.9058875651566578
0.5,v16_opening1.93_normal_force,fit,0.6270410192299789,0.4413012155759416,0.03173805605024358,eV/L0,-5.852274107777681
0.5,v16_opening1.93_Haa,fit,-0.6638075680371565,-0.8805569448050659,0.1,eV/L0^2,-2.167493767679094
0.5,v16_opening2.71_energy,fit,0.7719163228888833,0.7677520020188487,0.07719163228888834,eV/cell,-0.05394782758900214
0.5,v16_opening2.71_normal_force,fit,0.0,0.11611897668871954,0.03173805605024358,eV/L0,3.65866694875373
0.5,v16_opening2.71_Haa,fit,0.0,-0.2537463330704495,0.1,eV/L0^2,-2.537463330704495
0.5,v16_opening4.3_energy,fit,0.7719163228888833,0.81680765764016,0.07719163228888834,eV/cell,0.5815570084497185
0.5,v16_opening4.3_normal_force,fit,0.0,0.006171908010847909,0.03173805605024358,eV/L0,0.19446395838098413
0.5,v16_opening4.3_Haa,fit,0.0,-0.013867042091258724,0.1,eV/L0^2,-0.13867042091258724
0.5,v16_opening6.2_energy,fit,0.7719163228888833,0.8196104589981703,0.07719163228888834,eV/cell,0.6178666611271089
0.5,v16_opening6.2_normal_force,fit,0.0,0.000329056838797659,0.03173805605024358,eV/L0,0.01036789519423429
0.5,v16_opening6.2_Haa,fit,0.0,-0.00043842982639106013,0.1,eV/L0^2,-0.004384298263910601
0.5,v17_near_0.985_normal_force,fit,-0.24821900083247345,-0.2753716558493861,0.03173805605024358,eV/L0,-0.8555235699983671
0.5,v17_near_0.985_Haa,fit,20.878110673451364,25.719279482917496,2.0878110673451364,eV/L0^2,2.318777252015514
0.5,v17_near_1.015_normal_force,fit,0.2329580444899274,0.21665042055624142,0.03173805605024358,eV/L0,-0.5138192429892323
0.5,v17_near_1.015_Haa,fit,18.39295935022696,16.12391615039145,1.839295935022696,eV/L0^2,-1.2336476999866306
0.5,v17_near_1.065_normal_force,fit,0.9078686582498847,0.837795472803556,0.03173805605024358,eV/L0,-2.2078600319880297
0.5,v17_near_1.065_Haa,fit,14.605604041867348,14.655360097256747,1.4605604041867348,eV/L0^2,0.03406641399203434
0.5,v17_near_1.095_normal_force,fit,1.2303804278835464,1.0893488814571892,0.03173805605024358,eV/L0,-4.4436101002246104
0.5,v17_near_1.095_Haa,fit,11.545874277606002,4.950640351348999,1.1545874277606003,eV/L0^2,-5.712199672093175
0.5,v17_direct023_energy,heldout,0.10138618519039871,0.0836408087696228,0.010138618519039872,eV/cell,-1.7502755811801083
0.5,v17_direct023_normal_force,heldout,-0.8610948380753036,-0.9331973067454277,0.03173805605024358,eV/L0,-2.271798517085632
0.5,v17_direct023_Haa,heldout,29.67272464413389,22.829027250015336,2.967272464413389,eV/L0^2,-2.3063933212050043
0.5,v17_direct023_Hxx,heldout,1.5318476269016676,0.46855542275397716,0.1531847626901668,eV/L0^2,-6.94124001287463
0.5,v17_direct047_energy,heldout,0.26395051027571553,0.18565866287795746,0.026395051027571555,eV/cell,-2.966156319075744
0.5,v17_direct047_normal_force,heldout,-2.2580600813748397,-2.126133274476776,0.03173805605024358,eV/L0,4.15673873312261
0.5,v17_direct047_Haa,heldout,35.337517734960244,41.44070916007883,3.5337517734960247,eV/L0^2,1.7271137918893935
0.5,v17_direct047_Hxx,heldout,-7.290154929569364,-3.8671848955145567,0.7290154929569365,eV/L0^2,4.6953323586732125
0.5,v17_off_plus_energy,heldout,0.08014986299727256,0.06265958653436234,0.008014986299727257,eV/cell,-2.1821966761821416
0.5,v17_off_plus_normal_force,heldout,0.496288954541943,0.46308494873425,0.03173805605024358,eV/L0,-1.0461890216315934
0.5,v17_off_plus_Haa,heldout,13.145916399036436,13.99828003033218,1.3145916399036437,eV/L0^2,0.6483866209268007
0.5,v17_off_plus_Hxx,heldout,0.5867789207029961,-0.053570149594409325,0.1,eV/L0^2,-6.403490702974054
0.5,v17_off_minus_energy,heldout,0.21284911087573022,0.12608240006948546,0.021284911087573022,eV/cell,-4.076442248185035
0.5,v17_off_minus_normal_force,heldout,0.06702268289699899,0.2737849381730758,0.03173805605024358,eV/L0,6.514647744926709
0.5,v17_off_minus_Haa,heldout,11.464221151869252,17.079230084295464,1.1464221151869252,eV/L0^2,4.8978546889865955
0.5,v17_off_minus_Hxx,heldout,-2.835312235036081,-0.8305605735026762,0.2835312235036081,eV/L0^2,7.070655699787128
0.5,v17_shockley067_energy,heldout,0.07506981596967024,0.052765325557449685,0.007506981596967025,eV/cell,-2.9711662569190302
0.5,v17_shockley067_normal_force,heldout,-0.08375074170661885,0.03521170781163775,0.03173805605024358,eV/L0,3.7482588514536195
0.5,v17_shockley067_Haa,heldout,14.560238367523052,18.640176019628655,1.4560238367523053,eV/L0^2,2.802109106404465
0.5,v17_shockley067_Hxx,heldout,0.4530475235373633,0.08769994502547235,0.1,eV/L0^2,-3.6534757851189092
0.5,v17_compression_energy,heldout,0.025317916775100896,0.030716995946679735,0.004433026104653031,eV/cell,1.217921808741846
0.5,v17_compression_normal_force,heldout,-0.6769543589544016,-0.8677722247585733,0.03173805605024358,eV/L0,-6.012273262801401
0.5,v17_compression_Haa,heldout,26.962376342241654,22.902544639867045,2.6962376342241656,eV/L0^2,-1.505739572373714
0.5,v17_compression_Hxx,heldout,5.568444170552721,2.301983976452463,0.5568444170552721,eV/L0^2,-5.866019473399929
0.5,v17_opening1.045_energy,heldout,0.012439540042104347,0.011258590833026138,0.004433026104653031,eV/cell,-0.26639798214557103
0.5,v17_opening1.045_normal_force,heldout,0.6560493060873362,0.5877740346693348,0.03173805605024358,eV/L0,-2.151211508036816
0.5,v17_opening1.045_Haa,heldout,16.173163667497242,15.258404125312445,1.6173163667497243,eV/L0^2,-0.565603342049375
0.5,v17_opening1.045_Hxx,heldout,3.5468340021412335,2.5108652016613853,0.35468340021412337,eV/L0^2,-2.920826855314996
0.5,v17_opening1.255_energy,heldout,0.2548812728796389,0.19239204421047693,0.02548812728796389,eV/cell,-2.4516994898511397
0.5,v17_opening1.255_normal_force,heldout,1.5479287243761108,1.0944499634966962,0.03173805605024358,eV/L0,-14.288170647928965
0.5,v17_opening1.255_Haa,heldout,-3.07660296796585,-0.5995688809679861,0.307660296796585,eV/L0^2,8.051198392477655
0.5,v17_opening1.255_Hxx,heldout,-0.8591645505462155,0.1138336949022312,0.1,eV/L0^2,9.729982454484466
0.5,v17_opening1.555_energy,heldout,0.4970497627048889,0.4266350882462972,0.04970497627048889,eV/cell,-1.4166524107244902
0.5,v17_opening1.555_normal_force,heldout,0.5361595264738468,0.7902126167230085,0.03173805605024358,eV/L0,8.004683394817178
0.5,v17_opening1.555_Haa,heldout,-0.9598397042596563,-1.3831859315321822,0.1,eV/L0^2,-4.233462272725259
0.5,v17_opening1.555_Hxx,heldout,-0.8905810007935903,-0.018351880592109023,0.1,eV/L0^2,8.722291202014812
0.5,v17_opening1.855_energy,heldout,0.6331364785570511,0.5823726338184366,0.06331364785570512,eV/cell,-0.8017836036601109
0.5,v17_opening1.855_normal_force,heldout,0.6294361584094642,0.49826571362853267,0.03173805605024358,eV/L0,-4.132907339166566
0.5,v17_opening1.855_Haa,heldout,0.33758173393615254,-0.9810551748820017,0.1,eV/L0^2,-13.186369088181541
0.5,v17_opening1.855_Hxx,heldout,-0.0764657682265532,-0.004830765126367831,0.1,eV/L0^2,0.7163500310018536
0.5,v17_opening2.455_energy,heldout,0.7722611869157332,0.7371991762467991,0.07722611869157332,eV/cell,-0.4540175171688379
0.5,v17_opening2.455_normal_force,heldout,-0.03892592855831557,0.1820071545594879,0.03173805605024358,eV/L0,6.961140996412976
0.5,v17_opening2.455_Haa,heldout,1.5212189106347462,-0.3877669481074785,0.15212189106347462,eV/L0^2,-12.549054218276043
0.5,v17_opening2.455_Hxx,heldout,0.04446583977668427,-0.00010140973153421765,0.1,eV/L0^2,-0.44567249508218487
0.5,v17_opening3.75_energy,heldout,0.7719163228888833,0.8119939209374956,0.07719163228888834,eV/cell,0.5191961467872904
0.5,v17_opening3.75_normal_force,heldout,0.0,0.01712954356968609,0.03173805605024358,eV/L0,0.5397162177345964
0.5,v17_opening3.75_Haa,heldout,0.0,-0.03917215984594201,0.1,eV/L0^2,-0.39172159845942006
0.5,v17_opening3.75_Hxx,heldout,0.0,-1.5774554787826973e-08,0.1,eV/L0^2,-1.577455478782697e-07
0.5,v19_new_0_energy,heldout,0.00042417681882149505,0.0004388936568665086,0.004433026104653031,eV/cell,0.0033198175913212733
0.5,v19_new_0_force,heldout,-0.13054663793646185,-0.13756536932599525,0.03173805605024358,eV/L0,-0.22114559815579943
0.5,v19_new_0_Haa,heldout,20.302032153219432,22.583679352021342,2.030203215321943,eV/L0^2,1.1238516329706891
0.5,v19_new_0_Hxx,heldout,4.57090105595751,5.080453045559489,0.45709010559575103,eV/L0^2,1.1147736154512722
0.5,v19_new_1_energy,heldout,0.004931943136885955,0.004548513866930061,0.004433026104653031,eV/cell,-0.08649379924774986
0.5,v19_new_1_force,heldout,0.42285939529142164,0.3799637783184867,0.03173805605024358,eV/L0,-1.3515514908987538
0.5,v19_new_1_Haa,heldout,17.415188636660293,14.916542907972323,1.7415188636660295,eV/L0^2,-1.4347508837361262
0.5,v19_new_1_Hxx,heldout,3.8361643120715834,2.947380615311187,0.3836164312071584,eV/L0^2,-2.3168551304322014
0.5,v19_new_2_energy,heldout,0.10968805888528045,0.0927779810964525,0.010968805888528046,eV/cell,-1.5416516584101205
0.5,v19_new_2_force,heldout,1.574309479391436,1.1197644778184708,0.03173805605024358,eV/L0,-14.321765670001607
0.5,v19_new_2_Haa,heldout,5.20946471789603,-0.45100908565144415,0.5209464717896031,eV/L0^2,-10.865749381317617
0.5,v19_new_2_Hxx,heldout,0.9642979846199059,0.5269751035934334,0.1,eV/L0^2,-4.373228810264725
0.5,v19_new_3_energy,heldout,0.3373623063206088,0.2536559379455382,0.03373623063206088,eV/cell,-2.481200976125683
0.5,v19_new_3_force,heldout,1.321138459506241,1.0445411111326368,0.03173805605024358,eV/L0,-8.71500598321873
0.5,v19_new_3_Haa,heldout,-4.940080180276789,-1.101840161484322,0.4940080180276789,eV/L0^2,7.769590530365467
0.5,v19_new_3_Hxx,heldout,-1.007259835979608,0.028834802329895076,0.10072598359796081,eV/L0^2,10.286269751854563
0.5,v19_new_4_energy,heldout,0.5605338261337047,0.5134589057259098,0.05605338261337048,eV/cell,-0.8398230082294105
0.5,v19_new_4_force,heldout,0.5382315998098468,0.6314893230911396,0.03173805605024358,eV/L0,2.93835649964381
0.5,v19_new_4_Haa,heldout,0.9032785116339533,-1.1958529235466044,0.1,eV/L0^2,-20.991314351805574
0.5,v19_new_4_Hxx,heldout,0.6453579543796875,-0.010649670572784714,0.1,eV/L0^2,-6.560076249524722
0.5,v19_new_5_energy,heldout,0.7666938699728523,0.683739551230291,0.07666938699728523,eV/cell,-1.0819744619257048
0.5,v19_new_5_force,heldout,0.27979903523926664,0.2939826022656497,0.03173805605024358,eV/L0,0.4468946366447108
0.5,v19_new_5_Haa,heldout,-2.478203100860398,-0.6065099400521077,0.2478203100860398,eV/L0^2,7.5526221404471015
0.5,v19_new_5_Hxx,heldout,0.0933444416558671,-0.0006603197851407378,0.1,eV/L0^2,-0.9400476144100783
0.5,v19_new_6_energy,heldout,0.07503741336914271,0.052579715640315994,0.007503741336914272,eV/cell,-2.992866720811287
0.5,v19_new_6_force,heldout,0.3995055633266556,0.19032718126945974,0.03173805605024358,eV/L0,-6.590774864284433
0.5,v19_new_6_Haa,heldout,16.75498366183509,21.426119776587516,1.6754983661835092,eV/L0^2,2.7879084868297737
0.5,v19_new_6_Hxx,heldout,1.866294182504276,1.1800806929162935,0.18662941825042761,eV/L0^2,-3.6768773970413973
0.5,v19_new_7_energy,heldout,0.1746163283222475,0.14512836062231682,0.01746163283222475,eV/cell,-1.6887291116047178
0.5,v19_new_7_force,heldout,1.0346608991752084,0.9643759538613668,0.03173805605024358,eV/L0,-2.2145321440788823
0.5,v19_new_7_Haa,heldout,3.3869832062735408,1.9455400066400328,0.3386983206273541,eV/L0^2,-4.255832142785929
0.5,v19_new_7_Hxx,heldout,-0.5656137494473082,-0.16494433104583184,0.1,eV/L0^2,4.006694184014764
0.5,v19_new_8_energy,heldout,0.17183161394321733,0.13081228303975456,0.017183161394321734,eV/cell,-2.3871818440242216
0.5,v19_new_8_force,heldout,-1.5479121827267546,-1.4433350036731245,0.03173805605024358,eV/L0,3.295008959845462
0.5,v19_new_8_Haa,heldout,34.71656366870985,30.989162827705123,3.4716563668709854,eV/L0^2,-1.0736664136964247
0.5,v19_new_8_Hxx,heldout,-0.974896485841256,-1.0220928139881431,0.1,eV/L0^2,-0.47196328146887123
0.5,v19_new_9_energy,heldout,0.07736533900036079,0.04679924407720872,0.007736533900036079,eV/cell,-3.9508771393103466
0.5,v19_new_9_force,heldout,-0.22650351113925563,-0.2067581413155717,0.03173805605024358,eV/L0,0.6221354512836459
0.5,v19_new_9_Haa,heldout,14.396252629283666,22.94053720593407,1.4396252629283666,eV/L0^2,5.9350754648958635
0.5,v19_new_9_Hxx,heldout,-0.11946413441426519,0.8709227913104662,0.1,eV/L0^2,9.903869257247313
0.5,v19_power_new_0_energy,heldout,0.0021758842211834217,0.0023635503034042313,0.004433026104653031,eV/cell,0.04233362894566082
0.5,v19_power_new_0_force,heldout,-0.2996693004614922,-0.3401606345212735,0.03173805605024358,eV/L0,-1.2757975471364926
0.5,v19_power_new_0_Haa,heldout,21.133296310436656,27.18990236810754,2.1133296310436656,eV/L0^2,2.865906940735902
0.5,v19_power_new_0_Hxx,heldout,4.803281906544594,6.149676972158433,0.4803281906544594,eV/L0^2,2.80307317332206
0.5,v19_power_new_1_energy,heldout,0.01645069708691336,0.01486878612189671,0.004433026104653031,eV/cell,-0.3568467515578647
0.5,v19_power_new_1_force,heldout,0.747061714559844,0.6757593111881227,0.03173805605024358,eV/L0,-2.2465901269707444
0.5,v19_power_new_1_Haa,heldout,15.66515497295868,15.492263662433084,1.5665154972958681,eV/L0^2,-0.11036680506770769
0.5,v19_power_new_1_Hxx,heldout,3.4372637547611467,2.364534267929856,0.3437263754761147,eV/L0^2,-3.120882083446151
0.5,v19_power_new_2_energy,heldout,0.13995417796875365,0.11374399649717781,0.013995417796875366,eV/cell,-1.8727687770369779
0.5,v19_power_new_2_force,heldout,1.6376288066594074,1.113981547656019,0.03173805605024358,eV/L0,-16.49903378374585
0.5,v19_power_new_2_Haa,heldout,1.5124016664736504,-0.18078841374978438,0.15124016664736506,eV/L0^2,-11.195373013382843
0.5,v19_power_new_2_Hxx,heldout,0.07390822082095283,0.37878139037522596,0.1,eV/L0^2,3.048731695542731
0.5,v19_power_new_3_energy,heldout,0.39535837061576956,0.30339953483851717,0.039535837061576956,eV/cell,-2.3259615228084525
0.5,v19_power_new_3_force,heldout,1.0383826381800587,0.9844234080492457,0.03173805605024358,eV/L0,-1.7001428835273271
0.5,v19_power_new_3_Haa,heldout,-6.006053628734572,-1.3245427072320848,0.6006053628734572,eV/L0^2,7.79465387905443
0.5,v19_power_new_3_Hxx,heldout,-1.4153601110072371,-0.0034342889433437835,0.14153601110072372,eV/L0^2,9.975735581943878
0.5,v19_power_new_4_energy,heldout,0.5880885299154484,0.5429950215413292,0.05880885299154484,eV/cell,-0.7667809535513715
0.5,v19_power_new_4_force,heldout,0.5878736415051682,0.5750265360285997,0.03173805605024358,eV/L0,-0.40478551856580813
0.5,v19_power_new_4_Haa,heldout,0.9838769358246306,-1.109084856128719,0.1,eV/L0^2,-20.9296179195335
0.5,v19_power_new_4_Hxx,heldout,0.5300888191539206,-0.00790726632535222,0.1,eV/L0^2,-5.379960854792728
0.5,v19_power_new_5_energy,heldout,0.7807571272106231,0.7078321554876424,0.07807571272106231,eV/cell,-0.9340288955608576
0.5,v19_power_new_5_force,heldout,0.03287588986152218,0.24395888398548157,0.03173805605024358,eV/L0,6.650785221054501
0.5,v19_power_new_5_Haa,heldout,-2.5224317074829634,-0.5099306436723529,0.25224317074829633,eV/L0^2,7.978416453616527
0.5,v19_power_new_5_Hxx,heldout,-0.10536285587305545,-0.0003188054664613214,0.1,eV/L0^2,1.0504405040659412
0.5,v19_power_new_6_energy,heldout,0.09299247367372732,0.06587140008175389,0.009299247367372731,eV/cell,-2.9164804978874117
0.5,v19_power_new_6_force,heldout,-0.03946790499084763,-0.2754851903868169,0.03173805605024358,eV/L0,-7.436412772803012
0.5,v19_power_new_6_Haa,heldout,22.032873653678617,20.47972775949527,2.2032873653678617,eV/L0^2,-0.7049220717171565
0.5,v19_power_new_6_Hxx,heldout,1.976588687531336,0.8406541868002287,0.19765886875313363,eV/L0^2,-5.746944257532076
0.5,v19_power_new_7_energy,heldout,0.16640726473220147,0.13319293253738676,0.01664072647322015,eV/cell,-1.9959664770805765
0.5,v19_power_new_7_force,heldout,0.9556810535854069,0.9294438368746241,0.03173805605024358,eV/L0,-0.8266800168620115
0.5,v19_power_new_7_Haa,heldout,3.6257942400934606,2.8281250740606305,0.36257942400934606,eV/L0^2,-2.199984646708107
0.5,v19_power_new_7_Hxx,heldout,-0.7324824081355719,-0.16883394626728251,0.1,eV/L0^2,5.636484618682893
0.5,v19_power_new_8_energy,heldout,0.18770167030691334,0.14104064740610162,0.018770167030691336,eV/cell,-2.4859141010581154
0.5,v19_power_new_8_force,heldout,-1.6817465699911935,-1.5655815935584985,0.03173805605024358,eV/L0,3.6601163048170853
0.5,v19_power_new_8_Haa,heldout,35.390692237109825,32.92040606184878,3.5390692237109826,eV/L0^2,-0.6980044805879106
0.5,v19_power_new_8_Hxx,heldout,-1.532495429303305,-1.4788647939688426,0.15324954293033052,eV/L0^2,0.34995624984567625
0.5,v19_power_new_9_energy,heldout,0.07659186968314344,0.046941760359431414,0.007659186968314344,eV/cell,-3.8711823391141875
0.5,v19_power_new_9_force,heldout,-0.15953065932670854,-0.08321443302593323,0.03173805605024358,eV/L0,2.4045652380209215
0.5,v19_power_new_9_Haa,heldout,13.640977289265752,20.832918219702385,1.3640977289265752,eV/L0^2,5.272306212323993
0.5,v19_power_new_9_Hxx,heldout,-0.0018561341338510467,0.8166979973830579,0.1,eV/L0^2,8.185541315169088
0.5,v20_new_0_energy,heldout,5.8649043216202346e-05,5.805210387411733e-05,0.004433026104653031,eV/cell,-0.00013465730360993203
0.5,v20_new_0_force,heldout,0.04781880717694997,0.047029929842231484,0.03173805605024358,eV/L0,-0.024855880696336315
0.5,v20_new_0_Haa,heldout,19.407850341619266,18.75599494692862,1.9407850341619266,eV/L0^2,-0.33587202251491555
0.5,v20_new_0_Hxx,heldout,4.329394100444026,4.172850776721061,0.4329394100444026,eV/L0^2,-0.3615825219212771
0.5,v20_new_1_energy,heldout,0.0036442749373840483,0.0033874074724893734,0.004433026104653031,eV/cell,-0.05794404518057303
0.5,v20_new_1_force,heldout,0.3655179304564104,0.330956150623016,0.03173805605024358,eV/L0,-1.088969651407783
0.5,v20_new_1_Haa,heldout,17.703231197779825,15.11813775140251,1.7703231197779825,eV/L0^2,-1.4602382003018255
0.5,v20_new_1_Hxx,heldout,3.9093512902826126,3.084098108241632,0.3909351290282613,eV/L0^2,-2.110972181221713
0.5,v20_new_2_energy,heldout,0.034823381685342755,0.031780822675066434,0.004433026104653031,eV/cell,-0.6863390691705525
0.5,v20_new_2_force,heldout,1.045799857810823,0.9680619432191553,0.03173805605024358,eV/L0,-2.449359673087825
0.5,v20_new_2_Haa,heldout,13.514055878705095,11.573604306416769,1.3514055878705096,eV/L0^2,-1.435876534553932
0.5,v20_new_2_Hxx,heldout,2.9805611045837717,1.7819132160208537,0.29805611045837715,eV/L0^2,-4.0215511325016315
0.5,v20_new_3_energy,heldout,0.22661995382203423,0.17264647721770518,0.022661995382203426,eV/cell,-2.3816736211461187
0.5,v20_new_3_force,heldout,1.596539848274592,1.1034314453357568,0.03173805605024358,eV/L0,-15.536818076009757
0.5,v20_new_3_Haa,heldout,-2.2820717486649773,-0.4000490459625918,0.22820717486649775,eV/L0^2,8.246991812607897
0.5,v20_new_3_Hxx,heldout,-0.8053213981525169,0.15769204630492467,0.1,eV/L0^2,9.630134444574416
0.5,v20_new_4_energy,heldout,0.4890270726004544,0.4148714408494232,0.04890270726004545,eV/cell,-1.516391134680962
0.5,v20_new_4_force,heldout,0.5582577926902346,0.8106532772713155,0.03173805605024358,eV/L0,7.952455694876873
0.5,v20_new_4_Haa,heldout,-1.9854681988380205,-1.3979753712831147,0.19854681988380207,eV/L0^2,2.95896367365003
0.5,v20_new_4_Hxx,heldout,-1.0730096719553677,-0.018932440028394764,0.10730096719553678,eV/L0^2,9.823557601359791
0.5,v20_new_5_energy,heldout,0.6157939144055483,0.5681562200575618,0.06157939144055483,eV/cell,-0.7735980046826728
0.5,v20_new_5_force,heldout,0.6195747950914187,0.5261594510135833,0.03173805605024358,eV/L0,-2.943322802441091
0.5,v20_new_5_Haa,heldout,0.4318686304614479,-1.0287007503614198,0.1,eV/L0^2,-14.605693808228676
0.5,v20_new_5_Hxx,heldout,0.05966529359502488,-0.005850394528099297,0.1,eV/L0^2,-0.6551568812312417
0.5,v20_new_6_energy,heldout,0.729941495134474,0.6524200266023736,0.0729941495134474,eV/cell,-1.0620230395015282
0.5,v20_new_6_force,heldout,0.4717044111502519,0.3581082910680838,0.03173805605024358,eV/L0,-3.5791769950351546
0.5,v20_new_6_Haa,heldout,-1.7417609490586863,-0.7278533929179243,0.17417609490586863,eV/L0^2,5.821163671677885
0.5,v20_new_6_Hxx,heldout,0.20899465255336805,-0.0014154466139582136,0.1,eV/L0^2,-2.1041009916732625
0.5,v20_new_7_energy,heldout,0.02046914476243608,0.018897703718734435,0.004433026104653031,eV/cell,-0.354484951498981
0.5,v20_new_7_force,heldout,0.06281548916376087,-0.15182152845761965,0.03173805605024358,eV/L0,-6.762765094421504
0.5,v20_new_7_Haa,heldout,21.501318205218237,23.56648999121944,2.150131820521824,eV/L0^2,0.9604861275435663
0.5,v20_new_7_Hxx,heldout,4.662002299739686,3.293717954068166,0.4662002299739686,eV/L0^2,-2.9349714086325553
0.5,v20_new_8_energy,heldout,0.06003679436536899,0.04668653833611913,0.006003679436536899,eV/cell,-2.223679023900497
0.5,v20_new_8_force,heldout,0.3178698348179461,0.2098969476803476,0.03173805605024358,eV/L0,-3.4020006444840165
0.5,v20_new_8_Haa,heldout,14.458727489192233,17.373225797182968,1.4458727489192233,eV/L0^2,2.015736384940719
0.5,v20_new_8_Hxx,heldout,0.86111106885732,0.38447783471111596,0.1,eV/L0^2,-4.76633234146204
0.5,v20_new_9_energy,heldout,0.09377427653904365,0.07833052662068782,0.009377427653904365,eV/cell,-1.6469068585056694
0.5,v20_new_9_force,heldout,0.5947790357818696,0.7951192268048843,0.03173805605024358,eV/L0,6.312301884710962
0.5,v20_new_9_Haa,heldout,11.056850642860084,7.596197083456964,1.1056850642860085,eV/L0^2,-3.1298727559803137
0.5,v20_new_9_Hxx,heldout,0.0757661767331005,-0.13311112615078172,0.1,eV/L0^2,-2.088773028838822
0.5,v20_new_10_energy,heldout,0.038168092494978115,0.03825323486091134,0.004433026104653031,eV/cell,0.019206375943479487
0.5,v20_new_10_force,heldout,-0.4360667641505048,-0.6473051554106434,0.03173805605024358,eV/L0,-6.655681460948121
0.5,v20_new_10_Haa,heldout,26.40271381173358,20.630941437271765,2.640271381173358,eV/L0^2,-2.186052697316589
0.5,v20_new_10_Hxx,heldout,4.254835571305176,1.5697287558354622,0.42548355713051766,eV/L0^2,-6.31071817105744
0.5,v20_new_11_energy,heldout,0.2277352928888806,0.197978522705108,0.022773529288888063,eV/cell,-1.3066385014944482
0.5,v20_new_11_force,heldout,1.3946641093269667,1.0261281601285657,0.03173805605024358,eV/L0,-11.611799683477232
0.5,v20_new_11_Haa,heldout,2.8654264155114735,0.07192388510470066,0.28654264155114734,eV/L0^2,-9.748994129755511
0.5,v20_new_11_Hxx,heldout,-0.12044589256531853,-0.11944188984756025,0.1,eV/L0^2,0.010040027177582733
-1.0,normal_strain_force_ev,exact,0.0,-1.3322676295501878e-15,0.1,eV/strain,-1.3322676295501878e-14
-1.0,cohesive_ev_atom,exact,3.36,3.359999999999999,0.0672,eV/atom,-1.3216940769347102e-14
-1.0,C11_GPa,exact,113.99999999999996,114.00000000000006,5.699999999999998,GPa,1.7451926843230535e-14
-1.0,C12_GPa,exact,62.000000000000014,61.99999999999996,3.100000000000001,GPa,-1.83365867292929e-14
-1.0,C44_GPa,exact,32.0,32.0,1.6,GPa,0.0
-1.0,perfect_Haa,exact,19.66091286328976,19.66091286328974,1.9660912863289761,eV/L0^2,-9.034966238607406e-15
-1.0,perfect_Hxx,exact,4.393593035123306,4.393593035123308,0.43935930351233066,eV/L0^2,4.043061852109834e-15
-1.0,saddle_energy_at_source_state,fit,0.07624909750742465,0.04911584080006394,0.007624909750742465,eV/cell,-3.558502014363992
-1.0,saddle_normal_force_at_source_state,fit,1.4903612010162394e-15,0.1629861483651908,0.03173805605024358,eV/L0,5.1353538511360215
-1.0,fault_energy_at_source_state,fit,0.06670794504308616,0.03530132238542844,0.006670794504308616,eV/cell,-4.708078271242266
-1.0,fault_normal_force_at_source_state,fit,5.29078226360765e-15,0.09078512425476931,0.03173805605024358,eV/L0,2.8604500575285634
-1.0,saddle_path_force_at_source_state,fit,2.296700476743968e-16,-0.07421262355171111,0.03173805605024358,eV/L0,-2.3382850995734437
-1.0,opening_1.1h_energy,fit,0.05670265774764735,0.051740100674623306,0.005670265774764736,eV/cell,-0.8751895008360424
-1.0,opening_1.5h_energy,fit,0.4710312483934004,0.39730700579308226,0.04710312483934004,eV/cell,-1.5651667028838903
-1.0,opening_2h_energy,fit,0.7060534019484034,0.6362440877382948,0.07060534019484034,eV/cell,-0.988725697198894
-1.0,opening_40h_energy,fit,0.7719163228888833,0.8134498159425906,0.07719163228888834,eV/cell,0.5380569346981661
-1.0,direct_quarter_energy,fit,0.117221996542065,0.09180213906698605,0.0117221996542065,eV/cell,-2.168522822076065
-1.0,direct_half_energy,fit,0.26732847628894163,0.17841060348483345,0.026732847628894163,eV/cell,-3.3261653991549114
-1.0,oblique_energy,fit,0.13339289745734875,0.07836405518647743,0.013339289745734876,eV/cell,-4.125320262157611
-1.0,opening_1.25h_energy,fit,0.24853683654490819,0.19048774056304096,0.02485368365449082,eV/cell,-2.3356334935637726
-1.0,opening_3h_energy,fit,0.7719163228888833,0.7779346553638739,0.07719163228888834,eV/cell,0.07796612529797274
-1.0,saddle_Haa,fit,12.717337762538286,17.68045904861443,1.2717337762538286,eV/L0^2,3.902641715388035
-1.0,saddle_Hxx,fit,-0.18642463121762062,0.15640525113825732,0.018642463121762064,eV/L0^2,18.389731019807112
-1.0,fault_Haa,fit,14.140554350039636,16.663416758309122,1.4140554350039638,eV/L0^2,1.7841326059910896
-1.0,fault_Hxx,fit,2.4858929774856264,2.3022275447031815,0.24858929774856264,eV/L0^2,-0.7388308122911013
-1.0,saddle_normal_path_coupling,fit,1.2055891043737141,1.3924683674565501,0.12055891043737142,eV/L0^2,1.5501074321662602
-1.0,opening_1.1h_normal_force,fit,1.2761663221727821,1.1136787779063348,0.03173805605024358,eV/L0,-5.1196438751389834
-1.0,opening_1.3h_normal_force,fit,1.4139711872929317,1.0958993905625294,0.03173805605024358,eV/L0,-10.02177941291906
-1.0,opening_1.5h_normal_force,fit,0.6379256757978651,0.8644271496261583,0.03173805605024358,eV/L0,7.136589382466444
-1.0,opening_2h_normal_force,fit,0.5548811295393773,0.3658460429306831,0.03173805605024358,eV/L0,-5.956101605890364
-1.0,opening_2.5h_normal_force,fit,0.0005156382639574782,0.15349606197676652,0.03173805605024358,eV/L0,4.8200943205415685
-1.0,opening_3h_normal_force,fit,0.0,0.06519793912476356,0.03173805605024358,eV/L0,2.0542511810285613
-1.0,shockley_0.15_energy,fit,0.013715574532912111,0.012148958323550936,0.004433026104653031,eV/cell,-0.35339656757644866
-1.0,shockley_0.35_energy,fit,0.04820527408303389,0.04154750831146816,0.004820527408303389,eV/cell,-1.381128081565865
-1.0,shockley_0.75_energy,fit,0.08334161260537679,0.054173966948430366,0.00833416126053768,eV/cell,-3.49976977228116
-1.0,new_direct_017_energy,fit,0.05826439239193282,0.05158228808092053,0.0058264392391932825,eV/cell,-1.1468590054218908
-1.0,new_direct_017_normal_force,fit,-0.44118804525591643,-0.6881927204752907,0.03173805605024358,eV/L0,-7.782602527021455
-1.0,new_direct_017_Haa,fit,26.109437232644353,20.805475983111698,2.6109437232644357,eV/L0^2,-2.031434535441142
-1.0,new_direct_039_energy,fit,0.2262381941113307,0.1574752903278635,0.022623819411133072,eV/cell,-3.039402964365482
-1.0,new_direct_039_normal_force,fit,-1.9685101248020884,-1.8798224675637325,0.03173805605024358,eV/L0,2.7943632432294248
-1.0,new_direct_039_Haa,fit,36.31678531793335,38.02054906199134,3.6316785317933356,eV/L0^2,0.46913947067243933
-1.0,new_raised_direct_energy,fit,0.11960599647825673,0.07660608122340297,0.011960599647825674,eV/cell,-3.595130388188417
-1.0,new_raised_direct_normal_force,fit,0.08783049166112324,-0.09790008230791898,0.03173805605024358,eV/L0,-5.851983299639323
-1.0,new_raised_direct_Haa,fit,20.00400949091716,21.346328246496526,2.000400949091716,eV/L0^2,0.6710248543867409
-1.0,new_off_path_positive_energy,fit,0.05360470506556986,0.04023486457708551,0.0053604705065569865,eV/cell,-2.494154285921396
-1.0,new_off_path_positive_normal_force,fit,0.35206897342006,0.24414472027767564,0.03173805605024358,eV/L0,-3.4004682886542468
-1.0,new_off_path_positive_Haa,fit,13.446420569551602,17.017619824971717,1.3446420569551603,eV/L0^2,2.655873536714168
-1.0,new_off_path_negative_energy,fit,0.21544733160917068,0.11241753431047276,0.021544733160917068,eV/cell,-4.782133829607959
-1.0,new_off_path_negative_normal_force,fit,-0.05312860042135701,0.08293280607962303,0.03173805605024358,eV/L0,4.287011349579358
-1.0,new_off_path_negative_Haa,fit,13.5831841481301,20.138785912893756,1.35831841481301,eV/L0^2,4.826262894820666
-1.0,new_shockley_058_energy,fit,0.07969505412787091,0.05986136053016114,0.007969505412787091,eV/cell,-2.488698177666905
-1.0,new_shockley_058_normal_force,fit,-0.6123357455328253,-0.6422222351908721,0.03173805605024358,eV/L0,-0.9416610018816
-1.0,new_shockley_058_Haa,fit,23.107568998056017,26.91411440185233,2.3107568998056016,eV/L0^2,1.6473153900856248
-1.0,new_opening_1.17h_energy,fit,0.14263027381623705,0.11654132260289832,0.014263027381623706,eV/cell,-1.8291313979352932
-1.0,new_opening_1.17h_normal_force,fit,1.6398229617729339,1.132560780546377,0.03173805605024358,eV/L0,-15.982774131582758
-1.0,new_opening_1.42h_energy,fit,0.4226003973463561,0.3374495611845736,0.042260039734635615,eV/cell,-2.0149256057607148
-1.0,new_opening_1.42h_normal_force,fit,0.8686291067124379,0.9676730888710243,0.03173805605024358,eV/L0,3.120669457568316
-1.0,new_opening_1.78h_energy,fit,0.5953584311886578,0.5558882798649933,0.05953584311886578,eV/cell,-0.6629645144163104
-1.0,new_opening_1.78h_normal_force,fit,0.5989965116849877,0.5401643194560115,0.03173805605024358,eV/L0,-1.8536797633680107
-1.0,new_opening_2.23h_energy,fit,0.7765619947928292,0.6927684796507446,0.07765619947928293,eV/cell,-1.0790318828883576
-1.0,new_opening_2.23h_normal_force,fit,0.15664558956102492,0.2445897629766638,0.03173805605024358,eV/L0,2.7709376174904046
-1.0,new_opening_3.4h_energy,fit,0.7719163228888833,0.7933911353096624,0.07719163228888834,eV/cell,0.278201299596956
-1.0,new_opening_3.4h_normal_force,fit,0.0,0.03314945715816182,0.03173805605024358,eV/L0,1.0444703073711852
-1.0,new_opening_5.5h_energy,fit,0.7719163228888833,0.8102795397372619,0.07719163228888834,eV/cell,0.49698672914189507
-1.0,new_opening_5.5h_normal_force,fit,0.0,0.002000736421462478,0.03173805605024358,eV/L0,0.06303903485125778
-1.0,v16_direct011_energy,fit,0.025339211626875774,0.024622644008817154,0.004433026104653031,eV/cell,-0.16164299535851812
-1.0,v16_direct011_normal_force,fit,-0.1684646879274777,-0.42449336424010964,0.03173805605024358,eV/L0,-8.066929994304644
-1.0,v16_direct011_Haa,fit,23.17866876533168,24.520305036007166,2.317866876533168,eV/L0^2,0.5788236952944301
-1.0,v16_direct031_energy,fit,0.16617323878813156,0.12244632869997037,0.016617323878813157,eV/cell,-2.6314050569786605
-1.0,v16_direct031_normal_force,fit,-1.4977500080753077,-1.4273523847050298,0.03173805605024358,eV/L0,2.218082394801795
-1.0,v16_direct031_Haa,fit,34.460781638400974,30.680085767815562,3.4460781638400975,eV/L0^2,-1.0971010205910237
-1.0,v16_raised043_energy,fit,0.1726273519698645,0.09982639912223497,0.017262735196986453,eV/cell,-4.21723162736913
-1.0,v16_raised043_normal_force,fit,-0.17083895700384927,-0.08171637124062982,0.03173805605024358,eV/L0,2.808066934601543
-1.0,v16_raised043_Haa,fit,18.238440853611248,21.225566596087376,1.8238440853611249,eV/L0^2,1.637818586825458
-1.0,v16_off_plus_energy,fit,0.0652424878354941,0.05053407907890424,0.006524248783549411,eV/cell,-2.2544218107801823
-1.0,v16_off_plus_normal_force,fit,-0.08042066717244803,-0.2649859256953958,0.03173805605024358,eV/L0,-5.8152666385984055
-1.0,v16_off_plus_Haa,fit,20.981095919956758,22.641925806136484,2.098109591995676,eV/L0^2,0.7915839537247344
-1.0,v16_off_minus_energy,fit,0.21182429891635463,0.1228250494614423,0.021182429891635463,eV/cell,-4.201559967870184
-1.0,v16_off_minus_normal_force,fit,0.3481661631135443,0.6694713650262138,0.03173805605024358,eV/L0,10.123657271384888
-1.0,v16_off_minus_Haa,fit,5.497617912510364,10.931480949476864,0.5497617912510364,eV/L0^2,9.88403181785554
-1.0,v16_shockley043_energy,fit,0.061697611386283796,0.0510061971777126,0.00616976113862838,eV/cell,-1.7328732779674583
-1.0,v16_shockley043_normal_force,fit,-0.43484281773712713,-0.5758519016236667,0.03173805605024358,eV/L0,-4.442902352409747
-1.0,v16_shockley043_Haa,fit,25.03469226049791,26.322886106233597,2.5034692260497913,eV/L0^2,0.5145634834778139
-1.0,v16_opening1.21_energy,fit,0.19627832926906572,0.15355922387713877,0.019627832926906574,eV/cell,-2.176455523694925
-1.0,v16_opening1.21_normal_force,fit,1.631864707518524,1.1337559132255675,0.03173805605024358,eV/L0,-15.694369986126912
-1.0,v16_opening1.21_Haa,fit,-1.3832350292334812,-0.058913645781531465,0.13832350292334814,eV/L0^2,9.574087956591306
-1.0,v16_opening1.62_energy,fit,0.5246331923940108,0.47447283218853525,0.05246331923940109,eV/cell,-0.9561034439430602
-1.0,v16_opening1.62_normal_force,fit,0.5093642313524578,0.7128589087219278,0.03173805605024358,eV/L0,6.411693175137242
-1.0,v16_opening1.62_Haa,fit,-0.15582859326870177,-1.4687813385187767,0.1,eV/L0^2,-13.129527452500747
-1.0,v16_opening1.93_energy,fit,0.6719836252695317,0.6139854372300444,0.06719836252695317,eV/cell,-0.8630893054309815
-1.0,v16_opening1.93_normal_force,fit,0.6270410192299789,0.414070386319756,0.03173805605024358,eV/L0,-6.710260785130487
-1.0,v16_opening1.93_Haa,fit,-0.6638075680371565,-0.8986469359406133,0.1,eV/L0^2,-2.3483936790345683
-1.0,v16_opening2.71_energy,fit,0.7719163228888833,0.7579518251229203,0.07719163228888834,eV/cell,-0.18090688526576562
-1.0,v16_opening2.71_normal_force,fit,0.0,0.10706420556921188,0.03173805605024358,eV/L0,3.3733699820720493
-1.0,v16_opening2.71_Haa,fit,0.0,-0.22468175235159774,0.1,eV/L0^2,-2.2468175235159773
-1.0,v16_opening4.3_energy,fit,0.7719163228888833,0.8062231554075965,0.07719163228888834,eV/cell,0.44443719482858474
-1.0,v16_opening4.3_normal_force,fit,0.0,0.00808983717668757,0.03173805605024358,eV/L0,0.25489390918841365
-1.0,v16_opening4.3_Haa,fit,0.0,-0.014128804188126265,0.1,eV/L0^2,-0.14128804188126265
-1.0,v16_opening6.2_energy,fit,0.7719163228888833,0.8111486365714875,0.07719163228888834,eV/cell,0.5082456805133736
-1.0,v16_opening6.2_normal_force,fit,0.0,0.001157157126595121,0.03173805605024358,eV/L0,0.03645960939646901
-1.0,v16_opening6.2_Haa,fit,0.0,-0.000961049135196956,0.1,eV/L0^2,-0.00961049135196956
-1.0,v17_near_0.985_normal_force,fit,-0.24821900083247345,-0.2745781433990724,0.03173805605024358,eV/L0,-0.830521646469795
-1.0,v17_near_0.985_Haa,fit,20.878110673451364,25.57359541575369,2.0878110673451364,eV/L0^2,2.2489988753020222
-1.0,v17_near_1.015_normal_force,fit,0.2329580444899274,0.21710017152308742,0.03173805605024358,eV/L0,-0.49964852736209997
-1.0,v17_near_1.015_Haa,fit,18.39295935022696,16.186228613316217,1.839295935022696,eV/L0^2,-1.1997692676265892
-1.0,v17_near_1.065_normal_force,fit,0.9078686582498847,0.8414486189143822,0.03173805605024358,eV/L0,-2.0927570116567615
-1.0,v17_near_1.065_Haa,fit,14.605604041867348,14.748554262632364,1.4605604041867348,eV/L0^2,0.09787354248084872
-1.0,v17_near_1.095_normal_force,fit,1.2303804278835464,1.0960505509372325,0.03173805605024358,eV/L0,-4.232454462039524
-1.0,v17_near_1.095_Haa,fit,11.545874277606002,5.110418201138649,1.1545874277606003,eV/L0^2,-5.57381443945683
-1.0,v17_direct023_energy,heldout,0.10138618519039871,0.08150312754147881,0.010138618519039872,eV/cell,-1.9611209960785492
-1.0,v17_direct023_normal_force,heldout,-0.8610948380753036,-0.9626379462303252,0.03173805605024358,eV/L0,-3.1994117092197345
-1.0,v17_direct023_Haa,heldout,29.67272464413389,23.00820643918831,2.967272464413389,eV/L0^2,-2.246008172445705
-1.0,v17_direct023_Hxx,heldout,1.5318476269016676,0.30781146467714227,0.1531847626901668,eV/L0^2,-7.990586927371324
-1.0,v17_direct047_energy,heldout,0.26395051027571553,0.17676764645355691,0.026395051027571555,eV/cell,-3.3030003893945787
-1.0,v17_direct047_normal_force,heldout,-2.2580600813748397,-2.1414647271867606,0.03173805605024358,eV/L0,3.6736766109272865
-1.0,v17_direct047_Haa,heldout,35.337517734960244,42.131449379720074,3.5337517734960247,eV/L0^2,1.922583158136892
-1.0,v17_direct047_Hxx,heldout,-7.290154929569364,-3.5714849294653908,0.7290154929569365,eV/L0^2,5.100947834484003
-1.0,v17_off_plus_energy,heldout,0.08014986299727256,0.060198207550337876,0.008014986299727257,eV/cell,-2.4892937680521823
-1.0,v17_off_plus_normal_force,heldout,0.496288954541943,0.46691349056298653,0.03173805605024358,eV/L0,-0.9255596477759391
-1.0,v17_off_plus_Haa,heldout,13.145916399036436,14.434055374269935,1.3145916399036437,eV/L0^2,0.9798776564012811
-1.0,v17_off_plus_Hxx,heldout,0.5867789207029961,-0.044688097235795476,0.1,eV/L0^2,-6.314670179387916
-1.0,v17_off_minus_energy,heldout,0.21284911087573022,0.11554788498043492,0.021284911087573022,eV/cell,-4.571371028752083
-1.0,v17_off_minus_normal_force,heldout,0.06702268289699899,0.3223195471157694,0.03173805605024358,eV/L0,8.043872120416495
-1.0,v17_off_minus_Haa,heldout,11.464221151869252,17.69184708442532,1.1464221151869252,eV/L0^2,5.432227667328842
-1.0,v17_off_minus_Hxx,heldout,-2.835312235036081,-0.6193748150015956,0.2835312235036081,eV/L0^2,7.815496976495381
-1.0,v17_shockley067_energy,heldout,0.07506981596967024,0.05106839205529163,0.007506981596967025,eV/cell,-3.197213634315513
-1.0,v17_shockley067_normal_force,heldout,-0.08375074170661885,0.034086507058607704,0.03173805605024358,eV/L0,3.7128061207870413
-1.0,v17_shockley067_Haa,heldout,14.560238367523052,18.833002734662774,1.4560238367523053,eV/L0^2,2.934542868934221
-1.0,v17_shockley067_Hxx,heldout,0.4530475235373633,0.0956080207618619,0.1,eV/L0^2,-3.574395027755014
-1.0,v17_compression_energy,heldout,0.025317916775100896,0.030931096279656442,0.004433026104653031,eV/cell,1.2662184638759046
-1.0,v17_compression_normal_force,heldout,-0.6769543589544016,-0.8771743279431621,0.03173805605024358,eV/L0,-6.308513938969613
-1.0,v17_compression_Haa,heldout,26.962376342241654,22.555390239934358,2.6962376342241656,eV/L0^2,-1.6344946922956938
-1.0,v17_compression_Hxx,heldout,5.568444170552721,2.1975509165382343,0.5568444170552721,eV/L0^2,-6.053563887450978
-1.0,v17_opening1.045_energy,heldout,0.012439540042104347,0.011293500159346843,0.004433026104653031,eV/cell,-0.25852315228971645
-1.0,v17_opening1.045_normal_force,heldout,0.6560493060873362,0.590063695497128,0.03173805605024358,eV/L0,-2.079069067297265
-1.0,v17_opening1.045_Haa,heldout,16.173163667497242,15.336845094645305,1.6173163667497243,eV/L0^2,-0.5171026461153442
-1.0,v17_opening1.045_Hxx,heldout,3.5468340021412335,2.4020536255028335,0.35468340021412337,eV/L0^2,-3.2276119377092156
-1.0,v17_opening1.255_energy,heldout,0.2548812728796389,0.19507806581796922,0.02548812728796389,eV/cell,-2.346316243089001
-1.0,v17_opening1.255_normal_force,heldout,1.5479287243761108,1.123366211457399,0.03173805605024358,eV/L0,-13.377079939823643
-1.0,v17_opening1.255_Haa,heldout,-3.07660296796585,-0.5220772283040032,0.307660296796585,eV/L0^2,8.303072467458536
-1.0,v17_opening1.255_Hxx,heldout,-0.8591645505462155,0.015168615017583778,0.1,eV/L0^2,8.743331655637993
-1.0,v17_opening1.555_energy,heldout,0.4970497627048889,0.43452446381429727,0.04970497627048889,eV/cell,-1.2579283520896571
-1.0,v17_opening1.555_normal_force,heldout,0.5361595264738468,0.793379358056752,0.03173805605024358,eV/L0,8.104460814351958
-1.0,v17_opening1.555_Haa,heldout,-0.9598397042596563,-1.5594373633994574,0.1,eV/L0^2,-5.995976591398011
-1.0,v17_opening1.555_Hxx,heldout,-0.8905810007935903,-0.039701013734587474,0.1,eV/L0^2,8.508799870590028
-1.0,v17_opening1.855_energy,heldout,0.6331364785570511,0.5868654486870071,0.06331364785570512,eV/cell,-0.730822365116254
-1.0,v17_opening1.855_normal_force,heldout,0.6294361584094642,0.47298123513085577,0.03173805605024358,eV/L0,-4.929568560561153
-1.0,v17_opening1.855_Haa,heldout,0.33758173393615254,-1.0275995571986813,0.1,eV/L0^2,-13.651812911348337
-1.0,v17_opening1.855_Hxx,heldout,-0.0764657682265532,-0.008047488721937184,0.1,eV/L0^2,0.6841827950461601
-1.0,v17_opening2.455_energy,heldout,0.7722611869157332,0.7299900319435607,0.07722611869157332,eV/cell,-0.5473686323793583
-1.0,v17_opening2.455_normal_force,heldout,-0.03892592855831557,0.1658404243728279,0.03173805605024358,eV/L0,6.451761021752054
-1.0,v17_opening2.455_Haa,heldout,1.5212189106347462,-0.34931638552404354,0.15212189106347462,eV/L0^2,-12.296292683991728
-1.0,v17_opening2.455_Hxx,heldout,0.04446583977668427,-0.00014968327657689673,0.1,eV/L0^2,-0.4461552305326117
-1.0,v17_opening3.75_energy,heldout,0.7719163228888833,0.8005858304406386,0.07719163228888834,eV/cell,0.3714069349441932
-1.0,v17_opening3.75_normal_force,heldout,0.0,0.01867682250395181,0.03173805605024358,eV/L0,0.5884677522273287
-1.0,v17_opening3.75_Haa,heldout,0.0,-0.036661269165319914,0.1,eV/L0^2,-0.3666126916531991
-1.0,v17_opening3.75_Hxx,heldout,0.0,-1.850589084103591e-08,0.1,eV/L0^2,-1.850589084103591e-07
-1.0,v19_new_0_energy,heldout,0.00042417681882149505,0.00043847366635995196,0.004433026104653031,eV/cell,0.0032250763250526613
-1.0,v19_new_0_force,heldout,-0.13054663793646185,-0.13736539004936615,0.03173805605024358,eV/L0,-0.21484466793144932
-1.0,v19_new_0_Haa,heldout,20.302032153219432,22.518047911990752,2.030203215321943,eV/L0^2,1.0915241105161542
-1.0,v19_new_0_Hxx,heldout,4.57090105595751,5.106857357903612,0.45709010559575103,eV/L0^2,1.17253971456582
-1.0,v19_new_1_energy,heldout,0.004931943136885955,0.004559164842729534,0.004433026104653031,eV/cell,-0.08409115700111545
-1.0,v19_new_1_force,heldout,0.42285939529142164,0.3811720913669034,0.03173805605024358,eV/L0,-1.3134800650211313
-1.0,v19_new_1_Haa,heldout,17.415188636660293,14.993316986112575,1.7415188636660295,eV/L0^2,-1.3906663321748318
-1.0,v19_new_1_Hxx,heldout,3.8361643120715834,2.8698088488009668,0.3836164312071584,eV/L0^2,-2.5190669237751466
-1.0,v19_new_2_energy,heldout,0.10968805888528045,0.09341383733408909,0.010968805888528046,eV/cell,-1.4836821543366079
-1.0,v19_new_2_force,heldout,1.574309479391436,1.1344296589964582,0.03173805605024358,eV/L0,-13.859696375184955
-1.0,v19_new_2_Haa,heldout,5.20946471789603,-0.24117525141623597,0.5209464717896031,eV/L0^2,-10.462955916733112
-1.0,v19_new_2_Hxx,heldout,0.9642979846199059,0.38835220665581005,0.1,eV/L0^2,-5.759457779640958
-1.0,v19_new_3_energy,heldout,0.3373623063206088,0.25805469902588823,0.03373623063206088,eV/cell,-2.350814119089861
-1.0,v19_new_3_force,heldout,1.321138459506241,1.0744271039277342,0.03173805605024358,eV/L0,-7.773360636453137
-1.0,v19_new_3_Haa,heldout,-4.940080180276789,-1.1424028860333357,0.4940080180276789,eV/L0^2,7.687481084630234
-1.0,v19_new_3_Hxx,heldout,-1.007259835979608,-0.04401450614464708,0.10072598359796081,eV/L0^2,9.563027288764662
-1.0,v19_new_4_energy,heldout,0.5605338261337047,0.5205288473163882,0.05605338261337048,eV/cell,-0.7136942848436436
-1.0,v19_new_4_force,heldout,0.5382315998098468,0.616159626329816,0.03173805605024358,eV/L0,2.4553497037311818
-1.0,v19_new_4_Haa,heldout,0.9032785116339533,-1.3138974391318137,0.1,eV/L0^2,-22.17175950765767
-1.0,v19_new_4_Hxx,heldout,0.6453579543796875,-0.019176608111813712,0.1,eV/L0^2,-6.645345624915012
-1.0,v19_new_5_energy,heldout,0.7666938699728523,0.681242339959765,0.07666938699728523,eV/cell,-1.1145456271368517
-1.0,v19_new_5_force,heldout,0.27979903523926664,0.2691468006154992,0.03173805605024358,eV/L0,-0.3356297123839019
-1.0,v19_new_5_Haa,heldout,-2.478203100860398,-0.5744756426063453,0.2478203100860398,eV/L0^2,7.681886353838815
-1.0,v19_new_5_Hxx,heldout,0.0933444416558671,-0.0010177780603504844,0.1,eV/L0^2,-0.9436221971621758
-1.0,v19_new_6_energy,heldout,0.07503741336914271,0.05022552690240269,0.007503741336914272,eV/cell,-3.3066020472586413
-1.0,v19_new_6_force,heldout,0.3995055633266556,0.17684358312387172,0.03173805605024358,eV/L0,-7.0156149403194155
-1.0,v19_new_6_Haa,heldout,16.75498366183509,22.00701838614237,1.6754983661835092,eV/L0^2,3.134610471910212
-1.0,v19_new_6_Hxx,heldout,1.866294182504276,1.0194767983275175,0.18662941825042761,eV/L0^2,-4.53742712223676
-1.0,v19_new_7_energy,heldout,0.1746163283222475,0.14343544468556302,0.01746163283222475,eV/cell,-1.7856797205781005
-1.0,v19_new_7_force,heldout,1.0346608991752084,0.999965039579101,0.03173805605024358,eV/L0,-1.093194225291601
-1.0,v19_new_7_Haa,heldout,3.3869832062735408,2.1172598111024885,0.3386983206273541,eV/L0^2,-3.748832863473331
-1.0,v19_new_7_Hxx,heldout,-0.5656137494473082,-0.12476543599623485,0.1,eV/L0^2,4.408483134510734
-1.0,v19_new_8_energy,heldout,0.17183161394321733,0.12588845736696833,0.017183161394321734,eV/cell,-2.6737313071755913
-1.0,v19_new_8_force,heldout,-1.5479121827267546,-1.4701204928106115,0.03173805605024358,eV/L0,2.451054021487432
-1.0,v19_new_8_Haa,heldout,34.71656366870985,31.38917160099734,3.4716563668709854,eV/L0^2,-0.9584451097939458
-1.0,v19_new_8_Hxx,heldout,-0.974896485841256,-1.0247757261107031,0.1,eV/L0^2,-0.4987924026944712
-1.0,v19_new_9_energy,heldout,0.07736533900036079,0.04597089938139091,0.007736533900036079,eV/cell,-4.057946365209292
-1.0,v19_new_9_force,heldout,-0.22650351113925563,-0.20558498264221992,0.03173805605024358,eV/L0,0.6590992360691595
-1.0,v19_new_9_Haa,heldout,14.396252629283666,22.86278253512311,1.4396252629283666,eV/L0^2,5.881065110386802
-1.0,v19_new_9_Hxx,heldout,-0.11946413441426519,0.8050987703988848,0.1,eV/L0^2,9.2456290481315
-1.0,v19_power_new_0_energy,heldout,0.0021758842211834217,0.0023580883816169103,0.004433026104653031,eV/cell,0.04110153112841856
-1.0,v19_power_new_0_force,heldout,-0.2996693004614922,-0.33896094089479417,0.03173805605024358,eV/L0,-1.2379977012801455
-1.0,v19_power_new_0_Haa,heldout,21.133296310436656,27.003289309252345,2.1133296310436656,eV/L0^2,2.7776040768031063
-1.0,v19_power_new_0_Hxx,heldout,4.803281906544594,6.209778313140218,0.4803281906544594,eV/L0^2,2.928198748191807
-1.0,v19_power_new_1_energy,heldout,0.01645069708691336,0.014918071225269405,0.004433026104653031,eV/cell,-0.345729040493415
-1.0,v19_power_new_1_force,heldout,0.747061714559844,0.6785020966398132,0.03173805605024358,eV/L0,-2.1601706737015065
-1.0,v19_power_new_1_Haa,heldout,15.66515497295868,15.57279786886328,1.5665154972958681,eV/L0^2,-0.05895703186775243
-1.0,v19_power_new_1_Hxx,heldout,3.4372637547611467,2.246320340615393,0.3437263754761147,eV/L0^2,-3.464800780842352
-1.0,v19_power_new_2_energy,heldout,0.13995417796875365,0.11469189664729984,0.013995417796875366,eV/cell,-1.8050394556348217
-1.0,v19_power_new_2_force,heldout,1.6376288066594074,1.1325179094581421,0.03173805605024358,eV/L0,-15.914991655495191
-1.0,v19_power_new_2_Haa,heldout,1.5124016664736504,0.01921792026174285,0.15124016664736506,eV/L0^2,-9.872931108925897
-1.0,v19_power_new_2_Hxx,heldout,0.07390822082095283,0.24694609913195195,0.1,eV/L0^2,1.730378783109991
-1.0,v19_power_new_3_energy,heldout,0.39535837061576956,0.3091801695366584,0.039535837061576956,eV/cell,-2.1797489944348176
-1.0,v19_power_new_3_force,heldout,1.0383826381800587,1.01032713750708,0.03173805605024358,eV/L0,-0.8839703549758989
-1.0,v19_power_new_3_Haa,heldout,-6.006053628734572,-1.4415517995215035,0.6006053628734572,eV/L0^2,7.599835285145085
-1.0,v19_power_new_3_Hxx,heldout,-1.4153601110072371,-0.05784452944632842,0.14153601110072372,eV/L0^2,9.591308748943309
-1.0,v19_power_new_4_energy,heldout,0.5880885299154484,0.5491843097416912,0.05880885299154484,eV/cell,-0.6615367958179794
-1.0,v19_power_new_4_force,heldout,0.5878736415051682,0.5546486817566323,0.03173805605024358,eV/L0,-1.0468492366368767
-1.0,v19_power_new_4_Haa,heldout,0.9838769358246306,-1.1971753783302257,0.1,eV/L0^2,-21.81052314154856
-1.0,v19_power_new_4_Hxx,heldout,0.5300888191539206,-0.01371367381636042,0.1,eV/L0^2,-5.43802492970281
-1.0,v19_power_new_5_energy,heldout,0.7807571272106231,0.7032446806130357,0.07807571272106231,eV/cell,-0.9927856422459147
-1.0,v19_power_new_5_force,heldout,0.03287588986152218,0.22234527933802825,0.03173805605024358,eV/L0,5.969785584112734
-1.0,v19_power_new_5_Haa,heldout,-2.5224317074829634,-0.4713809160649078,0.25224317074829633,eV/L0^2,8.13124409011144
-1.0,v19_power_new_5_Hxx,heldout,-0.10536285587305545,-0.00048270805542465227,0.1,eV/L0^2,1.048801478176308
-1.0,v19_power_new_6_energy,heldout,0.09299247367372732,0.06280524663914244,0.009299247367372731,eV/cell,-3.246201100155648
-1.0,v19_power_new_6_force,heldout,-0.03946790499084763,-0.298856823320048,0.03173805605024358,eV/L0,-8.172804217075218
-1.0,v19_power_new_6_Haa,heldout,22.032873653678617,21.01622776991067,2.2032873653678617,eV/L0^2,-0.46142228188115025
-1.0,v19_power_new_6_Hxx,heldout,1.976588687531336,0.6390491601585415,0.19765886875313363,eV/L0^2,-6.7669087443949545
-1.0,v19_power_new_7_energy,heldout,0.16640726473220147,0.13069358113598584,0.01664072647322015,eV/cell,-2.1461613261710366
-1.0,v19_power_new_7_force,heldout,0.9556810535854069,0.9642037233657426,0.03173805605024358,eV/L0,0.2685315624511999
-1.0,v19_power_new_7_Haa,heldout,3.6257942400934606,3.0393968029961327,0.36257942400934606,eV/L0^2,-1.6172937521192945
-1.0,v19_power_new_7_Hxx,heldout,-0.7324824081355719,-0.12309839899204664,0.1,eV/L0^2,6.0938400914352515
-1.0,v19_power_new_8_energy,heldout,0.18770167030691334,0.13542270342313,0.018770167030691336,eV/cell,-2.7852158586709077
-1.0,v19_power_new_8_force,heldout,-1.6817465699911935,-1.590753490538543,0.03173805605024358,eV/L0,2.867002292408902
-1.0,v19_power_new_8_Haa,heldout,35.390692237109825,33.371416731129386,3.5390692237109826,eV/L0^2,-0.5705668293945024
-1.0,v19_power_new_8_Hxx,heldout,-1.532495429303305,-1.4332193331507288,0.15324954293033052,eV/L0^2,0.6478068009488852
-1.0,v19_power_new_9_energy,heldout,0.07659186968314344,0.046003648897726006,0.007659186968314344,eV/cell,-3.9936641985577976
-1.0,v19_power_new_9_force,heldout,-0.15953065932670854,-0.08250419414443516,0.03173805605024358,eV/L0,2.426943384948815
-1.0,v19_power_new_9_Haa,heldout,13.640977289265752,20.845563580192625,1.3640977289265752,eV/L0^2,5.281576340278968
-1.0,v19_power_new_9_Hxx,heldout,-0.0018561341338510467,0.7576257467231585,0.1,eV/L0^2,7.5948188085700945
-1.0,v20_new_0_energy,heldout,5.8649043216202346e-05,5.80710468752967e-05,0.004433026104653031,eV/cell,-0.00013038415007278275
-1.0,v20_new_0_force,heldout,0.04781880717694997,0.04705279229239054,0.03173805605024358,eV/L0,-0.02413553254007679
-1.0,v20_new_0_Haa,heldout,19.407850341619266,18.774114898897093,1.9407850341619266,eV/L0^2,-0.3265356191268417
-1.0,v20_new_0_Hxx,heldout,4.329394100444026,4.1632644990606735,0.4329394100444026,eV/L0^2,-0.38372482968532307
-1.0,v20_new_1_energy,heldout,0.0036442749373840483,0.003394518396299086,0.004433026104653031,eV/cell,-0.056339966241753164
-1.0,v20_new_1_force,heldout,0.3655179304564104,0.3319168327412355,0.03173805605024358,eV/L0,-1.0587005600463362
-1.0,v20_new_1_Haa,heldout,17.703231197779825,15.192762013494512,1.7703231197779825,eV/L0^2,-1.4180852954121463
-1.0,v20_new_1_Hxx,heldout,3.9093512902826126,3.015704354827359,0.3909351290282613,eV/L0^2,-2.2859212925596424
-1.0,v20_new_2_energy,heldout,0.034823381685342755,0.03190453197145448,0.004433026104653031,eV/cell,-0.6584327827044754
-1.0,v20_new_2_force,heldout,1.045799857810823,0.9727337926570053,0.03173805605024358,eV/L0,-2.3021594340292584
-1.0,v20_new_2_Haa,heldout,13.514055878705095,11.689965943113776,1.3514055878705096,eV/L0^2,-1.3497723791905036
-1.0,v20_new_2_Hxx,heldout,2.9805611045837717,1.6435477457528982,0.29805611045837715,eV/L0^2,-4.485777381898648
-1.0,v20_new_3_energy,heldout,0.22661995382203423,0.1748276475836488,0.022661995382203426,eV/cell,-2.285425681405715
-1.0,v20_new_3_force,heldout,1.596539848274592,1.1306116529275825,0.03173805605024358,eV/L0,-14.680426381798949
-1.0,v20_new_3_Haa,heldout,-2.2820717486649773,-0.28454790893240756,0.22820717486649775,eV/L0^2,8.753115851423736
-1.0,v20_new_3_Hxx,heldout,-0.8053213981525169,0.050328046609542126,0.1,eV/L0^2,8.55649444762059
-1.0,v20_new_4_energy,heldout,0.4890270726004544,0.4226951358493357,0.04890270726004545,eV/cell,-1.3564062291764634
-1.0,v20_new_4_force,heldout,0.5582577926902346,0.81643070414415,0.03173805605024358,eV/L0,8.13449037474789
-1.0,v20_new_4_Haa,heldout,-1.9854681988380205,-1.5767443500743583,0.19854681988380207,eV/L0^2,2.0585766571474906
-1.0,v20_new_4_Hxx,heldout,-1.0730096719553677,-0.042648097352344636,0.10730096719553678,eV/L0^2,9.602537624151829
-1.0,v20_new_5_energy,heldout,0.6157939144055483,0.5733311421207837,0.06157939144055483,eV/cell,-0.6895614148079992
-1.0,v20_new_5_force,heldout,0.6195747950914187,0.5023712740662559,0.03173805605024358,eV/L0,-3.6928386804667968
-1.0,v20_new_5_Haa,heldout,0.4318686304614479,-1.0901443334727206,0.1,eV/L0^2,-15.220129639341684
-1.0,v20_new_5_Hxx,heldout,0.05966529359502488,-0.009878491153564423,0.1,eV/L0^2,-0.695437847485893
-1.0,v20_new_6_energy,heldout,0.729941495134474,0.652443139572325,0.0729941495134474,eV/cell,-1.0617063980979986
-1.0,v20_new_6_force,heldout,0.4717044111502519,0.3308926211469771,0.03173805605024358,eV/L0,-4.436686033333605
-1.0,v20_new_6_Haa,heldout,-1.7417609490586863,-0.7124775833255507,0.17417609490586863,eV/L0^2,5.909441053259344
-1.0,v20_new_6_Hxx,heldout,0.20899465255336805,-0.0022305939456928586,0.1,eV/L0^2,-2.112252464990609
-1.0,v20_new_7_energy,heldout,0.02046914476243608,0.018674631853862003,0.004433026104653031,eV/cell,-0.4048054006924315
-1.0,v20_new_7_force,heldout,0.06281548916376087,-0.1656863965263169,0.03173805605024358,eV/L0,-7.199618191118674
-1.0,v20_new_7_Haa,heldout,21.501318205218237,23.757365175632025,2.150131820521824,eV/L0^2,1.049259840201918
-1.0,v20_new_7_Hxx,heldout,4.662002299739686,3.1560010253889437,0.4662002299739686,eV/L0^2,-3.230374370331892
-1.0,v20_new_8_energy,heldout,0.06003679436536899,0.044797845999942514,0.006003679436536899,eV/cell,-2.5382681614687868
-1.0,v20_new_8_force,heldout,0.3178698348179461,0.20279730416268463,0.03173805605024358,eV/L0,-3.625695615166019
-1.0,v20_new_8_Haa,heldout,14.458727489192233,17.79770000482751,1.4458727489192233,eV/L0^2,2.3093128479882687
-1.0,v20_new_8_Hxx,heldout,0.86111106885732,0.36075144858269204,0.1,eV/L0^2,-5.003596202746279
-1.0,v20_new_9_energy,heldout,0.09377427653904365,0.07719135560428658,0.009377427653904365,eV/cell,-1.7683869763423485
-1.0,v20_new_9_force,heldout,0.5947790357818696,0.8071684942522638,0.03173805605024358,eV/L0,6.691949189772892
-1.0,v20_new_9_Haa,heldout,11.056850642860084,7.825917765387183,1.1056850642860085,eV/L0^2,-2.9221095426112695
-1.0,v20_new_9_Hxx,heldout,0.0757661767331005,-0.1653880757087567,0.1,eV/L0^2,-2.4115425244185715
-1.0,v20_new_10_energy,heldout,0.038168092494978115,0.03808417366134417,0.004433026104653031,eV/cell,-0.018930372087332923
-1.0,v20_new_10_force,heldout,-0.4360667641505048,-0.6684906922656371,0.03173805605024358,eV/L0,-7.323193573897178
-1.0,v20_new_10_Haa,heldout,26.40271381173358,20.609616361727802,2.640271381173358,eV/L0^2,-2.194129547179835
-1.0,v20_new_10_Hxx,heldout,4.254835571305176,1.3827208999439657,0.42548355713051766,eV/L0^2,-6.750236579601091
-1.0,v20_new_11_energy,heldout,0.2277352928888806,0.1996797365561578,0.022773529288888063,eV/cell,-1.2319371309045195
-1.0,v20_new_11_force,heldout,1.3946641093269667,1.0599625438989921,0.03173805605024358,eV/L0,-10.545748766027712
-1.0,v20_new_11_Haa,heldout,2.8654264155114735,0.1361266495373606,0.28654264155114734,eV/L0^2,-9.524934059376072
-1.0,v20_new_11_Hxx,heldout,-0.12044589256531853,-0.13261344592412447,0.1,eV/L0^2,-0.12167553358805941
1.0,normal_strain_force_ev,exact,0.0,2.6645352591003757e-15,0.1,eV/strain,2.6645352591003757e-14
1.0,cohesive_ev_atom,exact,3.36,3.360000000000007,0.0672,eV/atom,1.0573552615477682e-13
1.0,C11_GPa,exact,113.99999999999996,113.99999999999997,5.699999999999998,GPa,2.4931324061757908e-15
1.0,C12_GPa,exact,62.000000000000014,62.000000000000256,3.100000000000001,GPa,7.793049359949484e-14
1.0,C44_GPa,exact,32.0,32.00000000000004,1.6,GPa,2.6645352591003757e-14
1.0,perfect_Haa,exact,19.66091286328976,19.66091286328988,1.9660912863289761,eV/L0^2,6.143777042253036e-14
1.0,perfect_Hxx,exact,4.393593035123306,4.393593035123307,0.43935930351233066,eV/L0^2,2.021530926054917e-15
1.0,saddle_energy_at_source_state,fit,0.07624909750742465,0.050462908850664435,0.007624909750742465,eV/cell,-3.381835260968081
1.0,saddle_normal_force_at_source_state,fit,1.4903612010162394e-15,0.162355929330222,0.03173805605024358,eV/L0,5.1154969628007345
1.0,fault_energy_at_source_state,fit,0.06670794504308616,0.03516507027158802,0.006670794504308616,eV/cell,-4.728503441550303
1.0,fault_normal_force_at_source_state,fit,5.29078226360765e-15,0.08439807552770157,0.03173805605024358,eV/L0,2.6592074635600924
1.0,saddle_path_force_at_source_state,fit,2.296700476743968e-16,-0.08911878190560543,0.03173805605024358,eV/L0,-2.8079470829758555
1.0,opening_1.1h_energy,fit,0.05670265774764735,0.05135232343006427,0.005670265774764736,eV/cell,-0.9435773436572421
1.0,opening_1.5h_energy,fit,0.4710312483934004,0.3871369226682201,0.04710312483934004,eV/cell,-1.7810777100527444
1.0,opening_2h_energy,fit,0.7060534019484034,0.6354228467976571,0.07060534019484034,eV/cell,-1.0003571253369266
1.0,opening_40h_energy,fit,0.7719163228888833,0.8252661113434072,0.07719163228888834,eV/cell,0.6911343480192674
1.0,direct_quarter_energy,fit,0.117221996542065,0.09505146981465239,0.0117221996542065,eV/cell,-1.8913281961936845
1.0,direct_half_energy,fit,0.26732847628894163,0.18910749174585278,0.026732847628894163,eV/cell,-2.926025151863874
1.0,oblique_energy,fit,0.13339289745734875,0.0850531290152702,0.013339289745734876,eV/cell,-3.623863741136201
1.0,opening_1.25h_energy,fit,0.24853683654490819,0.18675656900266344,0.02485368365449082,eV/cell,-2.485758988530525
1.0,opening_3h_energy,fit,0.7719163228888833,0.7947339499337381,0.07719163228888834,eV/cell,0.2955971569490877
1.0,saddle_Haa,fit,12.717337762538286,17.4125119087266,1.2717337762538286,eV/L0^2,3.6919473508197465
1.0,saddle_Hxx,fit,-0.18642463121762062,0.20361642971221613,0.018642463121762064,eV/L0^2,20.92218492708331
1.0,fault_Haa,fit,14.140554350039636,16.74928950891993,1.4140554350039638,eV/L0^2,1.8448606004424293
1.0,fault_Hxx,fit,2.4858929774856264,2.4848181762978783,0.24858929774856264,eV/L0^2,-0.004323602011359635
1.0,saddle_normal_path_coupling,fit,1.2055891043737141,1.3546918761369557,0.12055891043737142,eV/L0^2,1.236762767864415
1.0,opening_1.1h_normal_force,fit,1.2761663221727821,1.1016792359656329,0.03173805605024358,eV/L0,-5.497724433119782
1.0,opening_1.3h_normal_force,fit,1.4139711872929317,1.0554318045670568,0.03173805605024358,eV/L0,-11.29682870804317
1.0,opening_1.5h_normal_force,fit,0.6379256757978651,0.8521073559628267,0.03173805605024358,eV/L0,6.748418360150884
1.0,opening_2h_normal_force,fit,0.5548811295393773,0.4044038470912591,0.03173805605024358,eV/L0,-4.741225556155741
1.0,opening_2.5h_normal_force,fit,0.0005156382639574782,0.17422875451358236,0.03173805605024358,eV/L0,5.473338252809963
1.0,opening_3h_normal_force,fit,0.0,0.07078954546196209,0.03173805605024358,eV/L0,2.2304310430953063
1.0,shockley_0.15_energy,fit,0.013715574532912111,0.012292364635399606,0.004433026104653031,eV/cell,-0.32104703737671736
1.0,shockley_0.35_energy,fit,0.04820527408303389,0.042815462871609936,0.004820527408303389,eV/cell,-1.1180957507139098
1.0,shockley_0.75_energy,fit,0.08334161260537679,0.055421181165374034,0.00833416126053768,eV/cell,-3.350118934247915
1.0,new_direct_017_energy,fit,0.05826439239193282,0.05259786693747327,0.0058264392391932825,eV/cell,-0.9725537711509923
1.0,new_direct_017_normal_force,fit,-0.44118804525591643,-0.6581837736698423,0.03173805605024358,eV/L0,-6.837083155641489
1.0,new_direct_017_Haa,fit,26.109437232644353,20.77314599774293,2.6109437232644357,eV/L0^2,-2.0438170257570754
1.0,new_direct_039_energy,fit,0.2262381941113307,0.16616776261776417,0.022623819411133072,eV/cell,-2.6551852453351072
1.0,new_direct_039_normal_force,fit,-1.9685101248020884,-1.8557154506706441,0.03173805605024358,eV/L0,3.553925103443083
1.0,new_direct_039_Haa,fit,36.31678531793335,37.438232159832545,3.6316785317933356,eV/L0^2,0.3087957351074844
1.0,new_raised_direct_energy,fit,0.11960599647825673,0.08257174280059545,0.011960599647825674,eV/cell,-3.0963542604984493
1.0,new_raised_direct_normal_force,fit,0.08783049166112324,-0.09015920720051378,0.03173805605024358,eV/L0,-5.608084457972686
1.0,new_raised_direct_Haa,fit,20.00400949091716,20.616140575858662,2.000400949091716,eV/L0^2,0.3060041964184436
1.0,new_off_path_positive_energy,fit,0.05360470506556986,0.042139281647983924,0.0053604705065569865,eV/cell,-2.1388837796162297
1.0,new_off_path_positive_normal_force,fit,0.35206897342006,0.25188360360849876,0.03173805605024358,eV/L0,-3.1566322037165957
1.0,new_off_path_positive_Haa,fit,13.446420569551602,16.485168107697753,1.3446420569551603,eV/L0^2,2.2598932722862792
1.0,new_off_path_negative_energy,fit,0.21544733160917068,0.12582942611261136,0.021544733160917068,eV/cell,-4.159620118160919
1.0,new_off_path_negative_normal_force,fit,-0.05312860042135701,0.033668814612646716,0.03173805605024358,eV/L0,2.7348056508753182
1.0,new_off_path_negative_Haa,fit,13.5831841481301,19.312020904301868,1.35831841481301,eV/L0^2,4.217594853825505
1.0,new_shockley_058_energy,fit,0.07969505412787091,0.06201132742244628,0.007969505412787091,eV/cell,-2.218923984548784
1.0,new_shockley_058_normal_force,fit,-0.6123357455328253,-0.6367191687536737,0.03173805605024358,eV/L0,-0.7682708475354549
1.0,new_shockley_058_Haa,fit,23.107568998056017,27.31577120029621,2.3107568998056016,eV/L0^2,1.8211358376098412
1.0,new_opening_1.17h_energy,fit,0.14263027381623705,0.11503505039147802,0.014263027381623706,eV/cell,-1.9347381650765358
1.0,new_opening_1.17h_normal_force,fit,1.6398229617729339,1.1053224588404769,0.03173805605024358,eV/L0,-16.840996880410856
1.0,new_opening_1.42h_energy,fit,0.4226003973463561,0.32859451670231443,0.042260039734635615,eV/cell,-2.224462665779182
1.0,new_opening_1.42h_normal_force,fit,0.8686291067124379,0.9400979501954931,0.03173805605024358,eV/L0,2.251834307996528
1.0,new_opening_1.78h_energy,fit,0.5953584311886578,0.548523946154464,0.05953584311886578,eV/cell,-0.7866603138665031
1.0,new_opening_1.78h_normal_force,fit,0.5989965116849877,0.5711562935827248,0.03173805605024358,eV/L0,-0.8771872498488837
1.0,new_opening_2.23h_energy,fit,0.7765619947928292,0.6987264846244201,0.07765619947928293,eV/cell,-1.0023090325090396
1.0,new_opening_2.23h_normal_force,fit,0.15664558956102492,0.2769068627274615,0.03173805605024358,eV/L0,3.7891820776941887
1.0,new_opening_3.4h_energy,fit,0.7719163228888833,0.8110298357838649,0.07719163228888834,eV/cell,0.5067066433910856
1.0,new_opening_3.4h_normal_force,fit,0.0,0.03345357100213916,0.03173805605024358,eV/L0,1.0540523007830032
1.0,new_opening_5.5h_energy,fit,0.7719163228888833,0.8249568066765478,0.07719163228888834,eV/cell,0.6871273765679857
1.0,new_opening_5.5h_normal_force,fit,0.0,0.0005723808628279998,0.03173805605024358,eV/L0,0.018034528073234246
1.0,v16_direct011_energy,fit,0.025339211626875774,0.02484935695127416,0.004433026104653031,eV/cell,-0.11050119354980761
1.0,v16_direct011_normal_force,fit,-0.1684646879274777,-0.4052559236010075,0.03173805605024358,eV/L0,-7.460798333038184
1.0,v16_direct011_Haa,fit,23.17866876533168,24.484617571580998,2.317866876533168,eV/L0^2,0.5634270110467369
1.0,v16_direct031_energy,fit,0.16617323878813156,0.12803540522479173,0.016617323878813157,eV/cell,-2.295064707258008
1.0,v16_direct031_normal_force,fit,-1.4977500080753077,-1.3954393194022863,0.03173805605024358,eV/L0,3.2235965716065396
1.0,v16_direct031_Haa,fit,34.460781638400974,30.317880906065103,3.4460781638400975,eV/L0^2,-1.2022074182203915
1.0,v16_raised043_energy,fit,0.1726273519698645,0.10970072923519848,0.017262735196986453,eV/cell,-3.6452289869829606
1.0,v16_raised043_normal_force,fit,-0.17083895700384927,-0.10196009084619798,0.03173805605024358,eV/L0,2.170229520315018
1.0,v16_raised043_Haa,fit,18.238440853611248,20.51025395574863,1.8238440853611249,eV/L0^2,1.2456180439829423
1.0,v16_off_plus_energy,fit,0.0652424878354941,0.052872871937646726,0.006524248783549411,eV/cell,-1.8959448525379334
1.0,v16_off_plus_normal_force,fit,-0.08042066717244803,-0.2458833496970722,0.03173805605024358,eV/L0,-5.213384281087824
1.0,v16_off_plus_Haa,fit,20.981095919956758,22.335581476893456,2.098109591995676,eV/L0^2,0.6455742646161495
1.0,v16_off_minus_energy,fit,0.21182429891635463,0.13327243746805706,0.021182429891635463,eV/cell,-3.708349884793727
1.0,v16_off_minus_normal_force,fit,0.3481661631135443,0.5995517034982686,0.03173805605024358,eV/L0,7.920634458101757
1.0,v16_off_minus_Haa,fit,5.497617912510364,10.353505644157654,0.5497617912510364,eV/L0^2,8.832712292713621
1.0,v16_shockley043_energy,fit,0.061697611386283796,0.052801953454993736,0.00616976113862838,eV/cell,-1.441815611887316
1.0,v16_shockley043_normal_force,fit,-0.43484281773712713,-0.5618000242672281,0.03173805605024358,eV/L0,-4.000156982806973
1.0,v16_shockley043_Haa,fit,25.03469226049791,26.55214464488833,2.5034692260497913,eV/L0^2,0.606139819335746
1.0,v16_opening1.21_energy,fit,0.19627832926906572,0.15103832249134705,0.019627832926906574,eV/cell,-2.304890557515494
1.0,v16_opening1.21_normal_force,fit,1.631864707518524,1.0992400589210267,0.03173805605024358,eV/L0,-16.781892619835155
1.0,v16_opening1.21_Haa,fit,-1.3832350292334812,-0.2442171489499242,0.13832350292334814,eV/L0^2,8.234449361181541
1.0,v16_opening1.62_energy,fit,0.5246331923940108,0.46424524927797406,0.05246331923940109,eV/cell,-1.15105075301229
1.0,v16_opening1.62_normal_force,fit,0.5093642313524578,0.7233778986548149,0.03173805605024358,eV/L0,6.743124625010379
1.0,v16_opening1.62_Haa,fit,-0.15582859326870177,-1.2604485061761088,0.1,eV/L0^2,-11.04619912907407
1.0,v16_opening1.93_energy,fit,0.6719836252695317,0.6109629917981683,0.06719836252695317,eV/cell,-0.9080672679618963
1.0,v16_opening1.93_normal_force,fit,0.6270410192299789,0.45228228652147373,0.03173805605024358,eV/L0,-5.506283448231668
1.0,v16_opening1.93_Haa,fit,-0.6638075680371565,-0.878496319106397,0.1,eV/L0^2,-2.1468875106924057
1.0,v16_opening2.71_energy,fit,0.7719163228888833,0.7726218883672717,0.07719163228888834,eV/cell,0.009140439934575254
1.0,v16_opening2.71_normal_force,fit,0.0,0.12006841303102524,0.03173805605024358,eV/L0,3.7831054567724145
1.0,v16_opening2.71_Haa,fit,0.0,-0.26397519983417284,0.1,eV/L0^2,-2.6397519983417284
1.0,v16_opening4.3_energy,fit,0.7719163228888833,0.8227332303946894,0.07719163228888834,eV/cell,0.658321452714261
1.0,v16_opening4.3_normal_force,fit,0.0,0.005882015327376553,0.03173805605024358,eV/L0,0.1853300440980036
1.0,v16_opening4.3_Haa,fit,0.0,-0.01407020455674954,0.1,eV/L0^2,-0.14070204556749538
1.0,v16_opening6.2_energy,fit,0.7719163228888833,0.8251399702566423,0.07719163228888834,eV/cell,0.6895002189948569
1.0,v16_opening6.2_normal_force,fit,0.0,0.00016024453171978656,0.03173805605024358,eV/L0,0.00504897122451697
1.0,v16_opening6.2_Haa,fit,0.0,-0.0003362156333972339,0.1,eV/L0^2,-0.003362156333972339
1.0,v17_near_0.985_normal_force,fit,-0.24821900083247345,-0.2756719215834161,0.03173805605024358,eV/L0,-0.8649843174856936
1.0,v17_near_0.985_Haa,fit,20.878110673451364,25.772724652659676,2.0878110673451364,eV/L0^2,2.3443759139720965
1.0,v17_near_1.015_normal_force,fit,0.2329580444899274,0.21644263104760214,0.03173805605024358,eV/L0,-0.5203662573467072
1.0,v17_near_1.015_Haa,fit,18.39295935022696,16.092987007699627,1.839295935022696,eV/L0^2,-1.2504634511134025
1.0,v17_near_1.065_normal_force,fit,0.9078686582498847,0.8352879000616629,0.03173805605024358,eV/L0,-2.2868684229847407
1.0,v17_near_1.065_Haa,fit,14.605604041867348,14.581663684777563,1.4605604041867348,eV/L0^2,-0.01639121327756063
1.0,v17_near_1.095_normal_force,fit,1.2303804278835464,1.0850191014941475,0.03173805605024358,eV/L0,-4.580032443048235
1.0,v17_near_1.095_Haa,fit,11.545874277606002,4.878291126269345,1.1545874277606003,eV/L0^2,-5.774862077156756
1.0,v17_direct023_energy,heldout,0.10138618519039871,0.08407485974662558,0.010138618519039872,eV/cell,-1.7074639322175142
1.0,v17_direct023_normal_force,heldout,-0.8610948380753036,-0.9280458117145446,0.03173805605024358,eV/L0,-2.10948564503298
1.0,v17_direct023_Haa,heldout,29.67272464413389,22.871679087391758,2.967272464413389,eV/L0^2,-2.292019232580536
1.0,v17_direct023_Hxx,heldout,1.5318476269016676,0.4946140834710445,0.1531847626901668,eV/L0^2,-6.7711273968452295
1.0,v17_direct047_energy,heldout,0.26395051027571553,0.18730404442472087,0.026395051027571555,eV/cell,-2.9038195747730073
1.0,v17_direct047_normal_force,heldout,-2.2580600813748397,-2.123057125457392,0.03173805605024358,eV/L0,4.253661777637822
1.0,v17_direct047_Haa,heldout,35.337517734960244,41.41507606500507,3.5337517734960247,eV/L0^2,1.7198600013809544
1.0,v17_direct047_Hxx,heldout,-7.290154929569364,-3.91760067782315,0.7290154929569365,eV/L0^2,4.626176376673292
1.0,v17_off_plus_energy,heldout,0.08014986299727256,0.06308974156727534,0.008014986299727257,eV/cell,-2.1285278342369414
1.0,v17_off_plus_normal_force,heldout,0.496288954541943,0.4610958291946471,0.03173805605024358,eV/L0,-1.1088620327465144
1.0,v17_off_plus_Haa,heldout,13.145916399036436,13.849236552972592,1.3145916399036437,eV/L0^2,0.5350103656430583
1.0,v17_off_plus_Hxx,heldout,0.5867789207029961,-0.056204230687974394,0.1,eV/L0^2,-6.429831513909705
1.0,v17_off_minus_energy,heldout,0.21284911087573022,0.12814693295305346,0.021284911087573022,eV/cell,-3.9794471104053266
1.0,v17_off_minus_normal_force,heldout,0.06702268289699899,0.2618929604844941,0.03173805605024358,eV/L0,6.139956312352646
1.0,v17_off_minus_Haa,heldout,11.464221151869252,16.869637657718492,1.1464221151869252,eV/L0^2,4.71503160506275
1.0,v17_off_minus_Hxx,heldout,-2.835312235036081,-0.8744256930076689,0.2835312235036081,eV/L0^2,6.915945685972954
1.0,v17_shockley067_energy,heldout,0.07506981596967024,0.05298189679696952,0.007506981596967025,eV/cell,-2.9423169468837784
1.0,v17_shockley067_normal_force,heldout,-0.08375074170661885,0.03638271301861908,0.03173805605024358,eV/L0,3.785154785001898
1.0,v17_shockley067_Haa,heldout,14.560238367523052,18.54800644922695,1.4560238367523053,eV/L0^2,2.738806866375695
1.0,v17_shockley067_Hxx,heldout,0.4530475235373633,0.08830743293603588,0.1,eV/L0^2,-3.647400906013274
1.0,v17_compression_energy,heldout,0.025317916775100896,0.030676701936242674,0.004433026104653031,eV/cell,1.208832304307219
1.0,v17_compression_normal_force,heldout,-0.6769543589544016,-0.8666771364109134,0.03173805605024358,eV/L0,-5.977769311269954
1.0,v17_compression_Haa,heldout,26.962376342241654,23.071912940738397,2.6962376342241656,eV/L0^2,-1.4429230391714813
1.0,v17_compression_Hxx,heldout,5.568444170552721,2.334103270215643,0.5568444170552721,eV/L0^2,-5.808338561498119
1.0,v17_opening1.045_energy,heldout,0.012439540042104347,0.011239686164821872,0.004433026104653031,eV/cell,-0.27066248854773806
1.0,v17_opening1.045_normal_force,heldout,0.6560493060873362,0.5863868304037061,0.03173805605024358,eV/L0,-2.194919423336752
1.0,v17_opening1.045_Haa,heldout,16.173163667497242,15.196421053073806,1.6173163667497243,eV/L0^2,-0.6039279849658411
1.0,v17_opening1.045_Hxx,heldout,3.5468340021412335,2.5351268300341663,0.35468340021412337,eV/L0^2,-2.852423235754187
1.0,v17_opening1.255_energy,heldout,0.2548812728796389,0.19118654978198363,0.02548812728796389,eV/cell,-2.4989958021644636
1.0,v17_opening1.255_normal_force,heldout,1.5479287243761108,1.0839162466733314,0.03173805605024358,eV/L0,-14.620066111428342
1.0,v17_opening1.255_Haa,heldout,-3.07660296796585,-0.60318091451055,0.307660296796585,eV/L0^2,8.039458062054221
1.0,v17_opening1.255_Hxx,heldout,-0.8591645505462155,0.13612050460423922,0.1,eV/L0^2,9.952850551504547
1.0,v17_opening1.555_energy,heldout,0.4970497627048889,0.4240477673842699,0.04970497627048889,eV/cell,-1.468705968660971
1.0,v17_opening1.555_normal_force,heldout,0.5361595264738468,0.791985680846639,0.03173805605024358,eV/L0,8.060548950061762
1.0,v17_opening1.555_Haa,heldout,-0.9598397042596563,-1.3216297322675727,0.1,eV/L0^2,-3.617900280079165
1.0,v17_opening1.555_Hxx,heldout,-0.8905810007935903,-0.013593128724125816,0.1,eV/L0^2,8.769878720694644
1.0,v17_opening1.855_energy,heldout,0.6331364785570511,0.58156280475176,0.06331364785570512,eV/cell,-0.814574354060755
1.0,v17_opening1.855_normal_force,heldout,0.6294361584094642,0.508858178847777,0.03173805605024358,eV/L0,-3.7991608361521516
1.0,v17_opening1.855_Haa,heldout,0.33758173393615254,-0.9700185528040448,0.1,eV/L0^2,-13.076002867401971
1.0,v17_opening1.855_Hxx,heldout,-0.0764657682265532,-0.004138121762900813,0.1,eV/L0^2,0.7232764646365238
1.0,v17_opening2.455_energy,heldout,0.7722611869157332,0.7409989635316458,0.07722611869157332,eV/cell,-0.40481412135889966
1.0,v17_opening2.455_normal_force,heldout,-0.03892592855831557,0.1884546101586145,0.03173805605024358,eV/L0,7.164286885024422
1.0,v17_opening2.455_Haa,heldout,1.5212189106347462,-0.40133177122056946,0.15212189106347462,eV/L0^2,-12.63822496824674
1.0,v17_opening2.455_Hxx,heldout,0.04446583977668427,-9.168995747553292e-05,0.1,eV/L0^2,-0.44557529734159806
1.0,v17_opening3.75_energy,heldout,0.7719163228888833,0.8180037689793239,0.07719163228888834,eV/cell,0.5970523581877257
1.0,v17_opening3.75_normal_force,heldout,0.0,0.01712113454619404,0.03173805605024358,eV/L0,0.5394512669298358
1.0,v17_opening3.75_Haa,heldout,0.0,-0.040425053402908265,0.1,eV/L0^2,-0.4042505340290826
1.0,v17_opening3.75_Hxx,heldout,0.0,-1.5405718339558603e-08,0.1,eV/L0^2,-1.5405718339558603e-07
1.0,v19_new_0_energy,heldout,0.00042417681882149505,0.0004390602937265499,0.004433026104653031,eV/cell,0.0033574074579512873
1.0,v19_new_0_force,heldout,-0.13054663793646185,-0.13764380436104665,0.03173805605024358,eV/L0,-0.2236169226416856
1.0,v19_new_0_Haa,heldout,20.302032153219432,22.60887842367943,2.030203215321943,eV/L0^2,1.1362637262369735
1.0,v19_new_0_Hxx,heldout,4.57090105595751,5.074172810989182,0.45709010559575103,eV/L0^2,1.101034016861359
1.0,v19_new_1_energy,heldout,0.004931943136885955,0.004543346042616212,0.004433026104653031,eV/cell,-0.08765955469151435
1.0,v19_new_1_force,heldout,0.42285939529142164,0.37933699010618277,0.03173805605024358,eV/L0,-1.3713002811621426
1.0,v19_new_1_Haa,heldout,17.415188636660293,14.8696005540471,1.7415188636660295,eV/L0^2,-1.461705718911673
1.0,v19_new_1_Hxx,heldout,3.8361643120715834,2.9649949621486646,0.3836164312071584,eV/L0^2,-2.2709385705443745
1.0,v19_new_2_energy,heldout,0.10968805888528045,0.09240876268607431,0.010968805888528046,eV/cell,-1.575312424598383
1.0,v19_new_2_force,heldout,1.574309479391436,1.1126299200846528,0.03173805605024358,eV/L0,-14.546560714868988
1.0,v19_new_2_Haa,heldout,5.20946471789603,-0.5158411342811378,0.5209464717896031,eV/L0^2,-10.990199880822829
1.0,v19_new_2_Hxx,heldout,0.9642979846199059,0.5582789211321275,0.1,eV/L0^2,-4.060190634877784
1.0,v19_new_3_energy,heldout,0.3373623063206088,0.2518658621356207,0.03373623063206088,eV/cell,-2.534261907248686
1.0,v19_new_3_force,heldout,1.321138459506241,1.0349973364947216,0.03173805605024358,eV/L0,-9.01571043161994
1.0,v19_new_3_Haa,heldout,-4.940080180276789,-1.0658661815984987,0.4940080180276789,eV/L0^2,7.84241117005761
1.0,v19_new_3_Hxx,heldout,-1.007259835979608,0.04530326380983538,0.10072598359796081,eV/L0^2,10.449767400541448
1.0,v19_new_4_energy,heldout,0.5605338261337047,0.5114912600881888,0.05605338261337048,eV/cell,-0.8749260750914567
1.0,v19_new_4_force,heldout,0.5382315998098468,0.6392984602388755,0.03173805605024358,eV/L0,3.184406135934498
1.0,v19_new_4_Haa,heldout,0.9032785116339533,-1.1601621177218926,0.1,eV/L0^2,-20.63440629355846
1.0,v19_new_4_Hxx,heldout,0.6453579543796875,-0.008780595219264203,0.1,eV/L0^2,-6.541385495989516
1.0,v19_new_5_energy,heldout,0.7666938699728523,0.6857004366357362,0.07666938699728523,eV/cell,-1.0563986032650026
1.0,v19_new_5_force,heldout,0.27979903523926664,0.30359122662466204,0.03173805605024358,eV/L0,0.7496423646026299
1.0,v19_new_5_Haa,heldout,-2.478203100860398,-0.6190498066765265,0.2478203100860398,eV/L0^2,7.502021499119257
1.0,v19_new_5_Hxx,heldout,0.0933444416558671,-0.0005861128305600144,0.1,eV/L0^2,-0.939305544864271
1.0,v19_new_6_energy,heldout,0.07503741336914271,0.05306685199915095,0.007503741336914272,eV/cell,-2.927947590878261
1.0,v19_new_6_force,heldout,0.3995055633266556,0.19218986985944214,0.03173805605024358,eV/L0,-6.532085428893883
1.0,v19_new_6_Haa,heldout,16.75498366183509,21.254949857947366,1.6754983661835092,eV/L0^2,2.6857478866794766
1.0,v19_new_6_Hxx,heldout,1.866294182504276,1.208663402827391,0.18662941825042761,eV/L0^2,-3.5237251760301094
1.0,v19_new_7_energy,heldout,0.1746163283222475,0.1450982873178936,0.01746163283222475,eV/cell,-1.6904513620215134
1.0,v19_new_7_force,heldout,1.0346608991752084,0.9525431081829874,0.03173805605024358,eV/L0,-2.587360450250097
1.0,v19_new_7_Haa,heldout,3.3869832062735408,1.8959440437208366,0.3386983206273541,eV/L0^2,-4.402263228795839
1.0,v19_new_7_Hxx,heldout,-0.5656137494473082,-0.17343134883154032,0.1,eV/L0^2,3.9218240061576792
1.0,v19_new_8_energy,heldout,0.17183161394321733,0.13176520860199248,0.017183161394321734,eV/cell,-2.3317249033385097
1.0,v19_new_8_force,heldout,-1.5479121827267546,-1.4387900724718252,0.03173805605024358,eV/L0,3.438210269784052
1.0,v19_new_8_Haa,heldout,34.71656366870985,31.00634549267138,3.4716563668709854,eV/L0^2,-1.0687169995982364
1.0,v19_new_8_Hxx,heldout,-0.974896485841256,-1.0258692818955486,0.1,eV/L0^2,-0.5097279605429261
1.0,v19_new_9_energy,heldout,0.07736533900036079,0.046783568880039955,0.007736533900036079,eV/cell,-3.9529032659157886
1.0,v19_new_9_force,heldout,-0.22650351113925563,-0.20516234982919668,0.03173805605024358,eV/L0,0.6724155151870167
1.0,v19_new_9_Haa,heldout,14.396252629283666,22.912625195295092,1.4396252629283666,eV/L0^2,5.915687078655543
1.0,v19_new_9_Hxx,heldout,-0.11946413441426519,0.8868718447570416,0.1,eV/L0^2,10.063359791713069
1.0,v19_power_new_0_energy,heldout,0.0021758842211834217,0.002365631864512469,0.004433026104653031,eV/cell,0.04280318654787137
1.0,v19_power_new_0_force,heldout,-0.2996693004614922,-0.340608751542728,0.03173805605024358,eV/L0,-1.28991678054969
1.0,v19_power_new_0_Haa,heldout,21.133296310436656,27.257376010239813,2.1133296310436656,eV/L0^2,2.89783458758338
1.0,v19_power_new_0_Hxx,heldout,4.803281906544594,6.135223652437449,0.4803281906544594,eV/L0^2,2.772982664369647
1.0,v19_power_new_1_energy,heldout,0.01645069708691336,0.014840911741693875,0.004433026104653031,eV/cell,-0.36313464148785574
1.0,v19_power_new_1_force,heldout,0.747061714559844,0.6740029085640498,0.03173805605024358,eV/L0,-2.3019307130889506
1.0,v19_power_new_1_Haa,heldout,15.66515497295868,15.425182746783364,1.5665154972958681,eV/L0^2,-0.15318854271761662
1.0,v19_power_new_1_Hxx,heldout,3.4372637547611467,2.390752616700183,0.3437263754761147,eV/L0^2,-3.044605281196075
1.0,v19_power_new_2_energy,heldout,0.13995417796875365,0.11322976404680186,0.013995417796875366,eV/cell,-1.9095116923139164
1.0,v19_power_new_2_force,heldout,1.6376288066594074,1.1056971234221507,0.03173805605024358,eV/L0,-16.760058725561873
1.0,v19_power_new_2_Haa,heldout,1.5124016664736504,-0.2376612308246182,0.15124016664736506,eV/L0^2,-11.571416086698411
1.0,v19_power_new_2_Hxx,heldout,0.07390822082095283,0.4085448765458095,0.1,eV/L0^2,3.3463665572485666
1.0,v19_power_new_3_energy,heldout,0.39535837061576956,0.3011948167057055,0.039535837061576956,eV/cell,-2.3817265779248475
1.0,v19_power_new_3_force,heldout,1.0383826381800587,0.9772123543112033,0.03173805605024358,eV/L0,-1.927348158060421
1.0,v19_power_new_3_Haa,heldout,-6.006053628734572,-1.267388084903692,0.6006053628734572,eV/L0^2,7.889815570676613
1.0,v19_power_new_3_Hxx,heldout,-1.4153601110072371,0.008849971284566589,0.14153601110072372,eV/L0^2,10.06252805357266
1.0,v19_power_new_4_energy,heldout,0.5880885299154484,0.5414483852106837,0.05880885299154484,eV/cell,-0.7930803328449587
1.0,v19_power_new_4_force,heldout,0.5878736415051682,0.584317082272858,0.03173805605024358,eV/L0,-0.1120597690885654
1.0,v19_power_new_4_Haa,heldout,0.9838769358246306,-1.0841539740285884,0.1,eV/L0^2,-20.680309098532188
1.0,v19_power_new_4_Hxx,heldout,0.5300888191539206,-0.006643540888315699,0.1,eV/L0^2,-5.367323600422362
1.0,v19_power_new_5_energy,heldout,0.7807571272106231,0.7106026502716414,0.07807571272106231,eV/cell,-0.8985441758260924
1.0,v19_power_new_5_force,heldout,0.03287588986152218,0.2523555839140878,0.03173805605024358,eV/L0,6.91534773601489
1.0,v19_power_new_5_Haa,heldout,-2.5224317074829634,-0.5240320350946837,0.25224317074829633,eV/L0^2,7.922512496413254
1.0,v19_power_new_5_Hxx,heldout,-0.10536285587305545,-0.00028518578206870784,0.1,eV/L0^2,1.0507767009098674
1.0,v19_power_new_6_energy,heldout,0.09299247367372732,0.06651537668373828,0.009299247367372731,eV/cell,-2.847230097662138
1.0,v19_power_new_6_force,heldout,-0.03946790499084763,-0.27102217217120156,0.03173805605024358,eV/L0,-7.295792370326248
1.0,v19_power_new_6_Haa,heldout,22.032873653678617,20.35724672092545,2.2032873653678617,eV/L0^2,-0.7605122051219156
1.0,v19_power_new_6_Hxx,heldout,1.976588687531336,0.876119129771447,0.19765886875313363,eV/L0^2,-5.567519255279774
1.0,v19_power_new_7_energy,heldout,0.16640726473220147,0.1333958459083088,0.01664072647322015,eV/cell,-1.9837726962832904
1.0,v19_power_new_7_force,heldout,0.9556810535854069,0.9179412529493565,0.03173805605024358,eV/L0,-1.1891024635001481
1.0,v19_power_new_7_Haa,heldout,3.6257942400934606,2.7636999490156664,0.36257942400934606,eV/L0^2,-2.3776701985592332
1.0,v19_power_new_7_Hxx,heldout,-0.7324824081355719,-0.17876352496669368,0.1,eV/L0^2,5.537188831688781
1.0,v19_power_new_8_energy,heldout,0.18770167030691334,0.14211781169340423,0.018770167030691336,eV/cell,-2.428527063130252
1.0,v19_power_new_8_force,heldout,-1.6817465699911935,-1.5612676743684002,0.03173805605024358,eV/L0,3.7960389077411283
1.0,v19_power_new_8_Haa,heldout,35.390692237109825,32.93043882373856,3.5390692237109826,eV/L0^2,-0.6951696216869983
1.0,v19_power_new_8_Hxx,heldout,-1.532495429303305,-1.4906350205911827,0.15324954293033052,eV/L0^2,0.27315193188636605
1.0,v19_power_new_9_energy,heldout,0.07659186968314344,0.04696174666471926,0.007659186968314344,eV/cell,-3.868572883910845
1.0,v19_power_new_9_force,heldout,-0.15953065932670854,-0.08181870901363272,0.03173805605024358,eV/L0,2.4485415927822523
1.0,v19_power_new_9_Haa,heldout,13.640977289265752,20.781962040186798,1.3640977289265752,eV/L0^2,5.234950985909472
1.0,v19_power_new_9_Hxx,heldout,-0.0018561341338510467,0.8312481380710068,0.1,eV/L0^2,8.331042722048577
1.0,v20_new_0_energy,heldout,5.8649043216202346e-05,5.8044174748873854e-05,0.004433026104653031,eV/cell,-0.00013644595205374586
1.0,v20_new_0_force,heldout,0.04781880717694997,0.04702030916728702,0.03173805605024358,eV/L0,-0.02515900811312684
1.0,v20_new_0_Haa,heldout,19.407850341619266,18.74828624456298,1.9407850341619266,eV/L0^2,-0.3398439731585731
1.0,v20_new_0_Hxx,heldout,4.329394100444026,4.17509851909548,0.4329394100444026,eV/L0^2,-0.35639070449308785
1.0,v20_new_1_energy,heldout,0.0036442749373840483,0.003384043787672312,0.004433026104653031,eV/cell,-0.058702823662281196
1.0,v20_new_1_force,heldout,0.3655179304564104,0.3304758057168281,0.03173805605024358,eV/L0,-1.1041043183019192
1.0,v20_new_1_Haa,heldout,17.703231197779825,15.075474182367536,1.7703231197779825,eV/L0^2,-1.4843375122061548
1.0,v20_new_1_Hxx,heldout,3.9093512902826126,3.099704872759502,0.3909351290282613,eV/L0^2,-2.071050559041933
1.0,v20_new_2_energy,heldout,0.034823381685342755,0.031702231071676,0.004433026104653031,eV/cell,-0.7040677270974569
1.0,v20_new_2_force,heldout,1.045799857810823,0.9648208676124612,0.03173805605024358,eV/L0,-2.5514792106412028
1.0,v20_new_2_Haa,heldout,13.514055878705095,11.498298961348492,1.3514055878705096,eV/L0^2,-1.4916002534316521
1.0,v20_new_2_Hxx,heldout,2.9805611045837717,1.8125191881921645,0.29805611045837715,eV/L0^2,-3.9188658625226256
1.0,v20_new_3_energy,heldout,0.22661995382203423,0.17162883977512822,0.022661995382203426,eV/cell,-2.426578644971872
1.0,v20_new_3_force,heldout,1.596539848274592,1.0930926512874253,0.03173805605024358,eV/L0,-15.862571929111676
1.0,v20_new_3_Haa,heldout,-2.2820717486649773,-0.41820220252489726,0.22820717486649775,eV/L0^2,8.167444986032768
1.0,v20_new_3_Hxx,heldout,-0.8053213981525169,0.18193254139238962,0.1,eV/L0^2,9.872539395449063
1.0,v20_new_4_energy,heldout,0.4890270726004544,0.4122647902527935,0.04890270726004545,eV/cell,-1.5696939218409558
1.0,v20_new_4_force,heldout,0.5582577926902346,0.8115053870729203,0.03173805605024358,eV/L0,7.979303898820297
1.0,v20_new_4_Haa,heldout,-1.9854681988380205,-1.3342689975931172,0.19854681988380207,eV/L0^2,3.279826902420358
1.0,v20_new_4_Hxx,heldout,-1.0730096719553677,-0.01363667592051184,0.10730096719553678,eV/L0^2,9.872911901197858
1.0,v20_new_5_energy,heldout,0.6157939144055483,0.5670571971058195,0.06157939144055483,eV/cell,-0.7914452572461103
1.0,v20_new_5_force,heldout,0.6195747950914187,0.536379091584968,0.03173805605024358,eV/L0,-2.6213232270667746
1.0,v20_new_5_Haa,heldout,0.4318686304614479,-1.0127961079473593,0.1,eV/L0^2,-14.44664738408807
1.0,v20_new_5_Hxx,heldout,0.05966529359502488,-0.004979533079556589,0.1,eV/L0^2,-0.6464482667458146
1.0,v20_new_6_energy,heldout,0.729941495134474,0.653402670985943,0.0729941495134474,eV/cell,-1.0485610786441268
1.0,v20_new_6_force,heldout,0.4717044111502519,0.36873271210577235,0.03173805605024358,eV/L0,-3.244423630781548
1.0,v20_new_6_Haa,heldout,-1.7417609490586863,-0.7357811009920551,0.17417609490586863,eV/L0^2,5.775648194491332
1.0,v20_new_6_Hxx,heldout,0.20899465255336805,-0.001243986770389302,0.1,eV/L0^2,-2.1023863932375733
1.0,v20_new_7_energy,heldout,0.02046914476243608,0.01894823295376629,0.004433026104653031,eV/cell,-0.3430865897842104
1.0,v20_new_7_force,heldout,0.06281548916376087,-0.1487731315788375,0.03173805605024358,eV/L0,-6.6667164620176695
1.0,v20_new_7_Haa,heldout,21.501318205218237,23.511322085205038,2.150131820521824,eV/L0^2,0.9348282095090269
1.0,v20_new_7_Hxx,heldout,4.662002299739686,3.3235217730560023,0.4662002299739686,eV/L0^2,-2.871042184510335
1.0,v20_new_8_energy,heldout,0.06003679436536899,0.04703977092458456,0.006003679436536899,eV/cell,-2.1648430063883453
1.0,v20_new_8_force,heldout,0.3178698348179461,0.2110266672956322,0.03173805605024358,eV/L0,-3.3664055338856818
1.0,v20_new_8_Haa,heldout,14.458727489192233,17.237229974702288,1.4458727489192233,eV/L0^2,1.9216784378756429
1.0,v20_new_8_Hxx,heldout,0.86111106885732,0.38690174791228044,0.1,eV/L0^2,-4.742093209450395
1.0,v20_new_9_energy,heldout,0.09377427653904365,0.07838240501357091,0.009377427653904365,eV/cell,-1.6413745958428387
1.0,v20_new_9_force,heldout,0.5947790357818696,0.7904274654945457,0.03173805605024358,eV/L0,6.1644742640491526
1.0,v20_new_9_Haa,heldout,11.056850642860084,7.49957710063091,1.1056850642860085,eV/L0^2,-3.2172574787616113
1.0,v20_new_9_Hxx,heldout,0.0757661767331005,-0.12432056305464664,0.1,eV/L0^2,-2.0008673978774714
1.0,v20_new_10_energy,heldout,0.038168092494978115,0.038294454017897425,0.004433026104653031,eV/cell,0.02850457451326032
1.0,v20_new_10_force,heldout,-0.4360667641505048,-0.6432524670611591,0.03173805605024358,eV/L0,-6.527989697373548
1.0,v20_new_10_Haa,heldout,26.40271381173358,20.693654719599873,2.640271381173358,eV/L0^2,-2.162300107800492
1.0,v20_new_10_Hxx,heldout,4.254835571305176,1.610729852358733,0.42548355713051766,eV/L0^2,-6.214354643404846
1.0,v20_new_11_energy,heldout,0.2277352928888806,0.1969689999861944,0.022773529288888063,eV/cell,-1.3509672792656722
1.0,v20_new_11_force,heldout,1.3946641093269667,1.0147627419558418,0.03173805605024358,eV/L0,-11.969900323123579
1.0,v20_new_11_Haa,heldout,2.8654264155114735,0.06786804380644967,0.28654264155114734,eV/L0^2,-9.76314853719831
1.0,v20_new_11_Hxx,heldout,-0.12044589256531853,-0.11580287136416287,0.1,eV/L0^2,0.04643021201155659
