beta,observable,previous_role,target,scale,prediction,units,normalized_error,used_for_LS,used_for_diagnostic_LP,blind_validation
0.0,normal_strain_force_ev,exact,0.0,0.1,-2.220446049250313e-16,eV/strain,-2.220446049250313e-15,False,False,False
0.0,cohesive_ev_atom,exact,3.36,0.0672,3.3600000000000043,eV/atom,6.608470384673551e-14,False,False,False
0.0,C11_GPa,exact,113.99999999999996,5.699999999999998,114.0,GPa,7.479397218527373e-15,False,False,False
0.0,C12_GPa,exact,62.000000000000014,3.100000000000001,62.00000000000013,GPa,3.66731734585858e-14,False,False,False
0.0,C44_GPa,exact,32.0,1.6,32.00000000000015,GPa,9.325873406851315e-14,False,False,False
0.0,perfect_Haa,exact,19.66091286328976,1.9660912863289761,19.66091286328976,eV/L0^2,0.0,False,False,False
0.0,perfect_Hxx,exact,4.393593035123306,0.43935930351233066,4.3935930351233115,eV/L0^2,1.2129185556329504e-14,False,False,False
0.0,saddle_energy_at_source_state,fit,0.07624909750742465,0.007624909750742465,0.055716503801580206,eV/cell,-2.6928310467996175,True,False,False
0.0,saddle_normal_force_at_source_state,fit,1.4903612010162394e-15,0.03173805605024358,0.10969392903878131,eV/L0,3.4562270879201487,True,False,False
0.0,fault_energy_at_source_state,fit,0.06670794504308616,0.006670794504308616,0.04223639059900002,eV/cell,-3.668461744441408,True,False,False
0.0,fault_normal_force_at_source_state,fit,5.29078226360765e-15,0.03173805605024358,0.023571245994283105,eV/L0,0.7426808358067951,True,False,False
0.0,saddle_path_force_at_source_state,fit,2.296700476743968e-16,0.03173805605024358,-0.07347569901652969,eV/L0,-2.315066143314282,True,False,False
0.0,opening_1.1h_energy,fit,0.05670265774764735,0.005670265774764736,0.05193357308642642,eV/cell,-0.8410689817125557,True,False,False
0.0,opening_1.5h_energy,fit,0.4710312483934004,0.04710312483934004,0.39056589041220796,eV/cell,-1.7082806768265317,True,False,False
0.0,opening_2h_energy,fit,0.7060534019484034,0.07060534019484034,0.6330004339779337,eV/cell,-1.034666326497046,True,False,False
0.0,opening_40h_energy,fit,0.7719163228888833,0.07719163228888834,0.812563788870035,eV/cell,0.5265786559484741,True,False,False
0.0,direct_quarter_energy,fit,0.117221996542065,0.0117221996542065,0.0954355187023466,eV/cell,-1.8585656687651064,True,False,False
0.0,direct_half_energy,fit,0.26732847628894163,0.026732847628894163,0.19612379519748768,eV/cell,-2.6635651420274606,True,False,False
0.0,oblique_energy,fit,0.13339289745734875,0.013339289745734876,0.08325443534707773,eV/cell,-3.758705528253659,True,False,False
0.0,opening_1.25h_energy,fit,0.24853683654490819,0.02485368365449082,0.18849794631861788,eV/cell,-2.415693828767385,True,False,False
0.0,opening_3h_energy,fit,0.7719163228888833,0.07719163228888834,0.7823311507665711,eV/cell,0.13492172103202144,True,False,False
0.0,saddle_Haa,fit,12.717337762538286,1.2717337762538286,18.366580686117004,eV/L0^2,4.442158436823,True,True,False
0.0,saddle_Hxx,fit,-0.18642463121762062,0.018642463121762064,0.09474070412680355,eV/L0^2,15.081984258625624,True,True,False
0.0,fault_Haa,fit,14.140554350039636,1.4140554350039638,17.544286275710185,eV/L0^2,2.407071067663629,True,True,False
0.0,fault_Hxx,fit,2.4858929774856264,0.24858929774856264,2.4300771434729844,eV/L0^2,-0.22453031774962942,True,True,False
0.0,saddle_normal_path_coupling,fit,1.2055891043737141,0.12055891043737142,1.3318673429484265,eV/L0^2,1.0474401113662355,True,True,False
0.0,opening_1.1h_normal_force,fit,1.2761663221727821,0.03173805605024358,1.1182524041171695,eV/L0,-4.97553844525398,True,False,False
0.0,opening_1.3h_normal_force,fit,1.4139711872929317,0.03173805605024358,1.0666347989132765,eV/L0,-10.943845704658067,True,False,False
0.0,opening_1.5h_normal_force,fit,0.6379256757978651,0.03173805605024358,0.8530578098867952,eV/L0,6.778365182428339,True,False,False
0.0,opening_2h_normal_force,fit,0.5548811295393773,0.03173805605024358,0.38349062805535256,eV/L0,-5.4001575021703125,True,False,False
0.0,opening_2.5h_normal_force,fit,0.0005156382639574782,0.03173805605024358,0.16246764979940687,eV/L0,5.102770354903525,True,False,False
0.0,opening_3h_normal_force,fit,0.0,0.03173805605024358,0.06653890623684577,eV/L0,2.096502259984354,True,False,False
0.0,shockley_0.15_energy,fit,0.013715574532912111,0.004433026104653031,0.012269885388019392,eV/cell,-0.3261178957135585,True,False,False
0.0,shockley_0.35_energy,fit,0.04820527408303389,0.004820527408303389,0.043905780788396985,eV/cell,-0.8919134630851807,True,False,False
0.0,shockley_0.75_energy,fit,0.08334161260537679,0.00833416126053768,0.06300439820511118,eV/cell,-2.440223288762419,True,False,False
0.0,new_direct_017_energy,fit,0.05826439239193282,0.0058264392391932825,0.052437408419764076,eV/cell,-1.0000934932903436,True,False,False
0.0,new_direct_017_normal_force,fit,-0.44118804525591643,0.03173805605024358,-0.6552805456388082,eV/L0,-6.7456084910798655,True,False,False
0.0,new_direct_017_Haa,fit,26.109437232644353,2.6109437232644357,19.30026410709982,eV/L0^2,-2.607935615338003,True,True,False
0.0,new_direct_039_energy,fit,0.2262381941113307,0.022623819411133072,0.17093733264115962,eV/cell,-2.44436451976618,True,False,False
0.0,new_direct_039_normal_force,fit,-1.9685101248020884,0.03173805605024358,-1.8831576117361104,eV/L0,2.6892798012221975,True,False,False
0.0,new_direct_039_Haa,fit,36.31678531793335,3.6316785317933356,35.8924224493951,eV/L0^2,-0.1168503392641147,True,True,False
0.0,new_raised_direct_energy,fit,0.11960599647825673,0.011960599647825674,0.08262002872394897,eV/cell,-3.0923171783474475,True,False,False
0.0,new_raised_direct_normal_force,fit,0.08783049166112324,0.03173805605024358,-0.12639017396143096,eV/L0,-6.749646710668977,True,False,False
0.0,new_raised_direct_Haa,fit,20.00400949091716,2.000400949091716,21.016773143722233,eV/L0^2,0.5062803300832865,True,True,False
0.0,new_off_path_positive_energy,fit,0.05360470506556986,0.0053604705065569865,0.04267822594603268,eV/cell,-2.0383432958304284,True,False,False
0.0,new_off_path_positive_normal_force,fit,0.35206897342006,0.03173805605024358,0.2394584802112902,eV/L0,-3.5481219464260643,True,False,False
0.0,new_off_path_positive_Haa,fit,13.446420569551602,1.3446420569551603,16.965583734280642,eV/L0^2,2.6171746945785093,True,True,False
0.0,new_off_path_negative_energy,fit,0.21544733160917068,0.021544733160917068,0.12392873423002004,eV/cell,-4.247840838668112,True,False,False
0.0,new_off_path_negative_normal_force,fit,-0.05312860042135701,0.03173805605024358,-0.029108057972218326,eV/L0,0.7568372307085371,True,False,False
0.0,new_off_path_negative_Haa,fit,13.5831841481301,1.35831841481301,20.94680206128462,eV/L0^2,5.421127942352323,True,True,False
0.0,new_shockley_058_energy,fit,0.07969505412787091,0.007969505412787091,0.0671311955185394,eV/cell,-1.5764916338688686,True,False,False
0.0,new_shockley_058_normal_force,fit,-0.6123357455328253,0.03173805605024358,-0.6992164152558618,eV/L0,-2.737428832613384,True,False,False
0.0,new_shockley_058_Haa,fit,23.107568998056017,2.3107568998056016,27.6337270754925,eV/L0^2,1.958733987905547,True,True,False
0.0,new_opening_1.17h_energy,fit,0.14263027381623705,0.014263027381623706,0.11624159522105454,eV/cell,-1.8501456871057638,True,False,False
0.0,new_opening_1.17h_normal_force,fit,1.6398229617729339,0.03173805605024358,1.1125518136441062,eV/L0,-16.613214977442862,True,False,False
0.0,new_opening_1.42h_energy,fit,0.4226003973463561,0.042260039734635615,0.3317492491830095,eV/cell,-2.149812180344131,True,False,False
0.0,new_opening_1.42h_normal_force,fit,0.8686291067124379,0.03173805605024358,0.9473069259997874,eV/L0,2.478974111167898,True,False,False
0.0,new_opening_1.78h_energy,fit,0.5953584311886578,0.05953584311886578,0.5497263316674429,eV/cell,-0.7664643201593461,True,False,False
0.0,new_opening_1.78h_normal_force,fit,0.5989965116849877,0.03173805605024358,0.5532261949159699,eV/L0,-1.4421272902335334,True,False,False
0.0,new_opening_2.23h_energy,fit,0.7765619947928292,0.07765619947928293,0.6926360571744089,eV/cell,-1.080737123129622,True,False,False
0.0,new_opening_2.23h_normal_force,fit,0.15664558956102492,0.03173805605024358,0.2593551373815023,eV/L0,3.236163792069713,True,False,False
0.0,new_opening_3.4h_energy,fit,0.7719163228888833,0.07719163228888834,0.7977453310477993,eV/cell,0.3346089128190911,True,False,False
0.0,new_opening_3.4h_normal_force,fit,0.0,0.03173805605024358,0.031948569680249075,eV/L0,1.0066328457443088,True,False,False
0.0,new_opening_5.5h_energy,fit,0.7719163228888833,0.07719163228888834,0.8116852562967795,eV/cell,0.5151974667287974,True,False,False
0.0,new_opening_5.5h_normal_force,fit,0.0,0.03173805605024358,0.00083953986567619,eV/L0,0.026452151459659002,True,False,False
0.0,v16_direct011_energy,fit,0.025339211626875774,0.004433026104653031,0.024801900596263096,eV/cell,-0.12120637639573129,True,False,False
0.0,v16_direct011_normal_force,fit,-0.1684646879274777,0.03173805605024358,-0.41628444572972,eV/L0,-7.808284080471915,True,False,False
0.0,v16_direct011_Haa,fit,23.17866876533168,2.317866876533168,24.153068284472344,eV/L0^2,0.4203863168354489,True,True,False
0.0,v16_direct031_energy,fit,0.16617323878813156,0.016617323878813157,0.12991912327208127,eV/cell,-2.181706018396485,True,False,False
0.0,v16_direct031_normal_force,fit,-1.4977500080753077,0.03173805605024358,-1.3901173390197874,eV/L0,3.3912810817754613,True,False,False
0.0,v16_direct031_Haa,fit,34.460781638400974,3.4460781638400975,28.46447329271333,eV/L0^2,-1.7400384032513434,True,True,False
0.0,v16_raised043_energy,fit,0.1726273519698645,0.017262735196986453,0.11056236573427525,eV/cell,-3.5953158944605668,True,False,False
0.0,v16_raised043_normal_force,fit,-0.17083895700384927,0.03173805605024358,-0.17043344271425315,eV/L0,0.012776910121847502,True,False,False
0.0,v16_raised043_Haa,fit,18.238440853611248,1.8238440853611249,21.55239052243711,eV/L0^2,1.8170136885191557,True,True,False
0.0,v16_off_plus_energy,fit,0.0652424878354941,0.006524248783549411,0.05407038676499597,eV/cell,-1.712396544207215,True,False,False
0.0,v16_off_plus_normal_force,fit,-0.08042066717244803,0.03173805605024358,-0.27471333001371884,eV/L0,-6.121756875521671,True,False,False
0.0,v16_off_plus_Haa,fit,20.981095919956758,2.098109591995676,22.435911302992608,eV/L0^2,0.6933934188118656,True,True,False
0.0,v16_off_minus_energy,fit,0.21182429891635463,0.021182429891635463,0.13014270819132026,eV/cell,-3.8561010773031694,True,False,False
0.0,v16_off_minus_normal_force,fit,0.3481661631135443,0.03173805605024358,0.5974707139532254,eV/L0,7.855066814584181,True,False,False
0.0,v16_off_minus_Haa,fit,5.497617912510364,0.5497617912510364,11.361969821052426,eV/L0^2,10.667077999722679,True,True,False
0.0,v16_shockley043_energy,fit,0.061697611386283796,0.00616976113862838,0.055105110013047076,eV/cell,-1.068518087671433,True,False,False
0.0,v16_shockley043_normal_force,fit,-0.43484281773712713,0.03173805605024358,-0.5929258357117542,eV/L0,-4.980866431276398,True,False,False
0.0,v16_shockley043_Haa,fit,25.03469226049791,2.5034692260497913,26.41367095667054,eV/L0^2,0.5508271009779947,True,True,False
0.0,v16_opening1.21_energy,fit,0.19627832926906572,0.019627832926906574,0.15248712948489312,eV/cell,-2.2310766525907177,True,False,False
0.0,v16_opening1.21_normal_force,fit,1.631864707518524,0.03173805605024358,1.1072659854585767,eV/L0,-16.52901240168807,True,False,False
0.0,v16_opening1.21_Haa,fit,-1.3832350292334812,0.13832350292334814,-0.19048497072156745,eV/L0^2,8.622902350679157,True,True,False
0.0,v16_opening1.62_energy,fit,0.5246331923940108,0.05246331923940109,0.46727152661522037,eV/cell,-1.0933670726596083,True,False,False
0.0,v16_opening1.62_normal_force,fit,0.5093642313524578,0.03173805605024358,0.7144243686336774,eV/L0,6.461017554339024,True,False,False
0.0,v16_opening1.62_Haa,fit,-0.15582859326870177,0.1,-1.3519654998072181,eV/L0^2,-11.961369065385163,True,True,False
0.0,v16_opening1.93_energy,fit,0.6719836252695317,0.06719836252695317,0.6097391632170118,eV/cell,-0.9262794465795756,True,False,False
0.0,v16_opening1.93_normal_force,fit,0.6270410192299789,0.03173805605024358,0.4313716035586997,eV/L0,-6.165135487867333,True,False,False
0.0,v16_opening1.93_Haa,fit,-0.6638075680371565,0.1,-0.8850200794947689,eV/L0^2,-2.2121251145761245,True,True,False
0.0,v16_opening2.71_energy,fit,0.7719163228888833,0.07719163228888834,0.7616277936050926,eV/cell,-0.13328555153861907,True,False,False
0.0,v16_opening2.71_normal_force,fit,0.0,0.03173805605024358,0.1121274254807914,eV/L0,3.5329014890920156,True,False,False
0.0,v16_opening2.71_Haa,fit,0.0,0.1,-0.244543284756265,eV/L0^2,-2.4454328475626497,True,True,False
0.0,v16_opening4.3_energy,fit,0.7719163228888833,0.07719163228888834,0.8091807307733305,eV/cell,0.4827519094943579,True,False,False
0.0,v16_opening4.3_normal_force,fit,0.0,0.03173805605024358,0.006086163816564828,eV/L0,0.19176233752092448,True,False,False
0.0,v16_opening4.3_Haa,fit,0.0,0.1,-0.013488158990230651,eV/L0^2,-0.1348815899023065,True,True,False
0.0,v16_opening6.2_energy,fit,0.7719163228888833,0.07719163228888834,0.8120004698364653,eV/cell,0.5192809862805826,True,False,False
0.0,v16_opening6.2_normal_force,fit,0.0,0.03173805605024358,0.00035648362548811204,eV/L0,0.011232056081940662,True,False,False
0.0,v16_opening6.2_Haa,fit,0.0,0.1,-0.00044963210921572993,eV/L0^2,-0.004496321092157299,True,True,False
0.0,v17_near_0.985_normal_force,fit,-0.24821900083247345,0.03173805605024358,-0.27562747555357264,eV/L0,-0.8635839157165028,True,False,False
0.0,v17_near_0.985_Haa,fit,20.878110673451364,2.0878110673451364,25.76428243631465,eV/L0^2,2.340332341027654,True,True,False
0.0,v17_near_1.015_normal_force,fit,0.2329580444899274,0.03173805605024358,0.2165793403862241,eV/L0,-0.516058831006369,True,False,False
0.0,v17_near_1.015_Haa,fit,18.39295935022696,1.839295935022696,16.12300254694643,eV/L0^2,-1.2341444136625674,True,True,False
0.0,v17_near_1.065_normal_force,fit,0.9078686582498847,0.03173805605024358,0.8459624404098153,eV/L0,-1.9505359037134327,True,False,False
0.0,v17_near_1.065_Haa,fit,14.605604041867348,1.4605604041867348,15.049429198539702,eV/L0^2,0.3038731951106693,True,True,False
0.0,v17_near_1.095_normal_force,fit,1.2303804278835464,0.03173805605024358,1.1019309420450494,eV/L0,-4.047175593714764,True,False,False
0.0,v17_near_1.095_Haa,fit,11.545874277606002,1.1545874277606003,4.8387666702801155,eV/L0^2,-5.809094613419419,True,True,False
0.0,v17_direct023_energy,heldout,0.10138618519039871,0.010138618519039872,0.08417973972551525,eV/cell,-1.6971193296769704,False,False,False
0.0,v17_direct023_normal_force,heldout,-0.8610948380753036,0.03173805605024358,-0.9120689905584602,eV/L0,-1.6060893081309373,False,False,False
0.0,v17_direct023_Haa,heldout,29.67272464413389,2.967272464413389,20.923463577454182,eV/L0^2,-2.9485870177443854,False,True,False
0.0,v17_direct023_Hxx,heldout,1.5318476269016676,0.1531847626901668,0.7644648883142552,eV/L0^2,-5.00952395728503,False,True,False
0.0,v17_direct047_energy,heldout,0.26395051027571553,0.026395051027571555,0.19413132222464757,eV/cell,-2.6451620789873345,False,False,False
0.0,v17_direct047_normal_force,heldout,-2.2580600813748397,0.03173805605024358,-2.1755319773024793,eV/L0,2.600288560260674,False,False,False
0.0,v17_direct047_Haa,heldout,35.337517734960244,3.5337517734960247,40.06883905214469,eV/L0^2,1.3388946424223898,False,True,False
0.0,v17_direct047_Hxx,heldout,-7.290154929569364,0.7290154929569365,-4.317046453476499,eV/L0^2,4.0782514292443,False,True,False
0.0,v17_off_plus_energy,heldout,0.08014986299727256,0.008014986299727257,0.06428855669839408,eV/cell,-1.9789561336390844,False,False,False
0.0,v17_off_plus_normal_force,heldout,0.496288954541943,0.03173805605024358,0.4442839497050488,eV/L0,-1.6385693173698666,False,False,False
0.0,v17_off_plus_Haa,heldout,13.145916399036436,1.3145916399036437,14.532557794468696,eV/L0^2,1.0548077086005945,False,True,False
0.0,v17_off_plus_Hxx,heldout,0.5867789207029961,0.1,-0.025431635539373415,eV/L0^2,-6.122105562423695,False,True,False
0.0,v17_off_minus_energy,heldout,0.21284911087573022,0.021284911087573022,0.12601903809663384,eV/cell,-4.079419097493493,False,False,False
0.0,v17_off_minus_normal_force,heldout,0.06702268289699899,0.03173805605024358,0.2174926519946416,eV/L0,4.740995127724207,False,False,False
0.0,v17_off_minus_Haa,heldout,11.464221151869252,1.1464221151869252,18.657873500598228,eV/L0^2,6.274872277351388,False,True,False
0.0,v17_off_minus_Hxx,heldout,-2.835312235036081,0.2835312235036081,-0.8707386573727707,eV/L0^2,6.928949670470102,False,True,False
0.0,v17_shockley067_energy,heldout,0.07506981596967024,0.007506981596967025,0.057697203331178025,eV/cell,-2.314194115716377,False,False,False
0.0,v17_shockley067_normal_force,heldout,-0.08375074170661885,0.03173805605024358,-0.01782238006925592,eV/L0,2.077265272107204,False,False,False
0.0,v17_shockley067_Haa,heldout,14.560238367523052,1.4560238367523053,19.456149592635057,eV/L0^2,3.3625213417058117,False,True,False
0.0,v17_shockley067_Hxx,heldout,0.4530475235373633,0.1,0.004034557413647277,eV/L0^2,-4.49012966123716,False,True,False
0.0,v17_compression_energy,heldout,0.025317916775100896,0.004433026104653031,0.030791006176704667,eV/cell,1.234617002561537,False,False,False
0.0,v17_compression_normal_force,heldout,-0.6769543589544016,0.03173805605024358,-0.8615107242609809,eV/L0,-5.814986431885227,False,False,False
0.0,v17_compression_Haa,heldout,26.962376342241654,2.6962376342241656,21.443337228427062,eV/L0^2,-2.0469409089761776,False,True,False
0.0,v17_compression_Hxx,heldout,5.568444170552721,0.5568444170552721,1.9521204464844386,eV/L0^2,-6.494316209889068,False,True,False
0.0,v17_opening1.045_energy,heldout,0.012439540042104347,0.004433026104653031,0.011272980604075108,eV/cell,-0.26315194417754156,False,False,False
0.0,v17_opening1.045_normal_force,heldout,0.6560493060873362,0.03173805605024358,0.5901429963410457,eV/L0,-2.0765704629784567,False,False,False
0.0,v17_opening1.045_Haa,heldout,16.173163667497242,1.6173163667497243,15.518030174470997,eV/L0^2,-0.4050744223548844,False,True,False
0.0,v17_opening1.045_Hxx,heldout,3.5468340021412335,0.35468340021412337,2.4516969400793287,eV/L0^2,-3.087646789787082,False,True,False
0.0,v17_opening1.255_energy,heldout,0.2548812728796389,0.02548812728796389,0.19296865433899757,eV/cell,-2.4290767948996383,False,False,False
0.0,v17_opening1.255_normal_force,heldout,1.5479287243761108,0.03173805605024358,1.0939932688266845,eV/L0,-14.30256014517129,False,False,False
0.0,v17_opening1.255_Haa,heldout,-3.07660296796585,0.307660296796585,-0.5547698846471386,eV/L0^2,8.196810279312919,False,True,False
0.0,v17_opening1.255_Hxx,heldout,-0.8591645505462155,0.1,0.08458079458096512,eV/L0^2,9.437453451271805,False,True,False
0.0,v17_opening1.555_energy,heldout,0.4970497627048889,0.04970497627048889,0.4274138139166475,eV/cell,-1.4009854548423957,False,False,False
0.0,v17_opening1.555_normal_force,heldout,0.5361595264738468,0.03173805605024358,0.7882399660306543,eV/L0,7.942529282755893,False,False,False
0.0,v17_opening1.555_Haa,heldout,-0.9598397042596563,0.1,-1.4248946920217034,eV/L0^2,-4.650549877620471,False,True,False
0.0,v17_opening1.555_Hxx,heldout,-0.8905810007935903,0.1,-0.02665350798394839,eV/L0^2,8.639274928096418,False,True,False
0.0,v17_opening1.855_energy,heldout,0.6331364785570511,0.06331364785570512,0.5815971397404436,eV/cell,-0.8140320541010085,False,False,False
0.0,v17_opening1.855_normal_force,heldout,0.6294361584094642,0.03173805605024358,0.48885298966967583,eV/L0,-4.429482653796922,False,False,False
0.0,v17_opening1.855_Haa,heldout,0.33758173393615254,0.1,-0.9937392805097071,eV/L0^2,-13.313210144458596,False,True,False
0.0,v17_opening1.855_Hxx,heldout,-0.0764657682265532,0.1,-0.006340013367973784,eV/L0^2,0.7012575485857941,False,True,False
0.0,v17_opening2.455_energy,heldout,0.7722611869157332,0.07722611869157332,0.7321295529912382,eV/cell,-0.5196640023406236,False,False,False
0.0,v17_opening2.455_normal_force,heldout,-0.03892592855831557,0.03173805605024358,0.1757613108308774,eV/L0,6.7643474776567265,False,False,False
0.0,v17_opening2.455_Haa,heldout,1.5212189106347462,0.15212189106347462,-0.3755351588398555,eV/L0^2,-12.46864640068903,False,True,False
0.0,v17_opening2.455_Hxx,heldout,0.04446583977668427,0.1,-0.00012717439507361466,eV/L0^2,-0.44593014171757883,False,True,False
0.0,v17_opening3.75_energy,heldout,0.7719163228888833,0.07719163228888834,0.8044655970551337,eV/cell,0.4216684270185558,False,False,False
0.0,v17_opening3.75_normal_force,heldout,0.0,0.03173805605024358,0.016711084722412818,eV/L0,0.5265314515784455,False,False,False
0.0,v17_opening3.75_Haa,heldout,0.0,0.1,-0.03790652609347442,eV/L0^2,-0.3790652609347442,False,True,False
0.0,v17_opening3.75_Hxx,heldout,0.0,0.1,-1.7434951841438147e-08,eV/L0^2,-1.7434951841438146e-07,False,True,False
0.0,v19_new_0_energy,heldout,0.00042417681882149505,0.004433026104653031,0.00043902856301173966,eV/cell,0.0033502496578253385,False,False,False
0.0,v19_new_0_force,heldout,-0.13054663793646185,0.03173805605024358,-0.1376303243676841,eV/L0,-0.22319219614485156,False,False,False
0.0,v19_new_0_Haa,heldout,20.302032153219432,2.030203215321943,22.605288441455848,eV/L0^2,1.1344954391037019,False,True,False
0.0,v19_new_0_Hxx,heldout,4.57090105595751,0.45709010559575103,5.113640001528935,eV/L0^2,1.1873784597985195,False,True,False
0.0,v19_new_1_energy,heldout,0.004931943136885955,0.004433026104653031,0.00454818862758632,eV/cell,-0.08656716659007169,False,False,False
0.0,v19_new_1_force,heldout,0.42285939529142164,0.03173805605024358,0.38016972887466405,eV/L0,-1.3450624181007442,False,False,False
0.0,v19_new_1_Haa,heldout,17.415188636660293,1.7415188636660295,14.982565398482206,eV/L0^2,-1.3968400164539303,False,True,False
0.0,v19_new_1_Hxx,heldout,3.8361643120715834,0.3836164312071584,2.8898749639884462,eV/L0^2,-2.4667591664553266,False,True,False
0.0,v19_new_2_energy,heldout,0.10968805888528045,0.010968805888528046,0.09345521130725765,eV/cell,-1.4799101873979068,False,False,False
0.0,v19_new_2_force,heldout,1.574309479391436,0.03173805605024358,1.1214947121139753,eV/L0,-14.267249593378468,False,False,False
0.0,v19_new_2_Haa,heldout,5.20946471789603,0.5209464717896031,-0.6598953738795039,eV/L0^2,-11.266723952678996,False,True,False
0.0,v19_new_2_Hxx,heldout,0.9642979846199059,0.1,0.4702488093225332,eV/L0^2,-4.940491752973727,False,True,False
0.0,v19_new_3_energy,heldout,0.3373623063206088,0.03373623063206088,0.2542724604183201,eV/cell,-2.462926187827432,False,False,False
0.0,v19_new_3_force,heldout,1.321138459506241,0.03173805605024358,1.0461767924624474,eV/L0,-8.663469073484206,False,False,False
0.0,v19_new_3_Haa,heldout,-4.940080180276789,0.4940080180276789,-1.0787638633128693,eV/L0^2,7.816302926377953,False,True,False
0.0,v19_new_3_Hxx,heldout,-1.007259835979608,0.10072598359796081,0.006698680245719296,eV/L0^2,10.066503994366107,False,True,False
0.0,v19_new_4_energy,heldout,0.5605338261337047,0.05605338261337048,0.5136938736727059,eV/cell,-0.8356311479733254,False,False,False
0.0,v19_new_4_force,heldout,0.5382315998098468,0.03173805605024358,0.6247956928469188,eV/L0,2.7274541610247005,False,False,False
0.0,v19_new_4_Haa,heldout,0.9032785116339533,0.1,-1.227650305426486,eV/L0^2,-21.30928817060439,False,True,False
0.0,v19_new_4_Hxx,heldout,0.6453579543796875,0.1,-0.01435390928954036,eV/L0^2,-6.5971186366922785,False,True,False
0.0,v19_new_5_energy,heldout,0.7666938699728523,0.07666938699728523,0.6804230645134586,eV/cell,-1.1252314494499407,False,False,False
0.0,v19_new_5_force,heldout,0.27979903523926664,0.03173805605024358,0.284949519365859,eV/L0,0.16228102056530427,False,False,False
0.0,v19_new_5_Haa,heldout,-2.478203100860398,0.2478203100860398,-0.5960104096894304,eV/L0^2,7.594989654066271,False,True,False
0.0,v19_new_5_Hxx,heldout,0.0933444416558671,0.1,-0.0008440880556797749,eV/L0^2,-0.9418852971154686,False,True,False
0.0,v19_new_6_energy,heldout,0.07503741336914271,0.007503741336914272,0.05195935199244189,eV/cell,-3.075540632400197,False,False,False
0.0,v19_new_6_force,heldout,0.3995055633266556,0.03173805605024358,0.18501982617902363,eV/L0,-6.757998561981425,False,False,False
0.0,v19_new_6_Haa,heldout,16.75498366183509,1.6754983661835092,21.82302999035187,eV/L0^2,3.024799325863204,False,True,False
0.0,v19_new_6_Hxx,heldout,1.866294182504276,0.18662941825042761,1.3678354148998402,eV/L0^2,-2.6708477810051456,False,True,False
0.0,v19_new_7_energy,heldout,0.1746163283222475,0.01746163283222475,0.14609485547489875,eV/cell,-1.6333794852628842,False,False,False
0.0,v19_new_7_force,heldout,1.0346608991752084,0.03173805605024358,0.9552363502487462,eV/L0,-2.5025020058168517,False,False,False
0.0,v19_new_7_Haa,heldout,3.3869832062735408,0.3386983206273541,2.0298263983434706,eV/L0^2,-4.006978261410556,False,True,False
0.0,v19_new_7_Hxx,heldout,-0.5656137494473082,0.1,-0.17247331931770257,eV/L0^2,3.9314043012960562,False,True,False
0.0,v19_new_8_energy,heldout,0.17183161394321733,0.017183161394321734,0.13387942697215155,eV/cell,-2.2086847757600228,False,False,False
0.0,v19_new_8_force,heldout,-1.5479121827267546,0.03173805605024358,-1.435836068165807,eV/L0,3.5312847889462193,False,False,False
0.0,v19_new_8_Haa,heldout,34.71656366870985,3.4716563668709854,29.17780475648628,eV/L0^2,-1.5954225668987139,False,True,False
0.0,v19_new_8_Hxx,heldout,-0.974896485841256,0.1,-0.8532150621685101,eV/L0^2,1.2168142367274593,False,True,False
0.0,v19_new_9_energy,heldout,0.07736533900036079,0.007736533900036079,0.05385312880098567,eV/cell,-3.0391142213266162,False,False,False
0.0,v19_new_9_force,heldout,-0.22650351113925563,0.03173805605024358,-0.2805960925027534,eV/L0,-1.7043445029483033,False,False,False
0.0,v19_new_9_Haa,heldout,14.396252629283666,1.4396252629283666,24.04620587188826,eV/L0^2,6.703100793727015,False,True,False
0.0,v19_new_9_Hxx,heldout,-0.11946413441426519,0.1,0.7853808104675102,eV/L0^2,9.048449448817752,False,True,False
0.0,v19_power_new_0_energy,heldout,0.0021758842211834217,0.004433026104653031,0.002365307926080534,eV/cell,0.04273011266463956,False,False,False
0.0,v19_power_new_0_force,heldout,-0.2996693004614922,0.03173805605024358,-0.34053709425208983,eV/L0,-1.2876590086645834,False,False,False
0.0,v19_power_new_0_Haa,heldout,21.133296310436656,2.1133296310436656,27.242942290486475,eV/L0^2,2.8910047397729324,False,True,False
0.0,v19_power_new_0_Hxx,heldout,4.803281906544594,0.4803281906544594,6.233794069441046,eV/L0^2,2.9781973882218797,False,True,False
0.0,v19_power_new_1_energy,heldout,0.01645069708691336,0.004433026104653031,0.01490143012711143,eV/cell,-0.3494829318004184,False,False,False
0.0,v19_power_new_1_force,heldout,0.747061714559844,0.03173805605024358,0.679857078652206,eV/L0,-2.1174780144457603,False,False,False
0.0,v19_power_new_1_Haa,heldout,15.66515497295868,1.5665154972958681,15.834474008171254,eV/L0^2,0.10808640929812305,False,True,False
0.0,v19_power_new_1_Hxx,heldout,3.4372637547611467,0.3437263754761147,2.307606876480237,eV/L0^2,-3.286500422657873,False,True,False
0.0,v19_power_new_2_energy,heldout,0.13995417796875365,0.013995417796875366,0.11442446699288963,eV/cell,-1.824147827981513,False,False,False
0.0,v19_power_new_2_force,heldout,1.6376288066594074,0.03173805605024358,1.1129730842550722,eV/L0,-16.53080836374377,False,False,False
0.0,v19_power_new_2_Haa,heldout,1.5124016664736504,0.15124016664736506,-0.26996290526787803,eV/L0^2,-11.78499476198892,False,True,False
0.0,v19_power_new_2_Hxx,heldout,0.07390822082095283,0.1,0.3301332007001289,eV/L0^2,2.5622497987917607,False,True,False
0.0,v19_power_new_3_energy,heldout,0.39535837061576956,0.039535837061576956,0.3041125057750568,eV/cell,-2.307927986919756,False,False,False
0.0,v19_power_new_3_force,heldout,1.0383826381800587,0.03173805605024358,0.9864963931265676,eV/L0,-1.6348274441053217,False,False,False
0.0,v19_power_new_3_Haa,heldout,-6.006053628734572,0.6006053628734572,-1.3292994153251798,eV/L0^2,7.786734022877427,False,True,False
0.0,v19_power_new_3_Hxx,heldout,-1.4153601110072371,0.14153601110072372,-0.021098112008705594,eV/L0^2,9.850934671362957,False,True,False
0.0,v19_power_new_4_energy,heldout,0.5880885299154484,0.05880885299154484,0.5428669137813219,eV/cell,-0.7689593289742979,False,False,False
0.0,v19_power_new_4_force,heldout,0.5878736415051682,0.03173805605024358,0.5669603469871946,eV/L0,-0.6589343242971912,False,False,False
0.0,v19_power_new_4_Haa,heldout,0.9838769358246306,0.1,-1.1332238246865678,eV/L0^2,-21.171007605111985,False,True,False
0.0,v19_power_new_4_Hxx,heldout,0.5300888191539206,0.1,-0.010517575092553692,eV/L0^2,-5.406063942464742,False,True,False
0.0,v19_power_new_5_energy,heldout,0.7807571272106231,0.07807571272106231,0.7037500260706208,eV/cell,-0.9863131370330517,False,False,False
0.0,v19_power_new_5_force,heldout,0.03287588986152218,0.03173805605024358,0.23597099165304838,eV/L0,6.399103381442528,False,False,False
0.0,v19_power_new_5_Haa,heldout,-2.5224317074829634,0.25224317074829633,-0.49751683533810187,eV/L0^2,8.027630108429955,False,True,False
0.0,v19_power_new_5_Hxx,heldout,-0.10536285587305545,0.1,-0.0004045563296849358,eV/L0^2,1.049582995433705,False,True,False
0.0,v19_power_new_6_energy,heldout,0.09299247367372732,0.009299247367372731,0.0653587224818835,eV/cell,-2.971611583191064,False,False,False
0.0,v19_power_new_6_force,heldout,-0.03946790499084763,0.03173805605024358,-0.2822772125896197,eV/L0,-7.650415236975693,False,False,False
0.0,v19_power_new_6_Haa,heldout,22.032873653678617,2.2032873653678617,19.827627080604742,eV/L0^2,-1.0008892202337332,False,True,False
0.0,v19_power_new_6_Hxx,heldout,1.976588687531336,0.19765886875313363,1.0914713140897327,eV/L0^2,-4.4780048526285565,False,True,False
0.0,v19_power_new_7_energy,heldout,0.16640726473220147,0.01664072647322015,0.13392660495153555,eV/cell,-1.951877511654128,False,False,False
0.0,v19_power_new_7_force,heldout,0.9556810535854069,0.03173805605024358,0.921477354993893,eV/L0,-1.077687257762951,False,False,False
0.0,v19_power_new_7_Haa,heldout,3.6257942400934606,0.36257942400934606,2.9072445456661966,eV/L0^2,-1.9817718459631681,False,True,False
0.0,v19_power_new_7_Hxx,heldout,-0.7324824081355719,0.1,-0.16686226754425343,eV/L0^2,5.656201405913183,False,True,False
0.0,v19_power_new_8_energy,heldout,0.18770167030691334,0.018770167030691336,0.14493300137885595,eV/cell,-2.2785449302675786,False,False,False
0.0,v19_power_new_8_force,heldout,-1.6817465699911935,0.03173805605024358,-1.565908403474943,eV/L0,3.6498192054633236,False,False,False
0.0,v19_power_new_8_Haa,heldout,35.390692237109825,3.5390692237109826,31.178256413056346,eV/L0^2,-1.1902665807809265,False,True,False
0.0,v19_power_new_8_Hxx,heldout,-1.532495429303305,0.15324954293033052,-1.3926956470125962,eV/L0^2,0.9122362104157394,False,True,False
0.0,v19_power_new_9_energy,heldout,0.07659186968314344,0.007659186968314344,0.053473777194858,eV/cell,-3.0183481071716596,False,False,False
0.0,v19_power_new_9_force,heldout,-0.15953065932670854,0.03173805605024358,-0.1497281317238248,eV/L0,0.30885721505329927,False,False,False
0.0,v19_power_new_9_Haa,heldout,13.640977289265752,1.3640977289265752,21.84191050020597,eV/L0^2,6.01198362627114,False,True,False
0.0,v19_power_new_9_Hxx,heldout,-0.0018561341338510467,0.1,0.7320333962966388,eV/L0^2,7.338895304304898,False,True,False
0.0,v20_new_0_energy,heldout,5.8649043216202346e-05,0.004433026104653031,5.8046607822061135e-05,eV/cell,-0.00013589710051760737,False,False,False
0.0,v20_new_0_force,heldout,0.04781880717694997,0.03173805605024358,0.047023398339947245,eV/L0,-0.025061674720831678,False,False,False
0.0,v20_new_0_Haa,heldout,19.407850341619266,1.9407850341619266,18.750992369005086,eV/L0^2,-0.3384496278836082,False,True,False
0.0,v20_new_0_Hxx,heldout,4.329394100444026,0.4329394100444026,4.162393161638357,eV/L0^2,-0.3857374379212595,False,True,False
0.0,v20_new_1_energy,heldout,0.0036442749373840483,0.004433026104653031,0.0033867067352723827,eV/cell,-0.05810211716130313,False,False,False
0.0,v20_new_1_force,heldout,0.3655179304564104,0.03173805605024358,0.3309959197866936,eV/L0,-1.0877166079442924,False,False,False
0.0,v20_new_1_Haa,heldout,17.703231197779825,1.7703231197779825,15.155178952594486,eV/L0^2,-1.4393147876331707,False,True,False
0.0,v20_new_1_Hxx,heldout,3.9093512902826126,0.3909351290282613,3.029803287831415,eV/L0^2,-2.249856656876732,False,True,False
0.0,v20_new_2_energy,heldout,0.034823381685342755,0.004433026104653031,0.03197551588625368,eV/cell,-0.6424202636884715,False,False,False
0.0,v20_new_2_force,heldout,1.045799857810823,0.03173805605024358,0.9795654874978106,eV/L0,-2.08690696771594,False,False,False
0.0,v20_new_2_Haa,heldout,13.514055878705095,1.3514055878705096,11.831639932777406,eV/L0^2,-1.2449378343764081,False,True,False
0.0,v20_new_2_Hxx,heldout,2.9805611045837717,0.29805611045837715,1.7273985984183418,eV/L0^2,-4.204451652536851,False,True,False
0.0,v20_new_3_energy,heldout,0.22661995382203423,0.022661995382203426,0.17323838938305486,eV/cell,-2.355554466351192,False,False,False
0.0,v20_new_3_force,heldout,1.596539848274592,0.03173805605024358,1.1021987431370548,eV/L0,-15.57565795318278,False,False,False
0.0,v20_new_3_Haa,heldout,-2.2820717486649773,0.22820717486649775,-0.3601292259597167,eV/L0^2,8.4219197920907,False,True,False
0.0,v20_new_3_Hxx,heldout,-0.8053213981525169,0.1,0.12517614115510278,eV/L0^2,9.304975393076196,False,True,False
0.0,v20_new_4_energy,heldout,0.4890270726004544,0.04890270726004545,0.41567467499835603,eV/cell,-1.4999659878141114,False,False,False
0.0,v20_new_4_force,heldout,0.5582577926902346,0.03173805605024358,0.809288948118818,eV/L0,7.909468526717056,False,False,False
0.0,v20_new_4_Haa,heldout,-1.9854681988380205,0.19854681988380207,-1.4389488396872698,eV/L0^2,2.752596891104057,False,True,False
0.0,v20_new_4_Hxx,heldout,-1.0730096719553677,0.10730096719553678,-0.02800613837758277,eV/L0^2,9.738994539289225,False,True,False
0.0,v20_new_5_energy,heldout,0.6157939144055483,0.06157939144055483,0.5676366128696531,eV/cell,-0.7820360092772842,False,False,False
0.0,v20_new_5_force,heldout,0.6195747950914187,0.03173805605024358,0.5171565161245707,eV/L0,-3.2269865175331662,False,False,False
0.0,v20_new_5_Haa,heldout,0.4318686304614479,0.1,-1.0455784195802746,eV/L0^2,-14.774470500417225,False,True,False
0.0,v20_new_5_Hxx,heldout,0.05966529359502488,0.1,-0.007712152465081633,eV/L0^2,-0.673774460601065,False,True,False
0.0,v20_new_6_energy,heldout,0.729941495134474,0.0729941495134474,0.6500162086247089,eV/cell,-1.0949546921570867,False,False,False
0.0,v20_new_6_force,heldout,0.4717044111502519,0.03173805605024358,0.34827601936490227,eV/L0,-3.8889713846983507,False,False,False
0.0,v20_new_6_Haa,heldout,-1.7417609490586863,0.17417609490586863,-0.7223654035658827,eV/L0^2,5.852671952736819,False,True,False
0.0,v20_new_6_Hxx,heldout,0.20899465255336805,0.1,-0.0018241188705347827,eV/L0^2,-2.108187714239028,False,True,False
0.0,v20_new_7_energy,heldout,0.02046914476243608,0.004433026104653031,0.018724346306031644,eV/cell,-0.3935908373228498,False,False,False
0.0,v20_new_7_force,heldout,0.06281548916376087,0.03173805605024358,-0.1620140423410346,eV/L0,-7.083909964393359,False,False,False
0.0,v20_new_7_Haa,heldout,21.501318205218237,2.150131820521824,23.697676905544192,eV/L0^2,1.0214995561494982,False,True,False
0.0,v20_new_7_Hxx,heldout,4.662002299739686,0.4662002299739686,3.2525048769011544,eV/L0^2,-3.0233735039496525,False,True,False
0.0,v20_new_8_energy,heldout,0.06003679436536899,0.006003679436536899,0.04774914472997199,eV/cell,-2.04668649705336,False,False,False
0.0,v20_new_8_force,heldout,0.3178698348179461,0.03173805605024358,0.19377185571130634,eV/L0,-3.910068685687111,False,False,False
0.0,v20_new_8_Haa,heldout,14.458727489192233,1.4458727489192233,17.787358276154155,eV/L0^2,2.302160262339852,False,True,False
0.0,v20_new_8_Hxx,heldout,0.86111106885732,0.1,0.48036346857988477,eV/L0^2,-3.8074760027743526,False,True,False
0.0,v20_new_9_energy,heldout,0.09377427653904365,0.009377427653904365,0.08178246038191664,eV/cell,-1.2787959128785304,False,False,False
0.0,v20_new_9_force,heldout,0.5947790357818696,0.03173805605024358,0.7729484018583995,eV/L0,5.613745397464647,False,False,False
0.0,v20_new_9_Haa,heldout,11.056850642860084,1.1056850642860085,7.871991980513259,eV/L0^2,-2.880439254557023,False,True,False
0.0,v20_new_9_Hxx,heldout,0.0757661767331005,0.1,-0.20620779404978562,eV/L0^2,-2.819739707828861,False,True,False
0.0,v20_new_10_energy,heldout,0.038168092494978115,0.004433026104653031,0.038083210870186,eV/cell,-0.019147558076191257,False,False,False
0.0,v20_new_10_force,heldout,-0.4360667641505048,0.03173805605024358,-0.6421133916514875,eV/L0,-6.492099805192742,False,False,False
0.0,v20_new_10_Haa,heldout,26.40271381173358,2.640271381173358,19.291338071565526,eV/L0^2,-2.6934260587287433,False,True,False
0.0,v20_new_10_Hxx,heldout,4.254835571305176,0.42548355713051766,1.5103129110675992,eV/L0^2,-6.450361275408091,False,True,False
0.0,v20_new_11_energy,heldout,0.2277352928888806,0.022773529288888063,0.19953417840589818,eV/cell,-1.2383286808664593,False,False,False
0.0,v20_new_11_force,heldout,1.3946641093269667,0.03173805605024358,1.0163099513696263,eV/L0,-11.921150979076321,False,False,False
0.0,v20_new_11_Haa,heldout,2.8654264155114735,0.28654264155114734,0.1972352451277674,eV/L0^2,-9.311672273068785,False,True,False
0.0,v20_new_11_Hxx,heldout,-0.12044589256531853,0.1,-0.14862821322409797,eV/L0^2,-0.2818232065877944,False,True,False
0.1,normal_strain_force_ev,exact,0.0,0.1,-2.220446049250313e-16,eV/strain,-2.220446049250313e-15,False,False,False
0.1,cohesive_ev_atom,exact,3.36,0.0672,3.360000000000004,eV/atom,5.947623346206196e-14,False,False,False
0.1,C11_GPa,exact,113.99999999999996,5.699999999999998,114.0,GPa,7.479397218527373e-15,False,False,False
0.1,C12_GPa,exact,62.000000000000014,3.100000000000001,62.00000000000012,GPa,3.438110011742419e-14,False,False,False
0.1,C44_GPa,exact,32.0,1.6,32.000000000000156,GPa,9.769962616701378e-14,False,False,False
0.1,perfect_Haa,exact,19.66091286328976,1.9660912863289761,19.660912863289756,eV/L0^2,-1.806993247721481e-15,False,False,False
0.1,perfect_Hxx,exact,4.393593035123306,0.43935930351233066,4.3935930351233115,eV/L0^2,1.2129185556329504e-14,False,False,False
0.1,saddle_energy_at_source_state,fit,0.07624909750742465,0.007624909750742465,0.05678739973955548,eV/cell,-2.552384015558231,True,False,False
0.1,saddle_normal_force_at_source_state,fit,1.4903612010162394e-15,0.03173805605024358,0.10026380457410505,eV/L0,3.1591035196162895,True,False,False
0.1,fault_energy_at_source_state,fit,0.06670794504308616,0.006670794504308616,0.0431977455143551,eV/cell,-3.524347739020592,True,False,False
0.1,fault_normal_force_at_source_state,fit,5.29078226360765e-15,0.03173805605024358,0.015031024699373369,eV/L0,0.47359626171095376,True,False,False
0.1,saddle_path_force_at_source_state,fit,2.296700476743968e-16,0.03173805605024358,-0.07482734674510343,eV/L0,-2.35765374623596,True,False,False
0.1,opening_1.1h_energy,fit,0.05670265774764735,0.005670265774764736,0.05196170706865319,eV/cell,-0.8361073126578209,True,False,False
0.1,opening_1.5h_energy,fit,0.4710312483934004,0.04710312483934004,0.39127662597899754,eV/cell,-1.6931917507900158,True,False,False
0.1,opening_2h_energy,fit,0.7060534019484034,0.07060534019484034,0.6346503990232139,eV/cell,-1.0112974844133316,True,False,False
0.1,opening_40h_energy,fit,0.7719163228888833,0.07719163228888834,0.8148644909575882,eV/cell,0.5563837270336771,True,False,False
0.1,direct_quarter_energy,fit,0.117221996542065,0.0117221996542065,0.09733805421606187,eV/cell,-1.6962637484909067,True,False,False
0.1,direct_half_energy,fit,0.26732847628894163,0.026732847628894163,0.19671015444231815,eV/cell,-2.641631105931856,True,False,False
0.1,oblique_energy,fit,0.13339289745734875,0.013339289745734876,0.0847201682543517,eV/cell,-3.6488246473962183,True,False,False
0.1,opening_1.25h_energy,fit,0.24853683654490819,0.02485368365449082,0.1887255964431805,eV/cell,-2.4065342157407072,True,False,False
0.1,opening_3h_energy,fit,0.7719163228888833,0.07719163228888834,0.7846024049170194,eV/cell,0.16434530080486698,True,False,False
0.1,saddle_Haa,fit,12.717337762538286,1.2717337762538286,18.47378235932086,eV/L0^2,4.526454124494081,True,True,False
0.1,saddle_Hxx,fit,-0.18642463121762062,0.018642463121762064,0.1013999211514226,eV/L0^2,15.439191188907575,True,True,False
0.1,fault_Haa,fit,14.140554350039636,1.4140554350039638,17.662614050145624,eV/L0^2,2.4907507958456487,True,True,False
0.1,fault_Hxx,fit,2.4858929774856264,0.24858929774856264,2.4758065416828385,eV/L0^2,-0.040574698485169265,True,True,False
0.1,saddle_normal_path_coupling,fit,1.2055891043737141,0.12055891043737142,1.3491180098595459,eV/L0^2,1.1905292189945007,True,True,False
0.1,opening_1.1h_normal_force,fit,1.2761663221727821,0.03173805605024358,1.1191644535675989,eV/L0,-4.946801667897941,True,False,False
0.1,opening_1.3h_normal_force,fit,1.4139711872929317,0.03173805605024358,1.0688230987422274,eV/L0,-10.874896937742834,True,False,False
0.1,opening_1.5h_normal_force,fit,0.6379256757978651,0.03173805605024358,0.8556574312786561,eV/L0,6.8602738345444445,True,False,False
0.1,opening_2h_normal_force,fit,0.5548811295393773,0.03173805605024358,0.385191088687022,eV/L0,-5.346579531642517,True,False,False
0.1,opening_2.5h_normal_force,fit,0.0005156382639574782,0.03173805605024358,0.16312554097743026,eV/L0,5.123499134794199,True,False,False
0.1,opening_3h_normal_force,fit,0.0,0.03173805605024358,0.0667619448678149,eV/L0,2.103529742405333,True,False,False
0.1,shockley_0.15_energy,fit,0.013715574532912111,0.004433026104653031,0.012333210224934284,eV/cell,-0.3118331079816694,True,False,False
0.1,shockley_0.35_energy,fit,0.04820527408303389,0.004820527408303389,0.04465513715625726,eV/cell,-0.7364623465601495,True,False,False
0.1,shockley_0.75_energy,fit,0.08334161260537679,0.00833416126053768,0.06443671603864587,eV/cell,-2.268362223352427,True,False,False
0.1,new_direct_017_energy,fit,0.05826439239193282,0.0058264392391932825,0.05322546053203621,eV/cell,-0.8648389956597727,True,False,False
0.1,new_direct_017_normal_force,fit,-0.44118804525591643,0.03173805605024358,-0.6652315294045004,eV/L0,-7.059143250421743,True,False,False
0.1,new_direct_017_Haa,fit,26.109437232644353,2.6109437232644357,19.486087661105575,eV/L0^2,-2.53676458535754,True,True,False
0.1,new_direct_039_energy,fit,0.2262381941113307,0.022623819411133072,0.17253764121328757,eV/cell,-2.3736289581421137,True,False,False
0.1,new_direct_039_normal_force,fit,-1.9685101248020884,0.03173805605024358,-1.836097531643972,eV/L0,4.172044845736547,True,False,False
0.1,new_direct_039_Haa,fit,36.31678531793335,3.6316785317933356,33.64646457955763,eV/L0^2,-0.7352855477153447,True,True,False
0.1,new_raised_direct_energy,fit,0.11960599647825673,0.011960599647825674,0.08420113406138689,eV/cell,-2.9601243632718797,True,False,False
0.1,new_raised_direct_normal_force,fit,0.08783049166112324,0.03173805605024358,-0.1396111483104902,eV/L0,-7.166212058216712,True,False,False
0.1,new_raised_direct_Haa,fit,20.00400949091716,2.000400949091716,21.06763981906089,eV/L0^2,0.5317085700377583,True,True,False
0.1,new_off_path_positive_energy,fit,0.05360470506556986,0.0053604705065569865,0.043223800599641045,eV/cell,-1.936565913986613,True,False,False
0.1,new_off_path_positive_normal_force,fit,0.35206897342006,0.03173805605024358,0.23417782059540854,eV/L0,-3.7145045253566082,True,False,False
0.1,new_off_path_positive_Haa,fit,13.446420569551602,1.3446420569551603,17.060583513662518,eV/L0^2,2.6878253029619743,True,True,False
0.1,new_off_path_negative_energy,fit,0.21544733160917068,0.021544733160917068,0.1260842905621443,eV/cell,-4.1477905704181195,True,False,False
0.1,new_off_path_negative_normal_force,fit,-0.05312860042135701,0.03173805605024358,-0.04101950820688299,eV/L0,0.38153225879066033,True,False,False
0.1,new_off_path_negative_Haa,fit,13.5831841481301,1.35831841481301,20.69858929662451,eV/L0^2,5.2383926117013875,True,True,False
0.1,new_shockley_058_energy,fit,0.07969505412787091,0.007969505412787091,0.0685913921077651,eV/cell,-1.39326864654486,True,False,False
0.1,new_shockley_058_normal_force,fit,-0.6123357455328253,0.03173805605024358,-0.7132533541119124,eV/L0,-3.1797035212026645,True,False,False
0.1,new_shockley_058_Haa,fit,23.107568998056017,2.3107568998056016,27.743597595821306,eV/L0^2,2.0062814042253025,True,True,False
0.1,new_opening_1.17h_energy,fit,0.14263027381623705,0.014263027381623706,0.1163464452454917,eV/cell,-1.8427945111154371,True,False,False
0.1,new_opening_1.17h_normal_force,fit,1.6398229617729339,0.03173805605024358,1.1142290874390786,eV/L0,-16.560367575815075,True,False,False
0.1,new_opening_1.42h_energy,fit,0.4226003973463561,0.042260039734635615,0.33229328743737474,eV/cell,-2.1369385943801467,True,False,False
0.1,new_opening_1.42h_normal_force,fit,0.8686291067124379,0.03173805605024358,0.9497961737545607,eV/L0,2.5574051200120653,True,False,False
0.1,new_opening_1.78h_energy,fit,0.5953584311886578,0.05953584311886578,0.5510154171899443,eV/cell,-0.7448120606972992,True,False,False
0.1,new_opening_1.78h_normal_force,fit,0.5989965116849877,0.03173805605024358,0.5555318867116473,eV/L0,-1.369479747106527,True,False,False
0.1,new_opening_2.23h_energy,fit,0.7765619947928292,0.07765619947928293,0.6945490016924624,eV/cell,-1.0561036163280972,True,False,False
0.1,new_opening_2.23h_normal_force,fit,0.15664558956102492,0.03173805605024358,0.2604805264452864,eV/L0,3.2716224560156886,True,False,False
0.1,new_opening_3.4h_energy,fit,0.7719163228888833,0.07719163228888834,0.8000633806829313,eV/cell,0.36463871742869797,True,False,False
0.1,new_opening_3.4h_normal_force,fit,0.0,0.03173805605024358,0.03203101773011252,eV/L0,1.00923061196329,True,False,False
0.1,new_opening_5.5h_energy,fit,0.7719163228888833,0.07719163228888834,0.81401026318995,eV/cell,0.5453174010303445,True,False,False
0.1,new_opening_5.5h_normal_force,fit,0.0,0.03173805605024358,0.0008283821456669568,eV/L0,0.026100594956274873,True,False,False
0.1,v16_direct011_energy,fit,0.025339211626875774,0.004433026104653031,0.024992699482335297,eV/cell,-0.07816605099094003,True,False,False
0.1,v16_direct011_normal_force,fit,-0.1684646879274777,0.03173805605024358,-0.41890826630973144,eV/L0,-7.890955198572461,True,False,False
0.1,v16_direct011_Haa,fit,23.17866876533168,2.317866876533168,24.245765985348136,eV/L0^2,0.4603789936428591,True,True,False
0.1,v16_direct031_energy,fit,0.16617323878813156,0.016617323878813157,0.13216913573013567,eV/cell,-2.046304405329105,True,False,False
0.1,v16_direct031_normal_force,fit,-1.4977500080753077,0.03173805605024358,-1.3887227038732033,eV/L0,3.4352231286474026,True,False,False
0.1,v16_direct031_Haa,fit,34.460781638400974,3.4460781638400975,27.663546145461638,eV/L0^2,-1.9724554028585688,True,True,False
0.1,v16_raised043_energy,fit,0.1726273519698645,0.017262735196986453,0.11263517350665075,eV/cell,-3.475241772444413,True,False,False
0.1,v16_raised043_normal_force,fit,-0.17083895700384927,0.03173805605024358,-0.18201181694284657,eV/L0,-0.3520335310174599,True,False,False
0.1,v16_raised043_Haa,fit,18.238440853611248,1.8238440853611249,21.365491881752554,eV/L0^2,1.7145385689710113,True,True,False
0.1,v16_off_plus_energy,fit,0.0652424878354941,0.006524248783549411,0.05505698430138199,eV/cell,-1.561176446826244,True,False,False
0.1,v16_off_plus_normal_force,fit,-0.08042066717244803,0.03173805605024358,-0.2850913123872952,eV/L0,-6.448745471078603,True,False,False
0.1,v16_off_plus_Haa,fit,20.981095919956758,2.098109591995676,22.579322357821283,eV/L0^2,0.7617459278398929,True,True,False
0.1,v16_off_minus_energy,fit,0.21182429891635463,0.021182429891635463,0.13170116212617083,eV/cell,-3.7825281235474733,True,False,False
0.1,v16_off_minus_normal_force,fit,0.3481661631135443,0.03173805605024358,0.5834518106918634,eV/L0,7.413360389995067,True,False,False
0.1,v16_off_minus_Haa,fit,5.497617912510364,0.5497617912510364,11.431918511315734,eV/L0^2,10.794312542712895,True,True,False
0.1,v16_shockley043_energy,fit,0.061697611386283796,0.00616976113862838,0.05619378184606191,eV/cell,-0.8920652544817088,True,False,False
0.1,v16_shockley043_normal_force,fit,-0.43484281773712713,0.03173805605024358,-0.605474936493567,eV/L0,-5.376262442990118,True,False,False
0.1,v16_shockley043_Haa,fit,25.03469226049791,2.5034692260497913,26.590870083216494,eV/L0^2,0.621608528886959,True,True,False
0.1,v16_opening1.21_energy,fit,0.19627832926906572,0.019627832926906574,0.1526505352929995,eV/cell,-2.222751443755138,True,False,False
0.1,v16_opening1.21_normal_force,fit,1.631864707518524,0.03173805605024358,1.1091571049785285,eV/L0,-16.46942716694786,True,False,False
0.1,v16_opening1.21_Haa,fit,-1.3832350292334812,0.13832350292334814,-0.1853197972555196,eV/L0^2,8.660243607637565,True,True,False
0.1,v16_opening1.62_energy,fit,0.5246331923940108,0.05246331923940109,0.4682381821991334,eV/cell,-1.0749417118946525,True,False,False
0.1,v16_opening1.62_normal_force,fit,0.5093642313524578,0.03173805605024358,0.7170141581468288,eV/L0,6.542616424447878,True,False,False
0.1,v16_opening1.62_Haa,fit,-0.15582859326870177,0.1,-1.353091302235845,eV/L0^2,-11.972627089671432,True,True,False
0.1,v16_opening1.93_energy,fit,0.6719836252695317,0.06719836252695317,0.6112863029287513,eV/cell,-0.9032559731858761,True,False,False
0.1,v16_opening1.93_normal_force,fit,0.6270410192299789,0.03173805605024358,0.43326995503912746,eV/L0,-6.105322389124847,True,False,False
0.1,v16_opening1.93_Haa,fit,-0.6638075680371565,0.1,-0.8885057421833237,eV/L0^2,-2.246981741461672,True,True,False
0.1,v16_opening2.71_energy,fit,0.7719163228888833,0.07719163228888834,0.7638247176674844,eV/cell,-0.1048249011125489,True,False,False
0.1,v16_opening2.71_normal_force,fit,0.0,0.03173805605024358,0.11255115730175819,eV/L0,3.546252395659702,True,False,False
0.1,v16_opening2.71_Haa,fit,0.0,0.1,-0.24565338192386788,eV/L0^2,-2.4565338192386785,True,True,False
0.1,v16_opening4.3_energy,fit,0.7719163228888833,0.07719163228888834,0.8115165668702231,eV/cell,0.5130121336615417,True,False,False
0.1,v16_opening4.3_normal_force,fit,0.0,0.03173805605024358,0.0060806364218477715,eV/L0,0.1915881808331832,True,False,False
0.1,v16_opening4.3_Haa,fit,0.0,0.1,-0.013520728721353088,eV/L0^2,-0.13520728721353087,True,True,False
0.1,v16_opening6.2_energy,fit,0.7719163228888833,0.07719163228888834,0.8143199041440732,eV/cell,0.5493287290064702,True,False,False
0.1,v16_opening6.2_normal_force,fit,0.0,0.03173805605024358,0.0003481370193256943,eV/L0,0.010969071917151097,True,False,False
0.1,v16_opening6.2_Haa,fit,0.0,0.1,-0.00044495148573219184,eV/L0^2,-0.004449514857321918,True,True,False
0.1,v17_near_0.985_normal_force,fit,-0.24821900083247345,0.03173805605024358,-0.2756212977793348,eV/L0,-0.8633892669255354,True,False,False
0.1,v17_near_0.985_Haa,fit,20.878110673451364,2.0878110673451364,25.764619269146436,eV/L0^2,2.340493674031896,True,True,False
0.1,v17_near_1.015_normal_force,fit,0.2329580444899274,0.03173805605024358,0.2166050426499051,eV/L0,-0.5152490062445649,True,False,False
0.1,v17_near_1.015_Haa,fit,18.39295935022696,1.839295935022696,16.12755215558831,eV/L0^2,-1.2316708537773688,True,True,False
0.1,v17_near_1.065_normal_force,fit,0.9078686582498847,0.03173805605024358,0.8464228284544043,eV/L0,-1.9360300359356393,True,False,False
0.1,v17_near_1.065_Haa,fit,14.605604041867348,1.4605604041867348,15.063324339292045,eV/L0^2,0.31338676313052805,True,True,False
0.1,v17_near_1.095_normal_force,fit,1.2303804278835464,0.03173805605024358,1.1027726823359234,eV/L0,-4.020654111443087,True,False,False
0.1,v17_near_1.095_Haa,fit,11.545874277606002,1.1545874277606003,4.855885680588439,eV/L0^2,-5.7942676632061065,True,True,False
0.1,v17_direct023_energy,heldout,0.10138618519039871,0.010138618519039872,0.08583039611040488,eV/cell,-1.5343105227581801,False,False,False
0.1,v17_direct023_normal_force,heldout,-0.8610948380753036,0.03173805605024358,-0.9273047296059411,eV/L0,-2.0861356923002017,False,False,False
0.1,v17_direct023_Haa,heldout,29.67272464413389,2.967272464413389,20.98766359773413,eV/L0^2,-2.9269509795814255,False,True,False
0.1,v17_direct023_Hxx,heldout,1.5318476269016676,0.1531847626901668,0.6786902832181441,eV/L0^2,-5.569466105510306,False,True,False
0.1,v17_direct047_energy,heldout,0.26395051027571553,0.026395051027571555,0.1948148460851703,eV/cell,-2.6192661691893675,False,False,False
0.1,v17_direct047_normal_force,heldout,-2.2580600813748397,0.03173805605024358,-2.0901906994710275,eV/L0,5.289214362658605,False,False,False
0.1,v17_direct047_Haa,heldout,35.337517734960244,3.5337517734960247,36.77335961648197,eV/L0^2,0.40632222452377076,False,True,False
0.1,v17_direct047_Hxx,heldout,-7.290154929569364,0.7290154929569365,-4.122373486241564,eV/L0^2,4.345286861434265,False,True,False
0.1,v17_off_plus_energy,heldout,0.08014986299727256,0.008014986299727257,0.06510838119942174,eV/cell,-1.8766696829366596,False,False,False
0.1,v17_off_plus_normal_force,heldout,0.496288954541943,0.03173805605024358,0.4369959884224822,eV/L0,-1.8681977883458216,False,False,False
0.1,v17_off_plus_Haa,heldout,13.145916399036436,1.3145916399036437,14.625891783015863,eV/L0^2,1.1258061736098566,False,True,False
0.1,v17_off_plus_Hxx,heldout,0.5867789207029961,0.1,-0.02462217128092934,eV/L0^2,-6.114010919839254,False,True,False
0.1,v17_off_minus_energy,heldout,0.21284911087573022,0.021284911087573022,0.12802392286004452,eV/cell,-3.985226326137205,False,False,False
0.1,v17_off_minus_normal_force,heldout,0.06702268289699899,0.03173805605024358,0.20365291643055367,eV/L0,4.304933903867943,False,False,False
0.1,v17_off_minus_Haa,heldout,11.464221151869252,1.1464221151869252,18.542289324360674,eV/L0^2,6.174050621255973,False,True,False
0.1,v17_off_minus_Hxx,heldout,-2.835312235036081,0.2835312235036081,-0.9108345906352793,eV/L0^2,6.787533382108484,False,True,False
0.1,v17_shockley067_energy,heldout,0.07506981596967024,0.007506981596967025,0.05884540569505674,eV/cell,-2.16124284641493,False,False,False
0.1,v17_shockley067_normal_force,heldout,-0.08375074170661885,0.03173805605024358,-0.028280631365017884,eV/L0,1.7477475701028402,False,False,False
0.1,v17_shockley067_Haa,heldout,14.560238367523052,1.4560238367523053,19.569195876801622,eV/L0^2,3.440161749309795,False,True,False
0.1,v17_shockley067_Hxx,heldout,0.4530475235373633,0.1,0.003927694720758129,eV/L0^2,-4.491198288166052,False,True,False
0.1,v17_compression_energy,heldout,0.025317916775100896,0.004433026104653031,0.030916642596590778,eV/cell,1.2629580086643974,False,False,False
0.1,v17_compression_normal_force,heldout,-0.6769543589544016,0.03173805605024358,-0.8645337432876723,eV/L0,-5.910235461060354,False,False,False
0.1,v17_compression_Haa,heldout,26.962376342241654,2.6962376342241656,21.573818278690368,eV/L0^2,-1.9985471588826882,False,True,False
0.1,v17_compression_Hxx,heldout,5.568444170552721,0.5568444170552721,2.102214820340777,eV/L0^2,-6.224771666998481,False,True,False
0.1,v17_opening1.045_energy,heldout,0.012439540042104347,0.004433026104653031,0.011276024313636637,eV/cell,-0.262465345567546,False,False,False
0.1,v17_opening1.045_normal_force,heldout,0.6560493060873362,0.03173805605024358,0.5903894396223371,eV/L0,-2.068805548804089,False,False,False
0.1,v17_opening1.045_Haa,heldout,16.173163667497242,1.6173163667497243,15.530236964707644,eV/L0^2,-0.3975268636411997,False,True,False
0.1,v17_opening1.045_Hxx,heldout,3.5468340021412335,0.35468340021412337,2.457419683439965,eV/L0^2,-3.071511996455391,False,True,False
0.1,v17_opening1.255_energy,heldout,0.2548812728796389,0.02548812728796389,0.1932046517913615,eV/cell,-2.4198176818350476,False,False,False
0.1,v17_opening1.255_normal_force,heldout,1.5479287243761108,0.03173805605024358,1.0960459375848157,eV/L0,-14.237884830625191,False,False,False
0.1,v17_opening1.255_Haa,heldout,-3.07660296796585,0.307660296796585,-0.5508741988283079,eV/L0^2,8.209472575551313,False,True,False
0.1,v17_opening1.255_Hxx,heldout,-0.8591645505462155,0.1,0.09066545005267175,eV/L0^2,9.498300005988872,False,True,False
0.1,v17_opening1.555_energy,heldout,0.4970497627048889,0.04970497627048889,0.42824193847585035,eV/cell,-1.3843246570442782,False,False,False
0.1,v17_opening1.555_normal_force,heldout,0.5361595264738468,0.03173805605024358,0.7908608897310322,eV/L0,8.025109126216652,False,False,False
0.1,v17_opening1.555_Haa,heldout,-0.9598397042596563,0.1,-1.4249193503815365,eV/L0^2,-4.650796461218802,False,True,False
0.1,v17_opening1.555_Hxx,heldout,-0.8905810007935903,0.1,-0.0262021868936375,eV/L0^2,8.643788138999527,False,True,False
0.1,v17_opening1.855_energy,heldout,0.6331364785570511,0.06331364785570512,0.5830215301307522,eV/cell,-0.791534686810549,False,False,False
0.1,v17_opening1.855_normal_force,heldout,0.6294361584094642,0.03173805605024358,0.4909624507386963,eV/L0,-4.3630179318970965,False,False,False
0.1,v17_opening1.855_Haa,heldout,0.33758173393615254,0.1,-0.9971097122235907,eV/L0^2,-13.346914461597432,False,True,False
0.1,v17_opening1.855_Hxx,heldout,-0.0764657682265532,0.1,-0.006335009296716212,eV/L0^2,0.7013075892983698,False,True,False
0.1,v17_opening2.455_energy,heldout,0.7722611869157332,0.07722611869157332,0.734209756613442,eV/cell,-0.49272747286784524,False,False,False
0.1,v17_opening2.455_normal_force,heldout,-0.03892592855831557,0.03173805605024358,0.17648254136582342,eV/L0,6.787071948676761,False,False,False
0.1,v17_opening2.455_Haa,heldout,1.5212189106347462,0.15212189106347462,-0.3773310994302627,eV/L0^2,-12.480452331958041,False,True,False
0.1,v17_opening2.455_Hxx,heldout,0.04446583977668427,0.1,-0.0001279778032837341,eV/L0^2,-0.44593817579968004,False,True,False
0.1,v17_opening3.75_energy,heldout,0.7719163228888833,0.07719163228888834,0.8067982550681335,eV/cell,0.451887479833373,False,False,False
0.1,v17_opening3.75_normal_force,heldout,0.0,0.03173805605024358,0.016737863528928032,eV/L0,0.5273751959613031,False,False,False
0.1,v17_opening3.75_Haa,heldout,0.0,0.1,-0.03803581470016207,eV/L0^2,-0.3803581470016207,False,True,False
0.1,v17_opening3.75_Hxx,heldout,0.0,0.1,-1.754152577555727e-08,eV/L0^2,-1.7541525775557268e-07,False,True,False
0.1,v19_new_0_energy,heldout,0.00042417681882149505,0.004433026104653031,0.00043901950173525167,eV/cell,0.003348205619221894,False,False,False
0.1,v19_new_0_force,heldout,-0.13054663793646185,0.03173805605024358,-0.13762662418116361,eV/L0,-0.22307561097925002,False,False,False
0.1,v19_new_0_Haa,heldout,20.302032153219432,2.030203215321943,22.60445502559761,eV/L0^2,1.1340849305142422,False,True,False
0.1,v19_new_0_Hxx,heldout,4.57090105595751,0.45709010559575103,5.113364747595817,eV/L0^2,1.186776272330997,False,True,False
0.1,v19_new_1_energy,heldout,0.004931943136885955,0.004433026104653031,0.004548901015445303,eV/cell,-0.08640646646285254,False,False,False
0.1,v19_new_1_force,heldout,0.42285939529142164,0.03173805605024358,0.38026706244267316,eV/L0,-1.3419956402283053,False,False,False
0.1,v19_new_1_Haa,heldout,17.415188636660293,1.7415188636660295,14.991366798274067,eV/L0^2,-1.39178615228083,False,True,False
0.1,v19_new_1_Hxx,heldout,3.8361643120715834,0.3836164312071584,2.893209781123867,eV/L0^2,-2.4580660634906626,False,True,False
0.1,v19_new_2_energy,heldout,0.10968805888528045,0.010968805888528046,0.09352779587951818,eV/cell,-1.4732928242137844,False,False,False
0.1,v19_new_2_force,heldout,1.574309479391436,0.03173805605024358,1.122966751784049,eV/L0,-14.220868691292239,False,False,False
0.1,v19_new_2_Haa,heldout,5.20946471789603,0.5209464717896031,-0.6479798332771747,eV/L0^2,-11.243851083300697,False,True,False
0.1,v19_new_2_Hxx,heldout,0.9642979846199059,0.1,0.4810846461406415,eV/L0^2,-4.832133384792644,False,True,False
0.1,v19_new_3_energy,heldout,0.3373623063206088,0.03373623063206088,0.2546318054306605,eV/cell,-2.4522745825470564,False,False,False
0.1,v19_new_3_force,heldout,1.321138459506241,0.03173805605024358,1.0484361304616094,eV/L0,-8.592282041878196,False,False,False
0.1,v19_new_3_Haa,heldout,-4.940080180276789,0.4940080180276789,-1.0753544271609161,eV/L0^2,7.823204506974895,False,True,False
0.1,v19_new_3_Hxx,heldout,-1.007259835979608,0.10072598359796081,0.010238584725814954,eV/L0^2,10.101647900175205,False,True,False
0.1,v19_new_4_energy,heldout,0.5605338261337047,0.05605338261337048,0.5148365454332402,eV/cell,-0.8152457277317694,False,False,False
0.1,v19_new_4_force,heldout,0.5382315998098468,0.03173805605024358,0.6272647432501622,eV/L0,2.8052487934160077,False,False,False
0.1,v19_new_4_Haa,heldout,0.9032785116339533,0.1,-1.2299423902883415,eV/L0^2,-21.332209019222947,False,True,False
0.1,v19_new_4_Hxx,heldout,0.6453579543796875,0.1,-0.014266773140743637,eV/L0^2,-6.596247275204311,False,True,False
0.1,v19_new_5_energy,heldout,0.7666938699728523,0.07666938699728523,0.6822827420025619,eV/cell,-1.1009756472068737,False,False,False
0.1,v19_new_5_force,heldout,0.27979903523926664,0.03173805605024358,0.2861980827231066,eV/L0,0.2016206497874292,False,False,False
0.1,v19_new_5_Haa,heldout,-2.478203100860398,0.2478203100860398,-0.5988626040433395,eV/L0^2,7.58348053137605,False,True,False
0.1,v19_new_5_Hxx,heldout,0.0933444416558671,0.1,-0.0008478934354329955,eV/L0^2,-0.941923350913001,False,True,False
0.1,v19_new_6_energy,heldout,0.07503741336914271,0.007503741336914272,0.05265125794099033,eV/cell,-2.9833325034839406,False,False,False
0.1,v19_new_6_force,heldout,0.3995055633266556,0.03173805605024358,0.17846204116999376,eV/L0,-6.964620700358408,False,False,False
0.1,v19_new_6_Haa,heldout,16.75498366183509,1.6754983661835092,21.9187561861921,eV/L0^2,3.081932294639698,False,True,False
0.1,v19_new_6_Hxx,heldout,1.866294182504276,0.18662941825042761,1.4381556117144751,eV/L0^2,-2.2940572542282998,False,True,False
0.1,v19_new_7_energy,heldout,0.1746163283222475,0.01746163283222475,0.14674580790712283,eV/cell,-1.5961004725566517,False,False,False
0.1,v19_new_7_force,heldout,1.0346608991752084,0.03173805605024358,0.9513111527741663,eV/L0,-2.626176797630377,False,False,False
0.1,v19_new_7_Haa,heldout,3.3869832062735408,0.3386983206273541,2.0935159231785883,eV/L0^2,-3.8189362164510507,False,True,False
0.1,v19_new_7_Hxx,heldout,-0.5656137494473082,0.1,-0.18077024478314102,eV/L0^2,3.848435046641672,False,True,False
0.1,v19_new_8_energy,heldout,0.17183161394321733,0.017183161394321734,0.13611991824489134,eV/cell,-2.078296006119521,False,False,False
0.1,v19_new_8_force,heldout,-1.5479121827267546,0.03173805605024358,-1.4313117028606526,eV/L0,3.6738381103592235,False,False,False
0.1,v19_new_8_Haa,heldout,34.71656366870985,3.4716563668709854,28.26303909093921,eV/L0^2,-1.858918019466087,False,True,False
0.1,v19_new_8_Hxx,heldout,-0.974896485841256,0.1,-1.0740374710355742,eV/L0^2,-0.9914098519431824,False,True,False
0.1,v19_new_9_energy,heldout,0.07736533900036079,0.007736533900036079,0.055074914098437136,eV/cell,-2.881190102691814,False,False,False
0.1,v19_new_9_force,heldout,-0.22650351113925563,0.03173805605024358,-0.2916785987288525,eV/L0,-2.053531176780963,False,False,False
0.1,v19_new_9_Haa,heldout,14.396252629283666,1.4396252629283666,24.16412184854264,eV/L0^2,6.78500820372517,False,True,False
0.1,v19_new_9_Hxx,heldout,-0.11946413441426519,0.1,0.7979077270855048,eV/L0^2,9.1737186149977,False,True,False
0.1,v19_power_new_0_energy,heldout,0.0021758842211834217,0.004433026104653031,0.002365254510599246,eV/cell,0.04271806322481513,False,False,False
0.1,v19_power_new_0_force,heldout,-0.2996693004614922,0.03173805605024358,-0.3405331924955499,eV/L0,-1.2875360724477671,False,False,False
0.1,v19_power_new_0_Haa,heldout,21.133296310436656,2.1133296310436656,27.244554070245474,eV/L0^2,2.89176741291929,False,True,False
0.1,v19_power_new_0_Hxx,heldout,4.803281906544594,0.4803281906544594,6.234077606595344,eV/L0^2,2.978787687021355,False,True,False
0.1,v19_power_new_1_energy,heldout,0.01645069708691336,0.004433026104653031,0.01490608588415953,eV/cell,-0.34843268825612395,False,False,False
0.1,v19_power_new_1_force,heldout,0.747061714559844,0.03173805605024358,0.6801753861000632,eV/L0,-2.1074488101569626,False,False,False
0.1,v19_power_new_1_Haa,heldout,15.66515497295868,1.5665154972958681,15.847368383171634,eV/L0^2,0.11631765566794106,False,True,False
0.1,v19_power_new_1_Hxx,heldout,3.4372637547611467,0.3437263754761147,2.314230017045415,eV/L0^2,-3.2672317803955386,False,True,False
0.1,v19_power_new_2_energy,heldout,0.13995417796875365,0.013995417796875366,0.11452658932482132,eV/cell,-1.8168509874431416,False,False,False
0.1,v19_power_new_2_force,heldout,1.6376288066594074,0.03173805605024358,1.1146364730286527,eV/L0,-16.478398450201894,False,False,False
0.1,v19_power_new_2_Haa,heldout,1.5124016664736504,0.15124016664736506,-0.26134030759977644,eV/L0^2,-11.727982145173929,False,True,False
0.1,v19_power_new_2_Hxx,heldout,0.07390822082095283,0.1,0.34022004296476055,eV/L0^2,2.663118221438077,False,True,False
0.1,v19_power_new_3_energy,heldout,0.39535837061576956,0.039535837061576956,0.30458644385683764,eV/cell,-2.2959404303886344,False,False,False
0.1,v19_power_new_3_force,heldout,1.0383826381800587,0.03173805605024358,0.9889107895304579,eV/L0,-1.5587548453277489,False,False,False
0.1,v19_power_new_3_Haa,heldout,-6.006053628734572,0.6006053628734572,-1.326443073168468,eV/L0^2,7.7914897948589585,False,True,False
0.1,v19_power_new_3_Hxx,heldout,-1.4153601110072371,0.14153601110072372,-0.018963381103944556,eV/L0^2,9.866017270400185,False,True,False
0.1,v19_power_new_4_energy,heldout,0.5880885299154484,0.05880885299154484,0.5441275390497623,eV/cell,-0.7475233511526995,False,False,False
0.1,v19_power_new_4_force,heldout,0.5878736415051682,0.03173805605024358,0.5693019639591668,eV/L0,-0.5851548537377697,False,False,False
0.1,v19_power_new_4_Haa,heldout,0.9838769358246306,0.1,-1.1360993806879809,eV/L0^2,-21.199763165126114,False,True,False
0.1,v19_power_new_4_Hxx,heldout,0.5300888191539206,0.1,-0.010479785973681353,eV/L0^2,-5.405686051276019,False,True,False
0.1,v19_power_new_5_energy,heldout,0.7807571272106231,0.07807571272106231,0.7057109278628474,eV/cell,-0.961197749367847,False,False,False
0.1,v19_power_new_5_force,heldout,0.03287588986152218,0.03173805605024358,0.2369830755033968,eV/L0,6.430992034255613,False,False,False
0.1,v19_power_new_5_Haa,heldout,-2.5224317074829634,0.25224317074829633,-0.4999308127509286,eV/L0^2,8.018060067720167,False,True,False
0.1,v19_power_new_5_Hxx,heldout,-0.10536285587305545,0.1,-0.00040674434830513176,eV/L0^2,1.049561115247503,False,True,False
0.1,v19_power_new_6_energy,heldout,0.09299247367372732,0.009299247367372731,0.0665509285462052,eV/cell,-2.843407007355748,False,False,False
0.1,v19_power_new_6_force,heldout,-0.03946790499084763,0.03173805605024358,-0.29393661781311387,eV/L0,-8.017778795885429,False,False,False
0.1,v19_power_new_6_Haa,heldout,22.032873653678617,2.2032873653678617,19.949689495937005,eV/L0^2,-0.945489086210869,False,True,False
0.1,v19_power_new_6_Hxx,heldout,1.976588687531336,0.19765886875313363,1.1120053097523996,eV/L0^2,-4.37411882013126,False,True,False
0.1,v19_power_new_7_energy,heldout,0.16640726473220147,0.01664072647322015,0.13464666222277208,eV/cell,-1.9086067282303805,False,False,False
0.1,v19_power_new_7_force,heldout,0.9556810535854069,0.03173805605024358,0.916417923862367,eV/L0,-1.2370993882197325,False,False,False
0.1,v19_power_new_7_Haa,heldout,3.6257942400934606,0.36257942400934606,2.9811854356136425,eV/L0^2,-1.777841658392624,False,True,False
0.1,v19_power_new_7_Hxx,heldout,-0.7324824081355719,0.1,-0.17543935824740461,eV/L0^2,5.570430498881672,False,True,False
0.1,v19_power_new_8_energy,heldout,0.18770167030691334,0.018770167030691336,0.1470878247645324,eV/cell,-2.1637444928418987,False,False,False
0.1,v19_power_new_8_force,heldout,-1.6817465699911935,0.03173805605024358,-1.551185027490421,eV/L0,4.113722097348505,False,False,False
0.1,v19_power_new_8_Haa,heldout,35.390692237109825,3.5390692237109826,29.915363559312297,eV/L0^2,-1.5471097996936691,False,True,False
0.1,v19_power_new_8_Hxx,heldout,-1.532495429303305,0.15324954293033052,-1.5893149688682797,eV/L0^2,-0.3707648223838791,False,True,False
0.1,v19_power_new_9_energy,heldout,0.07659186968314344,0.007659186968314344,0.05464823176621385,eV/cell,-2.865008780659001,False,False,False
0.1,v19_power_new_9_force,heldout,-0.15953065932670854,0.03173805605024358,-0.1603180802729942,eV/L0,-0.024809992932116855,False,False,False
0.1,v19_power_new_9_Haa,heldout,13.640977289265752,1.3640977289265752,21.958060461776732,eV/L0^2,6.097131456303935,False,True,False
0.1,v19_power_new_9_Hxx,heldout,-0.0018561341338510467,0.1,0.7461300327845504,eV/L0^2,7.479861669184014,False,True,False
0.1,v20_new_0_energy,heldout,5.8649043216202346e-05,0.004433026104653031,5.804727049488929e-05,eV/cell,-0.00013574761508429082,False,False,False
0.1,v20_new_0_force,heldout,0.04781880717694997,0.03173805605024358,0.04702422700156163,eV/L0,-0.02503556532039862,False,False,False
0.1,v20_new_0_Haa,heldout,19.407850341619266,1.9407850341619266,18.751696084727254,eV/L0^2,-0.3380870345464892,False,True,False
0.1,v20_new_0_Hxx,heldout,4.329394100444026,0.4329394100444026,4.162614708544621,eV/L0^2,-0.38522571064228217,False,True,False
0.1,v20_new_1_energy,heldout,0.0036442749373840483,0.004433026104653031,0.0033871460913514873,eV/cell,-0.058003007418041416,False,False,False
0.1,v20_new_1_force,heldout,0.3655179304564104,0.03173805605024358,0.3310664390489953,eV/L0,-1.0854946929602733,False,False,False
0.1,v20_new_1_Haa,heldout,17.703231197779825,1.7703231197779825,15.162776291320084,eV/L0^2,-1.4350232892955392,False,True,False
0.1,v20_new_1_Hxx,heldout,3.9093512902826126,0.3909351290282613,3.032564701981893,eV/L0^2,-2.242793044667356,False,True,False
0.1,v20_new_2_energy,heldout,0.034823381685342755,0.004433026104653031,0.03198949204571605,eV/cell,-0.6392675280328654,False,False,False
0.1,v20_new_2_force,heldout,1.045799857810823,0.03173805605024358,0.9801680658940088,eV/L0,-2.067920978301707,False,False,False
0.1,v20_new_2_Haa,heldout,13.514055878705095,1.3514055878705096,11.846849186279272,eV/L0^2,-1.2336834384804791,False,True,False
0.1,v20_new_2_Hxx,heldout,2.9805611045837717,0.29805611045837715,1.7366308682048759,eV/L0^2,-4.173476713716318,False,True,False
0.1,v20_new_3_energy,heldout,0.22661995382203423,0.022661995382203426,0.17343816235829146,eV/cell,-2.3467391360209477,False,False,False
0.1,v20_new_3_force,heldout,1.596539848274592,0.03173805605024358,1.1041780701439592,eV/L0,-15.513293484364306,False,False,False
0.1,v20_new_3_Haa,heldout,-2.2820717486649773,0.22820717486649775,-0.3558119697137477,eV/L0^2,8.44083793630985,False,True,False
0.1,v20_new_3_Hxx,heldout,-0.8053213981525169,0.1,0.13225768974721944,eV/L0^2,9.375790878997362,False,True,False
0.1,v20_new_4_energy,heldout,0.4890270726004544,0.04890270726004545,0.4164642889785043,eV/cell,-1.4838193565867357,False,False,False
0.1,v20_new_4_force,heldout,0.5582577926902346,0.03173805605024358,0.8119078550059743,eV/L0,7.991984824596496,False,False,False
0.1,v20_new_4_Haa,heldout,-1.9854681988380205,0.19854681988380207,-1.438648804962428,eV/L0^2,2.7541080446194717,False,True,False
0.1,v20_new_4_Hxx,heldout,-1.0730096719553677,0.10730096719553678,-0.027468659484376316,eV/L0^2,9.744003617093966,False,True,False
0.1,v20_new_5_energy,heldout,0.6157939144055483,0.06157939144055483,0.5690011596520563,eV/cell,-0.7598768623535844,False,False,False
0.1,v20_new_5_force,heldout,0.6195747950914187,0.03173805605024358,0.5193577871959031,eV/L0,-3.1576290538042087,False,False,False
0.1,v20_new_5_Haa,heldout,0.4318686304614479,0.1,-1.0488126505359043,eV/L0^2,-14.806812809973522,False,True,False
0.1,v20_new_5_Hxx,heldout,0.05966529359502488,0.1,-0.007698695127596914,eV/L0^2,-0.6736398872262179,False,True,False
0.1,v20_new_6_energy,heldout,0.729941495134474,0.0729941495134474,0.6517416601381204,eV/cell,-1.0713164756025715,False,False,False
0.1,v20_new_6_force,heldout,0.4717044111502519,0.03173805605024358,0.3498205822895574,eV/L0,-3.840305426007938,False,False,False
0.1,v20_new_6_Haa,heldout,-1.7417609490586863,0.17417609490586863,-0.7256391107879018,eV/L0^2,5.833876565093132,False,True,False
0.1,v20_new_6_Hxx,heldout,0.20899465255336805,0.1,-0.0018298398715972334,eV/L0^2,-2.108244924249653,False,True,False
0.1,v20_new_7_energy,heldout,0.02046914476243608,0.004433026104653031,0.01883774496517071,eV/cell,-0.3680104196889359,False,False,False
0.1,v20_new_7_force,heldout,0.06281548916376087,0.03173805605024358,-0.16307457856180588,eV/L0,-7.1173252504175695,False,False,False
0.1,v20_new_7_Haa,heldout,21.501318205218237,2.150131820521824,23.74747233288692,eV/L0^2,1.0446588000932693,False,True,False
0.1,v20_new_7_Hxx,heldout,4.662002299739686,0.4662002299739686,3.3618363846304398,eV/L0^2,-2.7888573010396067,False,True,False
0.1,v20_new_8_energy,heldout,0.06003679436536899,0.006003679436536899,0.048425402439277725,eV/cell,-1.9340459544570656,False,False,False
0.1,v20_new_8_force,heldout,0.3178698348179461,0.03173805605024358,0.1871689270105882,eV/L0,-4.118113207703999,False,False,False
0.1,v20_new_8_Haa,heldout,14.458727489192233,1.4458727489192233,17.892449622103733,eV/L0^2,2.374843938014722,False,True,False
0.1,v20_new_8_Hxx,heldout,0.86111106885732,0.1,0.5039222014587004,eV/L0^2,-3.5718886739861966,False,True,False
0.1,v20_new_9_energy,heldout,0.09377427653904365,0.009377427653904365,0.0825256122323342,eV/cell,-1.1995469036784274,False,False,False
0.1,v20_new_9_force,heldout,0.5947790357818696,0.03173805605024358,0.7675405777858919,eV/L0,5.4433561315327115,False,False,False
0.1,v20_new_9_Haa,heldout,11.056850642860084,1.1056850642860085,7.941970495209566,eV/L0^2,-2.8171495195713243,False,True,False
0.1,v20_new_9_Hxx,heldout,0.0757661767331005,0.1,-0.20866138176067042,eV/L0^2,-2.844275584937709,False,True,False
0.1,v20_new_10_energy,heldout,0.038168092494978115,0.004433026104653031,0.038454352617868066,eV/cell,0.06457442752017294,False,False,False
0.1,v20_new_10_force,heldout,-0.4360667641505048,0.03173805605024358,-0.6475979171102465,eV/L0,-6.6649057719500195,False,False,False
0.1,v20_new_10_Haa,heldout,26.40271381173358,2.640271381173358,19.44498394277521,eV/L0^2,-2.6352328471122157,False,True,False
0.1,v20_new_10_Hxx,heldout,4.254835571305176,0.42548355713051766,1.6643480731686593,eV/L0^2,-6.088337503820111,False,True,False
0.1,v20_new_11_energy,heldout,0.2277352928888806,0.022773529288888063,0.20001568605630698,eV/cell,-1.2171853769761947,False,False,False
0.1,v20_new_11_force,heldout,1.3946641093269667,0.03173805605024358,1.01586963878369,eV/L0,-11.935024310991773,False,False,False
0.1,v20_new_11_Haa,heldout,2.8654264155114735,0.28654264155114734,0.2254171687466465,eV/L0^2,-9.213320685792555,False,True,False
0.1,v20_new_11_Hxx,heldout,-0.12044589256531853,0.1,-0.1517020028486338,eV/L0^2,-0.31256110283315275,False,True,False
1.0,normal_strain_force_ev,exact,0.0,0.1,6.661338147750939e-16,eV/strain,6.661338147750939e-15,False,False,False
1.0,cohesive_ev_atom,exact,3.36,0.0672,3.3600000000000008,eV/atom,1.3216940769347102e-14,False,False,False
1.0,C11_GPa,exact,113.99999999999996,5.699999999999998,113.99999999999991,GPa,-7.479397218527373e-15,False,False,False
1.0,C12_GPa,exact,62.000000000000014,3.100000000000001,61.99999999999997,GPa,-1.3752440046969677e-14,False,False,False
1.0,C44_GPa,exact,32.0,1.6,31.99999999999995,GPa,-3.108624468950438e-14,False,False,False
1.0,perfect_Haa,exact,19.66091286328976,1.9660912863289761,19.660912863289767,eV/L0^2,3.613986495442962e-15,False,False,False
1.0,perfect_Hxx,exact,4.393593035123306,0.43935930351233066,4.393593035123306,eV/L0^2,0.0,False,False,False
1.0,saddle_energy_at_source_state,fit,0.07624909750742465,0.007624909750742465,0.06049145303586094,eV/cell,-2.066600784360671,True,False,False
1.0,saddle_normal_force_at_source_state,fit,1.4903612010162394e-15,0.03173805605024358,0.08136381390477826,eV/L0,2.56360420360882,True,False,False
1.0,fault_energy_at_source_state,fit,0.06670794504308616,0.006670794504308616,0.04647219763100231,eV/cell,-3.033483852487696,True,False,False
1.0,fault_normal_force_at_source_state,fit,5.29078226360765e-15,0.03173805605024358,-0.0013645952756655005,eV/L0,-0.042995553146372316,True,False,False
1.0,saddle_path_force_at_source_state,fit,2.296700476743968e-16,0.03173805605024358,-0.07944406592471513,eV/L0,-2.503116945755903,True,False,False
1.0,opening_1.1h_energy,fit,0.05670265774764735,0.005670265774764736,0.05203895727779301,eV/cell,-0.8224835757452381,True,False,False
1.0,opening_1.5h_energy,fit,0.4710312483934004,0.04710312483934004,0.3928886478934467,eV/cell,-1.658968502970525,True,False,False
1.0,opening_2h_energy,fit,0.7060534019484034,0.07060534019484034,0.6378988105638765,eV/cell,-0.9652894695564034,True,False,False
1.0,opening_40h_energy,fit,0.7719163228888833,0.07719163228888834,0.8192960893436472,eV/cell,0.6137940739152383,True,False,False
1.0,direct_quarter_energy,fit,0.117221996542065,0.0117221996542065,0.10322183150898923,eV/cell,-1.194329174222163,True,False,False
1.0,direct_half_energy,fit,0.26732847628894163,0.026732847628894163,0.1965854480642912,eV/cell,-2.6462960177945245,True,False,False
1.0,oblique_energy,fit,0.13339289745734875,0.013339289745734876,0.08993789770473959,eV/cell,-3.257669679639692,True,False,False
1.0,opening_1.25h_energy,fit,0.24853683654490819,0.02485368365449082,0.1894212684126864,eV/cell,-2.3785435170910847,True,False,False
1.0,opening_3h_energy,fit,0.7719163228888833,0.07719163228888834,0.7887844796115334,eV/cell,0.21852312514290786,True,False,False
1.0,saddle_Haa,fit,12.717337762538286,1.2717337762538286,18.483729224352565,eV/L0^2,4.53427562394423,True,True,False
1.0,saddle_Hxx,fit,-0.18642463121762062,0.018642463121762064,0.12810008803391731,eV/L0^2,16.871414318871906,True,True,False
1.0,fault_Haa,fit,14.140554350039636,1.4140554350039638,17.745126898952932,eV/L0^2,2.549102715271691,True,True,False
1.0,fault_Hxx,fit,2.4858929774856264,0.24858929774856264,2.600253987542363,eV/L0^2,0.4600399578440731,True,True,False
1.0,saddle_normal_path_coupling,fit,1.2055891043737141,0.12055891043737142,1.3812553731393038,eV/L0^2,1.4570990076826027,True,True,False
1.0,opening_1.1h_normal_force,fit,1.2761663221727821,0.03173805605024358,1.1216185406689276,eV/L0,-4.869478497964541,True,False,False
1.0,opening_1.3h_normal_force,fit,1.4139711872929317,0.03173805605024358,1.0734746111353708,eV/L0,-10.728337476577986,True,False,False
1.0,opening_1.5h_normal_force,fit,0.6379256757978651,0.03173805605024358,0.8601191895244744,eV/L0,7.0008545379988405,True,False,False
1.0,opening_2h_normal_force,fit,0.5548811295393773,0.03173805605024358,0.38800822065907736,eV/L0,-5.257817574464181,True,False,False
1.0,opening_2.5h_normal_force,fit,0.0005156382639574782,0.03173805605024358,0.16405038050840662,eV/L0,5.152638900932121,True,False,False
1.0,opening_3h_normal_force,fit,0.0,0.03173805605024358,0.06710807388691843,eV/L0,2.1144355464204114,True,False,False
1.0,shockley_0.15_energy,fit,0.013715574532912111,0.004433026104653031,0.012758164191839417,eV/cell,-0.215972186599075,True,False,False
1.0,shockley_0.35_energy,fit,0.04820527408303389,0.004820527408303389,0.04790133056744962,eV/cell,-0.06305192146832855,True,False,False
1.0,shockley_0.75_energy,fit,0.08334161260537679,0.00833416126053768,0.06870874393858192,eV/cell,-1.7557698020653396,True,False,False
1.0,new_direct_017_energy,fit,0.05826439239193282,0.0058264392391932825,0.05676525932930253,eV/cell,-0.2572983259734219,True,False,False
1.0,new_direct_017_normal_force,fit,-0.44118804525591643,0.03173805605024358,-0.7003658055060734,eV/L0,-8.166151066084838,True,False,False
1.0,new_direct_017_Haa,fit,26.109437232644353,2.6109437232644357,20.063199575264342,eV/L0^2,-2.315728831497166,True,True,False
1.0,new_direct_039_energy,fit,0.2262381941113307,0.022623819411133072,0.17506098813882892,eV/cell,-2.2620939922866303,True,False,False
1.0,new_direct_039_normal_force,fit,-1.9685101248020884,0.03173805605024358,-1.7152189492859322,eV/L0,7.98067704950733,True,False,False
1.0,new_direct_039_Haa,fit,36.31678531793335,3.6316785317933356,30.36088726974438,eV/L0^2,-1.6399849259917638,True,True,False
1.0,new_raised_direct_energy,fit,0.11960599647825673,0.011960599647825674,0.089464480263792,eV/cell,-2.52006731284114,True,False,False
1.0,new_raised_direct_normal_force,fit,0.08783049166112324,0.03173805605024358,-0.16118733679857955,eV/L0,-7.846032789956952,True,False,False
1.0,new_raised_direct_Haa,fit,20.00400949091716,2.000400949091716,20.8145455199277,eV/L0^2,0.405186784868587,True,True,False
1.0,new_off_path_positive_energy,fit,0.05360470506556986,0.0053604705065569865,0.04575303323375014,eV/cell,-1.4647355716658572,True,False,False
1.0,new_off_path_positive_normal_force,fit,0.35206897342006,0.03173805605024358,0.21432285914109764,eV/L0,-4.3400929805184205,True,False,False
1.0,new_off_path_positive_Haa,fit,13.446420569551602,1.3446420569551603,17.309453007987685,eV/L0^2,2.872907639958567,True,True,False
1.0,new_off_path_negative_energy,fit,0.21544733160917068,0.021544733160917068,0.13201368051265516,eV/cell,-3.872577602764986,True,False,False
1.0,new_off_path_negative_normal_force,fit,-0.05312860042135701,0.03173805605024358,-0.03609074127410644,eV/L0,0.5368274326656439,True,False,False
1.0,new_off_path_negative_Haa,fit,13.5831841481301,1.35831841481301,19.463925458395533,eV/L0^2,4.329427655646554,True,True,False
1.0,new_shockley_058_energy,fit,0.07969505412787091,0.007969505412787091,0.07318376089274355,eV/cell,-0.8170260132680226,True,False,False
1.0,new_shockley_058_normal_force,fit,-0.6123357455328253,0.03173805605024358,-0.7341571331079748,eV/L0,-3.8383380312359914,True,False,False
1.0,new_shockley_058_Haa,fit,23.107568998056017,2.3107568998056016,27.53154283435863,eV/L0^2,1.914512875272509,True,True,False
1.0,new_opening_1.17h_energy,fit,0.14263027381623705,0.014263027381623706,0.11667849736401756,eV/cell,-1.8195138912553317,True,False,False
1.0,new_opening_1.17h_normal_force,fit,1.6398229617729339,0.03173805605024358,1.1199058330417215,eV/L0,-16.38150515293523,True,False,False
1.0,new_opening_1.42h_energy,fit,0.4226003973463561,0.042260039734635615,0.33361897348617714,eV/cell,-2.105568864083469,True,False,False
1.0,new_opening_1.42h_normal_force,fit,0.8686291067124379,0.03173805605024358,0.9541129689425364,eV/L0,2.6934183396352798,True,False,False
1.0,new_opening_1.78h_energy,fit,0.5953584311886578,0.05953584311886578,0.5536428124408183,eV/cell,-0.700680742263994,True,False,False
1.0,new_opening_1.78h_normal_force,fit,0.5989965116849877,0.03173805605024358,0.5596018279784355,eV/L0,-1.2412443800649804,True,False,False
1.0,new_opening_2.23h_energy,fit,0.7765619947928292,0.07765619947928293,0.6982149898237521,eV/cell,-1.0088956901628756,True,False,False
1.0,new_opening_2.23h_normal_force,fit,0.15664558956102492,0.03173805605024358,0.26218227914649095,eV/L0,3.3252411369616968,True,False,False
1.0,new_opening_3.4h_energy,fit,0.7719163228888833,0.07719163228888834,0.8043286483196797,eV/cell,0.41989428736904727,True,False,False
1.0,new_opening_3.4h_normal_force,fit,0.0,0.03173805605024358,0.03221637786046428,eV/L0,1.0150709233566002,True,False,False
1.0,new_opening_5.5h_energy,fit,0.7719163228888833,0.07719163228888834,0.818396743236962,eV/cell,0.6021432501145523,True,False,False
1.0,new_opening_5.5h_normal_force,fit,0.0,0.03173805605024358,0.0008530688007032436,eV/L0,0.026878420006341143,True,False,False
1.0,v16_direct011_energy,fit,0.025339211626875774,0.004433026104653031,0.02613793885970395,eV/cell,0.18017652365949505,True,False,False
1.0,v16_direct011_normal_force,fit,-0.1684646879274777,0.03173805605024358,-0.4330374469652957,eV/L0,-8.336136234020781,True,False,False
1.0,v16_direct011_Haa,fit,23.17866876533168,2.317866876533168,24.720583446009805,eV/L0^2,0.6652300424536747,True,True,False
1.0,v16_direct031_energy,fit,0.16617323878813156,0.016617323878813157,0.13755618790082272,eV/cell,-1.722121509817544,True,False,False
1.0,v16_direct031_normal_force,fit,-1.4977500080753077,0.03173805605024358,-1.3572981190689677,eV/L0,4.425346302999615,True,False,False
1.0,v16_direct031_Haa,fit,34.460781638400974,3.4460781638400975,25.947184656486513,eV/L0^2,-2.470517665921841,True,True,False
1.0,v16_raised043_energy,fit,0.1726273519698645,0.017262735196986453,0.1182863038887305,eV/cell,-3.1478816920403374,True,False,False
1.0,v16_raised043_normal_force,fit,-0.17083895700384927,0.03173805605024358,-0.17946823069023649,eV/L0,-0.27189042935479313,True,False,False
1.0,v16_raised043_Haa,fit,18.238440853611248,1.8238440853611249,20.386752307472864,eV/L0^2,1.177903018742003,True,True,False
1.0,v16_off_plus_energy,fit,0.0652424878354941,0.006524248783549411,0.05895945754800417,eV/cell,-0.9630273914956009,True,False,False
1.0,v16_off_plus_normal_force,fit,-0.08042066717244803,0.03173805605024358,-0.3129941692573477,eV/L0,-7.327906337953383,True,False,False
1.0,v16_off_plus_Haa,fit,20.981095919956758,2.098109591995676,22.78901057995907,eV/L0^2,0.8616874289596388,True,True,False
1.0,v16_off_minus_energy,fit,0.21182429891635463,0.021182429891635463,0.13704819529454326,eV/cell,-3.530100371125931,True,False,False
1.0,v16_off_minus_normal_force,fit,0.3481661631135443,0.03173805605024358,0.5569150573215824,eV/L0,6.5772425972647435,True,False,False
1.0,v16_off_minus_Haa,fit,5.497617912510364,0.5497617912510364,11.110736087626327,eV/L0^2,10.210091469512216,True,True,False
1.0,v16_shockley043_energy,fit,0.061697611386283796,0.00616976113862838,0.06028197366515717,eV/cell,-0.22944773538531885,True,False,False
1.0,v16_shockley043_normal_force,fit,-0.43484281773712713,0.03173805605024358,-0.6364284149854729,eV/L0,-6.35154203928626,True,False,False
1.0,v16_shockley043_Haa,fit,25.03469226049791,2.5034692260497913,26.786254631305866,eV/L0^2,0.699654045107531,True,True,False
1.0,v16_opening1.21_energy,fit,0.19627832926906572,0.019627832926906574,0.15316935444936092,eV/cell,-2.196318614502235,True,False,False
1.0,v16_opening1.21_normal_force,fit,1.631864707518524,0.03173805605024358,1.1147892839165678,eV/L0,-16.291968946787076,True,False,False
1.0,v16_opening1.21_Haa,fit,-1.3832350292334812,0.13832350292334814,-0.19624159831477261,eV/L0^2,8.581285217859758,True,True,False
1.0,v16_opening1.62_energy,fit,0.5246331923940108,0.05246331923940109,0.47029484677979105,eV/cell,-1.0357397587877077,True,False,False
1.0,v16_opening1.62_normal_force,fit,0.5093642313524578,0.03173805605024358,0.7215714080349616,eV/L0,6.686205870534883,True,False,False
1.0,v16_opening1.62_Haa,fit,-0.15582859326870177,0.1,-1.3540807100939887,eV/L0^2,-11.982521168252868,True,True,False
1.0,v16_opening1.93_energy,fit,0.6719836252695317,0.06719836252695317,0.6143620836636672,eV/cell,-0.8574843112100031,True,False,False
1.0,v16_opening1.93_normal_force,fit,0.6270410192299789,0.03173805605024358,0.4364963313080053,eV/L0,-6.00366599707077,True,False,False
1.0,v16_opening1.93_Haa,fit,-0.6638075680371565,0.1,-0.8957735181043786,eV/L0^2,-2.3196595006722207,True,True,False
1.0,v16_opening2.71_energy,fit,0.7719163228888833,0.07719163228888834,0.7678987768499927,eV/cell,-0.05204639310974796,True,False,False
1.0,v16_opening2.71_normal_force,fit,0.0,0.03173805605024358,0.11314584408861662,eV/L0,3.564989736910754,True,False,False
1.0,v16_opening2.71_Haa,fit,0.0,0.1,-0.2471149251950682,eV/L0^2,-2.4711492519506817,True,True,False
1.0,v16_opening4.3_energy,fit,0.7719163228888833,0.07719163228888834,0.8158634817410335,eV/cell,0.5693254249071803,True,False,False
1.0,v16_opening4.3_normal_force,fit,0.0,0.03173805605024358,0.006145482622479542,eV/L0,0.19363134946736527,True,False,False
1.0,v16_opening4.3_Haa,fit,0.0,0.1,-0.013597902604112935,eV/L0^2,-0.13597902604112935,True,True,False
1.0,v16_opening6.2_energy,fit,0.7719163228888833,0.07719163228888834,0.8187177627247351,eV/cell,0.6063019844003058,True,False,False
1.0,v16_opening6.2_normal_force,fit,0.0,0.03173805605024358,0.0003641256953913847,eV/L0,0.011472841777547687,True,False,False
1.0,v16_opening6.2_Haa,fit,0.0,0.1,-0.0004561875938513163,eV/L0^2,-0.004561875938513163,True,True,False
1.0,v17_near_0.985_normal_force,fit,-0.24821900083247345,0.03173805605024358,-0.2756290870048735,eV/L0,-0.863634689188523,True,False,False
1.0,v17_near_0.985_Haa,fit,20.878110673451364,2.0878110673451364,25.77560376757369,eV/L0^2,2.3457549252049823,True,True,False
1.0,v17_near_1.015_normal_force,fit,0.2329580444899274,0.03173805605024358,0.21672463414790022,eV/L0,-0.5114809273866224,True,False,False
1.0,v17_near_1.015_Haa,fit,18.39295935022696,1.839295935022696,16.148617252121014,eV/L0^2,-1.2202180494017414,True,True,False
1.0,v17_near_1.065_normal_force,fit,0.9078686582498847,0.03173805605024358,0.8476221082863467,eV/L0,-1.8982432278827515,True,False,False
1.0,v17_near_1.065_Haa,fit,14.605604041867348,1.4605604041867348,15.077356509158413,eV/L0^2,0.32299415069638615,True,True,False
1.0,v17_near_1.095_normal_force,fit,1.2303804278835464,0.03173805605024358,1.1049180654154587,eV/L0,-3.9530575618579777,True,False,False
1.0,v17_near_1.095_Haa,fit,11.545874277606002,1.1545874277606003,4.92730070888816,eV/L0^2,-5.732414375544526,True,True,False
1.0,v17_direct023_energy,heldout,0.10138618519039871,0.010138618519039872,0.09141164345645944,eV/cell,-0.983816652654159,False,False,False
1.0,v17_direct023_normal_force,heldout,-0.8610948380753036,0.03173805605024358,-0.9583186218326618,eV/L0,-3.0633187994704554,False,False,False
1.0,v17_direct023_Haa,heldout,29.67272464413389,2.967272464413389,20.902337460784317,eV/L0^2,-2.955706726811629,False,True,False
1.0,v17_direct023_Hxx,heldout,1.5318476269016676,0.1531847626901668,0.12584215245594563,eV/L0^2,-9.178494321197757,False,True,False
1.0,v17_direct047_energy,heldout,0.26395051027571553,0.026395051027571555,0.1949193783341647,eV/cell,-2.6153058719016222,False,False,False
1.0,v17_direct047_normal_force,heldout,-2.2580600813748397,0.03173805605024358,-1.911546372379607,eV/L0,10.91792479182333,False,False,False
1.0,v17_direct047_Haa,heldout,35.337517734960244,3.5337517734960247,32.641713938588424,eV/L0^2,-0.7628729942467909,False,True,False
1.0,v17_direct047_Hxx,heldout,-7.290154929569364,0.7290154929569365,-3.6429764870535095,eV/L0^2,5.0028819383832985,False,True,False
1.0,v17_off_plus_energy,heldout,0.08014986299727256,0.008014986299727257,0.06845315457956333,eV/cell,-1.4593547612311275,False,False,False
1.0,v17_off_plus_normal_force,heldout,0.496288954541943,0.03173805605024358,0.4152031168563922,eV/L0,-2.554845752278784,False,False,False
1.0,v17_off_plus_Haa,heldout,13.145916399036436,1.3145916399036437,14.746260351492595,eV/L0^2,1.2173696407908543,False,True,False
1.0,v17_off_plus_Hxx,heldout,0.5867789207029961,0.1,-0.07543278130412537,eV/L0^2,-6.622117020071214,False,True,False
1.0,v17_off_minus_energy,heldout,0.21284911087573022,0.021284911087573022,0.13389291710253312,eV/cell,-3.7094913597874912,False,False,False
1.0,v17_off_minus_normal_force,heldout,0.06702268289699899,0.03173805605024358,0.1965157493727788,eV/L0,4.080056644640842,False,False,False
1.0,v17_off_minus_Haa,heldout,11.464221151869252,1.1464221151869252,17.579107219146746,eV/L0^2,5.333887044110673,False,True,False
1.0,v17_off_minus_Hxx,heldout,-2.835312235036081,0.2835312235036081,-0.9721683959165558,eV/L0^2,6.571212214642792,False,True,False
1.0,v17_shockley067_energy,heldout,0.07506981596967024,0.007506981596967025,0.06278388368910717,eV/cell,-1.6366008257602287,False,False,False
1.0,v17_shockley067_normal_force,heldout,-0.08375074170661885,0.03173805605024358,-0.048606398578474486,eV/L0,1.107325006689395,False,False,False
1.0,v17_shockley067_Haa,heldout,14.560238367523052,1.4560238367523053,19.555802181088875,eV/L0^2,3.430962933071579,False,True,False
1.0,v17_shockley067_Hxx,heldout,0.4530475235373633,0.1,0.014583445505698706,eV/L0^2,-4.384640780316645,False,True,False
1.0,v17_compression_energy,heldout,0.025317916775100896,0.004433026104653031,0.031736133089642696,eV/cell,1.4478182990632644,False,False,False
1.0,v17_compression_normal_force,heldout,-0.6769543589544016,0.03173805605024358,-0.8833564524134323,eV/L0,-6.503299796694594,False,False,False
1.0,v17_compression_Haa,heldout,26.962376342241654,2.6962376342241656,22.382340287566436,eV/L0^2,-1.6986767028764178,False,True,False
1.0,v17_compression_Hxx,heldout,5.568444170552721,0.5568444170552721,2.7635411446393556,eV/L0^2,-5.037139531265071,False,True,False
1.0,v17_opening1.045_energy,heldout,0.012439540042104347,0.004433026104653031,0.011288590607680317,eV/cell,-0.25963064670789116,False,False,False
1.0,v17_opening1.045_normal_force,heldout,0.6560493060873362,0.03173805605024358,0.5912870225484196,eV/L0,-2.040524581480145,False,False,False
1.0,v17_opening1.045_Haa,heldout,16.173163667497242,1.6173163667497243,15.558212799773411,eV/L0^2,-0.3802291749261652,False,True,False
1.0,v17_opening1.045_Hxx,heldout,3.5468340021412335,0.35468340021412337,2.496505190547519,eV/L0^2,-2.961313698243639,False,True,False
1.0,v17_opening1.255_energy,heldout,0.2548812728796389,0.02548812728796389,0.19392133645186546,eV/cell,-2.3916993092136747,False,False,False
1.0,v17_opening1.255_normal_force,heldout,1.5479287243761108,0.03173805605024358,1.1011628415152541,eV/L0,-14.0766618520553,False,False,False
1.0,v17_opening1.255_Haa,heldout,-3.07660296796585,0.307660296796585,-0.565560135524025,eV/L0^2,8.161738315236837,False,True,False
1.0,v17_opening1.255_Hxx,heldout,-0.8591645505462155,0.1,0.12486026534765064,eV/L0^2,9.84024815893866,False,True,False
1.0,v17_opening1.555_energy,heldout,0.4970497627048889,0.04970497627048889,0.4300564563893423,eV/cell,-1.3478188974676604,False,False,False
1.0,v17_opening1.555_normal_force,heldout,0.5361595264738468,0.03173805605024358,0.7954088172219339,eV/L0,8.168404842995967,False,False,False
1.0,v17_opening1.555_Haa,heldout,-0.9598397042596563,0.1,-1.4236638750403,eV/L0^2,-4.638241707806436,False,True,False
1.0,v17_opening1.555_Hxx,heldout,-0.8905810007935903,0.1,-0.02386713214530558,eV/L0^2,8.667138686482847,False,True,False
1.0,v17_opening1.855_energy,heldout,0.6331364785570511,0.06331364785570512,0.5858861575185179,eV/cell,-0.746289664847917,False,False,False
1.0,v17_opening1.855_normal_force,heldout,0.6294361584094642,0.03173805605024358,0.4946298416022659,eV/L0,-4.247466089094757,False,False,False
1.0,v17_opening1.855_Haa,heldout,0.33758173393615254,0.1,-1.0041310361049531,eV/L0^2,-13.417127700411058,False,True,False
1.0,v17_opening1.855_Hxx,heldout,-0.0764657682265532,0.1,-0.006294751820080629,eV/L0^2,0.7017101640647256,False,True,False
1.0,v17_opening2.455_energy,heldout,0.7722611869157332,0.07722611869157332,0.7381203122166294,eV/cell,-0.4420897395537387,False,False,False
1.0,v17_opening2.455_normal_force,heldout,-0.03892592855831557,0.03173805605024358,0.17750395737326083,eV/L0,6.819254638310319,False,False,False
1.0,v17_opening2.455_Haa,heldout,1.5212189106347462,0.15212189106347462,-0.38011135918416517,eV/L0^2,-12.498728858330844,False,True,False
1.0,v17_opening2.455_Hxx,heldout,0.04446583977668427,0.1,-0.00013089056439884967,eV/L0^2,-0.4459673034108312,False,True,False
1.0,v17_opening3.75_energy,heldout,0.7719163228888833,0.07719163228888834,0.8111058098708136,eV/cell,0.5076908703687504,False,False,False
1.0,v17_opening3.75_normal_force,heldout,0.0,0.03173805605024358,0.016855364743941715,eV/L0,0.5310774143589161,False,False,False
1.0,v17_opening3.75_Haa,heldout,0.0,0.1,-0.03820913470771262,eV/L0^2,-0.3820913470771262,False,True,False
1.0,v17_opening3.75_Hxx,heldout,0.0,0.1,-1.7870697910417542e-08,eV/L0^2,-1.787069791041754e-07,False,True,False
1.0,v19_new_0_energy,heldout,0.00042417681882149505,0.004433026104653031,0.0004389874970085299,eV/cell,0.0033409860076143282,False,False,False
1.0,v19_new_0_force,heldout,-0.13054663793646185,0.03173805605024358,-0.13761508511144382,eV/L0,-0.2227120389412675,False,False,False
1.0,v19_new_0_Haa,heldout,20.302032153219432,2.030203215321943,22.60299530357528,eV/L0^2,1.133365927602951,False,True,False
1.0,v19_new_0_Hxx,heldout,4.57090105595751,0.45709010559575103,5.111410825069811,eV/L0^2,1.1825015735307256,False,True,False
1.0,v19_new_1_energy,heldout,0.004931943136885955,0.004433026104653031,0.004552141865386086,eV/cell,-0.08567539701632236,False,False,False
1.0,v19_new_1_force,heldout,0.42285939529142164,0.03173805605024358,0.38069618988430465,eV/L0,-1.3284747288986338,False,False,False
1.0,v19_new_1_Haa,heldout,17.415188636660293,1.7415188636660295,15.026326165160325,eV/L0^2,-1.3717120849734759,False,True,False
1.0,v19_new_1_Hxx,heldout,3.8361643120715834,0.3836164312071584,2.916656166686311,eV/L0^2,-2.396946717041754,False,True,False
1.0,v19_new_2_energy,heldout,0.10968805888528045,0.010968805888528046,0.09374863657748773,eV/cell,-1.453159301913009,False,False,False
1.0,v19_new_2_force,heldout,1.574309479391436,0.03173805605024358,1.1280781430471762,eV/L0,-14.059819405380221,False,False,False
1.0,v19_new_2_Haa,heldout,5.20946471789603,0.5209464717896031,-0.6033024836240175,eV/L0^2,-11.158089201663074,False,True,False
1.0,v19_new_2_Hxx,heldout,0.9642979846199059,0.1,0.5486710071848396,eV/L0^2,-4.156269774350663,False,True,False
1.0,v19_new_3_energy,heldout,0.3373623063206088,0.03373623063206088,0.25562048982842955,eV/cell,-2.4229682735953544,False,False,False
1.0,v19_new_3_force,heldout,1.321138459506241,0.03173805605024358,1.0529148990611947,eV/L0,-8.45116537762834,False,False,False
1.0,v19_new_3_Haa,heldout,-4.940080180276789,0.4940080180276789,-1.0822166788531349,eV/L0^2,7.809313534679312,False,True,False
1.0,v19_new_3_Hxx,heldout,-1.007259835979608,0.10072598359796081,0.02954594360041224,eV/L0^2,10.293329908977036,False,True,False
1.0,v19_new_4_energy,heldout,0.5605338261337047,0.05605338261337048,0.5172045856493427,eV/cell,-0.7729995669168888,False,False,False
1.0,v19_new_4_force,heldout,0.5382315998098468,0.03173805605024358,0.6316452979026665,eV/L0,2.943270940883691,False,False,False
1.0,v19_new_4_Haa,heldout,0.9032785116339533,0.1,-1.233962384078612,eV/L0^2,-21.37240895712565,False,True,False
1.0,v19_new_4_Hxx,heldout,0.6453579543796875,0.1,-0.013816194005835503,eV/L0^2,-6.591741483855229,False,True,False
1.0,v19_new_5_energy,heldout,0.7666938699728523,0.07666938699728523,0.6858673196684537,eV/cell,-1.05422194528907,False,False,False
1.0,v19_new_5_force,heldout,0.27979903523926664,0.03173805605024358,0.2881263823563289,eV/L0,0.26237735240871435,False,False,False
1.0,v19_new_5_Haa,heldout,-2.478203100860398,0.2478203100860398,-0.6041986075460913,eV/L0^2,7.56194878726315,False,True,False
1.0,v19_new_5_Hxx,heldout,0.0933444416558671,0.1,-0.0008613645541136242,eV/L0^2,-0.9420580620998071,False,True,False
1.0,v19_new_6_energy,heldout,0.07503741336914271,0.007503741336914272,0.05584282805046971,eV/cell,-2.55800199618372,False,False,False
1.0,v19_new_6_force,heldout,0.3995055633266556,0.03173805605024358,0.1545469988023562,eV/L0,-7.718133843374424,False,False,False
1.0,v19_new_6_Haa,heldout,16.75498366183509,1.6754983661835092,22.1153155325869,eV/L0^2,3.199246253496328,False,True,False
1.0,v19_new_6_Hxx,heldout,1.866294182504276,0.18662941825042761,1.4170459034709726,eV/L0^2,-2.407167547564673,False,True,False
1.0,v19_new_7_energy,heldout,0.1746163283222475,0.01746163283222475,0.14943817115546282,eV/cell,-1.4419131022111167,False,False,False
1.0,v19_new_7_force,heldout,1.0346608991752084,0.03173805605024358,0.9357891589462616,eV/L0,-3.115242473339448,False,False,False
1.0,v19_new_7_Haa,heldout,3.3869832062735408,0.3386983206273541,2.2352919914913603,eV/L0^2,-3.400345217682095,False,True,False
1.0,v19_new_7_Hxx,heldout,-0.5656137494473082,0.1,-0.21736696898618416,eV/L0^2,3.482467804611241,False,True,False
1.0,v19_new_8_energy,heldout,0.17183161394321733,0.017183161394321734,0.14132607817278048,eV/cell,-1.7753156750606771,False,False,False
1.0,v19_new_8_force,heldout,-1.5479121827267546,0.03173805605024358,-1.392260292627238,eV/L0,4.904266658711189,False,False,False
1.0,v19_new_8_Haa,heldout,34.71656366870985,3.4716563668709854,26.394046045144535,eV/L0^2,-2.397275750844669,False,True,False
1.0,v19_new_8_Hxx,heldout,-0.974896485841256,0.1,-1.489797373788188,eV/L0^2,-5.14900887946932,False,True,False
1.0,v19_new_9_energy,heldout,0.07736533900036079,0.007736533900036079,0.05897066187776241,eV/cell,-2.3776380172666975,False,False,False
1.0,v19_new_9_force,heldout,-0.22650351113925563,0.03173805605024358,-0.30882380245148966,eV/L0,-2.5937408132972988,False,False,False
1.0,v19_new_9_Haa,heldout,14.396252629283666,1.4396252629283666,24.071371068964947,eV/L0^2,6.720581174020909,False,True,False
1.0,v19_new_9_Hxx,heldout,-0.11946413441426519,0.1,0.833545715915947,eV/L0^2,9.53009850330212,False,True,False
1.0,v19_power_new_0_energy,heldout,0.0021758842211834217,0.004433026104653031,0.002365240467193211,eV/cell,0.042714895319708485,False,False,False
1.0,v19_power_new_0_force,heldout,-0.2996693004614922,0.03173805605024358,-0.3405807584432331,eV/L0,-1.289034776325783,False,False,False
1.0,v19_power_new_0_Haa,heldout,21.133296310436656,2.1133296310436656,27.266747396599495,eV/L0^2,2.902269005301289,False,True,False
1.0,v19_power_new_0_Hxx,heldout,4.803281906544594,0.4803281906544594,6.23642181263717,eV/L0^2,2.983668112712448,False,True,False
1.0,v19_power_new_1_energy,heldout,0.01645069708691336,0.004433026104653031,0.014924196537046448,eV/cell,-0.3443472954658788,False,False,False
1.0,v19_power_new_1_force,heldout,0.747061714559844,0.03173805605024358,0.6812103835733931,eV/L0,-2.0748381968386345,False,False,False
1.0,v19_power_new_1_Haa,heldout,15.66515497295868,1.5665154972958681,15.867494309761293,eV/L0^2,0.12916523146556325,False,True,False
1.0,v19_power_new_1_Hxx,heldout,3.4372637547611467,0.3437263754761147,2.358976863909177,eV/L0^2,-3.1370501881282,False,True,False
1.0,v19_power_new_2_energy,heldout,0.13995417796875365,0.013995417796875366,0.11484938949823698,eV/cell,-1.7937862831162923,False,False,False
1.0,v19_power_new_2_force,heldout,1.6376288066594074,0.03173805605024358,1.1202904482551421,eV/L0,-16.300253474418287,False,False,False
1.0,v19_power_new_2_Haa,heldout,1.5124016664736504,0.15124016664736506,-0.24637548211849558,eV/L0^2,-11.629034717298017,False,True,False
1.0,v19_power_new_2_Hxx,heldout,0.07390822082095283,0.1,0.40135533875779356,eV/L0^2,3.274471179368407,False,True,False
1.0,v19_power_new_3_energy,heldout,0.39535837061576956,0.039535837061576956,0.30578906698150243,eV/cell,-2.265521873098657,False,False,False
1.0,v19_power_new_3_force,heldout,1.0383826381800587,0.03173805605024358,0.9932163504790599,eV/L0,-1.4230955931736153,False,False,False
1.0,v19_power_new_3_Haa,heldout,-6.006053628734572,0.6006053628734572,-1.3271682428273646,eV/L0^2,7.790282396950576,False,True,False
1.0,v19_power_new_3_Hxx,heldout,-1.4153601110072371,0.14153601110072372,-0.007509305206591342,eV/L0^2,9.94694420770946,False,True,False
1.0,v19_power_new_4_energy,heldout,0.5880885299154484,0.05880885299154484,0.5467046473831464,eV/cell,-0.7037015759897897,False,False,False
1.0,v19_power_new_4_force,heldout,0.5878736415051682,0.03173805605024358,0.5734431906807959,eV/L0,-0.45467343058213494,False,False,False
1.0,v19_power_new_4_Haa,heldout,0.9838769358246306,0.1,-1.1417571645464848,eV/L0^2,-21.256341003711157,False,True,False
1.0,v19_power_new_4_Hxx,heldout,0.5300888191539206,0.1,-0.010276313386746783,eV/L0^2,-5.403651325406673,False,True,False
1.0,v19_power_new_5_energy,heldout,0.7807571272106231,0.07807571272106231,0.7094487298598321,eV/cell,-0.9133236811497497,False,False,False
1.0,v19_power_new_5_force,heldout,0.03287588986152218,0.03173805605024358,0.23848377603998136,eV/L0,6.478275980512713,False,False,False
1.0,v19_power_new_5_Haa,heldout,-2.5224317074829634,0.25224317074829633,-0.5041344993911137,eV/L0^2,8.001394852849478,False,True,False
1.0,v19_power_new_5_Hxx,heldout,-0.10536285587305545,0.1,-0.0004146166068897771,eV/L0^2,1.0494823926616565,False,True,False
1.0,v19_power_new_6_energy,heldout,0.09299247367372732,0.009299247367372731,0.07121921094004664,eV/cell,-2.3414005320553337,False,False,False
1.0,v19_power_new_6_force,heldout,-0.03946790499084763,0.03173805605024358,-0.32463118343662184,eV/L0,-8.984900587305683,False,False,False
1.0,v19_power_new_6_Haa,heldout,22.032873653678617,2.2032873653678617,20.123426676247504,eV/L0^2,-0.8666354681847462,False,True,False
1.0,v19_power_new_6_Hxx,heldout,1.976588687531336,0.19765886875313363,0.8131602693889323,eV/L0^2,-5.8860420758325285,False,True,False
1.0,v19_power_new_7_energy,heldout,0.16640726473220147,0.01664072647322015,0.1376181500329849,eV/cell,-1.7300395355663576,False,False,False
1.0,v19_power_new_7_force,heldout,0.9556810535854069,0.03173805605024358,0.8979871578378326,eV/L0,-1.8178144135935996,False,False,False
1.0,v19_power_new_7_Haa,heldout,3.6257942400934606,0.36257942400934606,3.13112159809321,eV/L0^2,-1.3643152623782087,False,True,False
1.0,v19_power_new_7_Hxx,heldout,-0.7324824081355719,0.1,-0.21939037210757859,eV/L0^2,5.130920360279932,False,True,False
1.0,v19_power_new_8_energy,heldout,0.18770167030691334,0.018770167030691336,0.15167197843027752,eV/cell,-1.919518980183992,False,False,False
1.0,v19_power_new_8_force,heldout,-1.6817465699911935,0.03173805605024358,-1.4895276425345787,eV/L0,6.056417795479305,False,False,False
1.0,v19_power_new_8_Haa,heldout,35.390692237109825,3.5390692237109826,27.61963839039085,eV/L0^2,-2.1957902927285593,False,True,False
1.0,v19_power_new_8_Hxx,heldout,-1.532495429303305,0.15324954293033052,-1.8801697055206736,eV/L0^2,-2.268680673164724,False,True,False
1.0,v19_power_new_9_energy,heldout,0.07659186968314344,0.007659186968314344,0.05848912163516011,eV/cell,-2.3635339002525266,False,False,False
1.0,v19_power_new_9_force,heldout,-0.15953065932670854,0.03173805605024358,-0.17824250567754937,eV/L0,-0.5895712806486528,False,False,False
1.0,v19_power_new_9_Haa,heldout,13.640977289265752,1.3640977289265752,21.906710457788638,eV/L0^2,6.059487522955771,False,True,False
1.0,v19_power_new_9_Hxx,heldout,-0.0018561341338510467,0.1,0.7841013080993922,eV/L0^2,7.8595744223324315,False,True,False
1.0,v20_new_0_energy,heldout,5.8649043216202346e-05,0.004433026104653031,5.805018028882681e-05,eV/cell,-0.00013509122509947576,False,False,False
1.0,v20_new_0_force,heldout,0.04781880717694997,0.03173805605024358,0.047027898130997274,eV/L0,-0.024919895682981797,False,False,False
1.0,v20_new_0_Haa,heldout,19.407850341619266,1.9407850341619266,18.75486287254287,eV/L0^2,-0.3364553299734048,False,True,False
1.0,v20_new_0_Hxx,heldout,4.329394100444026,0.4329394100444026,4.164213963699879,eV/L0^2,-0.381531763826273,False,True,False
1.0,v20_new_1_energy,heldout,0.0036442749373840483,0.004433026104653031,0.003389167778658904,eV/cell,-0.05754695612041997,False,False,False
1.0,v20_new_1_force,heldout,0.3655179304564104,0.03173805605024358,0.3313853745186456,eV/L0,-1.075445701013653,False,False,False
1.0,v20_new_1_Haa,heldout,17.703231197779825,1.7703231197779825,15.19501776079643,eV/L0^2,-1.4168110945181305,False,True,False
1.0,v20_new_1_Hxx,heldout,3.9093512902826126,0.3909351290282613,3.0521021865913758,eV/L0^2,-2.192816761752984,False,True,False
1.0,v20_new_2_energy,heldout,0.034823381685342755,0.004433026104653031,0.03203211031530193,eV/cell,-0.6296537182830988,False,False,False
1.0,v20_new_2_force,heldout,1.045799857810823,0.03173805605024358,0.9815644359020522,eV/L0,-2.023924269560856,False,False,False
1.0,v20_new_2_Haa,heldout,13.514055878705095,1.3514055878705096,11.876562986006967,eV/L0^2,-1.2116961091439795,False,True,False
1.0,v20_new_2_Hxx,heldout,2.9805611045837717,0.29805611045837715,1.7976246504418967,eV/L0^2,-3.9688381235420747,False,True,False
1.0,v20_new_3_energy,heldout,0.22661995382203423,0.022661995382203426,0.17406053124008505,eV/cell,-2.31927602558883,False,False,False
1.0,v20_new_3_force,heldout,1.596539848274592,0.03173805605024358,1.1095623285197969,eV/L0,-15.343646724420532,False,False,False
1.0,v20_new_3_Haa,heldout,-2.2820717486649773,0.22820717486649775,-0.3704723976883062,eV/L0^2,8.376596187630671,False,True,False
1.0,v20_new_3_Hxx,heldout,-0.8053213981525169,0.1,0.1726169014492984,eV/L0^2,9.779382996018153,False,True,False
1.0,v20_new_4_energy,heldout,0.4890270726004544,0.04890270726004545,0.41821212021261606,eV/cell,-1.4480783652993314,False,False,False
1.0,v20_new_4_force,heldout,0.5582577926902346,0.03173805605024358,0.8164336392589514,eV/L0,8.134582854098129,False,False,False
1.0,v20_new_4_Haa,heldout,-1.9854681988380205,0.19854681988380207,-1.4369055005425864,eV/L0^2,2.7628883636437793,False,True,False
1.0,v20_new_4_Hxx,heldout,-1.0730096719553677,0.10730096719553678,-0.024678634598377904,eV/L0^2,9.770005478576856,False,True,False
1.0,v20_new_5_energy,heldout,0.6157939144055483,0.06157939144055483,0.5717613124684853,eV/cell,-0.7150541911342134,False,False,False
1.0,v20_new_5_force,heldout,0.6195747950914187,0.03173805605024358,0.5232154657615936,eV/L0,-3.0360816420917978,False,False,False
1.0,v20_new_5_Haa,heldout,0.4318686304614479,0.1,-1.0554711496704599,eV/L0^2,-14.873397801319076,False,True,False
1.0,v20_new_5_Hxx,heldout,0.05966529359502488,0.1,-0.007616216733152818,eV/L0^2,-0.672815103281777,False,True,False
1.0,v20_new_6_energy,heldout,0.729941495134474,0.0729941495134474,0.6551137621133647,eV/cell,-1.0251195954728418,False,False,False
1.0,v20_new_6_force,heldout,0.4717044111502519,0.03173805605024358,0.35232236723016636,eV/L0,-3.76147939656718,False,False,False
1.0,v20_new_6_Haa,heldout,-1.7417609490586863,0.17417609490586863,-0.7321774609701158,eV/L0^2,5.796337830597177,False,True,False
1.0,v20_new_6_Hxx,heldout,0.20899465255336805,0.1,-0.0018489416544412462,eV/L0^2,-2.108435942078093,False,True,False
1.0,v20_new_7_energy,heldout,0.02046914476243608,0.004433026104653031,0.01957222731521033,eV/cell,-0.20232622728847002,False,False,False
1.0,v20_new_7_force,heldout,0.06281548916376087,0.03173805605024358,-0.16941425265000837,eV/L0,-7.317075168250166,False,False,False
1.0,v20_new_7_Haa,heldout,21.501318205218237,2.150131820521824,24.013524761001957,eV/L0^2,1.1683965289039921,False,True,False
1.0,v20_new_7_Hxx,heldout,4.662002299739686,0.4662002299739686,3.844434100652662,eV/L0^2,-1.7536846756439282,False,True,False
1.0,v20_new_8_energy,heldout,0.06003679436536899,0.006003679436536899,0.05139439461258283,eV/cell,-1.439517190106898,False,False,False
1.0,v20_new_8_force,heldout,0.3178698348179461,0.03173805605024358,0.1649596058604074,eV/L0,-4.8178826300977935,False,False,False
1.0,v20_new_8_Haa,heldout,14.458727489192233,1.4458727489192233,18.112597308176397,eV/L0^2,2.5271033164677865,False,True,False
1.0,v20_new_8_Hxx,heldout,0.86111106885732,0.1,0.47604958455073476,eV/L0^2,-3.8506148430658524,False,True,False
1.0,v20_new_9_energy,heldout,0.09377427653904365,0.009377427653904365,0.08545168418913879,eV/cell,-0.8875133626266561,False,False,False
1.0,v20_new_9_force,heldout,0.5947790357818696,0.03173805605024358,0.7514047743072565,eV/L0,4.934950592986453,False,False,False
1.0,v20_new_9_Haa,heldout,11.056850642860084,1.1056850642860085,8.05246490224145,eV/L0^2,-2.71721653630069,False,True,False
1.0,v20_new_9_Hxx,heldout,0.0757661767331005,0.1,-0.2105664195184994,eV/L0^2,-2.863325962515999,False,True,False
1.0,v20_new_10_energy,heldout,0.038168092494978115,0.004433026104653031,0.04047825794461009,eV/cell,0.5211260649259787,False,False,False
1.0,v20_new_10_force,heldout,-0.4360667641505048,0.03173805605024358,-0.6737623661822453,eV/L0,-7.489293032170955,False,False,False
1.0,v20_new_10_Haa,heldout,26.40271381173358,2.640271381173358,20.15877834544164,eV/L0^2,-2.3648839701913844,False,True,False
1.0,v20_new_10_Hxx,heldout,4.254835571305176,0.42548355713051766,1.9901901339759829,eV/L0^2,-5.322521633038126,False,True,False
1.0,v20_new_11_energy,heldout,0.2277352928888806,0.022773529288888063,0.20187954083069698,eV/cell,-1.1353423411100134,False,False,False
1.0,v20_new_11_force,heldout,1.3946641093269667,0.03173805605024358,1.0105642993722954,eV/L0,-12.1021844988431,False,False,False
1.0,v20_new_11_Haa,heldout,2.8654264155114735,0.28654264155114734,0.29563836101090435,eV/L0^2,-8.968257012601969,False,True,False
1.0,v20_new_11_Hxx,heldout,-0.12044589256531853,0.1,-0.16359873210745604,eV/L0^2,-0.4315283954213751,False,True,False
10.0,normal_strain_force_ev,exact,0.0,0.1,4.440892098500626e-16,eV/strain,4.440892098500626e-15,False,False,False
10.0,cohesive_ev_atom,exact,3.36,0.0672,3.3600000000000003,eV/atom,6.608470384673551e-15,False,False,False
10.0,C11_GPa,exact,113.99999999999996,5.699999999999998,113.99999999999991,GPa,-7.479397218527373e-15,False,False,False
10.0,C12_GPa,exact,62.000000000000014,3.100000000000001,61.99999999999997,GPa,-1.3752440046969677e-14,False,False,False
10.0,C44_GPa,exact,32.0,1.6,31.999999999999964,GPa,-2.220446049250313e-14,False,False,False
10.0,perfect_Haa,exact,19.66091286328976,1.9660912863289761,19.660912863289767,eV/L0^2,3.613986495442962e-15,False,False,False
10.0,perfect_Hxx,exact,4.393593035123306,0.43935930351233066,4.393593035123307,eV/L0^2,2.021530926054917e-15,False,False,False
10.0,saddle_energy_at_source_state,fit,0.07624909750742465,0.007624909750742465,0.06372588204216528,eV/cell,-1.6424083529696771,True,False,False
10.0,saddle_normal_force_at_source_state,fit,1.4903612010162394e-15,0.03173805605024358,0.08503815135715109,eV/L0,2.6793749189467753,True,False,False
10.0,fault_energy_at_source_state,fit,0.06670794504308616,0.006670794504308616,0.04944697887344544,eV/cell,-2.5875427819717722,True,False,False
10.0,fault_normal_force_at_source_state,fit,5.29078226360765e-15,0.03173805605024358,0.004078563184232595,eV/L0,0.12850702569088196,True,False,False
10.0,saddle_path_force_at_source_state,fit,2.296700476743968e-16,0.03173805605024358,-0.08169328898421037,eV/L0,-2.573985276693833,True,False,False
10.0,opening_1.1h_energy,fit,0.05670265774764735,0.005670265774764736,0.05244817622361708,eV/cell,-0.7503143050127646,True,False,False
10.0,opening_1.5h_energy,fit,0.4710312483934004,0.04710312483934004,0.3933906634323595,eV/cell,-1.6483107060488749,True,False,False
10.0,opening_2h_energy,fit,0.7060534019484034,0.07060534019484034,0.6370642348299048,eV/cell,-0.9771097615012995,True,False,False
10.0,opening_40h_energy,fit,0.7719163228888833,0.07719163228888834,0.8174418450685711,eV/cell,0.5897727620178995,True,False,False
10.0,direct_quarter_energy,fit,0.117221996542065,0.0117221996542065,0.10738513168052737,eV/cell,-0.8391654426400836,True,False,False
10.0,direct_half_energy,fit,0.26732847628894163,0.026732847628894163,0.1980715934439559,eV/cell,-2.590703534707972,True,False,False
10.0,oblique_energy,fit,0.13339289745734875,0.013339289745734876,0.0941250301845862,eV/cell,-2.943774970126735,True,False,False
10.0,opening_1.25h_energy,fit,0.24853683654490819,0.02485368365449082,0.190487476549137,eV/cell,-2.3356441162910766,True,False,False
10.0,opening_3h_energy,fit,0.7719163228888833,0.07719163228888834,0.7866641703279579,eV/cell,0.1910550017115971,True,False,False
10.0,saddle_Haa,fit,12.717337762538286,1.2717337762538286,18.24004246434185,eV/L0^2,4.342657877713924,True,True,False
10.0,saddle_Hxx,fit,-0.18642463121762062,0.018642463121762064,0.14671331091403977,eV/L0^2,17.86984584364153,True,True,False
10.0,fault_Haa,fit,14.140554350039636,1.4140554350039638,17.531141508010606,eV/L0^2,2.3977752738961504,True,True,False
10.0,fault_Hxx,fit,2.4858929774856264,0.24858929774856264,2.626320661095614,eV/L0^2,0.5648983479249543,True,True,False
10.0,saddle_normal_path_coupling,fit,1.2055891043737141,0.12055891043737142,1.3844049793475548,eV/L0^2,1.4832240464443553,True,True,False
10.0,opening_1.1h_normal_force,fit,1.2761663221727821,0.03173805605024358,1.129836344595133,eV/L0,-4.610552623197796,True,False,False
10.0,opening_1.3h_normal_force,fit,1.4139711872929317,0.03173805605024358,1.071837791947288,eV/L0,-10.779910237855226,True,False,False
10.0,opening_1.5h_normal_force,fit,0.6379256757978651,0.03173805605024358,0.8563769302659415,eV/L0,6.8829437481064595,True,False,False
10.0,opening_2h_normal_force,fit,0.5548811295393773,0.03173805605024358,0.38509976115726874,eV/L0,-5.349457071766862,True,False,False
10.0,opening_2.5h_normal_force,fit,0.0005156382639574782,0.03173805605024358,0.1625527542260235,eV/L0,5.105451818017771,True,False,False
10.0,opening_3h_normal_force,fit,0.0,0.03173805605024358,0.0666407664300376,eV/L0,2.0997116623822385,True,False,False
10.0,shockley_0.15_energy,fit,0.013715574532912111,0.004433026104653031,0.014142408137187597,eV/cell,0.09628492912041925,True,False,False
10.0,shockley_0.35_energy,fit,0.04820527408303389,0.004820527408303389,0.051620860301727654,eV/cell,0.7085503160526364,True,False,False
10.0,shockley_0.75_energy,fit,0.08334161260537679,0.00833416126053768,0.07165886120587861,eV/cell,-1.401790898241446,True,False,False
10.0,new_direct_017_energy,fit,0.05826439239193282,0.0058264392391932825,0.060795971540248725,eV/cell,0.4344985066155817,True,False,False
10.0,new_direct_017_normal_force,fit,-0.44118804525591643,0.03173805605024358,-0.7169943156960018,eV/L0,-8.690080766240522,True,False,False
10.0,new_direct_017_Haa,fit,26.109437232644353,2.6109437232644357,20.317662443299973,eV/L0^2,-2.218268719366722,True,True,False
10.0,new_direct_039_energy,fit,0.2262381941113307,0.022623819411133072,0.17728544229774154,eV/cell,-2.163770445829308,True,False,False
10.0,new_direct_039_normal_force,fit,-1.9685101248020884,0.03173805605024358,-1.7048025548192978,eV/L0,8.30887593006084,True,False,False
10.0,new_direct_039_Haa,fit,36.31678531793335,3.6316785317933356,30.909570877183693,eV/L0^2,-1.4889022784953263,True,True,False
10.0,new_raised_direct_energy,fit,0.11960599647825673,0.011960599647825674,0.09340257990515252,eV/cell,-2.1908112757429974,True,False,False
10.0,new_raised_direct_normal_force,fit,0.08783049166112324,0.03173805605024358,-0.1575474623026945,eV/L0,-7.731347930552745,True,False,False
10.0,new_raised_direct_Haa,fit,20.00400949091716,2.000400949091716,20.625785574355916,eV/L0^2,0.31082572907250167,True,True,False
10.0,new_off_path_positive_energy,fit,0.05360470506556986,0.0053604705065569865,0.04914567565780319,eV/cell,-0.8318354521888213,True,False,False
10.0,new_off_path_positive_normal_force,fit,0.35206897342006,0.03173805605024358,0.20378449229138174,eV/L0,-4.672134956656875,True,False,False
10.0,new_off_path_positive_Haa,fit,13.446420569551602,1.3446420569551603,17.30595415583022,eV/L0^2,2.870305570404543,True,True,False
10.0,new_off_path_negative_energy,fit,0.21544733160917068,0.021544733160917068,0.13549845150589496,eV/cell,-3.7108317613469404,True,False,False
10.0,new_off_path_negative_normal_force,fit,-0.05312860042135701,0.03173805605024358,-0.015342160547562933,eV/L0,1.1905719686793508,True,False,False
10.0,new_off_path_negative_Haa,fit,13.5831841481301,1.35831841481301,19.004611096571615,eV/L0^2,3.9912783993198273,True,True,False
10.0,new_shockley_058_energy,fit,0.07969505412787091,0.007969505412787091,0.07652266739125964,eV/cell,-0.39806569822026455,True,False,False
10.0,new_shockley_058_normal_force,fit,-0.6123357455328253,0.03173805605024358,-0.7255772497734548,eV/L0,-3.568003788932763,True,False,False
10.0,new_shockley_058_Haa,fit,23.107568998056017,2.3107568998056016,27.250645954401264,eV/L0^2,1.7929523251423782,True,True,False
10.0,new_opening_1.17h_energy,fit,0.14263027381623705,0.014263027381623706,0.11752792231180534,eV/cell,-1.7599595676842945,True,False,False
10.0,new_opening_1.17h_normal_force,fit,1.6398229617729339,0.03173805605024358,1.126042195821213,eV/L0,-16.188161150713505,True,False,False
10.0,new_opening_1.42h_energy,fit,0.4226003973463561,0.042260039734635615,0.3343677726288507,eV/cell,-2.087850017925834,True,False,False
10.0,new_opening_1.42h_normal_force,fit,0.8686291067124379,0.03173805605024358,0.9503817979080272,eV/L0,2.5758569165726186,True,False,False
10.0,new_opening_1.78h_energy,fit,0.5953584311886578,0.05953584311886578,0.5533626983968828,eV/cell,-0.7053857070257461,True,False,False
10.0,new_opening_1.78h_normal_force,fit,0.5989965116849877,0.03173805605024358,0.5563858216410663,eV/L0,-1.3425740371894752,True,False,False
10.0,new_opening_2.23h_energy,fit,0.7765619947928292,0.07765619947928293,0.6968886253007283,eV/cell,-1.0259756468426724,True,False,False
10.0,new_opening_2.23h_normal_force,fit,0.15664558956102492,0.03173805605024358,0.2598871923889463,eV/L0,3.252927736484007,True,False,False
10.0,new_opening_3.4h_energy,fit,0.7719163228888833,0.07719163228888834,0.802126955397923,eV/cell,0.39137185745699604,True,False,False
10.0,new_opening_3.4h_normal_force,fit,0.0,0.03173805605024358,0.03213475210914899,eV/L0,1.0124990660510969,True,False,False
10.0,new_opening_5.5h_energy,fit,0.7719163228888833,0.07719163228888834,0.8163578892006591,eV/cell,0.5757303608434392,True,False,False
10.0,new_opening_5.5h_normal_force,fit,0.0,0.03173805605024358,0.0009442052549804658,eV/L0,0.02974993974066094,True,False,False
10.0,v16_direct011_energy,fit,0.025339211626875774,0.004433026104653031,0.0286017917596095,eV/cell,0.735971333286134,True,False,False
10.0,v16_direct011_normal_force,fit,-0.1684646879274777,0.03173805605024358,-0.44988091753349285,eV/L0,-8.86683888769096,True,False,False
10.0,v16_direct011_Haa,fit,23.17866876533168,2.317866876533168,25.125499589459253,eV/L0^2,0.8399234847513967,True,True,False
10.0,v16_direct031_energy,fit,0.16617323878813156,0.016617323878813157,0.14095478954565072,eV/cell,-1.5175999111766725,True,False,False
10.0,v16_direct031_normal_force,fit,-1.4977500080753077,0.03173805605024358,-1.3531534989226568,eV/L0,4.555934645894645,True,False,False
10.0,v16_direct031_Haa,fit,34.460781638400974,3.4460781638400975,26.254250445749353,eV/L0^2,-2.381411796970608,True,True,False
10.0,v16_raised043_energy,fit,0.1726273519698645,0.017262735196986453,0.12162401717423185,eV/cell,-2.9545338101772125,True,False,False
10.0,v16_raised043_normal_force,fit,-0.17083895700384927,0.03173805605024358,-0.1607669533498886,eV/L0,0.317347843800388,True,False,False
10.0,v16_raised043_Haa,fit,18.238440853611248,1.8238440853611249,20.05614725674843,eV/L0^2,0.9966347549808644,True,True,False
10.0,v16_off_plus_energy,fit,0.0652424878354941,0.006524248783549411,0.06279493352783647,eV/cell,-0.3751472987708614,True,False,False
10.0,v16_off_plus_normal_force,fit,-0.08042066717244803,0.03173805605024358,-0.3185219094436574,eV/L0,-7.502073910710798,True,False,False
10.0,v16_off_plus_Haa,fit,20.981095919956758,2.098109591995676,22.712130889559425,eV/L0^2,0.8250450673342307,True,True,False
10.0,v16_off_minus_energy,fit,0.21182429891635463,0.021182429891635463,0.1410306859557235,eV/cell,-3.342091220072263,True,False,False
10.0,v16_off_minus_normal_force,fit,0.3481661631135443,0.03173805605024358,0.5581392337544094,eV/L0,6.615813845323826,True,False,False
10.0,v16_off_minus_Haa,fit,5.497617912510364,0.5497617912510364,10.740395718481185,eV/L0^2,9.536453586634986,True,True,False
10.0,v16_shockley043_energy,fit,0.061697611386283796,0.00616976113862838,0.0640444238735994,eV/cell,0.3803733134209043,True,False,False
10.0,v16_shockley043_normal_force,fit,-0.43484281773712713,0.03173805605024358,-0.6403715184464449,eV/L0,-6.475781011412651,True,False,False
10.0,v16_shockley043_Haa,fit,25.03469226049791,2.5034692260497913,26.6669922857564,eV/L0^2,0.6520152148361286,True,True,False
10.0,v16_opening1.21_energy,fit,0.19627832926906572,0.019627832926906574,0.15417257567728274,eV/cell,-2.1452064396810115,True,False,False
10.0,v16_opening1.21_normal_force,fit,1.631864707518524,0.03173805605024358,1.11805517888234,eV/L0,-16.189067402955846,True,False,False
10.0,v16_opening1.21_Haa,fit,-1.3832350292334812,0.13832350292334814,-0.2829896710420776,eV/L0^2,7.9541461497046075,True,True,False
10.0,v16_opening1.62_energy,fit,0.5246331923940108,0.05246331923940109,0.4704461271443555,eV/cell,-1.032856213355248,True,False,False
10.0,v16_opening1.62_normal_force,fit,0.5093642313524578,0.03173805605024358,0.7181477664155312,eV/L0,6.578334058410962,True,False,False
10.0,v16_opening1.62_Haa,fit,-0.15582859326870177,0.1,-1.3514249915072378,eV/L0^2,-11.95596398238536,True,True,False
10.0,v16_opening1.93_energy,fit,0.6719836252695317,0.06719836252695317,0.6136976600373543,eV/cell,-0.8673718084841578,True,False,False
10.0,v16_opening1.93_normal_force,fit,0.6270410192299789,0.03173805605024358,0.43345638833154265,eV/L0,-6.099448264631524,True,False,False
10.0,v16_opening1.93_Haa,fit,-0.6638075680371565,0.1,-0.8937748520167859,eV/L0^2,-2.299672839796294,True,True,False
10.0,v16_opening2.71_energy,fit,0.7719163228888833,0.07719163228888834,0.7659451282193135,eV/cell,-0.07735546577409796,True,False,False
10.0,v16_opening2.71_normal_force,fit,0.0,0.03173805605024358,0.1121669148169334,eV/L0,3.534145715773054,True,False,False
10.0,v16_opening2.71_Haa,fit,0.0,0.1,-0.24445345642139316,eV/L0^2,-2.4445345642139316,True,True,False
10.0,v16_opening4.3_energy,fit,0.7719163228888833,0.07719163228888834,0.8137110931964928,eV/cell,0.5414417219627288,True,False,False
10.0,v16_opening4.3_normal_force,fit,0.0,0.03173805605024358,0.0062752011772191155,eV/L0,0.19771851077725205,True,False,False
10.0,v16_opening4.3_Haa,fit,0.0,0.1,-0.013571764112014535,eV/L0^2,-0.13571764112014534,True,True,False
10.0,v16_opening6.2_energy,fit,0.7719163228888833,0.07719163228888834,0.81672289739992,eV/cell,0.5804589588590227,True,False,False
10.0,v16_opening6.2_normal_force,fit,0.0,0.03173805605024358,0.0004283178395021033,eV/L0,0.013495402453888352,True,False,False
10.0,v16_opening6.2_Haa,fit,0.0,0.1,-0.000495833534702562,eV/L0^2,-0.0049583353470256195,True,True,False
10.0,v17_near_0.985_normal_force,fit,-0.24821900083247345,0.03173805605024358,-0.2765033593222424,eV/L0,-0.8911811878141757,True,False,False
10.0,v17_near_0.985_Haa,fit,20.878110673451364,2.0878110673451364,26.001867995330766,eV/L0^2,2.4541288251694056,True,True,False
10.0,v17_near_1.015_normal_force,fit,0.2329580444899274,0.03173805605024358,0.21729162246124778,eV/L0,-0.49361630730875816,True,False,False
10.0,v17_near_1.015_Haa,fit,18.39295935022696,1.839295935022696,16.266073581175668,eV/L0^2,-1.1563586525433422,True,True,False
10.0,v17_near_1.065_normal_force,fit,0.9078686582498847,0.03173805605024358,0.8551651137742853,eV/L0,-1.6605788455400674,True,False,False
10.0,v17_near_1.065_Haa,fit,14.605604041867348,1.4605604041867348,15.14142750346431,eV/L0^2,0.3668615553735471,True,True,False
10.0,v17_near_1.095_normal_force,fit,1.2303804278835464,0.03173805605024358,1.113079860749271,eV/L0,-3.6958964011085125,True,False,False
10.0,v17_near_1.095_Haa,fit,11.545874277606002,1.1545874277606003,4.941317492469066,eV/L0^2,-5.720274295682326,True,True,False
10.0,v17_direct023_energy,heldout,0.10138618519039871,0.010138618519039872,0.09571006987473181,eV/cell,-0.5598509604644276,False,False,False
10.0,v17_direct023_normal_force,heldout,-0.8610948380753036,0.03173805605024358,-0.9662684568714862,eV/L0,-3.313801533077052,False,False,False
10.0,v17_direct023_Haa,heldout,29.67272464413389,2.967272464413389,21.09456086787584,eV/L0^2,-2.8909255483398626,False,True,False
10.0,v17_direct023_Hxx,heldout,1.5318476269016676,0.1531847626901668,-0.11796018826045471,eV/L0^2,-10.770051708726683,False,True,False
10.0,v17_direct047_energy,heldout,0.26395051027571553,0.026395051027571555,0.19646336464981232,eV/cell,-2.5568105761723277,False,False,False
10.0,v17_direct047_normal_force,heldout,-2.2580600813748397,0.03173805605024358,-1.8994996675385512,eV/L0,11.297491354500798,False,False,False
10.0,v17_direct047_Haa,heldout,35.337517734960244,3.5337517734960247,33.36450990831072,eV/L0^2,-0.5583323201837626,False,True,False
10.0,v17_direct047_Hxx,heldout,-7.290154929569364,0.7290154929569365,-3.5169161404392884,eV/L0^2,5.175800549622838,False,True,False
10.0,v17_off_plus_energy,heldout,0.08014986299727256,0.008014986299727257,0.07203699259738577,eV/cell,-1.0122126347443487,False,False,False
10.0,v17_off_plus_normal_force,heldout,0.496288954541943,0.03173805605024358,0.4090185240009228,eV/L0,-2.749709383676963,False,False,False
10.0,v17_off_plus_Haa,heldout,13.145916399036436,1.3145916399036437,14.614538684091132,eV/L0^2,1.1171699564150146,False,True,False
10.0,v17_off_plus_Hxx,heldout,0.5867789207029961,0.1,-0.1398454894602783,eV/L0^2,-7.2662441016327435,False,True,False
10.0,v17_off_minus_energy,heldout,0.21284911087573022,0.021284911087573022,0.13752766030973013,eV/cell,-3.5387251680828373,False,False,False
10.0,v17_off_minus_normal_force,heldout,0.06702268289699899,0.03173805605024358,0.2121234370787232,eV/L0,4.571822355850007,False,False,False
10.0,v17_off_minus_Haa,heldout,11.464221151869252,1.1464221151869252,17.073385195152557,eV/L0^2,4.892756314604701,False,True,False
10.0,v17_off_minus_Hxx,heldout,-2.835312235036081,0.2835312235036081,-0.9503764512720163,eV/L0^2,6.648071279317418,False,True,False
10.0,v17_shockley067_energy,heldout,0.07506981596967024,0.007506981596967025,0.06610760927901739,eV/cell,-1.1938495618896643,False,False,False
10.0,v17_shockley067_normal_force,heldout,-0.08375074170661885,0.03173805605024358,-0.04449352835170024,eV/L0,1.2369129757906934,False,False,False
10.0,v17_shockley067_Haa,heldout,14.560238367523052,1.4560238367523053,19.303299847682666,eV/L0^2,3.2575438398997107,False,True,False
10.0,v17_shockley067_Hxx,heldout,0.4530475235373633,0.1,0.03142844164777314,eV/L0^2,-4.216190818895901,False,True,False
10.0,v17_compression_energy,heldout,0.025317916775100896,0.004433026104653031,0.03381129774400512,eV/cell,1.915932992135852,False,False,False
10.0,v17_compression_normal_force,heldout,-0.6769543589544016,0.03173805605024358,-0.9109213892893773,eV/L0,-7.371813508823268,False,False,False
10.0,v17_compression_Haa,heldout,26.962376342241654,2.6962376342241656,23.193904101522186,eV/L0^2,-1.3976780803313114,False,True,False
10.0,v17_compression_Hxx,heldout,5.568444170552721,0.5568444170552721,2.7988247261757104,eV/L0^2,-4.97377608457211,False,True,False
10.0,v17_opening1.045_energy,heldout,0.012439540042104347,0.004433026104653031,0.01136067916448976,eV/cell,-0.24336894305273388,False,False,False
10.0,v17_opening1.045_normal_force,heldout,0.6560493060873362,0.03173805605024358,0.5967527705868233,eV/L0,-1.8683102521037316,False,False,False
10.0,v17_opening1.045_Haa,heldout,16.173163667497242,1.6173163667497243,15.750589613815254,eV/L0^2,-0.2612810099308047,False,True,False
10.0,v17_opening1.045_Hxx,heldout,3.5468340021412335,0.35468340021412337,2.719730630230259,eV/L0^2,-2.3319483556649394,False,True,False
10.0,v17_opening1.255_energy,heldout,0.2548812728796389,0.02548812728796389,0.1949897667726771,eV/cell,-2.3497805637232525,False,False,False
10.0,v17_opening1.255_normal_force,heldout,1.5479287243761108,0.03173805605024358,1.1015682136085259,eV/L0,-14.063889422243278,False,False,False
10.0,v17_opening1.255_Haa,heldout,-3.07660296796585,0.307660296796585,-0.6327731850892863,eV/L0^2,7.94327317603917,False,True,False
10.0,v17_opening1.255_Hxx,heldout,-0.8591645505462155,0.1,0.18988841000658968,eV/L0^2,10.490529605528051,False,True,False
10.0,v17_opening1.555_energy,heldout,0.4970497627048889,0.04970497627048889,0.430393681300519,eV/cell,-1.341034367296243,False,False,False
10.0,v17_opening1.555_normal_force,heldout,0.5361595264738468,0.03173805605024358,0.7918172038387916,eV/L0,8.055240590671989,False,False,False
10.0,v17_opening1.555_Haa,heldout,-0.9598397042596563,0.1,-1.4201305016318606,eV/L0^2,-4.6029079737220435,False,True,False
10.0,v17_opening1.555_Hxx,heldout,-0.8905810007935903,0.1,-0.020801512402322093,eV/L0^2,8.697794883912682,False,True,False
10.0,v17_opening1.855_energy,heldout,0.6331364785570511,0.06331364785570512,0.5854112386828,eV/cell,-0.7537907148079556,False,False,False
10.0,v17_opening1.855_normal_force,heldout,0.6294361584094642,0.03173805605024358,0.4914868481749465,eV/L0,-4.34649526159177,False,False,False
10.0,v17_opening1.855_Haa,heldout,0.33758173393615254,0.1,-1.002741625135887,eV/L0^2,-13.403233590720394,False,True,False
10.0,v17_opening1.855_Hxx,heldout,-0.0764657682265532,0.1,-0.0062858504696503845,eV/L0^2,0.7017991775690281,False,True,False
10.0,v17_opening2.455_energy,heldout,0.7722611869157332,0.07722611869157332,0.7364345723241689,eV/cell,-0.4639183633538432,False,False,False
10.0,v17_opening2.455_normal_force,heldout,-0.03892592855831557,0.03173805605024358,0.1758803898266602,eV/L0,6.768099408638078,False,False,False
10.0,v17_opening2.455_Haa,heldout,1.5212189106347462,0.15212189106347462,-0.37662438447072405,eV/L0^2,-12.475806616902844,False,True,False
10.0,v17_opening2.455_Hxx,heldout,0.04446583977668427,0.1,-0.0001333302858392656,eV/L0^2,-0.44599170062523535,False,True,False
10.0,v17_opening3.75_energy,heldout,0.7719163228888833,0.07719163228888834,0.8089048023144836,eV/cell,0.47917731920956796,False,False,False
10.0,v17_opening3.75_normal_force,heldout,0.0,0.03173805605024358,0.016920826745466615,eV/L0,0.5331399855958334,False,False,False
10.0,v17_opening3.75_Haa,heldout,0.0,0.1,-0.03789217915461432,eV/L0^2,-0.3789217915461432,False,True,False
10.0,v17_opening3.75_Hxx,heldout,0.0,0.1,-1.8038354081829788e-08,eV/L0^2,-1.8038354081829787e-07,False,True,False
10.0,v19_new_0_energy,heldout,0.00042417681882149505,0.004433026104653031,0.00043916783692786796,eV/cell,0.003381667004089578,False,False,False
10.0,v19_new_0_force,heldout,-0.13054663793646185,0.03173805605024358,-0.1377323598805908,eV/L0,-0.22640712250156225,False,False,False
10.0,v19_new_0_Haa,heldout,20.302032153219432,2.030203215321943,22.660758592545356,eV/L0^2,1.1618179015404055,False,True,False
10.0,v19_new_0_Hxx,heldout,4.57090105595751,0.45709010559575103,5.128804042985297,eV/L0^2,1.2205536287000587,False,True,False
10.0,v19_new_1_energy,heldout,0.004931943136885955,0.004433026104653031,0.004568997954254604,eV/cell,-0.08187300820322112,False,False,False
10.0,v19_new_1_force,heldout,0.42285939529142164,0.03173805605024358,0.38312472575933715,eV/L0,-1.2519566248538254,False,False,False
10.0,v19_new_1_Haa,heldout,17.415188636660293,1.7415188636660295,15.244376773582738,eV/L0^2,-1.2465049379412583,False,True,False
10.0,v19_new_1_Hxx,heldout,3.8361643120715834,0.3836164312071584,3.0568771623156428,eV/L0^2,-2.0314227607605115,False,True,False
10.0,v19_new_2_energy,heldout,0.10968805888528045,0.010968805888528046,0.09445691731424138,eV/cell,-1.3885870281439545,False,False,False
10.0,v19_new_2_force,heldout,1.574309479391436,0.03173805605024358,1.1356791105629591,eV/L0,-13.820328760340399,False,False,False
10.0,v19_new_2_Haa,heldout,5.20946471789603,0.5209464717896031,-0.6594548643657863,eV/L0^2,-11.265878358097648,False,True,False
10.0,v19_new_2_Hxx,heldout,0.9642979846199059,0.1,0.7256465930339733,eV/L0^2,-2.386513915859326,False,True,False
10.0,v19_new_3_energy,heldout,0.3373623063206088,0.03373623063206088,0.2566218872385979,eV/cell,-2.39328512905292,False,False,False
10.0,v19_new_3_force,heldout,1.321138459506241,0.03173805605024358,1.0504935610269792,eV/L0,-8.527456692710222,False,False,False
10.0,v19_new_3_Haa,heldout,-4.940080180276789,0.4940080180276789,-1.1151004903761883,eV/L0^2,7.742748195002555,False,True,False
10.0,v19_new_3_Hxx,heldout,-1.007259835979608,0.10072598359796081,0.06336961033207843,eV/L0^2,10.629128731917008,False,True,False
10.0,v19_new_4_energy,heldout,0.5605338261337047,0.05605338261337048,0.5171234992984928,eV/cell,-0.7744461584885198,False,False,False
10.0,v19_new_4_force,heldout,0.5382315998098468,0.03173805605024358,0.6283578652805571,eV/L0,2.8396907903884885,False,False,False
10.0,v19_new_4_Haa,heldout,0.9032785116339533,0.1,-1.2325708151626962,eV/L0^2,-21.358493267966494,False,True,False
10.0,v19_new_4_Hxx,heldout,0.6453579543796875,0.1,-0.013387195064321953,eV/L0^2,-6.587451494440094,False,True,False
10.0,v19_new_5_energy,heldout,0.7666938699728523,0.07666938699728523,0.6846476977240022,eV/cell,-1.0701294931672687,False,False,False
10.0,v19_new_5_force,heldout,0.27979903523926664,0.03173805605024358,0.28566843888537724,eV/L0,0.18493267630566046,False,False,False
10.0,v19_new_5_Haa,heldout,-2.478203100860398,0.2478203100860398,-0.6006376194134461,eV/L0^2,7.576318021695182,False,True,False
10.0,v19_new_5_Hxx,heldout,0.0933444416558671,0.1,-0.0008744980892114078,eV/L0^2,-0.942189397450785,False,True,False
10.0,v19_new_6_energy,heldout,0.07503741336914271,0.007503741336914272,0.05969020406537992,eV/cell,-2.045274299137016,False,False,False
10.0,v19_new_6_force,heldout,0.3995055633266556,0.03173805605024358,0.14267926279671378,eV/L0,-8.09206147104182,False,False,False
10.0,v19_new_6_Haa,heldout,16.75498366183509,1.6754983661835092,22.055933130218534,eV/L0^2,3.163804618000359,False,True,False
10.0,v19_new_6_Hxx,heldout,1.866294182504276,0.18662941825042761,1.1293074395578009,eV/L0^2,-3.9489312556156273,False,True,False
10.0,v19_new_7_energy,heldout,0.1746163283222475,0.01746163283222475,0.15261276910592192,eV/cell,-1.260108915800754,False,False,False
10.0,v19_new_7_force,heldout,1.0346608991752084,0.03173805605024358,0.9261894118590727,eV/L0,-3.4177104969635743,False,False,False
10.0,v19_new_7_Haa,heldout,3.3869832062735408,0.3386983206273541,2.1870839091421197,eV/L0^2,-3.542678614139294,False,True,False
10.0,v19_new_7_Hxx,heldout,-0.5656137494473082,0.1,-0.24336560876406835,eV/L0^2,3.222481406832399,False,True,False
10.0,v19_new_8_energy,heldout,0.17183161394321733,0.017183161394321734,0.14461773222708352,eV/cell,-1.5837529015543546,False,False,False
10.0,v19_new_8_force,heldout,-1.5479121827267546,0.03173805605024358,-1.3873099485191747,eV/L0,5.060241684409885,False,False,False
10.0,v19_new_8_Haa,heldout,34.71656366870985,3.4716563668709854,26.71986084725957,eV/L0^2,-2.3034257934513644,False,True,False
10.0,v19_new_8_Hxx,heldout,-0.974896485841256,0.1,-1.5104238771768168,eV/L0^2,-5.3552739133556075,False,True,False
10.0,v19_new_9_energy,heldout,0.07736533900036079,0.007736533900036079,0.061998907522116675,eV/cell,-1.986216524970239,False,False,False
10.0,v19_new_9_force,heldout,-0.22650351113925563,0.03173805605024358,-0.299193561847911,eV/L0,-2.2903120025240966,False,False,False
10.0,v19_new_9_Haa,heldout,14.396252629283666,1.4396252629283666,23.73496976724844,eV/L0^2,6.48690834930802,False,True,False
10.0,v19_new_9_Hxx,heldout,-0.11946413441426519,0.1,0.8482484460767745,eV/L0^2,9.677125804910396,False,True,False
10.0,v19_power_new_0_energy,heldout,0.0021758842211834217,0.004433026104653031,0.0023707169872037724,eV/cell,0.04395028619746874,False,False,False
10.0,v19_power_new_0_force,heldout,-0.2996693004614922,0.03173805605024358,-0.34213521797345814,eV/L0,-1.3380125564319185,False,False,False
10.0,v19_power_new_0_Haa,heldout,21.133296310436656,2.1133296310436656,27.598947160609686,eV/L0^2,3.059461598037584,False,True,False
10.0,v19_power_new_0_Hxx,heldout,4.803281906544594,0.4803281906544594,6.340068148267598,eV/L0^2,3.1994504416430214,False,True,False
10.0,v19_power_new_1_energy,heldout,0.01645069708691336,0.004433026104653031,0.01503043441230998,eV/cell,-0.32038220418161545,False,False,False
10.0,v19_power_new_1_force,heldout,0.747061714559844,0.03173805605024358,0.6876513808299883,eV/L0,-1.8718957971403467,False,False,False
10.0,v19_power_new_1_Haa,heldout,15.66515497295868,1.5665154972958681,16.01490893437986,eV/L0^2,0.22326875286259779,False,True,False
10.0,v19_power_new_1_Hxx,heldout,3.4372637547611467,0.3437263754761147,2.6024961894130207,eV/L0^2,-2.4285816419873005,False,True,False
10.0,v19_power_new_2_energy,heldout,0.13995417796875365,0.013995417796875366,0.11568868339443245,eV/cell,-1.7338170911724224,False,False,False
10.0,v19_power_new_2_force,heldout,1.6376288066594074,0.03173805605024358,1.1265616908142062,eV/L0,-16.102659691448835,False,False,False
10.0,v19_power_new_2_Haa,heldout,1.5124016664736504,0.15124016664736506,-0.3283208711425889,eV/L0^2,-12.170857639347284,False,True,False
10.0,v19_power_new_2_Hxx,heldout,0.07390822082095283,0.1,0.5460487141586238,eV/L0^2,4.721404933376709,False,True,False
10.0,v19_power_new_3_energy,heldout,0.39535837061576956,0.039535837061576956,0.306641562971826,eV/cell,-2.2439592591847086,False,False,False
10.0,v19_power_new_3_force,heldout,1.0383826381800587,0.03173805605024358,0.9897258939557789,eV/L0,-1.533072603667116,False,False,False
10.0,v19_power_new_3_Haa,heldout,-6.006053628734572,0.6006053628734572,-1.33959030570953,eV/L0^2,7.769599826247686,False,True,False
10.0,v19_power_new_3_Hxx,heldout,-1.4153601110072371,0.14153601110072372,0.011451848798383908,eV/L0^2,10.080911202098482,False,True,False
10.0,v19_power_new_4_energy,heldout,0.5880885299154484,0.05880885299154484,0.5464640015404878,eV/cell,-0.7077935762655507,False,False,False
10.0,v19_power_new_4_force,heldout,0.5878736415051682,0.03173805605024358,0.5702140615151725,eV/L0,-0.5564165606752763,False,False,False
10.0,v19_power_new_4_Haa,heldout,0.9838769358246306,0.1,-1.1406821109725944,eV/L0^2,-21.245590467972253,False,True,False
10.0,v19_power_new_4_Hxx,heldout,0.5300888191539206,0.1,-0.010117707657627206,eV/L0^2,-5.402065268115478,False,True,False
10.0,v19_power_new_5_energy,heldout,0.7807571272106231,0.07807571272106231,0.7080230275655601,eV/cell,-0.9315841906549978,False,False,False
10.0,v19_power_new_5_force,heldout,0.03287588986152218,0.03173805605024358,0.23635503778166472,eV/L0,6.41120387455428,False,False,False
10.0,v19_power_new_5_Haa,heldout,-2.5224317074829634,0.25224317074829633,-0.5004160381268338,eV/L0^2,8.016136426439948,False,True,False
10.0,v19_power_new_5_Hxx,heldout,-0.10536285587305545,0.1,-0.0004216923564290125,eV/L0^2,1.0494116351662643,False,True,False
10.0,v19_power_new_6_energy,heldout,0.09299247367372732,0.009299247367372731,0.07549593092448385,eV/cell,-1.8815009492737766,False,False,False
10.0,v19_power_new_6_force,heldout,-0.03946790499084763,0.03173805605024358,-0.33244845269289236,eV/L0,-9.231206449387948,False,False,False
10.0,v19_power_new_6_Haa,heldout,22.032873653678617,2.2032873653678617,20.15836011211791,eV/L0^2,-0.8507803253561237,False,True,False
10.0,v19_power_new_6_Hxx,heldout,1.976588687531336,0.19765886875313363,0.5134101864901043,eV/L0^2,-7.4025441421941505,False,True,False
10.0,v19_power_new_7_energy,heldout,0.16640726473220147,0.01664072647322015,0.14096337613941598,eV/cell,-1.5290130892862297,False,False,False
10.0,v19_power_new_7_force,heldout,0.9556810535854069,0.03173805605024358,0.8884813075688919,eV/L0,-2.117323944167629,False,False,False
10.0,v19_power_new_7_Haa,heldout,3.6257942400934606,0.36257942400934606,3.0697637683386665,eV/L0^2,-1.5335411634954266,False,True,False
10.0,v19_power_new_7_Hxx,heldout,-0.7324824081355719,0.1,-0.2538692587218474,eV/L0^2,4.786131494137244,False,True,False
10.0,v19_power_new_8_energy,heldout,0.18770167030691334,0.018770167030691336,0.15465469387615927,eV/cell,-1.7606117397207255,False,False,False
10.0,v19_power_new_8_force,heldout,-1.6817465699911935,0.03173805605024358,-1.4825580827406,eV/L0,6.276014099139032,False,False,False
10.0,v19_power_new_8_Haa,heldout,35.390692237109825,3.5390692237109826,28.003491410889975,eV/L0^2,-2.0873287181633056,False,True,False
10.0,v19_power_new_8_Hxx,heldout,-1.532495429303305,0.15324954293033052,-1.864534978700365,eV/L0^2,-2.1666593129612797,False,True,False
10.0,v19_power_new_9_energy,heldout,0.07659186968314344,0.007659186968314344,0.06158657824114677,eV/cell,-1.9591232730148476,False,False,False
10.0,v19_power_new_9_force,heldout,-0.15953065932670854,0.03173805605024358,-0.17061976056523204,eV/L0,-0.3493944689293089,False,False,False
10.0,v19_power_new_9_Haa,heldout,13.640977289265752,1.3640977289265752,21.605147381979066,eV/L0^2,5.838416063473996,False,True,False
10.0,v19_power_new_9_Hxx,heldout,-0.0018561341338510467,0.1,0.7985977403941977,eV/L0^2,8.004538745280486,False,True,False
10.0,v20_new_0_energy,heldout,5.8649043216202346e-05,0.004433026104653031,5.805505096137169e-05,eV/cell,-0.00013399250101576963,False,False,False
10.0,v20_new_0_force,heldout,0.04781880717694997,0.03173805605024358,0.047035221594660545,eV/L0,-0.02468914860598132,False,False,False
10.0,v20_new_0_Haa,heldout,19.407850341619266,1.9407850341619266,18.763001812211517,eV/L0^2,-0.3322616972292395,False,True,False
10.0,v20_new_0_Hxx,heldout,4.329394100444026,0.4329394100444026,4.168134958875466,eV/L0^2,-0.37247508040910604,False,True,False
10.0,v20_new_1_energy,heldout,0.0036442749373840483,0.004433026104653031,0.003399223464048282,eV/cell,-0.05527859921207173,False,False,False
10.0,v20_new_1_force,heldout,0.3655179304564104,0.03173805605024358,0.33313243607718945,eV/L0,-1.0203994324023005,False,False,False
10.0,v20_new_1_Haa,heldout,17.703231197779825,1.7703231197779825,15.392472922555614,eV/L0^2,-1.305274867287507,False,True,False
10.0,v20_new_1_Hxx,heldout,3.9093512902826126,0.3909351290282613,3.1671449821149533,eV/L0^2,-1.8985408397872685,False,True,False
10.0,v20_new_2_energy,heldout,0.034823381685342755,0.004433026104653031,0.03228950338701985,eV/cell,-0.5715911069558723,False,False,False
10.0,v20_new_2_force,heldout,1.045799857810823,0.03173805605024358,0.9894970328570418,eV/L0,-1.7739846720495356,False,False,False
10.0,v20_new_2_Haa,heldout,13.514055878705095,1.3514055878705096,11.898949512629702,eV/L0^2,-1.1951307442944739,False,True,False
10.0,v20_new_2_Hxx,heldout,2.9805611045837717,0.29805611045837715,2.0621006531984314,eV/L0^2,-3.081501835251256,False,True,False
10.0,v20_new_3_energy,heldout,0.22661995382203423,0.022661995382203426,0.17511023637190445,eV/cell,-2.2729559591465014,False,False,False
10.0,v20_new_3_force,heldout,1.596539848274592,0.03173805605024358,1.1112743594636392,eV/L0,-15.289704197470172,False,False,False
10.0,v20_new_3_Haa,heldout,-2.2820717486649773,0.22820717486649775,-0.4485227660477077,eV/L0^2,8.034580786909546,False,True,False
10.0,v20_new_3_Hxx,heldout,-0.8053213981525169,0.1,0.25232574986996265,eV/L0^2,10.576471480224795,False,True,False
10.0,v20_new_4_energy,heldout,0.4890270726004544,0.04890270726004545,0.4186025139030101,eV/cell,-1.4400952962165074,False,False,False
10.0,v20_new_4_force,heldout,0.5582577926902346,0.03173805605024358,0.8127899034440147,eV/L0,8.019776332578084,False,False,False
10.0,v20_new_4_Haa,heldout,-1.9854681988380205,0.19854681988380207,-1.43337524970132,eV/L0^2,2.78066880879688,False,True,False
10.0,v20_new_4_Hxx,heldout,-1.0730096719553677,0.10730096719553678,-0.020900428346532184,eV/L0^2,9.805216775833484,False,True,False
10.0,v20_new_5_energy,heldout,0.6157939144055483,0.06157939144055483,0.5713741531958701,eV/cell,-0.7213413476578187,False,False,False
10.0,v20_new_5_force,heldout,0.6195747950914187,0.03173805605024358,0.5200368551820511,eV/L0,-3.1362330368246867,False,False,False
10.0,v20_new_5_Haa,heldout,0.4318686304614479,0.1,-1.0542821430514453,eV/L0^2,-14.861507735128932,False,True,False
10.0,v20_new_5_Hxx,heldout,0.05966529359502488,0.1,-0.00757238771299605,eV/L0^2,-0.6723768130802091,False,True,False
10.0,v20_new_6_energy,heldout,0.729941495134474,0.0729941495134474,0.6541467913140946,eV/cell,-1.0383668324872546,False,False,False
10.0,v20_new_6_force,heldout,0.4717044111502519,0.03173805605024358,0.3495445646651452,eV/L0,-3.8490021660973515,False,False,False
10.0,v20_new_6_Haa,heldout,-1.7417609490586863,0.17417609490586863,-0.7291699248673875,eV/L0^2,5.813605045735704,False,True,False
10.0,v20_new_6_Hxx,heldout,0.20899465255336805,0.1,-0.0018711206443478958,eV/L0^2,-2.1086577319771593,False,True,False
10.0,v20_new_7_energy,heldout,0.02046914476243608,0.004433026104653031,0.021490261937163108,eV/cell,0.2303431449806336,False,False,False
10.0,v20_new_7_force,heldout,0.06281548916376087,0.03173805605024358,-0.18028261870841011,eV/L0,-7.659514731694013,False,False,False
10.0,v20_new_7_Haa,heldout,21.501318205218237,2.150131820521824,24.354755272594918,eV/L0^2,1.3270986644363831,False,True,False
10.0,v20_new_7_Hxx,heldout,4.662002299739686,0.4662002299739686,3.8890352260888177,eV/L0^2,-1.6580152131070989,False,True,False
10.0,v20_new_8_energy,heldout,0.06003679436536899,0.006003679436536899,0.05495882990707464,eV/cell,-0.8458087264604974,False,False,False
10.0,v20_new_8_force,heldout,0.3178698348179461,0.03173805605024358,0.15602621902090053,eV/L0,-5.099355031096918,False,False,False
10.0,v20_new_8_Haa,heldout,14.458727489192233,1.4458727489192233,18.054069518814444,eV/L0^2,2.4866241045829907,False,True,False
10.0,v20_new_8_Hxx,heldout,0.86111106885732,0.1,0.35017369475948995,eV/L0^2,-5.1093737409783,False,True,False
10.0,v20_new_9_energy,heldout,0.09377427653904365,0.009377427653904365,0.08868028005313151,eV/cell,-0.5432189587505064,False,False,False
10.0,v20_new_9_force,heldout,0.5947790357818696,0.03173805605024358,0.7469151008116242,eV/L0,4.793490338189346,False,False,False
10.0,v20_new_9_Haa,heldout,11.056850642860084,1.1056850642860085,7.9667209230698255,eV/L0^2,-2.794764820112404,False,True,False
10.0,v20_new_9_Hxx,heldout,0.0757661767331005,0.1,-0.20406251917801266,eV/L0^2,-2.7982869591111315,False,True,False
10.0,v20_new_10_energy,heldout,0.038168092494978115,0.004433026104653031,0.04375810767796979,eV/cell,1.2609930668182248,False,False,False
10.0,v20_new_10_force,heldout,-0.4360667641505048,0.03173805605024358,-0.6950632978633542,eV/L0,-8.160440995593415,False,False,False
10.0,v20_new_10_Haa,heldout,26.40271381173358,2.640271381173358,20.610984826206174,eV/L0^2,-2.193611242702451,False,True,False
10.0,v20_new_10_Hxx,heldout,4.254835571305176,0.42548355713051766,1.6224182693250402,eV/L0^2,-6.1868837417203375,False,True,False
10.0,v20_new_11_energy,heldout,0.2277352928888806,0.022773529288888063,0.2043454915079909,eV/cell,-1.0270608953133302,False,False,False
10.0,v20_new_11_force,heldout,1.3946641093269667,0.03173805605024358,1.0017509949675831,eV/L0,-12.379873352588906,False,False,False
10.0,v20_new_11_Haa,heldout,2.8654264155114735,0.28654264155114734,0.27432694581395034,eV/L0^2,-9.042631336373079,False,True,False
10.0,v20_new_11_Hxx,heldout,-0.12044589256531853,0.1,-0.17221571818693385,eV/L0^2,-0.5176982562161532,False,True,False
100.0,normal_strain_force_ev,exact,0.0,0.1,4.440892098500626e-16,eV/strain,4.440892098500626e-15,False,False,False
100.0,cohesive_ev_atom,exact,3.36,0.0672,3.3600000000000008,eV/atom,1.3216940769347102e-14,False,False,False
100.0,C11_GPa,exact,113.99999999999996,5.699999999999998,113.99999999999993,GPa,-4.9862648123515816e-15,False,False,False
100.0,C12_GPa,exact,62.000000000000014,3.100000000000001,61.99999999999998,GPa,-1.1460366705808064e-14,False,False,False
100.0,C44_GPa,exact,32.0,1.6,31.999999999999957,GPa,-2.6645352591003757e-14,False,False,False
100.0,perfect_Haa,exact,19.66091286328976,1.9660912863289761,19.660912863289767,eV/L0^2,3.613986495442962e-15,False,False,False
100.0,perfect_Hxx,exact,4.393593035123306,0.43935930351233066,4.393593035123306,eV/L0^2,0.0,False,False,False
100.0,saddle_energy_at_source_state,fit,0.07624909750742465,0.007624909750742465,0.06475799061492143,eV/cell,-1.5070482495067277,True,False,False
100.0,saddle_normal_force_at_source_state,fit,1.4903612010162394e-15,0.03173805605024358,0.08566634128852935,eV/L0,2.699167874456835,True,False,False
100.0,fault_energy_at_source_state,fit,0.06670794504308616,0.006670794504308616,0.05047311612068584,eV/cell,-2.4337174397913723,True,False,False
100.0,fault_normal_force_at_source_state,fit,5.29078226360765e-15,0.03173805605024358,0.004804240106765403,eV/L0,0.15137159311694018,True,False,False
100.0,saddle_path_force_at_source_state,fit,2.296700476743968e-16,0.03173805605024358,-0.08172461740155552,eV/L0,-2.5749723698319746,True,False,False
100.0,opening_1.1h_energy,fit,0.05670265774764735,0.005670265774764736,0.05302540065440748,eV/cell,-0.64851582611971,True,False,False
100.0,opening_1.5h_energy,fit,0.4710312483934004,0.04710312483934004,0.3940972647020993,eV/cell,-1.6333095511966245,True,False,False
100.0,opening_2h_energy,fit,0.7060534019484034,0.07060534019484034,0.6375454674640918,eV/cell,-0.9702939507869969,True,False,False
100.0,opening_40h_energy,fit,0.7719163228888833,0.07719163228888834,0.8177234514595939,eV/cell,0.5934209086197088,True,False,False
100.0,direct_quarter_energy,fit,0.117221996542065,0.0117221996542065,0.10843265582655295,eV/cell,-0.7498030211725663,True,False,False
100.0,direct_half_energy,fit,0.26732847628894163,0.026732847628894163,0.19896516000628872,eV/cell,-2.557277744282001,True,False,False
100.0,oblique_energy,fit,0.13339289745734875,0.013339289745734876,0.09518042351513512,eV/cell,-2.8646558153091886,True,False,False
100.0,opening_1.25h_energy,fit,0.24853683654490819,0.02485368365449082,0.1912896710865836,eV/cell,-2.303367430524955,True,False,False
100.0,opening_3h_energy,fit,0.7719163228888833,0.07719163228888834,0.7869355139858796,eV/cell,0.19457019694553382,True,False,False
100.0,saddle_Haa,fit,12.717337762538286,1.2717337762538286,18.22228333409183,eV/L0^2,4.328693374622456,True,True,False
100.0,saddle_Hxx,fit,-0.18642463121762062,0.018642463121762064,0.14736115338940745,eV/L0^2,17.904596749202476,True,True,False
100.0,fault_Haa,fit,14.140554350039636,1.4140554350039638,17.513489495362823,eV/L0^2,2.385292020262085,True,True,False
100.0,fault_Hxx,fit,2.4858929774856264,0.24858929774856264,2.625165403930289,eV/L0^2,0.5602510957069874,True,True,False
100.0,saddle_normal_path_coupling,fit,1.2055891043737141,0.12055891043737142,1.3840227221170138,eV/L0^2,1.4800533373764466,True,True,False
100.0,opening_1.1h_normal_force,fit,1.2761663221727821,0.03173805605024358,1.1351504907621606,eV/L0,-4.4431149528308715,True,False,False
100.0,opening_1.3h_normal_force,fit,1.4139711872929317,0.03173805605024358,1.0715054067906018,eV/L0,-10.790383001409488,True,False,False
100.0,opening_1.5h_normal_force,fit,0.6379256757978651,0.03173805605024358,0.8557977405228806,eV/L0,6.864694686407658,True,False,False
100.0,opening_2h_normal_force,fit,0.5548811295393773,0.03173805605024358,0.38460212961472867,eV/L0,-5.365136404544908,True,False,False
100.0,opening_2.5h_normal_force,fit,0.0005156382639574782,0.03173805605024358,0.1623150175567171,eV/L0,5.097961231041365,True,False,False
100.0,opening_3h_normal_force,fit,0.0,0.03173805605024358,0.06656016724363638,eV/L0,2.0971721499976854,True,False,False
100.0,shockley_0.15_energy,fit,0.013715574532912111,0.004433026104653031,0.014998665369724374,eV/cell,0.2894390437867022,True,False,False
100.0,shockley_0.35_energy,fit,0.04820527408303389,0.004820527408303389,0.052696684143981376,eV/cell,0.931725863276081,True,False,False
100.0,shockley_0.75_energy,fit,0.08334161260537679,0.00833416126053768,0.07265995584918213,eV/cell,-1.2816714750616107,True,False,False
100.0,new_direct_017_energy,fit,0.05826439239193282,0.0058264392391932825,0.061887819082467446,eV/cell,0.6218938431830829,True,False,False
100.0,new_direct_017_normal_force,fit,-0.44118804525591643,0.03173805605024358,-0.7174847763018668,eV/L0,-8.705534157749081,True,False,False
100.0,new_direct_017_Haa,fit,26.109437232644353,2.6109437232644357,20.32249028017344,eV/L0^2,-2.2164196420271955,True,True,False
100.0,new_direct_039_energy,fit,0.2262381941113307,0.022623819411133072,0.1782126147972627,eV/cell,-2.1227883073728413,True,False,False
100.0,new_direct_039_normal_force,fit,-1.9685101248020884,0.03173805605024358,-1.7049112781049773,eV/L0,8.305450285922223,True,False,False
100.0,new_direct_039_Haa,fit,36.31678531793335,3.6316785317933356,30.965797838765518,eV/L0^2,-1.4734199165269999,True,True,False
100.0,new_raised_direct_energy,fit,0.11960599647825673,0.011960599647825674,0.09444176490398354,eV/cell,-2.1039272540861123,True,False,False
100.0,new_raised_direct_normal_force,fit,0.08783049166112324,0.03173805605024358,-0.1569068303403006,eV/L0,-7.7111629525761565,True,False,False
100.0,new_raised_direct_Haa,fit,20.00400949091716,2.000400949091716,20.61696382307803,eV/L0^2,0.30641573752461176,True,True,False
100.0,new_off_path_positive_energy,fit,0.05360470506556986,0.0053604705065569865,0.05021107801989595,eV/cell,-0.6330838014168315,True,False,False
100.0,new_off_path_positive_normal_force,fit,0.35206897342006,0.03173805605024358,0.2033555251178818,eV/L0,-4.685650818271741,True,False,False
100.0,new_off_path_positive_Haa,fit,13.446420569551602,1.3446420569551603,17.29784447442143,eV/L0^2,2.8642744624477134,True,True,False
100.0,new_off_path_negative_energy,fit,0.21544733160917068,0.021544733160917068,0.1364738685225889,eV/cell,-3.665557725720295,True,False,False
100.0,new_off_path_negative_normal_force,fit,-0.05312860042135701,0.03173805605024358,-0.013889554866185955,eV/L0,1.236340546284652,True,False,False
100.0,new_off_path_negative_Haa,fit,13.5831841481301,1.35831841481301,18.988198554696073,eV/L0^2,3.9791954136983727,True,True,False
100.0,new_shockley_058_energy,fit,0.07969505412787091,0.007969505412787091,0.07754233025029718,eV/cell,-0.27012013494835957,True,False,False
100.0,new_shockley_058_normal_force,fit,-0.6123357455328253,0.03173805605024358,-0.7245647335411503,eV/L0,-3.5361015126653794,True,False,False
100.0,new_shockley_058_Haa,fit,23.107568998056017,2.3107568998056016,27.234844589592434,eV/L0^2,1.7861141480887215,True,True,False
100.0,new_opening_1.17h_energy,fit,0.14263027381623705,0.014263027381623706,0.1182843560323098,eV/cell,-1.7069249839128968,True,False,False
100.0,new_opening_1.17h_normal_force,fit,1.6398229617729339,0.03173805605024358,1.1276324510515854,eV/L0,-16.138055522698515,True,False,False
100.0,new_opening_1.42h_energy,fit,0.4226003973463561,0.042260039734635615,0.33511296814262204,eV/cell,-2.070216444496877,True,False,False
100.0,new_opening_1.42h_normal_force,fit,0.8686291067124379,0.03173805605024358,0.9497854603718346,eV/L0,2.5570675636504183,True,False,False
100.0,new_opening_1.78h_energy,fit,0.5953584311886578,0.05953584311886578,0.5539404956872396,eV/cell,-0.695680674559788,True,False,False
100.0,new_opening_1.78h_normal_force,fit,0.5989965116849877,0.03173805605024358,0.5558232225049595,eV/L0,-1.360300363440086,True,False,False
100.0,new_opening_2.23h_energy,fit,0.7765619947928292,0.07765619947928293,0.6972877123905108,eV/cell,-1.0208364938522019,True,False,False
100.0,new_opening_2.23h_normal_force,fit,0.15664558956102492,0.03173805605024358,0.2595129288713117,eV/L0,3.2411354730560857,True,False,False
100.0,new_opening_3.4h_energy,fit,0.7719163228888833,0.07719163228888834,0.8023823778180311,eV/cell,0.394680796684401,True,False,False
100.0,new_opening_3.4h_normal_force,fit,0.0,0.03173805605024358,0.03211050879498685,eV/L0,1.0117352097479961,True,False,False
100.0,new_opening_5.5h_energy,fit,0.7719163228888833,0.07719163228888834,0.8166220823579768,eV/cell,0.5791529229720518,True,False,False
100.0,new_opening_5.5h_normal_force,fit,0.0,0.03173805605024358,0.0009526057848904863,eV/L0,0.03001462293035352,True,False,False
100.0,v16_direct011_energy,fit,0.025339211626875774,0.004433026104653031,0.02960831724603302,eV/cell,0.9630228918968625,True,False,False
100.0,v16_direct011_normal_force,fit,-0.1684646879274777,0.03173805605024358,-0.45155328545378853,eV/L0,-8.919531715432148,True,False,False
100.0,v16_direct011_Haa,fit,23.17866876533168,2.317866876533168,25.144409799134745,eV/L0^2,0.8480819384861413,True,True,False
100.0,v16_direct031_energy,fit,0.16617323878813156,0.016617323878813157,0.1419449810120598,eV/cell,-1.4580120091997748,True,False,False
100.0,v16_direct031_normal_force,fit,-1.4977500080753077,0.03173805605024358,-1.353021931299157,eV/L0,4.5600800675074735,True,False,False
100.0,v16_direct031_Haa,fit,34.460781638400974,3.4460781638400975,26.28879536730092,eV/L0^2,-2.371387380834593,True,True,False
100.0,v16_raised043_energy,fit,0.1726273519698645,0.017262735196986453,0.12260378546777892,eV/cell,-2.8977775498067175,True,False,False
100.0,v16_raised043_normal_force,fit,-0.17083895700384927,0.03173805605024358,-0.15944307096433688,eV/L0,0.3590606186299468,True,False,False
100.0,v16_raised043_Haa,fit,18.238440853611248,1.8238440853611249,20.04523309461187,eV/L0^2,0.9906506019361152,True,True,False
100.0,v16_off_plus_energy,fit,0.0652424878354941,0.006524248783549411,0.06386297555899748,eV/cell,-0.21144384928652726,True,False,False
100.0,v16_off_plus_normal_force,fit,-0.08042066717244803,0.03173805605024358,-0.31836326996366227,eV/L0,-7.497075511320993,True,False,False
100.0,v16_off_plus_Haa,fit,20.981095919956758,2.098109591995676,22.70229439794686,eV/L0^2,0.8203568033607517,True,True,False
100.0,v16_off_minus_energy,fit,0.21182429891635463,0.021182429891635463,0.14205443485048827,eV/cell,-3.2937611229114534,True,False,False
100.0,v16_off_minus_normal_force,fit,0.3481661631135443,0.03173805605024358,0.5586999753908563,eV/L0,6.633481645631417,True,False,False
100.0,v16_off_minus_Haa,fit,5.497617912510364,0.5497617912510364,10.719960864999926,eV/L0^2,9.499283208834163,True,True,False
100.0,v16_shockley043_energy,fit,0.061697611386283796,0.00616976113862838,0.0651045892189004,eV/cell,0.5522057914504649,True,False,False
100.0,v16_shockley043_normal_force,fit,-0.43484281773712713,0.03173805605024358,-0.6400265452913392,eV/L0,-6.464911626263175,True,False,False
100.0,v16_shockley043_Haa,fit,25.03469226049791,2.5034692260497913,26.655057272355084,eV/L0^2,0.6472478251366159,True,True,False
100.0,v16_opening1.21_energy,fit,0.19627832926906572,0.019627832926906574,0.15496403123191207,eV/cell,-2.104883314984735,True,False,False
100.0,v16_opening1.21_normal_force,fit,1.631864707518524,0.03173805605024358,1.1186927524987393,eV/L0,-16.168978787087564,True,False,False
100.0,v16_opening1.21_Haa,fit,-1.3832350292334812,0.13832350292334814,-0.30522353206813635,eV/L0^2,7.793408020925585,True,True,False
100.0,v16_opening1.62_energy,fit,0.5246331923940108,0.05246331923940109,0.4710973533117697,eV/cell,-1.0204432326888413,True,False,False
100.0,v16_opening1.62_normal_force,fit,0.5093642313524578,0.03173805605024358,0.7175889213432906,eV/L0,6.560726014888826,True,False,False
100.0,v16_opening1.62_Haa,fit,-0.15582859326870177,0.1,-1.3514370546147707,eV/L0^2,-11.956084613460689,True,True,False
100.0,v16_opening1.93_energy,fit,0.6719836252695317,0.06719836252695317,0.6142082229452099,eV/cell,-0.8597739610269243,True,False,False
100.0,v16_opening1.93_normal_force,fit,0.6270410192299789,0.03173805605024358,0.4329287689258123,eV/L0,-6.116072452480179,True,False,False
100.0,v16_opening1.93_Haa,fit,-0.6638075680371565,0.1,-0.8933116264814828,eV/L0^2,-2.295040584443263,True,True,False
100.0,v16_opening2.71_energy,fit,0.7719163228888833,0.07719163228888834,0.7662438405793073,eV/cell,-0.07348571524367951,True,False,False
100.0,v16_opening2.71_normal_force,fit,0.0,0.03173805605024358,0.11201014401546609,eV/L0,3.529206194549097,True,False,False
100.0,v16_opening2.71_Haa,fit,0.0,0.1,-0.2440491223680029,eV/L0^2,-2.440491223680029,True,True,False
100.0,v16_opening4.3_energy,fit,0.7719163228888833,0.07719163228888834,0.8139655363507255,eV/cell,0.5447379750239476,True,False,False
100.0,v16_opening4.3_normal_force,fit,0.0,0.03173805605024358,0.006284747679266172,eV/L0,0.19801930116063104,True,False,False
100.0,v16_opening4.3_Haa,fit,0.0,0.1,-0.013562523424918595,eV/L0^2,-0.13562523424918593,True,True,False
100.0,v16_opening6.2_energy,fit,0.7719163228888833,0.07719163228888834,0.8169911888150562,eV/cell,0.5839346129834504,True,False,False
100.0,v16_opening6.2_normal_force,fit,0.0,0.03173805605024358,0.00043434836510602943,eV/L0,0.013685411747286139,True,False,False
100.0,v16_opening6.2_Haa,fit,0.0,0.1,-0.0004994475682041188,eV/L0^2,-0.004994475682041188,True,True,False
100.0,v17_near_0.985_normal_force,fit,-0.24821900083247345,0.03173805605024358,-0.28205535479051874,eV/L0,-1.066112993955268,True,False,False
100.0,v17_near_0.985_Haa,fit,20.878110673451364,2.0878110673451364,26.984851609704005,eV/L0^2,2.924949020419737,True,True,False
100.0,v17_near_1.015_normal_force,fit,0.2329580444899274,0.03173805605024358,0.22087760582243082,eV/L0,-0.3806294452430356,True,False,False
100.0,v17_near_1.015_Haa,fit,18.39295935022696,1.839295935022696,16.816381965360577,eV/L0^2,-0.8571635237409082,True,True,False
100.0,v17_near_1.065_normal_force,fit,0.9078686582498847,0.03173805605024358,0.8640723721827175,eV/L0,-1.3799296969491335,True,False,False
100.0,v17_near_1.065_Haa,fit,14.605604041867348,1.4605604041867348,15.01210225025643,eV/L0^2,0.2783166017809625,True,True,False
100.0,v17_near_1.095_normal_force,fit,1.2303804278835464,0.03173805605024358,1.118838646937846,eV/L0,-3.5144490503489543,True,False,False
100.0,v17_near_1.095_Haa,fit,11.545874277606002,1.1545874277606003,4.8286154622875985,eV/L0^2,-5.817886678661465,True,True,False
100.0,v17_direct023_energy,heldout,0.10138618519039871,0.010138618519039872,0.09677501551713226,eV/cell,-0.4548124248492913,False,False,False
100.0,v17_direct023_normal_force,heldout,-0.8610948380753036,0.03173805605024358,-0.9662473780210339,eV/L0,-3.313137382430303,False,False,False
100.0,v17_direct023_Haa,heldout,29.67272464413389,2.967272464413389,21.10915242760013,eV/L0^2,-2.8860080492226468,False,True,False
100.0,v17_direct023_Hxx,heldout,1.5318476269016676,0.1531847626901668,-0.12502490854009535,eV/L0^2,-10.816170657867401,False,True,False
100.0,v17_direct047_energy,heldout,0.26395051027571553,0.026395051027571555,0.1973594425350474,eV/cell,-2.5228618679732393,False,False,False
100.0,v17_direct047_normal_force,heldout,-2.2580600813748397,0.03173805605024358,-1.8998429521395934,eV/L0,11.2866751721707,False,False,False
100.0,v17_direct047_Haa,heldout,35.337517734960244,3.5337517734960247,33.43427399634047,eV/L0^2,-0.5385901049684786,False,True,False
100.0,v17_direct047_Hxx,heldout,-7.290154929569364,0.7290154929569365,-3.5113369772178165,eV/L0^2,5.1834535601217535,False,True,False
100.0,v17_off_plus_energy,heldout,0.08014986299727256,0.008014986299727257,0.07309679636639205,eV/cell,-0.8799848642436883,False,False,False
100.0,v17_off_plus_normal_force,heldout,0.496288954541943,0.03173805605024358,0.40898382586614884,eV/L0,-2.7508026495883673,False,False,False
100.0,v17_off_plus_Haa,heldout,13.145916399036436,1.3145916399036437,14.601295252789772,eV/L0^2,1.1070957775602557,False,True,False
100.0,v17_off_plus_Hxx,heldout,0.5867789207029961,0.1,-0.14352528447751114,eV/L0^2,-7.303042051805072,False,True,False
100.0,v17_off_minus_energy,heldout,0.21284911087573022,0.021284911087573022,0.1385156708563292,eV/cell,-3.4923068136657536,False,False,False
100.0,v17_off_minus_normal_force,heldout,0.06702268289699899,0.03173805605024358,0.2133777095936367,eV/L0,4.611341868731575,False,False,False
100.0,v17_off_minus_Haa,heldout,11.464221151869252,1.1464221151869252,17.05202290420523,eV/L0^2,4.874122435630861,False,True,False
100.0,v17_off_minus_Hxx,heldout,-2.835312235036081,0.2835312235036081,-0.9472311218160803,eV/L0^2,6.659164694064017,False,True,False
100.0,v17_shockley067_energy,heldout,0.07506981596967024,0.007506981596967025,0.067140031646859,eV/cell,-1.056321268459622,False,False,False
100.0,v17_shockley067_normal_force,heldout,-0.08375074170661885,0.03173805605024358,-0.04380607898144795,eV/L0,1.2585730727154707,False,False,False
100.0,v17_shockley067_Haa,heldout,14.560238367523052,1.4560238367523053,19.285739641056907,eV/L0^2,3.2454834558712955,False,True,False
100.0,v17_shockley067_Hxx,heldout,0.4530475235373633,0.1,0.03238988023903566,eV/L0^2,-4.206576432983276,False,True,False
100.0,v17_compression_energy,heldout,0.025317916775100896,0.004433026104653031,0.03477578920952693,eV/cell,2.1335025355476214,False,False,False
100.0,v17_compression_normal_force,heldout,-0.6769543589544016,0.03173805605024358,-0.9142396924976146,eV/L0,-7.476366327149136,False,False,False
100.0,v17_compression_Haa,heldout,26.962376342241654,2.6962376342241656,23.225291929932588,eV/L0^2,-1.386036736848828,False,True,False
100.0,v17_compression_Hxx,heldout,5.568444170552721,0.5568444170552721,2.664669724582338,eV/L0^2,-5.214696164731693,False,True,False
100.0,v17_opening1.045_energy,heldout,0.012439540042104347,0.004433026104653031,0.011577101255546701,eV/cell,-0.19454854679344322,False,False,False
100.0,v17_opening1.045_normal_force,heldout,0.6560493060873362,0.03173805605024358,0.6070834250970273,eV/L0,-1.542812858884379,False,False,False
100.0,v17_opening1.045_Haa,heldout,16.173163667497242,1.6173163667497243,15.738835201955382,eV/L0^2,-0.2685488593766709,False,True,False
100.0,v17_opening1.045_Hxx,heldout,3.5468340021412335,0.35468340021412337,3.0960445393402383,eV/L0^2,-1.2709629560584237,False,True,False
100.0,v17_opening1.255_energy,heldout,0.2548812728796389,0.02548812728796389,0.195792129169848,eV/cell,-2.318300714768253,False,False,False
100.0,v17_opening1.255_normal_force,heldout,1.5479287243761108,0.03173805605024358,1.1015831276593433,eV/L0,-14.063419511584799,False,False,False
100.0,v17_opening1.255_Haa,heldout,-3.07660296796585,0.307660296796585,-0.6453367011223448,eV/L0^2,7.902437500575447,False,True,False
100.0,v17_opening1.255_Hxx,heldout,-0.8591645505462155,0.1,0.20262119379097177,eV/L0^2,10.617857443371873,False,True,False
100.0,v17_opening1.555_energy,heldout,0.4970497627048889,0.04970497627048889,0.4310746464086192,eV/cell,-1.3273342278093145,False,False,False
100.0,v17_opening1.555_normal_force,heldout,0.5361595264738468,0.03173805605024358,0.7912531901876283,eV/L0,8.037469695999977,False,False,False
100.0,v17_opening1.555_Haa,heldout,-0.9598397042596563,0.1,-1.419901351329266,eV/L0^2,-4.600616470696097,False,True,False
100.0,v17_opening1.555_Hxx,heldout,-0.8905810007935903,0.1,-0.02041389489249316,eV/L0^2,8.701671059010971,False,True,False
100.0,v17_opening1.855_energy,heldout,0.6331364785570511,0.06331364785570512,0.5859548791416013,eV/cell,-0.7452042492162041,False,False,False
100.0,v17_opening1.855_normal_force,heldout,0.6294361584094642,0.03173805605024358,0.4909359297592131,eV/L0,-4.363853552687521,False,False,False
100.0,v17_opening1.855_Haa,heldout,0.33758173393615254,0.1,-1.0024514785784546,eV/L0^2,-13.400332125146072,False,True,False
100.0,v17_opening1.855_Hxx,heldout,-0.0764657682265532,0.1,-0.006292903402723373,eV/L0^2,0.7017286482382982,False,True,False
100.0,v17_opening2.455_energy,heldout,0.7722611869157332,0.07722611869157332,0.7367758766769326,eV/cell,-0.45949881775778906,False,False,False
100.0,v17_opening2.455_normal_force,heldout,-0.03892592855831557,0.03173805605024358,0.17562222642971193,eV/L0,6.759965218045574,False,False,False
100.0,v17_opening2.455_Haa,heldout,1.5212189106347462,0.15212189106347462,-0.37605397167754895,eV/L0^2,-12.472056908105595,False,True,False
100.0,v17_opening2.455_Hxx,heldout,0.04446583977668427,0.1,-0.00013360619448554316,eV/L0^2,-0.4459944597116981,False,True,False
100.0,v17_opening3.75_energy,heldout,0.7719163228888833,0.07719163228888834,0.8091568868216666,eV/cell,0.4824430165359263,False,False,False
100.0,v17_opening3.75_normal_force,heldout,0.0,0.03173805605024358,0.016918783112465176,eV/L0,0.533075594979149,False,False,False
100.0,v17_opening3.75_Haa,heldout,0.0,0.1,-0.03784205637178319,eV/L0^2,-0.3784205637178319,False,True,False
100.0,v17_opening3.75_Hxx,heldout,0.0,0.1,-1.8051895964564524e-08,eV/L0^2,-1.8051895964564524e-07,False,True,False
100.0,v19_new_0_energy,heldout,0.00042417681882149505,0.004433026104653031,0.0004411070773818081,eV/cell,0.003819119978233956,False,False,False
100.0,v19_new_0_force,heldout,-0.13054663793646185,0.03173805605024358,-0.13887806601284355,eV/L0,-0.26250593493163127,False,False,False
100.0,v19_new_0_Haa,heldout,20.302032153219432,2.030203215321943,23.145696242437676,eV/L0^2,1.4006795318602157,False,True,False
100.0,v19_new_0_Hxx,heldout,4.57090105595751,0.45709010559575103,5.314477565618538,eV/L0^2,1.626761333395925,False,True,False
100.0,v19_new_1_energy,heldout,0.004931943136885955,0.004433026104653031,0.004649344610941127,eV/cell,-0.06374844615695008,False,False,False
100.0,v19_new_1_force,heldout,0.42285939529142164,0.03173805605024358,0.3916406415104176,eV/L0,-0.9836378677882016,False,False,False
100.0,v19_new_1_Haa,heldout,17.415188636660293,1.7415188636660295,15.560195460692464,eV/L0^2,-1.0651582447191685,False,True,False
100.0,v19_new_1_Hxx,heldout,3.8361643120715834,0.3836164312071584,3.5169010239710516,eV/L0^2,-0.8322461243275707,False,True,False
100.0,v19_new_2_energy,heldout,0.10968805888528045,0.010968805888528046,0.09517206071866874,eV/cell,-1.3233891012506267,False,False,False
100.0,v19_new_2_force,heldout,1.574309479391436,0.03173805605024358,1.1381882411558113,eV/L0,-13.741271284706729,False,False,False
100.0,v19_new_2_Haa,heldout,5.20946471789603,0.5209464717896031,-0.7129423419825018,eV/L0^2,-11.368552011751488,False,True,False
100.0,v19_new_2_Hxx,heldout,0.9642979846199059,0.1,0.7793955531149959,eV/L0^2,-1.8490243150491004,False,True,False
100.0,v19_new_3_energy,heldout,0.3373623063206088,0.03373623063206088,0.25740973541607065,eV/cell,-2.3699319516910125,False,False,False
100.0,v19_new_3_force,heldout,1.321138459506241,0.03173805605024358,1.0500461623356256,eV/L0,-8.54155329303903,False,False,False
100.0,v19_new_3_Haa,heldout,-4.940080180276789,0.4940080180276789,-1.1196702401376806,eV/L0^2,7.733497839553393,False,True,False
100.0,v19_new_3_Hxx,heldout,-1.007259835979608,0.10072598359796081,0.06941091574431307,eV/L0^2,10.6891063583093,False,True,False
100.0,v19_new_4_energy,heldout,0.5605338261337047,0.05605338261337048,0.5177358108989448,eV/cell,-0.763522435924344,False,False,False
100.0,v19_new_4_force,heldout,0.5382315998098468,0.03173805605024358,0.6277947814141067,eV/L0,2.8219491912949892,False,False,False
100.0,v19_new_4_Haa,heldout,0.9032785116339533,0.1,-1.2326289303289457,eV/L0^2,-21.35907441962899,False,True,False
100.0,v19_new_4_Hxx,heldout,0.6453579543796875,0.1,-0.013359414979009429,eV/L0^2,-6.587173693586968,False,True,False
100.0,v19_new_5_energy,heldout,0.7666938699728523,0.07666938699728523,0.6850642783113228,eV/cell,-1.0646960261260456,False,False,False
100.0,v19_new_5_force,heldout,0.27979903523926664,0.03173805605024358,0.28526356983092527,eV/L0,0.172176096198453,False,False,False
100.0,v19_new_5_Haa,heldout,-2.478203100860398,0.2478203100860398,-0.5999545977549796,eV/L0^2,7.579074138246846,False,True,False
100.0,v19_new_5_Hxx,heldout,0.0933444416558671,0.1,-0.0008762963564978715,eV/L0^2,-0.9422073801236497,False,True,False
100.0,v19_new_6_energy,heldout,0.07503741336914271,0.007503741336914272,0.06077215013728948,eV/cell,-1.901086750109042,False,False,False
100.0,v19_new_6_force,heldout,0.3995055633266556,0.03173805605024358,0.1422580830995822,eV/L0,-8.105331965506409,False,False,False
100.0,v19_new_6_Haa,heldout,16.75498366183509,1.6754983661835092,22.045826778306854,eV/L0^2,3.157772769736191,False,True,False
100.0,v19_new_6_Hxx,heldout,1.866294182504276,0.18662941825042761,1.1054341129663514,eV/L0^2,-4.0768496021188305,False,True,False
100.0,v19_new_7_energy,heldout,0.1746163283222475,0.01746163283222475,0.15364314482725255,eV/cell,-1.2011009334871459,False,False,False
100.0,v19_new_7_force,heldout,1.0346608991752084,0.03173805605024358,0.9256008759554453,eV/L0,-3.436254036703239,False,False,False
100.0,v19_new_7_Haa,heldout,3.3869832062735408,0.3386983206273541,2.176982570452346,eV/L0^2,-3.572502614066614,False,True,False
100.0,v19_new_7_Hxx,heldout,-0.5656137494473082,0.1,-0.24471571130641745,eV/L0^2,3.208980381408908,False,True,False
100.0,v19_new_8_energy,heldout,0.17183161394321733,0.017183161394321734,0.1456014519086542,eV/cell,-1.5265038506378126,False,False,False
100.0,v19_new_8_force,heldout,-1.5479121827267546,0.03173805605024358,-1.3871901321829878,eV/L0,5.064016847450658,False,False,False
100.0,v19_new_8_Haa,heldout,34.71656366870985,3.4716563668709854,26.756358622051593,eV/L0^2,-2.292912721034316,False,True,False
100.0,v19_new_8_Hxx,heldout,-0.974896485841256,0.1,-1.507644541741538,eV/L0^2,-5.3274805590028205,False,True,False
100.0,v19_new_9_energy,heldout,0.07736533900036079,0.007736533900036079,0.06301399963785528,eV/cell,-1.8550089158710434,False,False,False
100.0,v19_new_9_force,heldout,-0.22650351113925563,0.03173805605024358,-0.2981755919957376,eV/L0,-2.2582378940606835,False,False,False
100.0,v19_new_9_Haa,heldout,14.396252629283666,1.4396252629283666,23.713245638773397,eV/L0^2,6.4718182220127725,False,True,False
100.0,v19_new_9_Hxx,heldout,-0.11946413441426519,0.1,0.8483745341914748,eV/L0^2,9.678386686057399,False,True,False
100.0,v19_power_new_0_energy,heldout,0.0021758842211834217,0.004433026104653031,0.002407044099316257,eV/cell,0.052144939523411205,False,False,False
100.0,v19_power_new_0_force,heldout,-0.2996693004614922,0.03173805605024358,-0.3501815958801671,eV/L0,-1.5915371545979498,False,False,False
100.0,v19_power_new_0_Haa,heldout,21.133296310436656,2.1133296310436656,28.63642253642425,eV/L0^2,3.5503814056126126,False,True,False
100.0,v19_power_new_0_Hxx,heldout,4.803281906544594,0.4803281906544594,6.8973264721927325,eV/L0^2,4.359612045245458,False,True,False
100.0,v19_power_new_1_energy,heldout,0.01645069708691336,0.004433026104653031,0.015305309522708685,eV/cell,-0.2583760025690898,False,False,False
100.0,v19_power_new_1_force,heldout,0.747061714559844,0.03173805605024358,0.6977132775211367,eV/L0,-1.5548664026739802,False,False,False
100.0,v19_power_new_1_Haa,heldout,15.66515497295868,1.5665154972958681,15.938159536233757,eV/L0^2,0.17427504786664372,False,True,False
100.0,v19_power_new_1_Hxx,heldout,3.4372637547611467,0.3437263754761147,2.931186986242053,eV/L0^2,-1.4723245134101162,False,True,False
100.0,v19_power_new_2_energy,heldout,0.13995417796875365,0.013995417796875366,0.11644246960759042,eV/cell,-1.6799575905774304,False,False,False
100.0,v19_power_new_2_force,heldout,1.6376288066594074,0.03173805605024358,1.1282142409712594,eV/L0,-16.050591280124678,False,False,False
100.0,v19_power_new_2_Haa,heldout,1.5124016664736504,0.15124016664736506,-0.3669937198853759,eV/L0^2,-12.426562519869913,False,True,False
100.0,v19_power_new_2_Hxx,heldout,0.07390822082095283,0.1,0.583863821855467,eV/L0^2,5.099556010345141,False,True,False
100.0,v19_power_new_3_energy,heldout,0.39535837061576956,0.039535837061576956,0.30740361081190937,eV/cell,-2.2246843962572718,False,False,False
100.0,v19_power_new_3_force,heldout,1.0383826381800587,0.03173805605024358,0.9891475578360462,eV/L0,-1.5512947694739043,False,False,False
100.0,v19_power_new_3_Haa,heldout,-6.006053628734572,0.6006053628734572,-1.340769726301532,eV/L0^2,7.767636106532699,False,True,False
100.0,v19_power_new_3_Hxx,heldout,-1.4153601110072371,0.14153601110072372,0.014641446051233208,eV/L0^2,10.103446790236399,False,True,False
100.0,v19_power_new_4_energy,heldout,0.5880885299154484,0.05880885299154484,0.5470486951514146,eV/cell,-0.6978513042914503,False,False,False
100.0,v19_power_new_4_force,heldout,0.5878736415051682,0.03173805605024358,0.5696505723714781,eV/L0,-0.5741709292100843,False,False,False
100.0,v19_power_new_4_Haa,heldout,0.9838769358246306,0.1,-1.1406279059399624,eV/L0^2,-21.24504841764593,False,True,False
100.0,v19_power_new_4_Hxx,heldout,0.5300888191539206,0.1,-0.010115474447319315,eV/L0^2,-5.402042936012399,False,True,False
100.0,v19_power_new_5_energy,heldout,0.7807571272106231,0.07807571272106231,0.7084059863077868,eV/cell,-0.9266792243232155,False,False,False
100.0,v19_power_new_5_force,heldout,0.03287588986152218,0.03173805605024358,0.23601088344370513,eV/L0,6.40036028862656,False,False,False
100.0,v19_power_new_5_Haa,heldout,-2.5224317074829634,0.25224317074829633,-0.49975454219946036,eV/L0^2,8.018758879707606,False,True,False
100.0,v19_power_new_5_Hxx,heldout,-0.10536285587305545,0.1,-0.0004225696273398748,eV/L0^2,1.0494028624571556,False,True,False
100.0,v19_power_new_6_energy,heldout,0.09299247367372732,0.009299247367372731,0.07657576902491606,eV/cell,-1.7653799281015778,False,False,False
100.0,v19_power_new_6_force,heldout,-0.03946790499084763,0.03173805605024358,-0.3324235909008146,eV/L0,-9.230423106134712,False,False,False
100.0,v19_power_new_6_Haa,heldout,22.032873653678617,2.2032873653678617,20.157740802468314,eV/L0^2,-0.851061409730015,False,True,False
100.0,v19_power_new_6_Hxx,heldout,1.976588687531336,0.19765886875313363,0.49894968672406753,eV/L0^2,-7.475703013623781,False,True,False
100.0,v19_power_new_7_energy,heldout,0.16640726473220147,0.01664072647322015,0.1420018445505583,eV/cell,-1.466607856388884,False,False,False
100.0,v19_power_new_7_force,heldout,0.9556810535854069,0.03173805605024358,0.8880107395073122,eV/L0,-2.132150563064347,False,False,False
100.0,v19_power_new_7_Haa,heldout,3.6257942400934606,0.36257942400934606,3.058915972835681,eV/L0^2,-1.5634595614647102,False,True,False
100.0,v19_power_new_7_Hxx,heldout,-0.7324824081355719,0.1,-0.2556417880066195,eV/L0^2,4.768406201289523,False,True,False
100.0,v19_power_new_8_energy,heldout,0.18770167030691334,0.018770167030691336,0.1556207351260595,eV/cell,-1.7091448961747595,False,False,False
100.0,v19_power_new_8_force,heldout,-1.6817465699911935,0.03173805605024358,-1.4824850459282812,eV/L0,6.278315336877195,False,False,False
100.0,v19_power_new_8_Haa,heldout,35.390692237109825,3.5390692237109826,28.045606842751784,eV/L0^2,-2.0754285745945826,False,True,False
100.0,v19_power_new_8_Hxx,heldout,-1.532495429303305,0.15324954293033052,-1.8607597807685692,eV/L0^2,-2.142024995236024,False,True,False
100.0,v19_power_new_9_energy,heldout,0.07659186968314344,0.007659186968314344,0.06260729396921637,eV/cell,-1.8258564220694087,False,False,False
100.0,v19_power_new_9_force,heldout,-0.15953065932670854,0.03173805605024358,-0.16972763030041604,eV/L0,-0.32128530359783153,False,False,False
100.0,v19_power_new_9_Haa,heldout,13.640977289265752,1.3640977289265752,21.584929482150926,eV/L0^2,5.823594618206985,False,True,False
100.0,v19_power_new_9_Hxx,heldout,-0.0018561341338510467,0.1,0.7986812179377248,eV/L0^2,8.005373520715757,False,True,False
100.0,v20_new_0_energy,heldout,5.8649043216202346e-05,0.004433026104653031,5.809162328757957e-05,eV/cell,-0.00012574253240640513,False,False,False
100.0,v20_new_0_force,heldout,0.04781880717694997,0.03173805605024358,0.0470937959732404,eV/L0,-0.022843592013380744,False,False,False
100.0,v20_new_0_Haa,heldout,19.407850341619266,1.9407850341619266,18.8322147698642,eV/L0^2,-0.296599345946439,False,True,False
100.0,v20_new_0_Hxx,heldout,4.329394100444026,0.4329394100444026,4.194703702846043,eV/L0^2,-0.311106807264714,False,True,False
100.0,v20_new_1_energy,heldout,0.0036442749373840483,0.004433026104653031,0.0034536271740926057,eV/cell,-0.043006235197066235,False,False,False
100.0,v20_new_1_force,heldout,0.3655179304564104,0.03173805605024358,0.3404465420445621,eV/L0,-0.7899471968969533,False,False,False
100.0,v20_new_1_Haa,heldout,17.703231197779825,1.7703231197779825,15.812201138177556,eV/L0^2,-1.0681835640487054,False,True,False
100.0,v20_new_1_Hxx,heldout,3.9093512902826126,0.3909351290282613,3.6199116743008934,eV/L0^2,-0.7403776086870801,False,True,False
100.0,v20_new_2_energy,heldout,0.034823381685342755,0.004433026104653031,0.032746413227793404,eV/cell,-0.4685215941700198,False,False,False
100.0,v20_new_2_force,heldout,1.045799857810823,0.03173805605024358,0.9970909034769516,eV/L0,-1.534717635407841,False,False,False
100.0,v20_new_2_Haa,heldout,13.514055878705095,1.3514055878705096,11.764667415973149,eV/L0^2,-1.2944955078131373,False,True,False
100.0,v20_new_2_Hxx,heldout,2.9805611045837717,0.29805611045837715,2.2551096488566955,eV/L0^2,-2.4339425707844486,False,True,False
100.0,v20_new_3_energy,heldout,0.22661995382203423,0.022661995382203426,0.17591009996296492,eV/cell,-2.237660585655754,False,False,False
100.0,v20_new_3_force,heldout,1.596539848274592,0.03173805605024358,1.111549781236447,eV/L0,-15.281026231422983,False,False,False
100.0,v20_new_3_Haa,heldout,-2.2820717486649773,0.22820717486649775,-0.46514015707435896,eV/L0^2,7.9617636590678265,False,True,False
100.0,v20_new_3_Hxx,heldout,-0.8053213981525169,0.1,0.26866530415430145,eV/L0^2,10.739867023068182,False,True,False
100.0,v20_new_4_energy,heldout,0.4890270726004544,0.04890270726004545,0.4192917958875723,eV/cell,-1.4260003304532243,False,False,False
100.0,v20_new_4_force,heldout,0.5582577926902346,0.03173805605024358,0.8122219419306046,eV/L0,8.001881048994521,False,False,False
100.0,v20_new_4_Haa,heldout,-1.9854681988380205,0.19854681988380207,-1.4330680360140127,eV/L0^2,2.7822161198416353,False,True,False
100.0,v20_new_4_Hxx,heldout,-1.0730096719553677,0.10730096719553678,-0.02040177305357711,eV/L0^2,9.809864033970928,False,True,False
100.0,v20_new_5_energy,heldout,0.6157939144055483,0.06157939144055483,0.5719331880046896,eV/cell,-0.712263070075957,False,False,False
100.0,v20_new_5_force,heldout,0.6195747950914187,0.03173805605024358,0.5194791226849339,eV/L0,-3.1538060254234304,False,False,False
100.0,v20_new_5_Haa,heldout,0.4318686304614479,0.1,-1.0540819934598522,eV/L0^2,-14.859506239213,False,True,False
100.0,v20_new_5_Hxx,heldout,0.05966529359502488,0.1,-0.007578038302891911,eV/L0^2,-0.6724333189791678,False,True,False
100.0,v20_new_6_energy,heldout,0.729941495134474,0.0729941495134474,0.6546055143078917,eV/cell,-1.0320824522067142,False,False,False
100.0,v20_new_6_force,heldout,0.4717044111502519,0.03173805605024358,0.34907533982708255,eV/L0,-3.863786462820498,False,False,False
100.0,v20_new_6_Haa,heldout,-1.7417609490586863,0.17417609490586863,-0.728532151406266,eV/L0^2,5.817266704710584,False,True,False
100.0,v20_new_6_Hxx,heldout,0.20899465255336805,0.1,-0.0018747895814700637,eV/L0^2,-2.108694421348381,False,True,False
100.0,v20_new_7_energy,heldout,0.02046914476243608,0.004433026104653031,0.0224317563275264,eV/cell,0.4427250187023047,False,False,False
100.0,v20_new_7_force,heldout,0.06281548916376087,0.03173805605024358,-0.1819019348223329,eV/L0,-7.7105360075831,False,False,False
100.0,v20_new_7_Haa,heldout,21.501318205218237,2.150131820521824,24.390690943310453,eV/L0^2,1.343811905165416,False,True,False
100.0,v20_new_7_Hxx,heldout,4.662002299739686,0.4662002299739686,3.776812793088431,eV/L0^2,-1.8987324538657593,False,True,False
100.0,v20_new_8_energy,heldout,0.06003679436536899,0.006003679436536899,0.05602723254552752,eV/cell,-0.667850750897903,False,False,False
100.0,v20_new_8_force,heldout,0.3178698348179461,0.03173805605024358,0.15580007232651544,eV/L0,-5.106480442118535,False,False,False
100.0,v20_new_8_Haa,heldout,14.458727489192233,1.4458727489192233,18.04342646050354,eV/L0^2,2.4792631121866266,False,True,False
100.0,v20_new_8_Hxx,heldout,0.86111106885732,0.1,0.34036230138579593,eV/L0^2,-5.2074876747152405,False,True,False
100.0,v20_new_9_energy,heldout,0.09377427653904365,0.009377427653904365,0.08972494875582708,eV/cell,-0.43181647810746876,False,False,False
100.0,v20_new_9_force,heldout,0.5947790357818696,0.03173805605024358,0.746840080450546,eV/L0,4.7911266029637405,False,False,False
100.0,v20_new_9_Haa,heldout,11.056850642860084,1.1056850642860085,7.956102282721207,eV/L0^2,-2.8043684954188763,False,True,False
100.0,v20_new_9_Hxx,heldout,0.0757661767331005,0.1,-0.2036508748662112,eV/L0^2,-2.7941705159931165,False,True,False
100.0,v20_new_10_energy,heldout,0.038168092494978115,0.004433026104653031,0.04482535163157697,eV/cell,1.5017414694696263,False,False,False
100.0,v20_new_10_force,heldout,-0.4360667641505048,0.03173805605024358,-0.6963365561915267,eV/L0,-8.200558711881925,False,False,False
100.0,v20_new_10_Haa,heldout,26.40271381173358,2.640271381173358,20.62183948755041,eV/L0^2,-2.1895000511705365,False,True,False
100.0,v20_new_10_Hxx,heldout,4.254835571305176,0.42548355713051766,1.557418917777739,eV/L0^2,-6.33964957827971,False,True,False
100.0,v20_new_11_energy,heldout,0.2277352928888806,0.022773529288888063,0.20532641654971096,eV/cell,-0.9839878595411063,False,False,False
100.0,v20_new_11_force,heldout,1.3946641093269667,0.03173805605024358,1.0007837784993272,eV/L0,-12.410348327701582,False,False,False
100.0,v20_new_11_Haa,heldout,2.8654264155114735,0.28654264155114734,0.26816766849809276,eV/L0^2,-9.064126487260621,False,True,False
100.0,v20_new_11_Hxx,heldout,-0.12044589256531853,0.1,-0.17288292739350122,eV/L0^2,-0.5243703482818269,False,True,False
