model,stretch,radius,qx,qy,qz,minimum_H,tail_bound,margin,radius_change
shape_refinement/old_family,0.98,12.0,0.01,0.0,0.0,0.013819147280972737,2.6879561714766054e-06,0.01381645932480126,
shape_refinement/old_family,0.98,12.0,0.01,0.01,0.0,0.01778320327762073,5.375932209048466e-06,0.01777782734541168,
shape_refinement/old_family,0.98,12.0,0.01,0.01,0.01,0.03159501706552099,8.06390792010275e-06,0.031586953157600885,
shape_refinement/old_family,0.98,12.0,0.08,0.0,0.0,0.8723797555518747,2.8163683865542345e-05,0.8723515918680093,
shape_refinement/old_family,0.98,12.0,0.08,0.08,0.0,1.0963737857298894,2.8180138261957924e-05,1.0963456055916274,
shape_refinement/old_family,0.98,12.0,0.08,0.08,0.08,1.939350480019381,2.8195560811832866e-05,1.9393222844585691,
shape_refinement/old_family,0.98,12.0,0.16,0.0,0.0,3.352679817998077,2.8206102468577464e-05,3.3526516118956082,
shape_refinement/old_family,0.98,12.0,0.16,0.08,0.0,3.1197363162822356,2.822022903867845e-05,3.119708096053197,
shape_refinement/old_family,0.98,12.0,0.16,0.08,0.08,3.55080455900581,2.823343789658581e-05,3.5507763255679134,
shape_refinement/old_family,0.98,12.0,0.16,0.16,0.0,3.921616525857089,2.8254646663414546e-05,3.921588271210426,
shape_refinement/old_family,0.98,12.0,0.16,0.16,0.08,4.680855370284081,2.8265898098866273e-05,4.680827104385982,
shape_refinement/old_family,0.98,12.0,0.16,0.16,0.16,6.833760243646021,2.8293713492896074e-05,6.833731949932528,
shape_refinement/old_family,0.98,12.0,0.24,0.0,0.0,7.097783574668788,2.82594284985016e-05,7.097755315240289,
shape_refinement/old_family,0.98,12.0,0.24,0.08,0.0,6.6295333962311265,2.827004054809776e-05,6.629505126190578,
shape_refinement/old_family,0.98,12.0,0.24,0.08,0.08,6.5676270304522495,2.828012675855451e-05,6.567598750325491,
shape_refinement/old_family,0.98,12.0,0.24,0.16,0.0,6.355260568083191,2.829628583692729e-05,6.3552322717973535,
shape_refinement/old_family,0.98,12.0,0.24,0.16,0.08,6.840106473961816,2.8305116129714366e-05,6.840078168845686,
shape_refinement/old_family,0.98,12.0,0.24,0.16,0.16,8.139395872020465,2.8327017401718906e-05,8.139367545003063,
shape_refinement/old_family,0.98,12.0,0.24,0.24,0.0,7.3908799507669745,2.832764830091842e-05,7.390851623118674,
shape_refinement/old_family,0.98,12.0,0.24,0.24,0.08,8.026430379846625,2.83349174332393e-05,8.026402044929192,
shape_refinement/old_family,0.98,12.0,0.24,0.24,0.16,9.822046213134778,2.8352938219031995e-05,9.822017860196558,
shape_refinement/old_family,0.98,12.0,0.24,0.24,0.24,12.493453615946917,2.8374032500112183e-05,12.493425241914418,
shape_refinement/old_family,0.98,12.0,0.32,0.0,0.0,11.717417464500853,2.8309133687165643e-05,11.717389155367165,
shape_refinement/old_family,0.98,12.0,0.32,0.08,0.0,11.017738245974803,2.8316294459704325e-05,11.017709929680343,
shape_refinement/old_family,0.98,12.0,0.32,0.08,0.08,10.697755002743227,2.832324838454874e-05,10.697726679494842,
shape_refinement/old_family,0.98,12.0,0.32,0.16,0.0,9.864605833998713,2.8334170913032242e-05,9.8645774998278,
shape_refinement/old_family,0.98,12.0,0.32,0.16,0.08,10.09881886865983,2.834058739653923e-05,10.098790528072433,
shape_refinement/old_family,0.98,12.0,0.32,0.16,0.16,10.555490549773236,2.8356537850338076e-05,10.555462193235385,
shape_refinement/old_family,0.98,12.0,0.32,0.24,0.0,9.603329192504962,2.835531128602341e-05,9.603300837193675,
shape_refinement/old_family,0.98,12.0,0.32,0.24,0.08,10.11468916717483,2.8361022490423483e-05,10.11466080615234,
shape_refinement/old_family,0.98,12.0,0.32,0.24,0.16,11.388605463496136,2.8375176734429685e-05,11.388577088319401,
shape_refinement/old_family,0.98,12.0,0.32,0.24,0.24,13.00803291005351,2.83915631946224e-05,13.008004518490315,
shape_refinement/old_family,0.98,12.0,0.32,0.32,0.0,10.532642386128886,2.8373093649557006e-05,10.532614013035237,
shape_refinement/old_family,0.98,12.0,0.32,0.32,0.08,11.027094300061718,2.8378084225668237e-05,11.027065921977492,
shape_refinement/old_family,0.98,12.0,0.32,0.32,0.16,12.416038916168464,2.839043908279268e-05,12.416010525729382,
shape_refinement/old_family,0.98,12.0,0.32,0.32,0.24,14.455043659620642,2.8404667307042907e-05,14.455015254953336,
shape_refinement/old_family,0.98,12.0,0.32,0.32,0.32,16.843747593168025,2.8415852616082217e-05,16.84371917731541,
shape_refinement/old_family,0.98,12.0,0.375,0.375,0.0,12.374312759016586,2.8385819806777283e-05,12.37428437319678,
shape_refinement/old_family,0.98,12.0,0.4,0.0,0.0,16.924380297291236,2.8346515078218297e-05,16.92435195077616,
shape_refinement/old_family,0.98,12.0,0.4,0.08,0.0,15.97451187693558,2.8350852395924926e-05,15.974483526083183,
shape_refinement/old_family,0.98,12.0,0.4,0.08,0.08,15.95849033064774,2.8355198347442246e-05,15.958461975449392,
shape_refinement/old_family,0.98,12.0,0.4,0.16,0.0,14.037907657143348,2.8361671146930594e-05,14.037879295472202,
shape_refinement/old_family,0.98,12.0,0.4,0.16,0.08,14.60361395328013,2.836602607820271e-05,14.603585587254052,
shape_refinement/old_family,0.98,12.0,0.4,0.16,0.16,15.573554720697214,2.8376849454379223e-05,15.573526343847758,
shape_refinement/old_family,0.98,12.0,0.4,0.24,0.0,12.621021639455464,2.837412672693896e-05,12.620993265328737,
shape_refinement/old_family,0.98,12.0,0.4,0.24,0.08,13.250992177141015,2.8378477191828517e-05,13.250963798663824,
shape_refinement/old_family,0.98,12.0,0.4,0.24,0.16,14.883583501384093,2.8389270059925268e-05,14.883555112114033,
shape_refinement/old_family,0.98,12.0,0.4,0.24,0.24,16.44522173368087,2.8401662006077088e-05,16.445193332018864,
shape_refinement/old_family,0.98,12.0,0.4,0.32,0.0,12.37734048416252,2.8383593882459817e-05,12.377312100568638,
shape_refinement/old_family,0.98,12.0,0.4,0.32,0.08,12.861298703615004,2.838794224290839e-05,12.861270315672762,
shape_refinement/old_family,0.98,12.0,0.4,0.32,0.16,14.197049006156574,2.8398731839615762e-05,14.197020607424735,
shape_refinement/old_family,0.98,12.0,0.4,0.32,0.24,16.0517955140374,2.841119250643504e-05,16.051767102844895,
shape_refinement/old_family,0.98,12.0,0.4,0.32,0.32,17.722435188975236,2.8420994078644053e-05,17.72240676798116,
shape_refinement/old_family,0.98,12.0,0.4,0.4,0.0,13.181407096199592,2.838717693542833e-05,13.181378709022656,
shape_refinement/old_family,0.98,12.0,0.4,0.4,0.08,13.536847230282147,2.8391541868893583e-05,13.536818838740277,
shape_refinement/old_family,0.98,12.0,0.4,0.4,0.16,14.526461394581714,2.84023963450341e-05,14.52643299218537,
shape_refinement/old_family,0.98,12.0,0.4,0.4,0.24,15.949706678348187,2.8415075827005673e-05,15.94967826327236,
shape_refinement/old_family,0.98,12.0,0.4,0.4,0.32,17.55457108693711,2.842540980704213e-05,17.554542661527304,
shape_refinement/old_family,0.98,12.0,0.4,0.4,0.4,19.114866881208055,2.8430742490211194e-05,19.114838450465566,
shape_refinement/old_family,0.98,12.0,0.48,0.0,0.0,22.583428209018845,2.8369278383804946e-05,22.583399839740462,
shape_refinement/old_family,0.98,12.0,0.48,0.08,0.0,21.424779664777947,2.8371500753081453e-05,21.424751293277193,
shape_refinement/old_family,0.98,12.0,0.48,0.08,0.08,22.55094805648146,2.8373861708199578e-05,22.55091968261975,
shape_refinement/old_family,0.98,12.0,0.48,0.16,0.0,18.907653863911516,2.837692035743101e-05,18.907625486991158,
shape_refinement/old_family,0.98,12.0,0.48,0.16,0.08,20.150835762860982,2.837964812369724e-05,20.150807383212857,
shape_refinement/old_family,0.98,12.0,0.48,0.16,0.16,22.98925880594627,2.83863958145118e-05,22.989230419550456,
shape_refinement/old_family,0.98,12.0,0.48,0.24,0.0,16.639087466036145,2.838262910902087e-05,16.639059083407037,
shape_refinement/old_family,0.98,12.0,0.48,0.24,0.08,17.627115486926648,2.8385858005133146e-05,17.627087101068643,
shape_refinement/old_family,0.98,12.0,0.48,0.24,0.16,20.298914451906306,2.8393900044395805e-05,20.29888605800626,
shape_refinement/old_family,0.98,12.0,0.48,0.24,0.24,22.718846471988183,2.840311755636195e-05,22.718818068870625,
shape_refinement/old_family,0.98,12.0,0.48,0.32,0.0,15.411414975106645,2.8385634165372542e-05,15.41138658947248,
shape_refinement/old_family,0.98,12.0,0.48,0.32,0.08,16.02317574565631,2.8389428777572186e-05,16.023147356227533,
shape_refinement/old_family,0.98,12.0,0.48,0.32,0.16,17.718046312602073,2.8398907540832765e-05,17.71801791369453,
shape_refinement/old_family,0.98,12.0,0.48,0.32,0.24,20.10558012332733,2.84100019026231e-05,20.105551713325426,
shape_refinement/old_family,0.98,12.0,0.48,0.32,0.32,21.728272981436902,2.841894768808493e-05,21.728244562489213,
shape_refinement/old_family,0.98,12.0,0.48,0.4,0.0,15.216399205938188,2.838391030098659e-05,15.216370822027887,
shape_refinement/old_family,0.98,12.0,0.48,0.4,0.08,15.550738403825935,2.8388297450294518e-05,15.550710015528486,
shape_refinement/old_family,0.98,12.0,0.48,0.4,0.16,16.482370853500598,2.8399244753582687e-05,16.482342454255843,
shape_refinement/old_family,0.98,12.0,0.48,0.4,0.24,17.827619008615507,2.8412229277409926e-05,17.82759059638623,
shape_refinement/old_family,0.98,12.0,0.48,0.4,0.32,19.36850693452695,2.84232802231498e-05,19.368478511246725,
shape_refinement/old_family,0.98,12.0,0.48,0.4,0.4,20.478050134033847,2.84298401164671e-05,20.47802170419373,
shape_refinement/old_family,0.98,12.0,0.48,0.48,0.0,16.13141130463864,2.8376687757799226e-05,16.13138292795088,
shape_refinement/old_family,0.98,12.0,0.48,0.48,0.08,16.35009882282894,2.838166936312465e-05,16.350070441159577,
shape_refinement/old_family,0.98,12.0,0.48,0.48,0.16,16.948874966687736,2.839402762396502e-05,16.948846572660113,
shape_refinement/old_family,0.98,12.0,0.48,0.48,0.24,17.776996241794965,2.840877831950607e-05,17.776967833016645,
shape_refinement/old_family,0.98,12.0,0.48,0.48,0.32,18.642086387192947,2.8421833638427445e-05,18.64205796535931,
shape_refinement/old_family,0.98,12.0,0.48,0.48,0.4,19.366570658077762,2.8430620216286183e-05,19.366542227457547,
shape_refinement/old_family,0.98,12.0,0.48,0.48,0.48,19.82627772055217,2.8433763041031852e-05,19.82624928678913,
shape_refinement/old_family,0.98,12.0,0.56,0.0,0.0,28.633269685341574,2.837933232004692e-05,28.633241306009253,
shape_refinement/old_family,0.98,12.0,0.56,0.08,0.0,27.40086325946528,2.8380003182177655e-05,27.400834879462096,
shape_refinement/old_family,0.98,12.0,0.56,0.08,0.08,28.479486702855986,2.8380879282294672e-05,28.479458321976704,
shape_refinement/old_family,0.98,12.0,0.56,0.16,0.0,24.778187014863637,2.838139360078062e-05,24.778158633470035,
shape_refinement/old_family,0.98,12.0,0.56,0.16,0.08,26.256497116460327,2.838283898102271e-05,26.256468733621347,
shape_refinement/old_family,0.98,12.0,0.56,0.16,0.16,27.810510693591336,2.8386353406707462e-05,27.81048230723793,
shape_refinement/old_family,0.98,12.0,0.56,0.24,0.0,22.403332364470522,2.838197634742354e-05,22.403303982494176,
shape_refinement/old_family,0.98,12.0,0.56,0.24,0.08,23.46725567183598,2.8384251725848192e-05,23.467227287584254,
shape_refinement/old_family,0.98,12.0,0.56,0.24,0.16,25.67522560936919,2.8389972846557227e-05,25.675197219396342,
shape_refinement/old_family,0.98,12.0,0.56,0.24,0.24,26.287091307277464,2.8396596473077677e-05,26.28706291068099,
shape_refinement/old_family,0.98,12.0,0.56,0.32,0.0,20.837993184695623,2.8380044824000295e-05,20.8379648046508,
shape_refinement/old_family,0.98,12.0,0.56,0.32,0.08,21.386978846966393,2.838331315826728e-05,21.386950463653235,
shape_refinement/old_family,0.98,12.0,0.56,0.32,0.16,22.760752793846237,2.8391580561193375e-05,22.760724402265677,
shape_refinement/old_family,0.98,12.0,0.56,0.32,0.24,24.100861841857213,2.840151008237246e-05,24.10083344034713,
shape_refinement/old_family,0.98,12.0,0.56,0.32,0.32,23.9799228063048,2.8409920659902514e-05,23.97989439638414,
shape_refinement/old_family,0.98,12.0,0.56,0.4,0.0,19.867729872566933,2.8374328355609182e-05,19.867701498238578,
shape_refinement/old_family,0.98,12.0,0.56,0.4,0.08,20.068556611675255,2.8378693563229887e-05,20.06852823298169,
shape_refinement/old_family,0.98,12.0,0.56,0.4,0.16,20.633966234290934,2.838963431059773e-05,20.633937844656625,
shape_refinement/old_family,0.98,12.0,0.56,0.4,0.24,21.399717807696266,2.8402844946913648e-05,21.39968940485132,
shape_refinement/old_family,0.98,12.0,0.56,0.4,0.32,21.96176784928909,2.8414622257675016e-05,21.961739434666832,
shape_refinement/old_family,0.98,12.0,0.56,0.4,0.4,21.572498285008205,2.8422551968074424e-05,21.572469862456238,
shape_refinement/old_family,0.98,12.0,0.56,0.48,0.0,19.421555705309018,2.8364274874898472e-05,19.421527341034142,
shape_refinement/old_family,0.98,12.0,0.56,0.48,0.08,19.50798848673369,2.83698286839307e-05,19.507960116905007,
shape_refinement/old_family,0.98,12.0,0.56,0.48,0.16,19.754198299768152,2.838343982905447e-05,19.754169916328323,
shape_refinement/old_family,0.98,12.0,0.56,0.48,0.24,20.09708028744598,2.8399676311893665e-05,20.09705188776967,
shape_refinement/old_family,0.98,12.0,0.56,0.48,0.32,20.396853658735537,2.8414467455811218e-05,20.396825244268083,
shape_refinement/old_family,0.98,12.0,0.56,0.48,0.4,20.431800143545075,2.8425328725310075e-05,20.43177171821635,
shape_refinement/old_family,0.98,12.0,0.56,0.56,0.0,20.567062927177165,2.835005201215663e-05,20.567034577125153,
shape_refinement/old_family,0.98,12.0,0.56,0.56,0.08,20.62678199294941,2.8356933798701698e-05,20.62675363601561,
shape_refinement/old_family,0.98,12.0,0.56,0.56,0.16,20.77388190757313,2.83731302077411e-05,20.773853534442924,
shape_refinement/old_family,0.98,12.0,0.56,0.56,0.24,20.923981090806123,2.8391937578670243e-05,20.923952698868543,
shape_refinement/old_family,0.98,12.0,0.56,0.56,0.32,20.968786264088198,2.8409201818819518e-05,20.96875785488638,
shape_refinement/old_family,0.98,12.0,0.64,0.0,0.0,34.9363633153186,2.838035880221797e-05,34.9363349349598,
shape_refinement/old_family,0.98,12.0,0.64,0.08,0.0,33.897394367769074,2.8379855080771933e-05,33.89736598791399,
shape_refinement/old_family,0.98,12.0,0.64,0.08,0.08,34.409473241036466,2.8379575638067168e-05,34.40944486146083,
shape_refinement/old_family,0.98,12.0,0.64,0.16,0.0,32.049479699722134,2.8378138895296437e-05,32.04945132158324,
shape_refinement/old_family,0.98,12.0,0.64,0.16,0.08,32.80540334092285,2.8378506016922156e-05,32.805374962416835,
shape_refinement/old_family,0.98,12.0,0.64,0.16,0.16,32.71981955696479,2.8379269895165977e-05,32.719791177694894,
shape_refinement/old_family,0.98,12.0,0.64,0.24,0.0,30.964821483272218,2.8374671788069685e-05,30.96479310860043,
shape_refinement/old_family,0.98,12.0,0.64,0.24,0.08,31.156552117971557,2.837604290482333e-05,31.156523741928652,
shape_refinement/old_family,0.98,12.0,0.64,0.24,0.16,31.02443219854254,2.8379563518404486e-05,31.024403818979025,
shape_refinement/old_family,0.98,12.0,0.64,0.24,0.24,29.794128361617606,2.8383773551360685e-05,29.794099977844056,
shape_refinement/old_family,0.98,12.0,0.64,0.32,0.0,30.489959748159663,2.8368779271586777e-05,30.48993137938039,
shape_refinement/old_family,0.98,12.0,0.64,0.32,0.08,30.12466873710513,2.8371442618321826e-05,30.12464036566251,
shape_refinement/old_family,0.98,12.0,0.64,0.32,0.16,29.182493259716722,2.8378338694946887e-05,29.182464881378028,
shape_refinement/old_family,0.98,12.0,0.64,0.32,0.24,27.81949054403489,2.8387000035742864e-05,27.819462157034852,
shape_refinement/old_family,0.98,12.0,0.64,0.32,0.32,26.037970974549243,2.8394917802265607e-05,26.03794257963144,
shape_refinement/old_family,0.98,12.0,0.64,0.4,0.0,29.63356262960043,2.8359888816098213e-05,29.633534269711614,
shape_refinement/old_family,0.98,12.0,0.64,0.4,0.08,29.01842495298334,2.836410088308956e-05,29.01839658888246,
shape_refinement/old_family,0.98,12.0,0.64,0.4,0.16,27.559759428189007,2.8374740674039804e-05,27.559731053448335,
shape_refinement/old_family,0.98,12.0,0.64,0.4,0.24,25.86657987167805,2.8387889269790283e-05,25.86655148378878,
shape_refinement/old_family,0.98,12.0,0.64,0.4,0.32,24.13500119682192,2.8400216480069486e-05,24.134972796605442,
shape_refinement/old_family,0.98,12.0,0.64,0.4,0.4,22.38757368722764,2.8409507168634098e-05,22.38754527772047,
shape_refinement/old_family,0.98,12.0,0.64,0.48,0.0,27.894726706282263,2.8347723551236e-05,27.894698358558713,
shape_refinement/old_family,0.98,12.0,0.64,0.48,0.08,27.359572261599748,2.835379885271826e-05,27.359543907800894,
shape_refinement/old_family,0.98,12.0,0.64,0.48,0.16,26.055845026846512,2.8368387497711663e-05,26.055816658459015,
shape_refinement/old_family,0.98,12.0,0.64,0.48,0.24,24.505023560737406,2.8385675286284827e-05,24.50499517506212,
shape_refinement/old_family,0.98,12.0,0.64,0.48,0.32,22.9340808853716,2.8401797106708697e-05,22.934052483574494,
shape_refinement/old_family,0.98,12.0,0.64,0.56,0.0,26.12898336076131,2.833240329649316e-05,26.128955028358014,
shape_refinement/old_family,0.98,12.0,0.64,0.56,0.08,25.85771703489186,2.834091073159175e-05,25.857688693981128,
shape_refinement/old_family,0.98,12.0,0.64,0.56,0.16,25.15636907187761,2.835953550123568e-05,25.156340712342107,
shape_refinement/old_family,0.98,12.0,0.64,0.56,0.24,24.22253163470543,2.8380263644817084e-05,24.222503254441786,
shape_refinement/old_family,0.98,12.0,0.64,0.64,0.0,27.11436653290963,2.831445155169e-05,27.11433821845808,
shape_refinement/old_family,0.98,12.0,0.64,0.64,0.08,26.960954301262554,2.8326727745456165e-05,26.96092597453481,
shape_refinement/old_family,0.98,12.0,0.64,0.64,0.16,26.504944214658686,2.834916797734793e-05,26.50491586549071,
shape_refinement/old_family,0.98,12.0,0.72,0.0,0.0,41.15375512967409,2.8376223916767287e-05,41.15372675345017,
shape_refinement/old_family,0.98,12.0,0.72,0.08,0.0,40.79205798649789,2.8374784808140685e-05,40.792029611713076,
shape_refinement/old_family,0.98,12.0,0.72,0.08,0.08,40.234803019173775,2.837355061067027e-05,40.23477464562316,
shape_refinement/old_family,0.98,12.0,0.72,0.16,0.0,41.20621046785046,2.83705351047974e-05,41.206182097315356,
shape_refinement/old_family,0.98,12.0,0.72,0.16,0.08,39.77167024495478,2.8369914717503726e-05,39.77164187504006,
shape_refinement/old_family,0.98,12.0,0.72,0.16,0.16,37.47723576029065,2.8368094882839196e-05,37.477207392195766,
shape_refinement/old_family,0.98,12.0,0.72,0.24,0.0,43.637117746258795,2.836363714064237e-05,43.63708938262165,
shape_refinement/old_family,0.98,12.0,0.72,0.24,0.08,41.11605159937347,2.8364038940132767e-05,41.11602323533453,
shape_refinement/old_family,0.98,12.0,0.72,0.24,0.16,36.545874524408234,2.836515630561478e-05,36.54584615925193,
shape_refinement/old_family,0.98,12.0,0.72,0.24,0.24,33.09610225475302,2.8366686067676542e-05,33.096073888066954,
shape_refinement/old_family,0.98,12.0,0.72,0.32,0.0,46.573903278621664,2.8354260825592068e-05,46.57387492436084,
shape_refinement/old_family,0.98,12.0,0.72,0.32,0.08,43.4457757881393,2.835610675984049e-05,43.44574743203254,
shape_refinement/old_family,0.98,12.0,0.72,0.32,0.16,37.142356525787235,2.8361145726583407e-05,37.14232816464151,
shape_refinement/old_family,0.98,12.0,0.72,0.32,0.24,31.510114994685626,2.836808419624959e-05,31.51008662660143,
shape_refinement/old_family,0.98,12.0,0.72,0.32,0.32,27.85309352310345,2.8375298918043934e-05,27.853065147804532,
shape_refinement/old_family,0.98,12.0,0.72,0.4,0.0,47.58228722763853,2.8342526911390314e-05,47.58225888511162,
shape_refinement/old_family,0.98,12.0,0.72,0.4,0.08,44.532724647508246,2.8346313969664282e-05,44.53269630119428,
shape_refinement/old_family,0.98,12.0,0.72,0.4,0.16,37.839876941965436,2.835609238246274e-05,37.83984858587306,
shape_refinement/old_family,0.98,12.0,0.72,0.4,0.24,31.141658053890108,2.8368690365285514e-05,31.141629685199742,
shape_refinement/old_family,0.98,12.0,0.72,0.4,0.32,26.08009510834326,2.8381293058888688e-05,26.080066727050202,
shape_refinement/old_family,0.98,12.0,0.72,0.48,0.0,45.310393894079276,2.8328537185016227e-05,45.31036556554209,
shape_refinement/old_family,0.98,12.0,0.72,0.48,0.08,42.85580770583977,2.8335035314795476e-05,42.855779370804456,
shape_refinement/old_family,0.98,12.0,0.72,0.48,0.16,37.144757332932,2.8350186701432e-05,37.1447289827453,
shape_refinement/old_family,0.98,12.0,0.72,0.48,0.24,30.923733657012026,2.836798827926227e-05,30.923705289023747,
shape_refinement/old_family,0.98,12.0,0.72,0.56,0.0,40.30336507582348,2.8312479255754073e-05,40.30333676334422,
shape_refinement/old_family,0.98,12.0,0.72,0.56,0.08,38.71645309625793,2.8323343584920927e-05,38.716424772914344,
shape_refinement/old_family,0.98,12.0,0.72,0.56,0.16,34.86659704996281,2.8344066928575876e-05,34.86656870589589,
shape_refinement/old_family,0.98,12.0,0.72,0.64,0.0,35.33810504790535,2.8294739280176343e-05,35.33807675316607,
shape_refinement/old_family,0.98,12.0,0.72,0.64,0.08,34.58526311571057,2.831434059838099e-05,34.58523480136997,
shape_refinement/old_family,0.98,12.0,0.72,0.72,0.0,35.21488225006122,2.8297605181910302e-05,35.21485395245604,
shape_refinement/old_family,0.98,12.0,0.8,0.0,0.0,46.724581751494746,2.837021972796472e-05,46.724553381275015,
shape_refinement/old_family,0.98,12.0,0.8,0.08,0.0,47.9570484119118,2.836802520868826e-05,47.957020043886594,
shape_refinement/old_family,0.98,12.0,0.8,0.08,0.08,45.43950746154648,2.836598676489263e-05,45.43947909555971,
shape_refinement/old_family,0.98,12.0,0.8,0.16,0.0,53.11864295012003,2.836166616839855e-05,53.11861458845386,
shape_refinement/old_family,0.98,12.0,0.8,0.16,0.08,46.90877421764155,2.836011141181741e-05,46.908745857530135,
shape_refinement/old_family,0.98,12.0,0.8,0.16,0.16,41.68731401287668,2.8355733262692307e-05,41.68728565714342,
shape_refinement/old_family,0.98,12.0,0.8,0.24,0.0,62.29192803581601,2.8351749572368615e-05,62.291899684066436,
shape_refinement/old_family,0.98,12.0,0.8,0.24,0.08,53.50254370695163,2.8351059619585693e-05,53.50251535589201,
shape_refinement/old_family,0.98,12.0,0.8,0.24,0.16,42.06734742694943,2.8349331548464832e-05,42.06731907761788,
shape_refinement/old_family,0.98,12.0,0.8,0.24,0.24,35.95729609632965,2.834744527860218e-05,35.95726774888437,
shape_refinement/old_family,0.98,12.0,0.8,0.32,0.0,71.73181481825883,2.833908807854657e-05,71.73178647917075,
shape_refinement/old_family,0.98,12.0,0.8,0.32,0.08,62.14324763936886,2.8339766057322226e-05,62.143219299602805,
shape_refinement/old_family,0.98,12.0,0.8,0.32,0.16,46.545527771166604,2.8342064580533992e-05,46.54549942910202,
shape_refinement/old_family,0.98,12.0,0.8,0.32,0.24,35.11781096126038,2.834638138063466e-05,35.117782614879005,
shape_refinement/old_family,0.98,12.0,0.8,0.32,0.32,29.34598181779429,2.8352492788875233e-05,29.345953465301502,
shape_refinement/old_family,0.98,12.0,0.8,0.4,0.0,76.99546119896996,2.83244814194886e-05,76.99543287448854,
shape_refinement/old_family,0.98,12.0,0.8,0.4,0.08,68.24063244512287,2.8327325600405285e-05,68.24060411779728,
shape_refinement/old_family,0.98,12.0,0.8,0.4,0.16,51.56485459086544,2.8335268560038153e-05,51.56482625559688,
shape_refinement/old_family,0.98,12.0,0.8,0.4,0.24,37.16768615766808,2.8346664335417497e-05,37.16765781100374,
shape_refinement/old_family,0.98,12.0,0.8,0.48,0.0,75.57665707342066,2.8308556288500735e-05,75.57662876486437,
shape_refinement/old_family,0.98,12.0,0.8,0.48,0.08,68.55615880260001,2.8315236843036342e-05,68.55613048736316,
shape_refinement/old_family,0.98,12.0,0.8,0.48,0.16,53.669280805895866,2.8330353063678724e-05,53.669252475542805,
shape_refinement/old_family,0.98,12.0,0.8,0.56,0.0,67.60422777952232,2.829174828452093e-05,67.60419948777404,
shape_refinement/old_family,0.98,12.0,0.8,0.56,0.08,62.641578384234,2.830692548504761e-05,62.641550077308516,
shape_refinement/old_family,0.98,12.0,0.8,0.64,0.0,55.89087950251371,2.829356355358887e-05,55.89085120895016,
shape_refinement/old_family,0.98,12.0,0.88,0.0,0.0,50.96951676667982,2.8364809535645663e-05,50.96948840187028,
shape_refinement/old_family,0.98,12.0,0.88,0.08,0.0,55.57653365579741,2.836205529777056e-05,55.576505293742116,
shape_refinement/old_family,0.98,12.0,0.88,0.08,0.08,49.39828948731214,2.8359396457580663e-05,49.39826112791568,
shape_refinement/old_family,0.98,12.0,0.88,0.16,0.0,69.46448434198562,2.8354080531102352e-05,69.4644559879051,
shape_refinement/old_family,0.98,12.0,0.88,0.16,0.08,53.50563508894634,2.8351719959029304e-05,53.50560673722638,
shape_refinement/old_family,0.98,12.0,0.88,0.16,0.16,44.86988169498114,2.8344989365661647e-05,44.86985334999177,
shape_refinement/old_family,0.98,12.0,0.88,0.24,0.0,89.49699318729124,2.834169283463376e-05,89.4969648455984,
shape_refinement/old_family,0.98,12.0,0.88,0.24,0.08,67.10331116406412,2.8339883155362095e-05,67.10328282418097,
shape_refinement/old_family,0.98,12.0,0.88,0.24,0.16,46.987237805449645,2.833495146001778e-05,46.987209470498186,
shape_refinement/old_family,0.98,12.0,0.88,0.24,0.24,38.09013006565299,2.8328500997427413e-05,38.090101737152,
shape_refinement/old_family,0.98,12.0,0.88,0.32,0.0,108.78085254348737,2.8326063631985395e-05,108.78082421742374,
shape_refinement/old_family,0.98,12.0,0.88,0.32,0.08,84.72265743152748,2.8325206164182796e-05,84.72262910632132,
shape_refinement/old_family,0.98,12.0,0.88,0.32,0.16,56.22833231427819,2.832349283520078e-05,56.228303990785356,
shape_refinement/old_family,0.98,12.0,0.88,0.32,0.24,38.26686275867946,2.8323460481533993e-05,38.266834435218975,
shape_refinement/old_family,0.98,12.0,0.88,0.4,0.0,120.76712850188964,2.8308507204451898e-05,120.76710019338243,
shape_refinement/old_family,0.98,12.0,0.88,0.4,0.08,99.13513887896995,2.830950082506325e-05,99.13511056946913,
shape_refinement/old_family,0.98,12.0,0.88,0.4,0.16,67.00601092809627,2.8313797233244774e-05,67.00598261429904,
shape_refinement/old_family,0.98,12.0,0.88,0.48,0.0,121.85778940228786,2.8290244389798656e-05,121.85776111204348,
shape_refinement/old_family,0.98,12.0,0.88,0.48,0.08,104.6127666266462,2.829629926389795e-05,104.61273833034694,
shape_refinement/old_family,0.98,12.0,0.88,0.56,0.0,111.70690063905202,2.8282151837033375e-05,111.70687235690019,
shape_refinement/old_family,0.98,12.0,0.96,0.0,0.0,53.274089652303346,2.8361598243034723e-05,53.274061290705106,
shape_refinement/old_family,0.98,12.0,0.96,0.08,0.0,61.044188529177475,2.8358540700302313e-05,61.04416017063677,
shape_refinement/old_family,0.98,12.0,0.96,0.08,0.08,51.545369370729745,2.8355534846468802e-05,51.5453410151949,
shape_refinement/old_family,0.98,12.0,0.96,0.16,0.0,83.66951746461879,2.8349665708290443e-05,83.66948911495308,
shape_refinement/old_family,0.98,12.0,0.96,0.16,0.08,57.86194110302241,2.8346813376229053e-05,57.86191275620904,
shape_refinement/old_family,0.98,12.0,0.96,0.16,0.16,46.590067612603015,2.8338552059077436e-05,46.59003927405096,
shape_refinement/old_family,0.98,12.0,0.96,0.24,0.0,118.86047171335674,2.8335816305929945e-05,118.86044337754043,
shape_refinement/old_family,0.98,12.0,0.96,0.24,0.08,77.09230387137187,2.8333218796509906e-05,77.09227553815307,
shape_refinement/old_family,0.98,12.0,0.96,0.24,0.16,50.10359485388594,2.832574452775179e-05,50.10356652814141,
shape_refinement/old_family,0.98,12.0,0.96,0.24,0.24,39.233801775406114,2.8314425898063473e-05,39.23377346098022,
shape_refinement/old_family,0.98,12.0,0.96,0.32,0.0,154.97129606538172,2.8318245237211186e-05,154.9712677471365,
shape_refinement/old_family,0.98,12.0,0.96,0.32,0.08,102.61157629229407,2.8316024371907055e-05,102.6115479762697,
shape_refinement/old_family,0.98,12.0,0.96,0.32,0.16,63.00695009596541,2.8309829856095248e-05,63.00692178613555,
shape_refinement/old_family,0.98,12.0,0.96,0.4,0.0,176.07810178568806,2.8298429730670372e-05,176.07807348725834,
shape_refinement/old_family,0.98,12.0,0.96,0.4,0.08,126.27902995948104,2.8296861502044468e-05,126.27900166261954,
shape_refinement/old_family,0.98,12.0,0.96,0.48,0.0,182.6610068421046,2.8277881108505893e-05,182.66097856422348,
shape_refinement/old_family,0.98,16.0,0.01,0.0,0.0,0.013819118864327067,1.0036272676623888e-06,0.013818115237059404,1.7237435510886162e-07
shape_refinement/old_family,0.98,16.0,0.01,0.01,0.0,0.01778314923802999,2.007274455025102e-06,0.017781141963574963,3.3907074440984285e-07
shape_refinement/old_family,0.98,16.0,0.01,0.01,0.01,0.03159493511461192,3.0109213688422437e-06,0.03159192419324308,4.9771324195369e-07
shape_refinement/old_family,0.98,16.0,0.08,0.0,0.0,0.8723785596750333,5.5437208102578706e-06,0.872373015954223,2.108612733112019e-06
shape_refinement/old_family,0.98,16.0,0.08,0.08,0.0,1.0963724074184438,5.5599022294265474e-06,1.0963668475162143,1.3883937434576114e-06
shape_refinement/old_family,0.98,16.0,0.08,0.08,0.08,1.9393491937546257,5.575138131706061e-06,1.939343618616494,1.286264756039668e-06
shape_refinement/old_family,0.98,16.0,0.16,0.0,0.0,3.35267862310615,5.585537261841314e-06,3.352673037568888,1.4240726679739931e-06
shape_refinement/old_family,0.98,16.0,0.16,0.08,0.0,3.1197351068045145,5.599555312841775e-06,3.1197295072492017,1.5814493299125788e-06
shape_refinement/old_family,0.98,16.0,0.16,0.08,0.08,3.550803325750624,5.612678128649081e-06,3.5507977130724955,1.4263556681566864e-06
shape_refinement/old_family,0.98,16.0,0.16,0.16,0.0,3.921615256851421,5.633760292822911e-06,3.921609623091128,1.2973084110576492e-06
shape_refinement/old_family,0.98,16.0,0.16,0.16,0.08,4.680854087159471,5.644967783509822e-06,4.680848442191687,1.2831246101185911e-06
shape_refinement/old_family,0.98,16.0,0.16,0.16,0.16,6.833759008443037,5.672698686430915e-06,6.83375333574435,1.355160641480779e-06
shape_refinement/old_family,0.98,16.0,0.24,0.0,0.0,7.0977822973179245,5.638490887170429e-06,7.097776658827037,1.2773508751739452e-06
shape_refinement/old_family,0.98,16.0,0.24,0.08,0.0,6.6295321447777855,5.649068036616847e-06,6.629526495709749,1.266332833319177e-06
shape_refinement/old_family,0.98,16.0,0.24,0.08,0.08,6.567625782645485,5.6591271581766515e-06,6.567620123518327,1.2700557597833944e-06
shape_refinement/old_family,0.98,16.0,0.24,0.16,0.0,6.35525933129085,5.675248372579484e-06,6.3552536560424775,1.3568019857434008e-06
shape_refinement/old_family,0.98,16.0,0.24,0.16,0.08,6.840105245886996,5.684068894975553e-06,6.840099561818102,1.3634270275841118e-06
shape_refinement/old_family,0.98,16.0,0.24,0.16,0.16,8.139394611446136,5.705961922682521e-06,8.139388905484212,1.2608247349172115e-06
shape_refinement/old_family,0.98,16.0,0.24,0.24,0.0,7.390878683090263,5.706588390891773e-06,7.390872976501872,1.2676767111585716e-06
shape_refinement/old_family,0.98,16.0,0.24,0.24,0.08,8.026429100643208,5.713864560642808e-06,8.026423386778648,1.2792034169706312e-06
shape_refinement/old_family,0.98,16.0,0.24,0.24,0.16,9.822044954932103,5.731916559399178e-06,9.822039223015544,1.2582026744922814e-06
shape_refinement/old_family,0.98,16.0,0.24,0.24,0.24,12.493452372072761,5.753085785075975e-06,12.493446618986976,1.3313673292714157e-06
shape_refinement/old_family,0.98,16.0,0.32,0.0,0.0,11.717416188210219,5.688060754722547e-06,11.717410500149464,1.276290638569781e-06
shape_refinement/old_family,0.98,16.0,0.32,0.08,0.0,11.017736999659508,5.6952222830724516e-06,11.017731304437225,1.262793760686576e-06
shape_refinement/old_family,0.98,16.0,0.32,0.08,0.08,10.697753741507999,5.702179951341522e-06,10.697748039328047,1.2702946942791744e-06
shape_refinement/old_family,0.98,16.0,0.32,0.16,0.0,9.864604568792199,5.713114776379708e-06,9.864598855677423,1.2754587768290738e-06
shape_refinement/old_family,0.98,16.0,0.32,0.16,0.08,10.09881761063895,5.71954209430043e-06,10.098811891096855,1.2592281407597506e-06
shape_refinement/old_family,0.98,16.0,0.32,0.16,0.16,10.555489307902695,5.735532659456951e-06,10.555483572370036,1.2890944512927938e-06
shape_refinement/old_family,0.98,16.0,0.32,0.24,0.0,9.6033279525629,5.734313336160628e-06,9.603322218249565,1.3100802889839027e-06
shape_refinement/old_family,0.98,16.0,0.32,0.24,0.08,10.114687919007785,5.740042900191819e-06,10.114682178964886,1.3145215971652394e-06
shape_refinement/old_family,0.98,16.0,0.32,0.24,0.16,11.38860421294211,5.7542554903909136e-06,11.38859845868662,1.2896273681669678e-06
shape_refinement/old_family,0.98,16.0,0.32,0.24,0.24,13.008031645364802,5.770745763220901e-06,13.008025874619038,1.265686553806325e-06
shape_refinement/old_family,0.98,16.0,0.32,0.32,0.0,10.532641116898727,5.75221195371104e-06,10.532635364686774,1.2692301591954447e-06
shape_refinement/old_family,0.98,16.0,0.32,0.32,0.08,11.027093046642452,5.7572262942088635e-06,11.027087289416158,1.266937685785837e-06
shape_refinement/old_family,0.98,16.0,0.32,0.32,0.16,12.416037661891206,5.769652668760453e-06,12.416031892238538,1.256158199816457e-06
shape_refinement/old_family,0.98,16.0,0.32,0.32,0.24,14.455042414964502,5.783999039918197e-06,14.455036630965463,1.3067931977781663e-06
shape_refinement/old_family,0.98,16.0,0.32,0.32,0.32,16.84374634560736,5.795343410315259e-06,16.843740550263952,1.2486093226016237e-06
shape_refinement/old_family,0.98,16.0,0.375,0.375,0.0,12.37431150906448,5.765168496004819e-06,12.374305743895984,1.296821069056659e-06
shape_refinement/old_family,0.98,16.0,0.4,0.0,0.0,16.92437905941183,5.725496638194929e-06,16.92437333391519,1.2979615342180298e-06
shape_refinement/old_family,0.98,16.0,0.4,0.08,0.0,15.974510628132863,5.729850511841668e-06,15.974504898282351,1.3155932700817888e-06
shape_refinement/old_family,0.98,16.0,0.4,0.08,0.08,15.958489087162038,5.73421420050521e-06,15.958483352947837,1.3102064062966215e-06
shape_refinement/old_family,0.98,16.0,0.4,0.16,0.0,14.03790641166665,5.74072258728461e-06,14.037900670944063,1.269511978688875e-06
shape_refinement/old_family,0.98,16.0,0.4,0.16,0.08,14.603612704046474,5.745098161866537e-06,14.603606958948312,1.2511162095356696e-06
shape_refinement/old_family,0.98,16.0,0.4,0.16,0.16,15.573553460308833,5.755984952464895e-06,15.57354770432388,1.2653771049632636e-06
shape_refinement/old_family,0.98,16.0,0.4,0.24,0.0,12.621020375276032,5.753274711139553e-06,12.62101462200132,1.2642840612842717e-06
shape_refinement/old_family,0.98,16.0,0.4,0.24,0.08,13.250990916303794,5.7576490778768246e-06,13.250985158654716,1.2661932990323412e-06
shape_refinement/old_family,0.98,16.0,0.4,0.24,0.16,14.88358224727593,5.768513475948733e-06,14.883576478762453,1.2597683855277943e-06
shape_refinement/old_family,0.98,16.0,0.4,0.24,0.24,16.445220489611817,5.781022621953965e-06,16.445214708589194,1.3097088739668564e-06
shape_refinement/old_family,0.98,16.0,0.4,0.32,0.0,12.377339241479977,5.762882712651119e-06,12.377333478597263,1.2977066625218793e-06
shape_refinement/old_family,0.98,16.0,0.4,0.32,0.08,12.861297457335958,5.767257428670251e-06,12.861291690078529,1.2910472149215115e-06
shape_refinement/old_family,0.98,16.0,0.4,0.32,0.16,14.197047765066163,5.778124706628091e-06,14.197041986941457,1.2880288376879122e-06
shape_refinement/old_family,0.98,16.0,0.4,0.32,0.24,16.051794256390906,5.790709689157678e-06,16.051788465681216,1.2588672153859373e-06
shape_refinement/old_family,0.98,16.0,0.4,0.32,0.32,17.72243392814029,5.800673349785699e-06,17.72242812746694,1.2613316672169117e-06
shape_refinement/old_family,0.98,16.0,0.4,0.4,0.0,13.181405846727515,5.766643093055562e-06,13.18140008008442,1.2600635730499012e-06
shape_refinement/old_family,0.98,16.0,0.4,0.4,0.08,13.536845978179208,5.771035514718639e-06,13.536840207143694,1.2536785256278866e-06
shape_refinement/old_family,0.98,16.0,0.4,0.4,0.16,14.526460130130287,5.7819704808176675e-06,14.526454348159806,1.273172154617568e-06
shape_refinement/old_family,0.98,16.0,0.4,0.4,0.24,15.949705419794764,5.794777457171965e-06,15.949699625017306,1.266096108479915e-06
shape_refinement/old_family,0.98,16.0,0.4,0.4,0.32,17.554569823959604,5.805275910645603e-06,17.554564018683692,1.2822836746596206e-06
shape_refinement/old_family,0.98,16.0,0.4,0.4,0.4,19.11486561948391,5.810796279342622e-06,19.114859808687633,1.2617241580414967e-06
shape_refinement/old_family,0.98,16.0,0.48,0.0,0.0,22.583426957440036,5.748438413697152e-06,22.58342120900162,1.251578820456502e-06
shape_refinement/old_family,0.98,16.0,0.48,0.08,0.0,21.42477840607972,5.750682505350054e-06,21.424772655397216,1.262702501730073e-06
shape_refinement/old_family,0.98,16.0,0.48,0.08,0.08,22.550946812520984,5.753065704673596e-06,22.55094105945528,1.2451935413962297e-06
shape_refinement/old_family,0.98,16.0,0.48,0.16,0.0,18.907652621779384,5.756167141947376e-06,18.907646865612243,1.2889271501308334e-06
shape_refinement/old_family,0.98,16.0,0.48,0.16,0.08,20.150834510481438,5.758918486131762e-06,20.15082875156295,1.2961112287727742e-06
shape_refinement/old_family,0.98,16.0,0.48,0.16,0.16,22.989257559380494,5.765735976702901e-06,22.989251793644517,1.28747106535895e-06
shape_refinement/old_family,0.98,16.0,0.48,0.24,0.0,16.639086208865905,5.761982580208247e-06,16.639080446883323,1.28512671407793e-06
shape_refinement/old_family,0.98,16.0,0.48,0.24,0.08,17.62711423773966,5.76523666401213e-06,17.627108472502997,1.270936095057472e-06
shape_refinement/old_family,0.98,16.0,0.48,0.24,0.16,20.298913192871954,5.773352714520819e-06,20.29890741951924,1.2644256995757417e-06
shape_refinement/old_family,0.98,16.0,0.48,0.24,0.24,22.718845228548552,5.782688091068438e-06,22.71883944586046,1.2559569582300997e-06
shape_refinement/old_family,0.98,16.0,0.48,0.32,0.0,15.411413725104277,5.765130576314704e-06,15.411407959973701,1.250691630753678e-06
shape_refinement/old_family,0.98,16.0,0.48,0.32,0.08,16.023174488645246,5.768951726209499e-06,16.02316871969352,1.2679193592647848e-06
shape_refinement/old_family,0.98,16.0,0.48,0.32,0.16,17.71804506034676,5.778508137817955e-06,17.71803928183862,1.2578436476003417e-06
shape_refinement/old_family,0.98,16.0,0.48,0.32,0.24,20.10557886646546,5.789725321950125e-06,20.10557307674014,1.2734213155761367e-06
shape_refinement/old_family,0.98,16.0,0.48,0.32,0.32,21.728271729874315,5.798829237529411e-06,21.728265931045076,1.2731907630376883e-06
shape_refinement/old_family,0.98,16.0,0.48,0.4,0.0,15.216397934736012,5.763576106249327e-06,15.216392171159905,1.2781482378249818e-06
shape_refinement/old_family,0.98,16.0,0.48,0.4,0.08,15.550737149190837,5.767990512269724e-06,15.550731381200325,1.2818085092462257e-06
shape_refinement/old_family,0.98,16.0,0.48,0.4,0.16,16.482369597071237,5.77901752658705e-06,16.48236381805371,1.2693082873487628e-06
shape_refinement/old_family,0.98,16.0,0.48,0.4,0.24,17.827617752718577,5.792128132565463e-06,17.827611960590446,1.259352115895904e-06
shape_refinement/old_family,0.98,16.0,0.48,0.4,0.32,19.368505678029734,5.803341690103558e-06,19.368499874688045,1.2691216520198547e-06
shape_refinement/old_family,0.98,16.0,0.48,0.4,0.4,20.478048889854577,5.810087246781065e-06,20.478043079767332,1.2857173344438296e-06
shape_refinement/old_family,0.98,16.0,0.48,0.48,0.0,16.131410065886783,5.756536816195998e-06,16.131404309349968,1.2433658205622909e-06
shape_refinement/old_family,0.98,16.0,0.48,0.48,0.08,16.350097568760887,5.761545508027185e-06,16.350091807215378,1.26905872790525e-06
shape_refinement/old_family,0.98,16.0,0.48,0.48,0.16,16.948873720196293,5.7739831407699415e-06,16.948867946213152,1.249587073305312e-06
shape_refinement/old_family,0.98,16.0,0.48,0.48,0.24,17.776994995298068,5.7888599856251075e-06,17.77698920643808,1.2636133330413084e-06
shape_refinement/old_family,0.98,16.0,0.48,0.48,0.32,18.64208514786527,5.802079526985728e-06,18.642079345785742,1.2735361577703844e-06
shape_refinement/old_family,0.98,16.0,0.48,0.48,0.4,19.366569402995005,5.811056928671888e-06,19.366563591938075,1.2550827577229027e-06
shape_refinement/old_family,0.98,16.0,0.48,0.48,0.48,19.82627644591664,5.8144007467310705e-06,19.826270631515893,1.2746355509990527e-06
shape_refinement/old_family,0.98,16.0,0.56,0.0,0.0,28.63326842669756,5.75873603500384e-06,28.633262667961525,1.2586440281179669e-06
shape_refinement/old_family,0.98,16.0,0.56,0.08,0.0,27.400862002644736,5.759428399342582e-06,27.400856243216335,1.2568217238000045e-06
shape_refinement/old_family,0.98,16.0,0.56,0.08,0.08,28.479485451295854,5.760326319898226e-06,28.479479690969534,1.2629738118313086e-06
shape_refinement/old_family,0.98,16.0,0.56,0.16,0.0,24.77818575294,5.760882024806008e-06,24.778179992057975,1.2620509243419449e-06
shape_refinement/old_family,0.98,16.0,0.56,0.16,0.08,26.256495851820176,5.762350083682783e-06,26.25649008947009,1.2693096641954177e-06
shape_refinement/old_family,0.98,16.0,0.56,0.16,0.16,27.810509451129846,5.765930914166681e-06,27.81050368519893,1.2578180162470816e-06
shape_refinement/old_family,0.98,16.0,0.56,0.24,0.0,22.40333111322703,5.761565565435734e-06,22.403325351661465,1.2599887436203768e-06
shape_refinement/old_family,0.98,16.0,0.56,0.24,0.08,23.46725443555047,5.763864775767032e-06,23.46724867168569,1.2698684043639583e-06
shape_refinement/old_family,0.98,16.0,0.56,0.24,0.16,25.67522435449936,5.76965551946049e-06,25.67521858484384,1.2807997077259004e-06
shape_refinement/old_family,0.98,16.0,0.56,0.24,0.24,26.287090070901673,5.7763889610521115e-06,26.287084294512713,1.270210783509482e-06
shape_refinement/old_family,0.98,16.0,0.56,0.32,0.0,20.837991930985638,5.759765244201326e-06,20.837986171220393,1.279429028514215e-06
shape_refinement/old_family,0.98,16.0,0.56,0.32,0.08,21.386977584712863,5.763058548831702e-06,21.386971821654313,1.2671167051789927e-06
shape_refinement/old_family,0.98,16.0,0.56,0.32,0.16,22.76075154411377,5.771398878974596e-06,22.76074577271489,1.255090213438054e-06
shape_refinement/old_family,0.98,16.0,0.56,0.32,0.24,24.10086058735211,5.781443393807392e-06,24.100854805908714,1.2578251779890973e-06
shape_refinement/old_family,0.98,16.0,0.56,0.32,0.32,23.979921541812274,5.790001355588502e-06,23.979915751810918,1.2644925727908315e-06
shape_refinement/old_family,0.98,16.0,0.56,0.4,0.0,19.867728620610308,5.754200573323811e-06,19.867722866409736,1.261224539505157e-06
shape_refinement/old_family,0.98,16.0,0.56,0.4,0.08,20.068555366170553,5.75859153016169e-06,20.068549607579023,1.2508882714579292e-06
shape_refinement/old_family,0.98,16.0,0.56,0.4,0.16,20.633964979220764,5.769607629532559e-06,20.633959209613135,1.2613261204624414e-06
shape_refinement/old_family,0.98,16.0,0.56,0.4,0.24,21.3997165539995,5.782937609437396e-06,21.39971077106189,1.2591665488096612e-06
shape_refinement/old_family,0.98,16.0,0.56,0.4,0.32,21.96176659993818,5.794868992093795e-06,21.961760805069186,1.2814832522699142e-06
shape_refinement/old_family,0.98,16.0,0.56,0.4,0.4,21.572497034001447,5.802973546684793e-06,21.5724912310279,1.2676289812574048e-06
shape_refinement/old_family,0.98,16.0,0.56,0.48,0.0,19.42155446258335,5.744308291783218e-06,19.42154871827506,1.2718005941033142e-06
shape_refinement/old_family,0.98,16.0,0.56,0.48,0.08,19.50798723539401,5.749887820621232e-06,19.50798148550619,1.2648307520070858e-06
shape_refinement/old_family,0.98,16.0,0.56,0.48,0.16,19.75419705269135,5.763574417765143e-06,19.754191289116932,1.271238880675046e-06
shape_refinement/old_family,0.98,16.0,0.56,0.48,0.24,20.097079043786064,5.7799310052697114e-06,20.09707326385506,1.2607284505259553e-06
shape_refinement/old_family,0.98,16.0,0.56,0.48,0.32,20.396852398773248,5.7948783064869475e-06,20.396846603894943,1.2608798401004848e-06
shape_refinement/old_family,0.98,16.0,0.56,0.48,0.4,20.431798894698716,5.805916463877786e-06,20.431793088782253,1.2646959622430024e-06
shape_refinement/old_family,0.98,16.0,0.56,0.56,0.0,20.56706165521271,5.730245070319019e-06,20.56705592496764,1.2719644537639851e-06
shape_refinement/old_family,0.98,16.0,0.56,0.56,0.08,20.626780735068678,5.737151022527953e-06,20.626774997917657,1.257880732907779e-06
shape_refinement/old_family,0.98,16.0,0.56,0.56,0.16,20.773880648807047,5.753418007507135e-06,20.77387489538904,1.2587660833673908e-06
shape_refinement/old_family,0.98,16.0,0.56,0.56,0.24,20.92397982602777,5.7723358758731855e-06,20.923974053691897,1.2665382154994675e-06
shape_refinement/old_family,0.98,16.0,0.56,0.56,0.32,20.968785008757223,5.789734137703913e-06,20.968779219023084,1.2553309751694994e-06
shape_refinement/old_family,0.98,16.0,0.64,0.0,0.0,34.936362058387424,5.760029936081057e-06,34.93635629835749,1.278787575847994e-06
shape_refinement/old_family,0.98,16.0,0.64,0.08,0.0,33.897393122214915,5.759544979962449e-06,33.89738736266993,1.2754984967664398e-06
shape_refinement/old_family,0.98,16.0,0.64,0.08,0.08,34.4094719836966,5.7592845848146645e-06,34.409466224412014,1.2658262115634803e-06
shape_refinement/old_family,0.98,16.0,0.64,0.16,0.0,32.04947844953875,5.757883681448072e-06,32.04947269165507,1.2591921232339681e-06
shape_refinement/old_family,0.98,16.0,0.64,0.16,0.08,32.805402091332226,5.75827063897842e-06,32.80539633306159,1.257113897784235e-06
shape_refinement/old_family,0.98,16.0,0.64,0.16,0.16,32.71981831183354,5.7590924139255656e-06,32.719812552741125,1.2641619611831693e-06
shape_refinement/old_family,0.98,16.0,0.64,0.24,0.0,30.964820227394437,5.754503404590889e-06,30.96481447289103,1.2609683714212509e-06
shape_refinement/old_family,0.98,16.0,0.64,0.24,0.08,31.15655086157048,5.755895483005131e-06,31.156545105674997,1.2603275591239723e-06
shape_refinement/old_family,0.98,16.0,0.64,0.24,0.16,31.024430931830302,5.7594772203536825e-06,31.024425172353084,1.2687959231892218e-06
shape_refinement/old_family,0.98,16.0,0.64,0.24,0.24,29.794127121489645,5.763783282646792e-06,29.794121357706363,1.2566763421397629e-06
shape_refinement/old_family,0.98,16.0,0.64,0.32,0.0,30.489958499335245,5.74872296527342e-06,30.48995275061228,1.2502108108664285e-06
shape_refinement/old_family,0.98,16.0,0.64,0.32,0.08,30.1246674836692,5.751408457885621e-06,30.12466173226074,1.2628742565375244e-06
shape_refinement/old_family,0.98,16.0,0.64,0.32,0.16,29.182492014501364,5.75836913519904e-06,29.18248625613223,1.2648709147373556e-06
shape_refinement/old_family,0.98,16.0,0.64,0.32,0.24,27.819489285260012,5.767131957505318e-06,27.819483518128056,1.2706613055685424e-06
shape_refinement/old_family,0.98,16.0,0.64,0.32,0.32,26.037969723786947,5.775178299532727e-06,26.03796394860865,1.268084636647853e-06
shape_refinement/old_family,0.98,16.0,0.64,0.4,0.0,29.633561382132598,5.739961235448011e-06,29.633555642171363,1.2730342216810728e-06
shape_refinement/old_family,0.98,16.0,0.64,0.4,0.08,29.018423703812246,5.744196253454509e-06,29.01841795961599,1.2676103662396666e-06
shape_refinement/old_family,0.98,16.0,0.64,0.4,0.16,27.559758177261667,5.75490304973352e-06,27.559752422358617,1.263098209860875e-06
shape_refinement/old_family,0.98,16.0,0.64,0.4,0.24,25.866578612521344,5.768156900011398e-06,25.866572844364445,1.2614054448837403e-06
shape_refinement/old_family,0.98,16.0,0.64,0.4,0.32,24.134999955949656,5.780616205567294e-06,24.13499417533345,1.2615777128005062e-06
shape_refinement/old_family,0.98,16.0,0.64,0.4,0.4,22.3875724227896,5.790039654906157e-06,22.387566632749945,1.26443802420977e-06
shape_refinement/old_family,0.98,16.0,0.64,0.48,0.0,27.894725443570593,5.7279318110103475e-06,27.894719715638782,1.2627813714327784e-06
shape_refinement/old_family,0.98,16.0,0.64,0.48,0.08,27.35957099927529,5.734029748165391e-06,27.359565265245543,1.2632353877311349e-06
shape_refinement/old_family,0.98,16.0,0.64,0.48,0.16,26.055843770317846,5.748684173143569e-06,26.055838021633672,1.2658724826252924e-06
shape_refinement/old_family,0.98,16.0,0.64,0.48,0.24,24.50502230752028,5.7660734482665e-06,24.50501654144683,1.2623183081231045e-06
shape_refinement/old_family,0.98,16.0,0.64,0.48,0.32,22.93407962638002,5.782312972094046e-06,22.934073844067047,1.2646645924100559e-06
shape_refinement/old_family,0.98,16.0,0.64,0.56,0.0,26.12898211361802,5.7127451302885566e-06,26.128976400872887,1.2585369846107518e-06
shape_refinement/old_family,0.98,16.0,0.64,0.56,0.08,25.857715786990553,5.721272404131277e-06,25.85771006571815,1.2686393815539545e-06
shape_refinement/old_family,0.98,16.0,0.64,0.56,0.16,25.15636781454543,5.739952805779698e-06,25.156362074592625,1.2670813964126109e-06
shape_refinement/old_family,0.98,16.0,0.64,0.56,0.24,24.222530380474826,5.760756342031294e-06,24.222524619718484,1.2647296308401075e-06
shape_refinement/old_family,0.98,16.0,0.64,0.64,0.0,27.114365290732987,5.69491640313727e-06,27.114359595816584,1.2565083541467234e-06
shape_refinement/old_family,0.98,16.0,0.64,0.64,0.08,26.96095304934157,5.707204543930658e-06,26.960947342137025,1.2612240358243718e-06
shape_refinement/old_family,0.98,16.0,0.64,0.64,0.16,26.50494297113279,5.729671424968803e-06,26.504937241461366,1.2513837791483389e-06
shape_refinement/old_family,0.98,16.0,0.72,0.0,0.0,41.15375385801282,5.756162035866042e-06,41.15374810185079,1.271661435646622e-06
shape_refinement/old_family,0.98,16.0,0.72,0.08,0.0,40.79205675266753,5.7547378764662195e-06,40.79205099792965,1.2511466669066269e-06
shape_refinement/old_family,0.98,16.0,0.72,0.08,0.08,40.23480176595016,5.753518922411049e-06,40.23479601243124,1.2609690388193066e-06
shape_refinement/old_family,0.98,16.0,0.72,0.16,0.0,41.20620921107951,5.750531892288185e-06,41.20620346054762,1.2634483167330416e-06
shape_refinement/old_family,0.98,16.0,0.72,0.16,0.08,39.77166900092672,5.749927568759732e-06,39.771663250999154,1.2684820802061634e-06
shape_refinement/old_family,0.98,16.0,0.72,0.16,0.16,37.47723450141027,5.748154568511058e-06,37.4772287532557,1.277875762823705e-06
shape_refinement/old_family,0.98,16.0,0.72,0.24,0.0,43.637116494742955,5.743703095459281e-06,43.637110751039856,1.2783007350012965e-06
shape_refinement/old_family,0.98,16.0,0.72,0.24,0.08,41.11605034243348,5.744122107637167e-06,41.116044598311376,1.2702656073882873e-06
shape_refinement/old_family,0.98,16.0,0.72,0.24,0.16,36.545873275217424,5.745289528310446e-06,36.5458675299279,1.2645696530648417e-06
shape_refinement/old_family,0.98,16.0,0.72,0.24,0.24,33.09610100029962,5.7468973013142105e-06,33.09609525340232,1.2659325231769847e-06
shape_refinement/old_family,0.98,16.0,0.72,0.32,0.0,46.57390201979977,5.734416111797296e-06,46.573896285383654,1.2688977222394584e-06
shape_refinement/old_family,0.98,16.0,0.72,0.32,0.08,43.44577453764366,5.736280355644285e-06,43.4457688013633,1.2567263571563157e-06
shape_refinement/old_family,0.98,16.0,0.72,0.32,0.16,37.142355272078056,5.7413723821086216e-06,37.14234953070567,1.263645410861807e-06
shape_refinement/old_family,0.98,16.0,0.72,0.32,0.24,31.51011373621896,5.748392568103347e-06,31.51010798782639,1.2626956421321677e-06
shape_refinement/old_family,0.98,16.0,0.72,0.32,0.32,27.8530922781435,5.755705043732955e-06,27.853086522438456,1.2662853678791666e-06
shape_refinement/old_family,0.98,16.0,0.72,0.4,0.0,47.58228597567352,5.722784907523842e-06,47.582280252888616,1.2583896643868805e-06
shape_refinement/old_family,0.98,16.0,0.72,0.4,0.08,44.53272338911975,5.72659062659025e-06,44.53271766252912,1.261355516878635e-06
shape_refinement/old_family,0.98,16.0,0.72,0.4,0.16,37.83987568613315,5.736422569967585e-06,37.839869949710575,1.2589473745539166e-06
shape_refinement/old_family,0.98,16.0,0.72,0.4,0.24,31.14165681177275,5.749100139378407e-06,31.14165106267261,1.2681337506099467e-06
shape_refinement/old_family,0.98,16.0,0.72,0.4,0.32,26.080093849320463,5.761786216956347e-06,26.080088087534246,1.2620575043061145e-06
shape_refinement/old_family,0.98,16.0,0.72,0.48,0.0,45.31039264270039,5.708903660830925e-06,45.310386933796735,1.268458725403634e-06
shape_refinement/old_family,0.98,16.0,0.72,0.48,0.08,42.85580645726497,5.715418741372442e-06,42.855800741846224,1.2713979672162477e-06
shape_refinement/old_family,0.98,16.0,0.72,0.48,0.16,37.144756080764786,5.730616709991919e-06,37.14475035014808,1.2625118522598096e-06
shape_refinement/old_family,0.98,16.0,0.72,0.48,0.24,30.923732402292018,5.748477564879142e-06,30.92372665381445,1.2580443675825426e-06
shape_refinement/old_family,0.98,16.0,0.72,0.56,0.0,40.30336382489767,5.692952323982058e-06,40.30335813194535,1.2594903565046145e-06
shape_refinement/old_family,0.98,16.0,0.72,0.56,0.08,38.716451848115454,5.703827199022172e-06,38.716446144288255,1.2611100697885458e-06
shape_refinement/old_family,0.98,16.0,0.72,0.56,0.16,34.86659580322354,5.7245730820960025e-06,34.86659007865046,1.2531763279218439e-06
shape_refinement/old_family,0.98,16.0,0.72,0.64,0.0,35.33810379238425,5.675310033025926e-06,35.33809811707422,1.2677319405084154e-06
shape_refinement/old_family,0.98,16.0,0.72,0.64,0.08,34.58526185648172,5.694905502752574e-06,34.58525616157622,1.2593624312567924e-06
shape_refinement/old_family,0.98,16.0,0.72,0.72,0.0,35.21488099288238,5.678258681925372e-06,35.2148753146237,1.2632522046242087e-06
shape_refinement/old_family,0.98,16.0,0.8,0.0,0.0,46.72458048906927,5.750413559833364e-06,46.72457473865571,1.26242548696063e-06
shape_refinement/old_family,0.98,16.0,0.8,0.08,0.0,47.957047166720486,5.748229733221478e-06,47.95704141849075,1.2508446055512603e-06
shape_refinement/old_family,0.98,16.0,0.8,0.08,0.08,45.43950620102151,5.746202297593248e-06,45.43950045481921,1.2616433920277465e-06
shape_refinement/old_family,0.98,16.0,0.8,0.16,0.0,53.11864168556577,5.741902051811603e-06,53.11863594366372,1.264622871274373e-06
shape_refinement/old_family,0.98,16.0,0.8,0.16,0.08,46.908772970995955,5.740359151971073e-06,46.908767230636805,1.2537492231492685e-06
shape_refinement/old_family,0.98,16.0,0.8,0.16,0.16,41.68731275125305,5.736015469914938e-06,41.687307015237586,1.2630783035996015e-06
shape_refinement/old_family,0.98,16.0,0.8,0.24,0.0,62.29192678542365,5.732035319814783e-06,62.29192105338833,1.254948900122929e-06
shape_refinement/old_family,0.98,16.0,0.8,0.24,0.08,53.50254244172864,5.731358283988657e-06,53.50253671037036,1.2681087279113238e-06
shape_refinement/old_family,0.98,16.0,0.8,0.24,0.16,42.067346191406436,5.729667370544022e-06,42.067340461739064,1.2723240595392133e-06
shape_refinement/old_family,0.98,16.0,0.8,0.24,0.24,35.95729483748115,5.727837211125793e-06,35.95728910964394,1.2696057394246967e-06
shape_refinement/old_family,0.98,16.0,0.8,0.32,0.0,71.73181356573737,5.719438631614368e-06,71.73180784629874,1.2673991409519405e-06
shape_refinement/old_family,0.98,16.0,0.8,0.32,0.08,62.14324639641248,5.720130146245749e-06,62.14324067628233,1.2689776922320078e-06
shape_refinement/old_family,0.98,16.0,0.8,0.32,0.16,46.54552651684022,5.722466796691354e-06,46.545520794373424,1.2736205188889967e-06
shape_refinement/old_family,0.98,16.0,0.8,0.32,0.24,35.11780970417546,5.7268374317724186e-06,35.11780397733803,1.2579938673354934e-06
shape_refinement/old_family,0.98,16.0,0.8,0.32,0.32,29.345980577668108,5.7329978501974455e-06,29.34597484467026,1.2643922372082295e-06
shape_refinement/old_family,0.98,16.0,0.8,0.4,0.0,76.99545995242082,5.704906941748562e-06,76.99545424751388,1.2589997552204604e-06
shape_refinement/old_family,0.98,16.0,0.8,0.4,0.08,68.24063119212383,5.707763574814563e-06,68.24062548436025,1.2625174986433399e-06
shape_refinement/old_family,0.98,16.0,0.8,0.4,0.16,51.56485333232028,5.715739408912489e-06,51.56484761658087,1.2620207635271459e-06
shape_refinement/old_family,0.98,16.0,0.8,0.4,0.24,37.167684909380355,5.727171783766296e-06,37.16767918220857,1.2599723491523964e-06
shape_refinement/old_family,0.98,16.0,0.8,0.48,0.0,75.5766558134182,5.689061355074332e-06,75.57665012435685,1.2600091569684318e-06
shape_refinement/old_family,0.98,16.0,0.8,0.48,0.08,68.55615755328002,5.6957490636001e-06,68.55615185753095,1.259565056357986e-06
shape_refinement/old_family,0.98,16.0,0.8,0.48,0.16,53.66927955969998,5.710878033355012e-06,53.669273848821945,1.2540194388765592e-06
shape_refinement/old_family,0.98,16.0,0.8,0.56,0.0,67.60422653005332,5.672331662342609e-06,67.60422085772166,1.2687203767236533e-06
shape_refinement/old_family,0.98,16.0,0.8,0.56,0.08,62.64157712300158,5.687501480002491e-06,62.641571435500104,1.2678642558449158e-06
shape_refinement/old_family,0.98,16.0,0.8,0.64,0.0,55.89087825561673,5.674218634391957e-06,55.89087258139809,1.2660408920232152e-06
shape_refinement/old_family,0.98,16.0,0.88,0.0,0.0,50.96951552395569,5.745245881370279e-06,50.96950977870981,1.2615186293929371e-06
shape_refinement/old_family,0.98,16.0,0.88,0.08,0.0,55.57653239818374,5.742497845678217e-06,55.57652665568589,1.2681993959586247e-06
shape_refinement/old_family,0.98,16.0,0.88,0.08,0.08,49.398288229731264,5.739845579575371e-06,49.39828248988569,1.2647732796260197e-06
shape_refinement/old_family,0.98,16.0,0.88,0.16,0.0,69.46448308925883,5.734541450175153e-06,69.46447735471739,1.2541812941340162e-06
shape_refinement/old_family,0.98,16.0,0.88,0.16,0.08,53.50563384117928,5.732188375386638e-06,53.505628108990905,1.254587239764962e-06
shape_refinement/old_family,0.98,16.0,0.88,0.16,0.16,44.86988042506822,5.7254792537582254e-06,44.86987469958896,1.2699129038742488e-06
shape_refinement/old_family,0.98,16.0,0.88,0.24,0.0,89.496991941019,5.722183457705635e-06,89.49698621883554,1.2481811526931298e-06
shape_refinement/old_family,0.98,16.0,0.88,0.24,0.08,67.10330990113535,5.720382114195603e-06,67.10330418075323,1.269697167125429e-06
shape_refinement/old_family,0.98,16.0,0.88,0.24,0.16,46.98723656265495,5.715473260066154e-06,46.98723084718169,1.2531043457705515e-06
shape_refinement/old_family,0.98,16.0,0.88,0.24,0.24,38.09012880751742,5.709052352124507e-06,38.090123098465064,1.258135584831207e-06
shape_refinement/old_family,0.98,16.0,0.88,0.32,0.0,108.78085128290073,5.7065935738531765e-06,108.78084557630716,1.2683224030903982e-06
shape_refinement/old_family,0.98,16.0,0.88,0.32,0.08,84.72265618491913,5.705743881468574e-06,84.72265047917524,1.2535510742777717e-06
shape_refinement/old_family,0.98,16.0,0.88,0.32,0.16,56.22833105342107,5.704049420234204e-06,56.22832534937165,1.2667076570084117e-06
shape_refinement/old_family,0.98,16.0,0.88,0.32,0.24,38.26686150320573,5.70403133794056e-06,38.266855799174394,1.2663137769861285e-06
shape_refinement/old_family,0.98,16.0,0.88,0.4,0.0,120.7671272578708,5.689083288914209e-06,120.7671215687875,1.2534561079371404e-06
shape_refinement/old_family,0.98,16.0,0.88,0.4,0.08,99.13513762252178,5.690080151556e-06,99.13513193244162,1.2665521788051768e-06
shape_refinement/old_family,0.98,16.0,0.88,0.4,0.16,67.00600967837538,5.694377898188337e-06,67.00600398399747,1.2716135576418724e-06
shape_refinement/old_family,0.98,16.0,0.88,0.48,0.0,121.85778814465851,5.670869676889988e-06,121.85778247378883,1.2661141398120492e-06
shape_refinement/old_family,0.98,16.0,0.88,0.48,0.08,104.6127653702393,5.676914468745112e-06,104.61275969332483,1.258696092588872e-06
shape_refinement/old_family,0.98,16.0,0.88,0.56,0.0,111.70689939325497,5.662825086117379e-06,111.70689373042988,1.2718630406242087e-06
shape_refinement/old_family,0.98,16.0,0.96,0.0,0.0,53.27408839690631,5.742267340133787e-06,53.27408265463897,1.255397055584444e-06
shape_refinement/old_family,0.98,16.0,0.96,0.08,0.0,61.04418726818787,5.739210851262363e-06,61.04418152897702,1.260989570379789e-06
shape_refinement/old_family,0.98,16.0,0.96,0.08,0.08,51.54536812600359,5.7362068778316225e-06,51.54536238979671,1.2546036944421475e-06
shape_refinement/old_family,0.98,16.0,0.96,0.16,0.0,83.66951621401611,5.730339749644619e-06,83.66951048367636,1.2660499151429526e-06
shape_refinement/old_family,0.98,16.0,0.96,0.16,0.08,57.861939851670435,5.7274911087241625e-06,57.86193412417933,1.2657851768263666e-06
shape_refinement/old_family,0.98,16.0,0.96,0.16,0.16,46.59006635422104,5.719238984971563e-06,46.59006063498205,1.2602148024502689e-06
shape_refinement/old_family,0.98,16.0,0.96,0.24,0.0,118.8604704700882,5.716498576262997e-06,118.86046475358962,1.2674604769239648e-06
shape_refinement/old_family,0.98,16.0,0.96,0.24,0.08,77.09230261057809,5.7139054695505704e-06,77.09229689667262,1.261409022408918e-06
shape_refinement/old_family,0.98,16.0,0.96,0.24,0.16,50.10359361369687,5.7064386007867635e-06,50.10358790725827,1.2646318682940315e-06
shape_refinement/old_family,0.98,16.0,0.96,0.24,0.24,39.23380051436796,5.695111004207026e-06,39.23379481925695,1.2610380943040236e-06
shape_refinement/old_family,0.98,16.0,0.96,0.32,0.0,154.97129481358522,5.698940937544707e-06,154.9712891146443,1.2675844239375737e-06
shape_refinement/old_family,0.98,16.0,0.96,0.32,0.08,102.61157505099986,5.69672003262504e-06,102.61156935427982,1.262738712151038e-06
shape_refinement/old_family,0.98,16.0,0.96,0.32,0.16,63.006948837689045,5.69051441178359e-06,63.00694314717463,1.2633534871214084e-06
shape_refinement/old_family,0.98,16.0,0.96,0.4,0.0,176.0781005334173,5.67914316940451e-06,176.07809485427416,1.2566743474833564e-06
shape_refinement/old_family,0.98,16.0,0.96,0.4,0.08,126.27902870416801,5.677558896820316e-06,126.27902302660911,1.2639763795801003e-06
shape_refinement/old_family,0.98,16.0,0.96,0.48,0.0,182.6610055826442,5.6586134401529555e-06,182.66099992403076,1.2598577345786633e-06
shape_refinement/old_family,0.995,12.0,0.01,0.0,0.0,0.007369159146653673,2.510328404153462e-06,0.007366648818249519,
shape_refinement/old_family,0.995,12.0,0.01,0.01,0.0,0.012149783501049918,5.020668902115672e-06,0.012144762832147802,
shape_refinement/old_family,0.995,12.0,0.01,0.01,0.01,0.01952111269205092,7.531009195301242e-06,0.019513581682855618,
shape_refinement/old_family,0.995,12.0,0.08,0.0,0.0,0.4707800478169959,2.7221970131874687e-05,0.470752825846864,
shape_refinement/old_family,0.995,12.0,0.08,0.08,0.0,0.7421554180773667,2.7231775512787818e-05,0.742128186301854,
shape_refinement/old_family,0.995,12.0,0.08,0.08,0.08,1.2207685332410643,2.7240956782274726e-05,1.220741292284282,
shape_refinement/old_family,0.995,12.0,0.16,0.0,0.0,1.874992539949681,2.7247182384033903e-05,1.8749652927672968,
shape_refinement/old_family,0.995,12.0,0.16,0.08,0.0,1.9453156783415317,2.725560613573588e-05,1.945288422735396,
shape_refinement/old_family,0.995,12.0,0.16,0.08,0.08,2.3020700764046746,2.726348676021141e-05,2.3020428129179145,
shape_refinement/old_family,0.995,12.0,0.16,0.16,0.0,2.5878719079578567,2.727612470273272e-05,2.587844631833154,
shape_refinement/old_family,0.995,12.0,0.16,0.16,0.08,3.0836169692454805,2.7282857802916095e-05,3.0835896863876777,
shape_refinement/old_family,0.995,12.0,0.16,0.16,0.16,4.541648753970668,2.7299514526930052e-05,4.54162145445614,
shape_refinement/old_family,0.995,12.0,0.24,0.0,0.0,4.201440481810836,2.727892556449103e-05,4.201413202885272,
shape_refinement/old_family,0.995,12.0,0.24,0.08,0.0,4.064787159753574,2.728528440770671e-05,4.064759874469166,
shape_refinement/old_family,0.995,12.0,0.24,0.08,0.08,4.376500037329371,2.729133384954155e-05,4.376472745995521,
shape_refinement/old_family,0.995,12.0,0.24,0.16,0.0,4.075461322648051,2.7301019938407592e-05,4.075434021628113,
shape_refinement/old_family,0.995,12.0,0.24,0.16,0.08,4.563385738915453,2.7306332792782975e-05,4.5633584325826595,
shape_refinement/old_family,0.995,12.0,0.24,0.16,0.16,5.694508837405729,2.7319522084795037e-05,5.694481517883644,
shape_refinement/old_family,0.995,12.0,0.24,0.24,0.0,4.73171694463791,2.7319883134630723e-05,4.731689624754775,
shape_refinement/old_family,0.995,12.0,0.24,0.24,0.08,5.238654719801536,2.7324278272055692e-05,5.238627395523264,
shape_refinement/old_family,0.995,12.0,0.24,0.24,0.16,6.709503770500799,2.73351852892526e-05,6.709476435315509,
shape_refinement/old_family,0.995,12.0,0.24,0.24,0.24,9.014091478775464,2.734799825841818e-05,9.014064130777205,
shape_refinement/old_family,0.995,12.0,0.32,0.0,0.0,7.4584817547557565,2.7308694510187756e-05,7.458454446061246,
shape_refinement/old_family,0.995,12.0,0.32,0.08,0.0,7.114720858307093,2.731301589569427e-05,7.114693545291197,
shape_refinement/old_family,0.995,12.0,0.32,0.08,0.08,7.789822060881125,2.73172167177189e-05,7.789794743664407,
shape_refinement/old_family,0.995,12.0,0.32,0.16,0.0,6.484563325379666,2.7323816039400613e-05,6.484536001563627,
shape_refinement/old_family,0.995,12.0,0.32,0.16,0.08,7.189861677783743,2.7327703044326793e-05,7.189834350080699,
shape_refinement/old_family,0.995,12.0,0.32,0.16,0.16,8.725848110555361,2.7337376683761107e-05,8.725820773178677,
shape_refinement/old_family,0.995,12.0,0.32,0.24,0.0,6.222105213251134,2.733663604336145e-05,6.22207787661509,
shape_refinement/old_family,0.995,12.0,0.32,0.24,0.08,6.793721444331032,2.7340108684577308e-05,6.7936941042223475,
shape_refinement/old_family,0.995,12.0,0.32,0.24,0.16,8.384122760129816,2.7348724230488965e-05,8.384095411405585,
shape_refinement/old_family,0.995,12.0,0.32,0.24,0.24,10.203069611030603,2.7358736016819714e-05,10.203042252294587,
shape_refinement/old_family,0.995,12.0,0.32,0.32,0.0,6.689763406491204,2.734751212806327e-05,6.689736058979077,
shape_refinement/old_family,0.995,12.0,0.32,0.32,0.08,7.184740705221076,2.735055716500406e-05,7.184713354663911,
shape_refinement/old_family,0.995,12.0,0.32,0.32,0.16,8.599684516065134,2.735810193597737e-05,8.599657157963197,
shape_refinement/old_family,0.995,12.0,0.32,0.32,0.24,10.747848775220383,2.736681983255053e-05,10.74782140840055,
shape_refinement/old_family,0.995,12.0,0.32,0.32,0.32,13.38211431487785,2.7373737655246653e-05,13.382086941140194,
shape_refinement/old_family,0.995,12.0,0.375,0.375,0.0,8.091311393223506,2.7355487593606074e-05,8.091284037735912,
shape_refinement/old_family,0.995,12.0,0.4,0.0,0.0,11.670345325634104,2.733130351179796e-05,11.670317994330592,
shape_refinement/old_family,0.995,12.0,0.4,0.08,0.0,11.186532382699406,2.7333944419618926e-05,11.186505048754986,
shape_refinement/old_family,0.995,12.0,0.4,0.08,0.08,12.357274749317659,2.733659250811027e-05,12.357247412725151,
shape_refinement/old_family,0.995,12.0,0.4,0.16,0.0,10.080342986041508,2.7340543791516214e-05,10.080315645497716,
shape_refinement/old_family,0.995,12.0,0.4,0.16,0.08,11.226851401465959,2.7343201652567974e-05,11.226824058264306,
shape_refinement/old_family,0.995,12.0,0.4,0.16,0.16,13.951431927423911,2.7349817226727284e-05,13.951404577606684,
shape_refinement/old_family,0.995,12.0,0.4,0.24,0.0,8.994745677888101,2.7348182617621843e-05,8.994718329705483,
shape_refinement/old_family,0.995,12.0,0.4,0.24,0.08,9.815811411114066,2.7350841636498722e-05,9.81578406027243,
shape_refinement/old_family,0.995,12.0,0.4,0.24,0.16,12.196000872366323,2.735744531691936e-05,12.195973514921006,
shape_refinement/old_family,0.995,12.0,0.4,0.24,0.24,15.464736111262601,2.7365056525536926e-05,15.464708746206076,
shape_refinement/old_family,0.995,12.0,0.4,0.32,0.0,8.401385382272753,2.7354071703395292e-05,8.40135802820105,
shape_refinement/old_family,0.995,12.0,0.4,0.32,0.08,8.957253907466999,2.7356730888480174e-05,8.957226550736111,
shape_refinement/old_family,0.995,12.0,0.4,0.32,0.16,10.554833093019624,2.7363332073860433e-05,10.554805729687551,
shape_refinement/old_family,0.995,12.0,0.4,0.32,0.24,13.006886390420682,2.737097432667793e-05,13.006859019446356,
shape_refinement/old_family,0.995,12.0,0.4,0.32,0.32,15.977328157128907,2.7377031927688736e-05,15.977300780096979,
shape_refinement/old_family,0.995,12.0,0.4,0.4,0.0,8.844507297113363,2.7356450508084112e-05,8.844479940662856,
shape_refinement/old_family,0.995,12.0,0.4,0.4,0.08,9.28742212862672,2.735911831493277e-05,9.287394769508404,
shape_refinement/old_family,0.995,12.0,0.4,0.4,0.16,10.533603678005933,2.7365750611511253e-05,10.533576312255322,
shape_refinement/old_family,0.995,12.0,0.4,0.4,0.24,12.360974384248896,2.737350425470283e-05,12.360947010744642,
shape_refinement/old_family,0.995,12.0,0.4,0.4,0.32,14.472407652386082,2.7379848038896793e-05,14.472380272538043,
shape_refinement/old_family,0.995,12.0,0.4,0.4,0.4,16.570284049501343,2.73831708185673e-05,16.570256666330526,
shape_refinement/old_family,0.995,12.0,0.48,0.0,0.0,16.824906229284874,2.7345293762493406e-05,16.82487888399111,
shape_refinement/old_family,0.995,12.0,0.48,0.08,0.0,16.333766949281227,2.7346664045913745e-05,16.333739602617182,
shape_refinement/old_family,0.995,12.0,0.48,0.08,0.08,17.361611938081136,2.7348118860189255e-05,17.361584589962277,
shape_refinement/old_family,0.995,12.0,0.48,0.16,0.0,15.163517932341845,2.7350017998465197e-05,15.163490582323847,
shape_refinement/old_family,0.995,12.0,0.48,0.16,0.08,16.492366834163413,2.7351695898364124e-05,16.492339482467514,
shape_refinement/old_family,0.995,12.0,0.48,0.16,0.16,18.506182636172174,2.7355855456545812e-05,18.506155280316715,
shape_refinement/old_family,0.995,12.0,0.48,0.24,0.0,13.787229225056922,2.7353591988377705e-05,13.787201871464934,
shape_refinement/old_family,0.995,12.0,0.48,0.24,0.08,14.776215188291792,2.7355573244188142e-05,14.776187832718547,
shape_refinement/old_family,0.995,12.0,0.48,0.24,0.16,17.327938149085075,2.736051266067936e-05,17.327910788572414,
shape_refinement/old_family,0.995,12.0,0.48,0.24,0.24,19.29407248132484,2.7366194566975082e-05,19.294045115130274,
shape_refinement/old_family,0.995,12.0,0.48,0.32,0.0,12.459888944057916,2.7355568652995136e-05,12.459861588489263,
shape_refinement/old_family,0.995,12.0,0.48,0.32,0.08,13.08938284760413,2.7357890700061984e-05,13.08935548971343,
shape_refinement/old_family,0.995,12.0,0.48,0.32,0.16,14.881190061099536,2.7363690534267627e-05,14.881162697409001,
shape_refinement/old_family,0.995,12.0,0.48,0.32,0.24,17.456717121350362,2.737048648011693e-05,17.45668975086388,
shape_refinement/old_family,0.995,12.0,0.48,0.32,0.32,19.151535929769288,2.7375991449944317e-05,19.151508553777838,
shape_refinement/old_family,0.995,12.0,0.48,0.4,0.0,11.561904233740245,2.7354709818916934e-05,11.561876879030427,
shape_refinement/old_family,0.995,12.0,0.48,0.4,0.08,11.9762443439515,2.7357387473833915e-05,11.976216986564026,
shape_refinement/old_family,0.995,12.0,0.48,0.4,0.16,13.14803479463678,2.736406240388147e-05,13.148007430574376,
shape_refinement/old_family,0.995,12.0,0.48,0.4,0.24,14.885507032078442,2.7371973235215365e-05,14.885479660105206,
shape_refinement/old_family,0.995,12.0,0.48,0.4,0.32,16.925185979430488,2.737870871197489e-05,16.925158600721776,
shape_refinement/old_family,0.995,12.0,0.48,0.4,0.4,18.414302053471673,2.738271987324609e-05,18.414274670751798,
shape_refinement/old_family,0.995,12.0,0.48,0.48,0.0,12.276455561126665,2.735053123259569e-05,12.276428210595434,
shape_refinement/old_family,0.995,12.0,0.48,0.48,0.08,12.608691351957097,2.735356491370919e-05,12.608663998392183,
shape_refinement/old_family,0.995,12.0,0.48,0.48,0.16,13.52405186621513,2.736107766159946e-05,13.524024505137469,
shape_refinement/old_family,0.995,12.0,0.48,0.48,0.24,14.803853924384159,2.7370025143598867e-05,14.803826554359015,
shape_refinement/old_family,0.995,12.0,0.48,0.48,0.32,16.156766941974585,2.73779266598361e-05,16.156739564047925,
shape_refinement/old_family,0.995,12.0,0.48,0.48,0.4,17.296188471586273,2.7383226657092968e-05,17.296161088359614,
shape_refinement/old_family,0.995,12.0,0.48,0.48,0.48,18.004746801392272,2.7385096676297352e-05,18.004719416295597,
shape_refinement/old_family,0.995,12.0,0.56,0.0,0.0,22.787720533273195,2.735170303143796e-05,22.787693181570162,
shape_refinement/old_family,0.995,12.0,0.56,0.08,0.0,22.49639805048543,2.7352132847400332e-05,22.49637069835258,
shape_refinement/old_family,0.995,12.0,0.56,0.08,0.08,23.09217466991776,2.735268697177541e-05,23.09214731723079,
shape_refinement/old_family,0.995,12.0,0.56,0.16,0.0,21.96263370486762,2.7353042538225418e-05,21.962606351825084,
shape_refinement/old_family,0.995,12.0,0.56,0.16,0.08,22.752239595294807,2.7353941056236955e-05,22.75221224135375,
shape_refinement/old_family,0.995,12.0,0.56,0.16,0.16,23.560544000367525,2.7356134078451077e-05,23.560516644233445,
shape_refinement/old_family,0.995,12.0,0.56,0.24,0.0,21.405659991626536,2.7353499670891964e-05,21.405632638126864,
shape_refinement/old_family,0.995,12.0,0.56,0.24,0.08,21.918005807859473,2.7354899444067504e-05,21.91797845296003,
shape_refinement/old_family,0.995,12.0,0.56,0.24,0.16,22.961923004653293,2.735842167181676e-05,22.96189564623162,
shape_refinement/old_family,0.995,12.0,0.56,0.24,0.24,23.30656469336606,2.7362511676256415e-05,23.306537330854383,
shape_refinement/old_family,0.995,12.0,0.56,0.32,0.0,20.40048175310732,2.735246047752521e-05,20.400454400646844,
shape_refinement/old_family,0.995,12.0,0.56,0.32,0.08,20.64083608120931,2.7354459041416118e-05,20.64080872675027,
shape_refinement/old_family,0.995,12.0,0.56,0.32,0.16,21.302695448200577,2.735951111413298e-05,21.30266808868946,
shape_refinement/old_family,0.995,12.0,0.56,0.32,0.24,22.032957426356315,2.736557650993767e-05,22.032930060779805,
shape_refinement/old_family,0.995,12.0,0.56,0.32,0.32,21.90319755757556,2.737071935035119e-05,21.903170186856208,
shape_refinement/old_family,0.995,12.0,0.56,0.4,0.0,18.662027994853712,2.734914318230832e-05,18.66200064571053,
shape_refinement/old_family,0.995,12.0,0.56,0.4,0.08,18.780714025567896,2.735180277478731e-05,18.78068667376512,
shape_refinement/old_family,0.995,12.0,0.56,0.4,0.16,19.150189228321835,2.73584579468927e-05,19.15016186986389,
shape_refinement/old_family,0.995,12.0,0.56,0.4,0.24,19.72275093531235,2.7366477041634932e-05,19.72272356883531,
shape_refinement/old_family,0.995,12.0,0.56,0.4,0.32,20.20020861632316,2.7373610657397695e-05,20.200181242712503,
shape_refinement/old_family,0.995,12.0,0.56,0.4,0.4,19.851615455934734,2.7378399035241828e-05,19.8515880775357,
shape_refinement/old_family,0.995,12.0,0.56,0.48,0.0,17.010237901534822,2.7343200278546845e-05,17.010210558334542,
shape_refinement/old_family,0.995,12.0,0.56,0.48,0.08,17.151657460851496,2.7346576491521748e-05,17.151630114275005,
shape_refinement/old_family,0.995,12.0,0.56,0.48,0.16,17.545583407019297,2.7354831248218054e-05,17.545556052188047,
shape_refinement/old_family,0.995,12.0,0.56,0.48,0.24,18.084397946860445,2.736464703622559e-05,18.08437058221341,
shape_refinement/old_family,0.995,12.0,0.56,0.48,0.32,18.566464987897017,2.737355584727275e-05,18.56643761434117,
shape_refinement/old_family,0.995,12.0,0.56,0.48,0.4,18.697544415286742,2.738006029920188e-05,18.697517035226443,
shape_refinement/old_family,0.995,12.0,0.56,0.56,0.0,17.903653524159942,2.7334721284507842e-05,17.903626189438658,
shape_refinement/old_family,0.995,12.0,0.56,0.56,0.08,18.049668846761822,2.7338899350729148e-05,18.04964150786247,
shape_refinement/old_family,0.995,12.0,0.56,0.56,0.16,18.425894926307283,2.734870230250156e-05,18.42586757760498,
shape_refinement/old_family,0.995,12.0,0.56,0.56,0.24,18.86793170933802,2.736004222971931e-05,18.86790434929579,
shape_refinement/old_family,0.995,12.0,0.56,0.56,0.32,19.16215879679551,2.7370408498295578e-05,19.16213142638701,
shape_refinement/old_family,0.995,12.0,0.64,0.0,0.0,29.229096013086412,2.7352660405433432e-05,29.229068660426005,
shape_refinement/old_family,0.995,12.0,0.64,0.08,0.0,29.45048636962034,2.7352373616277796e-05,29.45045901724672,
shape_refinement/old_family,0.995,12.0,0.64,0.08,0.08,29.233201023332917,2.7352222375651373e-05,29.233173671110542,
shape_refinement/old_family,0.995,12.0,0.64,0.16,0.0,30.62083892998308,2.735138636106564e-05,30.62081157859672,
shape_refinement/old_family,0.995,12.0,0.64,0.16,0.08,29.786083220886457,2.73516257736197e-05,29.786055869260682,
shape_refinement/old_family,0.995,12.0,0.64,0.16,0.16,28.839315642870627,2.7352136126537182e-05,28.8392882907345,
shape_refinement/old_family,0.995,12.0,0.64,0.24,0.0,32.65529458808764,2.7349365189469592e-05,32.65526723872245,
shape_refinement/old_family,0.995,12.0,0.64,0.24,0.08,31.36329178077727,2.735021098400534e-05,31.363264430566286,
shape_refinement/old_family,0.995,12.0,0.64,0.24,0.16,28.97316018423175,2.7352383648742195e-05,28.9731328318481,
shape_refinement/old_family,0.995,12.0,0.64,0.24,0.24,27.2896182911175,2.735498665397101e-05,27.289590936130846,
shape_refinement/old_family,0.995,12.0,0.64,0.32,0.0,33.92049954623606,2.7345891611591155e-05,33.92047220034445,
shape_refinement/old_family,0.995,12.0,0.64,0.32,0.08,32.550317467522035,2.7347517753798606e-05,32.550290120004284,
shape_refinement/old_family,0.995,12.0,0.64,0.32,0.16,29.50654171201174,2.7351723211116027e-05,29.506514360288527,
shape_refinement/old_family,0.995,12.0,0.64,0.32,0.24,26.51719677686379,2.735699576923461e-05,26.517169419868022,
shape_refinement/old_family,0.995,12.0,0.64,0.32,0.32,24.372657083866763,2.736180607059086e-05,24.372629722060694,
shape_refinement/old_family,0.995,12.0,0.64,0.4,0.0,32.77283754815184,2.7340608391380425e-05,32.77281020754345,
shape_refinement/old_family,0.995,12.0,0.64,0.4,0.08,31.65514793957036,2.7343170120119003e-05,31.655120596400238,
shape_refinement/old_family,0.995,12.0,0.64,0.4,0.16,28.934589005214335,2.7349627823699887e-05,28.93456165558651,
shape_refinement/old_family,0.995,12.0,0.64,0.4,0.24,25.792168982305242,2.735758438026996e-05,25.792141624720863,
shape_refinement/old_family,0.995,12.0,0.64,0.4,0.32,22.98739269398213,2.7365017334961134e-05,22.987365328964795,
shape_refinement/old_family,0.995,12.0,0.64,0.4,0.4,20.824163156787492,2.7370593470162157e-05,20.82413578619402,
shape_refinement/old_family,0.995,12.0,0.64,0.48,0.0,29.16096924731891,2.7333338563498238e-05,29.160941913980345,
shape_refinement/old_family,0.995,12.0,0.64,0.48,0.08,28.469266827887083,2.733702708482713e-05,28.469239490859998,
shape_refinement/old_family,0.995,12.0,0.64,0.48,0.16,26.705934821289745,2.7345858973094035e-05,26.70590747543077,
shape_refinement/old_family,0.995,12.0,0.64,0.48,0.24,24.468085025405085,2.735628639021438e-05,24.468057669118693,
shape_refinement/old_family,0.995,12.0,0.64,0.48,0.32,22.126274565793622,2.7365972335831425e-05,22.126247199821286,
shape_refinement/old_family,0.995,12.0,0.64,0.56,0.0,25.30661034042704,2.7324147680337158e-05,25.306583016279358,
shape_refinement/old_family,0.995,12.0,0.64,0.56,0.08,25.044201160727983,2.7329309432911286e-05,25.04417383141855,
shape_refinement/old_family,0.995,12.0,0.64,0.56,0.16,24.33500676511557,2.7340567393395196e-05,24.334979424548177,
shape_refinement/old_family,0.995,12.0,0.64,0.56,0.24,23.313640139562118,2.735304846136086e-05,23.313612786513655,
shape_refinement/old_family,0.995,12.0,0.64,0.64,0.0,25.566695397886072,2.731334849558794e-05,25.566668084537575,
shape_refinement/old_family,0.995,12.0,0.64,0.64,0.08,25.448610352219923,2.7320796416070576e-05,25.448583031423507,
shape_refinement/old_family,0.995,12.0,0.64,0.64,0.16,25.070871875434065,2.733434707682495e-05,25.070844541086988,
shape_refinement/old_family,0.995,12.0,0.72,0.0,0.0,35.612831561757716,2.7350443358279683e-05,35.612804211314355,
shape_refinement/old_family,0.995,12.0,0.72,0.08,0.0,36.85000198759169,2.734958447998717e-05,36.84997463800721,
shape_refinement/old_family,0.995,12.0,0.72,0.08,0.08,35.28286974715508,2.7348849224588223e-05,35.28284239830586,
shape_refinement/old_family,0.995,12.0,0.72,0.16,0.0,41.33583857585255,2.7347046588795404e-05,41.33581122880596,
shape_refinement/old_family,0.995,12.0,0.72,0.16,0.08,37.273668793803445,2.7346681754260398e-05,37.27364144712169,
shape_refinement/old_family,0.995,12.0,0.72,0.16,0.16,33.937447650229444,2.734561017281926e-05,33.93742030461927,
shape_refinement/old_family,0.995,12.0,0.72,0.24,0.0,48.486658636142806,2.734292199813816e-05,48.48663129322081,
shape_refinement/old_family,0.995,12.0,0.72,0.24,0.08,43.13342355948934,2.7343174369323524e-05,43.13339621631497,
shape_refinement/old_family,0.995,12.0,0.72,0.24,0.16,35.181948426424775,2.7343874926310894e-05,35.18192108254985,
shape_refinement/old_family,0.995,12.0,0.72,0.24,0.24,30.97846874285038,2.734483169187699e-05,30.97844139801869,
shape_refinement/old_family,0.995,12.0,0.72,0.32,0.0,54.82660651045725,2.7337305512810718e-05,54.82657917315174,
shape_refinement/old_family,0.995,12.0,0.72,0.32,0.08,49.52423112427614,2.733843055459277e-05,49.524203785845586,
shape_refinement/old_family,0.995,12.0,0.72,0.32,0.16,39.31317637212729,2.7341496455555927e-05,39.31314903063083,
shape_refinement/old_family,0.995,12.0,0.72,0.32,0.24,30.907614280432767,2.7345705556553547e-05,30.90758693472721,
shape_refinement/old_family,0.995,12.0,0.72,0.32,0.32,26.450429970871724,2.7350065424159584e-05,26.4504026208063,
shape_refinement/old_family,0.995,12.0,0.72,0.4,0.0,56.64057607678542,2.733026222808224e-05,56.640548746523194,
shape_refinement/old_family,0.995,12.0,0.72,0.4,0.08,52.30950014741199,2.733256154293195e-05,52.309472814850444,
shape_refinement/old_family,0.995,12.0,0.72,0.4,0.16,42.61382376936528,2.733848492189825e-05,42.61379643088036,
shape_refinement/old_family,0.995,12.0,0.72,0.4,0.24,32.72928022748535,2.7346090619875372e-05,32.72925288139473,
shape_refinement/old_family,0.995,12.0,0.72,0.4,0.32,25.406583691060654,2.7353672083652193e-05,25.40655633738857,
shape_refinement/old_family,0.995,12.0,0.72,0.48,0.0,52.44762168817206,2.7321847589771628e-05,52.44759436632447,
shape_refinement/old_family,0.995,12.0,0.72,0.48,0.08,49.414271198882346,2.7325789272343758e-05,49.41424387309307,
shape_refinement/old_family,0.995,12.0,0.72,0.48,0.16,42.053505154370924,2.733495058164679e-05,42.053477819420344,
shape_refinement/old_family,0.995,12.0,0.72,0.48,0.24,33.539211175704914,2.734567583896282e-05,33.539183830029074,
shape_refinement/old_family,0.995,12.0,0.72,0.56,0.0,43.89039417338835,2.731217160979229e-05,43.89036686121674,
shape_refinement/old_family,0.995,12.0,0.72,0.56,0.08,42.123278504474285,2.7318761946008344e-05,42.12325118571234,
shape_refinement/old_family,0.995,12.0,0.72,0.56,0.16,37.646346084225755,2.7331278365760357e-05,37.64631875294739,
shape_refinement/old_family,0.995,12.0,0.72,0.64,0.0,35.53619508133939,2.7301466901289066e-05,35.53616777987249,
shape_refinement/old_family,0.995,12.0,0.72,0.64,0.08,34.758691344039775,2.7313357552252624e-05,34.758664030682226,
shape_refinement/old_family,0.995,12.0,0.72,0.72,0.0,33.86041284142426,2.730330168017756e-05,33.86038553812258,
shape_refinement/old_family,0.995,12.0,0.8,0.0,0.0,41.265235934239826,2.7347013217338446e-05,41.26520858722661,
shape_refinement/old_family,0.995,12.0,0.8,0.08,0.0,44.426341579617585,2.734569289238602e-05,44.42631423392469,
shape_refinement/old_family,0.995,12.0,0.8,0.08,0.08,40.61651087210163,2.7344466503085183e-05,40.616483527635125,
shape_refinement/old_family,0.995,12.0,0.8,0.16,0.0,54.72810512023093,2.734186594796269e-05,54.728077778364984,
shape_refinement/old_family,0.995,12.0,0.8,0.16,0.08,44.755093295057925,2.7340930881348112e-05,44.75506595412704,
shape_refinement/old_family,0.995,12.0,0.8,0.16,0.16,38.36725829604397,2.7338297482023205e-05,38.367230957746486,
shape_refinement/old_family,0.995,12.0,0.8,0.24,0.0,70.33429125926557,2.733589481424214e-05,70.33426392337076,
shape_refinement/old_family,0.995,12.0,0.8,0.24,0.08,56.93015285457447,2.7335481292356848e-05,56.93012551909318,
shape_refinement/old_family,0.995,12.0,0.8,0.24,0.16,41.21470566324416,2.7334446135041432e-05,41.21467832879802,
shape_refinement/old_family,0.995,12.0,0.8,0.24,0.24,34.081125213400355,2.733331739683636e-05,34.08109788008296,
shape_refinement/old_family,0.995,12.0,0.8,0.32,0.0,85.14749085637216,2.7328264981814313e-05,85.14746352810718,
shape_refinement/old_family,0.995,12.0,0.8,0.32,0.08,71.59766057341785,2.73286777990184e-05,71.59763324474005,
shape_refinement/old_family,0.995,12.0,0.8,0.32,0.16,50.251698709425916,2.733007291066698e-05,50.251671379353006,
shape_refinement/old_family,0.995,12.0,0.8,0.32,0.24,35.02556616855096,2.7332681710421757e-05,35.02553883586925,
shape_refinement/old_family,0.995,12.0,0.8,0.32,0.32,28.055936506476005,2.733636113691064e-05,28.05590917011487,
shape_refinement/old_family,0.995,12.0,0.8,0.4,0.0,92.864235597736,2.7319454656658636e-05,92.86420827828134,
shape_refinement/old_family,0.995,12.0,0.8,0.4,0.08,81.53413186533339,2.7321178411467015e-05,81.53410454415499,
shape_refinement/old_family,0.995,12.0,0.8,0.4,0.16,59.605812732255515,2.732598162805229e-05,59.60578540627389,
shape_refinement/old_family,0.995,12.0,0.8,0.4,0.24,40.19035891509054,2.733285182356398e-05,40.19033158223872,
shape_refinement/old_family,0.995,12.0,0.8,0.48,0.0,90.20933690792913,2.7309839414234796e-05,90.20930959808972,
shape_refinement/old_family,0.995,12.0,0.8,0.48,0.08,81.89463650526032,2.7313888846411062e-05,81.89460919137147,
shape_refinement/old_family,0.995,12.0,0.8,0.48,0.16,63.51147557817523,2.7323022053806412e-05,63.51144825515318,
shape_refinement/old_family,0.995,12.0,0.8,0.56,0.0,77.95882469968372,2.7299681836605e-05,77.95879740000188,
shape_refinement/old_family,0.995,12.0,0.8,0.56,0.08,72.50825640821195,2.7308885712884427e-05,72.50822909932623,
shape_refinement/old_family,0.995,12.0,0.8,0.64,0.0,60.682717632598354,2.7300859029600772e-05,60.68269033173932,
shape_refinement/old_family,0.995,12.0,0.88,0.0,0.0,45.502994605813456,2.734384883420626e-05,45.50296726196462,
shape_refinement/old_family,0.995,12.0,0.88,0.08,0.0,52.28796757084688,2.7342187817381517e-05,52.28794022865906,
shape_refinement/old_family,0.995,12.0,0.88,0.08,0.08,44.603753279434386,2.7340583992205915e-05,44.603725938850395,
shape_refinement/old_family,0.995,12.0,0.88,0.16,0.0,72.12948964493933,2.733737728185045e-05,72.12946230756205,
shape_refinement/old_family,0.995,12.0,0.88,0.16,0.08,51.442227618798306,2.7335952491728338e-05,51.44220028284582,
shape_refinement/old_family,0.995,12.0,0.88,0.16,0.16,41.646008968638064,2.7331889414076198e-05,41.64598163674865,
shape_refinement/old_family,0.995,12.0,0.88,0.24,0.0,100.05343226926844,2.7329901387637588e-05,100.05340493936706,
shape_refinement/old_family,0.995,12.0,0.88,0.24,0.08,71.12595103163497,2.7328808027006243e-05,71.12592370282694,
shape_refinement/old_family,0.995,12.0,0.88,0.24,0.16,46.381685128181346,2.7325828114921776e-05,46.38165780235323,
shape_refinement/old_family,0.995,12.0,0.88,0.24,0.24,36.32472647807966,2.7321929447247815e-05,36.32469915615022,
shape_refinement/old_family,0.995,12.0,0.88,0.32,0.0,126.69420498774996,2.73204632859192e-05,126.69417766728667,
shape_refinement/old_family,0.995,12.0,0.88,0.32,0.08,96.22743355904645,2.7319944446045937e-05,96.227406239102,
shape_refinement/old_family,0.995,12.0,0.88,0.32,0.16,60.81785944535447,2.7318906585357063e-05,60.81783212644789,
shape_refinement/old_family,0.995,12.0,0.88,0.32,0.24,38.44546815659738,2.731887940718281e-05,38.445440837717975,
shape_refinement/old_family,0.995,12.0,0.88,0.4,0.0,143.1882946849405,2.7309853338222542e-05,143.18826737508715,
shape_refinement/old_family,0.995,12.0,0.88,0.4,0.08,116.86765479231833,2.731045431352637e-05,116.86762748186402,
shape_refinement/old_family,0.995,12.0,0.88,0.4,0.16,77.3571323770705,2.731304746397952e-05,77.35710506402303,
shape_refinement/old_family,0.995,12.0,0.88,0.48,0.0,144.48779106980857,2.729880766959435e-05,144.48776377100089,
shape_refinement/old_family,0.995,12.0,0.88,0.48,0.08,124.71256561996655,2.7302475098917002e-05,124.71253831749145,
shape_refinement/old_family,0.995,12.0,0.88,0.56,0.0,130.2967386399922,2.7293954431314663e-05,130.2967113460378,
shape_refinement/old_family,0.995,12.0,0.96,0.0,0.0,47.7748517331926,2.7341918163729404e-05,47.774824391274436,
shape_refinement/old_family,0.995,12.0,0.96,0.08,0.0,57.68011119885428,2.7340073894123082e-05,57.680083858780385,
shape_refinement/old_family,0.995,12.0,0.96,0.08,0.08,46.73774262730139,2.7338260263496696e-05,46.73771528904113,
shape_refinement/old_family,0.995,12.0,0.96,0.16,0.0,86.20345040579252,2.733471929079588e-05,86.20342307107323,
shape_refinement/old_family,0.995,12.0,0.96,0.16,0.08,55.7448958366839,2.733299697433581e-05,55.74486850368693,
shape_refinement/old_family,0.995,12.0,0.96,0.16,0.16,43.39060330896155,2.732800831930538e-05,43.39057598095323,
shape_refinement/old_family,0.995,12.0,0.96,0.24,0.0,129.61350926646531,2.732635960413552e-05,129.61348194010571,
shape_refinement/old_family,0.995,12.0,0.96,0.24,0.08,81.06113571578334,2.7324789947263362e-05,81.06110839099338,
shape_refinement/old_family,0.995,12.0,0.96,0.24,0.16,49.536167191501086,2.7320274616007512e-05,49.53613987122647,
shape_refinement/old_family,0.995,12.0,0.96,0.24,0.24,37.50186056049603,2.731344185890382e-05,37.501833247054165,
shape_refinement/old_family,0.995,12.0,0.96,0.32,0.0,175.47637193754443,2.7315746956320786e-05,175.47634462179747,
shape_refinement/old_family,0.995,12.0,0.96,0.32,0.08,114.4842412470251,2.7314405464058934e-05,114.48421393261964,
shape_refinement/old_family,0.995,12.0,0.96,0.32,0.16,67.82037904384472,2.7310666739595203e-05,67.82035173317799,
shape_refinement/old_family,0.995,12.0,0.96,0.4,0.0,203.4987530059022,2.730377033609827e-05,203.49872570213185,
shape_refinement/old_family,0.995,12.0,0.96,0.4,0.08,145.81103575031878,2.7302827993959248e-05,145.8110084474908,
shape_refinement/old_family,0.995,12.0,0.96,0.48,0.0,212.51250914679036,2.7291341866111215e-05,212.5124818554485,
shape_refinement/old_family,0.995,16.0,0.01,0.0,0.0,0.007369133492558002,9.352764584805627e-07,0.007368198216099521,1.5921425619918042e-07
shape_refinement/old_family,0.995,16.0,0.01,0.01,0.0,0.012149732578983512,1.8705650594242254e-06,0.012147862013924088,3.112657222237034e-07
shape_refinement/old_family,0.995,16.0,0.01,0.01,0.01,0.019521036575650907,2.8058535037098806e-06,0.019518230722147197,4.561767801281036e-07
shape_refinement/old_family,0.995,16.0,0.08,0.0,0.0,0.47077894859243624,5.336154553265194e-06,0.47077361243788296,2.0349929383664243e-06
shape_refinement/old_family,0.995,16.0,0.08,0.08,0.0,0.7421541077908674,5.345700519839533e-06,0.7421487620903476,1.3102864993008723e-06
shape_refinement/old_family,0.995,16.0,0.08,0.08,0.08,1.220767319192262,5.354703899424829e-06,1.2207619644883625,1.214048802822314e-06
shape_refinement/old_family,0.995,16.0,0.16,0.0,0.0,1.874991423544239,5.36079315196569e-06,1.874986062751087,1.3064415888555462e-06
shape_refinement/old_family,0.995,16.0,0.16,0.08,0.0,1.9453145404266527,5.3691128191947956e-06,1.9453091713138335,1.506033789335694e-06
shape_refinement/old_family,0.995,16.0,0.16,0.08,0.08,2.302068910856888,5.376910617723576e-06,2.3020635339462703,1.378876250430617e-06
shape_refinement/old_family,0.995,16.0,0.16,0.16,0.0,2.5878706953428856,5.389425889609653e-06,2.587865305916996,1.2126149711022547e-06
shape_refinement/old_family,0.995,16.0,0.16,0.16,0.08,3.083615759178274,5.3961160821506e-06,3.083610363062192,1.2116334217753928e-06
shape_refinement/old_family,0.995,16.0,0.16,0.16,0.16,4.541647601966246,5.412689090587395e-06,4.541642189277155,1.2625379568476092e-06
shape_refinement/old_family,0.995,16.0,0.24,0.0,0.0,4.201439281642799,5.3921766342891656e-06,4.2014338894661645,1.2001680330625747e-06
shape_refinement/old_family,0.995,16.0,0.24,0.08,0.0,4.064785966052033,5.39850117049283e-06,4.064780567550862,1.1937065176228546e-06
shape_refinement/old_family,0.995,16.0,0.24,0.08,0.08,4.376498867031276,5.404523752331938e-06,4.376493462507524,1.1785375265135391e-06
shape_refinement/old_family,0.995,16.0,0.24,0.16,0.0,4.075460159869351,5.414171631076074e-06,4.07545474569772,1.2831637483612412e-06
shape_refinement/old_family,0.995,16.0,0.24,0.16,0.08,4.563384576459076,5.419474200035857e-06,4.563379156984876,1.2870322651237104e-06
shape_refinement/old_family,0.995,16.0,0.24,0.16,0.16,5.694507637833308,5.432652851788645e-06,5.694502205180456,1.2000660976262505e-06
shape_refinement/old_family,0.995,16.0,0.24,0.24,0.0,4.73171576845032,5.433008567321844e-06,4.731710335441752,1.204351481761212e-06
shape_refinement/old_family,0.995,16.0,0.24,0.24,0.08,5.238653519950326,5.437409642573379e-06,5.238648082540683,1.1998512103872372e-06
shape_refinement/old_family,0.995,16.0,0.24,0.24,0.16,6.709502584869364,5.4483442875868475e-06,6.709497136525076,1.1910406277786228e-06
shape_refinement/old_family,0.995,16.0,0.24,0.24,0.24,9.014090307775943,5.4612258003725165e-06,9.014084846550142,1.2565464757585691e-06
shape_refinement/old_family,0.995,16.0,0.32,0.0,0.0,7.458480565565496,5.42180895059755e-06,7.458475143756546,1.199150994932587e-06
shape_refinement/old_family,0.995,16.0,0.32,0.08,0.0,7.114719675096718,5.426130174804305e-06,7.114714248966544,1.1832157361745289e-06
shape_refinement/old_family,0.995,16.0,0.32,0.08,0.08,7.78982086378694,5.430333728890204e-06,7.789815433453212,1.2019069959914404e-06
shape_refinement/old_family,0.995,16.0,0.32,0.16,0.0,6.484562132376173,5.436943147693091e-06,6.484556695433025,1.201660451134398e-06
shape_refinement/old_family,0.995,16.0,0.32,0.16,0.08,7.1898604919495215,5.4408397853517985e-06,7.1898550511097366,1.1906807733125796e-06
shape_refinement/old_family,0.995,16.0,0.32,0.16,0.16,8.725846935993356,5.450549765138288e-06,8.725841485443592,1.1931002618749777e-06
shape_refinement/old_family,0.995,16.0,0.32,0.24,0.0,6.222104040091597,5.449815195898562e-06,6.222098590276401,1.2240481390280259e-06
shape_refinement/old_family,0.995,16.0,0.32,0.24,0.08,6.793720274382478,5.453304871887676e-06,6.793714821077606,1.2410733579207262e-06
shape_refinement/old_family,0.995,16.0,0.32,0.24,0.16,8.384121586181873,5.461974802789393e-06,8.38411612420707,1.2209904687328482e-06
shape_refinement/old_family,0.995,16.0,0.32,0.24,0.24,10.203068417457034,5.472084010641285e-06,10.203062945373023,1.1981170525396881e-06
shape_refinement/old_family,0.995,16.0,0.32,0.32,0.0,6.689762206909414,5.460798698559109e-06,6.6897567461107155,1.1995817903454054e-06
shape_refinement/old_family,0.995,16.0,0.32,0.32,0.08,7.184739515026276,5.463866195110123e-06,7.184734051160081,1.1901947996051374e-06
shape_refinement/old_family,0.995,16.0,0.32,0.32,0.16,8.59968331826771,5.471478679214991e-06,8.59967784678903,1.1977974239130162e-06
shape_refinement/old_family,0.995,16.0,0.32,0.32,0.24,10.747847604414762,5.480308789992813e-06,10.747842124105972,1.2116552917123442e-06
shape_refinement/old_family,0.995,16.0,0.32,0.32,0.32,13.382113136387112,5.487378270148451e-06,13.38210764900884,1.1937223973745856e-06
shape_refinement/old_family,0.995,16.0,0.375,0.375,0.0,8.091310215539737,5.468991069316771e-06,8.091304746548667,1.2368208775809106e-06
shape_refinement/old_family,0.995,16.0,0.4,0.0,0.0,11.670344146531917,5.444462427940794e-06,11.67033870206949,1.2264156050403766e-06
shape_refinement/old_family,0.995,16.0,0.4,0.08,0.0,11.186531212705003,5.447118597652794e-06,11.186525765586405,1.2442556869747681e-06
shape_refinement/old_family,0.995,16.0,0.4,0.08,0.08,12.35727357943764,5.44978312043046e-06,12.35726812965452,1.2382742503572887e-06
shape_refinement/old_family,0.995,16.0,0.4,0.16,0.0,10.080341817179495,5.453767419858245e-06,10.080336363412075,1.223122270781575e-06
shape_refinement/old_family,0.995,16.0,0.4,0.16,0.08,11.226850231202459,5.456444617142134e-06,11.226844774757842,1.2029532441447357e-06
shape_refinement/old_family,0.995,16.0,0.4,0.16,0.16,13.95143074456782,5.463119763305489e-06,13.951425281448056,1.1870724556238122e-06
shape_refinement/old_family,0.995,16.0,0.4,0.24,0.0,8.994744484866331,5.461496529342361e-06,8.994739023369801,1.1930740459176734e-06
shape_refinement/old_family,0.995,16.0,0.4,0.24,0.08,9.81581021165115,5.46417818293441e-06,9.815804747472967,1.1996816610175338e-06
shape_refinement/old_family,0.995,16.0,0.4,0.24,0.16,12.195999686582809,5.470849711770835e-06,12.195994215733098,1.1872912924553105e-06
shape_refinement/old_family,0.995,16.0,0.4,0.24,0.24,15.4647349142068,5.478572407700443e-06,15.464729435634391,1.2252411525604005e-06
shape_refinement/old_family,0.995,16.0,0.4,0.32,0.0,8.401384217440487,5.467518420004749e-06,8.401378749922067,1.2150248412975631e-06
shape_refinement/old_family,0.995,16.0,0.4,0.32,0.08,8.957252734330298,5.470202792578409e-06,8.957247264127506,1.2094666221014625e-06
shape_refinement/old_family,0.995,16.0,0.4,0.32,0.16,10.554831916802748,5.476878289109314e-06,10.554826439924458,1.2250721221815736e-06
shape_refinement/old_family,0.995,16.0,0.4,0.32,0.24,13.006885215213536,5.484639677725969e-06,13.006879730573859,1.1840401682350297e-06
shape_refinement/old_family,0.995,16.0,0.4,0.32,0.32,15.977326970813545,5.4908529750072426e-06,15.977321479960569,1.1897115974229249e-06
shape_refinement/old_family,0.995,16.0,0.4,0.4,0.0,8.844506116683226,5.470065668866832e-06,8.844500646617556,1.180430137637245e-06
shape_refinement/old_family,0.995,16.0,0.4,0.4,0.08,9.28742095417075,5.472759936773174e-06,9.287415481410815,1.1986100858191532e-06
shape_refinement/old_family,0.995,16.0,0.4,0.4,0.16,10.533602511589626,5.4794697652815505e-06,10.53359703211986,1.1790814911196427e-06
shape_refinement/old_family,0.995,16.0,0.4,0.4,0.24,12.360973204003459,5.487346362289584e-06,12.360967716657097,1.1886045022035835e-06
shape_refinement/old_family,0.995,16.0,0.4,0.4,0.32,14.472406479460803,5.493849005280609e-06,14.472400985611797,1.2003044211812363e-06
shape_refinement/old_family,0.995,16.0,0.4,0.4,0.4,16.570282873563432,5.497353357460791e-06,16.570277376210075,1.175937910604367e-06
shape_refinement/old_family,0.995,16.0,0.48,0.0,0.0,16.824905022875907,5.4586176858961475e-06,16.82489956425822,1.2064089588091035e-06
shape_refinement/old_family,0.995,16.0,0.48,0.08,0.0,16.333765782482846,5.460008503580706e-06,16.333760322474344,1.195515992341133e-06
shape_refinement/old_family,0.995,16.0,0.48,0.08,0.08,17.361610759613463,5.4614843854626745e-06,17.361605298129078,1.1809971392590454e-06
shape_refinement/old_family,0.995,16.0,0.48,0.16,0.0,15.163516754729287,5.463424045113369e-06,15.163511291305241,1.1874853901360435e-06
shape_refinement/old_family,0.995,16.0,0.48,0.16,0.08,16.492365660696205,5.465124384003324e-06,16.49236019557182,1.2066154992067218e-06
shape_refinement/old_family,0.995,16.0,0.48,0.16,0.16,18.506181463062216,5.469350454680035e-06,18.50617599371176,1.225895332662033e-06
shape_refinement/old_family,0.995,16.0,0.48,0.24,0.0,13.787228043881768,5.467099399622849e-06,13.78722257678237,1.2225170333917225e-06
shape_refinement/old_family,0.995,16.0,0.48,0.24,0.08,14.776214005816774,5.469104771698716e-06,14.776208536712003,1.2110792345976844e-06
shape_refinement/old_family,0.995,16.0,0.48,0.24,0.16,17.327936960405648,5.474115114288901e-06,17.327931486290534,1.188815461689716e-06
shape_refinement/old_family,0.995,16.0,0.48,0.24,0.24,19.294071288694763,5.479910156805742e-06,19.294065808784605,1.1954622450981558e-06
shape_refinement/old_family,0.995,16.0,0.48,0.32,0.0,12.459887757896617,5.469212416970988e-06,12.4598822886842,1.1991991611555874e-06
shape_refinement/old_family,0.995,16.0,0.48,0.32,0.08,13.089381670001229,5.471560023124256e-06,13.089376198441206,1.1794499475094746e-06
shape_refinement/old_family,0.995,16.0,0.48,0.32,0.16,14.881188882870141,5.477434688373978e-06,14.881183405435452,1.1937236831768918e-06
shape_refinement/old_family,0.995,16.0,0.48,0.32,0.24,17.45671595678613,5.48434913434825e-06,17.456710472436995,1.2035081116978703e-06
shape_refinement/old_family,0.995,16.0,0.48,0.32,0.32,19.15153474281107,5.490006893198972e-06,19.151529252804178,1.1998654547121567e-06
shape_refinement/old_family,0.995,16.0,0.48,0.4,0.0,11.561903054028381,5.468515860788257e-06,11.56189758551252,1.1974479724527365e-06
shape_refinement/old_family,0.995,16.0,0.48,0.4,0.08,11.976243162466458,5.471219899270802e-06,11.97623769124656,1.2076071928512227e-06
shape_refinement/old_family,0.995,16.0,0.48,0.4,0.16,13.148033602944308,5.477972019633407e-06,13.148028124972289,1.2099000543953705e-06
shape_refinement/old_family,0.995,16.0,0.48,0.4,0.24,14.885505841203967,5.4860050406486275e-06,14.885500355198927,1.1946686656762115e-06
shape_refinement/old_family,0.995,16.0,0.48,0.4,0.32,16.9251847947611,5.4928982638503725e-06,16.925179301862837,1.1852688398777085e-06
shape_refinement/old_family,0.995,16.0,0.48,0.4,0.4,18.414300881277303,5.497089708007778e-06,18.414295384187593,1.1917697271792992e-06
shape_refinement/old_family,0.995,16.0,0.48,0.48,0.0,12.276454372144002,5.464513567067233e-06,12.276448907630435,1.1889826634359222e-06
shape_refinement/old_family,0.995,16.0,0.48,0.48,0.08,12.608690153417559,5.467573566935035e-06,12.608684685843992,1.198539537838883e-06
shape_refinement/old_family,0.995,16.0,0.48,0.48,0.16,13.524050685200699,5.4751634576399355e-06,13.524045210037242,1.1877692209577762e-06
shape_refinement/old_family,0.995,16.0,0.48,0.48,0.24,14.803852750600536,5.484233605274644e-06,14.80384726636693,1.1854294817535023e-06
shape_refinement/old_family,0.995,16.0,0.48,0.48,0.32,16.15676576156006,5.4922949043788195e-06,16.156760269265156,1.2060583759785097e-06
shape_refinement/old_family,0.995,16.0,0.48,0.48,0.4,17.296187288153135,5.497780674332987e-06,17.29618179037246,1.1906275195056612e-06
shape_refinement/old_family,0.995,16.0,0.48,0.48,0.48,18.004745622575477,5.499846416034747e-06,18.00474012272906,1.178816784636924e-06
shape_refinement/old_family,0.995,16.0,0.56,0.0,0.0,22.787719338983504,5.465257238836272e-06,22.787713873726265,1.1942897640843e-06
shape_refinement/old_family,0.995,16.0,0.56,0.08,0.0,22.49639687671793,5.465707622072303e-06,22.496391411010308,1.180794899075475e-06
shape_refinement/old_family,0.995,16.0,0.56,0.08,0.08,23.092173481933717,5.4662826427829405e-06,23.092168015651072,1.1937012760866899e-06
shape_refinement/old_family,0.995,16.0,0.56,0.16,0.0,21.96263251274508,5.466677832355003e-06,21.962627046067247,1.1951869418186825e-06
shape_refinement/old_family,0.995,16.0,0.56,0.16,0.08,22.75223841695068,5.467598136299685e-06,22.752232949352543,1.1799976332030288e-06
shape_refinement/old_family,0.995,16.0,0.56,0.16,0.16,23.56054281651222,5.4698549974318784e-06,23.560537346657224,1.1923949014435355e-06
shape_refinement/old_family,0.995,16.0,0.56,0.24,0.0,21.405658811404813,5.467231652353208e-06,21.40565334417316,1.1816407230319965e-06
shape_refinement/old_family,0.995,16.0,0.56,0.24,0.08,21.91800461702227,5.468654412804593e-06,21.91799914836786,1.1914049921470045e-06
shape_refinement/old_family,0.995,16.0,0.56,0.24,0.16,22.961921827223286,5.472243833248285e-06,22.96191635497945,1.2041502205774123e-06
shape_refinement/old_family,0.995,16.0,0.56,0.24,0.24,23.306563522449522,5.47643992735605e-06,23.306558046009595,1.2010339481281933e-06
shape_refinement/old_family,0.995,16.0,0.56,0.32,0.0,20.400480576637474,5.466318622856367e-06,20.40047511031885,1.2085159247992555e-06
shape_refinement/old_family,0.995,16.0,0.56,0.32,0.08,20.640834901903396,5.468341370305157e-06,20.640829433562025,1.210049552371004e-06
shape_refinement/old_family,0.995,16.0,0.56,0.32,0.16,21.302694268911875,5.473464099514752e-06,21.302688795447775,1.188474037142009e-06
shape_refinement/old_family,0.995,16.0,0.56,0.32,0.24,22.03295623003404,5.479640985694895e-06,22.032950750393052,1.1967616112746124e-06
shape_refinement/old_family,0.995,16.0,0.56,0.32,0.32,21.903196380863925,5.484926841930105e-06,21.903190895937083,1.1892914024680962e-06
shape_refinement/old_family,0.995,16.0,0.56,0.4,0.0,18.662026807204946,5.463147698020686e-06,18.662021344057248,1.1918060299332003e-06
shape_refinement/old_family,0.995,16.0,0.56,0.4,0.08,18.78071284134183,5.465832313124609e-06,18.780707375509518,1.1864818805767468e-06
shape_refinement/old_family,0.995,16.0,0.56,0.4,0.16,19.150188047497902,5.472560728750775e-06,19.150182574937173,1.1908147671124243e-06
shape_refinement/old_family,0.995,16.0,0.56,0.4,0.24,19.722749762275456,5.480695876952008e-06,19.72274428157958,1.1840912575659776e-06
shape_refinement/old_family,0.995,16.0,0.56,0.4,0.32,20.200207445329657,5.4879793892572264e-06,20.200201957350266,1.2053441847286481e-06
shape_refinement/old_family,0.995,16.0,0.56,0.4,0.4,19.85161426844743,5.492937923311166e-06,19.851608775509508,1.187487302947543e-06
shape_refinement/old_family,0.995,16.0,0.56,0.48,0.0,17.010236725512147,5.457360670608402e-06,17.010231268151475,1.1909663287242739e-06
shape_refinement/old_family,0.995,16.0,0.56,0.48,0.08,17.151656287611765,5.460761936691714e-06,17.151650826849828,1.1867973854337643e-06
shape_refinement/old_family,0.995,16.0,0.56,0.48,0.16,17.545582231113688,5.469090197031707e-06,17.54557676202349,1.19600016111394e-06
shape_refinement/old_family,0.995,16.0,0.56,0.48,0.24,18.08439676691752,5.479023006392785e-06,18.084391287894515,1.2003000122775098e-06
shape_refinement/old_family,0.995,16.0,0.56,0.48,0.32,18.566463805459136,5.488083982503455e-06,18.566458317375155,1.1853004229120505e-06
shape_refinement/old_family,0.995,16.0,0.56,0.48,0.4,18.69754323037632,5.4947607733397765e-06,18.697537735615544,1.1850704934938097e-06
shape_refinement/old_family,0.995,16.0,0.56,0.56,0.0,17.903652347811345,5.449036470674967e-06,17.903646898774873,1.1763485971982843e-06
shape_refinement/old_family,0.995,16.0,0.56,0.56,0.08,18.04966767507092,5.45323810348235e-06,18.04966222183282,1.1924758988356372e-06
shape_refinement/old_family,0.995,16.0,0.56,0.56,0.16,18.42589373957621,5.463109876206669e-06,18.425888276466335,1.1886767785818267e-06
shape_refinement/old_family,0.995,16.0,0.56,0.56,0.24,18.867930518874484,5.474557530382179e-06,18.867925044316955,1.1904635357495863e-06
shape_refinement/old_family,0.995,16.0,0.56,0.56,0.32,19.1621576134691,5.4850544077763715e-06,19.16215212841469,1.18713476259095e-06
shape_refinement/old_family,0.995,16.0,0.64,0.0,0.0,29.2290948319699,5.466470373527853e-06,29.229089365499526,1.220410315311239e-06
shape_refinement/old_family,0.995,16.0,0.64,0.08,0.0,29.45048519853905,5.466201670640758e-06,29.450479732337378,1.2146271122391393e-06
shape_refinement/old_family,0.995,16.0,0.64,0.08,0.08,29.233199830864628,5.466068803868567e-06,29.233194364795825,1.2088947778526587e-06
shape_refinement/old_family,0.995,16.0,0.64,0.16,0.0,30.620837741035345,5.465267350965013e-06,30.620832275767995,1.1896466756688693e-06
shape_refinement/old_family,0.995,16.0,0.64,0.16,0.08,29.786082049572105,5.465525940481518e-06,29.786076584046164,1.1962250192370965e-06
shape_refinement/old_family,0.995,16.0,0.64,0.16,0.16,28.83931445018032,5.466092293629898e-06,28.839308984088028,1.1926903381753084e-06
shape_refinement/old_family,0.995,16.0,0.64,0.24,0.0,32.6552934133382,5.463330025247406e-06,32.65528795000817,1.1775554250572932e-06
shape_refinement/old_family,0.995,16.0,0.64,0.24,0.08,31.36329059612458,5.464196143188212e-06,31.363285131928436,1.1968213574235465e-06
shape_refinement/old_family,0.995,16.0,0.64,0.24,0.16,28.97315900538802,5.466428090081703e-06,28.97315353895993,1.180365312639934e-06
shape_refinement/old_family,0.995,16.0,0.64,0.24,0.24,27.289617115866204,5.469124286049854e-06,27.289611646741918,1.1851476672088164e-06
shape_refinement/old_family,0.995,16.0,0.64,0.32,0.0,33.92049835589124,5.459964850088762e-06,33.92049289592639,1.192651276166593e-06
shape_refinement/old_family,0.995,16.0,0.64,0.32,0.08,32.550316290735125,5.46161252252188e-06,32.5503108291226,1.1894077520949888e-06
shape_refinement/old_family,0.995,16.0,0.64,0.32,0.16,29.506540532907426,5.46588079640145e-06,29.50653506702663,1.1931900879311675e-06
shape_refinement/old_family,0.995,16.0,0.64,0.32,0.24,26.517195584478152,5.471252063320468e-06,26.51719011322609,1.2004561635126263e-06
shape_refinement/old_family,0.995,16.0,0.64,0.32,0.32,24.37265591569605,5.476187460281096e-06,24.37265043950859,1.1915965654318086e-06
shape_refinement/old_family,0.995,16.0,0.64,0.4,0.0,32.772836381588036,5.454806370180451e-06,32.772830926781666,1.192141195433251e-06
shape_refinement/old_family,0.995,16.0,0.64,0.4,0.08,31.655146760954118,5.457390457605453e-06,31.65514130356366,1.1911719207991467e-06
shape_refinement/old_family,0.995,16.0,0.64,0.4,0.16,28.934587827535907,5.463913440438563e-06,28.934582363622468,1.190757128070444e-06
shape_refinement/old_family,0.995,16.0,0.64,0.4,0.24,25.792167810480304,5.471972543078162e-06,25.79216233850776,1.1854373475388777e-06
shape_refinement/old_family,0.995,16.0,0.64,0.4,0.32,22.987391507926237,5.479534172577453e-06,22.987386028392063,1.1862480200927784e-06
shape_refinement/old_family,0.995,16.0,0.64,0.4,0.4,20.82416197428487,5.485239535979549e-06,20.824156489045333,1.1825333849837785e-06
shape_refinement/old_family,0.995,16.0,0.64,0.48,0.0,29.1609680698994,5.447668436365883e-06,29.160962622230965,1.1849559096270893e-06
shape_refinement/old_family,0.995,16.0,0.64,0.48,0.08,28.46926564957369,5.451379032171068e-06,28.469260198194657,1.1906680488678962e-06
shape_refinement/old_family,0.995,16.0,0.64,0.48,0.16,26.705933638927526,5.460275062426238e-06,26.705928178652464,1.1865704328550509e-06
shape_refinement/old_family,0.995,16.0,0.64,0.48,0.24,24.46808383793,5.470801410057335e-06,24.46807836712859,1.1886534313531269e-06
shape_refinement/old_family,0.995,16.0,0.64,0.48,0.32,22.126273380493714,5.480602033021293e-06,22.12626789989168,1.1870612869254659e-06
shape_refinement/old_family,0.995,16.0,0.64,0.56,0.0,25.306609146273047,5.438607496964348e-06,25.30660370766555,1.1941798076176376e-06
shape_refinement/old_family,0.995,16.0,0.64,0.56,0.08,25.044199965889913,5.443788590599449e-06,25.04419452210132,1.1987797294322048e-06
shape_refinement/old_family,0.995,16.0,0.64,0.56,0.16,24.335005585020138,5.4551007701315575e-06,24.33500012991937,1.1931711960850434e-06
shape_refinement/old_family,0.995,16.0,0.64,0.56,0.24,23.313638964695915,5.467655280927882e-06,23.313633497040634,1.1927581083338378e-06
shape_refinement/old_family,0.995,16.0,0.64,0.64,0.0,25.566694230052082,5.427928204464601e-06,25.566688802123878,1.1932996710510977e-06
shape_refinement/old_family,0.995,16.0,0.64,0.64,0.08,25.448609185511422,5.435387730463858e-06,25.44860375012369,1.182595338259641e-06
shape_refinement/old_family,0.995,16.0,0.64,0.64,0.16,25.07087069228944,5.448964256642584e-06,25.070865243325184,1.2023458885118355e-06
shape_refinement/old_family,0.995,16.0,0.72,0.0,0.0,35.612830376917806,5.464510833679534e-06,35.61282491240697,1.1848398763785876e-06
shape_refinement/old_family,0.995,16.0,0.72,0.08,0.0,36.850000803711985,5.4636664391541784e-06,36.849995340045545,1.183928831046219e-06
shape_refinement/old_family,0.995,16.0,0.72,0.08,0.08,35.28286856095837,5.462945961993814e-06,35.282863098012406,1.1864450813839163e-06
shape_refinement/old_family,0.995,16.0,0.72,0.16,0.0,41.335837391725946,5.46117092534451e-06,41.33583193055502,1.1913785622879318e-06
shape_refinement/old_family,0.995,16.0,0.72,0.16,0.08,37.27366762453278,5.460821689666035e-06,37.27366216371109,1.186964114081666e-06
shape_refinement/old_family,0.995,16.0,0.72,0.16,0.16,33.937446465953144,5.459795600149033e-06,33.93744100615754,1.193153393373087e-06
shape_refinement/old_family,0.995,16.0,0.72,0.24,0.0,48.486657472960225,5.457113436795438e-06,48.486652015846786,1.1881420299174068e-06
shape_refinement/old_family,0.995,16.0,0.72,0.24,0.08,43.1334223736149,5.457382554942551e-06,43.13341691623234,1.1971098681429268e-06
shape_refinement/old_family,0.995,16.0,0.72,0.24,0.16,35.18194725279914,5.458131819277668e-06,35.181941794667324,1.1979034139123976e-06
shape_refinement/old_family,0.995,16.0,0.72,0.24,0.24,30.978467557794882,5.459164510328701e-06,30.978462098630374,1.1881215673951145e-06
shape_refinement/old_family,0.995,16.0,0.72,0.32,0.0,54.8266053198263,5.45158371580181e-06,54.82659986824258,1.1966709772897117e-06
shape_refinement/old_family,0.995,16.0,0.72,0.32,0.08,49.52422994404232,5.4527266002224735e-06,49.52422449131572,1.1920381790105965e-06
shape_refinement/old_family,0.995,16.0,0.72,0.32,0.16,39.31317518755639,5.455844206586281e-06,39.313169731712186,1.191369905266803e-06
shape_refinement/old_family,0.995,16.0,0.72,0.32,0.24,30.90761309663112,5.460132928044468e-06,30.90760763649819,1.1840229756001788e-06
shape_refinement/old_family,0.995,16.0,0.72,0.32,0.32,26.450428796192472,5.464588001608803e-06,26.450423331604473,1.196080414162746e-06
shape_refinement/old_family,0.995,16.0,0.72,0.4,0.0,56.64057490197281,5.444640322736851e-06,56.64056945733249,1.1855848501595465e-06
shape_refinement/old_family,0.995,16.0,0.72,0.4,0.08,52.309498962463145,5.446957836718672e-06,52.30949351550531,1.1905921505258037e-06
shape_refinement/old_family,0.995,16.0,0.72,0.4,0.16,42.61382258418663,5.452933411943797e-06,42.613817131253214,1.1899907855783922e-06
shape_refinement/old_family,0.995,16.0,0.72,0.4,0.24,32.72927905193608,5.460616675985059e-06,32.729273591319405,1.1943104444899837e-06
shape_refinement/old_family,0.995,16.0,0.72,0.4,0.32,25.406582508666755,5.468279341590316e-06,25.406577040387415,1.1954377677695986e-06
shape_refinement/old_family,0.995,16.0,0.72,0.48,0.0,52.447620489840844,5.436331335704532e-06,52.44761505350951,1.199402041758229e-06
shape_refinement/old_family,0.995,16.0,0.72,0.48,0.08,49.414270020478234,5.4402895414967004e-06,49.41426458018869,1.1950052651995918e-06
shape_refinement/old_family,0.995,16.0,0.72,0.48,0.16,42.05350397035209,5.449496239484535e-06,42.05349852085585,1.1960117888216082e-06
shape_refinement/old_family,0.995,16.0,0.72,0.48,0.24,33.539209997244484,5.460279217400256e-06,33.539204536965265,1.1848284743462355e-06
shape_refinement/old_family,0.995,16.0,0.72,0.56,0.0,43.8903930054288,5.426759312937081e-06,43.89038757866948,1.1899968681633318e-06
shape_refinement/old_family,0.995,16.0,0.72,0.56,0.08,42.12327732488624,5.433359887981526e-06,42.12327189152635,1.1836446683478815e-06
shape_refinement/old_family,0.995,16.0,0.72,0.56,0.16,37.6463449057282,5.4458981643680285e-06,37.64633945983004,1.1864848556863925e-06
shape_refinement/old_family,0.995,16.0,0.72,0.64,0.0,35.536193895731685,5.416149999475427e-06,35.53618847958169,1.186770063204632e-06
shape_refinement/old_family,0.995,16.0,0.72,0.64,0.08,34.75869016556672,5.428034837784165e-06,34.75868473753188,1.18719441770429e-06
shape_refinement/old_family,0.995,16.0,0.72,0.72,0.0,33.86041165388584,5.418065687403632e-06,33.86040623582015,1.1954371442732768e-06
shape_refinement/old_family,0.995,16.0,0.8,0.0,0.0,41.26523476088789,5.461328887352432e-06,41.265229299559,1.187641235968964e-06
shape_refinement/old_family,0.995,16.0,0.8,0.08,0.0,44.426340389332246,5.460018959025223e-06,44.426334929313285,1.190285943561207e-06
shape_refinement/old_family,0.995,16.0,0.8,0.08,0.08,40.61650968704451,5.4588032784482265e-06,40.61650422824123,1.1850571584130835e-06
shape_refinement/old_family,0.995,16.0,0.8,0.16,0.0,54.72810394891419,5.456222515294175e-06,54.72809849269167,1.1945869099788275e-06
shape_refinement/old_family,0.995,16.0,0.8,0.16,0.08,44.755092122065065,5.45529899626465e-06,44.75508666676607,1.186206849107831e-06
shape_refinement/old_family,0.995,16.0,0.8,0.16,0.16,38.3672571038238,5.4526991686724805e-06,38.36725165112463,1.1922201301185977e-06
shape_refinement/old_family,0.995,16.0,0.8,0.24,0.0,70.33429006629518,5.450299910731312e-06,70.33428461599527,1.1969012931548894e-06
shape_refinement/old_family,0.995,16.0,0.8,0.24,0.08,56.93015166330204,5.44989898306226e-06,56.930146213403056,1.1940991050904216e-06
shape_refinement/old_family,0.995,16.0,0.8,0.24,0.16,41.21470448486096,5.448900051547088e-06,41.214699035960905,1.1921350649980067e-06
shape_refinement/old_family,0.995,16.0,0.8,0.24,0.24,34.081124026606,5.447826001442552e-06,34.08111857878,1.1955341736330525e-06
shape_refinement/old_family,0.995,16.0,0.8,0.32,0.0,85.14748967238556,5.442733201076315e-06,85.14748422965236,1.2032795143544553e-06
shape_refinement/old_family,0.995,16.0,0.8,0.32,0.08,71.59765940372317,5.44315922166767e-06,71.59765396056395,1.1983192355426877e-06
shape_refinement/old_family,0.995,16.0,0.8,0.32,0.16,50.25169752737376,5.44459151230622e-06,50.25169208278224,1.1930934032878819e-06
shape_refinement/old_family,0.995,16.0,0.8,0.32,0.24,35.0255649954751,5.447252767967e-06,35.02555954822233,1.1915634237073205e-06
shape_refinement/old_family,0.995,16.0,0.8,0.32,0.32,28.055935322466386,5.450979880676809e-06,28.055929871486505,1.1891000141847553e-06
shape_refinement/old_family,0.995,16.0,0.8,0.4,0.0,92.86423442258845,5.433995968251301e-06,92.86422898859249,1.1903660307888732e-06
shape_refinement/old_family,0.995,16.0,0.8,0.4,0.08,81.53413068019167,5.435731857915329e-06,81.5341252444598,1.19873226175041e-06
shape_refinement/old_family,0.995,16.0,0.8,0.4,0.16,59.60581155565467,5.44056709067112e-06,59.605806115087574,1.1812250798979945e-06
shape_refinement/old_family,0.995,16.0,0.8,0.4,0.24,40.19035772706434,5.447472880385263e-06,40.19035227959146,1.1886619887827316e-06
shape_refinement/old_family,0.995,16.0,0.8,0.48,0.0,90.20933572727789,5.424458358131311e-06,90.20933030281952,1.1868671685915152e-06
shape_refinement/old_family,0.995,16.0,0.8,0.48,0.08,81.89463532676697,5.428514720155672e-06,81.89462989825225,1.185799690320642e-06
shape_refinement/old_family,0.995,16.0,0.8,0.48,0.16,63.51147439628433,5.437660230422615e-06,63.5114689586241,1.18723505764333e-06
shape_refinement/old_family,0.995,16.0,0.8,0.56,0.0,77.9588235191502,5.414377289205573e-06,77.95881810477292,1.1868094585006374e-06
shape_refinement/old_family,0.995,16.0,0.8,0.56,0.08,72.50825522697978,5.423573855241092e-06,72.50824980340593,1.1890623085513888e-06
shape_refinement/old_family,0.995,16.0,0.8,0.64,0.0,60.68271644605922,5.415624607171994e-06,60.68271103043461,1.1871106120053359e-06
shape_refinement/old_family,0.995,16.0,0.88,0.0,0.0,45.50299343434248,5.458400963335081e-06,45.502987975941515,1.2049972116385335e-06
shape_refinement/old_family,0.995,16.0,0.88,0.08,0.0,52.287966390485785,5.456745991407587e-06,52.2879609337398,1.2035776297826786e-06
shape_refinement/old_family,0.995,16.0,0.88,0.08,0.08,44.603752111109465,5.455148576251895e-06,44.60374665596089,1.2075414361157064e-06
shape_refinement/old_family,0.995,16.0,0.88,0.16,0.0,72.12948846302237,5.451953364897462e-06,72.129483011069,1.2047775565286388e-06
shape_refinement/old_family,0.995,16.0,0.88,0.16,0.08,51.44222644071469,5.450535890038241e-06,51.442220990178804,1.1980549173551466e-06
shape_refinement/old_family,0.995,16.0,0.88,0.16,0.16,41.64600778444123,5.446493758137892e-06,41.64600233794747,1.1841968545380544e-06
shape_refinement/old_family,0.995,16.0,0.88,0.24,0.0,100.05343108627685,5.44450643870412e-06,100.0534256417704,1.1830193364786606e-06
shape_refinement/old_family,0.995,16.0,0.88,0.24,0.08,71.12594984488207,5.443421211485124e-06,71.12594440146086,1.1897258124858594e-06
shape_refinement/old_family,0.995,16.0,0.88,0.24,0.16,46.38168394987147,5.440463572271728e-06,46.3816785094079,1.192093524491575e-06
shape_refinement/old_family,0.995,16.0,0.88,0.24,0.24,36.324725288886796,5.436593676779994e-06,36.32471985229312,1.1891930135151353e-06
shape_refinement/old_family,0.995,16.0,0.88,0.32,0.0,126.6942038166242,5.435106701805181e-06,126.6941983815175,1.1884216799602265e-06
shape_refinement/old_family,0.995,16.0,0.88,0.32,0.08,96.22743238121367,5.434595434074223e-06,96.22742694661824,1.1875734215562763e-06
shape_refinement/old_family,0.995,16.0,0.88,0.32,0.16,60.81785825523522,5.433575919454321e-06,60.8178528216593,1.193472257712714e-06
shape_refinement/old_family,0.995,16.0,0.88,0.32,0.24,38.445466986547274,5.433562528654246e-06,38.445461552984746,1.1823637534765499e-06
shape_refinement/old_family,0.995,16.0,0.88,0.4,0.0,143.1882935032716,5.4245418059870825e-06,143.1882880787298,1.1817249886406998e-06
shape_refinement/old_family,0.995,16.0,0.88,0.4,0.08,116.86765360921906,5.425145890570864e-06,116.86764818407318,1.1919211726290637e-06
shape_refinement/old_family,0.995,16.0,0.88,0.4,0.16,77.35713119989182,5.4277401923342365e-06,77.35712577215163,1.187383203444447e-06
shape_refinement/old_family,0.995,16.0,0.88,0.48,0.0,144.48778988727628,5.413544213662603e-06,144.48778447373206,1.1936842897244253e-06
shape_refinement/old_family,0.995,16.0,0.88,0.48,0.08,124.71256443524003,5.4172016869930334e-06,124.71255901803833,1.1910232010797726e-06
shape_refinement/old_family,0.995,16.0,0.88,0.56,0.0,130.29673745497297,5.408737884911199e-06,130.2967320462351,1.1878408365449924e-06
shape_refinement/old_family,0.995,16.0,0.96,0.0,0.0,47.77485057296907,5.456697873367569e-06,47.7748451162712,1.1757513725611198e-06
shape_refinement/old_family,0.995,16.0,0.96,0.08,0.0,57.6801100155356,5.4548546384069435e-06,57.68010456068096,1.2020626277442042e-06
shape_refinement/old_family,0.995,16.0,0.96,0.08,0.08,46.73774144399871,5.4530428500109915e-06,46.737735990955855,1.1833026981702928e-06
shape_refinement/old_family,0.995,16.0,0.96,0.16,0.0,86.2034492296066,5.449503846041455e-06,86.20344378010276,1.1761858968560083e-06
shape_refinement/old_family,0.995,16.0,0.96,0.16,0.08,55.74489465369854,5.447785136614157e-06,55.7448892059134,1.1946063074369653e-06
shape_refinement/old_family,0.995,16.0,0.96,0.16,0.16,43.39060213289237,5.442805442512636e-06,43.39059669008692,1.1862512397929292e-06
shape_refinement/old_family,0.995,16.0,0.96,0.24,0.0,129.61350807762756,5.441152204051646e-06,129.61350263647535,1.2012794131782356e-06
shape_refinement/old_family,0.995,16.0,0.96,0.24,0.08,81.06113454029511,5.439586826836546e-06,81.06112910070829,1.1931504776940305e-06
shape_refinement/old_family,0.995,16.0,0.96,0.24,0.16,49.536166008115316,5.4350786194543784e-06,49.536160573036696,1.1926520820554407e-06
shape_refinement/old_family,0.995,16.0,0.96,0.24,0.24,37.50185937759814,5.428236889240395e-06,37.50185394936125,1.1868819098894483e-06
shape_refinement/old_family,0.995,16.0,0.96,0.32,0.0,175.47637074476688,5.430552670751959e-06,175.4763653142142,1.1969534918824418e-06
shape_refinement/old_family,0.995,16.0,0.96,0.32,0.08,114.4842400692576,5.429211058707778e-06,114.48423464004654,1.1971179940550025e-06
shape_refinement/old_family,0.995,16.0,0.96,0.32,0.16,67.8203778582026,5.4254612625996335e-06,67.82037243274134,1.18746665948569e-06
shape_refinement/old_family,0.995,16.0,0.96,0.4,0.0,203.4987518225353,5.418593365226075e-06,203.49874640394194,1.1927964934230147e-06
shape_refinement/old_family,0.995,16.0,0.96,0.4,0.08,145.81103456454164,5.417635180394832e-06,145.81102914690646,1.1897746411544366e-06
shape_refinement/old_family,0.995,16.0,0.96,0.48,0.0,212.5125079708809,5.406183345044417e-06,212.51250256469757,1.188003513619851e-06
shape_refinement/old_family,1.0,12.0,0.01,0.0,0.0,0.006547751179406502,2.45428078118502e-06,0.0065452968986253164,
shape_refinement/old_family,1.0,12.0,0.01,0.01,0.0,0.010631260946931329,4.908561515242659e-06,0.010626352385416087,
shape_refinement/old_family,1.0,12.0,0.01,0.01,0.01,0.01718259867772461,7.3628422022225745e-06,0.017175235835522388,
shape_refinement/old_family,1.0,12.0,0.08,0.0,0.0,0.4199754570894261,2.6912064027239073e-05,0.41994854502539886,
shape_refinement/old_family,1.0,12.0,0.08,0.08,0.0,0.6473235749798991,2.691231911592039e-05,0.6472966626607832,
shape_refinement/old_family,1.0,12.0,0.08,0.08,0.08,1.080656100445984,2.691249420308522e-05,1.0806291879517809,
shape_refinement/old_family,1.0,12.0,0.16,0.0,0.0,1.691685533326042,2.691262856719248e-05,1.6916586206974749,
shape_refinement/old_family,1.0,12.0,0.16,0.08,0.0,1.7198486010504492,2.6912731220143072e-05,1.719821688319229,
shape_refinement/old_family,1.0,12.0,0.16,0.08,0.08,2.089105162198729,2.6912813001783556e-05,2.0890782493857274,
shape_refinement/old_family,1.0,12.0,0.16,0.16,0.0,2.2383532722504507,2.69129343796111e-05,2.238326359316071,
shape_refinement/old_family,1.0,12.0,0.16,0.16,0.08,2.7032197743813295,2.69129769376302e-05,2.703192861404392,
shape_refinement/old_family,1.0,12.0,0.16,0.16,0.16,4.084659675036329,2.6913060353036006e-05,4.084632761975977,
shape_refinement/old_family,1.0,12.0,0.24,0.0,0.0,3.8526536789315315,2.6912984118357893e-05,3.8526267659474134,
shape_refinement/old_family,1.0,12.0,0.24,0.08,0.0,3.6756111856180267,2.6913018217884e-05,3.6755842725998087,
shape_refinement/old_family,1.0,12.0,0.24,0.08,0.08,4.143616609573362,2.6913044987325956e-05,4.143589696528375,
shape_refinement/old_family,1.0,12.0,0.24,0.16,0.0,3.5677310658390766,2.6913083275004705e-05,3.5677041527558018,
shape_refinement/old_family,1.0,12.0,0.24,0.16,0.08,4.089679060447241,2.691309370994873e-05,4.089652147353531,
shape_refinement/old_family,1.0,12.0,0.24,0.16,0.16,5.298330478290864,2.6913105075752805e-05,5.298303565185788,
shape_refinement/old_family,1.0,12.0,0.24,0.24,0.0,4.061182805685956,2.691311068589813e-05,4.06115589257527,
shape_refinement/old_family,1.0,12.0,0.24,0.24,0.08,4.5547954754304225,2.6913105088959552e-05,4.554768562325333,
shape_refinement/old_family,1.0,12.0,0.24,0.24,0.16,5.997627581491788,2.691307858001818e-05,5.997600668413208,
shape_refinement/old_family,1.0,12.0,0.24,0.24,0.24,8.288504314563527,2.69130120511907e-05,8.288477401551475,
shape_refinement/old_family,1.0,12.0,0.32,0.0,0.0,6.96196773223222,2.6913121052200068e-05,6.961940819111168,
shape_refinement/old_family,1.0,12.0,0.32,0.08,0.0,6.6023231000132725,2.6913121494103835e-05,6.602296186891778,
shape_refinement/old_family,1.0,12.0,0.32,0.08,0.08,7.642003480346797,2.6913119073696546e-05,7.641976567227723,
shape_refinement/old_family,1.0,12.0,0.32,0.16,0.0,5.892861854430189,2.6913109658593673e-05,5.8928349413205305,
shape_refinement/old_family,1.0,12.0,0.32,0.16,0.08,6.70229398644904,2.6913100400992876e-05,6.702267073348639,
shape_refinement/old_family,1.0,12.0,0.32,0.16,0.16,8.813731167132737,2.6913065243429492e-05,8.813704254067494,
shape_refinement/old_family,1.0,12.0,0.32,0.24,0.0,5.4639391812792635,2.691305953866755e-05,5.463912268219725,
shape_refinement/old_family,1.0,12.0,0.32,0.24,0.08,6.052738901245719,2.691304292217396e-05,6.052711988202796,
shape_refinement/old_family,1.0,12.0,0.32,0.24,0.16,7.746309365740684,2.6912989791071884e-05,7.746282452750893,
shape_refinement/old_family,1.0,12.0,0.32,0.24,0.24,9.803596553536908,2.6912894401282782e-05,9.803569640642506,
shape_refinement/old_family,1.0,12.0,0.32,0.32,0.0,5.780551687903513,2.6912954915955204e-05,5.780524774948597,
shape_refinement/old_family,1.0,12.0,0.32,0.32,0.08,6.275880572497448,2.691293287207036e-05,6.275853659564575,
shape_refinement/old_family,1.0,12.0,0.32,0.32,0.16,7.6994514777226835,2.691286637302674e-05,7.699424564856311,
shape_refinement/old_family,1.0,12.0,0.32,0.32,0.24,9.882640864635905,2.6912756057620586e-05,9.882613951879847,
shape_refinement/old_family,1.0,12.0,0.32,0.32,0.32,12.595823597200907,2.6912606778439183e-05,12.595796684594129,
shape_refinement/old_family,1.0,12.0,0.375,0.375,0.0,7.145362689297327,2.6912742313708277e-05,7.145335776555013,
shape_refinement/old_family,1.0,12.0,0.4,0.0,0.0,11.069198437881843,2.691307969091217e-05,11.069171524802153,
shape_refinement/old_family,1.0,12.0,0.4,0.08,0.0,10.630308121317139,2.691306483711356e-05,10.630281208252303,
shape_refinement/old_family,1.0,12.0,0.4,0.08,0.08,11.764388201808487,2.6913048814409605e-05,11.764361288759673,
shape_refinement/old_family,1.0,12.0,0.4,0.16,0.0,9.565194003345034,2.6913016611908678e-05,9.565167090328423,
shape_refinement/old_family,1.0,12.0,0.4,0.16,0.08,10.774863406917074,2.6912997690423653e-05,10.774836493919384,
shape_refinement/old_family,1.0,12.0,0.4,0.16,0.16,13.365294802342884,2.6912939340080812e-05,13.365267889403544,
shape_refinement/old_family,1.0,12.0,0.4,0.24,0.0,8.379821712447832,2.6912928317095608e-05,8.379794799519514,
shape_refinement/old_family,1.0,12.0,0.4,0.24,0.08,9.224573517186077,2.6912906086770564e-05,9.22454660427999,
shape_refinement/old_family,1.0,12.0,0.4,0.24,0.16,11.700145668255274,2.6912839415035395e-05,11.70011875541586,
shape_refinement/old_family,1.0,12.0,0.4,0.24,0.24,14.854675711904996,2.691272975842152e-05,14.854648799175237,
shape_refinement/old_family,1.0,12.0,0.4,0.32,0.0,7.574769133275304,2.6912798079493424e-05,7.574742220477225,
shape_refinement/old_family,1.0,12.0,0.4,0.32,0.08,8.13613862658645,2.691277326707242e-05,8.136111713813182,
shape_refinement/old_family,1.0,12.0,0.4,0.32,0.16,9.765964007575244,2.6912700039258745e-05,9.765937094875204,
shape_refinement/old_family,1.0,12.0,0.4,0.32,0.24,12.32482540711465,2.691258257198178e-05,12.324798494532079,
shape_refinement/old_family,1.0,12.0,0.4,0.32,0.32,15.596250894990213,2.691242894023978e-05,15.596223982561273,
shape_refinement/old_family,1.0,12.0,0.4,0.4,0.0,7.926402279707053,2.6912632486257025e-05,7.9263753670745665,
shape_refinement/old_family,1.0,12.0,0.4,0.4,0.08,8.374382427423576,2.691260635698902e-05,8.37435551481722,
shape_refinement/old_family,1.0,12.0,0.4,0.4,0.16,9.63958708606387,2.691252978137189e-05,9.639560173534088,
shape_refinement/old_family,1.0,12.0,0.4,0.4,0.24,11.50889838824019,2.6912408297778033e-05,11.508871475831892,
shape_refinement/old_family,1.0,12.0,0.4,0.4,0.32,13.693207728857622,2.6912251260724045e-05,13.693180816606361,
shape_refinement/old_family,1.0,12.0,0.4,0.4,0.4,15.895898378306047,2.691207167618389e-05,15.89587146623437,
shape_refinement/old_family,1.0,12.0,0.48,0.0,0.0,16.149728597576036,2.6912918948989633e-05,16.14970168465709,
shape_refinement/old_family,1.0,12.0,0.48,0.08,0.0,15.79956703203456,2.6912898794049802e-05,15.799540119135765,
shape_refinement/old_family,1.0,12.0,0.48,0.08,0.08,16.728819599146632,2.691287810246755e-05,16.72879268626853,
shape_refinement/old_family,1.0,12.0,0.48,0.16,0.0,14.888029457232093,2.6912838305977786e-05,14.888002544393787,
shape_refinement/old_family,1.0,12.0,0.48,0.16,0.08,16.12768723144392,2.691281623198113e-05,16.12766031862769,
shape_refinement/old_family,1.0,12.0,0.48,0.16,0.16,17.963372175314987,2.6912750774234844e-05,17.963345262564214,
shape_refinement/old_family,1.0,12.0,0.48,0.24,0.0,13.607886529683114,2.6912738647423373e-05,13.607859616944467,
shape_refinement/old_family,1.0,12.0,0.48,0.24,0.08,14.542025168413124,2.691271487589863e-05,14.541998255698248,
shape_refinement/old_family,1.0,12.0,0.48,0.24,0.16,16.956848017958777,2.6912644943467327e-05,16.956821105313832,
shape_refinement/old_family,1.0,12.0,0.48,0.24,0.24,18.81248276133418,2.691253333297932e-05,18.812455848800848,
shape_refinement/old_family,1.0,12.0,0.48,0.32,0.0,12.112817248846762,2.691260441327545e-05,12.112790336242348,
shape_refinement/old_family,1.0,12.0,0.48,0.32,0.08,12.71535613426167,2.691257917053278e-05,12.7153292216825,
shape_refinement/old_family,1.0,12.0,0.48,0.32,0.16,14.452007888564085,2.6912505250938004e-05,14.451980976058834,
shape_refinement/old_family,1.0,12.0,0.48,0.32,0.24,16.99143164139398,2.6912388151212116e-05,16.99140472900583,
shape_refinement/old_family,1.0,12.0,0.48,0.32,0.32,18.658914920416564,2.6912237096108496e-05,18.658888008179467,
shape_refinement/old_family,1.0,12.0,0.48,0.4,0.0,10.947925728630581,2.691244443267185e-05,10.947898816186148,
shape_refinement/old_family,1.0,12.0,0.48,0.4,0.08,11.355975685861374,2.691241833269933e-05,11.35594877344304,
shape_refinement/old_family,1.0,12.0,0.48,0.4,0.16,12.51654199657807,2.691234196160637e-05,12.516515084236108,
shape_refinement/old_family,1.0,12.0,0.48,0.4,0.24,14.257723186695424,2.6912221038413693e-05,14.257696274474386,
shape_refinement/old_family,1.0,12.0,0.48,0.4,0.32,16.33754585823481,2.691206487737392e-05,16.337518946169933,
shape_refinement/old_family,1.0,12.0,0.48,0.4,0.4,17.868044560382426,2.6911886350545812e-05,17.868017648496075,
shape_refinement/old_family,1.0,12.0,0.48,0.48,0.0,11.626458065548224,2.6912270395433555e-05,11.626431153277828,
shape_refinement/old_family,1.0,12.0,0.48,0.48,0.08,11.959371786898833,2.691224432711436e-05,11.959344874654507,
shape_refinement/old_family,1.0,12.0,0.48,0.48,0.16,12.877902199597111,2.691216791173462e-05,12.8778752874292,
shape_refinement/old_family,1.0,12.0,0.48,0.48,0.24,14.165980049347406,2.691204638386651e-05,14.165953137301022,
shape_refinement/old_family,1.0,12.0,0.48,0.48,0.32,15.534537449127495,2.6911888052421337e-05,15.534510537239441,
shape_refinement/old_family,1.0,12.0,0.48,0.48,0.4,16.697260051540688,2.6911703932745377e-05,16.697233139836754,
shape_refinement/old_family,1.0,12.0,0.48,0.48,0.48,17.43468213765787,2.691150993640409e-05,17.43465522614793,
shape_refinement/old_family,1.0,12.0,0.56,0.0,0.0,22.02844373386474,2.691269295497325e-05,22.028416821171785,
shape_refinement/old_family,1.0,12.0,0.56,0.08,0.0,22.001034807546752,2.6912672688724255e-05,22.001007894874064,
shape_refinement/old_family,1.0,12.0,0.56,0.08,0.08,22.41326507770189,2.69126520901476e-05,22.4132381650498,
shape_refinement/old_family,1.0,12.0,0.56,0.16,0.0,22.031765665631216,2.691261303536553e-05,22.031738753018182,
shape_refinement/old_family,1.0,12.0,0.56,0.16,0.08,22.500489131898643,2.6912591537680356e-05,22.500462219307106,
shape_refinement/old_family,1.0,12.0,0.56,0.16,0.16,23.063562703328977,2.6912528527958367e-05,23.063535790800447,
shape_refinement/old_family,1.0,12.0,0.56,0.24,0.0,21.913541450550643,2.691251767387186e-05,21.91351453803297,
shape_refinement/old_family,1.0,12.0,0.56,0.24,0.08,22.181987847245246,2.6912494960178037e-05,22.181960934750286,
shape_refinement/old_family,1.0,12.0,0.56,0.24,0.16,22.77697062690455,2.691242855523014e-05,22.776943714475994,
shape_refinement/old_family,1.0,12.0,0.56,0.24,0.24,22.96330195345396,2.691232367469112e-05,22.963275041130284,
shape_refinement/old_family,1.0,12.0,0.56,0.32,0.0,20.954362082846306,2.6912393140464582e-05,20.954335170453167,
shape_refinement/old_family,1.0,12.0,0.56,0.32,0.08,21.055044087409325,2.6912369212697483e-05,21.055017175040113,
shape_refinement/old_family,1.0,12.0,0.56,0.32,0.16,21.391879954047592,2.6912299294839704e-05,21.3918530417483,
shape_refinement/old_family,1.0,12.0,0.56,0.32,0.24,21.82544371253992,2.6912188945228745e-05,21.825416800350972,
shape_refinement/old_family,1.0,12.0,0.56,0.32,0.32,21.58733148290792,2.691204735381549e-05,21.587304570860567,
shape_refinement/old_family,1.0,12.0,0.56,0.4,0.0,18.89595034411439,2.6912248531105766e-05,18.895923431865857,
shape_refinement/old_family,1.0,12.0,0.56,0.4,0.08,18.952926160885475,2.691222374556228e-05,18.95289924866173,
shape_refinement/old_family,1.0,12.0,0.56,0.4,0.16,19.161887187499175,2.6912151190311836e-05,19.161860275347983,
shape_refinement/old_family,1.0,12.0,0.56,0.4,0.24,19.540575984612975,2.6912036211657356e-05,19.540549072576763,
shape_refinement/old_family,1.0,12.0,0.56,0.4,0.32,19.86827275280826,2.691188768035923e-05,19.86824584092058,
shape_refinement/old_family,1.0,12.0,0.56,0.4,0.4,19.440763113879854,2.6911719058292794e-05,19.440736202160796,
shape_refinement/old_family,1.0,12.0,0.56,0.48,0.0,16.85025250288441,2.691209438677322e-05,16.85022559079002,
shape_refinement/old_family,1.0,12.0,0.56,0.48,0.08,16.9730613292093,2.6912069551873845e-05,16.97303441713975,
shape_refinement/old_family,1.0,12.0,0.56,0.48,0.16,17.31420225980714,2.691199668608446e-05,17.314175347810455,
shape_refinement/old_family,1.0,12.0,0.56,0.48,0.24,17.77605224980635,2.6911880674541275e-05,17.776025337925677,
shape_refinement/old_family,1.0,12.0,0.56,0.48,0.32,18.172886828295773,2.6911729817493782e-05,18.172859916565955,
shape_refinement/old_family,1.0,12.0,0.56,0.48,0.4,18.22626373199124,2.6911558969201956e-05,18.22623682043227,
shape_refinement/old_family,1.0,12.0,0.56,0.56,0.0,17.67137005867864,2.6911941174210887e-05,17.671343146737467,
shape_refinement/old_family,1.0,12.0,0.56,0.56,0.08,17.810298961367995,2.6911917804104408e-05,17.81027204945019,
shape_refinement/old_family,1.0,12.0,0.56,0.56,0.16,18.16427299171223,2.6911849558740218e-05,18.16424607986267,
shape_refinement/old_family,1.0,12.0,0.56,0.56,0.24,18.56668762437799,2.691174274034586e-05,18.56666071263525,
shape_refinement/old_family,1.0,12.0,0.56,0.56,0.32,18.80250394109046,2.6911613250333277e-05,18.80247702947721,
shape_refinement/old_family,1.0,12.0,0.64,0.0,0.0,28.33331803861391,2.6912440955238404e-05,28.333291126172956,
shape_refinement/old_family,1.0,12.0,0.64,0.08,0.0,28.956299010168056,2.691242308903149e-05,28.956272097744968,
shape_refinement/old_family,1.0,12.0,0.64,0.08,0.08,28.459811211731086,2.691240493363686e-05,28.459784299326152,
shape_refinement/old_family,1.0,12.0,0.64,0.16,0.0,31.060096974648182,2.6912370786321642e-05,31.060070062277397,
shape_refinement/old_family,1.0,12.0,0.64,0.16,0.08,29.611210007510735,2.6912351823401815e-05,29.61118309515891,
shape_refinement/old_family,1.0,12.0,0.64,0.16,0.16,28.34974645912601,2.6912296439561533e-05,28.34971954682957,
shape_refinement/old_family,1.0,12.0,0.64,0.24,0.0,34.006012320187146,2.691228790951974e-05,34.00598540789924,
shape_refinement/old_family,1.0,12.0,0.64,0.24,0.08,32.15858930916717,2.6912267793961654e-05,32.15856239689938,
shape_refinement/old_family,1.0,12.0,0.64,0.24,0.16,28.96733022666517,2.6912209111816627e-05,28.967303314456057,
shape_refinement/old_family,1.0,12.0,0.64,0.24,0.24,27.057450040940342,2.6912116846743533e-05,27.057423128823494,
shape_refinement/old_family,1.0,12.0,0.64,0.32,0.0,35.71464462428125,2.691218070196803e-05,35.71461771210055,
shape_refinement/old_family,1.0,12.0,0.64,0.32,0.08,33.98113239515348,2.691215937279721e-05,33.98110548299411,
shape_refinement/old_family,1.0,12.0,0.64,0.32,0.16,30.17494884026029,2.6912097139091573e-05,30.17492192816315,
shape_refinement/old_family,1.0,12.0,0.64,0.32,0.24,26.56940536869212,2.6911999336681336e-05,26.56937845669278,
shape_refinement/old_family,1.0,12.0,0.64,0.32,0.32,24.21545730898939,2.6911875379470693e-05,24.21543039711401,
shape_refinement/old_family,1.0,12.0,0.64,0.4,0.0,34.38713300842872,2.691205726055404e-05,34.38710609637146,
shape_refinement/old_family,1.0,12.0,0.64,0.4,0.08,33.08089451441176,2.6912035095804046e-05,33.080867602376664,
shape_refinement/old_family,1.0,12.0,0.64,0.4,0.16,29.876719033152064,2.6911970381803974e-05,29.876692121181684,
shape_refinement/old_family,1.0,12.0,0.64,0.4,0.24,26.16090591004124,2.6911868722960593e-05,26.160878998172517,
shape_refinement/old_family,1.0,12.0,0.64,0.4,0.32,22.91109402366015,2.691174116883063e-05,22.91106711191898,
shape_refinement/old_family,1.0,12.0,0.64,0.4,0.4,20.538215522477618,2.6911613097617437e-05,20.53818861086452,
shape_refinement/old_family,1.0,12.0,0.64,0.48,0.0,30.14656700320151,2.69119266553584e-05,30.146540091274854,
shape_refinement/old_family,1.0,12.0,0.64,0.48,0.08,29.377305857219174,2.6911904764955187e-05,29.37727894531441,
shape_refinement/old_family,1.0,12.0,0.64,0.48,0.16,27.38934065683661,2.6911841160221816e-05,27.389313744995448,
shape_refinement/old_family,1.0,12.0,0.64,0.48,0.24,24.81980518445126,2.691174306795435e-05,24.81977827270819,
shape_refinement/old_family,1.0,12.0,0.64,0.48,0.32,22.11561230391713,2.691162938249621e-05,22.115585392287745,
shape_refinement/old_family,1.0,12.0,0.64,0.56,0.0,25.626951745781057,2.691179789965863e-05,25.626924833983157,
shape_refinement/old_family,1.0,12.0,0.64,0.56,0.08,25.340596389132855,2.6911778721938953e-05,25.340569477354133,
shape_refinement/old_family,1.0,12.0,0.64,0.56,0.16,24.555062906312518,2.6911724966480582e-05,24.555035994587552,
shape_refinement/old_family,1.0,12.0,0.64,0.56,0.24,23.401555879432273,2.691165216297424e-05,23.40152896778011,
shape_refinement/old_family,1.0,12.0,0.64,0.64,0.0,25.633407197534908,2.691167903217361e-05,25.633380285855875,
shape_refinement/old_family,1.0,12.0,0.64,0.64,0.08,25.50611843619524,2.6911667538583157e-05,25.5060915245277,
shape_refinement/old_family,1.0,12.0,0.64,0.64,0.16,25.09702922934547,2.6911641929806017e-05,25.09700231770354,
shape_refinement/old_family,1.0,12.0,0.72,0.0,0.0,34.51286132676561,2.691218652484132e-05,34.51283441457908,
shape_refinement/old_family,1.0,12.0,0.72,0.08,0.0,36.28944714163373,2.6912172192669248e-05,36.289420229461534,
shape_refinement/old_family,1.0,12.0,0.72,0.08,0.08,34.34946917516985,2.6912157566013635e-05,34.349442263012286,
shape_refinement/old_family,1.0,12.0,0.72,0.16,0.0,42.102959904773655,2.691213025251336e-05,42.1029329926434,
shape_refinement/old_family,1.0,12.0,0.72,0.16,0.08,37.092963558838576,2.6912114805372144e-05,37.09293664672377,
shape_refinement/old_family,1.0,12.0,0.72,0.16,0.16,33.39570321770776,2.6912069751726926e-05,33.39567630563801,
shape_refinement/old_family,1.0,12.0,0.72,0.24,0.0,50.72084535180337,2.6912063824007903e-05,50.720818439739546,
shape_refinement/old_family,1.0,12.0,0.72,0.24,0.08,44.37589669803294,2.6912047229330445e-05,44.37586978598571,
shape_refinement/old_family,1.0,12.0,0.72,0.24,0.16,35.293622127828996,2.6911998962832374e-05,35.29359521583003,
shape_refinement/old_family,1.0,12.0,0.72,0.24,0.24,30.80658676134508,2.6911923719793374e-05,30.80655984942136,
shape_refinement/old_family,1.0,12.0,0.72,0.32,0.0,58.05334511493452,2.6911977898037595e-05,58.053318202956625,
shape_refinement/old_family,1.0,12.0,0.72,0.32,0.08,52.02368429237448,2.6911960208390024e-05,52.02365738041428,
shape_refinement/old_family,1.0,12.0,0.72,0.32,0.16,40.51351903966196,2.6911908946766673e-05,40.51349212775301,
shape_refinement/old_family,1.0,12.0,0.72,0.32,0.24,31.172560255996505,2.6911830013179583e-05,31.172533344166492,
shape_refinement/old_family,1.0,12.0,0.72,0.32,0.32,26.41260737550831,2.691173564219236e-05,26.412580463772667,
shape_refinement/old_family,1.0,12.0,0.72,0.4,0.0,60.03342228591427,2.6911878928150306e-05,60.033395374035344,
shape_refinement/old_family,1.0,12.0,0.72,0.4,0.08,55.288946409425556,2.6911860880488942e-05,55.28891949756468,
shape_refinement/old_family,1.0,12.0,0.72,0.4,0.16,44.606075622345394,2.6911809121985477e-05,44.60604871053627,
shape_refinement/old_family,1.0,12.0,0.72,0.4,0.24,33.651883093766514,2.691173221860945e-05,33.651856182034294,
shape_refinement/old_family,1.0,12.0,0.72,0.4,0.32,25.555513036103576,2.6911651731968178e-05,25.555486124451843,
shape_refinement/old_family,1.0,12.0,0.72,0.48,0.0,55.18578588593746,2.691177420340584e-05,55.18575897416326,
shape_refinement/old_family,1.0,12.0,0.72,0.48,0.08,51.965227461104135,2.6911757820517514e-05,51.965200549346314,
shape_refinement/old_family,1.0,12.0,0.72,0.48,0.16,44.05993095513866,2.6911712823361844e-05,44.05990404342584,
shape_refinement/old_family,1.0,12.0,0.72,0.48,0.24,34.767442951503085,2.6911655613056113e-05,34.767416039847475,
shape_refinement/old_family,1.0,12.0,0.72,0.56,0.0,45.50085790208069,2.69116711107472e-05,45.500830990409575,
shape_refinement/old_family,1.0,12.0,0.72,0.56,0.08,43.669404415201434,2.691166097253647e-05,43.66937750354046,
shape_refinement/old_family,1.0,12.0,0.72,0.56,0.16,38.97179866424987,2.6911639339436837e-05,38.97177175261053,
shape_refinement/old_family,1.0,12.0,0.72,0.64,0.0,36.0703098612645,2.691157646791373e-05,36.07028294968803,
shape_refinement/old_family,1.0,12.0,0.72,0.64,0.08,35.27914112312536,2.6911582268260504e-05,35.279114211543096,
shape_refinement/old_family,1.0,12.0,0.72,0.72,0.0,33.85571072645334,2.6911496163502242e-05,33.855683814957175,
shape_refinement/old_family,1.0,12.0,0.8,0.0,0.0,39.92007705835407,2.691194078380734e-05,39.92005014641328,
shape_refinement/old_family,1.0,12.0,0.8,0.08,0.0,43.739077381858536,2.6911930483949904e-05,43.73905046992805,
shape_refinement/old_family,1.0,12.0,0.8,0.08,0.08,39.479777167716264,2.691191987315408e-05,39.47975025579639,
shape_refinement/old_family,1.0,12.0,0.8,0.16,0.0,55.72732232958839,2.6911900263888546e-05,55.727295417688126,
shape_refinement/old_family,1.0,12.0,0.8,0.16,0.08,44.4745538271464,2.6911888817533337e-05,44.474526915257584,
shape_refinement/old_family,1.0,12.0,0.8,0.16,0.16,37.72508881371255,2.6911855539039668e-05,37.72506190185701,
shape_refinement/old_family,1.0,12.0,0.8,0.24,0.0,73.35194047448877,2.691185217156195e-05,73.3519135626366,
shape_refinement/old_family,1.0,12.0,0.8,0.24,0.08,58.419231348142986,2.691183968317886e-05,58.4192044363033,
shape_refinement/old_family,1.0,12.0,0.8,0.24,0.16,41.36076331049502,2.6911803762980137e-05,41.36073639869125,
shape_refinement/old_family,1.0,12.0,0.8,0.24,0.24,33.91880064187175,2.6911749541340335e-05,33.918773730122204,
shape_refinement/old_family,1.0,12.0,0.8,0.32,0.0,89.7820848966968,2.6911789600032314e-05,89.7820579849072,
shape_refinement/old_family,1.0,12.0,0.8,0.32,0.08,74.971436948427,2.691177650578466e-05,74.9714100366505,
shape_refinement/old_family,1.0,12.0,0.8,0.32,0.16,51.833390798367624,2.6911739638024496e-05,51.833363886627986,
shape_refinement/old_family,1.0,12.0,0.8,0.32,0.24,35.42995015611734,2.691168763453742e-05,35.42992324442971,
shape_refinement/old_family,1.0,12.0,0.8,0.32,0.32,28.09205156845103,2.6911640382189195e-05,28.092024656810647,
shape_refinement/old_family,1.0,12.0,0.8,0.4,0.0,98.18390935898826,2.6911717123182018e-05,98.18388244727113,
shape_refinement/old_family,1.0,12.0,0.8,0.4,0.08,86.07709099110247,2.6911705092493317e-05,86.07706407939737,
shape_refinement/old_family,1.0,12.0,0.8,0.4,0.16,62.541983396083744,2.6911673357959516e-05,62.541956484410385,
shape_refinement/old_family,1.0,12.0,0.8,0.4,0.24,41.57063530322744,2.691163809324903e-05,41.570608391589346,
shape_refinement/old_family,1.0,12.0,0.8,0.48,0.0,95.09256987373684,2.6911640118607606e-05,95.09254296209672,
shape_refinement/old_family,1.0,12.0,0.8,0.48,0.08,86.41357517333441,2.6911633262177804e-05,86.41354826170115,
shape_refinement/old_family,1.0,12.0,0.8,0.48,0.16,67.00174050008991,2.6911621105231574e-05,67.0017135884688,
shape_refinement/old_family,1.0,12.0,0.8,0.56,0.0,81.5009760362809,2.691156420236015e-05,81.5009491247167,
shape_refinement/old_family,1.0,12.0,0.8,0.56,0.08,75.92887175595786,2.6911571488233503e-05,75.92884484438638,
shape_refinement/old_family,1.0,12.0,0.8,0.64,0.0,62.49853453225626,2.6911494596598768e-05,62.498507620761664,
shape_refinement/old_family,1.0,12.0,0.88,0.0,0.0,43.93292724082045,2.691170630915473e-05,43.93290032911414,
shape_refinement/old_family,1.0,12.0,0.88,0.08,0.0,51.43399549738946,2.6911700315790215e-05,51.43396858568914,
shape_refinement/old_family,1.0,12.0,0.88,0.08,0.08,43.27536478748656,2.691169395955548e-05,43.2753378757926,
shape_refinement/old_family,1.0,12.0,0.88,0.16,0.0,73.1695452362325,2.6911682558237544e-05,73.16951832454994,
shape_refinement/old_family,1.0,12.0,0.88,0.16,0.08,50.99733853939116,2.6911675302717947e-05,50.99731162771585,
shape_refinement/old_family,1.0,12.0,0.88,0.16,0.16,40.894426019802026,2.691165452960607e-05,40.894399108147496,
shape_refinement/old_family,1.0,12.0,0.88,0.24,0.0,103.52258278762974,2.691165383158487e-05,103.52255587597591,
shape_refinement/old_family,1.0,12.0,0.88,0.24,0.08,72.58445769397233,2.6911645764647366e-05,72.58443078232656,
shape_refinement/old_family,1.0,12.0,0.88,0.24,0.16,46.488915169271195,2.6911623678425345e-05,46.48888825764752,
shape_refinement/old_family,1.0,12.0,0.88,0.24,0.24,36.14252656139249,2.6911595162976367e-05,36.14249964979733,
shape_refinement/old_family,1.0,12.0,0.88,0.32,0.0,132.37383813363834,2.6911615779867303e-05,132.37381122202257,
shape_refinement/old_family,1.0,12.0,0.88,0.32,0.08,99.98885915828028,2.6911608274486414e-05,99.988832246672,
shape_refinement/old_family,1.0,12.0,0.88,0.32,0.16,62.559013154634044,2.691159009960246e-05,62.55898624304395,
shape_refinement/old_family,1.0,12.0,0.88,0.32,0.24,38.9114597434517,2.6911576470595872e-05,38.91143283187523,
shape_refinement/old_family,1.0,12.0,0.88,0.4,0.0,150.18960452317447,2.6911571086267713e-05,150.18957761160337,
shape_refinement/old_family,1.0,12.0,0.88,0.4,0.08,122.52861940962575,2.691156802041521e-05,122.52859249805773,
shape_refinement/old_family,1.0,12.0,0.88,0.4,0.16,80.88982348457938,2.6911566929953568e-05,80.88979657301245,
shape_refinement/old_family,1.0,12.0,0.88,0.48,0.0,151.51908957317636,2.6911523380253505e-05,151.51906266165298,
shape_refinement/old_family,1.0,12.0,0.88,0.48,0.08,131.0848258480557,2.6911533294252017e-05,131.0847989365224,
shape_refinement/old_family,1.0,12.0,0.88,0.56,0.0,136.0996053154912,2.6911476817051012e-05,136.09957840401438,
shape_refinement/old_family,1.0,12.0,0.96,0.0,0.0,46.069592272951894,2.6911480428455933e-05,46.06956536147147,
shape_refinement/old_family,1.0,12.0,0.96,0.08,0.0,56.629820142956895,2.6911479400104087e-05,56.62979323147749,
shape_refinement/old_family,1.0,12.0,0.96,0.08,0.08,45.29268237250662,2.6911477570424843e-05,45.29265546102905,
shape_refinement/old_family,1.0,12.0,0.96,0.16,0.0,86.95001734876118,2.691147561519444e-05,86.94999043728556,
shape_refinement/old_family,1.0,12.0,0.96,0.16,0.08,55.16052952579328,2.6911472035860913e-05,55.160502614321246,
shape_refinement/old_family,1.0,12.0,0.96,0.16,0.16,42.56831972009593,2.6911463151399364e-05,42.568292808632776,
shape_refinement/old_family,1.0,12.0,0.96,0.24,0.0,132.82884952366902,2.691146763103929e-05,132.82882261220138,
shape_refinement/old_family,1.0,12.0,0.96,0.24,0.08,82.3506035287327,2.691146339186532e-05,82.35057661726931,
shape_refinement/old_family,1.0,12.0,0.96,0.24,0.16,49.58534212824965,2.6911456358587567e-05,49.58531521679329,
shape_refinement/old_family,1.0,12.0,0.96,0.24,0.24,37.299568663345816,2.6911465332824716e-05,37.29954175188048,
shape_refinement/old_family,1.0,12.0,0.96,0.32,0.0,181.4853495155592,2.6911454620179054e-05,181.48532260410457,
shape_refinement/old_family,1.0,12.0,0.96,0.32,0.08,118.16875419762681,2.6911454766123688e-05,118.16872728617204,
shape_refinement/old_family,1.0,12.0,0.96,0.32,0.16,69.55376557161647,2.691146582596991e-05,69.55373866015064,
shape_refinement/old_family,1.0,12.0,0.96,0.4,0.0,211.54604454522712,2.6911437444748824e-05,211.54601763378966,
shape_refinement/old_family,1.0,12.0,0.96,0.4,0.08,151.78648776103938,2.6911453220604703e-05,151.78646084958615,
shape_refinement/old_family,1.0,12.0,0.96,0.48,0.0,221.27702645445765,2.6911419140646863e-05,221.27699954303853,
shape_refinement/old_family,1.0,16.0,0.01,0.0,0.0,0.006547726181527092,9.136578467962978e-07,0.006546812523680296,1.584342858962151e-07
shape_refinement/old_family,1.0,16.0,0.01,0.01,0.0,0.01063120935485506,1.827315693591342e-06,0.010629382039161467,3.079160203122888e-07
shape_refinement/old_family,1.0,16.0,0.01,0.01,0.01,0.0171825225564851,2.7409735399290176e-06,0.01717978158294517,4.5052298443259985e-07
shape_refinement/old_family,1.0,16.0,0.08,0.0,0.0,0.4199743724788863,5.262205689176493e-06,0.4199691102731971,2.062745009781116e-06
shape_refinement/old_family,1.0,16.0,0.08,0.08,0.0,0.6473222486737977,5.262205694150223e-06,0.6473169864681035,1.3263061013901734e-06
shape_refinement/old_family,1.0,16.0,0.08,0.08,0.08,1.08065488053701,5.26220569756408e-06,1.0806496183313123,1.2199089745035476e-06
shape_refinement/old_family,1.0,16.0,0.16,0.0,0.0,1.691684413355216,5.262205700183918e-06,1.691679151149516,1.291834385132035e-06
shape_refinement/old_family,1.0,16.0,0.16,0.08,0.0,1.719847463463065,5.26220570218545e-06,1.7198422012573626,1.5120075350645905e-06
shape_refinement/old_family,1.0,16.0,0.16,0.08,0.08,2.089103998642315,5.262205703780031e-06,2.0890987364366116,1.3988533054510285e-06
shape_refinement/old_family,1.0,16.0,0.16,0.16,0.0,2.2383520566571624,5.2622057061466616e-06,2.238346794451456,1.2155932882507159e-06
shape_refinement/old_family,1.0,16.0,0.16,0.16,0.08,2.703218557290388,5.26220570697646e-06,2.703213295084681,1.2170909413633524e-06
shape_refinement/old_family,1.0,16.0,0.16,0.16,0.16,4.084658498814285,5.262205708602897e-06,4.084653236608577,1.243690725516444e-06
shape_refinement/old_family,1.0,16.0,0.24,0.0,0.0,3.8526524698738203,5.26220570711647e-06,3.852647207668113,1.209057711759841e-06
shape_refinement/old_family,1.0,16.0,0.24,0.08,0.0,3.6756099903215675,5.262205707781344e-06,3.67560472811586,1.195299704574855e-06
shape_refinement/old_family,1.0,16.0,0.24,0.08,0.08,4.143615426506713,5.2622057083032955e-06,4.143610164301005,1.186359045204357e-06
shape_refinement/old_family,1.0,16.0,0.24,0.16,0.0,3.5677298885839788,5.262205709049831e-06,3.56772462637827,1.2896370390413664e-06
shape_refinement/old_family,1.0,16.0,0.24,0.16,0.08,4.089677890489708,5.262205709253292e-06,4.089672628283998,1.28952403681331e-06
shape_refinement/old_family,1.0,16.0,0.24,0.16,0.16,5.29832928995094,5.262205709474903e-06,5.298324027745231,1.1914011947305272e-06
shape_refinement/old_family,1.0,16.0,0.24,0.24,0.0,4.061181631003217,5.26220570958429e-06,4.061176368797508,1.191970277205123e-06
shape_refinement/old_family,1.0,16.0,0.24,0.24,0.08,4.554794287385281,5.2622057094751605e-06,4.554789025179572,1.2035531746208321e-06
shape_refinement/old_family,1.0,16.0,0.24,0.24,0.16,5.997626398113637,5.262205708958288e-06,5.997621135907927,1.1901510573123678e-06
shape_refinement/old_family,1.0,16.0,0.24,0.24,0.24,8.288503141664325,5.262205707661106e-06,8.288497879458617,1.2341809565441504e-06
shape_refinement/old_family,1.0,16.0,0.32,0.0,0.0,6.96196655622615,5.262205709786412e-06,6.9619612940204405,1.2264300498384801e-06
shape_refinement/old_family,1.0,16.0,0.32,0.08,0.0,6.602321902112706,5.262205709795029e-06,6.602316639906997,1.198318663367208e-06
shape_refinement/old_family,1.0,16.0,0.32,0.08,0.08,7.642002283868456,5.262205709747835e-06,7.641997021662746,1.2028076737538902e-06
shape_refinement/old_family,1.0,16.0,0.32,0.16,0.0,5.892860664544117,5.262205709564259e-06,5.892855402338408,1.1924858816780005e-06
shape_refinement/old_family,1.0,16.0,0.32,0.16,0.08,6.702292796921856,5.262205709383754e-06,6.702287534716147,1.196400924771894e-06
shape_refinement/old_family,1.0,16.0,0.32,0.16,0.16,8.813729986184129,5.26220570869825e-06,8.813724723978419,1.1941479203355692e-06
shape_refinement/old_family,1.0,16.0,0.32,0.24,0.0,5.463937993511191,5.2622057085870186e-06,5.463932731305483,1.2228598367498238e-06
shape_refinement/old_family,1.0,16.0,0.32,0.24,0.08,6.0527377261215545,5.262205708263029e-06,6.052732463915846,1.2371558536451747e-06
shape_refinement/old_family,1.0,16.0,0.32,0.24,0.16,7.7463081930537525,5.2622057072270775e-06,7.746302930848045,1.228355541181124e-06
shape_refinement/old_family,1.0,16.0,0.32,0.24,0.24,9.803595368927061,5.2622057053671626e-06,9.803590106721355,1.196987482135015e-06
shape_refinement/old_family,1.0,16.0,0.32,0.32,0.0,5.780550501047478,5.26220570654708e-06,5.780545238841771,1.196290780500876e-06
shape_refinement/old_family,1.0,16.0,0.32,0.32,0.08,6.2758793760769445,5.262205706117268e-06,6.275874113871239,1.1964205031134156e-06
shape_refinement/old_family,1.0,16.0,0.32,0.32,0.16,7.699450277963538,5.262205704820666e-06,7.699445015757833,1.1997591453649648e-06
shape_refinement/old_family,1.0,16.0,0.32,0.32,0.24,9.882639676559107,5.262205702669732e-06,9.882634414353404,1.2067967916980605e-06
shape_refinement/old_family,1.0,16.0,0.32,0.32,0.32,12.595822425604252,5.26220569975908e-06,12.595817163398552,1.1889917459484423e-06
shape_refinement/old_family,1.0,16.0,0.375,0.375,0.0,7.145361505139482,5.262205702401753e-06,7.145356242933779,1.236268296351432e-06
shape_refinement/old_family,1.0,16.0,0.4,0.0,0.0,11.06919726610759,5.262205708979949e-06,11.06919200390188,1.2204030402203546e-06
shape_refinement/old_family,1.0,16.0,0.4,0.08,0.0,10.630306942961509,5.262205708690328e-06,10.6303016807558,1.242852926752007e-06
shape_refinement/old_family,1.0,16.0,0.4,0.08,0.08,11.764387042388766,5.262205708377917e-06,11.764381780183058,1.2462840386985654e-06
shape_refinement/old_family,1.0,16.0,0.4,0.16,0.0,9.565192828779761,5.262205707750031e-06,9.565187566574053,1.242191722182203e-06
shape_refinement/old_family,1.0,16.0,0.4,0.16,0.08,10.774862217251188,5.262205707381099e-06,10.77485695504548,1.2198689491600116e-06
shape_refinement/old_family,1.0,16.0,0.4,0.16,0.16,13.365293616511252,5.262205706243382e-06,13.365288354305546,1.1858316612956144e-06
shape_refinement/old_family,1.0,16.0,0.4,0.24,0.0,8.379820517394649,5.262205706028455e-06,8.379815255188943,1.1951752531011981e-06
shape_refinement/old_family,1.0,16.0,0.4,0.24,0.08,9.224572324956464,5.262205705595007e-06,9.224567062750758,1.1984942056559593e-06
shape_refinement/old_family,1.0,16.0,0.4,0.24,0.16,11.70014447860245,5.262205704295038e-06,11.700139216396746,1.193643331316879e-06
shape_refinement/old_family,1.0,16.0,0.4,0.24,0.24,14.854674524582599,5.262205702156949e-06,14.854669262376897,1.2265550605715965e-06
shape_refinement/old_family,1.0,16.0,0.4,0.32,0.0,7.574767960590432,5.262205703489076e-06,7.5747626983847285,1.2057785633239795e-06
shape_refinement/old_family,1.0,16.0,0.4,0.32,0.08,8.13613745004808,5.262205703005282e-06,8.136132187842378,1.2150577688849484e-06
shape_refinement/old_family,1.0,16.0,0.4,0.32,0.16,9.765962829672874,5.262205701577484e-06,9.765957567467172,1.2301917125114979e-06
shape_refinement/old_family,1.0,16.0,0.4,0.32,0.24,12.324824225671343,5.262205699287101e-06,12.324818963465644,1.1891378380326305e-06
shape_refinement/old_family,1.0,16.0,0.4,0.32,0.32,15.596249710309696,5.262205696291582e-06,15.596244448103999,1.1935715429705858e-06
shape_refinement/old_family,1.0,16.0,0.4,0.4,0.0,7.926401081406281,5.2622057002603315e-06,7.926395819200581,1.1983007714988503e-06
shape_refinement/old_family,1.0,16.0,0.4,0.4,0.08,8.37438123733131,5.262205699750862e-06,8.37437597512561,1.1900922665120106e-06
shape_refinement/old_family,1.0,16.0,0.4,0.4,0.16,9.63958590224659,5.262205698257787e-06,9.639580640040892,1.1838172788714019e-06
shape_refinement/old_family,1.0,16.0,0.4,0.4,0.24,11.508897200702886,5.262205695889095e-06,11.508891938497191,1.1989581574835112e-06
shape_refinement/old_family,1.0,16.0,0.4,0.4,0.32,13.693206546612545,5.2622056928271794e-06,13.693201284406852,1.2070545699816397e-06
shape_refinement/old_family,1.0,16.0,0.4,0.4,0.4,15.89589718201877,5.262205689325632e-06,15.89589191981308,1.1962872719124774e-06
shape_refinement/old_family,1.0,16.0,0.48,0.0,0.0,16.149727402386574,5.262205705845795e-06,16.14972214018087,1.195189451224434e-06
shape_refinement/old_family,1.0,16.0,0.48,0.08,0.0,15.799565842692871,5.262205705452813e-06,15.799560580487165,1.1978723264367206e-06
shape_refinement/old_family,1.0,16.0,0.48,0.08,0.08,16.72881841320731,5.262205705049368e-06,16.728813151001606,1.185939303589161e-06
shape_refinement/old_family,1.0,16.0,0.48,0.16,0.0,14.888028274405714,5.2622057042734135e-06,14.88802301220001,1.1841940544067053e-06
shape_refinement/old_family,1.0,16.0,0.48,0.16,0.08,16.127686051916353,5.262205703843014e-06,16.12768078971065,1.2014955284667303e-06
shape_refinement/old_family,1.0,16.0,0.48,0.16,0.16,17.96337099504493,5.262205702566716e-06,17.963365732839225,1.2178822374803237e-06
shape_refinement/old_family,1.0,16.0,0.48,0.24,0.0,13.60788535430521,5.262205702330267e-06,13.607880092099508,1.2355985501697622e-06
shape_refinement/old_family,1.0,16.0,0.48,0.24,0.08,14.542023990650346,5.262205701866768e-06,14.542018728444644,1.2143008266503275e-06
shape_refinement/old_family,1.0,16.0,0.48,0.24,0.16,16.95684683157715,5.262205700503223e-06,16.95684156937145,1.1931731285455807e-06
shape_refinement/old_family,1.0,16.0,0.48,0.24,0.24,18.81248157427414,5.262205698327037e-06,18.812476312068444,1.19390265972917e-06
shape_refinement/old_family,1.0,16.0,0.48,0.32,0.0,12.112816052421799,5.2622056997129635e-06,12.112810790216098,1.1964268964263016e-06
shape_refinement/old_family,1.0,16.0,0.48,0.32,0.08,12.715354940811219,5.26220569922078e-06,12.71534967860552,1.1964474086829535e-06
shape_refinement/old_family,1.0,16.0,0.48,0.32,0.16,14.452006702925647,5.262205697779492e-06,14.45200144071995,1.197909906506108e-06
shape_refinement/old_family,1.0,16.0,0.48,0.32,0.24,16.991430458086885,5.262205695496276e-06,16.991425195881188,1.195301430275042e-06
shape_refinement/old_family,1.0,16.0,0.48,0.32,0.32,18.658913728142515,5.2622056925509976e-06,18.658908465936822,1.204038401259781e-06
shape_refinement/old_family,1.0,16.0,0.48,0.4,0.0,10.947924560119706,5.262205696593655e-06,10.947919297914009,1.188516682985951e-06
shape_refinement/old_family,1.0,16.0,0.48,0.4,0.08,11.35597450998712,5.262205696084756e-06,11.355969247781424,1.20294007002298e-06
shape_refinement/old_family,1.0,16.0,0.48,0.4,0.16,12.51654081396381,5.26220569459567e-06,12.516535551758114,1.2100193746429474e-06
shape_refinement/old_family,1.0,16.0,0.48,0.4,0.24,14.257722000983033,5.262205692237904e-06,14.257716738777342,1.1960168403611579e-06
shape_refinement/old_family,1.0,16.0,0.48,0.4,0.32,16.33754467934766,5.262205689193069e-06,16.33753941714197,1.186381402313816e-06
shape_refinement/old_family,1.0,16.0,0.48,0.4,0.4,17.868043379454548,5.262205685712145e-06,17.86803811724886,1.2002050829722155e-06
shape_refinement/old_family,1.0,16.0,0.48,0.48,0.0,11.626456867109091,5.2622056932002695e-06,11.626451604903398,1.1984391328212496e-06
shape_refinement/old_family,1.0,16.0,0.48,0.48,0.08,11.95937059046425,5.262205692691988e-06,11.959365328258556,1.1964345834059031e-06
shape_refinement/old_family,1.0,16.0,0.48,0.48,0.16,12.877901004725782,5.262205691202037e-06,12.87789574252009,1.1948713289910984e-06
shape_refinement/old_family,1.0,16.0,0.48,0.48,0.24,14.165978862996562,5.2622056888324814e-06,14.165973600790874,1.186350843340733e-06
shape_refinement/old_family,1.0,16.0,0.48,0.48,0.32,15.5345362562603,5.2622056857453276e-06,15.534530994054613,1.2100684203197254e-06
shape_refinement/old_family,1.0,16.0,0.48,0.48,0.4,16.697258875768444,5.262205682155355e-06,16.69725361356276,1.204574785821507e-06
shape_refinement/old_family,1.0,16.0,0.48,0.48,0.48,17.434680959232253,5.262205678372805e-06,17.434675697026574,1.187731214713494e-06
shape_refinement/old_family,1.0,16.0,0.56,0.0,0.0,22.028442547630018,5.262205701439354e-06,22.028437285424317,1.1862346954841057e-06
shape_refinement/old_family,1.0,16.0,0.56,0.08,0.0,22.001033622857165,5.262205701044201e-06,22.001028360651464,1.1876658830250132e-06
shape_refinement/old_family,1.0,16.0,0.56,0.08,0.08,22.413263876939002,5.262205700642569e-06,22.4132586147333,1.200762852239751e-06
shape_refinement/old_family,1.0,16.0,0.56,0.16,0.0,22.03176447298254,5.2622056998810775e-06,22.03175921077684,1.2058040150962878e-06
shape_refinement/old_family,1.0,16.0,0.56,0.16,0.08,22.500487955917173,5.262205699461915e-06,22.500482693711472,1.1789207142118292e-06
shape_refinement/old_family,1.0,16.0,0.56,0.16,0.16,23.063561510840348,5.262205698233348e-06,23.06355624863465,1.1957731152664739e-06
shape_refinement/old_family,1.0,16.0,0.56,0.24,0.0,21.913540266375986,5.262205698021715e-06,21.91353500417029,1.184243742498436e-06
shape_refinement/old_family,1.0,16.0,0.56,0.24,0.08,22.181986647215048,5.262205697578842e-06,22.18198138500935,1.2003929687683113e-06
shape_refinement/old_family,1.0,16.0,0.56,0.24,0.16,22.776969438735268,5.262205696284075e-06,22.77696417652957,1.2040273126507665e-06
shape_refinement/old_family,1.0,16.0,0.56,0.24,0.24,22.963300781150227,5.26220569423911e-06,22.963295518944534,1.199748261759723e-06
shape_refinement/old_family,1.0,16.0,0.56,0.32,0.0,20.95436090415057,5.262205695593557e-06,20.954355641944872,1.209326912137746e-06
shape_refinement/old_family,1.0,16.0,0.56,0.32,0.08,21.055042917552438,5.262205695127013e-06,21.055037655346744,1.2163267534796985e-06
shape_refinement/old_family,1.0,16.0,0.56,0.32,0.16,21.39187877558603,5.262205693763751e-06,21.391873513380336,1.200208356113026e-06
shape_refinement/old_family,1.0,16.0,0.56,0.32,0.24,21.82544252552104,5.262205691612149e-06,21.82543726331535,1.1880870654640723e-06
shape_refinement/old_family,1.0,16.0,0.56,0.32,0.32,21.587330291956782,5.262205688851394e-06,21.587325029751092,1.1909511541483455e-06
shape_refinement/old_family,1.0,16.0,0.56,0.4,0.0,18.895949152233992,5.262205692773957e-06,18.8959438900283,1.1934241631911192e-06
shape_refinement/old_family,1.0,16.0,0.56,0.4,0.08,18.95292496543774,5.262205692290688e-06,18.952919703232048,1.1954730319662475e-06
shape_refinement/old_family,1.0,16.0,0.56,0.4,0.16,19.161885995231447,5.262205690876002e-06,19.161880733025757,1.1929835464684303e-06
shape_refinement/old_family,1.0,16.0,0.56,0.4,0.24,19.54057479226593,5.262205688634143e-06,19.54056953006024,1.1924945590341802e-06
shape_refinement/old_family,1.0,16.0,0.56,0.4,0.32,19.8682715740846,5.262205685738073e-06,19.868266311878912,1.2050833293945127e-06
shape_refinement/old_family,1.0,16.0,0.56,0.4,0.4,19.44076191629911,5.262205682450273e-06,19.440756654093427,1.1975807706839013e-06
shape_refinement/old_family,1.0,16.0,0.56,0.48,0.0,16.850251314746917,5.262205689768444e-06,16.850246052541227,1.1941263748397896e-06
shape_refinement/old_family,1.0,16.0,0.56,0.48,0.08,16.973060148288724,5.2622056892842126e-06,16.973054886083034,1.1875551846998884e-06
shape_refinement/old_family,1.0,16.0,0.56,0.48,0.16,17.314201086373856,5.262205687863472e-06,17.31419582416817,1.1992962887167048e-06
shape_refinement/old_family,1.0,16.0,0.56,0.48,0.24,17.77605107363956,5.262205685601473e-06,17.776045811433875,1.2052503222978798e-06
shape_refinement/old_family,1.0,16.0,0.56,0.48,0.32,18.172885648792196,5.262205682660057e-06,18.172880386586513,1.1912011282934973e-06
shape_refinement/old_family,1.0,16.0,0.56,0.48,0.4,18.22626255377744,5.262205679328849e-06,18.22625729157176,1.1877113077112285e-06
shape_refinement/old_family,1.0,16.0,0.56,0.56,0.0,17.671368890854858,5.262205686781099e-06,17.67136362864917,1.1907322383408958e-06
shape_refinement/old_family,1.0,16.0,0.56,0.56,0.08,17.81029778784596,5.262205686325427e-06,17.810292525640275,1.1982147440980035e-06
shape_refinement/old_family,1.0,16.0,0.56,0.56,0.16,18.164271805688493,5.262205684994776e-06,18.164266543482807,1.1860237378868987e-06
shape_refinement/old_family,1.0,16.0,0.56,0.56,0.24,18.56668643409326,5.262205682912027e-06,18.566681171887577,1.1930769545151353e-06
shape_refinement/old_family,1.0,16.0,0.56,0.56,0.32,18.802502750688475,5.262205680387225e-06,18.802497488482796,1.1961540091862456e-06
shape_refinement/old_family,1.0,16.0,0.64,0.0,0.0,28.333316843634712,5.262205696525852e-06,28.333311581429015,1.2173384560143432e-06
shape_refinement/old_family,1.0,16.0,0.64,0.08,0.0,28.95629784340414,5.2622056961774954e-06,28.956292581198444,1.2155616735229364e-06
shape_refinement/old_family,1.0,16.0,0.64,0.08,0.08,28.45981002215527,5.2622056958235e-06,28.459804759949574,1.2151232518086426e-06
shape_refinement/old_family,1.0,16.0,0.64,0.16,0.0,31.060095780302763,5.262205695157695e-06,31.06009051809707,1.2110916852917926e-06
shape_refinement/old_family,1.0,16.0,0.64,0.16,0.08,29.61120883024406,5.262205694787955e-06,29.611203568038366,1.2126132987328413e-06
shape_refinement/old_family,1.0,16.0,0.64,0.16,0.16,28.34974526578283,5.2622056937080785e-06,28.349740003577136,1.1993693997198623e-06
shape_refinement/old_family,1.0,16.0,0.64,0.24,0.0,34.006011143943496,5.262205693541759e-06,34.0060058817378,1.1889159610269163e-06
shape_refinement/old_family,1.0,16.0,0.64,0.24,0.08,32.15858812540439,5.262205693149546e-06,32.1585828631987,1.1956589299034227e-06
shape_refinement/old_family,1.0,16.0,0.64,0.24,0.16,28.96732904379991,5.2622056920053584e-06,28.967323781594217,1.1881459714990266e-06
shape_refinement/old_family,1.0,16.0,0.64,0.24,0.24,27.057448856130122,5.26220569020637e-06,27.057443593924432,1.189017944268465e-06
shape_refinement/old_family,1.0,16.0,0.64,0.32,0.0,35.71464342882102,5.262205691451422e-06,35.71463816661533,1.1960653709739274e-06
shape_refinement/old_family,1.0,16.0,0.64,0.32,0.08,33.981131210299885,5.262205691035545e-06,33.981125948094196,1.1895489867447038e-06
shape_refinement/old_family,1.0,16.0,0.64,0.32,0.16,30.17494765116565,5.262205689822109e-06,30.17494238895996,1.1897656480170162e-06
shape_refinement/old_family,1.0,16.0,0.64,0.32,0.24,26.569404187626365,5.262205687915153e-06,26.56939892542068,1.1926589005021457e-06
shape_refinement/old_family,1.0,16.0,0.64,0.32,0.32,24.215456123174192,5.26220568549823e-06,24.215450860968506,1.1974433259691e-06
shape_refinement/old_family,1.0,16.0,0.64,0.4,0.0,34.38713182977435,5.262205689044556e-06,34.38712656756866,1.1947274425386469e-06
shape_refinement/old_family,1.0,16.0,0.64,0.4,0.08,33.08089333001448,5.262205688612387e-06,33.08088806780879,1.1978024966163191e-06
shape_refinement/old_family,1.0,16.0,0.64,0.4,0.16,29.87671785298403,5.26220568735059e-06,29.876712590778343,1.2059771550348071e-06
shape_refinement/old_family,1.0,16.0,0.64,0.4,0.24,26.16090473130927,5.262205685368441e-06,26.160899469103583,1.1954230032067363e-06
shape_refinement/old_family,1.0,16.0,0.64,0.4,0.32,22.911092836134408,5.2622056828813855e-06,22.911087573928725,1.198943937002676e-06
shape_refinement/old_family,1.0,16.0,0.64,0.4,0.4,20.53821434293375,5.262205680384247e-06,20.53820908072807,1.1887931286904992e-06
shape_refinement/old_family,1.0,16.0,0.64,0.48,0.0,30.1465658272661,5.2622056864980095e-06,30.146560565060415,1.191457980590794e-06
shape_refinement/old_family,1.0,16.0,0.64,0.48,0.08,29.377304680462014,5.26220568607119e-06,29.377299418256328,1.1958914058095849e-06
shape_refinement/old_family,1.0,16.0,0.64,0.48,0.16,27.389339470370444,5.2622056848310216e-06,27.389334208164758,1.1866981327664045e-06
shape_refinement/old_family,1.0,16.0,0.64,0.48,0.24,24.81980399590126,5.262205682918414e-06,24.819798733695578,1.1935005021165467e-06
shape_refinement/old_family,1.0,16.0,0.64,0.48,0.32,22.11561111435681,5.262205680701771e-06,22.11560585215113,1.1950712486512113e-06
shape_refinement/old_family,1.0,16.0,0.64,0.56,0.0,25.62695054936668,5.262205683987525e-06,25.626945287160996,1.1964398574265687e-06
shape_refinement/old_family,1.0,16.0,0.64,0.56,0.08,25.340595193117856,5.262205683613597e-06,25.340589930912174,1.1968674411926205e-06
shape_refinement/old_family,1.0,16.0,0.64,0.56,0.16,24.55506171698624,5.262205682565471e-06,24.55505645478056,1.196486395545915e-06
shape_refinement/old_family,1.0,16.0,0.64,0.56,0.24,23.401554693952747,5.2622056811459446e-06,23.401549431747064,1.1962654934866263e-06
shape_refinement/old_family,1.0,16.0,0.64,0.64,0.0,25.633406011226263,5.262205681669841e-06,25.63340074902058,1.2027587102528549e-06
shape_refinement/old_family,1.0,16.0,0.64,0.64,0.08,25.506117250221404,5.262205681445739e-06,25.50611198801572,1.1859738364705663e-06
shape_refinement/old_family,1.0,16.0,0.64,0.64,0.16,25.09702804831342,5.262205680946418e-06,25.09702278610774,1.194839741548325e-06
shape_refinement/old_family,1.0,16.0,0.72,0.0,0.0,34.512860142447515,5.262205691564956e-06,34.512854880241825,1.184318093253043e-06
shape_refinement/old_family,1.0,16.0,0.72,0.08,0.0,36.28944595120392,5.2622056912855075e-06,36.28944068899823,1.1915185165371804e-06
shape_refinement/old_family,1.0,16.0,0.72,0.08,0.08,34.34946798389612,5.262205691000316e-06,34.34946272169043,1.195776016135227e-06
shape_refinement/old_family,1.0,16.0,0.72,0.16,0.0,42.10295871647618,5.2622056904677565e-06,42.10295345427049,1.188893866840633e-06
shape_refinement/old_family,1.0,16.0,0.72,0.16,0.08,37.092962370794545,5.262205690166568e-06,37.092957108588855,1.19100667933918e-06
shape_refinement/old_family,1.0,16.0,0.72,0.16,0.16,33.39570204297798,5.262205689288109e-06,33.39569678077229,1.194207266590247e-06
shape_refinement/old_family,1.0,16.0,0.72,0.24,0.0,50.720844176947,5.2622056891725304e-06,50.72083891474131,1.1909152072172986e-06
shape_refinement/old_family,1.0,16.0,0.72,0.24,0.08,44.37589551960189,5.262205688848966e-06,44.3758902573962,1.2068208289610982e-06
shape_refinement/old_family,1.0,16.0,0.72,0.24,0.16,35.2936209475811,5.262205687907864e-06,35.29361568537541,1.199877196584279e-06
shape_refinement/old_family,1.0,16.0,0.72,0.24,0.24,30.80658556538291,5.262205686440771e-06,30.806580303177224,1.1959621253826889e-06
shape_refinement/old_family,1.0,16.0,0.72,0.32,0.0,58.05334393335202,5.262205687497142e-06,58.05333867114633,1.1954837495065387e-06
shape_refinement/old_family,1.0,16.0,0.72,0.32,0.08,52.02368310509834,5.262205687152228e-06,52.02367784289265,1.190491419196461e-06
shape_refinement/old_family,1.0,16.0,0.72,0.32,0.16,40.51351784608358,5.262205686152727e-06,40.5135125838779,1.1937379405488618e-06
shape_refinement/old_family,1.0,16.0,0.72,0.32,0.24,31.172559076223525,5.262205684613676e-06,31.17255381401784,1.190631441203617e-06
shape_refinement/old_family,1.0,16.0,0.72,0.32,0.32,26.41260619394582,5.262205682773627e-06,26.412600931740137,1.1898925571167381e-06
shape_refinement/old_family,1.0,16.0,0.72,0.4,0.0,60.03342109647032,5.262205685567422e-06,60.03341583426464,1.1897086189352946e-06
shape_refinement/old_family,1.0,16.0,0.72,0.4,0.08,55.288945224889574,5.262205685215529e-06,55.28893996268389,1.1959459123906285e-06
shape_refinement/old_family,1.0,16.0,0.72,0.4,0.16,44.60607444117761,5.262205684206339e-06,44.60606917897193,1.1886259188870467e-06
shape_refinement/old_family,1.0,16.0,0.72,0.4,0.24,33.651881909459924,5.262205682706874e-06,33.65187664725424,1.1919680027648398e-06
shape_refinement/old_family,1.0,16.0,0.72,0.4,0.32,25.555511847134763,5.262205681137541e-06,25.55550658492908,1.194110090783227e-06
shape_refinement/old_family,1.0,16.0,0.72,0.48,0.0,55.18578469704157,5.262205683525495e-06,55.18577943483589,1.1998628268408138e-06
shape_refinement/old_family,1.0,16.0,0.72,0.48,0.08,51.96522627640866,5.26220568320606e-06,51.965221014202974,1.1932311242995237e-06
shape_refinement/old_family,1.0,16.0,0.72,0.48,0.16,44.059929766867754,5.262205682328704e-06,44.05992450466207,1.2049015466037242e-06
shape_refinement/old_family,1.0,16.0,0.72,0.48,0.24,34.76744176430517,5.262205681213214e-06,34.767436502099486,1.2000913250515338e-06
shape_refinement/old_family,1.0,16.0,0.72,0.56,0.0,45.50085671668148,5.26220568151539e-06,45.5008514544758,1.2069199939833481e-06
shape_refinement/old_family,1.0,16.0,0.72,0.56,0.08,43.66940322473001,5.262205681317714e-06,43.66939796252433,1.194399473352703e-06
shape_refinement/old_family,1.0,16.0,0.72,0.56,0.16,38.97179748449782,5.262205680895911e-06,38.97179222229214,1.18975204182331e-06
shape_refinement/old_family,1.0,16.0,0.72,0.64,0.0,36.07030868774854,5.26220567967004e-06,36.07030342554286,1.1936681345880201e-06
shape_refinement/old_family,1.0,16.0,0.72,0.64,0.08,35.27913995036555,5.262205679783135e-06,35.279134688159864,1.1848773979399147e-06
shape_refinement/old_family,1.0,16.0,0.72,0.72,0.0,33.8557095394694,5.26220567810426e-06,33.855704277263726,1.1869839369182964e-06
shape_refinement/old_family,1.0,16.0,0.8,0.0,0.0,39.92007588886426,5.262205686773487e-06,39.92007062665857,1.1780575468306513e-06
shape_refinement/old_family,1.0,16.0,0.8,0.08,0.0,43.73907617916825,5.26220568657266e-06,43.73907091696256,1.2027771664769618e-06
shape_refinement/old_family,1.0,16.0,0.8,0.08,0.08,39.479775984872035,5.26220568636577e-06,39.479770722666345,1.18284420749496e-06
shape_refinement/old_family,1.0,16.0,0.8,0.16,0.0,55.72732115581832,5.262205685983428e-06,55.72731589361264,1.1805976449387523e-06
shape_refinement/old_family,1.0,16.0,0.8,0.16,0.08,44.4745526342693,5.262205685760246e-06,44.47454737206362,1.1950995777710732e-06
shape_refinement/old_family,1.0,16.0,0.8,0.16,0.16,37.72508763846525,5.26220568511138e-06,37.725082376259564,1.1852821109679154e-06
shape_refinement/old_family,1.0,16.0,0.8,0.24,0.0,73.35193928605764,5.262205685045721e-06,73.35193402385195,1.2042004253925324e-06
shape_refinement/old_family,1.0,16.0,0.8,0.24,0.08,58.41923016892644,5.2622056848022224e-06,58.41922490672076,1.184001639400519e-06
shape_refinement/old_family,1.0,16.0,0.8,0.24,0.16,41.36076212040551,5.262205684101848e-06,41.36075685819983,1.1962945185267767e-06
shape_refinement/old_family,1.0,16.0,0.8,0.24,0.24,33.91879944102329,5.262205683044633e-06,33.918794178817606,1.2008484101726887e-06
shape_refinement/old_family,1.0,16.0,0.8,0.32,0.0,89.78208370657492,5.2622056838256985e-06,89.78207844436923,1.2021764069742157e-06
shape_refinement/old_family,1.0,16.0,0.8,0.32,0.08,74.97143576345502,5.262205683570387e-06,74.97143050124933,1.1972143199432797e-06
shape_refinement/old_family,1.0,16.0,0.8,0.32,0.16,51.8333896097021,5.262205682851538e-06,51.83338434749642,1.200904167926643e-06
shape_refinement/old_family,1.0,16.0,0.8,0.32,0.24,35.429948989707576,5.262205681837571e-06,35.42994372750189,1.1996852655554962e-06
shape_refinement/old_family,1.0,16.0,0.8,0.32,0.32,28.09205038207613,5.262205680916243e-06,28.092045119870452,1.186374988337174e-06
shape_refinement/old_family,1.0,16.0,0.8,0.4,0.0,98.18390817531858,5.262205682412543e-06,98.1839029131129,1.1992547614798209e-06
shape_refinement/old_family,1.0,16.0,0.8,0.4,0.08,86.0770898097825,5.262205682177967e-06,86.07708454757683,1.197302733385794e-06
shape_refinement/old_family,1.0,16.0,0.8,0.4,0.16,62.54198221907877,5.262205681559205e-06,62.541976956873086,1.1889350230152524e-06
shape_refinement/old_family,1.0,16.0,0.8,0.4,0.24,41.57063411291715,5.2622056808716135e-06,41.570628850711465,1.19632384993399e-06
shape_refinement/old_family,1.0,16.0,0.8,0.48,0.0,95.09256869678353,5.262205680911104e-06,95.09256343457785,1.1906926317951087e-06
shape_refinement/old_family,1.0,16.0,0.8,0.48,0.08,86.4135739859716,5.262205680777416e-06,86.41356872376592,1.1913964170504418e-06
shape_refinement/old_family,1.0,16.0,0.8,0.48,0.16,67.00173930899349,5.2622056805403795e-06,67.00173404678782,1.1957532314865977e-06
shape_refinement/old_family,1.0,16.0,0.8,0.56,0.0,81.50097485522893,5.262205679430885e-06,81.50096959302326,1.1931070122468543e-06
shape_refinement/old_family,1.0,16.0,0.8,0.56,0.08,75.92887057526596,5.262205679572945e-06,75.92886531306029,1.1852272882835966e-06
shape_refinement/old_family,1.0,16.0,0.8,0.64,0.0,62.49853333564158,5.262205678073709e-06,62.49852807343591,1.200090378670347e-06
shape_refinement/old_family,1.0,16.0,0.88,0.0,0.0,43.93292606739942,5.26220568220169e-06,43.93292080519374,1.2184097972888026e-06
shape_refinement/old_family,1.0,16.0,0.88,0.08,0.0,51.43399431191295,5.262205682084831e-06,51.433989049707264,1.210751052043928e-06
shape_refinement/old_family,1.0,16.0,0.88,0.08,0.08,43.275363620966004,5.262205681960896e-06,43.27535835876032,1.2108489969157879e-06
shape_refinement/old_family,1.0,16.0,0.88,0.16,0.0,73.16954406015445,5.262205681738593e-06,73.16953879794877,1.2159743408443233e-06
shape_refinement/old_family,1.0,16.0,0.88,0.16,0.08,50.997337351389966,5.262205681597124e-06,50.99733208918428,1.2055645512044176e-06
shape_refinement/old_family,1.0,16.0,0.88,0.16,0.16,40.89442484424974,5.26220568119209e-06,40.89441958204406,1.194652253861418e-06
shape_refinement/old_family,1.0,16.0,0.88,0.24,0.0,103.5225815922517,5.26220568117848e-06,103.52257633004602,1.1973607584298206e-06
shape_refinement/old_family,1.0,16.0,0.88,0.24,0.08,72.58445651155564,5.26220568102119e-06,72.58445124934997,1.1971079543564312e-06
shape_refinement/old_family,1.0,16.0,0.88,0.24,0.16,46.48891398213743,5.262205680590552e-06,46.48890871993175,1.196584471143363e-06
shape_refinement/old_family,1.0,16.0,0.88,0.24,0.24,36.14252536593195,5.262205680034557e-06,36.14252010372627,1.1954605524069585e-06
shape_refinement/old_family,1.0,16.0,0.88,0.32,0.0,132.37383695645352,5.262205680436545e-06,132.37383169424783,1.1920439309815783e-06
shape_refinement/old_family,1.0,16.0,0.88,0.32,0.08,99.98885797677555,5.262205680290205e-06,99.98885271456987,1.1896327283249743e-06
shape_refinement/old_family,1.0,16.0,0.88,0.32,0.16,62.55901196308747,5.262205679935831e-06,62.55900670088179,1.1975727385755222e-06
shape_refinement/old_family,1.0,16.0,0.88,0.32,0.24,38.911458575003294,5.262205679670091e-06,38.91145331279761,1.1883306662706495e-06
shape_refinement/old_family,1.0,16.0,0.88,0.4,0.0,150.1896033404023,5.2622056795651075e-06,150.1895980781966,1.1919446898260521e-06
shape_refinement/old_family,1.0,16.0,0.88,0.4,0.08,122.52861822330578,5.262205679505329e-06,122.52861296110011,1.1964784833055064e-06
shape_refinement/old_family,1.0,16.0,0.88,0.4,0.16,80.88982230270182,5.262205679484068e-06,80.88981704049614,1.1918313408865053e-06
shape_refinement/old_family,1.0,16.0,0.88,0.48,0.0,151.51908838955433,5.262205678634934e-06,151.51908312734864,1.2013109755041832e-06
shape_refinement/old_family,1.0,16.0,0.88,0.48,0.08,131.08482466638173,5.262205678828237e-06,131.08481940417605,1.200687449465089e-06
shape_refinement/old_family,1.0,16.0,0.88,0.56,0.0,136.09960411759664,5.262205677727042e-06,136.09959885539095,1.198313146940433e-06
shape_refinement/old_family,1.0,16.0,0.96,0.0,0.0,46.06959109112113,5.262205677797457e-06,46.06958582891546,1.1818307447476675e-06
shape_refinement/old_family,1.0,16.0,0.96,0.08,0.0,56.62981895278648,5.262205677777407e-06,56.629813690580804,1.1935529385036844e-06
shape_refinement/old_family,1.0,16.0,0.96,0.08,0.08,45.29268119023018,5.262205677741732e-06,45.2926759280245,1.1867150046762175e-06
shape_refinement/old_family,1.0,16.0,0.96,0.16,0.0,86.9500161748374,5.262205677703608e-06,86.95001091263173,1.1813890641922508e-06
shape_refinement/old_family,1.0,16.0,0.96,0.16,0.08,55.160528336294874,5.262205677633819e-06,55.1605230740892,1.1996691533327488e-06
shape_refinement/old_family,1.0,16.0,0.96,0.16,0.16,42.56831853181394,5.262205677460589e-06,42.56831326960826,1.1886706140829445e-06
shape_refinement/old_family,1.0,16.0,0.96,0.24,0.0,132.82884834319975,5.262205677547933e-06,132.82884308099406,1.203042946017118e-06
shape_refinement/old_family,1.0,16.0,0.96,0.24,0.08,82.3506023438328,5.262205677465277e-06,82.35059708162713,1.1893051736957207e-06
shape_refinement/old_family,1.0,16.0,0.96,0.24,0.16,49.585340948232115,5.262205677328143e-06,49.58533568602644,1.196766777911344e-06
shape_refinement/old_family,1.0,16.0,0.96,0.24,0.24,37.299567479506216,5.262205677503122e-06,37.29956221730054,1.1928589567432877e-06
shape_refinement/old_family,1.0,16.0,0.96,0.32,0.0,181.48534833249354,5.262205677294247e-06,181.48534307028785,1.193145424348253e-06
shape_refinement/old_family,1.0,16.0,0.96,0.32,0.08,118.16875301342368,5.262205677297092e-06,118.168747751218,1.1960861228211327e-06
shape_refinement/old_family,1.0,16.0,0.96,0.32,0.16,69.5537643793297,5.262205677512737e-06,69.55375911712403,1.1930005610101533e-06
shape_refinement/old_family,1.0,16.0,0.96,0.4,0.0,211.54604335536584,5.26220567695936e-06,211.54603809316015,1.193163993868078e-06
shape_refinement/old_family,1.0,16.0,0.96,0.4,0.08,151.78648656470784,5.262205677266958e-06,151.78648130250215,1.197560447939663e-06
shape_refinement/old_family,1.0,16.0,0.96,0.48,0.0,221.27702526394987,5.262205676602465e-06,221.27702000174418,1.2063462882236501e-06
shape_refinement/old_family,1.007,12.0,0.01,0.0,0.0,0.006227328933866558,2.378744486733177e-06,0.006224950189379824,
shape_refinement/old_family,1.007,12.0,0.01,0.01,0.0,0.008763996016723527,4.75749710431168e-06,0.008759238519619215,
shape_refinement/old_family,1.007,12.0,0.01,0.01,0.01,0.014995781763364332,7.1362495764625094e-06,0.014988645513787868,
shape_refinement/old_family,1.007,12.0,0.08,0.0,0.0,0.400686831148098,2.6507025580358096e-05,0.4006603241225176,
shape_refinement/old_family,1.007,12.0,0.08,0.08,0.0,0.5312169835280961,2.6513543990086658e-05,0.531190469984106,
shape_refinement/old_family,1.007,12.0,0.08,0.08,0.08,0.9486195486089314,2.6519635343457598e-05,0.9485930289735879,
shape_refinement/old_family,1.007,12.0,0.16,0.0,0.0,1.6277835169960824,2.652374165507702e-05,1.6277569932544274,
shape_refinement/old_family,1.007,12.0,0.16,0.08,0.0,1.5189115423235626,2.6529330758583706e-05,1.518885012992804,
shape_refinement/old_family,1.007,12.0,0.16,0.08,0.08,1.92674882874908,2.6534559797239932e-05,1.9267222941892828,
shape_refinement/old_family,1.007,12.0,0.16,0.16,0.0,1.816282958284881,2.6542935896005067e-05,1.8162564153489849,
shape_refinement/old_family,1.007,12.0,0.16,0.16,0.08,2.2732109998066523,2.6547410480247908e-05,2.273184452396172,
shape_refinement/old_family,1.007,12.0,0.16,0.16,0.16,3.6431710761518135,2.6558482641009605e-05,3.6431445176691724,
shape_refinement/old_family,1.007,12.0,0.24,0.0,0.0,3.747790361941452,2.6544769636702553e-05,3.7477638171718155,
shape_refinement/old_family,1.007,12.0,0.24,0.08,0.0,3.436790269453028,2.654899908739468e-05,3.4367637204539405,
shape_refinement/old_family,1.007,12.0,0.24,0.08,0.08,4.144026154285509,2.655302488890613e-05,4.14399960126062,
shape_refinement/old_family,1.007,12.0,0.24,0.16,0.0,3.03200797025378,2.655946694612816e-05,3.031981410786834,
shape_refinement/old_family,1.007,12.0,0.24,0.16,0.08,3.6129663993206402,2.6563009380582336e-05,3.6129398363112597,
shape_refinement/old_family,1.007,12.0,0.24,0.16,0.16,5.0256924236450375,2.657180756140391e-05,5.025665851837476,
shape_refinement/old_family,1.007,12.0,0.24,0.24,0.0,3.2720798179497343,2.6572039042504082e-05,3.272053245910692,
shape_refinement/old_family,1.007,12.0,0.24,0.24,0.08,3.7650827890310286,2.6574978770679858e-05,3.7650562140522577,
shape_refinement/old_family,1.007,12.0,0.24,0.24,0.16,5.217364371520063,2.6582277796785528e-05,5.217337789242266,
shape_refinement/old_family,1.007,12.0,0.24,0.24,0.24,7.55388623700133,2.6590870827855757e-05,7.553859646130502,
shape_refinement/old_family,1.007,12.0,0.32,0.0,0.0,6.839198657626471,2.6564557784370346e-05,6.839172093068687,
shape_refinement/old_family,1.007,12.0,0.32,0.08,0.0,6.384776653808354,2.6567444795656058e-05,6.3847500863635585,
shape_refinement/old_family,1.007,12.0,0.32,0.08,0.08,7.513394210548245,2.6570253060174447e-05,7.5133676402951854,
shape_refinement/old_family,1.007,12.0,0.32,0.16,0.0,5.414654582378528,2.657466429271893e-05,5.414628007714235,
shape_refinement/old_family,1.007,12.0,0.32,0.16,0.08,6.34679860331075,2.657726739378571e-05,6.346772026043356,
shape_refinement/old_family,1.007,12.0,0.32,0.16,0.16,9.090745165542907,2.6583749619675042e-05,9.090718581793288,
shape_refinement/old_family,1.007,12.0,0.32,0.24,0.0,4.649061215879918,2.658325352490027e-05,4.649034632626393,
shape_refinement/old_family,1.007,12.0,0.32,0.24,0.08,5.26471190133608,2.6585584644424555e-05,5.264685315751435,
shape_refinement/old_family,1.007,12.0,0.32,0.24,0.16,7.094499667107144,2.6591371023503875e-05,7.09447307573612,
shape_refinement/old_family,1.007,12.0,0.32,0.24,0.24,9.59809448042074,2.6598109715799385e-05,9.598067882311023,
shape_refinement/old_family,1.007,12.0,0.32,0.32,0.0,4.7585784679796905,2.659057946540711e-05,4.758551877400225,
shape_refinement/old_family,1.007,12.0,0.32,0.32,0.08,5.25415091404175,2.659262801984349e-05,5.25412432141373,
shape_refinement/old_family,1.007,12.0,0.32,0.32,0.16,6.688507855744065,2.6597705270369117e-05,6.688481258038795,
shape_refinement/old_family,1.007,12.0,0.32,0.32,0.24,8.917257731566817,2.660358228956162e-05,8.917231127984527,
shape_refinement/old_family,1.007,12.0,0.32,0.32,0.32,11.734706157450539,2.6608270658536778e-05,11.73467954917988,
shape_refinement/old_family,1.007,12.0,0.375,0.375,0.0,6.1391113722838115,2.6596031815366362e-05,6.1390847762519964,
shape_refinement/old_family,1.007,12.0,0.4,0.0,0.0,10.938479578891991,2.657968116162772e-05,10.93845299921083,
shape_refinement/old_family,1.007,12.0,0.4,0.08,0.0,10.497329621081695,2.658145552449891e-05,10.497303039626171,
shape_refinement/old_family,1.007,12.0,0.4,0.08,0.08,11.600776377138267,2.6583235555371662e-05,11.600749793902711,
shape_refinement/old_family,1.007,12.0,0.4,0.16,0.0,9.346578160325176,2.6585894035210383e-05,9.34655157443114,
shape_refinement/old_family,1.007,12.0,0.4,0.16,0.08,10.613900719734453,2.658768248236391e-05,10.61387413205197,
shape_refinement/old_family,1.007,12.0,0.4,0.16,0.16,13.091547256540466,2.65921374861161e-05,13.09152066440298,
shape_refinement/old_family,1.007,12.0,0.4,0.24,0.0,7.8935425617589114,2.659104815455263e-05,7.893515970710757,
shape_refinement/old_family,1.007,12.0,0.4,0.24,0.08,8.760457873037497,2.6592838971430765e-05,8.760431280198526,
shape_refinement/old_family,1.007,12.0,0.4,0.24,0.16,11.327327499414281,2.6597288397783868e-05,11.327300902125883,
shape_refinement/old_family,1.007,12.0,0.4,0.24,0.24,14.388192281122036,2.660242710061417e-05,14.388165678694936,
shape_refinement/old_family,1.007,12.0,0.4,0.32,0.0,6.740718634062945,2.6595055759359002e-05,6.740692039007185,
shape_refinement/old_family,1.007,12.0,0.4,0.32,0.08,7.299953664087574,2.6596847156326867e-05,7.299927067240417,
shape_refinement/old_family,1.007,12.0,0.4,0.32,0.16,8.94515359322599,2.6601293933530972e-05,8.945126991932057,
shape_refinement/old_family,1.007,12.0,0.4,0.32,0.24,11.6019385101687,2.660644713430052e-05,11.601911903721566,
shape_refinement/old_family,1.007,12.0,0.4,0.32,0.32,14.906754088441682,2.66105475953456e-05,14.906727477894087,
shape_refinement/old_family,1.007,12.0,0.4,0.4,0.0,6.985572817180909,2.6596735328022573e-05,6.985546220445581,
shape_refinement/old_family,1.007,12.0,0.4,0.4,0.08,7.4255253416695135,2.6598531679557875e-05,7.425498743137834,
shape_refinement/old_family,1.007,12.0,0.4,0.4,0.16,8.675449546400758,2.6602994822001473e-05,8.675422943405936,
shape_refinement/old_family,1.007,12.0,0.4,0.4,0.24,10.544439373974598,2.660821141874009e-05,10.544412765763179,
shape_refinement/old_family,1.007,12.0,0.4,0.4,0.32,12.768566406723984,2.661248461556329e-05,12.768539794239368,
shape_refinement/old_family,1.007,12.0,0.4,0.4,0.4,15.067870271859976,2.6614735808533396e-05,15.067843657124167,
shape_refinement/old_family,1.007,12.0,0.48,0.0,0.0,15.971359398495503,2.6589136170537776e-05,15.971332809359332,
shape_refinement/old_family,1.007,12.0,0.48,0.08,0.0,15.765000039924292,2.659006399288689e-05,15.7649734498603,
shape_refinement/old_family,1.007,12.0,0.48,0.08,0.08,16.56011766819746,2.6591048697409945e-05,16.560091077148762,
shape_refinement/old_family,1.007,12.0,0.48,0.16,0.0,15.091319601597867,2.659233968211431e-05,15.091293009258186,
shape_refinement/old_family,1.007,12.0,0.48,0.16,0.08,16.182981565842113,2.6593474169788738e-05,16.18295497236794,
shape_refinement/old_family,1.007,12.0,0.48,0.16,0.16,17.78655272125923,2.6596289656524017e-05,17.786526124969573,
shape_refinement/old_family,1.007,12.0,0.48,0.24,0.0,13.818547696690821,2.6594780784730767e-05,13.818521101910036,
shape_refinement/old_family,1.007,12.0,0.48,0.24,0.08,14.659253061891265,2.659611824138479e-05,14.659226465773024,
shape_refinement/old_family,1.007,12.0,0.48,0.24,0.16,16.859362402888497,2.6599453567854767e-05,16.859335803434927,
shape_refinement/old_family,1.007,12.0,0.48,0.24,0.24,18.541468268555185,2.6603296569643842e-05,18.541441665258617,
shape_refinement/old_family,1.007,12.0,0.48,0.32,0.0,12.013086047973662,2.6596168270746665e-05,12.013059451805391,
shape_refinement/old_family,1.007,12.0,0.48,0.32,0.08,12.561826798357657,2.6597732945940834e-05,12.561800200624711,
shape_refinement/old_family,1.007,12.0,0.48,0.32,0.16,14.177096785156992,2.6601639222788123e-05,14.17707018351777,
shape_refinement/old_family,1.007,12.0,0.48,0.32,0.24,16.612092330437335,2.660621616631083e-05,16.612065724221168,
shape_refinement/old_family,1.007,12.0,0.48,0.32,0.32,18.194420718218666,2.6609929357830353e-05,18.19439410828931,
shape_refinement/old_family,1.007,12.0,0.48,0.4,0.0,10.466594339911481,2.659566817523915e-05,10.466567744243306,
shape_refinement/old_family,1.007,12.0,0.48,0.4,0.08,10.846024142254912,2.6597469345126477e-05,10.845997544785567,
shape_refinement/old_family,1.007,12.0,0.48,0.4,0.16,11.9357047231031,2.6601954239589257e-05,11.935678121148861,
shape_refinement/old_family,1.007,12.0,0.48,0.4,0.24,13.604207184127834,2.660726217614276e-05,13.604180576865657,
shape_refinement/old_family,1.007,12.0,0.48,0.4,0.32,15.660798729308938,2.66117760715678e-05,15.660772117532867,
shape_refinement/old_family,1.007,12.0,0.48,0.4,0.4,17.19433664889336,2.6614460288595375e-05,17.19431003443307,
shape_refinement/old_family,1.007,12.0,0.48,0.48,0.0,11.115137813396299,2.6592948481642824e-05,11.115111220447817,
shape_refinement/old_family,1.007,12.0,0.48,0.48,0.08,11.426154276178242,2.659498615828405e-05,11.426127681192083,
shape_refinement/old_family,1.007,12.0,0.48,0.48,0.16,12.286168224412158,2.660002376040396e-05,12.286141624388398,
shape_refinement/old_family,1.007,12.0,0.48,0.48,0.24,13.498190173723954,2.6606009066178884e-05,13.498163567714887,
shape_refinement/old_family,1.007,12.0,0.48,0.48,0.32,14.797871445446038,2.6611279080055747e-05,14.797844834166957,
shape_refinement/old_family,1.007,12.0,0.48,0.48,0.4,15.921753437914338,2.6614795086945453e-05,15.92172682311925,
shape_refinement/old_family,1.007,12.0,0.48,0.48,0.48,16.665266203978753,2.661600661790713e-05,16.665239587972135,
shape_refinement/old_family,1.007,12.0,0.56,0.0,0.0,21.697268952185475,2.6593565422229112e-05,21.697242358620052,
shape_refinement/old_family,1.007,12.0,0.56,0.08,0.0,22.000665535952837,2.6593862876930695e-05,22.00063894208996,
shape_refinement/old_family,1.007,12.0,0.56,0.08,0.08,22.147680502346933,2.659424358168046e-05,22.14765390810335,
shape_refinement/old_family,1.007,12.0,0.56,0.16,0.0,22.72282845413147,2.659449947552808e-05,22.722801859631993,
shape_refinement/old_family,1.007,12.0,0.56,0.16,0.08,22.72043535709297,2.6595110609459185e-05,22.720408761982362,
shape_refinement/old_family,1.007,12.0,0.56,0.16,0.16,22.926357629676716,2.6596605007462258e-05,22.92633103307171,
shape_refinement/old_family,1.007,12.0,0.56,0.24,0.0,23.10146664292154,2.65948472644083e-05,23.101440048074277,
shape_refinement/old_family,1.007,12.0,0.56,0.24,0.08,23.011834461358898,2.6595793338901346e-05,23.011807865565558,
shape_refinement/old_family,1.007,12.0,0.56,0.24,0.16,22.95962613596018,2.6598174044955763e-05,22.959599537786133,
shape_refinement/old_family,1.007,12.0,0.56,0.24,0.24,22.87256972132794,2.660094108143687e-05,22.87254312038686,
shape_refinement/old_family,1.007,12.0,0.56,0.32,0.0,22.119646329743922,2.659420277577227e-05,22.119619735541146,
shape_refinement/old_family,1.007,12.0,0.56,0.32,0.08,22.010756284503298,2.659554853703321e-05,22.01072968895476,
shape_refinement/old_family,1.007,12.0,0.56,0.32,0.16,21.855290761565985,2.6598947327415672e-05,21.855264162618656,
shape_refinement/old_family,1.007,12.0,0.56,0.32,0.24,21.823484950298248,2.660302308118268e-05,21.823458347275167,
shape_refinement/old_family,1.007,12.0,0.56,0.32,0.32,21.36863125314862,2.6606475527976624e-05,21.36860464667309,
shape_refinement/old_family,1.007,12.0,0.56,0.4,0.0,19.587835751926008,2.659203735262263e-05,19.587809159888653,
shape_refinement/old_family,1.007,12.0,0.56,0.4,0.08,19.540135740881183,2.6593824186682147e-05,19.540109147056995,
shape_refinement/old_family,1.007,12.0,0.56,0.4,0.16,19.473046343741625,2.6598288324757016e-05,19.4730197454533,
shape_refinement/old_family,1.007,12.0,0.56,0.4,0.24,19.508534687396843,2.6603654896201036e-05,19.508508083741948,
shape_refinement/old_family,1.007,12.0,0.56,0.4,0.32,19.556252414714155,2.66084150156297e-05,19.55622580629914,
shape_refinement/old_family,1.007,12.0,0.56,0.4,0.4,18.963971474949105,2.6611594110789265e-05,18.963944863354993,
shape_refinement/old_family,1.007,12.0,0.56,0.48,0.0,17.01088843103942,2.6588112857318397e-05,17.010861842926563,
shape_refinement/old_family,1.007,12.0,0.56,0.48,0.08,17.085753520177594,2.6590378138369712e-05,17.085726929799456,
shape_refinement/old_family,1.007,12.0,0.56,0.48,0.16,17.29264061044546,2.659590466476153e-05,17.292614014540796,
shape_refinement/old_family,1.007,12.0,0.56,0.48,0.24,17.562691557550743,2.66024560937254e-05,17.56266495509465,
shape_refinement/old_family,1.007,12.0,0.56,0.48,0.32,17.753900969594802,2.660837912426528e-05,17.75387436121568,
shape_refinement/old_family,1.007,12.0,0.56,0.48,0.4,17.633767487993392,2.6612676735410896e-05,17.633740875316658,
shape_refinement/old_family,1.007,12.0,0.56,0.56,0.0,17.739528888859045,2.6582484352454558e-05,17.739502306374693,
shape_refinement/old_family,1.007,12.0,0.56,0.56,0.08,17.846881373640556,2.6585285804198352e-05,17.84685478835475,
shape_refinement/old_family,1.007,12.0,0.56,0.56,0.16,18.110238395222474,2.6591840986497445e-05,18.11021180338149,
shape_refinement/old_family,1.007,12.0,0.56,0.56,0.24,18.374967316970842,2.6599397530334528e-05,18.374940717573313,
shape_refinement/old_family,1.007,12.0,0.56,0.56,0.32,18.444713623088205,2.6606278640674325e-05,18.444687016809564,
shape_refinement/old_family,1.007,12.0,0.64,0.0,0.0,27.699715684185808,2.659434857848798e-05,27.69968908983723,
shape_refinement/old_family,1.007,12.0,0.64,0.08,0.0,28.861856971377378,2.6594163657555945e-05,28.86183037721372,
shape_refinement/old_family,1.007,12.0,0.64,0.08,0.08,27.960283459018694,2.659406936459637e-05,27.96025686494933,
shape_refinement/old_family,1.007,12.0,0.64,0.16,0.0,32.19868951439631,2.6593522665806036e-05,32.19866292087364,
shape_refinement/old_family,1.007,12.0,0.64,0.16,0.08,29.867226486066542,2.659368950654373e-05,29.867199892377034,
shape_refinement/old_family,1.007,12.0,0.64,0.16,0.16,28.14840219129637,2.659404914739661e-05,28.148375597247224,
shape_refinement/old_family,1.007,12.0,0.64,0.24,0.0,36.31093756172297,2.659219897051267e-05,36.310910969524,
shape_refinement/old_family,1.007,12.0,0.64,0.24,0.08,33.674639190735725,2.659277104080753e-05,33.67461259796468,
shape_refinement/old_family,1.007,12.0,0.64,0.24,0.16,29.356922267963146,2.6594240113752862e-05,29.35689567372303,
shape_refinement/old_family,1.007,12.0,0.64,0.24,0.24,27.086742162850285,2.6595999844928617e-05,27.08671556685044,
shape_refinement/old_family,1.007,12.0,0.64,0.32,0.0,38.540667662773345,2.6589907935962635e-05,38.540641072865405,
shape_refinement/old_family,1.007,12.0,0.64,0.32,0.08,36.2976641295312,2.65910014665499e-05,36.297637538529735,
shape_refinement/old_family,1.007,12.0,0.64,0.32,0.16,31.415795649713857,2.6593825906837652e-05,31.41576905588795,
shape_refinement/old_family,1.007,12.0,0.64,0.32,0.24,26.920389323084525,2.6597359533166744e-05,26.920362725724992,
shape_refinement/old_family,1.007,12.0,0.64,0.32,0.32,24.224947356781442,2.6600574009909848e-05,24.224920756207432,
shape_refinement/old_family,1.007,12.0,0.64,0.4,0.0,36.91773497284292,2.6586405942586003e-05,36.91770838643698,
shape_refinement/old_family,1.007,12.0,0.64,0.4,0.08,35.34269663911529,2.658812493911197e-05,35.34267005099035,
shape_refinement/old_family,1.007,12.0,0.64,0.4,0.16,31.442767544108733,2.65924500277036e-05,31.442740951658706,
shape_refinement/old_family,1.007,12.0,0.64,0.4,0.24,26.890297944332325,2.6597763612070883e-05,26.890271346568714,
shape_refinement/old_family,1.007,12.0,0.64,0.4,0.32,22.97829584479401,2.660270957131296e-05,22.97826924208444,
shape_refinement/old_family,1.007,12.0,0.64,0.4,0.4,20.27547788669545,2.6606402565552497e-05,20.275451280292888,
shape_refinement/old_family,1.007,12.0,0.64,0.48,0.0,31.81766292939079,2.658157083536571e-05,31.817636347819953,
shape_refinement/old_family,1.007,12.0,0.64,0.48,0.08,30.927590341688727,2.6584043925953937e-05,30.9275637576448,
shape_refinement/old_family,1.007,12.0,0.64,0.48,0.16,28.59097841428258,2.658995059181645e-05,28.590951824331988,
shape_refinement/old_family,1.007,12.0,0.64,0.48,0.24,25.50788415134034,2.6596901072788027e-05,25.507857554439266,
shape_refinement/old_family,1.007,12.0,0.64,0.48,0.32,22.245344822438877,2.66033344684458e-05,22.24531821910441,
shape_refinement/old_family,1.007,12.0,0.64,0.56,0.0,26.40892483826858,2.657544400689344e-05,26.40889826282457,
shape_refinement/old_family,1.007,12.0,0.64,0.56,0.08,26.073724006216963,2.6578904589685952e-05,26.073697427312375,
shape_refinement/old_family,1.007,12.0,0.64,0.56,0.16,25.13973333881523,2.6586428137643206e-05,25.13970675238709,
shape_refinement/old_family,1.007,12.0,0.64,0.56,0.24,23.744112881822165,2.659474183471951e-05,23.74408628708033,
shape_refinement/old_family,1.007,12.0,0.64,0.64,0.0,26.060310156726224,2.6568233653999927e-05,26.06028358849257,
shape_refinement/old_family,1.007,12.0,0.64,0.64,0.08,25.9077854561399,2.6573228750166793e-05,25.90775888291115,
shape_refinement/old_family,1.007,12.0,0.64,0.64,0.16,25.42123054523949,2.6582282113910467e-05,25.421203962957375,
shape_refinement/old_family,1.007,12.0,0.72,0.0,0.0,33.43737839413722,2.6592980936845002e-05,33.43735180115628,
shape_refinement/old_family,1.007,12.0,0.72,0.08,0.0,35.958030502000845,2.6592410386061412e-05,35.95800390959046,
shape_refinement/old_family,1.007,12.0,0.72,0.08,0.08,33.48383838643698,2.659192236522629e-05,33.483811794514615,
shape_refinement/old_family,1.007,12.0,0.72,0.16,0.0,43.56999970633745,2.6590723682040147e-05,43.56997311561376,
shape_refinement/old_family,1.007,12.0,0.72,0.16,0.08,37.22008546722236,2.659048301830903e-05,37.220058876739344,
shape_refinement/old_family,1.007,12.0,0.72,0.16,0.16,33.0184083017913,2.6589775459309042e-05,33.01838171201584,
shape_refinement/old_family,1.007,12.0,0.72,0.24,0.0,54.12463946464814,2.658797996713262e-05,54.124612876668174,
shape_refinement/old_family,1.007,12.0,0.72,0.24,0.08,46.397949794514076,2.6588151665764065e-05,46.397923206362414,
shape_refinement/old_family,1.007,12.0,0.72,0.24,0.16,35.76831998608369,2.6588627368072616e-05,35.76829339745632,
shape_refinement/old_family,1.007,12.0,0.72,0.24,0.24,30.873780046460976,2.65892746946304e-05,30.873753457186282,
shape_refinement/old_family,1.007,12.0,0.72,0.32,0.0,62.72194195789831,2.6584239210163093e-05,62.7219153736591,
shape_refinement/old_family,1.007,12.0,0.72,0.32,0.08,55.70159015545403,2.6584994385334814e-05,55.70156357045964,
shape_refinement/old_family,1.007,12.0,0.72,0.32,0.16,42.42301055606467,2.658704920916382e-05,42.42298396901546,
shape_refinement/old_family,1.007,12.0,0.72,0.32,0.24,31.797914284102532,2.6589862566249423e-05,31.797887694239964,
shape_refinement/old_family,1.007,12.0,0.72,0.32,0.32,26.60308874405717,2.6592766354292534e-05,26.603062151290818,
shape_refinement/old_family,1.007,12.0,0.72,0.4,0.0,64.86428359345994,2.6579541693470967e-05,64.86425701391825,
shape_refinement/old_family,1.007,12.0,0.72,0.4,0.08,59.5670572307432,2.6581082821606532e-05,59.56703064966038,
shape_refinement/old_family,1.007,12.0,0.72,0.4,0.16,47.5504650160229,2.6585045092804924e-05,47.550438430977806,
shape_refinement/old_family,1.007,12.0,0.72,0.4,0.24,35.13435205369742,2.659011782007659e-05,35.1343254635796,
shape_refinement/old_family,1.007,12.0,0.72,0.4,0.32,25.969739798587042,2.6595159660473196e-05,25.969713203427382,
shape_refinement/old_family,1.007,12.0,0.72,0.48,0.0,59.114861409900826,2.6573922275322862e-05,59.11483483597855,
shape_refinement/old_family,1.007,12.0,0.72,0.48,0.08,55.6442089181937,2.657656415454072e-05,55.644182341629545,
shape_refinement/old_family,1.007,12.0,0.72,0.48,0.16,47.0038539208722,2.6582687919946058e-05,47.00382733818428,
shape_refinement/old_family,1.007,12.0,0.72,0.48,0.24,36.645492136568215,2.6589836099483677e-05,36.64546554673212,
shape_refinement/old_family,1.007,12.0,0.72,0.56,0.0,47.92611078200532,2.6567453687939215e-05,47.92608421455163,
shape_refinement/old_family,1.007,12.0,0.72,0.56,0.08,46.00548459128075,2.6571873080304017e-05,46.00545801940767,
shape_refinement/old_family,1.007,12.0,0.72,0.56,0.16,41.0029673819736,2.658023703762913e-05,41.00294080173656,
shape_refinement/old_family,1.007,12.0,0.72,0.64,0.0,37.06008241704684,2.6560291901742395e-05,37.06005585675494,
shape_refinement/old_family,1.007,12.0,0.72,0.64,0.08,36.24754956876779,2.656826876873392e-05,36.24752300049902,
shape_refinement/old_family,1.007,12.0,0.72,0.72,0.0,34.096170410843946,2.6561564451352312e-05,34.09614384927949,
shape_refinement/old_family,1.007,12.0,0.8,0.0,0.0,38.33938920962452,2.6590760403567405e-05,38.339362618864115,
shape_refinement/old_family,1.007,12.0,0.8,0.08,0.0,43.06936166911428,2.6589879231790922e-05,43.069335079235046,
shape_refinement/old_family,1.007,12.0,0.8,0.08,0.08,38.18227446242307,2.6589060638785794e-05,38.18224787336243,
shape_refinement/old_family,1.007,12.0,0.8,0.16,0.0,57.344743101034275,2.6587324573045234e-05,57.344716513709706,
shape_refinement/old_family,1.007,12.0,0.8,0.16,0.08,44.325532598575464,2.658670018443451e-05,44.32550601187528,
shape_refinement/old_family,1.007,12.0,0.8,0.16,0.16,37.101504823421905,2.6584941471138135e-05,37.10147823848043,
shape_refinement/old_family,1.007,12.0,0.8,0.24,0.0,77.64212971008686,2.6583336776952625e-05,77.64210312675009,
shape_refinement/old_family,1.007,12.0,0.8,0.24,0.08,60.6282420004602,2.6583060484350838e-05,60.628215417399716,
shape_refinement/old_family,1.007,12.0,0.8,0.24,0.16,41.793144158809966,2.6582368574992667e-05,41.79311757644139,
shape_refinement/old_family,1.007,12.0,0.8,0.24,0.24,33.9535674496622,2.658161289687321e-05,33.9535408680493,
shape_refinement/old_family,1.007,12.0,0.8,0.32,0.0,96.1653013646297,2.6578238008833784e-05,96.16527478639169,
shape_refinement/old_family,1.007,12.0,0.8,0.32,0.08,79.6744102119045,2.6578514101874836e-05,79.6743836333904,
shape_refinement/old_family,1.007,12.0,0.8,0.32,0.16,54.1740425573131,2.6579445729923732e-05,54.17401597786737,
shape_refinement/old_family,1.007,12.0,0.8,0.32,0.24,36.223252510066416,2.658118396470788e-05,36.22322592888245,
shape_refinement/old_family,1.007,12.0,0.8,0.32,0.32,28.404509584280653,2.6583631427377533e-05,28.404483000649225,
shape_refinement/old_family,1.007,12.0,0.8,0.4,0.0,105.41626511936137,2.6572345985591508e-05,105.41623854701538,
shape_refinement/old_family,1.007,12.0,0.8,0.4,0.08,92.30545871982402,2.6573499920496047e-05,92.3054321463241,
shape_refinement/old_family,1.007,12.0,0.8,0.4,0.16,66.6756381133516,2.657670984289754e-05,66.67561153664175,
shape_refinement/old_family,1.007,12.0,0.8,0.4,0.24,43.65961944089236,2.6581291183242372e-05,43.659592859601176,
shape_refinement/old_family,1.007,12.0,0.8,0.48,0.0,101.7141438696354,2.656591090310679e-05,101.71411730372449,
shape_refinement/old_family,1.007,12.0,0.8,0.48,0.08,92.58398369629006,2.6568624693978885e-05,92.58395712766537,
shape_refinement/old_family,1.007,12.0,0.8,0.48,0.16,71.86267741997486,2.6574730084174953e-05,71.86265084524477,
shape_refinement/old_family,1.007,12.0,0.8,0.56,0.0,86.34736883578137,2.6559108715891508e-05,86.34734227667265,
shape_refinement/old_family,1.007,12.0,0.8,0.56,0.08,80.63804125313796,2.6565281860431598e-05,80.6380146878561,
shape_refinement/old_family,1.007,12.0,0.8,0.64,0.0,65.07199255100386,2.655993062594006e-05,65.07196599107323,
shape_refinement/old_family,1.007,12.0,0.88,0.0,0.0,41.906125444896645,2.6588670696868195e-05,41.906098856225945,
shape_refinement/old_family,1.007,12.0,0.88,0.08,0.0,50.37875393412699,2.6587560972173425e-05,50.378727346566016,
shape_refinement/old_family,1.007,12.0,0.88,0.08,0.08,41.59041497537098,2.6586489206672766e-05,41.59038838888178,
shape_refinement/old_family,1.007,12.0,0.88,0.16,0.0,74.6379677773508,2.658434640494445e-05,74.6379411930044,
shape_refinement/old_family,1.007,12.0,0.88,0.16,0.08,50.49873338239416,2.658339361644893e-05,50.49870679900054,
shape_refinement/old_family,1.007,12.0,0.88,0.16,0.16,40.032686604838034,2.6580676205376964e-05,40.03266002416183,
shape_refinement/old_family,1.007,12.0,0.88,0.24,0.0,108.17059889880997,2.657934882267319e-05,108.17057231946114,
shape_refinement/old_family,1.007,12.0,0.88,0.24,0.08,74.59841334017919,2.6578616794797686e-05,74.5983867615624,
shape_refinement/old_family,1.007,12.0,0.88,0.24,0.16,46.78954378640013,2.657662151079789e-05,46.78951720977862,
shape_refinement/old_family,1.007,12.0,0.88,0.24,0.24,36.11385182409879,2.6574010542595002e-05,36.11382525008825,
shape_refinement/old_family,1.007,12.0,0.88,0.32,0.0,139.87802337340676,2.65730361428995e-05,139.87799680037062,
shape_refinement/old_family,1.007,12.0,0.88,0.32,0.08,105.0200618144446,2.6572687914821294e-05,105.02003524175669,
shape_refinement/old_family,1.007,12.0,0.88,0.32,0.16,65.02534509877194,2.6571990343051157e-05,65.02531852678159,
shape_refinement/old_family,1.007,12.0,0.88,0.32,0.24,39.76837478889301,2.657196644753977e-05,39.76834821692657,
shape_refinement/old_family,1.007,12.0,0.88,0.4,0.0,159.37877238685672,2.6565935192736785e-05,159.37874582092152,
shape_refinement/old_family,1.007,12.0,0.88,0.4,0.08,130.0379806367937,2.6566337007415246e-05,130.0379540704567,
shape_refinement/old_family,1.007,12.0,0.88,0.4,0.16,85.71823943761929,2.6568069310259514e-05,85.71821286954997,
shape_refinement/old_family,1.007,12.0,0.88,0.48,0.0,160.72397048186082,2.6558537821364404e-05,160.723943923323,
shape_refinement/old_family,1.007,12.0,0.88,0.48,0.08,139.51474352224943,2.6560996064895278e-05,139.51471696125336,
shape_refinement/old_family,1.007,12.0,0.88,0.56,0.0,143.70558406931787,2.655530663659206e-05,143.70555751401122,
shape_refinement/old_family,1.007,12.0,0.96,0.0,0.0,43.7805879470432,2.6587357478633065e-05,43.78056135968572,
shape_refinement/old_family,1.007,12.0,0.96,0.08,0.0,55.19451406531489,2.6586125840531554e-05,55.19448747918905,
shape_refinement/old_family,1.007,12.0,0.96,0.08,0.08,43.37824891950424,2.6584914279952665e-05,43.37822233458996,
shape_refinement/old_family,1.007,12.0,0.96,0.16,0.0,87.84771235843732,2.6582549139100915e-05,87.84768577588818,
shape_refinement/old_family,1.007,12.0,0.96,0.16,0.08,54.3940991492091,2.6581397663212562e-05,54.394072567811435,
shape_refinement/old_family,1.007,12.0,0.96,0.16,0.16,41.56061753717134,2.657806249367937e-05,41.56059095910884,
shape_refinement/old_family,1.007,12.0,0.96,0.24,0.0,136.90573081003075,2.6576962858173324e-05,136.9057042330679,
shape_refinement/old_family,1.007,12.0,0.96,0.24,0.08,84.03378840438653,2.657591269629457e-05,84.03376182847383,
shape_refinement/old_family,1.007,12.0,0.96,0.24,0.16,49.76124436885981,2.657289309184667e-05,49.76121779596672,
shape_refinement/old_family,1.007,12.0,0.96,0.24,0.24,37.223508513674375,2.6568328722745713e-05,37.223481945345654,
shape_refinement/old_family,1.007,12.0,0.96,0.32,0.0,189.07643476413617,2.65698672636265e-05,189.0764081942689,
shape_refinement/old_family,1.007,12.0,0.96,0.32,0.08,122.95883881696591,2.656897052218855e-05,122.95881224799538,
shape_refinement/old_family,1.007,12.0,0.96,0.32,0.16,71.95394896734236,2.6566474167567297e-05,71.9539224008682,
shape_refinement/old_family,1.007,12.0,0.96,0.4,0.0,221.74299255280195,2.6561854983348522e-05,221.74296599094697,
shape_refinement/old_family,1.007,12.0,0.96,0.4,0.08,159.53044805060998,2.6561229571890586e-05,159.53042148938042,
shape_refinement/old_family,1.007,12.0,0.96,0.48,0.0,232.39335272359165,2.6553535706117736e-05,232.39332617005593,
shape_refinement/old_family,1.007,16.0,0.01,0.0,0.0,0.006227304858323589,8.847170150301694e-07,0.0062264201413085585,1.5179930169329117e-07
shape_refinement/old_family,1.007,16.0,0.01,0.01,0.0,0.008763946825072196,1.7694422062480919e-06,0.008762177382865948,2.9558292988204737e-07
shape_refinement/old_family,1.007,16.0,0.01,0.01,0.01,0.01499570894258428,2.654167296912278e-06,0.014993054775287368,4.3285452781816053e-07
shape_refinement/old_family,1.007,16.0,0.08,0.0,0.0,0.40068578153848255,5.180006364999903e-06,0.40068060153211754,2.021959081730218e-06
shape_refinement/old_family,1.007,16.0,0.08,0.08,0.0,0.5312156943162197,5.186274158061358e-06,0.5312105080420617,1.289211876365215e-06
shape_refinement/old_family,1.007,16.0,0.08,0.08,0.08,0.9486183616730555,5.192193273277198e-06,0.9486131694797821,1.1869358765848374e-06
shape_refinement/old_family,1.007,16.0,0.16,0.0,0.0,1.6277824128735194,5.19616718583457e-06,1.6277772167063336,1.225412117219478e-06
shape_refinement/old_family,1.007,16.0,0.16,0.08,0.0,1.5189104527688337,5.201655025540196e-06,1.5189052511138081,1.467817787091003e-06
shape_refinement/old_family,1.007,16.0,0.16,0.08,0.08,1.9267476951635198,5.2068032612740335e-06,1.9267424883602586,1.3706827131800031e-06
shape_refinement/old_family,1.007,16.0,0.16,0.16,0.0,1.8162817705562455,5.215059091117159e-06,1.8162765554971545,1.1877286354433636e-06
shape_refinement/old_family,1.007,16.0,0.16,0.16,0.08,2.273209817851203,5.2194913681831774e-06,2.273204598359835,1.1916061875625716e-06
shape_refinement/old_family,1.007,16.0,0.16,0.16,0.16,3.643169938241726,5.230480089813037e-06,3.643164707761636,1.192214327261354e-06
shape_refinement/old_family,1.007,16.0,0.24,0.0,0.0,3.747789173830921,5.21684334307976e-06,3.7477839569875777,1.1881105309180285e-06
shape_refinement/old_family,1.007,16.0,0.24,0.08,0.0,3.4367891090656024,5.221038798174947e-06,3.4367838880268042,1.161362435499574e-06
shape_refinement/old_family,1.007,16.0,0.24,0.08,0.08,4.144024998312303,5.225037815182625e-06,4.144019773274488,1.156351600219492e-06
shape_refinement/old_family,1.007,16.0,0.24,0.16,0.0,3.0320068304124406,5.231441285435276e-06,3.032001598971155,1.2540337356327218e-06
shape_refinement/old_family,1.007,16.0,0.24,0.16,0.08,3.6129652647628694,5.234973031940163e-06,3.6129600297898374,1.2540958490698873e-06
shape_refinement/old_family,1.007,16.0,0.24,0.16,0.16,5.025691270207096,5.243758817882268e-06,5.025686026448278,1.1555827965954979e-06
shape_refinement/old_family,1.007,16.0,0.24,0.24,0.0,3.2720786665583477,5.24398428831623e-06,3.2720734225740595,1.154899783236851e-06
shape_refinement/old_family,1.007,16.0,0.24,0.24,0.08,3.7650816312513715,5.246929185890713e-06,3.7650763843221857,1.1632842496646217e-06
shape_refinement/old_family,1.007,16.0,0.24,0.24,0.16,5.217363224072033,5.254253358134429e-06,5.217357969818675,1.165650636576961e-06
shape_refinement/old_family,1.007,16.0,0.24,0.24,0.24,7.55388510825582,5.2629105575962275e-06,7.553879845345262,1.1822192078625447e-06
shape_refinement/old_family,1.007,16.0,0.32,0.0,0.0,6.839197514159853,5.236493445718809e-06,6.839192277666407,1.1965407784036968e-06
shape_refinement/old_family,1.007,16.0,0.32,0.08,0.0,6.384775495607773,5.239379637315844e-06,6.384770256228135,1.1601433474620392e-06
shape_refinement/old_family,1.007,16.0,0.32,0.08,0.08,7.513393046067291,5.242189917477174e-06,7.513387803877373,1.1644809664171957e-06
shape_refinement/old_family,1.007,16.0,0.32,0.16,0.0,5.414653422306101,5.24660969941351e-06,5.414648175696401,1.1600724385718096e-06
shape_refinement/old_family,1.007,16.0,0.32,0.16,0.08,6.346797443984129,5.249221603197708e-06,6.346792194762526,1.1668460385896062e-06
shape_refinement/old_family,1.007,16.0,0.32,0.16,0.16,9.090744014956572,5.255737582019766e-06,9.09073875921899,1.1679181070392153e-06
shape_refinement/old_family,1.007,16.0,0.32,0.24,0.0,4.649060069767012,5.255246727669156e-06,4.649054814520285,1.1761225647580648e-06
shape_refinement/old_family,1.007,16.0,0.32,0.24,0.08,5.264710762387741,5.25759398867384e-06,5.264705504793753,1.196314196071417e-06
shape_refinement/old_family,1.007,16.0,0.32,0.24,0.16,7.094498520166611,5.263432091255454e-06,7.09449325673452,1.2001346671683457e-06
shape_refinement/old_family,1.007,16.0,0.32,0.24,0.24,9.598093319512152,5.270263938766405e-06,9.598088049248213,1.1669655843745354e-06
shape_refinement/old_family,1.007,16.0,0.32,0.32,0.0,4.758577314825789,5.2626740753506095e-06,4.758572052151714,1.153153901256587e-06
shape_refinement/old_family,1.007,16.0,0.32,0.32,0.08,5.254149754275957,5.264744230134211e-06,5.254144489531727,1.1597657927353566e-06
shape_refinement/old_family,1.007,16.0,0.32,0.32,0.16,6.688506698031384,5.269886694952508e-06,6.688501428144689,1.1577126812767344e-06
shape_refinement/old_family,1.007,16.0,0.32,0.32,0.24,8.917256583162441,5.275872051974141e-06,8.917251307290389,1.161118677092724e-06
shape_refinement/old_family,1.007,16.0,0.32,0.32,0.32,11.73470500142723,5.280707279808406e-06,11.73469972071995,1.1581831529383637e-06
shape_refinement/old_family,1.007,16.0,0.375,0.375,0.0,6.13911023231256,5.268334341289042e-06,6.139104963978219,1.196944310103328e-06
shape_refinement/old_family,1.007,16.0,0.4,0.0,0.0,10.938478445573558,5.251654214817934e-06,10.938473193919343,1.1758587248337102e-06
shape_refinement/old_family,1.007,16.0,0.4,0.08,0.0,10.497328468047947,5.253442960650593e-06,10.497323214604986,1.1989877285286564e-06
shape_refinement/old_family,1.007,16.0,0.4,0.08,0.08,11.600775243868117,5.255238544750153e-06,11.600769988629573,1.206787994918803e-06
shape_refinement/old_family,1.007,16.0,0.4,0.16,0.0,9.346577021994328,5.257928301188914e-06,9.346571764066027,1.2125163290135168e-06
shape_refinement/old_family,1.007,16.0,0.4,0.16,0.08,10.61389956537814,5.2597352111412755e-06,10.61389430564293,1.1913439615682018e-06
shape_refinement/old_family,1.007,16.0,0.4,0.16,0.16,13.091546106770794,5.264247227166327e-06,13.091540842523568,1.1599515092152987e-06
shape_refinement/old_family,1.007,16.0,0.4,0.24,0.0,7.893541402187473,5.2631685005809625e-06,7.8935361390189716,1.163482674948901e-06
shape_refinement/old_family,1.007,16.0,0.4,0.24,0.08,8.760456718753062,5.2649811203179e-06,8.760451453771942,1.15573304216244e-06
shape_refinement/old_family,1.007,16.0,0.4,0.24,0.16,11.327326341730306,5.269495984538458e-06,11.327321072234321,1.1613864978976561e-06
shape_refinement/old_family,1.007,16.0,0.4,0.24,0.24,14.38819114309486,5.274742454304359e-06,14.388185868352405,1.1902278793797326e-06
shape_refinement/old_family,1.007,16.0,0.4,0.32,0.0,6.740717487400501,5.267303566064559e-06,6.740712220096936,1.1644715151316238e-06
shape_refinement/old_family,1.007,16.0,0.4,0.32,0.08,7.299952513175068,5.269119401135641e-06,7.299947244055667,1.171833134858982e-06
shape_refinement/old_family,1.007,16.0,0.4,0.32,0.16,8.945152449996506,5.273638332941448e-06,8.945147176358173,1.1997449502546013e-06
shape_refinement/old_family,1.007,16.0,0.4,0.32,0.24,11.601937364691375,5.2789073721217555e-06,11.601932085784004,1.157872495596778e-06
shape_refinement/old_family,1.007,16.0,0.4,0.32,0.32,14.906752931987597,5.283159492408475e-06,14.906747648828105,1.1564540975237373e-06
shape_refinement/old_family,1.007,16.0,0.4,0.4,0.0,6.985571666219152,5.269145752288775e-06,6.985566397073399,1.158144456971071e-06
shape_refinement/old_family,1.007,16.0,0.4,0.4,0.08,7.425524199578919,5.270967924289427e-06,7.425518928610995,1.1513907409033604e-06
shape_refinement/old_family,1.007,16.0,0.4,0.4,0.16,8.675448390247883,5.27550675887908e-06,8.675443114741125,1.1561528747705552e-06
shape_refinement/old_family,1.007,16.0,0.4,0.4,0.24,10.544438216601723,5.280843500638457e-06,10.544432935758222,1.1622619397426558e-06
shape_refinement/old_family,1.007,16.0,0.4,0.4,0.32,12.768565264593802,5.285272110128536e-06,12.768559979321692,1.1680301815010735e-06
shape_refinement/old_family,1.007,16.0,0.4,0.4,0.4,15.067869112537121,5.28770115841941e-06,15.067863824835962,1.159322867039283e-06
shape_refinement/old_family,1.007,16.0,0.48,0.0,0.0,15.971358239120388,5.261265060036298e-06,15.971352977855329,1.1593751205550982e-06
shape_refinement/old_family,1.007,16.0,0.48,0.08,0.0,15.764998882074533,5.262212632247391e-06,15.764993619861901,1.1582427687741842e-06
shape_refinement/old_family,1.007,16.0,0.48,0.08,0.08,16.560116509503146,5.263217630570354e-06,16.560111246285516,1.159229056466007e-06
shape_refinement/old_family,1.007,16.0,0.48,0.16,0.0,15.091318453629096,5.264547644017479e-06,15.091313189081452,1.152786487649648e-06
shape_refinement/old_family,1.007,16.0,0.48,0.16,0.08,16.182980420317335,5.265703830143237e-06,16.182975154613505,1.1608037482494487e-06
shape_refinement/old_family,1.007,16.0,0.48,0.16,0.16,17.78655158305537,5.268583697913689e-06,17.78654631447167,1.1875549625147177e-06
shape_refinement/old_family,1.007,16.0,0.48,0.24,0.0,13.818546554380301,5.267086629332203e-06,13.818541287293671,1.1919662066126358e-06
shape_refinement/old_family,1.007,16.0,0.48,0.24,0.08,14.659251917333176,5.268447518415312e-06,14.659246648885658,1.1868432705138698e-06
shape_refinement/old_family,1.007,16.0,0.48,0.24,0.16,16.85936124407806,5.271851807213539e-06,16.85935597222625,1.1652122990340079e-06
shape_refinement/old_family,1.007,16.0,0.48,0.24,0.24,18.5414671164634,5.275804951892365e-06,18.54146184065845,1.1531784611999063e-06
shape_refinement/old_family,1.007,16.0,0.48,0.32,0.0,12.013084897955498,5.2686061984916786e-06,12.0130796293493,1.152448185574419e-06
shape_refinement/old_family,1.007,16.0,0.48,0.32,0.08,12.561825644406001,5.270195823704329e-06,12.561820374210178,1.1615876271635366e-06
shape_refinement/old_family,1.007,16.0,0.48,0.32,0.16,14.177095636073002,5.274175182972923e-06,14.177090361897818,1.1580513064364908e-06
shape_refinement/old_family,1.007,16.0,0.48,0.32,0.24,16.612091171680255,5.278867958444208e-06,16.612085892812296,1.161362074652616e-06
shape_refinement/old_family,1.007,16.0,0.48,0.32,0.32,18.194419574277777,5.282730667330404e-06,18.19441429154711,1.1716294431801704e-06
shape_refinement/old_family,1.007,16.0,0.48,0.4,0.0,10.466593191780033,5.268263826869164e-06,10.466587923516206,1.1508976888040743e-06
shape_refinement/old_family,1.007,16.0,0.48,0.4,0.08,10.846022990770022,5.27009085308919e-06,10.84601772067917,1.1617324069692275e-06
shape_refinement/old_family,1.007,16.0,0.48,0.4,0.16,11.93570357903802,5.2746514200099374e-06,11.9356983043866,1.1762658886176962e-06
shape_refinement/old_family,1.007,16.0,0.48,0.4,0.24,13.604206042768084,5.280079214868177e-06,13.604200762688869,1.1642013919863992e-06
shape_refinement/old_family,1.007,16.0,0.48,0.4,0.32,15.66079757783276,5.284747963792256e-06,15.660792293084796,1.16075572896496e-06
shape_refinement/old_family,1.007,16.0,0.48,0.4,0.4,17.194335485535692,5.287609288900122e-06,17.194330197926405,1.1633576505424544e-06
shape_refinement/old_family,1.007,16.0,0.48,0.48,0.0,11.115136662124915,5.265716045351948e-06,11.11513139640887,1.1659314159071944e-06
shape_refinement/old_family,1.007,16.0,0.48,0.48,0.08,11.42615312248303,5.267779591575425e-06,11.426147854703437,1.1536952122526145e-06
shape_refinement/old_family,1.007,16.0,0.48,0.48,0.16,12.286167059886642,5.272893035526339e-06,12.286161786993606,1.1645255160175338e-06
shape_refinement/old_family,1.007,16.0,0.48,0.48,0.24,13.498189009901044,5.2789989828505995e-06,13.49818373090206,1.1638229100441322e-06
shape_refinement/old_family,1.007,16.0,0.48,0.48,0.32,14.797870288806719,5.284426215235807e-06,14.797865004380503,1.164941517124375e-06
shape_refinement/old_family,1.007,16.0,0.48,0.48,0.4,15.921752299390695,5.288125094666594e-06,15.9217470112656,1.1516417240630864e-06
shape_refinement/old_family,1.007,16.0,0.48,0.48,0.48,16.665265063474788,5.2895293285603805e-06,16.665259773945458,1.1488819069427336e-06
shape_refinement/old_family,1.007,16.0,0.56,0.0,0.0,21.69726779323189,5.265915704140708e-06,21.697262527316187,1.1589535737855787e-06
shape_refinement/old_family,1.007,16.0,0.56,0.08,0.0,22.000664394243536,5.2662331260290665e-06,22.00065912801041,1.1478994614580014e-06
shape_refinement/old_family,1.007,16.0,0.56,0.08,0.08,22.147679345201286,5.266634136518679e-06,22.14767407856715,1.1571457255129687e-06
shape_refinement/old_family,1.007,16.0,0.56,0.16,0.0,22.72282729080859,5.266928524558972e-06,22.722822023880063,1.1644788748174303e-06
shape_refinement/old_family,1.007,16.0,0.56,0.16,0.08,22.720434206570562,5.267560881112047e-06,22.720428939009683,1.1517144217220065e-06
shape_refinement/old_family,1.007,16.0,0.56,0.16,0.16,22.92635647508209,5.269117503697995e-06,22.926351205964586,1.1550260832966612e-06
shape_refinement/old_family,1.007,16.0,0.56,0.24,0.0,23.10146549897666,5.267370389744565e-06,23.101460231606268,1.1487520891951554e-06
shape_refinement/old_family,1.007,16.0,0.56,0.24,0.08,23.011833301661422,5.26833892939009e-06,23.011828033322494,1.161215170083094e-06
shape_refinement/old_family,1.007,16.0,0.56,0.24,0.16,22.959624986789503,5.270785330041414e-06,22.959619716004173,1.1680787991697322e-06
shape_refinement/old_family,1.007,16.0,0.56,0.24,0.24,22.872568574172846,5.2736561723542095e-06,22.872563300516674,1.1781079601725436e-06
shape_refinement/old_family,1.007,16.0,0.56,0.32,0.0,22.119645170355376,5.266848892502877e-06,22.119639903506485,1.1698490176309282e-06
shape_refinement/old_family,1.007,16.0,0.56,0.32,0.08,22.01075514450352,5.268218363795022e-06,22.010749876285157,1.1786027349470133e-06
shape_refinement/old_family,1.007,16.0,0.56,0.32,0.16,21.85528961330483,5.271686447658745e-06,21.855284341618383,1.1736335936055427e-06
shape_refinement/old_family,1.007,16.0,0.56,0.32,0.24,21.82348380089939,5.275871599316771e-06,21.823478525027788,1.1610234474704108e-06
shape_refinement/old_family,1.007,16.0,0.56,0.32,0.32,21.36863010702655,5.279464469381548e-06,21.36862482756208,1.1502885832268604e-06
shape_refinement/old_family,1.007,16.0,0.56,0.4,0.0,19.58783460619465,5.264826467219297e-06,19.587829341368185,1.1542394308691337e-06
shape_refinement/old_family,1.007,16.0,0.56,0.4,0.08,19.54013458138546,5.266637899238042e-06,19.54012931474756,1.1596854281030767e-06
shape_refinement/old_family,1.007,16.0,0.56,0.4,0.16,19.473045185509488,5.271174051192001e-06,19.473039914335438,1.1614700772131493e-06
shape_refinement/old_family,1.007,16.0,0.56,0.4,0.24,19.508533529549805,5.276654764824811e-06,19.50852825289504,1.1604037809429049e-06
shape_refinement/old_family,1.007,16.0,0.56,0.4,0.32,19.556251262566672,5.2815623662440645e-06,19.556245981004306,1.1661931862500928e-06
shape_refinement/old_family,1.007,16.0,0.56,0.4,0.4,18.96397031721053,5.2849089131328635e-06,18.96396503230162,1.1577385869718769e-06
shape_refinement/old_family,1.007,16.0,0.56,0.48,0.0,17.01088726897897,5.261054595582037e-06,17.010882007924373,1.1622478884182025e-06
shape_refinement/old_family,1.007,16.0,0.56,0.48,0.08,17.085752374498878,5.263344549913419e-06,17.085747111154326,1.163804353168438e-06
shape_refinement/old_family,1.007,16.0,0.56,0.48,0.16,17.292639470372503,5.268943471081659e-06,17.29263420142903,1.161388210757709e-06
shape_refinement/old_family,1.007,16.0,0.56,0.48,0.24,17.562690406851345,5.2756101693353716e-06,17.562685131241174,1.1723071307028942e-06
shape_refinement/old_family,1.007,16.0,0.56,0.48,0.32,17.75389982437908,5.281683098409005e-06,17.75389454269598,1.157815051566955e-06
shape_refinement/old_family,1.007,16.0,0.56,0.48,0.4,17.63376634280075,5.286150459260375e-06,17.633761056650293,1.1509453863218992e-06
shape_refinement/old_family,1.007,16.0,0.56,0.56,0.0,17.739527750406413,5.255577982557362e-06,17.73952249482843,1.1690126191956831e-06
shape_refinement/old_family,1.007,16.0,0.56,0.56,0.08,17.846880223869224,5.258402664327986e-06,17.84687496546656,1.1623506261785318e-06
shape_refinement/old_family,1.007,16.0,0.56,0.56,0.16,18.11023724379234,5.265025680379813e-06,18.11023197876666,1.1514301334614174e-06
shape_refinement/old_family,1.007,16.0,0.56,0.56,0.24,18.374966181622128,5.272688387758428e-06,18.37496090893374,1.1523142705833705e-06
shape_refinement/old_family,1.007,16.0,0.56,0.56,0.32,18.444712474999164,5.279698170359357e-06,18.444707195300992,1.1560009689343033e-06
shape_refinement/old_family,1.007,16.0,0.64,0.0,0.0,27.69971454523541,5.266947110898225e-06,27.6997092782883,1.1771329742616484e-06
shape_refinement/old_family,1.007,16.0,0.64,0.08,0.0,28.861855820028623,5.26677985385538e-06,28.861850553248768,1.1781633815718631e-06
shape_refinement/old_family,1.007,16.0,0.64,0.08,0.08,27.960282307708404,5.26670351773671e-06,27.960277041004886,1.1791980553648562e-06
shape_refinement/old_family,1.007,16.0,0.64,0.16,0.0,32.19868836370183,5.266190587961397e-06,32.198683097511235,1.1768179158624972e-06
shape_refinement/old_family,1.007,16.0,0.64,0.16,0.08,29.867225345153564,5.266376203503029e-06,29.86722007877736,1.173585678141528e-06
shape_refinement/old_family,1.007,16.0,0.64,0.16,0.16,28.14840102805235,5.26679069061116e-06,28.14839576126166,1.1634405327630183e-06
shape_refinement/old_family,1.007,16.0,0.64,0.24,0.0,36.31093641476127,5.26494890103564e-06,36.31093114981237,1.1632875210605458e-06
shape_refinement/old_family,1.007,16.0,0.64,0.24,0.08,33.67463803557024,5.265540913531951e-06,33.674632770029326,1.159686130551457e-06
shape_refinement/old_family,1.007,16.0,0.64,0.24,0.16,29.356921123718735,5.2670681714464065e-06,29.356915856650563,1.1517658851803021e-06
shape_refinement/old_family,1.007,16.0,0.64,0.24,0.24,27.086741000106645,5.268919409930082e-06,27.086735731187236,1.1627435987208853e-06
shape_refinement/old_family,1.007,16.0,0.64,0.32,0.0,38.54066650653719,5.262764029913226e-06,38.540661243773165,1.1569734946269711e-06
shape_refinement/old_family,1.007,16.0,0.64,0.32,0.08,36.297662980041366,5.2638787322275106e-06,36.29765771616263,1.1553176375692727e-06
shape_refinement/old_family,1.007,16.0,0.64,0.32,0.16,31.41579449168094,5.2667649519159125e-06,31.41578922491599,1.160808674908605e-06
shape_refinement/old_family,1.007,16.0,0.64,0.32,0.24,26.920388180492132,5.270395679570572e-06,26.920382910096453,1.1564044589261273e-06
shape_refinement/old_family,1.007,16.0,0.64,0.32,0.32,24.224946207916933,5.273733238735639e-06,24.224940934183692,1.1787438316951908e-06
shape_refinement/old_family,1.007,16.0,0.64,0.4,0.0,36.91773382598904,5.259384380780393e-06,36.91772856660466,1.157933678017708e-06
shape_refinement/old_family,1.007,16.0,0.64,0.4,0.08,35.34269548570882,5.261125398888537e-06,35.34269022458342,1.1637407841540964e-06
shape_refinement/old_family,1.007,16.0,0.64,0.4,0.16,31.44276639960304,5.265514784751182e-06,31.442761134088258,1.1721211684330908e-06
shape_refinement/old_family,1.007,16.0,0.64,0.4,0.24,26.890296800989887,5.270929374120366e-06,26.890291530060512,1.1627728437987277e-06
shape_refinement/old_family,1.007,16.0,0.64,0.4,0.32,22.978294676336525,5.2760020565494514e-06,22.978289400334468,1.1705012794657783e-06
shape_refinement/old_family,1.007,16.0,0.64,0.4,0.4,20.275476750660467,5.279822243783216e-06,20.275471470838223,1.158641130484141e-06
shape_refinement/old_family,1.007,16.0,0.64,0.48,0.0,31.81766178151901,5.254678834313442e-06,31.817656526840175,1.1511699017308298e-06
shape_refinement/old_family,1.007,16.0,0.64,0.48,0.08,30.927589198669455,5.257173684033214e-06,30.927583941495772,1.1663833246053309e-06
shape_refinement/old_family,1.007,16.0,0.64,0.48,0.16,28.59097725896933,5.263143569852224e-06,28.590971995825758,1.1588283213147955e-06
shape_refinement/old_family,1.007,16.0,0.64,0.48,0.24,25.507883003735216,5.270191536292401e-06,25.50787773354368,1.1575468750026364e-06
shape_refinement/old_family,1.007,16.0,0.64,0.48,0.32,22.245343683610443,5.276737886129276e-06,22.245338406872555,1.1602582428221165e-06
shape_refinement/old_family,1.007,16.0,0.64,0.56,0.0,26.40892368304099,5.248679844713016e-06,26.408918434361144,1.164076453549031e-06
shape_refinement/old_family,1.007,16.0,0.64,0.56,0.08,26.073722850544737,5.252159487241223e-06,26.07371759838525,1.1573757613015583e-06
shape_refinement/old_family,1.007,16.0,0.64,0.56,0.16,25.13973218618743,5.259736452060006e-06,25.13972692645098,1.1673607253150007e-06
shape_refinement/old_family,1.007,16.0,0.64,0.56,0.24,23.744111721968327,5.268122478423919e-06,23.74410645384585,1.1668381214121579e-06
shape_refinement/old_family,1.007,16.0,0.64,0.64,0.0,26.060309006642825,5.2415876116271525e-06,26.060303765055213,1.1658580941416503e-06
shape_refinement/old_family,1.007,16.0,0.64,0.64,0.08,25.90778430432209,5.246594111235133e-06,25.90777905772798,1.1596486197562604e-06
shape_refinement/old_family,1.007,16.0,0.64,0.64,0.16,25.4212294002081,5.255672872942462e-06,25.421224144535227,1.157781579926881e-06
shape_refinement/old_family,1.007,16.0,0.72,0.0,0.0,33.43737725544357,5.265831092924503e-06,33.43737198961248,1.1386936521838524e-06
shape_refinement/old_family,1.007,16.0,0.72,0.08,0.0,35.95802933729032,5.2652747459180825e-06,35.958024072015576,1.1657660955514852e-06
shape_refinement/old_family,1.007,16.0,0.72,0.08,0.08,33.48383723130384,5.264801224981034e-06,33.48383196650261,1.1551332102155192e-06
shape_refinement/old_family,1.007,16.0,0.72,0.16,0.0,43.569998564208746,5.263629615015233e-06,43.56999330057913,1.1511340285407006e-06
shape_refinement/old_family,1.007,16.0,0.72,0.16,0.08,37.220084315047636,5.263404276001892e-06,37.22007905164336,1.1566777294617927e-06
shape_refinement/old_family,1.007,16.0,0.72,0.16,0.16,33.01840714825813,5.262741419301277e-06,33.01840188551671,1.154500476854582e-06
shape_refinement/old_family,1.007,16.0,0.72,0.24,0.0,54.12463831102218,5.260951773009573e-06,54.12463305007041,1.1540193420994035e-06
shape_refinement/old_family,1.007,16.0,0.72,0.24,0.08,46.397948647264066,5.261139949427236e-06,46.39794338612412,1.160152178649201e-06
shape_refinement/old_family,1.007,16.0,0.72,0.24,0.16,35.768318847924,5.261663581035905e-06,35.76831358626042,1.1678566060130687e-06
shape_refinement/old_family,1.007,16.0,0.72,0.24,0.24,30.87377888715738,5.262385631374365e-06,30.873773624771747,1.1624607994984817e-06
shape_refinement/old_family,1.007,16.0,0.72,0.32,0.0,62.72194081327133,5.2572962682314594e-06,62.721935555975065,1.1723076767295928e-06
shape_refinement/old_family,1.007,16.0,0.72,0.32,0.08,55.701589003430136,5.258069021197657e-06,55.70158374536111,1.1574612390264633e-06
shape_refinement/old_family,1.007,16.0,0.72,0.32,0.16,42.42300939537224,5.2601747818654745e-06,42.42300413519746,1.1624592781057658e-06
shape_refinement/old_family,1.007,16.0,0.72,0.32,0.24,31.797913139001874,5.263066567413177e-06,31.79790787593531,1.1557635854084816e-06
shape_refinement/old_family,1.007,16.0,0.72,0.32,0.32,26.603087592158946,5.266064103386523e-06,26.603082326094842,1.1667537755829964e-06
shape_refinement/old_family,1.007,16.0,0.72,0.4,0.0,64.8642824337239,5.252697005225526e-06,64.86427718102689,1.162011136963978e-06
shape_refinement/old_family,1.007,16.0,0.72,0.4,0.08,59.56705608526977,5.2542560731609295e-06,59.567050831013695,1.1604317189691298e-06
shape_refinement/old_family,1.007,16.0,0.72,0.4,0.16,47.55046386680128,5.258269788879499e-06,47.55045860853149,1.1514167273153312e-06
shape_refinement/old_family,1.007,16.0,0.72,0.4,0.24,35.134350900977054,5.2634189360645e-06,35.13434563755812,1.1581652130919544e-06
shape_refinement/old_family,1.007,16.0,0.72,0.4,0.32,25.969738643748155,5.268540727391307e-06,25.969733375207426,1.1725423283314626e-06
shape_refinement/old_family,1.007,16.0,0.72,0.48,0.0,59.11486026036125,5.247181620771469e-06,59.11485501317963,1.15780071438817e-06
shape_refinement/old_family,1.007,16.0,0.72,0.48,0.08,55.64420776418102,5.24983978097064e-06,55.64420251434124,1.1574478148496002e-06
shape_refinement/old_family,1.007,16.0,0.72,0.48,0.16,47.00385277212555,5.256008255254247e-06,47.00384751611729,1.1669063584922885e-06
shape_refinement/old_family,1.007,16.0,0.72,0.48,0.24,36.645490978400325,5.263213261472684e-06,36.645485715187064,1.1650037163407709e-06
shape_refinement/old_family,1.007,16.0,0.72,0.56,0.0,47.926109632426076,5.240815510920628e-06,47.926104391610565,1.1748155486731094e-06
shape_refinement/old_family,1.007,16.0,0.72,0.56,0.08,46.005483437839956,5.245244959353998e-06,46.005478192595,1.1553664674949046e-06
shape_refinement/old_family,1.007,16.0,0.72,0.56,0.16,41.002966232109266,5.2536303623658714e-06,41.0029609784789,1.1658202182469554e-06
shape_refinement/old_family,1.007,16.0,0.72,0.64,0.0,37.06008127849295,5.233747859832184e-06,37.060076044745095,1.1538274407711056e-06
shape_refinement/old_family,1.007,16.0,0.72,0.64,0.08,36.2475484247416,5.241718910880638e-06,36.24754318302269,1.1566131295905924e-06
shape_refinement/old_family,1.007,16.0,0.72,0.72,0.0,34.09616925053174,5.235100329358395e-06,34.096164015431405,1.1603122089809403e-06
shape_refinement/old_family,1.007,16.0,0.8,0.0,0.0,38.339388061726,5.263854297373821e-06,38.3393827978717,1.1478985180668055e-06
shape_refinement/old_family,1.007,16.0,0.8,0.08,0.0,43.06936051530258,5.262983349801128e-06,43.06935525231923,1.1636259923562195e-06
shape_refinement/old_family,1.007,16.0,0.8,0.08,0.08,38.18227332013671,5.262175292065403e-06,38.182268057961416,1.1471600390595597e-06
shape_refinement/old_family,1.007,16.0,0.8,0.16,0.0,57.34474195265433,5.260458693631074e-06,57.34473669219564,1.14845751758752e-06
shape_refinement/old_family,1.007,16.0,0.8,0.16,0.08,44.32553143923151,5.259845675935233e-06,44.32552617938583,1.1641086056053878e-06
shape_refinement/old_family,1.007,16.0,0.8,0.16,0.16,37.10150368042236,5.2581200232356835e-06,37.101498422302335,1.1429994995651936e-06
shape_refinement/old_family,1.007,16.0,0.8,0.24,0.0,77.64212855354009,5.256518657084899e-06,77.64212329702143,1.159921268019055e-06
shape_refinement/old_family,1.007,16.0,0.8,0.24,0.08,60.628240853160406,5.256254776854311e-06,60.62823559690563,1.1498961895837252e-06
shape_refinement/old_family,1.007,16.0,0.8,0.24,0.16,41.79314300259181,5.255598567380866e-06,41.793137746993246,1.1646856975504502e-06
shape_refinement/old_family,1.007,16.0,0.8,0.24,0.24,33.95356629603307,5.2548967711411925e-06,33.9535610411363,1.1657338539014646e-06
shape_refinement/old_family,1.007,16.0,0.8,0.32,0.0,96.1653002134937,5.2514820508968134e-06,96.16529496201164,1.1515516623716305e-06
shape_refinement/old_family,1.007,16.0,0.8,0.32,0.08,79.67440905883059,5.2517711609385394e-06,79.67440380705943,1.1592873710850382e-06
shape_refinement/old_family,1.007,16.0,0.8,0.32,0.16,54.17404141083472,5.2527394338004825e-06,54.174036158095284,1.1701384231450584e-06
shape_refinement/old_family,1.007,16.0,0.8,0.32,0.24,36.22325136839684,5.25452933906334e-06,36.223246113867496,1.173771117552763e-06
shape_refinement/old_family,1.007,16.0,0.8,0.32,0.32,28.404508428248725,5.257023720109335e-06,28.404503171225006,1.1589007761116064e-06
shape_refinement/old_family,1.007,16.0,0.8,0.4,0.0,105.41626397009809,5.245662061579808e-06,105.41625872443602,1.154676232065901e-06
shape_refinement/old_family,1.007,16.0,0.8,0.4,0.08,92.3054575704074,5.246827950764827e-06,92.30545232357944,1.1686958676188906e-06
shape_refinement/old_family,1.007,16.0,0.8,0.4,0.16,66.67563696672815,5.250069396689659e-06,66.67563171665876,1.1635183602629038e-06
shape_refinement/old_family,1.007,16.0,0.8,0.4,0.24,43.65961828970738,5.2546857445241955e-06,43.659613035021636,1.1566871122087222e-06
shape_refinement/old_family,1.007,16.0,0.8,0.48,0.0,101.71414272562765,5.239303549003692e-06,101.7141374863241,1.1636031092407273e-06
shape_refinement/old_family,1.007,16.0,0.8,0.48,0.08,92.58398253909212,5.242024133296018e-06,92.58397729706799,1.1575645461934544e-06
shape_refinement/old_family,1.007,16.0,0.8,0.48,0.16,71.86267626792312,5.248141546978088e-06,71.86267101978157,1.1574478597059566e-06
shape_refinement/old_family,1.007,16.0,0.8,0.56,0.0,86.34736769117646,5.232576885793311e-06,86.34736245859958,1.1613088476650585e-06
shape_refinement/old_family,1.007,16.0,0.8,0.56,0.08,80.63804010722914,5.23874273716716e-06,80.63803486848641,1.153331998917303e-06
shape_refinement/old_family,1.007,16.0,0.8,0.64,0.0,65.07199138208136,5.233468075011638e-06,65.07198614861329,1.1715927930891874e-06
shape_refinement/old_family,1.007,16.0,0.88,0.0,0.0,41.90612430654052,5.261997642630023e-06,41.906119044542876,1.174873793137904e-06
shape_refinement/old_family,1.007,16.0,0.88,0.08,0.0,50.37875277778367,5.260893873823433e-06,50.378747516889796,1.174940044828832e-06
shape_refinement/old_family,1.007,16.0,0.88,0.08,0.08,41.590413835753345,5.2598284259957034e-06,41.59040857592492,1.1772553328106545e-06
shape_refinement/old_family,1.007,16.0,0.88,0.16,0.0,74.63796663780909,5.25769695476143e-06,74.63796138011213,1.1725058129983013e-06
shape_refinement/old_family,1.007,16.0,0.88,0.16,0.08,50.49873222817066,5.25675138000999e-06,50.49872697141928,1.165974924878005e-06
shape_refinement/old_family,1.007,16.0,0.88,0.16,0.16,40.032685464790866,5.2540546202258126e-06,40.032680210736245,1.171278046412091e-06
shape_refinement/old_family,1.007,16.0,0.88,0.24,0.0,108.17059773897422,5.252727927173818e-06,108.17059248624629,1.1686882295733315e-06
shape_refinement/old_family,1.007,16.0,0.88,0.24,0.08,74.59841219895779,5.252003919669274e-06,74.59840694695387,1.1622362690317913e-06
shape_refinement/old_family,1.007,16.0,0.88,0.24,0.16,46.789542625300356,5.2500305879602895e-06,46.78953737526977,1.16305845801753e-06
shape_refinement/old_family,1.007,16.0,0.88,0.24,0.24,36.11385067230225,5.2474479405071565e-06,36.11384542485431,1.1517965897729463e-06
shape_refinement/old_family,1.007,16.0,0.88,0.32,0.0,139.87802223123694,5.246453080348873e-06,139.87801698478387,1.1515200688351792e-06
shape_refinement/old_family,1.007,16.0,0.88,0.32,0.08,105.02006066572035,5.246112307484038e-06,105.02005541960804,1.1586913522973295e-06
shape_refinement/old_family,1.007,16.0,0.88,0.32,0.16,65.02534394520188,5.245432775957807e-06,65.02533869976911,1.1548675156257112e-06
shape_refinement/old_family,1.007,16.0,0.88,0.32,0.24,39.768373642235986,5.2454223670286265e-06,39.76836839681362,1.1585545313280041e-06
shape_refinement/old_family,1.007,16.0,0.88,0.4,0.0,159.37877123226514,5.2393965797997e-06,159.37876599286855,1.1598178918254655e-06
shape_refinement/old_family,1.007,16.0,0.88,0.4,0.08,130.0379794845753,5.2398014174374796e-06,130.03797424477386,1.158012214427737e-06
shape_refinement/old_family,1.007,16.0,0.88,0.4,0.16,85.71823828803835,5.2415347325956225e-06,85.71823304650361,1.1517825336647017e-06
shape_refinement/old_family,1.007,16.0,0.88,0.48,0.0,160.7239693295829,5.232046670689317e-06,160.72396409753622,1.165856065766969e-06
shape_refinement/old_family,1.007,16.0,0.88,0.48,0.08,139.5147423790267,5.234495002474866e-06,139.5147371445317,1.1596943757571487e-06
shape_refinement/old_family,1.007,16.0,0.88,0.56,0.0,143.70558291626,5.22886183201496e-06,143.70557768739818,1.1558868802336e-06
shape_refinement/old_family,1.007,16.0,0.96,0.0,0.0,43.780586804059425,5.26090922571472e-06,43.7805815431502,1.1446680012678652e-06
shape_refinement/old_family,1.007,16.0,0.96,0.08,0.0,55.1945129102793,5.25967861308656e-06,55.194507650600684,1.1591637453710709e-06
shape_refinement/old_family,1.007,16.0,0.96,0.08,0.08,43.37824777130448,5.258468875140925e-06,43.378242512835605,1.1481997326585516e-06
shape_refinement/old_family,1.007,16.0,0.96,0.16,0.0,87.84771122055272,5.256105681920984e-06,87.84770596444704,1.1489646001672185e-06
shape_refinement/old_family,1.007,16.0,0.96,0.16,0.08,54.394097987662995,5.254957767153644e-06,54.394092732705225,1.1641388993154007e-06
shape_refinement/old_family,1.007,16.0,0.96,0.16,0.16,41.560616395312586,5.251631426171727e-06,41.56061114368116,1.1487990545989843e-06
shape_refinement/old_family,1.007,16.0,0.96,0.24,0.0,136.90572965171543,5.25052734645142e-06,136.90572440118808,1.1583153221176498e-06
shape_refinement/old_family,1.007,16.0,0.96,0.24,0.08,84.03378726134814,5.249481391480845e-06,84.03378201186675,1.1538265690635527e-06
shape_refinement/old_family,1.007,16.0,0.96,0.24,0.16,49.76124321737663,5.246468734257636e-06,49.7612379709079,1.1604978787766816e-06
shape_refinement/old_family,1.007,16.0,0.96,0.24,0.24,37.22350735900833,5.2418953387103375e-06,37.22350211711299,1.1650607738074674e-06
shape_refinement/old_family,1.007,16.0,0.96,0.32,0.0,189.0764336144515,5.243444692617333e-06,189.0764283710068,1.1542608511157567e-06
shape_refinement/old_family,1.007,16.0,0.96,0.32,0.08,122.95883766081153,5.242547768032885e-06,122.95883241826375,1.1688925349181902e-06
shape_refinement/old_family,1.007,16.0,0.96,0.32,0.16,71.95394781159843,5.240040307377453e-06,71.95394257155812,1.1605858463471025e-06
shape_refinement/old_family,1.007,16.0,0.96,0.4,0.0,221.74299139593703,5.2354494917274395e-06,221.74298616048753,1.1568761199962687e-06
shape_refinement/old_family,1.007,16.0,0.96,0.4,0.08,159.53044689474825,5.234808307928685e-06,159.53044165993995,1.1657573757129961e-06
shape_refinement/old_family,1.007,16.0,0.96,0.48,0.0,232.39335158404776,5.227148419985833e-06,232.39334635689934,1.1528913802306613e-06
shape_refinement/old_family,1.02,12.0,0.01,0.0,0.0,0.007545913307436617,2.245827724478492e-06,0.0075436674797121385,
shape_refinement/old_family,1.02,12.0,0.01,0.01,0.0,0.005989433322065462,4.491660736539682e-06,0.005984941661328922,
shape_refinement/old_family,1.02,12.0,0.01,0.01,0.01,0.013538799487745681,6.737493644361605e-06,0.01353206199410132,
shape_refinement/old_family,1.02,12.0,0.08,0.0,0.0,0.4843800988617904,2.5767963079350423e-05,0.48435433089871105,
shape_refinement/old_family,1.02,12.0,0.08,0.08,0.0,0.36004723461069527,2.577218544916204e-05,0.36002146242524613,
shape_refinement/old_family,1.02,12.0,0.08,0.08,0.08,0.8570858172692446,2.5776115853439064e-05,0.8570600411533912,
shape_refinement/old_family,1.02,12.0,0.16,0.0,0.0,1.9527043069157848,2.5778751135533295e-05,1.9526785281646493,
shape_refinement/old_family,1.02,12.0,0.16,0.08,0.0,1.397396425896065,2.5782351044595812e-05,1.3973706435450204,
shape_refinement/old_family,1.02,12.0,0.16,0.08,0.08,1.8814941710351882,2.5785717537139844e-05,1.881468385317651,
shape_refinement/old_family,1.02,12.0,0.16,0.16,0.0,1.2097373216987266,2.5791102485665605e-05,1.209711530596241,
shape_refinement/old_family,1.02,12.0,0.16,0.16,0.08,1.7326029949127273,2.5793984661197795e-05,1.732577200928066,
shape_refinement/old_family,1.02,12.0,0.16,0.16,0.16,3.2992555527846563,2.5801115527103196e-05,3.299229751669129,
shape_refinement/old_family,1.02,12.0,0.24,0.0,0.0,4.433234804569358,2.5792268906559614e-05,4.433209012300452,
shape_refinement/old_family,1.02,12.0,0.24,0.08,0.0,3.7022811619141,2.5794994911812787e-05,3.7022553669191884,
shape_refinement/old_family,1.02,12.0,0.24,0.08,0.08,4.850818123586785,2.579759038208724e-05,4.8507923259964025,
shape_refinement/old_family,1.02,12.0,0.24,0.16,0.0,2.468429783659179,2.5801740359566865e-05,2.4684039819188195,
shape_refinement/old_family,1.02,12.0,0.24,0.16,0.08,3.1935734402629414,2.580402714951277e-05,3.1935476362357917,
shape_refinement/old_family,1.02,12.0,0.24,0.16,0.16,5.117998753886773,2.5809707521616347e-05,5.117972944179251,
shape_refinement/old_family,1.02,12.0,0.24,0.24,0.0,2.1934222677133928,2.5809851373240092e-05,2.1933964578620193,
shape_refinement/old_family,1.02,12.0,0.24,0.24,0.08,2.725829543720341,2.5811753493430933e-05,2.7258037319668476,
shape_refinement/old_family,1.02,12.0,0.24,0.24,0.16,4.304062704821908,2.5816477102307577e-05,4.304036888344806,
shape_refinement/old_family,1.02,12.0,0.24,0.24,0.24,6.86690350297872,2.5822046167989754e-05,6.866877680932552,
shape_refinement/old_family,1.02,12.0,0.32,0.0,0.0,7.920554875688348,2.580501186876424e-05,7.920529070676479,
shape_refinement/old_family,1.02,12.0,0.32,0.08,0.0,7.137179338746972,2.5806878405386196e-05,7.137153531868567,
shape_refinement/old_family,1.02,12.0,0.32,0.08,0.08,8.40415296005779,2.580869487128789e-05,8.404127151362918,
shape_refinement/old_family,1.02,12.0,0.32,0.16,0.0,5.3565460052106655,2.5811547104282065e-05,5.356520193663561,
shape_refinement/old_family,1.02,12.0,0.32,0.16,0.08,6.507703324679046,2.5813233073862055e-05,6.507677511445972,
shape_refinement/old_family,1.02,12.0,0.32,0.16,0.16,9.451812024938786,2.5817432440899154e-05,9.451786207506345,
shape_refinement/old_family,1.02,12.0,0.32,0.24,0.0,3.743218092285847,2.5817110186526316e-05,3.7431922751756606,
shape_refinement/old_family,1.02,12.0,0.32,0.24,0.08,4.419780153038952,2.5818622642394877e-05,4.41975433441631,
shape_refinement/old_family,1.02,12.0,0.32,0.24,0.16,6.49919039886279,2.5822377275642616e-05,6.499164576485515,
shape_refinement/old_family,1.02,12.0,0.32,0.24,0.24,10.004255915655241,2.582675538584214e-05,10.004230088899856,
shape_refinement/old_family,1.02,12.0,0.32,0.32,0.0,3.492056038479881,2.5821873790026387e-05,3.492030216606091,
shape_refinement/old_family,1.02,12.0,0.32,0.32,0.08,3.9865458307856314,2.5823204978187744e-05,3.986520007580653,
shape_refinement/old_family,1.02,12.0,0.32,0.32,0.16,5.4345381352053215,2.582650366053545e-05,5.434512308701661,
shape_refinement/old_family,1.02,12.0,0.32,0.32,0.24,7.732765405096817,2.5830324615128602e-05,7.732739574772202,
shape_refinement/old_family,1.02,12.0,0.32,0.32,0.32,10.717556318880192,2.5833381863711782e-05,10.717530485498328,
shape_refinement/old_family,1.02,12.0,0.375,0.375,0.0,5.05253707839898,2.582545654433237e-05,5.052511252942436,
shape_refinement/old_family,1.02,12.0,0.4,0.0,0.0,12.315936546736559,2.581479692364823e-05,12.315910731939635,
shape_refinement/old_family,1.02,12.0,0.4,0.08,0.0,11.725175558887107,2.5815948977752316e-05,11.725149742938129,
shape_refinement/old_family,1.02,12.0,0.4,0.08,0.08,12.815664652677658,2.5817105132353276e-05,12.815638835572525,
shape_refinement/old_family,1.02,12.0,0.4,0.16,0.0,10.090926639166804,2.5818832414940927e-05,10.09090082033439,
shape_refinement/old_family,1.02,12.0,0.4,0.16,0.08,11.45145889645248,2.5819994905308733e-05,11.451433076457576,
shape_refinement/old_family,1.02,12.0,0.4,0.16,0.16,13.83096739388043,2.582289149337292e-05,13.830941570988937,
shape_refinement/old_family,1.02,12.0,0.4,0.24,0.0,7.8587076327778576,2.5822187769022347e-05,7.858681810590088,
shape_refinement/old_family,1.02,12.0,0.4,0.24,0.08,8.75381949852484,2.5823352433917895e-05,8.753793675172405,
shape_refinement/old_family,1.02,12.0,0.4,0.24,0.16,11.44283447964506,2.582624589560493e-05,11.442808653399164,
shape_refinement/old_family,1.02,12.0,0.4,0.24,0.24,14.41341393372095,2.5829590428151716e-05,14.413388104130522,
shape_refinement/old_family,1.02,12.0,0.4,0.32,0.0,5.96965078945224,2.5824812023627564e-05,5.969624964640216,
shape_refinement/old_family,1.02,12.0,0.4,0.32,0.08,6.502935617983952,2.5825977042578046e-05,6.50290979200691,
shape_refinement/old_family,1.02,12.0,0.4,0.32,0.16,8.109299129244855,2.5828867235433335e-05,8.10927330037762,
shape_refinement/old_family,1.02,12.0,0.4,0.32,0.24,10.831231917485857,2.5832215800685047e-05,10.831206085270056,
shape_refinement/old_family,1.02,12.0,0.4,0.32,0.32,14.173243778105745,2.5834883404520956e-05,14.17321794322234,
shape_refinement/old_family,1.02,12.0,0.4,0.4,0.0,6.0755225448523795,2.5825938768425434e-05,6.0754967189136115,
shape_refinement/old_family,1.02,12.0,0.4,0.4,0.08,6.465515749564036,2.5827106277506718e-05,6.465489922457758,
shape_refinement/old_family,1.02,12.0,0.4,0.4,0.16,7.589394067428997,2.5830003596340377e-05,7.589368237425401,
shape_refinement/old_family,1.02,12.0,0.4,0.4,0.24,9.318658490565392,2.5833385066046162e-05,9.318632657180325,
shape_refinement/old_family,1.02,12.0,0.4,0.4,0.32,11.467091713890762,2.5836151235352978e-05,11.467065877739525,
shape_refinement/old_family,1.02,12.0,0.4,0.4,0.4,13.820161340348896,2.583760524248191e-05,13.820135502743653,
shape_refinement/old_family,1.02,12.0,0.48,0.0,0.0,17.382184343027706,2.5820963305004395e-05,17.3821585220644,
shape_refinement/old_family,1.02,12.0,0.48,0.08,0.0,17.310991937811107,2.5821568998292458e-05,17.31096611624211,
shape_refinement/old_family,1.02,12.0,0.48,0.08,0.08,17.872881263449592,2.5822211673632152e-05,17.87285544123792,
shape_refinement/old_family,1.02,12.0,0.48,0.16,0.0,16.775123820349734,2.5823056349967075e-05,16.775097997293383,
shape_refinement/old_family,1.02,12.0,0.48,0.16,0.08,17.59044826644571,2.582379618005917e-05,17.59042244264953,
shape_refinement/old_family,1.02,12.0,0.48,0.16,0.16,18.774033643196773,2.5825632903942414e-05,18.77400781756387,
shape_refinement/old_family,1.02,12.0,0.48,0.24,0.0,15.218597801811525,2.582465824285708e-05,15.218571977153282,
shape_refinement/old_family,1.02,12.0,0.48,0.24,0.08,15.869722235190466,2.5825529264076878e-05,15.869696409661202,
shape_refinement/old_family,1.02,12.0,0.48,0.24,0.16,17.650350488266252,2.5827700620314e-05,17.65032466056563,
shape_refinement/old_family,1.02,12.0,0.48,0.24,0.24,18.945103558240483,2.5830202751107504e-05,18.94507772803773,
shape_refinement/old_family,1.02,12.0,0.48,0.32,0.0,12.688045500490812,2.5825583997068394e-05,12.688019674906815,
shape_refinement/old_family,1.02,12.0,0.48,0.32,0.08,13.10573139475613,2.5826601398921632e-05,13.10570556815473,
shape_refinement/old_family,1.02,12.0,0.48,0.32,0.16,14.406837052414991,2.582913863933163e-05,14.406811223276351,
shape_refinement/old_family,1.02,12.0,0.48,0.32,0.24,16.531859455205325,2.5832107367741704e-05,16.531833623097956,
shape_refinement/old_family,1.02,12.0,0.48,0.32,0.32,17.842891702469718,2.583451263654959e-05,17.84286586795708,
shape_refinement/old_family,1.02,12.0,0.48,0.4,0.0,10.449177693758742,2.5825291147228418e-05,10.449151868467595,
shape_refinement/old_family,1.02,12.0,0.48,0.4,0.08,10.73125275354217,2.5826460589023982e-05,10.73122692708158,
shape_refinement/old_family,1.02,12.0,0.48,0.4,0.16,11.565546873576903,2.5829367423321422e-05,11.56552104420948,
shape_refinement/old_family,1.02,12.0,0.48,0.4,0.24,12.921984860587463,2.5832798675401388e-05,12.921959027788787,
shape_refinement/old_family,1.02,12.0,0.48,0.4,0.32,14.749997641167136,2.5835706197690714e-05,14.749971805460937,
shape_refinement/old_family,1.02,12.0,0.48,0.4,0.4,16.161770992541626,2.583742186110944e-05,16.161745155119764,
shape_refinement/old_family,1.02,12.0,0.48,0.48,0.0,11.092049806442462,2.582356083236107e-05,11.09202398288163,
shape_refinement/old_family,1.02,12.0,0.48,0.48,0.08,11.310734595185616,2.5824882262651752e-05,11.310708770303354,
shape_refinement/old_family,1.02,12.0,0.48,0.48,0.16,11.919588293296638,2.582814158523877e-05,11.919562465155053,
shape_refinement/old_family,1.02,12.0,0.48,0.48,0.24,12.791630804709218,2.583200021685994e-05,12.791604972709,
shape_refinement/old_family,1.02,12.0,0.48,0.48,0.32,13.756843368508395,2.583538055211353e-05,13.756817533127844,
shape_refinement/old_family,1.02,12.0,0.48,0.48,0.4,14.644818422713994,2.583761316132406e-05,14.644792585100832,
shape_refinement/old_family,1.02,12.0,0.48,0.48,0.48,15.319025681556095,2.5838346469423673e-05,15.318999843209626,
shape_refinement/old_family,1.02,12.0,0.56,0.0,0.0,22.742097882880337,2.5823899238223387e-05,22.742072058981098,
shape_refinement/old_family,1.02,12.0,0.56,0.08,0.0,23.549530330766846,2.582409601790048e-05,23.54950450667083,
shape_refinement/old_family,1.02,12.0,0.56,0.08,0.08,23.201363047850705,2.5824346711218534e-05,23.201337223503995,
shape_refinement/old_family,1.02,12.0,0.56,0.16,0.0,25.281549895330148,2.5824519754007698e-05,25.281524070810395,
shape_refinement/old_family,1.02,12.0,0.56,0.16,0.08,24.40930817592311,2.582491953003159e-05,24.40928235100358,
shape_refinement/old_family,1.02,12.0,0.56,0.16,0.16,23.918372309124152,2.5825897641005537e-05,23.91834648322651,
shape_refinement/old_family,1.02,12.0,0.56,0.24,0.0,26.276245209500583,2.5824761571003684e-05,26.27621938473901,
shape_refinement/old_family,1.02,12.0,0.56,0.24,0.08,25.523169549104875,2.5825377752428202e-05,25.523143723727124,
shape_refinement/old_family,1.02,12.0,0.56,0.24,0.16,24.269488755326165,2.5826927173905123e-05,24.26946292839899,
shape_refinement/old_family,1.02,12.0,0.56,0.24,0.24,23.560345603825184,2.582872621680313e-05,23.560319775098968,
shape_refinement/old_family,1.02,12.0,0.56,0.32,0.0,25.05488367656992,2.582436341929054e-05,25.0548578522065,
shape_refinement/old_family,1.02,12.0,0.56,0.32,0.08,24.54328103064687,2.582523757860699e-05,24.54325520540929,
shape_refinement/old_family,1.02,12.0,0.56,0.32,0.16,23.427042340515495,2.582744191831151e-05,23.42701651307358,
shape_refinement/old_family,1.02,12.0,0.56,0.32,0.24,22.443832172226674,2.583007863028372e-05,22.443806342148044,
shape_refinement/old_family,1.02,12.0,0.56,0.32,0.32,21.447943333587627,2.5832303746001373e-05,21.447917501283882,
shape_refinement/old_family,1.02,12.0,0.56,0.4,0.0,21.625101901857853,2.582298044591328e-05,21.625076078877406,
shape_refinement/old_family,1.02,12.0,0.56,0.4,0.08,21.348482484871926,2.582413925790293e-05,21.34845666073267,
shape_refinement/old_family,1.02,12.0,0.56,0.4,0.16,20.67040209530759,2.582702804055812e-05,20.67037626827955,
shape_refinement/old_family,1.02,12.0,0.56,0.4,0.24,19.9267981353167,2.5830488638387797e-05,19.926772304828063,
shape_refinement/old_family,1.02,12.0,0.56,0.4,0.32,19.30984245762543,2.583354281516601e-05,19.309816624082615,
shape_refinement/old_family,1.02,12.0,0.56,0.4,0.4,18.29802570209753,2.5835562987345022e-05,18.297999866534543,
shape_refinement/old_family,1.02,12.0,0.56,0.48,0.0,18.14953664847513,2.582045601266131e-05,18.149510828019118,
shape_refinement/old_family,1.02,12.0,0.56,0.48,0.08,18.088059646774703,2.5821923913078566e-05,18.08803382485079,
shape_refinement/old_family,1.02,12.0,0.56,0.48,0.16,17.915418758465837,2.58254951210159e-05,17.915392932970715,
shape_refinement/old_family,1.02,12.0,0.56,0.48,0.24,17.648378518799436,2.5829710873176055e-05,17.648352689088565,
shape_refinement/old_family,1.02,12.0,0.56,0.48,0.32,17.272260544445924,2.583350067359914e-05,17.272234710945252,
shape_refinement/old_family,1.02,12.0,0.56,0.48,0.4,16.691640095238704,2.583622446595628e-05,16.691614259014237,
shape_refinement/old_family,1.02,12.0,0.56,0.56,0.0,18.730596913988315,2.5816823777502797e-05,18.730571097164535,
shape_refinement/old_family,1.02,12.0,0.56,0.56,0.08,18.731391347431824,2.581863881999971e-05,18.731365528793003,
shape_refinement/old_family,1.02,12.0,0.56,0.56,0.16,18.695195992166283,2.5822871695928633e-05,18.695170169294588,
shape_refinement/old_family,1.02,12.0,0.56,0.56,0.24,18.523721365346482,2.5827729351518747e-05,18.52369553761713,
shape_refinement/old_family,1.02,12.0,0.56,0.56,0.32,18.1019588984657,2.5832130481290743e-05,18.101933066335217,
shape_refinement/old_family,1.02,12.0,0.64,0.0,0.0,27.934142989700856,2.5824472626744577e-05,27.93411716522823,
shape_refinement/old_family,1.02,12.0,0.64,0.08,0.0,30.01136531805871,2.5824355424438062e-05,30.011339493703286,
shape_refinement/old_family,1.02,12.0,0.64,0.08,0.08,28.34900517625372,2.5824296818733057e-05,28.3489793519569,
shape_refinement/old_family,1.02,12.0,0.64,0.16,0.0,35.38770953530353,2.582394724565891e-05,35.38768371135628,
shape_refinement/old_family,1.02,12.0,0.64,0.16,0.08,31.43313603838285,2.5824057442409697e-05,31.43311021432541,
shape_refinement/old_family,1.02,12.0,0.64,0.16,0.16,28.843686224940306,2.5824295780896377e-05,28.843660400644527,
shape_refinement/old_family,1.02,12.0,0.64,0.24,0.0,41.33074668498412,2.582309945016791e-05,41.33072086188467,
shape_refinement/old_family,1.02,12.0,0.64,0.24,0.08,37.26901845179171,2.5823471534703973e-05,37.26899262832018,
shape_refinement/old_family,1.02,12.0,0.64,0.24,0.16,30.920154521234178,2.5824425831828795e-05,30.920128696808344,
shape_refinement/old_family,1.02,12.0,0.64,0.24,0.24,27.89982165626139,2.5825565934143018e-05,27.899795830695457,
shape_refinement/old_family,1.02,12.0,0.64,0.32,0.0,44.25937412934487,2.582162540997882e-05,44.25934830771946,
shape_refinement/old_family,1.02,12.0,0.64,0.32,0.08,41.11071535424564,2.5822334519709406e-05,41.11068953191112,
shape_refinement/old_family,1.02,12.0,0.64,0.32,0.16,34.292499238625695,2.582416263271444e-05,34.29247341446306,
shape_refinement/old_family,1.02,12.0,0.64,0.32,0.24,28.14003309323119,2.5826442064300533e-05,28.140007266789123,
shape_refinement/old_family,1.02,12.0,0.64,0.32,0.32,24.72179025326376,2.5828504846091957e-05,24.721764424758913,
shape_refinement/old_family,1.02,12.0,0.64,0.4,0.0,42.01007706830667,2.581936531724976e-05,42.01005124894135,
shape_refinement/old_family,1.02,12.0,0.64,0.4,0.08,39.946251828499314,2.5820478945225165e-05,39.94622600802037,
shape_refinement/old_family,1.02,12.0,0.64,0.4,0.16,34.765697964085845,2.5823274013139236e-05,34.76567214081183,
shape_refinement/old_family,1.02,12.0,0.64,0.4,0.24,28.64332313235929,2.5826694452927363e-05,28.643297305664834,
shape_refinement/old_family,1.02,12.0,0.64,0.4,0.32,23.45674967472087,2.582986180561777e-05,23.456723844859066,
shape_refinement/old_family,1.02,12.0,0.64,0.4,0.4,20.08085202660954,2.583221081633732e-05,20.080826194398725,
shape_refinement/old_family,1.02,12.0,0.64,0.48,0.0,35.42602506070378,2.5816238690017138e-05,35.42599924446509,
shape_refinement/old_family,1.02,12.0,0.64,0.48,0.08,34.29309560005881,2.58178407514356e-05,34.29306978221806,
shape_refinement/old_family,1.02,12.0,0.64,0.48,0.16,31.258105852206306,2.582165518340277e-05,31.258080030551124,
shape_refinement/old_family,1.02,12.0,0.64,0.48,0.24,27.148064848829787,2.5826124661715815e-05,27.148039022705124,
shape_refinement/old_family,1.02,12.0,0.64,0.48,0.32,22.772453655223718,2.5830243048102428e-05,22.77242782498067,
shape_refinement/old_family,1.02,12.0,0.64,0.56,0.0,28.527395586012705,2.581227176411482e-05,28.52736977374094,
shape_refinement/old_family,1.02,12.0,0.64,0.56,0.08,28.070142320510822,2.581451479900563e-05,28.070116505996022,
shape_refinement/old_family,1.02,12.0,0.64,0.56,0.16,26.776539149525572,2.581937294463322e-05,26.77651333015263,
shape_refinement/old_family,1.02,12.0,0.64,0.56,0.24,24.818888661091624,2.582472072747829e-05,24.818862836370897,
shape_refinement/old_family,1.02,12.0,0.64,0.64,0.0,27.540654141638615,2.5807599566892044e-05,27.54062833403905,
shape_refinement/old_family,1.02,12.0,0.64,0.64,0.08,27.314836867938958,2.5810840509528857e-05,27.31481105709845,
shape_refinement/old_family,1.02,12.0,0.64,0.64,0.16,26.61328310764166,2.5816689694789115e-05,26.613257290951964,
shape_refinement/old_family,1.02,12.0,0.72,0.0,0.0,32.50883648201231,2.5823635076151667e-05,32.508810658377236,
shape_refinement/old_family,1.02,12.0,0.72,0.08,0.0,36.34079733775807,2.5823266711622195e-05,36.34077151449136,
shape_refinement/old_family,1.02,12.0,0.72,0.08,0.08,32.87799290406275,2.5822951616012127e-05,32.87796708111114,
shape_refinement/old_family,1.02,12.0,0.72,0.16,0.0,47.034349737284344,2.5822177238102407e-05,47.03432391510711,
shape_refinement/old_family,1.02,12.0,0.72,0.16,0.08,38.25542547383093,2.5822021853777778e-05,38.25539965180908,
shape_refinement/old_family,1.02,12.0,0.72,0.16,0.16,33.15167353372471,2.5821564591248494e-05,33.15164771216012,
shape_refinement/old_family,1.02,12.0,0.72,0.24,0.0,60.77486447383619,2.5820403549419345e-05,60.77483865343264,
shape_refinement/old_family,1.02,12.0,0.72,0.24,0.08,50.59790498361304,2.582051459134959e-05,50.59787916309845,
shape_refinement/old_family,1.02,12.0,0.72,0.24,0.16,37.28556733662418,2.5820821332476653e-05,37.28554151580285,
shape_refinement/old_family,1.02,12.0,0.72,0.24,0.24,31.640312664695507,2.582123595758491e-05,31.64028684345955,
shape_refinement/old_family,1.02,12.0,0.72,0.32,0.0,71.33484927752767,2.5817982739775167e-05,71.33482345954492,
shape_refinement/old_family,1.02,12.0,0.72,0.32,0.08,62.61675256075136,2.581847113888845e-05,62.61672674228022,
shape_refinement/old_family,1.02,12.0,0.72,0.32,0.16,46.30322025381859,2.581979749397932e-05,46.303194434021094,
shape_refinement/old_family,1.02,12.0,0.72,0.32,0.24,33.44534916170694,2.5821607082731876e-05,33.44532334009986,
shape_refinement/old_family,1.02,12.0,0.72,0.32,0.32,27.451590036901074,2.5823466139001727e-05,27.451564213434935,
shape_refinement/old_family,1.02,12.0,0.72,0.4,0.0,73.60055532000922,2.5814939475444353e-05,73.60052950506974,
shape_refinement/old_family,1.02,12.0,0.72,0.4,0.08,67.38334046942335,2.5815936899939963e-05,67.38331465348645,
shape_refinement/old_family,1.02,12.0,0.72,0.4,0.16,53.10942963818585,2.5818495105897994e-05,53.10940381969075,
shape_refinement/old_family,1.02,12.0,0.72,0.4,0.24,38.17291542728989,2.582175861939933e-05,38.17288960553127,
shape_refinement/old_family,1.02,12.0,0.72,0.4,0.32,27.13771118230199,2.5824991600908256e-05,27.137685357310392,
shape_refinement/old_family,1.02,12.0,0.72,0.48,0.0,66.27677577683455,2.5811295716609166e-05,66.27674996553884,
shape_refinement/old_family,1.02,12.0,0.72,0.48,0.08,62.3920051846519,2.5813007361977925e-05,62.39197937164454,
shape_refinement/old_family,1.02,12.0,0.72,0.48,0.16,52.51374427449151,2.581696245182173e-05,52.51371845752906,
shape_refinement/old_family,1.02,12.0,0.72,0.48,0.24,40.31823715200772,2.5821563991617913e-05,40.318211330443724,
shape_refinement/old_family,1.02,12.0,0.72,0.56,0.0,52.58013999742484,2.5807098873709183e-05,52.580114190325965,
shape_refinement/old_family,1.02,12.0,0.72,0.56,0.08,50.505531174796836,2.5809965899396053e-05,50.50550536483094,
shape_refinement/old_family,1.02,12.0,0.72,0.56,0.16,44.97605466688566,2.581537102735887e-05,44.976028851514634,
shape_refinement/old_family,1.02,12.0,0.72,0.64,0.0,39.319627797938445,2.58024509808902e-05,39.31960199548747,
shape_refinement/old_family,1.02,12.0,0.72,0.64,0.08,38.46535177282362,2.5807631000801135e-05,38.46532596519262,
shape_refinement/old_family,1.02,12.0,0.72,0.72,0.0,35.02702329204599,2.5803296742987933e-05,35.026997488749245,
shape_refinement/old_family,1.02,12.0,0.8,0.0,0.0,36.122150595938685,2.58222183056303e-05,36.12212477372038,
shape_refinement/old_family,1.02,12.0,0.8,0.08,0.0,42.46254633442426,2.5821648073145132e-05,42.46252051277619,
shape_refinement/old_family,1.02,12.0,0.8,0.08,0.08,36.45360693350491,2.5821118128411413e-05,36.45358111238678,
shape_refinement/old_family,1.02,12.0,0.8,0.16,0.0,60.65266499534443,2.5819994424020005e-05,60.652639175350004,
shape_refinement/old_family,1.02,12.0,0.8,0.16,0.08,44.531423920893836,2.5819589613665083e-05,44.53139810130422,
shape_refinement/old_family,1.02,12.0,0.8,0.16,0.16,36.54160870433143,2.5818449078749477e-05,36.54158288588235,
shape_refinement/old_family,1.02,12.0,0.8,0.24,0.0,85.35582509888579,2.5817411746563108e-05,85.35579928147403,
shape_refinement/old_family,1.02,12.0,0.8,0.24,0.08,64.76279737324279,2.5817231581393002e-05,64.7627715560112,
shape_refinement/old_family,1.02,12.0,0.8,0.24,0.16,43.010850433691445,2.5816779640598644e-05,43.010824616911805,
shape_refinement/old_family,1.02,12.0,0.8,0.24,0.24,34.550311987508536,2.5816283365025747e-05,34.550286171225174,
shape_refinement/old_family,1.02,12.0,0.8,0.32,0.0,107.20385655200961,2.5814107208239354e-05,107.20383073790241,
shape_refinement/old_family,1.02,12.0,0.8,0.32,0.08,87.9207565237009,2.5814284261482382e-05,87.92073070941665,
shape_refinement/old_family,1.02,12.0,0.8,0.32,0.16,58.562989145454004,2.581488161219294e-05,58.562963330572394,
shape_refinement/old_family,1.02,12.0,0.8,0.32,0.24,38.098677229332296,2.5815995546203963e-05,38.098651413336746,
shape_refinement/old_family,1.02,12.0,0.8,0.32,0.32,29.510474849721383,2.5817564334365924e-05,29.510449032157048,
shape_refinement/old_family,1.02,12.0,0.8,0.4,0.0,117.70534208832767,2.5810285537842047e-05,117.70531627804213,
shape_refinement/old_family,1.02,12.0,0.8,0.4,0.08,103.01041191864837,2.5811031586418503e-05,103.01038610761678,
shape_refinement/old_family,1.02,12.0,0.8,0.4,0.16,74.02534646485402,2.581310325050308e-05,74.02532065175077,
shape_refinement/old_family,1.02,12.0,0.8,0.4,0.24,47.68852554338202,2.5816054337919467e-05,47.68849972732768,
shape_refinement/old_family,1.02,12.0,0.8,0.48,0.0,112.91322145801647,2.580610863911051e-05,112.91319565190783,
shape_refinement/old_family,1.02,12.0,0.8,0.48,0.08,103.12654223718934,2.580786789949088e-05,103.12651642932144,
shape_refinement/old_family,1.02,12.0,0.8,0.48,0.16,80.39717570126048,2.581181545399778e-05,80.39714988944503,
shape_refinement/old_family,1.02,12.0,0.8,0.56,0.0,94.62260282273223,2.580169131191392e-05,94.62257702104093,
shape_refinement/old_family,1.02,12.0,0.8,0.56,0.08,88.75378461885995,2.5805699446221862e-05,88.7537588131605,
shape_refinement/old_family,1.02,12.0,0.8,0.64,0.0,69.63610063614779,2.5802239113487285e-05,69.63607483390868,
shape_refinement/old_family,1.02,12.0,0.88,0.0,0.0,38.579398170895516,2.5820855430212153e-05,38.57937235004009,
shape_refinement/old_family,1.02,12.0,0.88,0.08,0.0,48.712614582935934,2.582013736298838e-05,48.712588762798575,
shape_refinement/old_family,1.02,12.0,0.88,0.08,0.08,38.88570224652097,2.5819443613620635e-05,38.88567642707736,
shape_refinement/old_family,1.02,12.0,0.88,0.16,0.0,77.16371955196658,2.5818056820557512e-05,77.16369373390975,
shape_refinement/old_family,1.02,12.0,0.88,0.16,0.08,49.78717129142064,2.5817439425704547e-05,49.78714547398121,
shape_refinement/old_family,1.02,12.0,0.88,0.16,0.16,38.84411639297094,2.581567833640753e-05,38.844090577292604,
shape_refinement/old_family,1.02,12.0,0.88,0.24,0.0,115.83030497337384,2.5814820795049902e-05,115.83027915855304,
shape_refinement/old_family,1.02,12.0,0.88,0.24,0.08,77.9981434028727,2.581434554080594e-05,77.99811758852717,
shape_refinement/old_family,1.02,12.0,0.88,0.24,0.16,47.581134955931795,2.581305002128066e-05,47.58110914288177,
shape_refinement/old_family,1.02,12.0,0.88,0.24,0.24,36.5104177962167,2.5811354459268588e-05,36.51039198486224,
shape_refinement/old_family,1.02,12.0,0.88,0.32,0.0,152.05358983242135,2.581073066383733e-05,152.05356402169068,
shape_refinement/old_family,1.02,12.0,0.88,0.32,0.08,113.30457534080263,2.5810503552441686e-05,113.30454953029907,
shape_refinement/old_family,1.02,12.0,0.88,0.32,0.16,69.38975421907594,2.581004754042286e-05,69.3897284090284,
shape_refinement/old_family,1.02,12.0,0.88,0.32,0.24,41.69773937898512,2.5810026464401178e-05,41.697713568958655,
shape_refinement/old_family,1.02,12.0,0.88,0.4,0.0,174.15959991121963,2.580612645603717e-05,174.15957410509318,
shape_refinement/old_family,1.02,12.0,0.88,0.4,0.08,142.3104009607429,2.5806386052825666e-05,142.31037515435685,
shape_refinement/old_family,1.02,12.0,0.88,0.4,0.16,93.95024417638214,2.5807505602486106e-05,93.95021836887653,
shape_refinement/old_family,1.02,12.0,0.88,0.48,0.0,175.46954453673834,2.5801326577506126e-05,175.46951873541175,
shape_refinement/old_family,1.02,12.0,0.88,0.48,0.08,153.2496127061243,2.5802922444316144e-05,153.24958690320187,
shape_refinement/old_family,1.02,12.0,0.88,0.56,0.0,155.89029649110455,2.579924026088065e-05,155.8902706918643,
shape_refinement/old_family,1.02,12.0,0.96,0.0,0.0,39.81184450456535,2.5819962709487454e-05,39.81181868460264,
shape_refinement/old_family,1.02,12.0,0.96,0.08,0.0,52.58949936802537,2.5819166806831576e-05,52.589473548858564,
shape_refinement/old_family,1.02,12.0,0.96,0.08,0.08,40.10602352137469,2.581838351291317e-05,40.105997702991175,
shape_refinement/old_family,1.02,12.0,0.96,0.16,0.0,88.94454828305524,2.581685484248306e-05,88.9445224662004,
shape_refinement/old_family,1.02,12.0,0.96,0.16,0.08,53.02844389393697,2.5816109537745653e-05,53.02841807782744,
shape_refinement/old_family,1.02,12.0,0.96,0.16,0.16,39.99898802386455,2.5813951046226738e-05,39.9989622099135,
shape_refinement/old_family,1.02,12.0,0.96,0.24,0.0,142.9738827152334,2.5813242064479774e-05,142.97385690199133,
shape_refinement/old_family,1.02,12.0,0.96,0.24,0.08,86.60588349140184,2.581256171093883e-05,86.60585767884012,
shape_refinement/old_family,1.02,12.0,0.96,0.24,0.16,50.22363829338176,2.5810607008686078e-05,50.223612482774755,
shape_refinement/old_family,1.02,12.0,0.96,0.24,0.24,37.48846890321069,2.5807658178717598e-05,37.48844309555251,
shape_refinement/old_family,1.02,12.0,0.96,0.32,0.0,200.44764746218755,2.5808650201116693e-05,200.44762165353734,
shape_refinement/old_family,1.02,12.0,0.96,0.32,0.08,130.46736323613325,2.580807026205403e-05,130.467337428063,
shape_refinement/old_family,1.02,12.0,0.96,0.32,0.16,76.05898014756814,2.580645908275514e-05,76.05895434110906,
shape_refinement/old_family,1.02,12.0,0.96,0.4,0.0,237.16008314137014,2.580346152112232e-05,237.16005733790863,
shape_refinement/old_family,1.02,12.0,0.96,0.4,0.08,171.69200154255049,2.5803062131395264e-05,171.69197573948836,
shape_refinement/old_family,1.02,12.0,0.96,0.48,0.0,249.2479245980532,2.579807068961006e-05,249.24789879998252,
shape_refinement/old_family,1.02,16.0,0.01,0.0,0.0,0.007545890588221912,8.337112065748548e-07,0.007545056877015337,1.4016373363895652e-07
shape_refinement/old_family,1.02,16.0,0.01,0.01,0.0,0.005989388797955985,1.6674277430090316e-06,0.005987721370212976,2.748785183701763e-07
shape_refinement/old_family,1.02,16.0,0.01,0.01,0.01,0.013538732653002896,2.501144217076506e-06,0.01353623150878582,4.036554523134673e-07
shape_refinement/old_family,1.02,16.0,0.08,0.0,0.0,0.48437910617938096,5.019514811956252e-06,0.484374086664569,1.9526590526688757e-06
shape_refinement/old_family,1.02,16.0,0.08,0.08,0.0,0.360046018241355,5.023494397491639e-06,0.3600409947469575,1.2311642514395097e-06
shape_refinement/old_family,1.02,16.0,0.08,0.08,0.08,0.8570846862435717,5.027257562694973e-06,0.857079658986009,1.1310256728958358e-06
shape_refinement/old_family,1.02,16.0,0.16,0.0,0.0,1.9527032538720046,5.029763899113763e-06,1.9526982241081055,1.1215538796351405e-06
shape_refinement/old_family,1.02,16.0,0.16,0.08,0.0,1.397395394387228,5.0332649931394455e-06,1.3973903611222347,1.3851891643064345e-06
shape_refinement/old_family,1.02,16.0,0.16,0.08,0.08,1.8814931052674633,5.036552413441211e-06,1.88148806871505,1.3249947026061868e-06
shape_refinement/old_family,1.02,16.0,0.16,0.16,0.0,1.2097361881466717,5.0418190661336305e-06,1.2097311463276055,1.1335520548882982e-06
shape_refinement/old_family,1.02,16.0,0.16,0.16,0.08,1.7326018740264684,5.044659389031835e-06,1.7325968293670793,1.1208862589207056e-06
shape_refinement/old_family,1.02,16.0,0.16,0.16,0.16,3.2992544616237076,5.051706811916548e-06,3.2992494099168956,1.1150516705527025e-06
shape_refinement/old_family,1.02,16.0,0.24,0.0,0.0,4.433233688284588,5.042936446780876e-06,4.433228645348141,1.11628477167569e-06
shape_refinement/old_family,1.02,16.0,0.24,0.08,0.0,3.7022800484284146,5.045628652628242e-06,3.702275002799762,1.113558651546163e-06
shape_refinement/old_family,1.02,16.0,0.24,0.08,0.08,4.8508170292662305,5.048197325062096e-06,4.850811981068905,1.104838948641046e-06
shape_refinement/old_family,1.02,16.0,0.24,0.16,0.0,2.4684287123448176,5.052308212453319e-06,2.4684236600366054,1.1848500345105685e-06
shape_refinement/old_family,1.02,16.0,0.24,0.16,0.08,3.1935723648502696,5.0545838808619626e-06,3.193567310266389,1.1926946753366879e-06
shape_refinement/old_family,1.02,16.0,0.24,0.16,0.16,5.1179976676429675,5.060250076317729e-06,5.117992607392891,1.107265039802575e-06
shape_refinement/old_family,1.02,16.0,0.24,0.24,0.0,2.193421166539525,5.060387216306797e-06,2.1934161061523088,1.101173867645855e-06
shape_refinement/old_family,1.02,16.0,0.24,0.24,0.08,2.7258284442119347,5.062293761540141e-06,2.725823381918173,1.1118503354124985e-06
shape_refinement/old_family,1.02,16.0,0.24,0.24,0.16,4.304061606164049,5.0670401370003e-06,4.304056539123912,1.0986578589111673e-06
shape_refinement/old_family,1.02,16.0,0.24,0.24,0.24,6.866902419387371,5.072669233523523e-06,6.866897346718138,1.1341968289002578e-06
shape_refinement/old_family,1.02,16.0,0.32,0.0,0.0,7.920553799610814,5.055539480244951e-06,7.920548744071334,1.1415575234196383e-06
shape_refinement/old_family,1.02,16.0,0.32,0.08,0.0,7.1371782367667205,5.05740454153481e-06,7.137173179362179,1.1076298337260225e-06
shape_refinement/old_family,1.02,16.0,0.32,0.08,0.08,8.40415186933281,5.059222319249023e-06,8.404146810110491,1.094534682362482e-06
shape_refinement/old_family,1.02,16.0,0.32,0.16,0.0,5.356544902021824,5.0620815916056066e-06,5.356539839940233,1.103246762690046e-06
shape_refinement/old_family,1.02,16.0,0.32,0.16,0.08,6.507702212626319,5.063775569892322e-06,6.50769714885075,1.1132191919500754e-06
shape_refinement/old_family,1.02,16.0,0.32,0.16,0.16,9.451810937609883,5.068006232631139e-06,9.45180586960365,1.096729391073411e-06
shape_refinement/old_family,1.02,16.0,0.32,0.24,0.0,3.743217007033637,5.067688400874948e-06,3.743211939345236,1.1019162539991444e-06
shape_refinement/old_family,1.02,16.0,0.32,0.24,0.08,4.419779078158186,5.069216166206957e-06,4.41977400894202,1.1295713665422297e-06
shape_refinement/old_family,1.02,16.0,0.32,0.24,0.16,6.499189315942882,5.073020053995691e-06,6.499184242922828,1.1412963571105073e-06
shape_refinement/old_family,1.02,16.0,0.32,0.24,0.24,10.004254807897931,5.077487391249595e-06,10.00424973041054,1.1080295749904356e-06
shape_refinement/old_family,1.02,16.0,0.32,0.32,0.0,3.4920549498261826,5.072547757798419e-06,3.4920498772784248,1.12439810064672e-06
shape_refinement/old_family,1.02,16.0,0.32,0.32,0.08,3.9865447190184846,5.073899767582709e-06,3.986539645118717,1.1117671467886225e-06
shape_refinement/old_family,1.02,16.0,0.32,0.32,0.16,5.434537033139766,5.077261406597815e-06,5.434531955878359,1.1020655552584913e-06
shape_refinement/old_family,1.02,16.0,0.32,0.32,0.24,7.732764327592346,5.081187218935296e-06,7.732759246405127,1.0967520788471884e-06
shape_refinement/old_family,1.02,16.0,0.32,0.32,0.32,10.717555232717531,5.084387060523458e-06,10.71755014833047,1.1267756008237486e-06
shape_refinement/old_family,1.02,16.0,0.375,0.375,0.0,5.05253600539766,5.07633016122704e-06,5.0525309290674985,1.1102380102746413e-06
shape_refinement/old_family,1.02,16.0,0.4,0.0,0.0,12.315935465885916,5.065354980724287e-06,12.315930400530936,1.1027263758384312e-06
shape_refinement/old_family,1.02,16.0,0.4,0.08,0.0,11.725174465959917,5.066520592433079e-06,11.725169399439324,1.125145857346237e-06
shape_refinement/old_family,1.02,16.0,0.4,0.08,0.08,12.815663564774942,5.067691476941343e-06,12.815658497083465,1.1408307776347359e-06
shape_refinement/old_family,1.02,16.0,0.4,0.16,0.0,10.090925555480052,5.069448410127938e-06,10.090920486031642,1.141918426643495e-06
shape_refinement/old_family,1.02,16.0,0.4,0.16,0.08,11.451457807428964,5.0706285581116455e-06,11.451452736800405,1.1405461785086072e-06
shape_refinement/old_family,1.02,16.0,0.4,0.16,0.16,13.830966311431778,5.073579807160543e-06,13.830961237851971,1.1052456312081163e-06
shape_refinement/old_family,1.02,16.0,0.4,0.24,0.0,7.858706532375292,5.072885948443288e-06,7.858701459489343,1.1074197824488573e-06
shape_refinement/old_family,1.02,16.0,0.4,0.24,0.08,8.753818402507898,5.074071665134696e-06,8.753813328436232,1.1029165186267178e-06
shape_refinement/old_family,1.02,16.0,0.4,0.24,0.16,11.442833375737552,5.077028395118066e-06,11.442828298709156,1.1115592694367213e-06
shape_refinement/old_family,1.02,16.0,0.4,0.24,0.24,14.413412856266996,5.0804773677226865e-06,14.413407775789628,1.11497181273191e-06
shape_refinement/old_family,1.02,16.0,0.4,0.32,0.0,5.969649689031608,5.07563276823732e-06,5.96964461339884,1.100421812099023e-06
shape_refinement/old_family,1.02,16.0,0.4,0.32,0.08,6.502934526352705,5.0768215674832164e-06,6.502929449531138,1.1022815568348941e-06
shape_refinement/old_family,1.02,16.0,0.4,0.32,0.16,8.109298042690975,5.079782028027742e-06,8.109292962908947,1.1343067209910691e-06
shape_refinement/old_family,1.02,16.0,0.4,0.32,0.24,10.831230811878187,5.083243565592283e-06,10.831225728634623,1.1093481340871652e-06
shape_refinement/old_family,1.02,16.0,0.4,0.32,0.32,14.173242679394702,5.086059355076165e-06,14.173237593335347,1.1068108225312758e-06
shape_refinement/old_family,1.02,16.0,0.4,0.4,0.0,6.07552145916635,5.0769168753859116e-06,6.075516382249474,1.1151675777287958e-06
shape_refinement/old_family,1.02,16.0,0.4,0.4,0.08,6.465514659543514,5.078109662838303e-06,6.465509581433851,1.1113571365114455e-06
shape_refinement/old_family,1.02,16.0,0.4,0.4,0.16,7.58939297362138,5.081081122604934e-06,7.589387892540257,1.0967198080613066e-06
shape_refinement/old_family,1.02,16.0,0.4,0.4,0.24,9.318657403568128,5.084580386359164e-06,9.318652318987741,1.0933618950360937e-06
shape_refinement/old_family,1.02,16.0,0.4,0.4,0.32,11.46709063912396,5.087499114678862e-06,11.467085551624844,1.110228199218758e-06
shape_refinement/old_family,1.02,16.0,0.4,0.4,0.4,13.820160257597331,5.089127938851908e-06,13.820155168469393,1.0911236145716432e-06
shape_refinement/old_family,1.02,16.0,0.48,0.0,0.0,17.38218323000197,5.071668558955135e-06,17.38217815833341,1.1130257355829603e-06
shape_refinement/old_family,1.02,16.0,0.48,0.08,0.0,17.310990853208104,5.072293289142428e-06,17.310985780914816,1.0898123076173684e-06
shape_refinement/old_family,1.02,16.0,0.48,0.08,0.08,17.87288016039495,5.07295555815818e-06,17.87287508743939,1.1103832924198312e-06
shape_refinement/old_family,1.02,16.0,0.48,0.16,0.0,16.775122714926376,5.073837910665328e-06,16.775117641088464,1.1054339686593063e-06
shape_refinement/old_family,1.02,16.0,0.48,0.16,0.08,17.590447178928347,5.074598778311423e-06,17.59044210432957,1.0962714124846348e-06
shape_refinement/old_family,1.02,16.0,0.48,0.16,0.16,18.774032560943432,5.0764979874540105e-06,18.774027484445444,1.1169058086304e-06
shape_refinement/old_family,1.02,16.0,0.48,0.24,0.0,15.2185967262799,5.075534555495919e-06,15.218591650745344,1.1332376133958295e-06
shape_refinement/old_family,1.02,16.0,0.48,0.24,0.08,15.86972114262548,5.076428412771795e-06,15.869716066197066,1.1297928616981032e-06
shape_refinement/old_family,1.02,16.0,0.48,0.24,0.16,17.650349402230024,5.078667024605863e-06,17.650344323563,1.1233042369026417e-06
shape_refinement/old_family,1.02,16.0,0.48,0.24,0.24,18.945102454823868,5.081276714872091e-06,18.945097373547153,1.1039919250412465e-06
shape_refinement/old_family,1.02,16.0,0.48,0.32,0.0,12.688044407081328,5.076588596829116e-06,12.688039330492732,1.0946453840652812e-06
shape_refinement/old_family,1.02,16.0,0.48,0.32,0.08,13.105730304797893,5.0776304347021475e-06,13.105725227167458,1.103466667361518e-06
shape_refinement/old_family,1.02,16.0,0.48,0.32,0.16,14.406835950948901,5.0802392872941305e-06,14.406830870709614,1.1017572839514672e-06
shape_refinement/old_family,1.02,16.0,0.48,0.32,0.24,16.531858371668175,5.083321620682852e-06,16.531853288346554,1.106699112499939e-06
shape_refinement/old_family,1.02,16.0,0.48,0.32,0.32,17.84289061737047,5.085873705205579e-06,17.842885531496766,1.112209936279362e-06
shape_refinement/old_family,1.02,16.0,0.48,0.4,0.0,10.449176601612935,5.076449485764732e-06,10.449171525163448,1.0936222339522034e-06
shape_refinement/old_family,1.02,16.0,0.48,0.4,0.08,10.731251664226122,5.077644357309565e-06,10.731246586581765,1.0974108620819842e-06
shape_refinement/old_family,1.02,16.0,0.48,0.4,0.16,11.565545786515692,5.080625640891363e-06,11.56554070589005,1.1184157423038052e-06
shape_refinement/old_family,1.02,16.0,0.48,0.4,0.24,12.921983774823834,5.0841748871019925e-06,12.921978690648947,1.107686672944304e-06
shape_refinement/old_family,1.02,16.0,0.48,0.4,0.32,14.749996538607572,5.0872349744841244e-06,14.749991451372598,1.1074219569831935e-06
shape_refinement/old_family,1.02,16.0,0.48,0.4,0.4,16.16176989028795,5.089125263439336e-06,16.161764801162686,1.1031173816006083e-06
shape_refinement/old_family,1.02,16.0,0.48,0.48,0.0,11.092048717045845,5.074887330761005e-06,11.092043642158515,1.10208863965687e-06
shape_refinement/old_family,1.02,16.0,0.48,0.48,0.08,11.310733506385656,5.076234284041436e-06,11.310728430151372,1.1034757079721306e-06
shape_refinement/old_family,1.02,16.0,0.48,0.48,0.16,11.919587196508413,5.079568448362806e-06,11.919582116939965,1.097578245129001e-06
shape_refinement/old_family,1.02,16.0,0.48,0.48,0.24,12.791629697331912,5.083546176564266e-06,12.791624613785736,1.1073773062975079e-06
shape_refinement/old_family,1.02,16.0,0.48,0.48,0.32,13.756842277659638,5.087081791264828e-06,13.756837190577848,1.0979211005886021e-06
shape_refinement/old_family,1.02,16.0,0.48,0.48,0.4,14.644817325827226,5.089495101263189e-06,14.644812236332125,1.1032869719852877e-06
shape_refinement/old_family,1.02,16.0,0.48,0.48,0.48,15.319024594415389,5.090418859262365e-06,15.319019503996529,1.0916298691654445e-06
shape_refinement/old_family,1.02,16.0,0.56,0.0,0.0,22.742096777205703,5.074817755375384e-06,22.742091702387945,1.1078150623034443e-06
shape_refinement/old_family,1.02,16.0,0.56,0.08,0.0,23.549529248496277,5.075033975176607e-06,23.549524173462302,1.0975104862093808e-06
shape_refinement/old_family,1.02,16.0,0.56,0.08,0.08,23.20136195315551,5.0753044582997025e-06,23.20135687785105,1.0980356357560776e-06
shape_refinement/old_family,1.02,16.0,0.56,0.16,0.0,25.28154880221523,5.07551500684348e-06,25.281543726700225,1.1037670716065825e-06
shape_refinement/old_family,1.02,16.0,0.56,0.16,0.08,24.409307080697413,5.075935521356101e-06,24.40930200476189,1.0958449271131632e-06
shape_refinement/old_family,1.02,16.0,0.56,0.16,0.16,23.91837120850494,5.076974474817504e-06,23.918366131530465,1.1006191943945361e-06
shape_refinement/old_family,1.02,16.0,0.56,0.24,0.0,26.27624410934132,5.075848634080024e-06,26.276239033492686,1.1001691761629978e-06
shape_refinement/old_family,1.02,16.0,0.56,0.24,0.08,25.523168454789335,5.076486844056066e-06,25.523163378302492,1.0961298764174747e-06
shape_refinement/old_family,1.02,16.0,0.56,0.24,0.16,24.269487670102144,5.0781007122254105e-06,24.26948259200143,1.0948669663866855e-06
shape_refinement/old_family,1.02,16.0,0.56,0.24,0.24,23.560344497629167,5.080001672904537e-06,23.560339417627493,1.111525917414855e-06
shape_refinement/old_family,1.02,16.0,0.56,0.32,0.0,25.05488258593596,5.075570754623649e-06,25.054877510365205,1.1119504976359443e-06
shape_refinement/old_family,1.02,16.0,0.56,0.32,0.08,24.54327994302733,5.076468242667399e-06,24.543274866559088,1.1206726211541685e-06
shape_refinement/old_family,1.02,16.0,0.56,0.32,0.16,23.427041246922162,5.0787407824878835e-06,23.42703616818138,1.1210253388536624e-06
shape_refinement/old_family,1.02,16.0,0.56,0.32,0.24,22.443831087319175,5.081485225963598e-06,22.443826005833948,1.1042480845378965e-06
shape_refinement/old_family,1.02,16.0,0.56,0.32,0.32,21.44794224885812,5.083848719930367e-06,21.4479371650094,1.0951808600144245e-06
shape_refinement/old_family,1.02,16.0,0.56,0.4,0.0,21.625100813641343,5.074327938555887e-06,21.625095739313405,1.1109373656278608e-06
shape_refinement/old_family,1.02,16.0,0.56,0.4,0.08,21.34848138923646,5.075511021331208e-06,21.34847631372544,1.0993194435089979e-06
shape_refinement/old_family,1.02,16.0,0.56,0.4,0.16,20.670401007234215,5.078470873746405e-06,20.67039592876334,1.1053515508215445e-06
shape_refinement/old_family,1.02,16.0,0.56,0.4,0.24,19.926797033918657,5.082044155315323e-06,19.926791951874502,1.1014773167465681e-06
shape_refinement/old_family,1.02,16.0,0.56,0.4,0.32,19.309841357301543,5.0852439848156024e-06,19.30983627205756,1.1088387060968757e-06
shape_refinement/old_family,1.02,16.0,0.56,0.4,0.4,18.298024611426733,5.087429567632367e-06,18.298019523997166,1.0914477576177413e-06
shape_refinement/old_family,1.02,16.0,0.56,0.48,0.0,18.149535551074074,5.071953451642982e-06,18.14953047912062,1.0981583620100273e-06
shape_refinement/old_family,1.02,16.0,0.56,0.48,0.08,18.088058545771027,5.073445744560124e-06,18.08805347232528,1.103909320388827e-06
shape_refinement/old_family,1.02,16.0,0.56,0.48,0.16,17.915417657999498,5.077088528986362e-06,17.91541258091097,1.1056944421458114e-06
shape_refinement/old_family,1.02,16.0,0.56,0.48,0.24,17.648377434483926,5.081418260848078e-06,17.648372353065664,1.1158360742779259e-06
shape_refinement/old_family,1.02,16.0,0.56,0.48,0.32,17.272259462615065,5.085356294011584e-06,17.272254377258772,1.0983155261713854e-06
shape_refinement/old_family,1.02,16.0,0.56,0.48,0.4,16.69163901211202,5.0882479248880535e-06,16.691633923864096,1.0957264506872717e-06
shape_refinement/old_family,1.02,16.0,0.56,0.56,0.0,18.7305958249177,5.068470788288951e-06,18.73059075644691,1.1073016703527739e-06
shape_refinement/old_family,1.02,16.0,0.56,0.56,0.08,18.731390261758165,5.0703088178691054e-06,18.73138519144935,1.104870907452694e-06
shape_refinement/old_family,1.02,16.0,0.56,0.56,0.16,18.69519491181024,5.074608813363541e-06,18.695189837201426,1.1025805478718856e-06
shape_refinement/old_family,1.02,16.0,0.56,0.56,0.24,18.52372027267814,5.079571495168776e-06,18.523715193106646,1.0988442612739691e-06
shape_refinement/old_family,1.02,16.0,0.56,0.56,0.32,18.10195780167772,5.084099875141636e-06,18.101952717577845,1.0967879795487079e-06
shape_refinement/old_family,1.02,16.0,0.64,0.0,0.0,27.93414190456757,5.075632767403543e-06,27.934136828934804,1.1008639438569736e-06
shape_refinement/old_family,1.02,16.0,0.64,0.08,0.0,30.01136422530443,5.075532872804211e-06,30.011359149771557,1.115738886638482e-06
shape_refinement/old_family,1.02,16.0,0.64,0.08,0.08,28.349004096319266,5.075491874590115e-06,28.348999020827392,1.1196305444392197e-06
shape_refinement/old_family,1.02,16.0,0.64,0.16,0.0,35.38770845202659,5.075175404446104e-06,35.387703376851185,1.1249169505843802e-06
shape_refinement/old_family,1.02,16.0,0.64,0.16,0.08,31.433134942802198,5.0753040456107214e-06,31.433129867498153,1.111561220378729e-06
shape_refinement/old_family,1.02,16.0,0.64,0.16,0.16,28.843685141106906,5.0755962862970625e-06,28.843680065510622,1.1024058472134304e-06
shape_refinement/old_family,1.02,16.0,0.64,0.24,0.0,41.33074558141945,5.07440808912961e-06,41.33074050701136,1.104069273737206e-06
shape_refinement/old_family,1.02,16.0,0.64,0.24,0.08,37.26901735734855,5.074799812316839e-06,37.26901228254874,1.1032378767678225e-06
shape_refinement/old_family,1.02,16.0,0.64,0.24,0.16,30.920153429082543,5.075811423937035e-06,30.92014835327112,1.1014576309356428e-06
shape_refinement/old_family,1.02,16.0,0.64,0.24,0.24,27.8998205522605,5.077041707095012e-06,27.899815475218794,1.1040008786286718e-06
shape_refinement/old_family,1.02,16.0,0.64,0.32,0.0,44.25937304820261,5.073038376328464e-06,44.25936797516424,1.113244159443208e-06
shape_refinement/old_family,1.02,16.0,0.64,0.32,0.08,41.110714260554296,5.073768383180474e-06,41.11070918678591,1.095121009788057e-06
shape_refinement/old_family,1.02,16.0,0.64,0.32,0.16,34.29249814155443,5.075657483238488e-06,34.29249306589695,1.1081031262149786e-06
shape_refinement/old_family,1.02,16.0,0.64,0.32,0.24,28.140032012202887,5.078032793377125e-06,28.140026934170095,1.0915811768589829e-06
shape_refinement/old_family,1.02,16.0,0.64,0.32,0.32,24.72178915587624,5.080217131338583e-06,24.72178407565911,1.113501514966373e-06
shape_refinement/old_family,1.02,16.0,0.64,0.4,0.0,42.010075968995594,5.070898701048461e-06,42.01007089809689,1.099672617670099e-06
shape_refinement/old_family,1.02,16.0,0.64,0.4,0.08,39.94625073941611,5.072034101841614e-06,39.94624566738201,1.1014469744826399e-06
shape_refinement/old_family,1.02,16.0,0.64,0.4,0.16,34.76569687569634,5.074892742810678e-06,34.7656918008036,1.104115389994803e-06
shape_refinement/old_family,1.02,16.0,0.64,0.4,0.24,28.643322038451423,5.078413050772022e-06,28.643316960038373,1.1133691243765292e-06
shape_refinement/old_family,1.02,16.0,0.64,0.4,0.32,23.456748580766178,5.081705680162316e-06,23.456743499060497,1.0958312677455086e-06
shape_refinement/old_family,1.02,16.0,0.64,0.4,0.4,20.08085093710598,5.084180351107732e-06,20.080845852925627,1.0964158168643416e-06
shape_refinement/old_family,1.02,16.0,0.64,0.48,0.0,35.42602396742524,5.067899804257753e-06,35.42601889952543,1.1000614754610974e-06
shape_refinement/old_family,1.02,16.0,0.64,0.48,0.08,34.29309451297203,5.06952339708986e-06,34.293089443448636,1.1096949574404836e-06
shape_refinement/old_family,1.02,16.0,0.64,0.48,0.16,31.2581047581731,5.073400381154879e-06,31.25809968477272,1.0969548548635236e-06
shape_refinement/old_family,1.02,16.0,0.64,0.48,0.24,27.148063757082067,5.0779662904024015e-06,27.148058679115778,1.0978758865983757e-06
shape_refinement/old_family,1.02,16.0,0.64,0.48,0.32,22.77245256146659,5.082196357993375e-06,22.77244747927023,1.1020518632958758e-06
shape_refinement/old_family,1.02,16.0,0.64,0.56,0.0,28.52739449941817,5.0640591156042525e-06,28.52738943535905,1.1044461886167006e-06
shape_refinement/old_family,1.02,16.0,0.64,0.56,0.08,28.0701412335683,5.066321004951175e-06,28.070136167247295,1.0938903397437477e-06
shape_refinement/old_family,1.02,16.0,0.64,0.56,0.16,26.776538058657202,5.071231977747642e-06,26.776532987425224,1.1035150951557985e-06
shape_refinement/old_family,1.02,16.0,0.64,0.56,0.24,24.818887568615192,5.076651263202523e-06,24.81888249196393,1.1012518741748152e-06
shape_refinement/old_family,1.02,16.0,0.64,0.64,0.0,27.54065303808679,5.059503737851349e-06,27.540647978583053,1.106177706891786e-06
shape_refinement/old_family,1.02,16.0,0.64,0.64,0.08,27.31483576094221,5.062755925160244e-06,27.314830698186285,1.1095210405774137e-06
shape_refinement/old_family,1.02,16.0,0.64,0.64,0.16,26.613282009734135,5.068630136675396e-06,26.613276941103997,1.1032398863618427e-06
shape_refinement/old_family,1.02,16.0,0.72,0.0,0.0,32.50883539259855,5.0750418917267595e-06,32.50883031755666,1.0894137229497208e-06
shape_refinement/old_family,1.02,16.0,0.72,0.08,0.0,36.3407962386272,5.074687505661651e-06,36.34079116393969,1.1066736894396335e-06
shape_refinement/old_family,1.02,16.0,0.72,0.08,0.08,32.87799182221874,5.074386687698566e-06,32.877986747832054,1.0826439149923502e-06
shape_refinement/old_family,1.02,16.0,0.72,0.16,0.0,47.0343486491173,5.073638961407154e-06,47.03434357547834,1.089994067579559e-06
shape_refinement/old_family,1.02,16.0,0.72,0.16,0.08,38.255424369641766,5.073498687667338e-06,38.25541929614308,1.1050088454623887e-06
shape_refinement/old_family,1.02,16.0,0.72,0.16,0.16,33.15167244207799,5.073085513024427e-06,33.15166736899248,1.0991724858252945e-06
shape_refinement/old_family,1.02,16.0,0.72,0.24,0.0,60.774863380287556,5.0719301717823035e-06,60.77485830835739,1.1016251286391322e-06
shape_refinement/old_family,1.02,16.0,0.72,0.24,0.08,50.597903896821926,5.0720574877525606e-06,50.597898824764435,1.099161448970817e-06
shape_refinement/old_family,1.02,16.0,0.72,0.24,0.16,37.285566249896824,5.072411570421968e-06,37.285561177485256,1.1008131647810758e-06
shape_refinement/old_family,1.02,16.0,0.72,0.24,0.24,31.64031157182915,5.072900014085568e-06,31.64030649892914,1.1019735945826997e-06
shape_refinement/old_family,1.02,16.0,0.72,0.32,0.0,71.33484819089965,5.069593434965855e-06,71.3348431213062,1.1052510019095432e-06
shape_refinement/old_family,1.02,16.0,0.72,0.32,0.08,62.61675147392489,5.070099217554213e-06,62.61674640382567,1.1171291910067896e-06
shape_refinement/old_family,1.02,16.0,0.72,0.32,0.16,46.30321916083759,5.071475945026542e-06,46.303214089361646,1.1066083169388011e-06
shape_refinement/old_family,1.02,16.0,0.72,0.32,0.24,33.445348071472154,5.073363083510198e-06,33.44534299810907,1.093947108662339e-06
shape_refinement/old_family,1.02,16.0,0.72,0.32,0.32,27.45158893499072,5.0753148016995325e-06,27.451583859675917,1.1068816378657832e-06
shape_refinement/old_family,1.02,16.0,0.72,0.4,0.0,73.60055422172606,5.066647173294923e-06,73.60054915507888,1.0994499050646721e-06
shape_refinement/old_family,1.02,16.0,0.72,0.4,0.08,67.3833393711235,5.067662350415267e-06,67.38333430346114,1.1129933620662418e-06
shape_refinement/old_family,1.02,16.0,0.72,0.4,0.16,53.10942854489717,5.07027145554795e-06,53.109423474625714,1.0993027681446748e-06
shape_refinement/old_family,1.02,16.0,0.72,0.4,0.24,38.17291432905707,5.0736105476859445e-06,38.17290925544653,1.1041973945039383e-06
shape_refinement/old_family,1.02,16.0,0.72,0.4,0.32,27.137710096133514,5.076922545708475e-06,27.13770501921097,1.1023045524236685e-06
shape_refinement/old_family,1.02,16.0,0.72,0.48,0.0,66.27677469397862,5.063106244581342e-06,66.27676963087238,1.0984576003826686e-06
shape_refinement/old_family,1.02,16.0,0.72,0.48,0.08,62.392004093309424,5.064833993463771e-06,62.39199902847543,1.0984562367731713e-06
shape_refinement/old_family,1.02,16.0,0.72,0.48,0.16,52.51374318375929,5.0688332895393936e-06,52.513738114926,1.1049202694230433e-06
shape_refinement/old_family,1.02,16.0,0.72,0.48,0.24,40.31823606641444,5.073490986128332e-06,40.31823099292345,1.1032210802791883e-06
shape_refinement/old_family,1.02,16.0,0.72,0.56,0.0,52.58013889837411,5.0590108120598344e-06,52.5801338393633,1.1001134786143287e-06
shape_refinement/old_family,1.02,16.0,0.72,0.56,0.08,50.50553007333594,5.06188774892977e-06,50.50552501144819,1.1045219946981918e-06
shape_refinement/old_family,1.02,16.0,0.72,0.56,0.16,44.976053569894546,5.067313991418713e-06,44.976048502580554,1.106897516918425e-06
shape_refinement/old_family,1.02,16.0,0.72,0.64,0.0,39.319626709237596,5.05445617796129e-06,39.31962165478142,1.0901525955486432e-06
shape_refinement/old_family,1.02,16.0,0.72,0.64,0.08,38.465350683327046,5.0596303500546285e-06,38.4653456236967,1.1010997898308507e-06
shape_refinement/old_family,1.02,16.0,0.72,0.72,0.0,35.02702220863152,5.0553812007010454e-06,35.02701715325032,1.09768035034198e-06
shape_refinement/old_family,1.02,16.0,0.8,0.0,0.0,36.122149506157655,5.073865349041116e-06,36.12214443229231,1.0897810775481648e-06
shape_refinement/old_family,1.02,16.0,0.8,0.08,0.0,42.462545243732755,5.073305208638889e-06,42.462540170427545,1.1038622256804497e-06
shape_refinement/old_family,1.02,16.0,0.8,0.08,0.08,36.453605842909894,5.072785667411686e-06,36.453600770124226,1.0955932513124123e-06
shape_refinement/old_family,1.02,16.0,0.8,0.16,0.0,60.65266389740069,5.071681182472092e-06,60.65265882571951,1.103137488140594e-06
shape_refinement/old_family,1.02,16.0,0.8,0.16,0.08,44.53142282517964,5.071287611758363e-06,44.53141775389203,1.0988844929138044e-06
shape_refinement/old_family,1.02,16.0,0.8,0.16,0.16,36.54160760737024,5.070179758269206e-06,36.54160253719048,1.0969612064174658e-06
shape_refinement/old_family,1.02,16.0,0.8,0.24,0.0,85.35582400661065,5.069145684331306e-06,85.35581893746496,1.0996271203117923e-06
shape_refinement/old_family,1.02,16.0,0.8,0.24,0.08,64.76279628431374,5.068977799601357e-06,64.76279121533594,1.0915318067852925e-06
shape_refinement/old_family,1.02,16.0,0.8,0.24,0.16,43.0108493423657,5.068561176047222e-06,43.01084427380453,1.1021658294752065e-06
shape_refinement/old_family,1.02,16.0,0.8,0.24,0.24,34.55031090159421,5.068118191356408e-06,34.55030583347602,1.1042186950807387e-06
shape_refinement/old_family,1.02,16.0,0.8,0.32,0.0,107.20385545848279,5.065902595007523e-06,107.2038503925802,1.0978381945715505e-06
shape_refinement/old_family,1.02,16.0,0.8,0.32,0.08,87.92075542355771,5.066092531186576e-06,87.92075035746518,1.1039339515963654e-06
shape_refinement/old_family,1.02,16.0,0.8,0.32,0.16,58.562988046598875,5.0667261392314045e-06,58.562982979872736,1.1058643333832273e-06
shape_refinement/old_family,1.02,16.0,0.8,0.32,0.24,38.09867614007474,5.067891163258227e-06,38.09867107218357,1.1129430329461479e-06
shape_refinement/old_family,1.02,16.0,0.8,0.32,0.32,29.51047374853301,5.069506285206009e-06,29.510468679026722,1.1011884275558416e-06
shape_refinement/old_family,1.02,16.0,0.8,0.4,0.0,117.70534098900825,5.062152189523523e-06,117.70533592685607,1.1240032068809737e-06
shape_refinement/old_family,1.02,16.0,0.8,0.4,0.08,103.0104108320478,5.062910059077512e-06,103.01040576913773,1.1188183600636449e-06
shape_refinement/old_family,1.02,16.0,0.8,0.4,0.16,74.02534537742153,5.0650128778159695e-06,74.02534031240866,1.1168577464190874e-06
shape_refinement/old_family,1.02,16.0,0.8,0.4,0.24,47.688524449799694,5.06799852148944e-06,47.68851938180117,1.0977484755424794e-06
shape_refinement/old_family,1.02,16.0,0.8,0.48,0.0,112.91322036717666,5.058051108593312e-06,112.91321530912556,1.108220869831283e-06
shape_refinement/old_family,1.02,16.0,0.8,0.48,0.08,103.12654114309575,5.059817050645629e-06,103.1265360832787,1.0956533972951708e-06
shape_refinement/old_family,1.02,16.0,0.8,0.48,0.16,80.39717460727347,5.063776390766714e-06,80.39716954349709,1.1015925933273775e-06
shape_refinement/old_family,1.02,16.0,0.8,0.56,0.0,94.62260172912603,5.053708629735925e-06,94.6225966754174,1.1001410136829138e-06
shape_refinement/old_family,1.02,16.0,0.8,0.56,0.08,88.75378353068446,5.057709453311038e-06,88.753778472975,1.0982636294344979e-06
shape_refinement/old_family,1.02,16.0,0.8,0.64,0.0,69.6360995525075,5.054325151123772e-06,69.63609449818235,1.1015736199689857e-06
shape_refinement/old_family,1.02,16.0,0.88,0.0,0.0,38.57939707904906,5.072733059340669e-06,38.579392006316,1.1084564445468915e-06
shape_refinement/old_family,1.02,16.0,0.88,0.08,0.0,48.71261348708556,5.072020882950481e-06,48.71260841506468,1.1100538502440965e-06
shape_refinement/old_family,1.02,16.0,0.88,0.08,0.08,38.88570115261286,5.071333384382123e-06,38.88569608127948,1.1109383303307498e-06
shape_refinement/old_family,1.02,16.0,0.88,0.16,0.0,77.1637184671294,5.069957798873547e-06,77.1637133971716,1.1089776741027343e-06
shape_refinement/old_family,1.02,16.0,0.88,0.16,0.08,49.78717019698155,5.069347545412173e-06,49.787165127634005,1.1133641690659093e-06
shape_refinement/old_family,1.02,16.0,0.88,0.16,0.16,38.844115310580484,5.0676068961306675e-06,38.844110242973585,1.1132033938831967e-06
shape_refinement/old_family,1.02,16.0,0.88,0.24,0.0,115.83030387654081,5.066750029872835e-06,115.83029880979078,1.1000749769797788e-06
shape_refinement/old_family,1.02,16.0,0.88,0.24,0.08,77.99814231490292,5.066282715185075e-06,77.99813724862021,1.1083686936035217e-06
shape_refinement/old_family,1.02,16.0,0.88,0.24,0.16,47.581133857998815,5.065008914862632e-06,47.5811287929899,1.1019816908142435e-06
shape_refinement/old_family,1.02,16.0,0.88,0.24,0.24,36.51041670668818,5.063341332734836e-06,36.51041164334685,1.0895284562276056e-06
shape_refinement/old_family,1.02,16.0,0.88,0.32,0.0,152.05358873800915,5.06269735280055e-06,152.0535836753118,1.0947399745269536e-06
shape_refinement/old_family,1.02,16.0,0.88,0.32,0.08,113.30457423773483,5.0624776087402385e-06,113.30456917525721,1.1034556444141116e-06
shape_refinement/old_family,1.02,16.0,0.88,0.32,0.16,69.3897531335806,5.0620394000607684e-06,69.38974807154119,1.0923011616379583e-06
shape_refinement/old_family,1.02,16.0,0.88,0.32,0.24,41.69773828203229,5.062031557037884e-06,41.697733220000735,1.10328474266426e-06
shape_refinement/old_family,1.02,16.0,0.88,0.4,0.0,174.15959882439884,5.0581371730524525e-06,174.15959376626168,1.1097199882054074e-06
shape_refinement/old_family,1.02,16.0,0.88,0.4,0.08,142.31039987213364,5.058399715657426e-06,142.31039481373392,1.0912006394133782e-06
shape_refinement/old_family,1.02,16.0,0.88,0.4,0.16,93.95024308541646,5.059520134568397e-06,93.95023802589633,1.0990421182102447e-06
shape_refinement/old_family,1.02,16.0,0.88,0.48,0.0,175.46954345229236,5.0533843370593465e-06,175.469538398908,1.1101847088357598e-06
shape_refinement/old_family,1.02,16.0,0.88,0.48,0.08,153.24961160989216,5.054970290429524e-06,153.24960655492185,1.1031641209547295e-06
shape_refinement/old_family,1.02,16.0,0.88,0.56,0.0,155.8902953952746,5.051343994814954e-06,155.8902903439306,1.1017584713111446e-06
shape_refinement/old_family,1.02,16.0,0.96,0.0,0.0,39.81184340272891,5.072063292187897e-06,39.811838330665616,1.1018364854351821e-06
shape_refinement/old_family,1.02,16.0,0.96,0.08,0.0,52.589498262860175,5.07126841044021e-06,52.589493191591764,1.1051651964820693e-06
shape_refinement/old_family,1.02,16.0,0.96,0.08,0.08,40.10602244212872,5.070486927339838e-06,40.10601737164179,1.0923601100165602e-06
shape_refinement/old_family,1.02,16.0,0.96,0.16,0.0,88.94454719290782,5.0689601919531494e-06,88.94454212394763,1.0918322510964636e-06
shape_refinement/old_family,1.02,16.0,0.96,0.16,0.08,53.02844279301949,5.068218416862607e-06,53.02843772480107,1.1055669646007525e-06
shape_refinement/old_family,1.02,16.0,0.96,0.16,0.16,39.998986939413896,5.0660686560336665e-06,39.998981873345244,1.1021348949990374e-06
shape_refinement/old_family,1.02,16.0,0.96,0.24,0.0,142.97388161273034,5.065355293262417e-06,142.97387654737506,1.106142598868712e-06
shape_refinement/old_family,1.02,16.0,0.96,0.24,0.08,86.60588241047299,5.064679089501829e-06,86.6058773457939,1.0965295238727316e-06
shape_refinement/old_family,1.02,16.0,0.96,0.24,0.16,50.22363718422477,5.062731179704571e-06,50.223632121493594,1.1096054880637104e-06
shape_refinement/old_family,1.02,16.0,0.96,0.24,0.24,37.48846783206727,5.059773221924483e-06,37.48846277229405,1.1001240823388347e-06
shape_refinement/old_family,1.02,16.0,0.96,0.32,0.0,200.44764639104562,5.0607762494681335e-06,200.44764133026936,1.105788020448941e-06
shape_refinement/old_family,1.02,16.0,0.96,0.32,0.08,130.4673621334871,5.060196058350841e-06,130.46735707329103,1.108645057118111e-06
shape_refinement/old_family,1.02,16.0,0.96,0.32,0.16,76.05897907054987,5.058573681125295e-06,76.05897401197619,1.1011460128246048e-06
shape_refinement/old_family,1.02,16.0,0.96,0.4,0.0,237.16008203947646,5.055604482397695e-06,237.160076983872,1.1023510496911992e-06
shape_refinement/old_family,1.02,16.0,0.96,0.4,0.08,171.69200045335293,5.055189317232029e-06,171.6919953981636,1.1006905328638915e-06
shape_refinement/old_family,1.02,16.0,0.96,0.48,0.0,249.2479234953219,5.050231685788105e-06,249.24791844509022,1.1045882663329923e-06
